name	AAK1
id	ENSP00000386456
type	Serine/threonine kinase
proline+1_removed	Yes
npartners	17
npartners_with_sites	15
nsites	28
//
motif	score	fg_matches	fg_size	bg_matches	bg_size	fold_increase
....P[ST].....	7.44	28	144	565	9383	3.23
//
prot_id	prot_name	position	flank	kinase	source	string_score
ENSP00000351926	AP2A1	636	GRRDPSSNDIN		hprd;psite	430
ENSP00000351926	AP2A1	657	STPSPSADLLG		hprd;psite	430
ENSP00000378735	DNAJC6	572	TSASPTLRVGE		psite	540
ENSP00000360798	EPS15	779	KIGTPTRPCPL		psite	527
ENSP00000360798	EPS15	851	FSAYPSEEDMI		psite	527
ENSP00000406209	EPN1	502	RTALPTSGSSA		psite	407
ENSP00000253083	HIP1R	1045	LAQKPSVAPRQ		psite	540
ENSP00000347169	NUMB	240	TAPSPSSPTSP		hprd;pelm;psite	676
ENSP00000347169	NUMB	243	SPSSPTSPTSD		psite	676
ENSP00000347169	NUMB	246	SPTSPTSDATT		psite	676
ENSP00000347169	NUMB	438	HRRTPSEADRW		hprd;pelm;psite	676
ENSP00000252891	NUMBL	411	HKRTPSEAERW		hprd;pelm;psite	594
ENSP00000019317	RALBP1	13	PTSSPSEHRRV		psite	508
ENSP00000019317	RALBP1	29	LTRTPSSEEIS		hprd;pelm;psite	508
ENSP00000019317	RALBP1	36	EEISPTKFPGL		psite	508
ENSP00000019317	RALBP1	116	VFKKPSFSKKK		hprd;psite	508
ENSP00000258062	REPS1	173	QQSPPTSPHTW		hprd;pelm;psite	543
ENSP00000258062	REPS1	186	HSRHPSGGNSE		psite	543
ENSP00000258062	REPS1	461	IRMTPSKIHMQ		psite	543
ENSP00000258062	REPS1	481	DHTNPTSPLLV		psite	543
ENSP00000258062	REPS1	489	LLVKPSDLLEE		hprd;psite	543
ENSP00000258062	REPS1	555	PRPQPSHSRSS		psite	543
ENSP00000258062	REPS1	735	LASQPSIPRSV		psite	543
ENSP00000314414	AP2B1	497	FLKKPSETQEL		hprd	438
ENSP00000351926	AP2A1	649	MEPTPSTVSTP		hprd	430
ENSP00000252891	NUMBL	251	AAAAPTVAPGP		hprd	594
ENSP00000252891	NUMBL	594	TVEKPSNPFSG		hprd	594
ENSP00000406209	EPN1	633	PGAPPTYISPL		hprd	407
