name	ABL1
id	ENSP00000361423
type	Tyrosine kinase
proline+1_removed	No
npartners	301
npartners_with_sites	262
nsites	418
//
motif	score	fg_matches	fg_size	bg_matches	bg_size	fold_increase
.....YD.PP.	328.46	14	1308	1	10000	107.03
....TY.DP..	326.24	12	1294	1	9999	92.73
.....Y..P..	307.65	164	1282	542	9998	2.36
....DY.....	14.95	123	1118	475	9456	2.19
..D..Y.....	7.9	90	995	431	8981	1.88
//
prot_id	prot_name	position	flank	kinase	source	string_score
ENSP00000300161	YWHAB	127	KMKGDYFRYLS		psite	619
ENSP00000248975	YWHAH	130	KMKGDYYRYLA		psite	619
ENSP00000306330	YWHAG	130	KMKGDYYRYLA		psite	634
ENSP00000340989	SFN	127	KMKGDYYRYLA		psite	619
ENSP00000238081	YWHAQ	82	QLIKDYREKVE		psite	846
ENSP00000238081	YWHAQ	125	KMKGDYFRYLA		psite	846
ENSP00000309503	YWHAZ	125	KMKGDYYRYLA		psite	619
ENSP00000365312	ABI1	143	RKPIDYTVLDD		psite	999
ENSP00000365312	ABI1	213	TVPNDYMTSPA	ABL1	hprd;pelm;psite	999
ENSP00000365312	ABI1	421	PPPVDYEDEEA		psite	999
ENSP00000365312	ABI1	431	AAVVQYNDPYA		psite	999
ENSP00000365312	ABI1	484	NDDGWYEGVCN		psite	999
ENSP00000261017	ABI2	32	ERVADYCENNY		psite	991
ENSP00000261017	ABI2	207	VVPNDYVPSPT		psite	991
ENSP00000261017	ABI2	304	GGSLPYRRPPS		psite	991
ENSP00000355645	ACTA1	171	PIYEGYALPHA		psite	621
ENSP00000355645	ACTA1	190	RDLTDYLMKIL		psite	621
ENSP00000355645	ACTA1	242	SLEKSYELPDG		psite	621
ENSP00000295897	ALB	365	RRHPDYSVVLL		psite	427
ENSP00000295897	ALB	476	PCAEDYLSVVL		psite	427
ENSP00000295897	ALB	521	EVDETYVPKEF		hprd;psite	427
ENSP00000314414	AP2B1	276	PKDSDYYNMLL		psite	780
ENSP00000314414	AP2B1	574	SLASVYHKPPN		psite	780
ENSP00000314414	AP2B1	902	GQDMLYQSLKL		pelm;psite	780
ENSP00000284981	APP	757	MQQNGYENPTY	FYN	hprd;pelm;psite	650
ENSP00000284776	SORBS2	118	DDTDMYNTPYT		psite	974
ENSP00000284776	SORBS2	891	KGDTVYILRKI		psite	974
ENSP00000284776	SORBS2	1007	KGAEDYPDPPI		psite	974
ENSP00000289968	ARHGAP17	124	IVDPLYGIAEV		psite	621
ENSP00000289968	ARHGAP17	314	HLDEFYSDPHA		psite	621
ENSP00000278616	ATM	1763	DPMLAYLQPFR		psite	999
ENSP00000278616	ATM	2019	EPDSLYGCGGG		psite	999
ENSP00000343741	ATR	291	DQLKLYEEPLS	ABL1	psite	757
ENSP00000303507	BCR	246	GVDGDYEDAEL	FES	hprd;pelm;psite	999
ENSP00000303507	BCR	852	LISSDYERAEW		psite	999
ENSP00000334836	BMP2K	1012	TLKPTYRTPER		psite	714
ENSP00000259089	BLK	188	DEGGYYISPRI		psite	900
ENSP00000259089	BLK	389	IIDSEYTAQEG		psite	900
ENSP00000308176	BTK	225	VALYDYMPMNA		hprd;psite	666
ENSP00000308176	BTK	551	VLDDEYTSSVG	BTK;LYN;SYK	hprd;pelm;psite	666
ENSP00000305422	CEBPB	78	IDFSPYLEPLG	ABL1;ABL2	psite	872
ENSP00000206513	CEBPE	107	LGPGIYSSPGS		psite	400
ENSP00000368759	NEDD9	92	GQQKLYQVPNP		hprd;psite	887
ENSP00000368759	NEDD9	106	PRDTIYQVPPS		psite	887
ENSP00000368759	NEDD9	118	QNQGIYQVPTG		psite	887
ENSP00000368759	NEDD9	132	QEQEVYQVPPS		psite	887
ENSP00000368759	NEDD9	166	GHGYVYEYPSR		hprd;pelm;psite	887
ENSP00000368759	NEDD9	177	YQKDVYDIPPS		hprd;psite	887
ENSP00000368759	NEDD9	189	TTQGVYDIPPS		hprd;psite	887
ENSP00000368759	NEDD9	214	KPQGVYDIPPT		psite	887
ENSP00000368759	NEDD9	223	PTKGVYAIPPS		psite	887
ENSP00000368759	NEDD9	241	LREKDYDFPPP		psite	887
ENSP00000368759	NEDD9	261	RPEGVYDIPPT		psite	887
ENSP00000368759	NEDD9	317	SQNDAYDVPRG		hprd;pelm;psite	887
ENSP00000368759	NEDD9	345	ERDGVYDVPLH		hprd;pelm;psite	887
ENSP00000368759	NEDD9	629	SWMDDYDYVHL		psite	887
ENSP00000368759	NEDD9	631	MDDYDYVHLQG		psite	887
ENSP00000351273	CASP8	52	KGGADYILLPF		psite	428
ENSP00000330237	CASP9	153	NADLAYILSME	ABL1	hprd;pelm;psite	662
ENSP00000241052	CAT	260	QEDPDYGIRDL		psite	631
ENSP00000241052	CAT	308	WPHKDYPLIPV		hprd;pelm;psite	631
ENSP00000339191	CAV1	14	SEGHLYTVPIR	ABL1;FYN;SRC	hprd;pelm;psite	716
ENSP00000264033	CBL	552	PPDRPYSVGAE		hprd;pelm;psite	999
ENSP00000264033	CBL	700	EEDTEYMTPSS	EGFR;FYN;INSR;LCK;SYK;YES1	hprd;pelm;psite	999
ENSP00000264033	CBL	774	NEDDGYDVPKP	EGFR;FYN;LCK;SRC;SYK;YES1	hprd;pelm;psite	999
ENSP00000264122	CBLB	665	LGSEEYDVPPR		psite	938
ENSP00000264122	CBLB	709	EDDDEYKIPSS		psite	938
ENSP00000264122	CBLB	802	RTPSDYDLLIP		psite	938
ENSP00000264122	CBLB	889	RTSQDYDQLPS		pelm;psite	938
ENSP00000313419	CD19	378	GTAPSYGNPSS	MAPK1	hprd;pelm;psite	829
ENSP00000313419	CD19	409	EEGEGYEEPDS	LYN	hprd;pelm;psite	829
ENSP00000313419	CD19	439	QDGSGYENPED	MAPK1	hprd;pelm;psite	829
ENSP00000313419	CD19	508	MRGILYAAPQL	ABL1	hprd;psite	829
ENSP00000310036	CD34	330	GEDPYYTENGG		psite	615
ENSP00000356346	PTPRC	689	ILPYDYNRVEL		psite	878
ENSP00000356346	PTPRC	790	KRCPDYIIQKL		psite	878
ENSP00000356346	PTPRC	980	VIPYDYNRVPL		psite	878
ENSP00000314458	CDC42	64	AGQEDYDRLRP	SRC	pelm;psite	927
ENSP00000269141	CDH2	496	VNENPYFAPNP		psite	908
ENSP00000269141	CDH2	785	EEDQDYDLSQL		hprd;pelm;psite	908
ENSP00000269141	CDH2	860	LLVFDYEGSGS	SRC	psite	908
ENSP00000269141	CDH2	884	GGEQDYDYLND	SRC	pelm;psite	908
ENSP00000269141	CDH2	886	EQDYDYLNDWG	SRC	psite	908
ENSP00000266970	CDK2	168	VVTLWYRAPEI	CDK7	psite	907
ENSP00000263710	CLASP1	1264	PRARDYNPYPY		psite	899
ENSP00000301843	CTTN	154	ASQKDYSSGFG		psite	868
ENSP00000301843	CTTN	178	AVGFDYQGKTE		psite	868
ENSP00000301843	CTTN	228	ESQKDYVKGFG		psite	868
ENSP00000301843	CTTN	265	ESQKDYKTGFG		psite	868
ENSP00000301843	CTTN	289	AVGFDYKEKLA		hprd;psite	868
ENSP00000301843	CTTN	302	ESQQDYSKGFG		psite	868
ENSP00000301843	CTTN	433	KAELSYRGPVS		hprd;psite	868
ENSP00000301843	CTTN	453	MEAADYREASS		hprd;pelm;psite	868
ENSP00000301843	CTTN	486	AEDSTYDEYEN	ABL1;SRC	hprd;pelm;psite	868
ENSP00000300574	CRK	221	PEPGPYAQPSV	ABL1;ABL2;EGFR	hprd;pelm;psite	999
ENSP00000346300	CRKL	48	TCPGDYVLSVS		psite	999
ENSP00000346300	CRKL	132	YVRTLYDFPGN		hprd;psite	999
ENSP00000346300	CRKL	198	RNSNSYGIPEP		hprd;pelm;psite	999
ENSP00000346300	CRKL	207	EPAHAYAQPQT	ABL1	hprd;pelm;psite	999
ENSP00000304669	CTNNA1	245	NRDLIYKQLQQ		psite	904
ENSP00000344456	CTNNB1	86	DIDGQYAMTRA	ABL1;SRC	hprd;pelm;psite	963
ENSP00000344456	CTNNB1	489	AVRLHYGLPVV	ABL1	psite	963
ENSP00000344456	CTNNB1	670	DKPQDYKKRLS		psite	963
ENSP00000344456	CTNNB1	716	QDDPSYRSFHS		psite	963
ENSP00000382004	CTNND1	248	PSMEGYRAPSR		psite	903
ENSP00000382004	CTNND1	296	YDDLDYGMMSD	SRC	hprd;psite	903
ENSP00000382004	CTNND1	302	GMMSDYGTARR	SRC	hprd;pelm;psite	903
ENSP00000382004	CTNND1	335	PSDQYYWAPLA		psite	903
ENSP00000382004	CTNND1	904	SLDNNYSTPNE		hprd;pelm;psite	903
ENSP00000307134	CTNND2	292	PEGATYAAPRG		psite	621
ENSP00000307134	CTNND2	424	HIDPIYEDRVY		psite	621
ENSP00000307134	CTNND2	499	GPASNYADPYR		psite	621
ENSP00000307134	CTNND2	1090	ERKTDYECTGS		psite	621
ENSP00000313391	DAB2	342	NGDVDYFGQQF		hprd;psite	578
ENSP00000313391	DAB2	761	VSSEMYRDPFG		psite	578
ENSP00000301764	DDB1	718	RTVPLYESPRK		psite	633
ENSP00000319678	ST5	537	PQDRKYNSPPT		psite	821
ENSP00000313420	PRKDC	2439	CLDIIYKMMPK		psite	940
ENSP00000233668	DOK1	296	SPPALYAEPLD		hprd;pelm;psite	996
ENSP00000233668	DOK1	315	SQDSLYSDPLD		hprd;pelm;psite	996
ENSP00000233668	DOK1	362	KEDPIYDEPEG	INSR	hprd;pelm;psite	996
ENSP00000233668	DOK1	377	PPQGLYDLPRE		hprd;pelm;psite	996
ENSP00000233668	DOK1	398	VKEEGYELPYN	INSR;RET	hprd;pelm;psite	996
ENSP00000233668	DOK1	409	PATDDYAVPPP		hprd;pelm;psite	996
ENSP00000276420	DOK2	192	PGTQLYDWPYR		psite	646
ENSP00000276420	DOK2	271	RPDSPYSRPHD		hprd;pelm;psite	646
ENSP00000276420	DOK2	299	GQEGEYAVPFD		hprd;pelm;psite	646
ENSP00000276420	DOK2	330	LADPLYDSIEE		psite	646
ENSP00000276420	DOK2	345	RPDHIYDEPEG		hprd;pelm;psite	646
ENSP00000276420	DOK2	357	AALSLYDSPQE		psite	646
ENSP00000275493	EGFR	764	ILDEAYVMASV	SRC	psite	421
ENSP00000275493	EGFR	1016	VDADEYLIPQQ	ABL1;EGFR;SRC	hprd;pelm;psite	421
ENSP00000275493	EGFR	1125	SRDPHYQDPHS	SRC	hprd;pelm;psite	421
ENSP00000275493	EGFR	1172	LDNPDYQQDFF	EGFR	hprd;pelm;psite	421
ENSP00000301607	EVPL	963	EVVEFYRDPQL		psite	831
ENSP00000301607	EVPL	1352	AEDAVYELQSK		psite	831
ENSP00000301607	EVPL	1653	EKDQIYEKERT		psite	831
ENSP00000275815	EPHA1	605	VDLQAYEDPAQ		psite	803
ENSP00000275815	EPHA1	781	DFDGTYETQGG		hprd;pelm;psite	803
ENSP00000351209	EPHA2	588	KPLKTYVDPHT	EPHA2	hprd;pelm;psite	832
ENSP00000351209	EPHA2	594	VDPHTYEDPNQ	EPHA2	hprd;pelm;psite	832
ENSP00000337451	EPHA3	596	PGLRTYVDPHT	EPHA3	hprd;pelm;psite	919
ENSP00000337451	EPHA3	602	VDPHTYEDPTQ	EPHA3	hprd;pelm;psite	919
ENSP00000337451	EPHA3	742	LSDMGYVHRDL		psite	919
ENSP00000281821	EPHA4	596	QGVRTYVDPFT	EPHA4	hprd;pelm;psite	816
ENSP00000281821	EPHA4	602	VDPFTYEDPNQ	EPHA4	hprd;pelm;psite	816
ENSP00000273854	EPHA5	650	PGVRTYIDPHT		psite	804
ENSP00000273854	EPHA5	656	IDPHTYEDPNQ		psite	804
ENSP00000358309	EPHA7	608	PGTKTYIDPET		psite	814
ENSP00000358309	EPHA7	614	IDPETYEDPNR		psite	814
ENSP00000381097	EPHB1	594	PGMKIYIDPFT	EPHB1	hprd;pelm;psite	800
ENSP00000381097	EPHB1	600	IDPFTYEDPNE		hprd;pelm;psite	800
ENSP00000381097	EPHB1	778	TSDPTYTSSLG		pelm;psite	800
ENSP00000363763	EPHB2	181	LAFQDYGGCMS		psite	939
ENSP00000363763	EPHB2	578	RADSEYTDKLQ		hprd;psite	939
ENSP00000363763	EPHB2	597	PGMKIYIDPFT		hprd;psite	939
ENSP00000363763	EPHB2	603	IDPFTYEDPNE	EPHB2	hprd;psite	939
ENSP00000363763	EPHB2	743	LADMNYVHRDL		hprd;psite	939
ENSP00000363763	EPHB2	781	TSDPTYTSALG		hprd;psite	939
ENSP00000363763	EPHB2	913	RTIPDYTSFNT		psite	939
ENSP00000332118	EPHB3	593	GSDSEYTEKLQ		psite	812
ENSP00000332118	EPHB3	600	EKLQQYIAPGM		hprd;pelm;psite	812
ENSP00000332118	EPHB3	608	PGMKVYIDPFT		hprd;pelm;psite	812
ENSP00000332118	EPHB3	614	IDPFTYEDPNE	EPHB3	hprd;pelm;psite	812
ENSP00000332118	EPHB3	792	PSDPTYTSSLG		hprd;psite	812
ENSP00000332118	EPHB3	924	RTVPDYTTFTT		psite	812
ENSP00000350896	EPHB4	590	HGTKVYIDPFT		hprd;psite	809
ENSP00000350896	EPHB4	596	IDPFTYEDPNE		hprd;psite	809
ENSP00000350896	EPHB4	614	EIDVSYVKIEE		psite	809
ENSP00000350896	EPHB4	774	SSDPTYTSSLG		hprd;psite	809
ENSP00000376684	EPHB6	635	EQLQQYSSPGL		psite	800
ENSP00000376684	EPHB6	645	LGVKYYIDPST		psite	800
ENSP00000376684	EPHB6	651	IDPSTYEDPCQ		psite	800
ENSP00000376684	EPHB6	669	EVDPAYIKIEE		psite	800
ENSP00000281172	EPS8	525	HIDRNYEPLKT		hprd;pelm;psite	923
ENSP00000281172	EPS8	602	RADPPYTHTIQ		psite	923
ENSP00000206249	ESR1	52	SKPAVYNYPEG	ABL1	pelm;psite	850
ENSP00000206249	ESR1	219	QGHNDYMCPAT	ABL1	pelm;psite	850
ENSP00000363115	FGR	412	IKDDEYNPCQG	FGR	hprd;pelm;psite	906
ENSP00000336752	FIP1L1	27	EEEWLYGGPWD		psite	506
ENSP00000336752	FIP1L1	175	ADLSDYFNYGF		psite	506
ENSP00000336752	FIP1L1	453	SKQWDYYARRE		psite	506
ENSP00000355812	FGFR1OP	337	GEDDDYVDDFN		psite	634
ENSP00000355812	FGFR1OP	394	SDVADYLEDVA		psite	634
ENSP00000306245	FOS	10	GFNADYEASSS		psite	424
ENSP00000306245	FOS	30	DSLSYYHSPAD		psite	424
ENSP00000357656	FYN	420	IEDNEYTARQG	FYN	hprd;pelm;psite	926
ENSP00000407375	GPX1	98	LNSLKYVRPGG	ABL1;ABL2	hprd;pelm;psite	621
ENSP00000339007	GRB2	209	MFPRNYVTPVN	EGFR;JAK2	hprd;pelm;psite	999
ENSP00000365012	HCK	89	VALYDYEAIHH		psite	984
ENSP00000365012	HCK	209	DNGGFYISPRS	HCK	hprd;pelm;psite	984
ENSP00000365012	HCK	411	IEDNEYTAREG	HCK	hprd;pelm;psite	984
ENSP00000269571	ERBB2	772	ILDEAYVMAGV		psite	473
ENSP00000269571	ERBB2	1023	VDAEEYLVPQQ	ERBB2	hprd;psite	473
ENSP00000269571	ERBB2	1127	SETDGYVAPLT		psite	473
ENSP00000269571	ERBB2	1196	VENPEYLTPQG	ERBB2	hprd;pelm;psite	473
ENSP00000269571	ERBB2	1221	AFDNLYYWDQD	ERBB2	hprd;pelm;psite	473
ENSP00000352438	PCBP2	236	TIQGQYAIPQP		hprd;pelm;psite	863
ENSP00000365439	HNRNPK	72	ALRTDYNASVS	SRC	hprd;psite	825
ENSP00000365439	HNRNPK	234	FYDETYDYGGF	SRC	hprd;pelm;psite	825
ENSP00000365439	HNRNPK	236	DETYDYGGFTM	SRC	hprd;pelm;psite	825
ENSP00000365439	HNRNPK	280	PSRRDYDDMSP		hprd;psite	825
ENSP00000365439	HNRNPK	371	GSGYDYSYAGG		psite	825
ENSP00000365439	HNRNPK	373	GYDYSYAGGRG		psite	825
ENSP00000380066	MAP4K1	381	SSDDDYDDVDI	LYN;SYK	hprd;pelm;psite	875
ENSP00000309845	HRAS	157	VEDAFYTLVRE		psite	527
ENSP00000331614	IKZF1	293	LSDTPYDSSAS		psite	502
ENSP00000216797	NFKBIA	42	MKDEEYEQMVK	INSR;LCK;SRC	hprd;pelm;psite	927
ENSP00000304895	IRS1	612	HTDDGYMPMSP	JAK1	hprd;pelm;psite	441
ENSP00000304895	IRS1	632	KGSGDYMPMSP	JAK1	hprd;pelm;psite	441
ENSP00000304895	IRS1	989	SSRGDYMTMQM		psite	441
ENSP00000365016	IRS2	632	PYPEDYGDIEI	INSR	hprd;psite	859
ENSP00000365016	IRS2	653	GADDGYMPMTP		hprd;pelm;psite	859
ENSP00000365016	IRS2	675	CRSDDYMPMSP		hprd;pelm;psite	859
ENSP00000365016	IRS2	742	PEDSGYMRMWC		hprd;pelm;psite	859
ENSP00000365016	IRS2	766	LPNGDYLNVSP		psite	859
ENSP00000365016	IRS2	978	SPLSDYMNLDF		hprd;psite	859
ENSP00000343204	JAK1	217	PKDISYKRYIP		psite	900
ENSP00000343204	JAK1	993	CKGMDYLGSRQ		psite	900
ENSP00000343204	JAK1	1034	ETDKEYYTVKD	JAK3	hprd;pelm;psite	900
ENSP00000343204	JAK1	1125	CPDEVYQLMRK		psite	900
ENSP00000371067	JAK2	221	AKIQDYHILTR	JAK2	hprd;psite	713
ENSP00000371067	JAK2	570	REVGDYGQLHE	JAK2	hprd;pelm;psite	713
ENSP00000371067	JAK2	790	NNCMDYEPDFR		psite	713
ENSP00000371067	JAK2	813	LFTPDYELLTE	JAK2	hprd;pelm;psite	713
ENSP00000371067	JAK2	940	GSLRDYLQKHK		psite	713
ENSP00000371067	JAK2	1007	PQDKEYYKVKE	JAK2	hprd;pelm;psite	713
ENSP00000262013	SPAG9	578	PVNLKYNAPTS		psite	899
ENSP00000288135	KIT	362	DKWEDYPKSEN		hprd;psite	701
ENSP00000288135	KIT	570	GNNYVYIDPTQ	KIT	hprd;pelm;psite	701
ENSP00000288135	KIT	730	KPGVSYVVPTK		hprd;psite	701
ENSP00000288135	KIT	823	KNDSNYVVKGN	KIT	pelm;psite	701
ENSP00000337825	LCK	192	DNGGFYISPRI	SYK	hprd;pelm;psite	904
ENSP00000337825	LCK	394	IEDNEYTAREG	FCGR3A;LCK	hprd;pelm;psite	904
ENSP00000337825	LCK	489	RPTFDYLRSVL		psite	904
ENSP00000373600	LRRK1	1430	EGTPGYQAPEI		psite	621
ENSP00000401980	MAVS	9	AEDKTYKYICR		psite	621
ENSP00000417281	MDM2	282	EDDEVYQVTVY	ABL1	psite	973
ENSP00000417281	MDM2	400	QESEDYSQPST	ABL1	hprd;pelm;psite	973
ENSP00000346389	MEF2A	105	DPDTSYVLTPH		psite	899
ENSP00000354927	MAP3K3	186	DINTIYQPPEP		psite	402
ENSP00000361892	STK4	433	PQDGDYEFLKS		hprd;pelm;psite	631
ENSP00000354558	MTOR	1880	KTLLMYTVPAV		psite	745
ENSP00000338983	MUC1	236	HTHGRYVPPSS	PDGFRB	pelm;psite	920
ENSP00000338983	MUC1	261	GSSLSYTNPAV	ABL1	hprd;pelm;psite	920
ENSP00000367207	MYC	31	NYDLDYDSVQP		psite	979
ENSP00000288986	NCK1	268	PPQCDYIRPSL		hprd;pelm;psite	980
ENSP00000262746	PRDX1	34	ISLSDYKGKYV		psite	627
ENSP00000262746	PRDX1	116	TIAQDYGVLKA		psite	627
ENSP00000162330	BCAR1	115	QPDSVYLVPTP	SRC	hprd;psite	895
ENSP00000162330	BCAR1	128	AQQGLYQVPGP	FGFR1;SRC	hprd;pelm;psite	895
ENSP00000162330	BCAR1	165	PATDLYQVPPG	PTK6;SRC	hprd;pelm;psite	895
ENSP00000162330	BCAR1	179	PAQDIYQVPPS	SRC	hprd;psite	895
ENSP00000162330	BCAR1	192	MGHDIYQVPPS	SRC	hprd;psite	895
ENSP00000162330	BCAR1	234	PEQDEYDIPRH	SRC	hprd;pelm;psite	895
ENSP00000162330	BCAR1	249	GPQDIYDVPPV	FGFR1	hprd;pelm;psite	895
ENSP00000162330	BCAR1	267	YGQEVYDTPPM	SRC	hprd;psite	895
ENSP00000162330	BCAR1	287	PLLEVYDVPPS	SRC	hprd;psite	895
ENSP00000162330	BCAR1	306	NHHAVYDVPPS	FGFR1	hprd;pelm;psite	895
ENSP00000162330	BCAR1	327	LREETYDVPPA	FGFR1	hprd;pelm;psite	895
ENSP00000162330	BCAR1	362	PAEDVYDVPPP	SRC	hprd;psite	895
ENSP00000162330	BCAR1	372	PAPDLYDVPPG		hprd;psite	895
ENSP00000162330	BCAR1	387	GPGTLYDVPRE	SRC	hprd;pelm;psite	895
ENSP00000162330	BCAR1	410	VDSGVYAVPPP	FGFR1;PTK2	hprd;pelm;psite	895
ENSP00000162330	BCAR1	653	SPDGQYENSEG	SRC	hprd;pelm;psite	895
ENSP00000162330	BCAR1	664	GWMEDYDYVHL	PTK2;PTK6	hprd;pelm;psite	895
ENSP00000162330	BCAR1	666	MEDYDYVHLQG	PTK2	hprd;psite	895
ENSP00000228872	CDKN1B	88	SLPEFYYRPPR	ABL1;LYN;SRC;YES1	hprd;pelm;psite	939
ENSP00000228872	CDKN1B	89	LPEFYYRPPRP	ABL1;SRC;YES1	pelm;psite	939
ENSP00000269305	TP53	327	PLDGEYFTLQI		psite	912
ENSP00000367545	TP73	28	EPDSTYFDLPQ		psite	979
ENSP00000367545	TP73	99	PTHSPYAQPSS	ABL1	hprd;pelm;psite	979
ENSP00000220597	PAG1	181	VEDCLYETVKE		hprd;pelm;psite	621
ENSP00000220597	PAG1	387	EPEPDYEAIQT		psite	621
ENSP00000220597	PAG1	417	PKENDYESISD		hprd;pelm;psite	621
ENSP00000261799	PDGFRB	581	GHEYIYVDPMQ	PDGFRB	hprd;pelm;psite	919
ENSP00000261799	PDGFRB	692	GDLVDYLHRNK		psite	919
ENSP00000261799	PDGFRB	740	ESDGGYMDMSK	PDGFRB	hprd;pelm;psite	919
ENSP00000261799	PDGFRB	751	DESVDYVPMLD	PDGFRB	hprd;pelm;psite	919
ENSP00000261799	PDGFRB	763	KGDVKYADIES	PDGFRB	hprd;pelm;psite	919
ENSP00000261799	PDGFRB	771	IESSNYMAPYD	PDGFRB	hprd;pelm;psite	919
ENSP00000261799	PDGFRB	857	MRDSNYISKGS	PDGFRB	hprd;pelm;psite	919
ENSP00000261799	PDGFRB	934	ASDEIYEIMQK	ABL1	hprd;psite	919
ENSP00000261799	PDGFRB	1021	EGDNDYIIPLP	PDGFRB	hprd;pelm;psite	919
ENSP00000274335	PIK3R1	368	KMHGDYTLTLR	INSR	hprd;pelm;psite	970
ENSP00000274335	PIK3R1	467	EYDRLYEEYTR		hprd;pelm;psite	970
ENSP00000222254	PIK3R2	464	EYDQLYEEYTR		hprd;pelm;psite	745
ENSP00000331602	PRKCD	514	CGTPDYIAPEI	LCK	hprd;psite	667
ENSP00000331602	PRKCD	630	KSPRDYSNFDQ		psite	667
ENSP00000333568	PRKD1	749	VGTPAYLAPEV		psite	769
ENSP00000244007	PLCG1	186	LSQVNYRVPNM		psite	988
ENSP00000244007	PLCG1	210	SGDITYGQFAQ		psite	988
ENSP00000244007	PLCG1	771	TAEPDYGALYE	EGFR;LYN;SYK	hprd;pelm;psite	988
ENSP00000244007	PLCG1	833	WWRGDYGGKKQ		psite	988
ENSP00000244007	PLCG1	959	SELVVYCRPVP		psite	988
ENSP00000244007	PLCG1	1254	SFESRYQQPFE	EGFR	hprd;pelm;psite	988
ENSP00000345494	PLSCR1	69	PNQPVYNQPVY	ABL1;SRC	hprd;pelm;psite	924
ENSP00000345494	PLSCR1	74	YNQPVYNQPVG	ABL1;SRC	hprd;pelm;psite	924
ENSP00000357879	PSMD4	326	KEEDDYDVMQD		psite	666
ENSP00000248594	PTPN12	88	SQDSDYINANF		psite	692
ENSP00000360683	PTPN1	66	QEDNDYINASL	EGFR	hprd;pelm;psite	676
ENSP00000311857	PTPN2	32	NESHDYPHRVA		psite	402
ENSP00000228307	PXN	31	SEETPYSYPTG	PTK2;PTK6	hprd;pelm;psite	964
ENSP00000228307	PXN	118	EEEHVYSFPNK	FYN;PTK2;PTK6	hprd;pelm;psite	964
ENSP00000228307	PXN	181	ALSPLYGVPET		hprd;pelm;psite	964
ENSP00000348461	RAC1	64	AGQEDYDRLRP	PTK2;SRC	psite	922
ENSP00000249071	RAC2	64	AGQEDYDRLRP		psite	838
ENSP00000304283	RAC3	64	AGQEDYDRLRP		psite	845
ENSP00000267868	RAD51	315	RICKIYDSPCL	ABL1	hprd;pelm;psite	989
ENSP00000351284	RAD52	171	ILDKDYLRSLN		hprd;psite	924
ENSP00000311360	RAD9A	28	IGDELYLEPLE	ABL1	hprd;pelm;psite	642
ENSP00000361264	RAPGEF1	79	FLPEGYPLPLD		psite	750
ENSP00000361264	RAPGEF1	408	HYDPDYEFLQQ		psite	750
ENSP00000361264	RAPGEF1	579	QLLEDYSEPQP		psite	750
ENSP00000361264	RAPGEF1	588	QPSMFYQTPQN		psite	750
ENSP00000274376	RASA1	239	AMCGDYYIGGR		psite	801
ENSP00000274376	RASA1	472	TKDAFYKNIVK		psite	801
ENSP00000267163	RB1	606	TAADMYLSPVR		hprd;pelm;psite	998
ENSP00000267163	RB1	790	IPRSPYKFPSS		psite	998
ENSP00000267163	RB1	805	PGGNIYISPLK	ABL1	psite	998
ENSP00000258062	REPS1	275	RQSSSYDDPWK		hprd;pelm;psite	867
ENSP00000310406	RIN1	36	AQDPLYDVPNA		hprd;pelm;psite	979
ENSP00000310406	RIN1	295	ESSVGYRVPAG		psite	979
ENSP00000310406	RIN1	632	LLRVAYQDPSS		psite	979
ENSP00000357494	ROS1	2114	IYKNDYYRKRG		psite	659
ENSP00000419494	RYBP	159	QVAQQYATPPP		psite	621
ENSP00000348685	SH3BP2	174	TDNEDYEHDDE	SYK	hprd;pelm;psite	638
ENSP00000348685	SH3BP2	183	DEDDSYLEPDS	SYK	hprd;pelm;psite	638
ENSP00000348685	SH3BP2	448	DSDEDYEKVPL	SYK	hprd;psite	638
ENSP00000366936	SHB	96	DFEDPYNGPGS		psite	733
ENSP00000366936	SHB	114	MCRLDYCGGSG		hprd;psite	733
ENSP00000366936	SHB	246	TIADDYSDPFD		hprd;pelm;psite	733
ENSP00000366936	SHB	268	GESAGYMEPYE		hprd;psite	733
ENSP00000366936	SHB	297	KGIQLYDTPYE		psite	733
ENSP00000366936	SHB	301	LYDTPYEPEGQ		psite	733
ENSP00000366936	SHB	336	RPADEYDQPWE		hprd;psite	733
ENSP00000401303	SHC1	349	PPDHQYYNDFP	FLT4;SRC;SYK;ZAP70	hprd;pelm;psite	993
ENSP00000401303	SHC1	428	FDDPSYVNVQN	FLT3;FLT4;MET;SRC;SYK;ZAP70	hprd;pelm;psite	993
ENSP00000364995	SHC3	341	GSDHPYYNSIP		psite	800
ENSP00000364995	SHC3	406	GSSDIYSTPEG		psite	800
ENSP00000329668	SHC4	374	REDHEYYNEIP		psite	800
ENSP00000329668	SHC4	465	FDDPCYINTQA		psite	800
ENSP00000307369	SHE	204	IILEDYADPYD		psite	621
ENSP00000307369	SHE	228	GENDGYMEPYD		psite	621
ENSP00000298229	INPPL1	1135	LSEVDYAPAGP		hprd;pelm;psite	949
ENSP00000298229	INPPL1	1162	GLPSDYGRPLS		hprd;pelm;psite	949
ENSP00000391592	PTPN6	301	IPGSDYINANY		psite	864
ENSP00000355136	SORBS1	722	FIPADYLESTE		psite	660
ENSP00000355136	SORBS1	937	KNPVDYMDLPF		psite	660
ENSP00000384675	SOS1	618	LTYHMYADPNF		psite	967
ENSP00000216373	SOS2	616	LTYHMYADPNF		psite	698
ENSP00000216373	SOS2	679	RFRKEYVQPVQ		psite	698
ENSP00000216373	SOS2	1320	SHPPLYRLPLL		psite	698
ENSP00000357130	SPTA1	548	IGDDHYDSENI		psite	626
ENSP00000357130	SPTA1	1499	TKLGDYANLKQ		psite	626
ENSP00000361824	SPTAN1	601	ATDEAYKDPSN		psite	633
ENSP00000361824	SPTAN1	1411	LAHGHYASPEI		hprd;psite	633
ENSP00000361824	SPTAN1	1579	ASDESYKDPTN		psite	633
ENSP00000361824	SPTAN1	2445	REQADYCVSHM		psite	633
ENSP00000361824	SPTAN1	2467	PTAFDYVEFTR		psite	633
ENSP00000350941	SRC	419	IEDNEYTARQG	PDGFRA;PDGFRB;PRKACA;SRC	hprd;pelm;psite	995
ENSP00000350941	SRC	522	AFLEDYFTSTE		psite	995
ENSP00000354394	STAT1	68	QLDDQYSRFSL		psite	409
ENSP00000264657	STAT3	45	SQDWAYAASKE		psite	543
ENSP00000264657	STAT3	686	EAFGKYCRPES		hprd;psite	543
ENSP00000341208	STAT5A	668	LSYLIYVFPDR		psite	878
ENSP00000341208	STAT5A	682	EVFSKYYTPVL		psite	878
ENSP00000341208	STAT5A	694	KAVDGYVKPQI	BTK;JAK2;JAK3;LCK;LYN;SRC;SYK	hprd;pelm;psite	878
ENSP00000293328	STAT5B	392	NTRNDYSGEIL		psite	866
ENSP00000293328	STAT5B	665	LGDLNYLIYVF		psite	866
ENSP00000293328	STAT5B	668	LNYLIYVFPDR		hprd;psite	866
ENSP00000293328	STAT5B	682	EVYSKYYTPVP		psite	866
ENSP00000293328	STAT5B	699	KAVDGYVKPQI	EGFR;HCK;PTK6;SRC	hprd;pelm;psite	866
ENSP00000303476	TLN2	49	GQASDYGLFLS		psite	619
ENSP00000303476	TLN2	72	GRTLDYYMLRN		psite	619
ENSP00000303476	TLN2	1665	QRECDYSIDGI		hprd;pelm;psite	619
ENSP00000303476	TLN2	1854	GTFVDYQTTVV		psite	619
ENSP00000340820	MAPT	532	GDRSGYSSPGS		psite	626
ENSP00000340820	MAPT	729	GAEIVYKSPVV	ABL1	hprd;psite	626
ENSP00000354522	TOP1	125	PEDDGYFVPPK		hprd;psite	676
ENSP00000354522	TOP1	268	MLDHEYTTKEI	ABL1	pelm;psite	676
ENSP00000354522	TOP1	723	TSKLNYLDPRI		psite	676
ENSP00000277120	NTRK2	722	VYSTDYYRVGG	NTRK2	hprd;psite	800
ENSP00000354207	NTRK3	709	VYSTDYYRLFN		psite	816
ENSP00000344818	UBC	59	RTLSDYNIQKE		psite	853
ENSP00000250066	USP6	744	NMDEKYTGLKK		psite	411
ENSP00000245932	VASP	39	SRVQIYHNPTA	ALK	hprd;pelm;psite	818
ENSP00000240123	SORBS3	358	RRDFVYPSSTR		psite	621
ENSP00000240123	SORBS3	408	KGDIVYIHKEV		psite	621
ENSP00000396211	WASF2	150	EALKFYTDPSY	ABL1	pelm;psite	964
ENSP00000396211	WASF2	155	YTDPSYFFDLW		psite	964
ENSP00000370150	WRNIP1	111	ESRESYDAPPT		psite	621
ENSP00000370150	WRNIP1	534	GEDPLYVARRL		hprd;psite	621
ENSP00000370150	WRNIP1	631	MKDLGYGKGYK		psite	621
ENSP00000282441	YAP1	407	LSMSSYSVPRT	ABL1	hprd;psite	621
ENSP00000324740	YES1	146	YIPSNYVAPAD		psite	903
ENSP00000324740	YES1	426	IEDNEYTARQG	YES1	hprd;pelm;psite	903
ENSP00000339245	YTHDC1	540	RRPEDYDIHNS		psite	619
ENSP00000339245	YTHDC1	656	KRVHDYDMRVD		psite	619
ENSP00000264972	ZAP70	126	AMVRDYVRQTW	ZAP70	hprd;pelm;psite	626
ENSP00000264972	ZAP70	221	DKAGKYCIPEG		psite	626
ENSP00000264972	ZAP70	315	MDTSVYESPYS	ZAP70	hprd;pelm;psite	626
ENSP00000264972	ZAP70	319	VYESPYSDPEE	ABL1;ZAP70	hprd;pelm;psite	626
ENSP00000264972	ZAP70	397	QLDNPYIVRLI		psite	626
ENSP00000264972	ZAP70	492	GADDSYYTARS	LCK;ZAP70	hprd;pelm;psite	626
ENSP00000264972	ZAP70	493	ADDSYYTARSA	LCK;ZAP70	hprd;pelm;psite	626
ENSP00000314709	ZHX2	705	ADDHGYDAVAR		psite	481
ENSP00000264033	CBL	337	FREGFYLFPDG		pelm	999
ENSP00000293328	STAT5B	679	PKDEVYSKYYT	SRC	hprd;pelm	866
ENSP00000274026	CCNA2	146	LVPLDYPMDGS		hprd	901
ENSP00000254108	FUS	304	ESVADYFKQIG		hprd	859
ENSP00000304895	IRS1	732	PCTGDYMNMSP	JAK1	hprd	441
ENSP00000368438	PCNA	250	GHLKYYLAPKI		hprd	677
ENSP00000361824	SPTAN1	978	LALYDYQEKSP		hprd	633
ENSP00000365016	IRS2	810	SLPRSYKAPYT		hprd	859
ENSP00000301607	EVPL	360	NLDAKYSPAPG		hprd	831
ENSP00000380066	MAP4K1	232	MTKSGYQPPRL	ABL1	hprd	875
ENSP00000354927	MAP3K3	319	VHHKDYSDGRR		hprd	402
