name	ADRBK1
id	ENSP00000312262
type	Serine/threonine kinase
proline+1_removed	Yes
npartners	216
npartners_with_sites	134
nsites	261
//
motif	score	fg_matches	fg_size	bg_matches	bg_size	fold_increase
..RR.[ST].....	313.97	18	945	18	9383	9.93
..R..[ST].....	12.5	101	927	465	9365	2.19
.....[ST].D...	6.95	75	826	423	8900	1.91
...R.[ST].....	6.87	67	751	381	8477	1.98
//
prot_id	prot_name	position	flank	kinase	source	string_score
ENSP00000280155	ADRA2A	149	LDRYWSITQAI		psite	710
ENSP00000280155	ADRA2A	313	LEESSSSDHAE	ADRBK1	hprd;pelm;psite	710
ENSP00000358301	ADRB1	312	GKRRPSRLVAL	PRKACA	psite	878
ENSP00000305372	ADRB2	261	HGLRRSSKFCL	PRKCD	hprd;psite	969
ENSP00000305372	ADRB2	262	GLRRSSKFCLK	PRKCD	hprd;pelm;psite	969
ENSP00000305372	ADRB2	345	LCLRRSSLKAY	PRKACA;PRKCD	hprd;pelm;psite	969
ENSP00000305372	ADRB2	346	CLRRSSLKAYG	AKT1;PRKACA;PRKCD	hprd;pelm;psite	969
ENSP00000305372	ADRB2	384	EDLPGTEDFVG	ADRBK1;GRK5	hprd;pelm;psite	969
ENSP00000305372	ADRB2	407	QGRNCSTNDSL	ADRBK1;GRK5	hprd;pelm;psite	969
ENSP00000305372	ADRB2	408	GRNCSTNDSLL		psite	969
ENSP00000253332	AKAP12	120	VSKRDSDKEMA		psite	723
ENSP00000253332	AKAP12	248	LKREQSHAEIS		psite	723
ENSP00000253332	AKAP12	371	HEPRLSAEYEK		psite	723
ENSP00000253332	AKAP12	597	AEEGATSDGEK		psite	723
ENSP00000253332	AKAP12	627	RVRRPSESDKE		hprd;pelm;psite	723
ENSP00000253332	AKAP12	696	RARRGSSSDEE		hprd;psite	723
ENSP00000253332	AKAP12	697	ARRGSSSDEEG		hprd;psite	723
ENSP00000253332	AKAP12	780	KLEEKSEDSIA		psite	723
ENSP00000253332	AKAP12	1039	EQERRTQEVLQ		psite	723
ENSP00000253332	AKAP12	1587	VIKADSQDAGQ		psite	723
ENSP00000295897	ALB	107	ATLRETYGEMA		psite	429
ENSP00000295897	ALB	336	ADFVESKDVCK		psite	429
ENSP00000332454	RIPK4	372	SGKRLSGVSSV		psite	411
ENSP00000332454	RIPK4	396	FEREPSTSDLG		psite	411
ENSP00000257497	ANXA1	45	PTFNPSSDVAA		psite	899
ENSP00000257497	ANXA1	169	LAKDITSDTSG		psite	899
ENSP00000257497	ANXA1	173	ITSDTSGDFRN		psite	899
ENSP00000257497	ANXA1	216	ERRKGTDVNVF	PRKACA	hprd;pelm;psite	899
ENSP00000284981	APP	679	EFRHDSGYEVH		psite	904
ENSP00000269260	ARRB2	382	DTNYATDDDIV	CSNK2A1	hprd;pelm;psite	755
ENSP00000307713	BDKRB2	373	GTLRTSISVER	ADRBK1;GRK4;PRKCA	hprd;pelm;psite	964
ENSP00000302079	C3AR1	466	ELTRSTHCPSN		psite	824
ENSP00000295006	CAPN2	369	NWRRGSTAGGC	PRKACA	pelm;psite	634
ENSP00000295006	CAPN2	370	WRRGSTAGGCR	PRKACA	pelm;psite	634
ENSP00000295006	CAPN2	464	RERSDTFINLR		psite	634
ENSP00000296154	CASR	342	VHPRKSVHNGF		psite	916
ENSP00000296154	CASR	888	VAARATLRRSN	PRKCA	hprd;pelm;psite	916
ENSP00000296154	CASR	892	ATLRRSNVSRK		psite	916
ENSP00000296154	CASR	899	VSRKRSSSLGG		psite	916
ENSP00000351273	CASP8	322	RDRNGTHLDAG		psite	860
ENSP00000339191	CAV1	80	PEGTHSFDGIW		hprd;pelm;psite	951
ENSP00000335544	CCKBR	437	SLSRLSYTTIS		psite	899
ENSP00000296140	CCR1	340	RLERVSSTSPS		psite	820
ENSP00000296140	CCR1	341	LERVSSTSPST		psite	820
ENSP00000292303	CCR5	336	APERASSVYTR	ADRBK2	hprd;pelm;psite	988
ENSP00000292303	CCR5	337	PERASSVYTRS	ADRBK2	hprd;pelm;psite	988
ENSP00000246657	CCR7	151	LLLCISIDRYV		psite	817
ENSP00000246657	CCR7	356	QLRQWSSCRHI		psite	817
ENSP00000246657	CCR7	364	RHIRRSSMSVE		psite	817
ENSP00000246657	CCR7	365	HIRRSSMSVEA		psite	817
ENSP00000284878	CXADR	323	YNQVPSEDFER		hprd;pelm;psite	800
ENSP00000386884	CXCR4	328	SVSRGSSLKIL	GRK6;PRKCD	hprd;pelm;psite	989
ENSP00000386884	CXCR4	329	VSRGSSLKILS	GRK6;PRKCD	hprd;pelm;psite	989
ENSP00000292174	CXCR5	359	SWRRSSLSESE		psite	803
ENSP00000362401	CYSLTR1	307	FRKRLSTFRKH		psite	901
ENSP00000362401	CYSLTR1	308	RKRLSTFRKHS		psite	901
ENSP00000362401	CYSLTR1	313	TFRKHSLSSVT		psite	901
ENSP00000234961	OPRD1	358	ARERVTACTPS	ADRBK1	hprd;pelm;psite	627
ENSP00000354859	DRD2	134	SIDRYTAVAMP		psite	894
ENSP00000354859	DRD2	147	YNTRYSSKRRV		psite	894
ENSP00000354859	DRD2	148	NTRYSSKRRVT		psite	894
ENSP00000354859	DRD2	225	RKRVNTKRSSR		psite	894
ENSP00000354859	DRD2	229	NTKRSSRAFRA		psite	894
ENSP00000354859	DRD2	354	GKTRTSLKTMS		psite	894
ENSP00000305416	S1PR1	236	RSRRLTFRKNI	AKT1	hprd;pelm;psite	838
ENSP00000359643	LPAR3	321	PERRPSRIPST		psite	899
ENSP00000315011	EDNRA	289	NRRNGSLRIAL		psite	919
ENSP00000315011	EDNRA	421	NTDRSSHKDSM		psite	919
ENSP00000275493	EGFR	151	GAVRFSNNPAL		psite	784
ENSP00000275493	EGFR	678	IVRKRTLRRLL	PKN1;PKN3;PRKCA;PRKCD	hprd;pelm;psite	784
ENSP00000275493	EGFR	768	AYVMASVDNPH	CAMK2A	hprd;pelm;psite	784
ENSP00000275493	EGFR	940	QPPICTIDVYM		psite	784
ENSP00000275493	EGFR	1070	FLQRYSSDPTG	CAMK2G	hprd;pelm;psite	784
ENSP00000275493	EGFR	1071	LQRYSSDPTGA	CAMK2G	hprd;pelm;psite	784
ENSP00000275493	EGFR	1081	ALTEDSIDDTF	CAMK2A	hprd;pelm;psite	784
ENSP00000275493	EGFR	1120	LNPAPSRDPHY	CAMK2A	hprd;psite	784
ENSP00000275493	EGFR	1166	GSHQISLDNPD	CAMK2A	hprd;pelm;psite	784
ENSP00000263025	MAPK3	177	LLINTTCDLKI		psite	638
ENSP00000335311	EDNRB	305	MLRKKSGMQIA		hprd;psite	965
ENSP00000335311	EDNRB	436	DNFRSSNKYSS		hprd;psite	965
ENSP00000338934	EZR	332	KKRRETVEREK		psite	835
ENSP00000338934	EZR	366	AERELSEQIQR		psite	835
ENSP00000296677	F2RL1	384	HSRKSSSYSSS		psite	929
ENSP00000246553	FFAR1	31	AIRGATAHARL		psite	899
ENSP00000358866	FLNA	23	GGGVDTRDAEM		hprd;psite	410
ENSP00000358866	FLNA	500	VRVKETADFKV		psite	410
ENSP00000358866	FLNA	793	EPTYFTVDCAE		psite	410
ENSP00000358866	FLNA	968	VAVSPSLDLSK		psite	410
ENSP00000358866	FLNA	1286	DARALTQTGGP		psite	410
ENSP00000358866	FLNA	1334	HSVDVTYDGSP		hprd;pelm;psite	410
ENSP00000358866	FLNA	2053	SRVRVSGQGLH		hprd;pelm;psite	410
ENSP00000358866	FLNA	2152	RRRAPSVANVG	PAK1;PRKACA;RPS6KA1	hprd;pelm;psite	410
ENSP00000358866	FLNA	2336	DARRLTVSSLQ		hprd;psite	410
ENSP00000358866	FLNA	2523	GPRLVSNHSLH	CAMK2A;CAMK2G	hprd;pelm;psite	410
ENSP00000359506	FMR1	463	EKSYVTDDGQG		psite	828
ENSP00000302707	FPR1	325	LERALTEDSTQ		psite	897
ENSP00000302707	FPR1	331	EDSTQTSDTAT	ADRBK1	hprd;pelm;psite	897
ENSP00000340191	FPR2	332	EDSAPTNDTAA		psite	902
ENSP00000331358	GAST	96	DFGRRSAEDEN		hprd;pelm;psite	899
ENSP00000383558	GCGR	456	GRGGGSQDSSA		hprd;psite	912
ENSP00000378338	GIT1	46	LGRHISIVKHL	PRKD3	psite	993
ENSP00000378338	GIT1	384	SLRSQSDLDDQ		hprd;psite	993
ENSP00000378338	GIT1	419	SNRARSMDSSD		hprd;pelm;psite	993
ENSP00000378338	GIT1	601	LSRHGSGADSD		hprd;pelm;psite	993
ENSP00000378338	GIT1	263	KCMSQSLDLSE		psite	993
ENSP00000378338	GIT1	422	ARSMDSSDLSD		hprd;pelm;psite	993
ENSP00000378338	GIT1	639	HPELESLDGDL		hprd;psite	993
ENSP00000378338	GIT1	710	EPVRSSLRLLN		psite	993
ENSP00000347464	GIT2	415	TNRQKSLDSDL		hprd;psite	959
ENSP00000347464	GIT2	506	LKRRPSARGSR		psite	959
ENSP00000347464	GIT2	514	GSRPMSMYETG		psite	959
ENSP00000347464	GIT2	570	STLSWSRDESA		psite	959
ENSP00000347464	GIT2	614	KGRQRSMVWPG		hprd;pelm;psite	959
ENSP00000225983	HDAC5	67	GALVGSVDPTL		psite	912
ENSP00000225983	HDAC5	279	VAERRSSPLLR	AURKB	psite	912
ENSP00000225983	HDAC5	499	LSRTQSSPLPQ	CAMK1;CAMK4;CAMKK1;PRKAA1;PRKAA2;PRKD1;PRKD2;PRKD3	hprd;pelm;psite	912
ENSP00000225983	HDAC5	547	LPRQPTTHPEE		psite	912
ENSP00000225983	HDAC5	662	LGRTQSSPAAP		psite	912
ENSP00000335153	HSP90AA1	174	ELISNSSDALD		psite	853
ENSP00000335153	HSP90AA1	185	KIRYESLTDPS		psite	853
ENSP00000335153	HSP90AA1	212	QDRTLTIVDTG	PRKACA	hprd;psite	853
ENSP00000335153	HSP90AA1	353	RDKEVSDDEAE	CSNK2A1	hprd;pelm;psite	853
ENSP00000335153	HSP90AA1	374	KEEKESEDKPE		hprd;pelm;psite	853
ENSP00000335153	HSP90AA1	439	FYKSLTNDWED		psite	853
ENSP00000335153	HSP90AA1	513	RGVVDSEDLPL	PNCK	psite	853
ENSP00000335153	HSP90AA1	745	ALRDNSTMGYM		psite	853
ENSP00000319635	CXCR2	347	KDSRPSFVGSS		hprd;pelm;psite	876
ENSP00000304895	IRS1	268	EFRPRSKSQSS	IKBKB	hprd;pelm;psite	833
ENSP00000304895	IRS1	270	RPRSKSQSSSN	ATR;IKBKB;RPS6KB1	hprd;pelm;psite	833
ENSP00000304895	IRS1	303	GLTRRSRTESI		psite	833
ENSP00000304895	IRS1	305	TRRSRTESITA		psite	833
ENSP00000304895	IRS1	307	RSRTESITATS	IKBKB;PRKCD;RPS6KB1	hprd;pelm;psite	833
ENSP00000304895	IRS1	329	FRVRASSDGEG		psite	833
ENSP00000304895	IRS1	330	RVRASSDGEGT	CSNK2B	hprd;psite	833
ENSP00000304895	IRS1	341	MSRPASVDGSP	IKBKB	hprd;pelm;psite	833
ENSP00000304895	IRS1	362	HRHRGSARLHP		psite	833
ENSP00000304895	IRS1	441	CDFRSSFRSVT	PRKCB;PRKCD;PRKCZ	psite	833
ENSP00000304895	IRS1	527	RKRTHSAGTSP	IKBKB;RPS6KB1	hprd;pelm;psite	833
ENSP00000304895	IRS1	574	PGHRHSAFVPT	PRKCD	hprd;pelm;psite	833
ENSP00000304895	IRS1	603	HHRPDSSTLHT		psite	833
ENSP00000304895	IRS1	608	SSTLHTDDGYM		psite	833
ENSP00000304895	IRS1	629	SGRKGSGDYMP	AKT1	hprd;pelm;psite	833
ENSP00000304895	IRS1	1100	CRRRHSSETFS		hprd;psite	833
ENSP00000304895	IRS1	1101	RRRHSSETFSS	PRKCQ;RPS6KA1;RPS6KB1	hprd;pelm;psite	833
ENSP00000304895	IRS1	1142	DVKRHSSASFE		psite	833
ENSP00000304895	IRS1	1143	VKRHSSASFEN		hprd;psite	833
ENSP00000304895	IRS1	1222	SSTRRSSEDLS		pelm;psite	833
ENSP00000304895	IRS1	1223	STRRSSEDLSA		hprd;pelm;psite	833
ENSP00000368020	KIF3A	687	GRRKRSAKPET		hprd;pelm;psite	401
ENSP00000234371	KISS1R	368	LLRLGSHPAPA		psite	912
ENSP00000265023	KNG1	326	FVARETTCSKE		hprd;psite	933
ENSP00000265023	KNG1	327	VARETTCSKES		hprd;psite	933
ENSP00000265023	KNG1	391	SPFRSSRIGEI		psite	933
ENSP00000351755	LPAR1	236	YVRQRTMRMSR		psite	899
ENSP00000351755	LPAR1	240	RTMRMSRHSSG		psite	899
ENSP00000351755	LPAR1	243	RMSRHSSGPRR		psite	899
ENSP00000351755	LPAR1	244	MSRHSSGPRRN		psite	899
ENSP00000319984	CHRM2	250	NNNMPSSDDGL	ADRBK1	pelm;psite	916
ENSP00000319984	CHRM2	251	NNMPSSDDGLE	ADRBK1	pelm;psite	916
ENSP00000319984	CHRM2	283	EEKESSNDSTS	ADRBK1	pelm;psite	916
ENSP00000319984	CHRM2	302	RDDEITQDENT	ADRBK1	pelm;psite	916
ENSP00000255380	CHRM3	291	SSRSCSSYELQ		psite	943
ENSP00000299766	MC4R	312	QELRKTFKEII	ADRBK1;PRKACA	hprd;pelm;psite	636
ENSP00000417281	MDM2	163	LVSRPSTSSRR	MAPKAPK2	pelm;psite	866
ENSP00000417281	MDM2	164	VSRPSTSSRRR		psite	866
ENSP00000417281	MDM2	172	RRRAISETEEN	AKT1;CSNK1D;DAPK3;MAPKAPK2;PIM1	hprd;pelm;psite	866
ENSP00000417281	MDM2	192	RKRHKSDSISL	AKT1;DAPK3;PIM1	hprd;pelm;psite	866
ENSP00000417281	MDM2	198	DSISLSFDESL		psite	866
ENSP00000417281	MDM2	259	EFEVESLDSED	CSNK1D	psite	866
ENSP00000417281	MDM2	262	VESLDSEDYSL		psite	866
ENSP00000417281	MDM2	379	NDSRESCVEEN	CSNK1D	psite	866
ENSP00000417281	MDM2	425	FEREETQDKEE	CSNK1D	psite	866
ENSP00000361141	OPN4	104	VLRGVTVMMQS		psite	899
ENSP00000282753	GRM1	871	PCRSNTFLNIF		psite	953
ENSP00000394624	OPRM1	356	ILRLKSVRMLS		psite	894
ENSP00000394624	OPRM1	361	SVRMLSGSKEK	CAMK2A	psite	894
ENSP00000394624	OPRM1	465	RIRQNTRDHPS		hprd;psite	894
ENSP00000262613	SLC9A3R1	156	RPRLCTMKKGP		psite	859
ENSP00000262613	SLC9A3R1	290	LVRSASSDTSE	GRK6	hprd;pelm;psite	859
ENSP00000262613	SLC9A3R1	299	SEELNSQDSPP		hprd;psite	859
ENSP00000262613	SLC9A3R1	340	HQKRSSKRAPQ	PRKCA	psite	859
ENSP00000258042	NMBR	352	QERGTSYLLSS		psite	921
ENSP00000296930	NPM1	125	EEDAESEDEEE	ATR	hprd;pelm;psite	800
ENSP00000296930	NPM1	279	NCFRMTDQEAI		hprd;pelm;psite	800
ENSP00000304767	P2RY1	354	NLQSKSEDMTL		hprd;pelm;psite	912
ENSP00000310305	P2RY2	243	RAKRKSVRTIA		psite	929
ENSP00000310305	P2RY2	356	DVLGSSEDSRR		psite	929
ENSP00000321326	F2R	391	LCCKESSDPSS		hprd;pelm;psite	932
ENSP00000270474	PDE4A	13	SERSLSLSLPG		psite	430
ENSP00000270474	PDE4A	145	SQRRESFLYRS	PRKACA	pelm;psite	430
ENSP00000270474	PDE4A	165	TMSRNSSVTSE		psite	430
ENSP00000270474	PDE4A	271	LNRELTHLSEM		psite	430
ENSP00000259467	PDCL	20	YYYSSSEDEDS	CSNK2A1	hprd;pelm;psite	934
ENSP00000259467	PDCL	293	SATCHSEDSDL		hprd;pelm;psite	934
ENSP00000375855	PDC	36	KFKLESQDSDS		psite	964
ENSP00000289153	PIK3CB	961	VPFILTYDFIH		psite	467
ENSP00000352121	PIK3CG	228	VIHRSTTSQTI		psite	769
ENSP00000352121	PIK3CG	582	HFRYESLKHPK		psite	769
ENSP00000352121	PIK3CG	746	MLQKVTLDIKS		psite	769
ENSP00000352121	PIK3CG	1024	ALRHHTNLLII		psite	769
ENSP00000309591	PRKACA	49	FERIKTLGTGS		hprd;psite	621
ENSP00000309591	PRKACA	140	RIGRFSEPHAR		hprd;psite	621
ENSP00000309591	PRKACA	198	KGRTWTLCGTP	PRKACA	hprd;pelm;psite	621
ENSP00000309591	PRKACA	260	KVRFPSHFSSD		psite	621
ENSP00000309591	PRKACA	339	EEIRVSINEKC		hprd;pelm;psite	621
ENSP00000305355	PRKCB	364	SERKGTDELYA		psite	851
ENSP00000305355	PRKCB	634	FDRFFTRHPPV		psite	851
ENSP00000331602	PRKCD	43	TERGKTLVQKK		hprd;psite	959
ENSP00000331602	PRKCD	218	ANSRDTIFQKE	PRKCD	psite	959
ENSP00000331602	PRKCD	299	VTQRASRRSDS	PRKCD	hprd;pelm;psite	959
ENSP00000331602	PRKCD	302	RASRRSDSASS	PRKCD	hprd;pelm;psite	959
ENSP00000331602	PRKCD	304	SRRSDSASSEP	PRKCD	hprd;pelm;psite	959
ENSP00000331602	PRKCD	451	ELYRATFYAAE		psite	959
ENSP00000331602	PRKCD	506	GESRASTFCGT		hprd;psite	959
ENSP00000331602	PRKCD	507	ESRASTFCGTP	PDK1;PDPK1	hprd;pelm;psite	959
ENSP00000331602	PRKCD	645	EKARLSYSDKN	PRKCD	hprd;pelm;psite	959
ENSP00000331602	PRKCD	654	KNLIDSMDQSA		hprd;psite	959
ENSP00000350132	PLN	16	AIRRASTIEMP	PRKACA	hprd;pelm;psite	462
ENSP00000350132	PLN	17	IRRASTIEMPQ	CAMK2A	hprd;pelm;psite	462
ENSP00000234313	PLEK	113	KFARKSTRRSI	PRKCA	hprd;pelm;psite	534
ENSP00000234313	PLEK	114	FARKSTRRSIR		hprd;pelm;psite	534
ENSP00000234313	PLEK	117	KSTRRSIRLPE	PRKCA	hprd;pelm;psite	534
ENSP00000234313	PLEK	123	IRLPETIDLGA		psite	534
ENSP00000282091	PTH	34	KKRSVSEIQLM		psite	412
ENSP00000235382	RGS2	46	WKTRLSYFLQN	PRKG1	hprd;pelm;psite	430
ENSP00000261313	PEBP1	51	VKNRPTSISWD		hprd;psite	860
ENSP00000261313	PEBP1	52	KNRPTSISWDG		hprd;pelm;psite	860
ENSP00000261313	PEBP1	54	RPTSISWDGLD		hprd;psite	860
ENSP00000322419	RPLP2	105	EESEESDDDMG	ADRBK1	hprd;pelm;psite	621
ENSP00000350941	SRC	17	SQRRRSLEPAE	PRKACA	hprd;pelm;psite	794
ENSP00000350941	SRC	51	GHRGPSAAFAP		psite	794
ENSP00000350941	SRC	69	FGGFNSSDTVT		pelm;psite	794
ENSP00000350941	SRC	269	EIPRESLRLEV		psite	794
ENSP00000354219	TPM2	108	QERLATALQKL		psite	621
ENSP00000354219	TPM2	252	AKLEKTIDDLE		psite	621
ENSP00000364336	TBXA2R	239	QRPRDSEVEMM	ADRBK1;ADRBK2	psite	922
ENSP00000364336	TBXA2R	324	LQPRLSTRPRS	PRKCA	psite	922
ENSP00000364336	TBXA2R	329	STRPRSLSLQP	PRKACA;PRKCA	hprd;psite	922
ENSP00000364336	TBXA2R	331	RPRSLSLQPQL	PRKCA	hprd;psite	922
ENSP00000263798	TYRO3	682	SRKIYSGDYYR		psite	469
ENSP00000344818	UBC	57	DGRTLSDYNIQ		hprd;psite	662
ENSP00000327246	VIPR1	447	PGARRSSSFQA		psite	809
ENSP00000275493	EGFR	1078	PTGALTEDSID		hprd;pelm	784
ENSP00000262613	SLC9A3R1	316	PSSTSSSDPIL		pelm	859
ENSP00000270474	PDE4A	152	LYRSDSDYDMS		pelm	430
ENSP00000280155	ADRA2A	339	GKARASQVKPG		hprd	710
ENSP00000306662	ADRA1B	396	WTRGGSLERSQ	PRKCA	hprd	919
ENSP00000306662	ADRA1B	402	LERSQSRKDSL	PRKCA	hprd	919
ENSP00000306662	ADRA1B	406	QSRKDSLDDSG	PRKCA	hprd	919
ENSP00000335153	HSP90AA1	129	PEETQTQDQPM	PRKDC	hprd	853
ENSP00000335153	HSP90AA1	826	DEDDPTADDTS		hprd	853
ENSP00000304895	IRS1	88	LVALYTRDEHF	CSNK2B	hprd	833
ENSP00000386884	CXCR4	22	TEEMGSGDYDS		hprd	989
ENSP00000375855	PDC	73	VSRKMSIQEYE	PRKACA	hprd	964
ENSP00000375855	PDC	54	ILRQMSSPQSR	CAMK2A	hprd	964
ENSP00000358866	FLNA	2329	PVASPSGDARR		hprd	410
ENSP00000358866	FLNA	1089	SPARFTIDTKG		hprd	410
ENSP00000358866	FLNA	2486	EGYRVTYTPMA		hprd	410
ENSP00000253332	AKAP12	904	GTRAATIIEER		hprd	723
ENSP00000253332	AKAP12	311	GWRKKTSFRKP		hprd	723
ENSP00000347464	GIT2	384	QHSVESQDNDQ		hprd	959
