name	AKT1
id	ENSP00000270202
type	Serine/threonine kinase
proline+1_removed	Yes
npartners	911
npartners_with_sites	735
nsites	73
//
motif	score	fg_matches	fg_size	bg_matches	bg_size	fold_increase
R.RT.[ST]..S..	1230.61	12	6725	0	9383	Inf
R.R..[ST]...G.	922.96	21	6713	0	9383	Inf
R.R..[ST]...E.	922.96	10	6692	0	9383	Inf
..RRR[ST].....	922.96	17	6643	0	9381	Inf
..RR.[ST].T...	922.96	13	6626	0	9381	Inf
//
prot_id	prot_name	position	flank	kinase	source	string_score
ENSP00000365312	ABI1	240	RPRTHSGSSGG		psite	475
ENSP00000262710	ACIN1	561	EGRRASHTLLP		hprd;pelm;psite	828
ENSP00000367263	AHNAK	5782	RHRSNSFSDER		hprd;pelm;psite	926
ENSP00000366863	TBC1D4	66	EIRRRSQKPEA		psite	987
ENSP00000366863	TBC1D4	751	RKRTSSTCSNE		hprd;pelm;psite	987
ENSP00000351908	MAP3K5	83	RGRGSSVGGGS	AKT1;AKT2;PIM1	hprd;pelm;psite	971
ENSP00000309103	BAD	75	RSRHSSYPAGT	ARAF;BRAF;PAK1;PIM3;PRKACA;PRKCE;PRKCI;PRKCQ;PRKD1;RAF1;RPS6KA1;RPS6KA3	hprd;pelm;psite	998
ENSP00000303507	BCR	698	TPRRQSMTVKK		psite	565
ENSP00000288602	BRAF	429	RERKSSSSSED	AKT1;AKT3	hprd;pelm;psite	895
ENSP00000350283	BRCA1	615	RLRRKSSTRHI		psite	964
ENSP00000337386	ZFP36L1	54	FPRRHSVTLPS	MAPKAPK2	hprd;psite	984
ENSP00000337386	ZFP36L1	90	RFRDRSFSEGG		psite	984
ENSP00000337386	ZFP36L1	92	RDRSFSEGGER	AKT1;MAPKAPK2	pelm;psite	984
ENSP00000158166	CAMKK1	52	RARAASVIPGS		psite	660
ENSP00000245960	CDC25B	353	NKRRRSVTPPE	AURKA;MAPKAPK2;RPS6KA1	hprd;pelm;psite	851
ENSP00000220003	CSK	284	RSRGRSVLGGD		psite	929
ENSP00000341692	DAP3	237	RVRNATDAVGI	PRKCD	psite	808
ENSP00000354111	DNAJC5	10	RQRSLSTSGES	PRKACA	hprd;pelm;psite	805
ENSP00000317997	DUOX1	1217	HFRRRSFRGFW	PRKACA	psite	502
ENSP00000316879	EIF4G1	895	IARRRSLGNIK	PAK2	psite	582
ENSP00000339004	FOXG1	277	KLRRRSTTSRA		psite	833
ENSP00000368880	FOXO1	319	RPRTSSNASTI	AKT1	hprd;pelm;psite	999
ENSP00000339527	FOXO3	315	RSRTNSNASTV	SGK1	hprd;pelm;psite	996
ENSP00000354586	GLI2	808	QERRDSSTSTV		psite	921
ENSP00000352565	HAND2	114	RRRTQSINSAF		psite	466
ENSP00000269571	ERBB2	1051	RHRSSSTRSGG		psite	463
ENSP00000341826	HNRNPA1	199	RGRSGSGNFGG	AKT1;CSNK2A1	pelm;psite	870
ENSP00000359424	CHUK	23	RERLGTGGFGN	AKT1;AKT2	hprd;pelm;psite	997
ENSP00000405934	ITPR1	1716	SGRRESLTSFG	PRKACA	hprd;pelm;psite	952
ENSP00000304895	IRS1	330	RVRASSDGEGT	CSNK2B	hprd;psite	990
ENSP00000365016	IRS2	306	RPRSKSQSSGS		hprd;pelm;psite	962
ENSP00000365016	IRS2	365	RVRTASEGDGG		hprd;pelm;psite	962
ENSP00000241014	MAPK8IP1	241	PCRRSTATQMA		psite	663
ENSP00000357643	MKI67	598	DQRRRSCKTAP		hprd;psite	510
ENSP00000262186	KCNH2	895	SFRRRTDKDTE	PRKACA	psite	827
ENSP00000417281	MDM2	172	RRRAISETEEN	AKT1;CSNK1D;DAPK3;MAPKAPK2;PIM1	hprd;pelm;psite	999
ENSP00000262445	MAP2K4	80	RLRTHSIESSG	AKT1	hprd;pelm;psite	947
ENSP00000354558	MTOR	2448	RTRTDSYSAGQ	AKT1;RPS6KB1	hprd;pelm;psite	999
ENSP00000319977	NDRG1	330	RSRTASGSSVT	PRKACA;SGK1	hprd;pelm;psite	429
ENSP00000298687	NDRG2	332	RSRTASLTSAA	AKT1;RPS6KA1;RPS6KB1;SGK1	hprd;pelm;psite	409
ENSP00000298687	NDRG2	350	RSRTLSQSSES	RPS6KA1;RPS6KB1	hprd;pelm;psite	409
ENSP00000357206	NES	768	QQRRRSLGEQD		hprd;pelm;psite	466
ENSP00000262613	SLC9A3R1	156	RPRLCTMKKGP		psite	859
ENSP00000261509	PALLD	894	RPRSRSRDSGD	AKT1	hprd;pelm;psite	827
ENSP00000280154	PDCD4	457	RKRFVSEGDGG	AKT1	hprd;pelm;psite	866
ENSP00000351957	PDE3A	292	KRRRRSSSVVS		psite	974
ENSP00000351957	PDE3A	438	LLRRVSSTWTT	PRKCA	psite	974
ENSP00000282096	PDE3B	295	RPRRRSSCVSL	AKT1	hprd;psite	988
ENSP00000282096	PDE3B	442	QLRRSSGTSGL	AKT1	hprd;pelm;psite	988
ENSP00000340510	PPL	887	RNRPDSGVEEA		psite	888
ENSP00000356047	PFKFB2	466	RMRRNSFTPLS	AKT1;PRKAA1;PRKAA2;PRKACA	hprd;pelm;psite	629
ENSP00000363124	PHF20	291	RRRKISKGCEV	AKT1	psite	800
ENSP00000363124	PHF20	328	LSRRRSSRLST		psite	800
ENSP00000296440	PLXNB1	1902	RPRRGSLRGGE		psite	941
ENSP00000365411	APBB1IP	526	PVRRSSDTSGS		hprd;psite	914
ENSP00000349959	RICTOR	1135	RIRTLTEPSVD	AKT1;RPS6KB1;RPS6KB2;SGK1	psite	996
ENSP00000265960	MAPKAP1	84	GIRRRSNTAQR		psite	967
ENSP00000332973	SMAD3	388	EYRRQTVTSTP		psite	735
ENSP00000348984	SON	1926	RSRTPSRRSRS		hprd;psite	412
ENSP00000348984	SON	1940	SRRRRSRSVGR		psite	412
ENSP00000348984	SON	1948	VGRRRSFSISP		hprd;pelm;psite	412
ENSP00000348984	SON	1961	RSRTPSRRSRT		psite	412
ENSP00000348984	SON	2001	SRRRRSRSVVR		hprd;psite	412
ENSP00000348984	SON	2009	VVRRRSFSISP		hprd;pelm;psite	412
ENSP00000384675	SOS1	1161	RRRPESAPAES		psite	939
ENSP00000350941	SRC	17	SQRRRSLEPAE	PRKACA	hprd;pelm;psite	975
ENSP00000356918	STX7	126	RVRASSRVSGS		hprd;psite	800
ENSP00000219476	TSC2	1130	RDRVRSMSGGH		hprd;psite	999
ENSP00000219476	TSC2	1132	RVRSMSGGHGL		hprd;pelm;psite	999
ENSP00000245932	VASP	278	RRRKATQVGEK	PRKAA1;PRKACA;PRKG1;RPS6KA1	hprd;pelm;psite	462
ENSP00000313059	WNK1	2128	RRRRPTKSKGS		psite	728
ENSP00000246914	WNK4	47	RARRFSGKAEP		psite	731
ENSP00000324648	CYP2B6	128	VLRRFSVTTMR		hprd	428
