name	AKT2
id	ENSP00000375892
type	Serine/threonine kinase
proline+1_removed	Yes
npartners	152
npartners_with_sites	130
nsites	274
//
motif	score	fg_matches	fg_size	bg_matches	bg_size	fold_increase
R.RT.[ST].....	626.38	18	1514	1	9383	111.55
RPR..[ST].....	623.01	13	1496	1	9382	81.53
..RR.[ST].....	318.76	29	1437	15	9349	12.58
R.R..[ST].....	318.15	46	1483	32	9381	9.09
..R..[ST].....	307.65	158	1408	434	9334	2.41
//
prot_id	prot_name	position	flank	kinase	source	string_score
ENSP00000270202	AKT1	72	RPRPNTFIIRC	AKT1	psite	963
ENSP00000270202	AKT1	246	RERVFSEDRAR	AKT1	psite	963
ENSP00000306163	ANKRD2	99	RVRKTSLDLRR	AKT2	psite	804
ENSP00000288266	APPL1	410	QQRHESLRPAA	PRKACA	psite	946
ENSP00000288266	APPL1	427	TARTSSSGSLG		psite	946
ENSP00000288266	APPL1	636	LDRRASEKQKE		psite	946
ENSP00000366863	TBC1D4	66	EIRRRSQKPEA		psite	938
ENSP00000366863	TBC1D4	318	RSRCSSVTGVQ		pelm;psite	938
ENSP00000366863	TBC1D4	341	RRRHASAPSHV		hprd;pelm;psite	938
ENSP00000366863	TBC1D4	485	IQRHLSSLTDN	CHEK1	psite	938
ENSP00000366863	TBC1D4	568	AKRSLTSSLEN		hprd;pelm;psite	938
ENSP00000366863	TBC1D4	588	RGRLGSVDSFE	CHEK1	hprd;pelm;psite	938
ENSP00000366863	TBC1D4	597	FERSNSLASEK		psite	938
ENSP00000366863	TBC1D4	642	RRRAHTFSHPP	AKT1	pelm;psite	938
ENSP00000366863	TBC1D4	749	EGRKRTSSTCS		hprd;psite	938
ENSP00000366863	TBC1D4	751	RKRTSSTCSNE		hprd;pelm;psite	938
ENSP00000351908	MAP3K5	83	RGRGSSVGGGS	AKT1;AKT2;PIM1	hprd;pelm;psite	816
ENSP00000351908	MAP3K5	966	YLRSISLPVPV	MAP3K5;PDPK1	hprd;pelm;psite	816
ENSP00000309103	BAD	75	RSRHSSYPAGT	ARAF;BRAF;PAK1;PIM3;PRKACA;PRKCE;PRKCI;PRKCQ;PRKD1;RAF1;RPS6KA1;RPS6KA3	hprd;pelm;psite	921
ENSP00000309103	BAD	97	PFRGRSRSAPP		psite	921
ENSP00000309103	BAD	99	RGRSRSAPPNL	AKT1;ARAF;BRAF;PAK1;PRKACA;PRKCE;PRKCI;PRKCQ;PRKD1;RAF1;RPS6KA3	hprd;pelm;psite	921
ENSP00000309103	BAD	118	ELRRMSDEFVD	ARAF;BRAF;PAK1;PRKACA;PRKCE;PRKCI;PRKD1;RAF1;RPS6KA1	hprd;pelm;psite	921
ENSP00000309103	BAD	134	LPRPKSAGTAT		hprd;psite	921
ENSP00000311032	CASP3	150	GDRCRSLTGKP	MAPK14	pelm;psite	769
ENSP00000330237	CASP9	183	RTRTGSNIDCE	AKT1;PRKACA	hprd;pelm;psite	851
ENSP00000330237	CASP9	195	LRRRFSSLHFM	PRKACA	psite	851
ENSP00000330237	CASP9	196	RRRFSSLHFMV	AKT1	hprd;pelm;psite	851
ENSP00000227507	CCND1	90	LDRFLSLEPVK	PRKACA	hprd;pelm;psite	480
ENSP00000227507	CCND1	234	LTRFLSRVIKC	PRKACA	hprd;pelm;psite	480
ENSP00000263056	MAP3K8	62	DERSKSLLLSG		psite	800
ENSP00000263056	MAP3K8	400	QPRCQSLDSAL	AKT1	hprd;pelm;psite	800
ENSP00000357804	THEM4	37	ELRSFSSEEVI		psite	926
ENSP00000344456	CTNNB1	332	IMRTYTYEKLL	CAMK2A	psite	421
ENSP00000344456	CTNNB1	472	ALRHLTSRHQE	CAMK2A	psite	421
ENSP00000344456	CTNNB1	552	TQRRTSMGGTQ	AKT1;AKT2;CAMK2A;PRKACA	hprd;pelm;psite	421
ENSP00000286234	DEPTOR	259	DNRKSTSFMSV		psite	908
ENSP00000286234	DEPTOR	280	AVRRSSMSSCG		psite	908
ENSP00000313420	PRKDC	1065	FKRLYSLALHP		psite	710
ENSP00000313420	PRKDC	2598	DWRFRSTVLTP		hprd;psite	710
ENSP00000313420	PRKDC	3289	HCRSRSQGCSE		psite	710
ENSP00000297494	NOS3	495	ITRKKTFKEVA	PRKACA;PRKCA;PRKG2	pelm;psite	887
ENSP00000297494	NOS3	615	KIRFNSISCSD	AKT1;PRKACA	pelm;psite	887
ENSP00000297494	NOS3	633	RKRKESSNTDS	PRKAA1;PRKACA;PRKG2	hprd;pelm;psite	887
ENSP00000297494	NOS3	1175	TSRIRTQSFSL		hprd;psite	887
ENSP00000297494	NOS3	1177	RIRTQSFSLQE	AKT1;PRKAA1;PRKACA;PRKG2	hprd;pelm;psite	887
ENSP00000206249	ESR1	154	FYRPNSDNRRQ		pelm;psite	906
ENSP00000206249	ESR1	167	RERLASTNDKG	AKT1;AKT2;CSNK2A1;IKBKE;RPS6KA1;RPS6KA3;RPS6KB1	hprd;pelm;psite	906
ENSP00000206249	ESR1	236	KNRRKSCQACR	PRKACA	pelm;psite	906
ENSP00000253861	EXOC4	32	VIRTLSTSDDV		psite	899
ENSP00000338934	EZR	332	KKRRETVEREK		psite	845
ENSP00000338934	EZR	366	AERELSEQIQR		psite	845
ENSP00000368880	FOXO1	24	RPRSCTWPLPR	AKT1	hprd;pelm;psite	983
ENSP00000368880	FOXO1	256	RRRAASMDNNS	AKT1	hprd;pelm;psite	983
ENSP00000368880	FOXO1	319	RPRTSSNASTI	AKT1	hprd;pelm;psite	983
ENSP00000339527	FOXO3	30	QSRPRSCTWPL		psite	884
ENSP00000339527	FOXO3	32	RPRSCTWPLQR	AKT1;PIM1;SGK1	hprd;pelm;psite	884
ENSP00000339527	FOXO3	253	RRRAVSMDNSN	AKT1;PIM1;SGK1	hprd;pelm;psite	884
ENSP00000339527	FOXO3	315	RSRTNSNASTV	SGK1	hprd;pelm;psite	884
ENSP00000339527	FOXO3	413	MQRSSSFPYTT	PRKAA2	psite	884
ENSP00000339527	FOXO3	551	GSRALSNSVSN		psite	884
ENSP00000363377	FOXO4	30	QSRPRSCTWPL		psite	842
ENSP00000363377	FOXO4	32	RPRSCTWPLPR	AKT1;AKT2	hprd;pelm;psite	842
ENSP00000363377	FOXO4	197	RRRAASMDSSS	AKT1	hprd;pelm;psite	842
ENSP00000363377	FOXO4	262	RPRSSSNASSV	AKT1	hprd;pelm;psite	842
ENSP00000229239	GAPDH	83	QERDPSKIKWG		hprd;pelm;psite	867
ENSP00000229239	GAPDH	237	AFRVPTANVSV	AKT2	psite	867
ENSP00000320935	SLC2A4	274	RERPLSLLQLL	SGK1	pelm;psite	945
ENSP00000263915	GRB14	372	PMRSISENSLV		hprd;psite	902
ENSP00000222330	GSK3A	19	SGRARTSSFAE		hprd;pelm;psite	840
ENSP00000222330	GSK3A	21	RARTSSFAEPG	AKT1;PRKACA;PRKCA;PRKCB;PRKCD;PRKCG;PRKCH;RPS6KA3	hprd;pelm;psite	840
ENSP00000324806	GSK3B	9	RPRTTSFAESC	AKT1;AURKA;MAP4K5;PRKACA;PRKCA;PRKCB;PRKCD;PRKCG;PRKCH;RPS6KA1;RPS6KA3;RPS6KB1	hprd;pelm;psite	964
ENSP00000321744	HIST1H2BC	33	KKRKRSRKESY		pelm;psite	414
ENSP00000353074	HIST1H2BF	33	KKRKRSRKESY		pelm;psite	414
ENSP00000321744	HIST1H2BC	37	RSRKESYSVYV		pelm;psite	414
ENSP00000353074	HIST1H2BF	37	RSRKESYSVYV		pelm;psite	414
ENSP00000348706	HIST1H2BH	33	KKRKRSRKESY		psite	416
ENSP00000348706	HIST1H2BH	37	RSRKESYSVYV		psite	416
ENSP00000254810	H3F3B	46	RYRPGTVALRE	DYRK1B;DYRK2;DYRK3	psite	413
ENSP00000355778	H3F3A	46	RYRPGTVALRE	DYRK1B;DYRK2;DYRK3	psite	412
ENSP00000375736	HIST3H2BB	37	RGRKESYSIYV		psite	416
ENSP00000375736	HIST3H2BB	76	FERIASEASRL		psite	416
ENSP00000305556	PCBP1	60	PERIITLTGPT	PAK1	psite	806
ENSP00000305556	PCBP1	127	EIRESTGAQVQ	PAK1	psite	806
ENSP00000305556	PCBP1	180	QGRVMTIPYQP		hprd;psite	806
ENSP00000305556	PCBP1	246	VARQQSHFAMM		hprd;psite	806
ENSP00000335153	HSP90AA1	185	KIRYESLTDPS		psite	755
ENSP00000335153	HSP90AA1	212	QDRTLTIVDTG	PRKACA	hprd;psite	755
ENSP00000335153	HSP90AA1	745	ALRDNSTMGYM		psite	755
ENSP00000216797	NFKBIA	32	DDRHDSGLDSM	CHUK;CSNK2A1;IKBKB;IKBKE;RPS6KA1;RPS6KA3;SGK1	hprd;pelm;psite	827
ENSP00000359424	CHUK	23	RERLGTGGFGN	AKT1;AKT2	hprd;pelm;psite	963
ENSP00000299421	ILK	181	RPRNGTLNKHS		psite	854
ENSP00000299421	ILK	246	RLRIFSHPNVL	PAK1	psite	854
ENSP00000303830	INSR	361	ELRGCTVINGS		psite	926
ENSP00000303830	INSR	1375	NGRILTLPRSN	PRKCA	hprd;pelm;psite	926
ENSP00000231368	LNPEP	666	EGRNYSKYQSV		psite	925
ENSP00000310127	IRF3	175	PLRSPSLDNPT	TBK1	hprd;psite	800
ENSP00000304895	IRS1	268	EFRPRSKSQSS	IKBKB	hprd;pelm;psite	759
ENSP00000304895	IRS1	270	RPRSKSQSSSN	ATR;IKBKB;RPS6KB1	hprd;pelm;psite	759
ENSP00000304895	IRS1	305	TRRSRTESITA		psite	759
ENSP00000304895	IRS1	307	RSRTESITATS	IKBKB;PRKCD;RPS6KB1	hprd;pelm;psite	759
ENSP00000304895	IRS1	330	RVRASSDGEGT	CSNK2B	hprd;psite	759
ENSP00000304895	IRS1	341	MSRPASVDGSP	IKBKB	hprd;pelm;psite	759
ENSP00000304895	IRS1	527	RKRTHSAGTSP	IKBKB;RPS6KB1	hprd;pelm;psite	759
ENSP00000304895	IRS1	603	HHRPDSSTLHT		psite	759
ENSP00000304895	IRS1	629	SGRKGSGDYMP	AKT1	hprd;pelm;psite	759
ENSP00000304895	IRS1	1100	CRRRHSSETFS		hprd;psite	759
ENSP00000304895	IRS1	1101	RRRHSSETFSS	PRKCQ;RPS6KA1;RPS6KB1	hprd;pelm;psite	759
ENSP00000304895	IRS1	1143	VKRHSSASFEN		hprd;psite	759
ENSP00000304895	IRS1	1223	STRRSSEDLSA		hprd;pelm;psite	759
ENSP00000365016	IRS2	304	EFRPRSKSQSS		pelm;psite	727
ENSP00000365016	IRS2	306	RPRSKSQSSGS		hprd;pelm;psite	727
ENSP00000365016	IRS2	344	VRRSRTDSLAA		psite	727
ENSP00000365016	IRS2	346	RSRTDSLAATP		hprd;pelm;psite	727
ENSP00000365016	IRS2	363	SCRVRTASEGD		hprd;pelm;psite	727
ENSP00000365016	IRS2	365	RVRTASEGDGG		hprd;pelm;psite	727
ENSP00000365016	IRS2	384	GARPVSVAGSP		hprd;pelm;psite	727
ENSP00000365016	IRS2	404	LSRSHTLSGGC		psite	727
ENSP00000365016	IRS2	550	MDRPLSHCGRS		hprd;pelm;psite	727
ENSP00000365016	IRS2	560	SYRRVSGDAAQ		hprd;pelm;psite	727
ENSP00000365016	IRS2	575	GLRKRTYSLTT		psite	727
ENSP00000365016	IRS2	577	RKRTYSLTTPA		hprd;pelm;psite	727
ENSP00000365016	IRS2	1148	GRRRHSSETFS		hprd;pelm;psite	727
ENSP00000365016	IRS2	1149	RRRHSSETFSS		hprd;pelm;psite	727
ENSP00000365016	IRS2	1174	PKRHNSASVEN		hprd;pelm;psite	727
ENSP00000365016	IRS2	1186	SLRKSSEGGVG		hprd;psite	727
ENSP00000381216	KHSRP	193	PERSVSLTGAP	AKT1;AKT2	psite	800
ENSP00000417281	MDM2	164	VSRPSTSSRRR		psite	874
ENSP00000417281	MDM2	172	RRRAISETEEN	AKT1;CSNK1D;DAPK3;MAPKAPK2;PIM1	hprd;pelm;psite	874
ENSP00000417281	MDM2	192	RKRHKSDSISL	AKT1;DAPK3;PIM1	hprd;pelm;psite	874
ENSP00000417281	MDM2	425	FEREETQDKEE	CSNK1D	psite	874
ENSP00000262445	MAP2K4	78	IERLRTHSIES		psite	834
ENSP00000262445	MAP2K4	80	RLRTHSIESSG	AKT1	hprd;pelm;psite	834
ENSP00000354558	MTOR	1821	KLRHASGANIT		psite	974
ENSP00000354558	MTOR	2444	NKRSRTRTDSY		hprd;psite	974
ENSP00000354558	MTOR	2446	RSRTRTDSYSA	AKT1;RPS6KB1	hprd;pelm;psite	974
ENSP00000354558	MTOR	2448	RTRTDSYSAGQ	AKT1;RPS6KB1	hprd;pelm;psite	974
ENSP00000382177	MYO5A	987	TGRVLSLQEEI		psite	899
ENSP00000382177	MYO5A	1115	HKRTDSTHSSN		hprd;psite	899
ENSP00000382177	MYO5A	1650	GLRKRTSSIAD		hprd;pelm;psite	899
ENSP00000382177	MYO5A	1652	RKRTSSIADEG		hprd;pelm;psite	899
ENSP00000226574	NFKB1	338	QLRRKSDLETS	PRKACA	hprd;pelm;psite	832
ENSP00000226574	NFKB1	938	SFRKLSFTESL		psite	832
ENSP00000384273	RELA	276	QLRRPSDRELS	PIM1;PRKACA;RPS6KA4;RPS6KA5	hprd;pelm;psite	838
ENSP00000384273	RELA	281	SDRELSEPMEF		psite	838
ENSP00000384273	RELA	505	ITRLVTGAQRP		pelm;psite	838
ENSP00000370253	NKX3-1	48	GGRTSSQRQRD	PRKCA	psite	800
ENSP00000244741	CDKN1A	145	RKRRQTSMTDF	AKT1;DAPK3;PIM1;PIM2;PRKCA	hprd;pelm;psite	933
ENSP00000244741	CDKN1A	146	KRRQTSMTDFY	AKT1;PIM1;PIM2;PRKCA	hprd;pelm;psite	933
ENSP00000228872	CDKN1B	157	RKRPATDDSST	AKT1;PIM1;SGK1	hprd;pelm;psite	854
ENSP00000269305	TP53	366	GSRAHSSHLKS	CHEK2	hprd;psite	412
ENSP00000308413	RPS6KB2	416	PRRLNSSPRAP		psite	817
ENSP00000351957	PDE3A	292	KRRRRSSSVVS		psite	838
ENSP00000351957	PDE3A	293	RRRRSSSVVSA		psite	838
ENSP00000351957	PDE3A	294	RRRSSSVVSAE		psite	838
ENSP00000351957	PDE3A	312	SHRRTSLPCIP	PRKACA;PRKCA	hprd;pelm;psite	838
ENSP00000351957	PDE3A	438	LLRRVSSTWTT	PRKCA	psite	838
ENSP00000351957	PDE3A	439	LRRVSSTWTTT		psite	838
ENSP00000351957	PDE3A	463	VRRDRSTSIKL		psite	838
ENSP00000351957	PDE3A	465	RDRSTSIKLQE	PRKCA	psite	838
ENSP00000282096	PDE3B	295	RPRRRSSCVSL	AKT1	hprd;psite	911
ENSP00000282096	PDE3B	296	PRRRSSCVSLG	PRKACA	psite	911
ENSP00000282096	PDE3B	318	IFRRPSLPCIS	PRKACA	hprd;pelm;psite	911
ENSP00000282096	PDE3B	442	QLRRSSGTSGL	AKT1	hprd;pelm;psite	911
ENSP00000282077	PDK1	346	RPRVETSRAVP		psite	863
ENSP00000344220	PDPK1	241	QARANSFVGTA	PDK1;PDPK1	hprd;pelm;psite	938
ENSP00000344220	PDPK1	410	PQRSGSNIEQY	PDK1;PDPK1	hprd;pelm;psite	938
ENSP00000264867	PPARGC1A	208	QRRPCSELLKY		psite	496
ENSP00000264867	PPARGC1A	285	IERTLSVELSG		psite	496
ENSP00000264867	PPARGC1A	571	RSRSRSFSRHR		psite	496
ENSP00000264867	PPARGC1A	636	RPRYDSYEEYQ		psite	496
ENSP00000348611	PHLPP2	1210	IRRQNSVNSGM		psite	633
ENSP00000263967	PIK3CA	312	YSRRISTATPY		psite	952
ENSP00000263967	PIK3CA	313	SRRISTATPYM		psite	952
ENSP00000366563	PIK3CD	520	LERRGSGELYE		psite	943
ENSP00000352121	PIK3CG	582	HFRYESLKHPK		psite	935
ENSP00000352121	PIK3CG	1024	ALRHHTNLLII		psite	935
ENSP00000274335	PIK3R1	154	LYRTQSSSNLA		psite	906
ENSP00000274335	PIK3R1	265	NARVLSEIFSP		psite	906
ENSP00000284601	PPP1R3A	46	PSRRGSDSSED	RPS6KA1;RPS6KA3	hprd;psite	849
ENSP00000284601	PPP1R3A	65	GTRRVSFADSF	RPS6KA3	hprd;pelm;psite	849
ENSP00000360035	PPP1R3D	25	GPRSLSCLSDL		hprd;pelm;psite	800
ENSP00000360035	PPP1R3D	74	LRRARSLPSSP		hprd;pelm;psite	800
ENSP00000341698	AKT1S1	73	AHRAATAARPP		hprd;psite	966
ENSP00000341698	AKT1S1	246	RPRLNTSDFQK	AKT1;DYRK3	hprd;pelm;psite	966
ENSP00000264710	RAB10	73	QERFHTITTSY		psite	910
ENSP00000300935	RAB8A	72	QERFRTITTAY		psite	903
ENSP00000300935	RAB8A	132	DKRQVSKERGE		psite	903
ENSP00000348461	RAC1	71	RLRPLSYPQTV	AKT1	hprd;psite	925
ENSP00000202677	RALGAPA2	373	SDRRLSNSSLC		psite	906
ENSP00000202677	RALGAPA2	480	HKRSSSWGRTY		psite	906
ENSP00000202677	RALGAPA2	486	WGRTYSFTSAM		psite	906
ENSP00000202677	RALGAPA2	696	VGRSFSLSWRS		psite	906
ENSP00000202677	RALGAPA2	713	PMRFRSATTSG		psite	906
ENSP00000202677	RALGAPA2	715	RFRSATTSGAP		psite	906
ENSP00000202677	RALGAPA2	766	VLRSSSTSDIP		psite	906
ENSP00000202677	RALGAPA2	820	LVRRSSSPAEL		hprd;pelm;psite	906
ENSP00000202677	RALGAPA2	844	RERQKSESTNS		psite	906
ENSP00000262879	RALGAPB	357	ISRPRSDSAPP		psite	899
ENSP00000262879	RALGAPB	359	RPRSDSAPPTP		hprd;pelm;psite	899
ENSP00000262879	RALGAPB	487	FRRKGSQMSTD		psite	899
ENSP00000262879	RALGAPB	720	HSRTNSGISSA		psite	899
ENSP00000307272	RPTOR	719	TPRLRSVSSYG	RPS6KA1	hprd;pelm;psite	927
ENSP00000307272	RPTOR	721	RLRSVSSYGNI	RPS6KA1	psite	927
ENSP00000307272	RPTOR	792	MRRASSYSSLN	PRKAA1	pelm;psite	927
ENSP00000307272	RPTOR	908	SGRPGTTGPAG	ICK	psite	927
ENSP00000262187	RHEB	130	MERVISYEEGK		psite	571
ENSP00000272233	RHOB	185	QKRYGSQNGCI	CSNK1A1	psite	512
ENSP00000349959	RICTOR	21	RGRNDSGEENV		hprd;pelm;psite	524
ENSP00000349959	RICTOR	35	LTREPSDNLRE		psite	524
ENSP00000349959	RICTOR	383	PHRARSRPDLM		psite	524
ENSP00000349959	RICTOR	1035	SSRHNSESESV		psite	524
ENSP00000349959	RICTOR	1133	NRRIRTLTEPS		psite	524
ENSP00000349959	RICTOR	1135	RIRTLTEPSVD	AKT1;RPS6KB1;RPS6KB2;SGK1	psite	524
ENSP00000349959	RICTOR	1219	KIRSQSFNTDT		hprd;psite	524
ENSP00000349959	RICTOR	1302	PRRAQSLKAPS		psite	524
ENSP00000230449	EXOC2	432	LKRGSSFQSGR		hprd;pelm;psite	899
ENSP00000230449	EXOC2	440	SGRDDTWRYKT		psite	899
ENSP00000357965	SETDB1	111	QYRDSSSEDES		psite	621
ENSP00000357965	SETDB1	1197	PVRKNTRQFYD		hprd;psite	621
ENSP00000377892	SRSF5	227	RSRSKSRSVSR		hprd;psite	822
ENSP00000377892	SRSF5	231	KSRSVSRSPVP		hprd;pelm;psite	822
ENSP00000298229	INPPL1	132	DDRDASDGEDE		hprd;pelm;psite	869
ENSP00000298229	INPPL1	881	TERLGTRERLY		psite	869
ENSP00000298229	INPPL1	1167	YGRPLSFPPPR		psite	869
ENSP00000262158	SMAD7	121	ESRGGTRTACL		psite	407
ENSP00000365530	STXBP4	99	KLRLESAWEIA		psite	904
ENSP00000261439	TBC1D1	596	RRRANTLSHFP	AKT1;PRKAA1	psite	852
ENSP00000261439	TBC1D1	627	LMRYHSVSTET		psite	852
ENSP00000261439	TBC1D1	660	KTRRHSWRQQI		psite	852
ENSP00000171887	TNS1	338	LIRWDSYDNFS		pelm;psite	412
ENSP00000171887	TNS1	445	LDRLLSGFGLE		pelm;psite	412
ENSP00000171887	TNS1	621	MFRSQSFSEAE		pelm;psite	412
ENSP00000171887	TNS1	701	FPRAASQQEIE		psite	412
ENSP00000171887	TNS1	899	RRRAASDGQYE		psite	412
ENSP00000171887	TNS1	1107	GPRTPTQPLLE		psite	412
ENSP00000171887	TNS1	1119	GFRSGSLGQPS		psite	412
ENSP00000171887	TNS1	1184	QARHRTVGTNT		psite	412
ENSP00000171887	TNS1	1335	EDRRPTLSRQS		psite	412
ENSP00000171887	TNS1	1393	EKRRMSVGDRA		psite	412
ENSP00000171887	TNS1	1400	GDRAGSLPNYA		psite	412
ENSP00000268184	CRTC3	162	LNRTNSDSALH		psite	597
ENSP00000268184	CRTC3	368	SLRLFSLSNPS		psite	597
ENSP00000268184	CRTC3	410	FSRQLSSTSPL		hprd;psite	597
ENSP00000298552	TSC1	487	ISRELSEITTA		psite	945
ENSP00000298552	TSC1	1100	LFRNKSESQCD		psite	945
ENSP00000219476	TSC2	937	SFRARSTSLNE		psite	969
ENSP00000219476	TSC2	939	RARSTSLNERP	AKT1	hprd;pelm;psite	969
ENSP00000219476	TSC2	946	NERPKSLRIAR		psite	969
ENSP00000219476	TSC2	981	RCRSISVSEHV	AKT1	hprd;pelm;psite	969
ENSP00000219476	TSC2	1130	RDRVRSMSGGH		hprd;psite	969
ENSP00000219476	TSC2	1132	RVRSMSGGHGL		hprd;pelm;psite	969
ENSP00000219476	TSC2	1338	YSRSSSVSSQE		hprd;pelm;psite	969
ENSP00000219476	TSC2	1364	IERVVSSEGGR		hprd;psite	969
ENSP00000219476	TSC2	1420	KARSQSGTLDG		hprd;pelm;psite	969
ENSP00000219476	TSC2	1454	SPRSPSGLRPR		psite	969
ENSP00000219476	TSC2	1462	RPRGYTISDSA	AKT1	hprd;pelm;psite	969
ENSP00000219476	TSC2	1798	RKRLISSVEDF	RPS6KA1	hprd;pelm;psite	969
ENSP00000346791	TTC3	378	TPRSLSAPIFT	AKT1	psite	619
ENSP00000242261	TWIST1	42	RKRRSSRRSAG	AKT1	psite	537
ENSP00000242261	TWIST1	123	RQRTQSLNEAF	AKT1	psite	537
ENSP00000224237	VIM	26	ASRPSSSRSYV	PRKCA	hprd;pelm;psite	690
ENSP00000224237	VIM	39	STRTYSLGSAL	AKT1;MAPKAPK2;PRKACA;PRKCA	hprd;pelm;psite	690
ENSP00000224237	VIM	48	ALRPSTSRSLY		hprd;pelm;psite	690
ENSP00000224237	VIM	72	AVRLRSSVPGV	PRKACA;ROCK1	hprd;pelm;psite	690
ENSP00000347858	XIAP	32	FNRLKTFANFP		psite	719
ENSP00000314709	ZHX2	713	VARKATKPMAE		psite	424
ENSP00000263056	MAP3K8	413	RKRLLSRKELE	AKT1	hprd;pelm	800
ENSP00000366863	TBC1D4	673	LLRQSSSEQCS		pelm	938
ENSP00000254810	H3F3B	87	DLRFQSAAIGA		hprd	413
ENSP00000355778	H3F3A	87	DLRFQSAAIGA		hprd	412
ENSP00000361202	IRS4	1231	PEREDSDNDDD		hprd	409
ENSP00000361202	IRS4	66	GSRSDSESEEE		hprd	409
ENSP00000344220	PDPK1	33	MVRTQTESSTP	PDPK1	hprd	938
ENSP00000353564	EXOC8	416	TRRAVSQLIRL		hprd	899
