name	AKT3
id	ENSP00000263826
type	Serine/threonine kinase
proline+1_removed	Yes
npartners	90
npartners_with_sites	75
nsites	125
//
motif	score	fg_matches	fg_size	bg_matches	bg_size	fold_increase
R.RT.[ST].....	625.94	15	789	1	9383	178.38
R.R..[ST].....	320.74	38	774	33	9382	13.96
..RR.[ST].....	317.57	20	736	15	9349	16.94
..R..[ST].S...	18.02	25	716	48	9334	6.79
R..S.[ST].....	17.02	24	691	52	9286	6.2
//
prot_id	prot_name	position	flank	kinase	source	string_score
ENSP00000288266	APPL1	636	LDRRASEKQKE		psite	626
ENSP00000351908	MAP3K5	83	RGRGSSVGGGS	AKT1;AKT2;PIM1	hprd;pelm;psite	811
ENSP00000309103	BAD	75	RSRHSSYPAGT	ARAF;BRAF;PAK1;PIM3;PRKACA;PRKCE;PRKCI;PRKCQ;PRKD1;RAF1;RPS6KA1;RPS6KA3	hprd;pelm;psite	888
ENSP00000309103	BAD	97	PFRGRSRSAPP		psite	888
ENSP00000309103	BAD	99	RGRSRSAPPNL	AKT1;ARAF;BRAF;PAK1;PRKACA;PRKCE;PRKCI;PRKCQ;PRKD1;RAF1;RPS6KA3	hprd;pelm;psite	888
ENSP00000309103	BAD	118	ELRRMSDEFVD	ARAF;BRAF;PAK1;PRKACA;PRKCE;PRKCI;PRKD1;RAF1;RPS6KA1	hprd;pelm;psite	888
ENSP00000330237	CASP9	183	RTRTGSNIDCE	AKT1;PRKACA	hprd;pelm;psite	848
ENSP00000330237	CASP9	195	LRRRFSSLHFM	PRKACA	psite	848
ENSP00000330237	CASP9	196	RRRFSSLHFMV	AKT1	hprd;pelm;psite	848
ENSP00000297494	NOS3	615	KIRFNSISCSD	AKT1;PRKACA	pelm;psite	874
ENSP00000297494	NOS3	633	RKRKESSNTDS	PRKAA1;PRKACA;PRKG2	hprd;pelm;psite	874
ENSP00000297494	NOS3	1175	TSRIRTQSFSL		hprd;psite	874
ENSP00000297494	NOS3	1177	RIRTQSFSLQE	AKT1;PRKAA1;PRKACA;PRKG2	hprd;pelm;psite	874
ENSP00000297494	NOS3	1179	RTQSFSLQERQ		pelm;psite	874
ENSP00000206249	ESR1	167	RERLASTNDKG	AKT1;AKT2;CSNK2A1;IKBKE;RPS6KA1;RPS6KA3;RPS6KB1	hprd;pelm;psite	424
ENSP00000206249	ESR1	236	KNRRKSCQACR	PRKACA	pelm;psite	424
ENSP00000368880	FOXO1	24	RPRSCTWPLPR	AKT1	hprd;pelm;psite	928
ENSP00000368880	FOXO1	256	RRRAASMDNNS	AKT1	hprd;pelm;psite	928
ENSP00000368880	FOXO1	319	RPRTSSNASTI	AKT1	hprd;pelm;psite	928
ENSP00000339527	FOXO3	32	RPRSCTWPLQR	AKT1;PIM1;SGK1	hprd;pelm;psite	868
ENSP00000339527	FOXO3	253	RRRAVSMDNSN	AKT1;PIM1;SGK1	hprd;pelm;psite	868
ENSP00000339527	FOXO3	315	RSRTNSNASTV	SGK1	hprd;pelm;psite	868
ENSP00000339527	FOXO3	551	GSRALSNSVSN		psite	868
ENSP00000363377	FOXO4	32	RPRSCTWPLPR	AKT1;AKT2	hprd;pelm;psite	512
ENSP00000363377	FOXO4	197	RRRAASMDSSS	AKT1	hprd;pelm;psite	512
ENSP00000363377	FOXO4	262	RPRSSSNASSV	AKT1	hprd;pelm;psite	512
ENSP00000320935	SLC2A4	274	RERPLSLLQLL	SGK1	pelm;psite	800
ENSP00000262493	GNAO1	182	RTRVKTTGIVE		psite	899
ENSP00000222330	GSK3A	19	SGRARTSSFAE		hprd;pelm;psite	854
ENSP00000222330	GSK3A	21	RARTSSFAEPG	AKT1;PRKACA;PRKCA;PRKCB;PRKCD;PRKCG;PRKCH;RPS6KA3	hprd;pelm;psite	854
ENSP00000324806	GSK3B	9	RPRTTSFAESC	AKT1;AURKA;MAP4K5;PRKACA;PRKCA;PRKCB;PRKCD;PRKCG;PRKCH;RPS6KA1;RPS6KA3;RPS6KB1	hprd;pelm;psite	816
ENSP00000359424	CHUK	23	RERLGTGGFGN	AKT1;AKT2	hprd;pelm;psite	800
ENSP00000299421	ILK	181	RPRNGTLNKHS		psite	855
ENSP00000299421	ILK	246	RLRIFSHPNVL	PAK1	psite	855
ENSP00000304895	IRS1	268	EFRPRSKSQSS	IKBKB	hprd;pelm;psite	597
ENSP00000304895	IRS1	270	RPRSKSQSSSN	ATR;IKBKB;RPS6KB1	hprd;pelm;psite	597
ENSP00000304895	IRS1	305	TRRSRTESITA		psite	597
ENSP00000304895	IRS1	307	RSRTESITATS	IKBKB;PRKCD;RPS6KB1	hprd;pelm;psite	597
ENSP00000304895	IRS1	309	RTESITATSPA		psite	597
ENSP00000304895	IRS1	330	RVRASSDGEGT	CSNK2B	hprd;psite	597
ENSP00000304895	IRS1	527	RKRTHSAGTSP	IKBKB;RPS6KB1	hprd;pelm;psite	597
ENSP00000304895	IRS1	605	RPDSSTLHTDD		psite	597
ENSP00000304895	IRS1	1100	CRRRHSSETFS		hprd;psite	597
ENSP00000304895	IRS1	1101	RRRHSSETFSS	PRKCQ;RPS6KA1;RPS6KB1	hprd;pelm;psite	597
ENSP00000304895	IRS1	1103	RHSSETFSSTP		hprd;psite	597
ENSP00000304895	IRS1	1143	VKRHSSASFEN		hprd;psite	597
ENSP00000304895	IRS1	1145	RHSSASFENVW		hprd;pelm;psite	597
ENSP00000304895	IRS1	1223	STRRSSEDLSA		hprd;pelm;psite	597
ENSP00000365016	IRS2	304	EFRPRSKSQSS		pelm;psite	552
ENSP00000365016	IRS2	306	RPRSKSQSSGS		hprd;pelm;psite	552
ENSP00000365016	IRS2	308	RSKSQSSGSSA		hprd;pelm;psite	552
ENSP00000365016	IRS2	344	VRRSRTDSLAA		psite	552
ENSP00000365016	IRS2	346	RSRTDSLAATP		hprd;pelm;psite	552
ENSP00000365016	IRS2	363	SCRVRTASEGD		hprd;pelm;psite	552
ENSP00000365016	IRS2	365	RVRTASEGDGG		hprd;pelm;psite	552
ENSP00000365016	IRS2	404	LSRSHTLSGGC		psite	552
ENSP00000365016	IRS2	560	SYRRVSGDAAQ		hprd;pelm;psite	552
ENSP00000365016	IRS2	575	GLRKRTYSLTT		psite	552
ENSP00000365016	IRS2	577	RKRTYSLTTPA		hprd;pelm;psite	552
ENSP00000365016	IRS2	579	RTYSLTTPARQ		hprd;pelm;psite	552
ENSP00000365016	IRS2	1148	GRRRHSSETFS		hprd;pelm;psite	552
ENSP00000365016	IRS2	1149	RRRHSSETFSS		hprd;pelm;psite	552
ENSP00000365016	IRS2	1151	RHSSETFSSTT		hprd;pelm;psite	552
ENSP00000365016	IRS2	1174	PKRHNSASVEN		hprd;pelm;psite	552
ENSP00000365016	IRS2	1176	RHNSASVENVS		hprd;pelm;psite	552
ENSP00000417281	MDM2	164	VSRPSTSSRRR		psite	878
ENSP00000417281	MDM2	172	RRRAISETEEN	AKT1;CSNK1D;DAPK3;MAPKAPK2;PIM1	hprd;pelm;psite	878
ENSP00000417281	MDM2	174	RAISETEENSD		psite	878
ENSP00000417281	MDM2	192	RKRHKSDSISL	AKT1;DAPK3;PIM1	hprd;pelm;psite	878
ENSP00000417281	MDM2	194	RHKSDSISLSF	AKT1	pelm;psite	878
ENSP00000262445	MAP2K4	78	IERLRTHSIES		psite	815
ENSP00000262445	MAP2K4	80	RLRTHSIESSG	AKT1	hprd;pelm;psite	815
ENSP00000354558	MTOR	2446	RSRTRTDSYSA	AKT1;RPS6KB1	hprd;pelm;psite	934
ENSP00000354558	MTOR	2448	RTRTDSYSAGQ	AKT1;RPS6KB1	hprd;pelm;psite	934
ENSP00000354558	MTOR	2450	RTDSYSAGQSV		psite	934
ENSP00000226574	NFKB1	338	QLRRKSDLETS	PRKACA	hprd;pelm;psite	808
ENSP00000226574	NFKB1	940	RKLSFTESLTS		hprd;pelm;psite	808
ENSP00000384273	RELA	276	QLRRPSDRELS	PIM1;PRKACA;RPS6KA4;RPS6KA5	hprd;pelm;psite	823
ENSP00000244741	CDKN1A	145	RKRRQTSMTDF	AKT1;DAPK3;PIM1;PIM2;PRKCA	hprd;pelm;psite	852
ENSP00000228872	CDKN1B	157	RKRPATDDSST	AKT1;PIM1;SGK1	hprd;pelm;psite	877
ENSP00000351957	PDE3A	292	KRRRRSSSVVS		psite	834
ENSP00000351957	PDE3A	293	RRRRSSSVVSA		psite	834
ENSP00000351957	PDE3A	294	RRRSSSVVSAE		psite	834
ENSP00000351957	PDE3A	312	SHRRTSLPCIP	PRKACA;PRKCA	hprd;pelm;psite	834
ENSP00000351957	PDE3A	438	LLRRVSSTWTT	PRKCA	psite	834
ENSP00000351957	PDE3A	440	RRVSSTWTTTT		pelm;psite	834
ENSP00000351957	PDE3A	463	VRRDRSTSIKL		psite	834
ENSP00000351957	PDE3A	465	RDRSTSIKLQE	PRKCA	psite	834
ENSP00000282096	PDE3B	295	RPRRRSSCVSL	AKT1	hprd;psite	814
ENSP00000282096	PDE3B	296	PRRRSSCVSLG	PRKACA	psite	814
ENSP00000282096	PDE3B	318	IFRRPSLPCIS	PRKACA	hprd;pelm;psite	814
ENSP00000282096	PDE3B	442	QLRRSSGTSGL	AKT1	hprd;pelm;psite	814
ENSP00000282096	PDE3B	444	RRSSGTSGLLP		hprd;pelm;psite	814
ENSP00000282077	PDK1	346	RPRVETSRAVP		psite	864
ENSP00000263967	PIK3CA	312	YSRRISTATPY		psite	935
ENSP00000366563	PIK3CD	520	LERRGSGELYE		psite	935
ENSP00000274335	PIK3R1	154	LYRTQSSSNLA		psite	900
ENSP00000331602	PRKCD	304	SRRSDSASSEP	PRKCD	hprd;pelm;psite	636
ENSP00000331602	PRKCD	306	RSDSASSEPVG		hprd;psite	636
ENSP00000284601	PPP1R3A	46	PSRRGSDSSED	RPS6KA1;RPS6KA3	hprd;psite	801
ENSP00000284601	PPP1R3A	65	GTRRVSFADSF	RPS6KA3	hprd;pelm;psite	801
ENSP00000349959	RICTOR	21	RGRNDSGEENV		hprd;pelm;psite	467
ENSP00000349959	RICTOR	1035	SSRHNSESESV		psite	467
ENSP00000349959	RICTOR	1037	RHNSESESVPS		psite	467
ENSP00000349959	RICTOR	1135	RIRTLTEPSVD	AKT1;RPS6KB1;RPS6KB2;SGK1	psite	467
ENSP00000320493	TRIP10	296	MNRAPSDSSLG		hprd;pelm;psite	800
ENSP00000320493	TRIP10	298	RAPSDSSLGTP		hprd;pelm;psite	800
ENSP00000320493	TRIP10	426	SNRGDSLSRHA		hprd;pelm;psite	800
ENSP00000298552	TSC1	1100	LFRNKSESQCD		psite	472
ENSP00000298552	TSC1	1102	RNKSESQCDED		hprd;pelm;psite	472
ENSP00000219476	TSC2	937	SFRARSTSLNE		psite	965
ENSP00000219476	TSC2	939	RARSTSLNERP	AKT1	hprd;pelm;psite	965
ENSP00000219476	TSC2	981	RCRSISVSEHV	AKT1	hprd;pelm;psite	965
ENSP00000219476	TSC2	1130	RDRVRSMSGGH		hprd;psite	965
ENSP00000219476	TSC2	1132	RVRSMSGGHGL		hprd;pelm;psite	965
ENSP00000219476	TSC2	1338	YSRSSSVSSQE		hprd;pelm;psite	965
ENSP00000219476	TSC2	1340	RSSSVSSQEEK		psite	965
ENSP00000219476	TSC2	1462	RPRGYTISDSA	AKT1	hprd;pelm;psite	965
ENSP00000219476	TSC2	1798	RKRLISSVEDF	RPS6KA1	hprd;pelm;psite	965
ENSP00000304895	IRS1	272	RSKSQSSSNCS	IKBKB	hprd;pelm	597
ENSP00000263056	MAP3K8	413	RKRLLSRKELE	AKT1	hprd;pelm	800
ENSP00000284601	PPP1R3A	48	RRGSDSSEDIY	RPS6KA1	pelm	801
ENSP00000351957	PDE3A	615	RTPSRTDDTAQ		hprd	834
ENSP00000320493	TRIP10	428	RGDSLSRHARP		hprd	800
ENSP00000344220	PDPK1	33	MVRTQTESSTP	PDPK1	hprd	934
