name	ARAF
id	ENSP00000366244
type	Serine/threonine kinase
proline+1_removed	Yes
npartners	107
npartners_with_sites	89
nsites	152
//
motif	score	fg_matches	fg_size	bg_matches	bg_size	fold_increase
..R..[ST].....	11.06	79	665	483	9383	2.31
....P[ST].....	6.01	67	586	546	8900	1.86
//
prot_id	prot_name	position	flank	kinase	source	string_score
ENSP00000248975	YWHAH	59	GARRSSWRVIS		pelm;psite	943
ENSP00000248975	YWHAH	168	EQMQPTHPIRL		hprd;psite	943
ENSP00000309503	YWHAZ	58	GARRSSWRVVS	AKT1;MAPKAPK2;PRKACA	hprd;pelm;psite	895
ENSP00000309503	YWHAZ	63	SWRVVSSIEQK		psite	895
ENSP00000288602	BRAF	363	GQRDRSSSAPN		hprd;psite	939
ENSP00000288602	BRAF	365	RDRSSSAPNVH	AKT1;AKT3	hprd;pelm;psite	939
ENSP00000288602	BRAF	429	RERKSSSSSED	AKT1;AKT3	hprd;pelm;psite	939
ENSP00000288602	BRAF	440	RNRMKTLGRRD		hprd;pelm;psite	939
ENSP00000288602	BRAF	446	LGRRDSSDDWE	PAK1	hprd;pelm;psite	939
ENSP00000288602	BRAF	447	GRRDSSDDWEI		hprd;pelm;psite	939
ENSP00000288602	BRAF	465	GQRIGSGSFGT		psite	939
ENSP00000288602	BRAF	729	IHRSASEPSLN		hprd;pelm;psite	939
ENSP00000288602	BRAF	732	SASEPSLNRAG		psite	939
ENSP00000368824	CNKSR2	433	RESTPTYGKLR		psite	458
ENSP00000402608	CPS1	825	RMCHPSIEGFT		psite	538
ENSP00000402608	CPS1	841	NKEWPSNLDLR		psite	538
ENSP00000402608	CPS1	1301	EKHLPTLDHPI		psite	538
ENSP00000358857	EMD	52	RLSPPSSSAAS		hprd;pelm;psite	556
ENSP00000358857	EMD	171	HYRPVSASRSS		hprd;pelm;psite	556
ENSP00000263025	MAPK3	170	RDLKPSNLLIN		psite	816
ENSP00000215832	MAPK1	248	ILGSPSQEDLN		psite	879
ENSP00000377225	FAM50A	118	AKRKISSLSFT		psite	446
ENSP00000377225	FAM50A	276	KARGKSGPLFN		psite	446
ENSP00000358866	FLNA	394	PGLEPSGNIAN		psite	423
ENSP00000358866	FLNA	968	VAVSPSLDLSK		psite	423
ENSP00000358866	FLNA	1286	DARALTQTGGP		psite	423
ENSP00000358866	FLNA	1301	RVANPSGNLTE		psite	423
ENSP00000358866	FLNA	1835	VRYAPSEAGLH		psite	423
ENSP00000358866	FLNA	2152	RRRAPSVANVG	PAK1;PRKACA;RPS6KA1	hprd;pelm;psite	423
ENSP00000358866	FLNA	2182	QVTSPSGKTHE		psite	423
ENSP00000358866	FLNA	2336	DARRLTVSSLQ		hprd;psite	423
ENSP00000358866	FLNA	2372	KVHSPSGALEE		psite	423
ENSP00000358866	FLNA	2523	GPRLVSNHSLH	CAMK2A;CAMK2G	hprd;pelm;psite	423
ENSP00000326948	FTSJ1	302	ISRVDTFPQPL		hprd;psite	585
ENSP00000309845	HRAS	35	DEYDPTIEDSY		pelm;psite	955
ENSP00000358997	IRAK1	556	TGRAHSGAAPW		psite	522
ENSP00000358997	IRAK1	568	PLAAPSGASAQ		pelm;psite	522
ENSP00000353483	MAPK8	155	RDLKPSNIVVK		psite	809
ENSP00000352157	MAPK10	193	RDLKPSNIVVK		psite	802
ENSP00000360266	JUN	95	TTPTPTQFLCP		psite	881
ENSP00000242365	KIAA1549	1299	KLQIPSVKGFD		hprd;psite	430
ENSP00000242365	KIAA1549	1338	DHTTPSENGDV		psite	430
ENSP00000242365	KIAA1549	1543	EPRKSSRIKRS		psite	430
ENSP00000242365	KIAA1549	1826	SGREPSAPSGN		psite	430
ENSP00000242365	KIAA1549	1829	EPSAPSGNLPH		psite	430
ENSP00000363193	MED12	1269	GGRNISVETAS		hprd;psite	587
ENSP00000302486	MAP2K1	194	RDVKPSNILVN		psite	989
ENSP00000302486	MAP2K1	298	PGRPLSSYGMD	PAK1	hprd;pelm;psite	989
ENSP00000302486	MAP2K1	385	GLNQPSTPTHA		hprd;psite	989
ENSP00000302486	MAP2K1	388	QPSTPTHAAGV		psite	989
ENSP00000262948	MAP2K2	198	RDVKPSNILVN		psite	944
ENSP00000262948	MAP2K2	306	PGRPVSGHGMD		psite	944
ENSP00000359417	MTMR1	43	GSRQPSVETLD		psite	430
ENSP00000359417	MTMR1	51	TLDSPTGSHVE		psite	430
ENSP00000359417	MTMR1	655	RGSSPSHSATS		psite	430
ENSP00000276079	NONO	188	DRGRPSGKGIV		hprd;psite	414
ENSP00000276079	NONO	431	GLTPPTTERFG		psite	414
ENSP00000156084	OTUD5	431	QPRKASATCSS		psite	551
ENSP00000156084	OTUD5	457	SPRQRSSASSP		psite	551
ENSP00000301905	PBK	26	LCSTPTINIPA		hprd;psite	543
ENSP00000338868	PHF8	486	RLSLPSKNGSK		hprd;psite	445
ENSP00000338868	PHF8	790	YWRTESEEEEE		hprd;psite	445
ENSP00000338868	PHF8	818	EYIYPSLESDD		hprd;pelm;psite	445
ENSP00000338868	PHF8	868	GTRVASIETGL	CHEK1	psite	445
ENSP00000338868	PHF8	985	TQRRPSVGSQS		psite	445
ENSP00000369274	PHKA2	1015	MTRRFSADEQF		hprd;pelm;psite	441
ENSP00000369274	PHKA2	1043	RSSTPSSPTGT		hprd;psite	441
ENSP00000274335	PIK3R1	154	LYRTQSSSNLA		psite	863
ENSP00000274335	PIK3R1	265	NARVLSEIFSP		psite	863
ENSP00000305355	PRKCB	11	AGPPPSEGEES		hprd;psite	800
ENSP00000305355	PRKCB	48	FFKQPTFCSHC		psite	800
ENSP00000305355	PRKCB	364	SERKGTDELYA		psite	800
ENSP00000305355	PRKCB	634	FDRFFTRHPPV		psite	800
ENSP00000331602	PRKCD	43	TERGKTLVQKK		hprd;psite	833
ENSP00000331602	PRKCD	50	VQKKPTMYPEW		hprd;psite	833
ENSP00000331602	PRKCD	141	EAKFPTMNRRG	PRKCD	psite	833
ENSP00000331602	PRKCD	304	SRRSDSASSEP	PRKCD	hprd;pelm;psite	833
ENSP00000331602	PRKCD	507	ESRASTFCGTP	PDK1;PDPK1	hprd;pelm;psite	833
ENSP00000306124	PRKCE	181	YLRQPTYCSHC		psite	833
ENSP00000306124	PRKCE	339	SGSSPSEEDRS		hprd;psite	833
ENSP00000306124	PRKCE	346	EDRSKSAPTSP	GSK3B	hprd;psite	833
ENSP00000263431	PRKCG	320	VRMGPSSSPIP		psite	800
ENSP00000329127	PRKCH	183	YLRQPTYCSHC		psite	832
ENSP00000329127	PRKCH	675	EFRNFSYVSPE		psite	832
ENSP00000263125	PRKCQ	51	IQKKPTMYPPW		psite	830
ENSP00000263125	PRKCQ	370	NKERPSLQIKL		psite	830
ENSP00000263125	PRKCQ	695	MFRNFSFMNPG		hprd;pelm;psite	830
ENSP00000320171	PKM	95	NVRTATESFAS		psite	577
ENSP00000320171	PKM	249	FIRKASDVHEV		psite	577
ENSP00000365505	PLP2	145	HTAAPTDPADG		psite	438
ENSP00000228307	PXN	35	PYSYPTGNHTY		psite	505
ENSP00000228307	PXN	250	PQRVTSTQQQT		psite	505
ENSP00000251849	RAF1	31	SCISPTIVQQF		psite	623
ENSP00000251849	RAF1	43	YQRRASDDGKL	PRKACA;PRKCA	hprd;pelm;psite	623
ENSP00000251849	RAF1	211	VPALPSLTMRR		psite	623
ENSP00000251849	RAF1	257	SQRQRSTSTPN		hprd;pelm;psite	623
ENSP00000251849	RAF1	259	RQRSTSTPNVH	AKT1;PRKACA;RAF1	hprd;pelm;psite	623
ENSP00000251849	RAF1	285	AIRSHSESASP		psite	623
ENSP00000251849	RAF1	291	ESASPSALSSS		hprd;psite	623
ENSP00000251849	RAF1	303	NNLSPTGWSQP		hprd;psite	623
ENSP00000251849	RAF1	339	GQRDSSYYWEI	PAK1	hprd;pelm;psite	623
ENSP00000251849	RAF1	357	STRIGSGSFGT		psite	623
ENSP00000251849	RAF1	621	INRSASEPSLH	PRKACA;RAF1	hprd;pelm;psite	623
ENSP00000251849	RAF1	624	SASEPSLHRAA		hprd;psite	623
ENSP00000250559	RAP1B	179	KARKKSSCQLL	PRKACA;PRKG1	hprd;pelm;psite	886
ENSP00000339381	RGS12	934	LCRRESQGSVS		hprd;pelm;psite	619
ENSP00000256196	RRAS2	10	GWRDGSGQEKY		psite	942
ENSP00000256196	RRAS2	190	PSPEPTRKEKD		hprd;psite	942
ENSP00000281456	SLC25A4	84	IRYFPTQALNF		psite	538
ENSP00000330320	SLC9A7	693	SRRTKSSSEEV		psite	400
ENSP00000363392	SNX12	14	TRRLNSKPQDL		psite	445
ENSP00000363392	SNX12	73	VRRRYSDFEWL		hprd;pelm;psite	445
ENSP00000295987	SYN1	9	LRRRLSDSNFM	PRKACA	hprd;psite	685
ENSP00000295987	SYN1	449	LGRQTSQQPAG		psite	685
ENSP00000295987	SYN1	605	PTRQASQAGPV	CAMK2G	hprd;pelm;psite	685
ENSP00000314129	TFE3	548	PLRAASDPLLS		hprd;psite	543
ENSP00000314129	TFE3	568	SSRRSSFSMEE		hprd;psite	543
ENSP00000270538	TIMM44	180	AFRALSQGVES		psite	812
ENSP00000362026	TRMT2B	235	TVRTNSQGHTM		psite	452
ENSP00000364591	TSPYL2	16	KTRRLSSSESP		hprd;pelm;psite	407
ENSP00000364591	TSPYL2	17	TRRLSSSESPQ		hprd;pelm;psite	407
ENSP00000338413	UBA1	13	KKRRVSGPDPK		hprd;pelm;psite	443
ENSP00000218056	WDR13	79	SARAYSNSIVR		hprd;psite	485
ENSP00000218056	WDR13	113	HRRSVSRGSYQ		hprd;psite	485
ENSP00000314709	ZHX2	344	QSVPPTITVLP		hprd;psite	677
ENSP00000314709	ZHX2	355	AQLAPTKVTQP		hprd;psite	677
ENSP00000314709	ZHX2	713	VARKATKPMAE		psite	677
ENSP00000366273	ZNF157	297	HHRTHTGEKPY		psite	742
ENSP00000322845	ZMYM3	53	PGPSPSSGALD		hprd;psite	540
ENSP00000315173	ZNF41	434	HQRIHTGEKPY		psite	744
ENSP00000315173	ZNF41	462	HQRIHTGEKPY		psite	744
ENSP00000315173	ZNF41	490	HQRIHTGEKPY		psite	744
ENSP00000315173	ZNF41	602	HQRIHTGEKPY		psite	744
ENSP00000315173	ZNF41	630	HHRIHTGEKPY		psite	744
ENSP00000228307	PXN	132	AEPSPTVMSTS		hprd;pelm	505
ENSP00000247161	ELK1	326	LPLSPSLLGGP		hprd;pelm	526
ENSP00000288602	BRAF	319	SGSSPSAPASD		hprd;pelm	939
ENSP00000306124	PRKCE	380	EHRAASSPDGQ		hprd	833
ENSP00000402608	CPS1	1137	CLLRPSYVLSG		hprd	538
ENSP00000358866	FLNA	2329	PVASPSGDARR		hprd	423
ENSP00000322845	ZMYM3	220	PPAHPSLPGDG		hprd	540
ENSP00000217901	IDH3G	326	NIANPTATLLA		hprd	433
ENSP00000363193	MED12	1778	GAAPPSTEERK		hprd	587
ENSP00000295987	SYN1	568	ATRQTSVSGPA	CAMK2G	hprd	685
ENSP00000338413	UBA1	38	VPSVPTNGMAK		hprd	443
ENSP00000338413	UBA1	35	LSEVPSVPTNG		hprd	443
ENSP00000353483	MAPK8	255	KKLQPTVRTYV		hprd	809
ENSP00000262948	MAP2K2	25	EGPSPTSEGAS		hprd	944
ENSP00000311280	ELF4	194	PVTDPSIPIRK		hprd	409
ENSP00000266079	PRPF6	26	LGRGATGFTTR		hprd	813
ENSP00000301905	PBK	57	SPRGLSHSPWA		hprd	543
ENSP00000301905	PBK	310	PKDRPSAAHIV		hprd	543
