name	ATM
id	ENSP00000278616
type	Serine/threonine kinase
proline+1_removed	Yes
npartners	341
npartners_with_sites	294
nsites	248
//
motif	score	fg_matches	fg_size	bg_matches	bg_size	fold_increase
....D[ST]D.D..	627.28	11	2586	0	8842	Inf
.....[ST]QS..S	326	15	3138	1	9383	44.85
.....[ST]D.E..	322.7	66	3063	38	9352	5.3
..RR.[ST].....	318	37	2951	17	9287	6.85
.....[ST]SP...	317.17	66	2115	51	7980	4.88
//
prot_id	prot_name	position	flank	kinase	source	string_score
ENSP00000340691	EIF4EBP1	82	TIPGVTSPSSD		hprd;psite	965
ENSP00000371475	TP53BP1	384	PFIVPSSPTEQ		hprd;pelm;psite	999
ENSP00000371475	TP53BP1	882	AKQLSSDAEAQ		hprd;pelm;psite	999
ENSP00000371475	TP53BP1	1118	VIQGPSSPQGE		hprd;pelm;psite	999
ENSP00000371475	TP53BP1	1485	DGLDASSPGNS		hprd;pelm;psite	999
ENSP00000371475	TP53BP1	1639	RRSNVSSPATP		hprd;pelm;psite	999
ENSP00000225402	AATF	155	SVQSISDFEKF		hprd;pelm;psite	629
ENSP00000361423	ABL1	827	ESSPGSSPPNL		hprd;psite	999
ENSP00000361423	ABL1	16	DQRRPSLPALH		psite	999
ENSP00000369857	FAM175A	386	KASKMSSPETD		hprd;pelm;psite	907
ENSP00000369857	FAM175A	390	MSSPETDEEIE		hprd;pelm;psite	907
ENSP00000262053	ATF1	63	LARRPSYRKIL	CAMK2G;CDK3;RPS6KA5	hprd;pelm;psite	801
ENSP00000262053	ATF1	197	QTVVMTSPVTL		hprd;pelm;psite	801
ENSP00000264110	ATF2	305	SGLVRTQSEES		psite	972
ENSP00000264110	ATF2	498	VMAPSSQSQPS	ATM	pelm;psite	972
ENSP00000343741	ATR	435	KRRRLSSSLNP		hprd;psite	891
ENSP00000347232	BLM	1295	SPAEDSSPGIS		hprd;pelm;psite	984
ENSP00000350283	BRCA1	509	RKRRPTSGLHP	AKT1	hprd;pelm;psite	999
ENSP00000350283	BRCA1	615	RLRRKSSTRHI		psite	999
ENSP00000350283	BRCA1	1336	QGVGLSDKELV		hprd;pelm;psite	999
ENSP00000350283	BRCA1	1342	DKELVSDDEER		hprd;pelm;psite	999
ENSP00000369497	BRCA2	805	GNNYESDVELT		psite	989
ENSP00000259008	BRIP1	1031	SENSASSPPRF		psite	430
ENSP00000287598	BUB1B	1042	KVGKLTSPGAL		hprd;psite	437
ENSP00000265872	CCAR1	329	RERRRSRERSP		pelm;psite	810
ENSP00000265872	CCAR1	832	PKRRKSGDDKD		psite	810
ENSP00000303706	CDC25A	293	TKRRKSMSGAS	CHEK1;CHEK2;RPS6KA1	hprd;pelm;psite	994
ENSP00000245960	CDC25B	178	DGRRKSEAGSG		psite	527
ENSP00000245960	CDC25B	353	NKRRRSVTPPE	AURKA;MAPKAPK2;RPS6KA1	hprd;pelm;psite	527
ENSP00000405798	CDK16	84	DLKMGSDGESD		hprd;psite	461
ENSP00000405798	CDK16	159	RLRRVSLSEIG	PRKACA	hprd;pelm;psite	461
ENSP00000349508	CHD4	103	EVALRSDSEGS		hprd;pelm;psite	931
ENSP00000372023	CHEK2	26	PHGSVTQSQGS	ATM;PLK1	hprd;pelm;psite	999
ENSP00000372023	CHEK2	50	TMPNSSQSSHS	ATM	hprd;pelm;psite	999
ENSP00000312995	CLSPN	65	KVLQDSDSETE		hprd;pelm;psite	649
ENSP00000312995	CLSPN	987	SGSFPTDKEEE		psite	649
ENSP00000312995	CLSPN	1012	DNEFDSDEDEH		hprd;pelm;psite	649
ENSP00000312995	CLSPN	1156	LFHRDSDDDQT		hprd;pelm;psite	649
ENSP00000387699	CREB1	133	LSRRPSYRKIL	ATM;CAMK4;CAMKK1;DYRK3;MAP3K8;MAPKAPK2;PRKACA;PRKCE;PRKD1;RPS6KA1;RPS6KA2;RPS6KA3;RPS6KA4;RPS6KA5;SGK1;TSSK4	hprd;pelm;psite	975
ENSP00000387699	CREB1	270	GVVMASSPALP		hprd;pelm;psite	975
ENSP00000290921	CTBP1	144	LYRRATWLHQA		psite	906
ENSP00000262315	CHTF18	63	RGDAASSPAPA		hprd;psite	639
ENSP00000323050	RBBP8	326	LPTRVSSPVFG		hprd;psite	998
ENSP00000301727	E4F1	317	GEPIETSPVIH		hprd;psite	630
ENSP00000275493	EGFR	1025	QQGFFSSPSTS		hprd;pelm;psite	430
ENSP00000311280	ELF4	151	RAGDTSDQEGH		hprd;pelm;psite	800
ENSP00000206249	ESR1	236	KNRRKSCQACR	PRKACA	pelm;psite	430
ENSP00000354158	ERC1	75	GPMYLSDHENV		psite	422
ENSP00000263073	SMG6	479	LHFLDTDDEVS		hprd;pelm;psite	438
ENSP00000311873	EXO1	581	KATVFTDEESY		psite	958
ENSP00000311873	EXO1	660	KSEESSDDESH		hprd;psite	958
ENSP00000311873	EXO1	674	EEACSSQSQES		psite	958
ENSP00000287647	FANCD2	8	SKRRLSKSEDK		hprd;pelm;psite	999
ENSP00000230056	GMNN	63	LTSTTSSPGVI		hprd;pelm;psite	430
ENSP00000362352	H2AFY2	200	QKLSLTQSDIS		psite	409
ENSP00000362649	HDAC1	421	CEEEFSDSEEE	CSNK2A1	hprd;pelm;psite	749
ENSP00000408617	HDAC9	242	VAERRSSPLLR		psite	419
ENSP00000262854	HUWE1	648	MRRRRSSDPLG		hprd;pelm;psite	695
ENSP00000262854	HUWE1	649	RRRRSSDPLGD		hprd;pelm;psite	695
ENSP00000262854	HUWE1	1907	GSGTASDDEFE		hprd;pelm;psite	695
ENSP00000262854	HUWE1	2619	HIIARSDDELL		hprd;psite	695
ENSP00000262854	HUWE1	3377	CSPCSSQSSSS	ATM	hprd;psite	695
ENSP00000262854	HUWE1	3797	ATSESSQSEAS	ATM	hprd;pelm;psite	695
ENSP00000262854	HUWE1	3822	PSAQDTQSIAS		hprd;pelm;psite	695
ENSP00000358622	IKBKG	444	APAYLSSPLAL	IKBKB	hprd;pelm;psite	997
ENSP00000360266	JUN	62	NSDLLTSPDVG		hprd;psite	430
ENSP00000367787	LIG3	209	TTGQVTSPVKG		hprd;pelm;psite	429
ENSP00000367787	LIG3	241	SGEAPSSPTPK		hprd;pelm;psite	429
ENSP00000367787	LIG3	912	KLATKSSPVKV		psite	429
ENSP00000324856	STK11	428	KIRRLSACKQQ	PRKCZ;RPS6KA3;STK11	hprd;pelm;psite	950
ENSP00000265056	MCM2	12	SFTMASSPAQR		psite	766
ENSP00000265056	MCM2	26	NDPLTSSPGRS		hprd;pelm;psite	766
ENSP00000265056	MCM2	40	TDALTSSPGRD	CDC7;CDK2;CDK7;CSNK2A1	hprd;pelm;psite	766
ENSP00000265056	MCM2	139	GLLYDSDEEDE	CDC7;CDK2;CDK7;CSNK2A1	hprd;pelm;psite	766
ENSP00000229854	MCM3	160	IERRYSDLTTL	DAPK1	hprd;pelm;psite	866
ENSP00000229854	MCM3	711	DPYDFSDTEEE		hprd;pelm;psite	866
ENSP00000262105	MCM4	13	PSRRGSRRGRA		psite	429
ENSP00000262105	MCM4	31	SEDARSSPSQR		hprd;pelm;psite	429
ENSP00000262105	MCM4	53	LQPMPTSPGVD	CDK2	hprd;psite	429
ENSP00000262105	MCM4	87	LDFDVSSPLTY		psite	429
ENSP00000365588	MDC1	220	NLNSDTDVEEG	CSNK2A1	psite	983
ENSP00000373060	MDC1	220	NLNSDTDVEEG	CSNK2A1	psite	997
ENSP00000387429	MDC1	220	NLNSDTDVEEG	CSNK2A1	psite	967
ENSP00000404318	MDC1	220	NLNSDTDVEEG	CSNK2A1	psite	962
ENSP00000409167	MDC1	220	NLNSDTDVEEG	CSNK2A1	psite	983
ENSP00000365588	MDC1	299	PPGEDSDTDVD	CSNK2A1	hprd;pelm;psite	983
ENSP00000373060	MDC1	299	PPGEDSDTDVD	CSNK2A1	hprd;pelm;psite	997
ENSP00000387429	MDC1	299	PPGEDSDTDVD	CSNK2A1	hprd;pelm;psite	967
ENSP00000404318	MDC1	299	PPGEDSDTDVD	CSNK2A1	hprd;pelm;psite	962
ENSP00000409167	MDC1	299	PPGEDSDTDVD	CSNK2A1	hprd;pelm;psite	983
ENSP00000365588	MDC1	301	GEDSDTDVDDD	CSNK2A1	hprd;pelm;psite	983
ENSP00000373060	MDC1	301	GEDSDTDVDDD	CSNK2A1	hprd;pelm;psite	997
ENSP00000387429	MDC1	301	GEDSDTDVDDD	CSNK2A1	hprd;pelm;psite	967
ENSP00000404318	MDC1	301	GEDSDTDVDDD	CSNK2A1	hprd;pelm;psite	962
ENSP00000409167	MDC1	301	GEDSDTDVDDD	CSNK2A1	hprd;pelm;psite	983
ENSP00000365588	MDC1	329	FGFIDSDTDAE	CSNK2A1	hprd;pelm;psite	983
ENSP00000373060	MDC1	329	FGFIDSDTDAE	CSNK2A1	hprd;pelm;psite	997
ENSP00000387429	MDC1	329	FGFIDSDTDAE	CSNK2A1	hprd;pelm;psite	967
ENSP00000404318	MDC1	329	FGFIDSDTDAE	CSNK2A1	hprd;pelm;psite	962
ENSP00000409167	MDC1	329	FGFIDSDTDAE	CSNK2A1	hprd;pelm;psite	983
ENSP00000365588	MDC1	331	FIDSDTDAEEE	CSNK2A1	hprd;pelm;psite	983
ENSP00000373060	MDC1	331	FIDSDTDAEEE	CSNK2A1	hprd;pelm;psite	997
ENSP00000387429	MDC1	331	FIDSDTDAEEE	CSNK2A1	hprd;pelm;psite	967
ENSP00000404318	MDC1	331	FIDSDTDAEEE	CSNK2A1	hprd;pelm;psite	962
ENSP00000409167	MDC1	331	FIDSDTDAEEE	CSNK2A1	hprd;pelm;psite	983
ENSP00000365588	MDC1	378	QAGSDTDVEEG	CSNK2A1	hprd;pelm;psite	983
ENSP00000373060	MDC1	378	QAGSDTDVEEG	CSNK2A1	hprd;pelm;psite	997
ENSP00000387429	MDC1	378	QAGSDTDVEEG	CSNK2A1	hprd;pelm;psite	967
ENSP00000404318	MDC1	378	QAGSDTDVEEG	CSNK2A1	hprd;pelm;psite	962
ENSP00000409167	MDC1	378	QAGSDTDVEEG	CSNK2A1	hprd;pelm;psite	983
ENSP00000365588	MDC1	404	VINSDTDDEEE	CSNK2A1	hprd;pelm;psite	983
ENSP00000373060	MDC1	404	VINSDTDDEEE	CSNK2A1	hprd;pelm;psite	997
ENSP00000387429	MDC1	404	VINSDTDDEEE	CSNK2A1	hprd;pelm;psite	967
ENSP00000404318	MDC1	404	VINSDTDDEEE	CSNK2A1	hprd;pelm;psite	962
ENSP00000409167	MDC1	404	VINSDTDDEEE	CSNK2A1	hprd;pelm;psite	983
ENSP00000365588	MDC1	453	TTERDSDTDVE	CSNK2A1	hprd;pelm;psite	983
ENSP00000373060	MDC1	453	TTERDSDTDVE	CSNK2A1	hprd;pelm;psite	997
ENSP00000387429	MDC1	453	TTERDSDTDVE	CSNK2A1	hprd;pelm;psite	967
ENSP00000404318	MDC1	453	TTERDSDTDVE	CSNK2A1	hprd;pelm;psite	962
ENSP00000409167	MDC1	453	TTERDSDTDVE	CSNK2A1	hprd;pelm;psite	983
ENSP00000365588	MDC1	455	ERDSDTDVEEE	CSNK2A1	hprd;pelm;psite	983
ENSP00000373060	MDC1	455	ERDSDTDVEEE	CSNK2A1	hprd;pelm;psite	997
ENSP00000387429	MDC1	455	ERDSDTDVEEE	CSNK2A1	hprd;pelm;psite	967
ENSP00000404318	MDC1	455	ERDSDTDVEEE	CSNK2A1	hprd;pelm;psite	962
ENSP00000409167	MDC1	455	ERDSDTDVEEE	CSNK2A1	hprd;pelm;psite	983
ENSP00000365588	MDC1	504	VEADKSSPGIH		hprd;pelm;psite	983
ENSP00000373060	MDC1	504	VEADKSSPGIH		hprd;pelm;psite	997
ENSP00000387429	MDC1	504	VEADKSSPGIH		hprd;pelm;psite	967
ENSP00000404318	MDC1	504	VEADKSSPGIH		hprd;pelm;psite	962
ENSP00000409167	MDC1	504	VEADKSSPGIH		hprd;pelm;psite	983
ENSP00000365588	MDC1	579	HGDCETDAEEG		psite	983
ENSP00000373060	MDC1	579	HGDCETDAEEG		psite	997
ENSP00000387429	MDC1	579	HGDCETDAEEG		psite	967
ENSP00000404318	MDC1	579	HGDCETDAEEG		psite	962
ENSP00000409167	MDC1	579	HGDCETDAEEG		psite	983
ENSP00000365588	MDC1	963	QKGQASSPTPE		psite	983
ENSP00000373060	MDC1	963	QKGQASSPTPE		psite	997
ENSP00000387429	MDC1	963	QKGQASSPTPE		psite	967
ENSP00000404318	MDC1	963	QKGQASSPTPE		psite	962
ENSP00000409167	MDC1	963	QKGQASSPTPE		psite	983
ENSP00000417281	MDM2	392	KITQASQSQES	ATM;CSNK1D	psite	997
ENSP00000300651	MED1	620	GSTIGSSPTPP		psite	652
ENSP00000300651	MED1	1141	GSSGSSQSKNS	ATM	psite	652
ENSP00000300651	MED1	1155	GGKPGSSPITK		hprd;psite	652
ENSP00000231790	MLH1	477	RHREDSDVEMV		hprd;pelm;psite	993
ENSP00000325863	MRE11A	531	ARALRSQSEES		psite	999
ENSP00000325863	MRE11A	649	IEVDESDVEED	CSNK2A1	hprd;pelm;psite	999
ENSP00000325863	MRE11A	676	SSKIMSQSQVS		hprd;psite	999
ENSP00000234420	MSH6	252	KRRVISDSESD		hprd;pelm;psite	673
ENSP00000234420	MSH6	261	SDIGGSDVEFK		hprd;pelm;psite	673
ENSP00000234420	MSH6	935	KAGFDSDYDQA		hprd;psite	673
ENSP00000367207	MYC	265	PPTTSSDSEEE	CSNK2A1	psite	559
ENSP00000367207	MYC	358	NNRKCTSPRSS		psite	559
ENSP00000367207	MYC	363	TSPRSSDTEEN	CSNK2A1	hprd;psite	559
ENSP00000278612	NPAT	1296	SSRRFSEDSST		psite	440
ENSP00000244741	CDKN1A	145	RKRRQTSMTDF	AKT1;DAPK3;PIM1;PIM2;PRKCA	hprd;pelm;psite	667
ENSP00000269305	TP53	314	PNNTSSSPQPK	CDK2	hprd;psite	999
ENSP00000250416	PARP2	33	TAPEDSSPAKK		hprd;psite	469
ENSP00000384048	PAXIP1	255	DDSSDSSPEKQ		hprd;psite	756
ENSP00000292823	PCYT1A	322	KQSPSSSPTRE		psite	651
ENSP00000292823	PCYT1A	342	PFSGKTSPPCS		hprd;pelm;psite	651
ENSP00000363124	PHF20	328	LSRRRSSRLST		psite	532
ENSP00000343325	PKN1	69	NLRRATTDLGR		psite	430
ENSP00000343325	PKN1	567	GTDSDSSPQKS		hprd;psite	430
ENSP00000300093	PLK1	137	LCRRRSLLELH	MAP3K8	pelm;psite	542
ENSP00000322570	POLE	202	RGGVITDEEET		psite	613
ENSP00000361021	PTEN	370	VTPDVSDNEPD	CSNK2A1;PLK3	hprd;pelm;psite	546
ENSP00000361021	PTEN	385	SDTTDSDPENE	AKT1;CSNK2A1	hprd;pelm;psite	546
ENSP00000280362	PTS	19	VSRRISFSASH	PRKG1;PRKG2	hprd;pelm;psite	578
ENSP00000366434	UIMC1	46	IVISDSDGEEP		hprd;pelm;psite	986
ENSP00000349547	RASSF1	206	SVRRRTSFYLP	AURKA	hprd;psite	852
ENSP00000349547	RASSF1	207	VRRRTSFYLPK	AURKA;AURKB;CDK4;PRKACA	psite	852
ENSP00000267163	RB1	794	PYKFPSSPLRI		psite	460
ENSP00000351697	REV3L	1118	LSERSTSPINS		psite	633
ENSP00000351697	REV3L	1123	TSPINSSPPRC		psite	633
ENSP00000351697	REV3L	2146	GDDRPSSPVEE		psite	633
ENSP00000261424	RFC1	29	NEKTKSDEETL		psite	692
ENSP00000261424	RFC1	69	RIIYDSDSESE		hprd;pelm;psite	692
ENSP00000261424	RFC1	110	TYISETDEEDD		hprd;pelm;psite	692
ENSP00000261424	RFC1	311	KIGEVSSPKAS		psite	692
ENSP00000320898	RNF168	134	AERRASEEEEN		psite	514
ENSP00000320898	RNF168	414	KVSPESSPDQE		hprd;pelm;psite	514
ENSP00000373772	RNF20	545	SEDLSSQSSAS	ATM	hprd;pelm;psite	655
ENSP00000223129	RPA3	44	KMFILSDGEGK		psite	909
ENSP00000262519	SETD1A	220	ESRRRSSSDTA		psite	431
ENSP00000262519	SETD1A	221	SRRRSSSDTAA		psite	431
ENSP00000262519	SETD1A	508	FSFLASDTEEE		hprd;psite	431
ENSP00000262519	SETD1A	1167	KKRRKTVSFSA		psite	431
ENSP00000249396	SIRT2	23	QEAQDSDSDSE		hprd;psite	401
ENSP00000249396	SIRT2	25	AQDSDSDSEGG		hprd;pelm;psite	401
ENSP00000323439	SMC6	669	VDSEISDLENE		pelm;psite	506
ENSP00000323439	SMC6	1068	RILRMSDPERG		psite	506
ENSP00000358335	MAP3K7	439	QPRRRSIQDLT		hprd;pelm;psite	627
ENSP00000262319	TELO2	487	LAGSDSDLDSD	CSNK2A1	psite	988
ENSP00000262319	TELO2	491	DSDLDSDDEFV	CSNK2A1	psite	988
ENSP00000355330	TGM2	215	DCSRRSSPVYV	PRKACA	psite	826
ENSP00000253024	TRIM28	49	ASAAASSPAGG		hprd;pelm;psite	912
ENSP00000253024	TRIM28	756	LSPPYSSPQEF		hprd;pelm;psite	912
ENSP00000354522	TOP1	111	KENGFSSPPQI		hprd;psite	662
ENSP00000411532	TOP2A	1106	EENEESDNEKE		hprd;pelm;psite	435
ENSP00000411532	TOP2A	1295	KRNPWSDSESD		hprd;pelm;psite	435
ENSP00000411532	TOP2A	1332	TMDLDSDEDFS		hprd;pelm;psite	435
ENSP00000411532	TOP2A	1343	DFDEKTDDEDF	CSNK2A1;PLK1;PLK3;PRKCB	hprd;pelm;psite	435
ENSP00000411532	TOP2A	1377	QKSVVSDLEAD	CSNK2A1	hprd;pelm;psite	435
ENSP00000411532	TOP2A	1392	SVPLSSSPPAT		hprd;pelm;psite	435
ENSP00000396704	TOP2B	1331	KRNPWSDDESK		hprd;pelm;psite	465
ENSP00000396704	TOP2B	1339	ESKSESDLEET		hprd;pelm;psite	465
ENSP00000396704	TOP2B	1519	AVNSDSDSEFG		hprd;pelm;psite	465
ENSP00000396704	TOP2B	1576	SFDQDSDVDIF		hprd;pelm;psite	465
ENSP00000396704	TOP2B	1608	KYFAESDEEED		hprd;pelm;psite	465
ENSP00000381577	USP34	1458	RIRRESTGSYS		psite	720
ENSP00000381577	USP34	3358	KRRRVSSDEEH		hprd;psite	720
ENSP00000381577	USP34	3359	RRRVSSDEEHT		hprd;psite	720
ENSP00000381577	USP34	3386	TPTSTSDNETR		psite	720
ENSP00000351777	VCP	457	FRWALSQSNPS		psite	804
ENSP00000402084	WEE1	270	EDMEASDYELE		psite	430
ENSP00000285021	XPC	884	GGGLSSDEEEG		hprd;pelm;psite	791
ENSP00000347978	ERCC5	217	TKRRRTLFEAM		psite	424
ENSP00000347978	ERCC5	563	SSLLSSDDETK		hprd;pelm;psite	424
ENSP00000262887	XRCC1	198	SRINKTSPVTA		hprd;pelm;psite	565
ENSP00000262887	XRCC1	446	QAAGPSSPQKP		hprd;pelm;psite	565
ENSP00000262887	XRCC1	523	STDENTDSEEH	CSNK2A1;CSNK2A2	hprd;pelm;psite	565
ENSP00000342011	XRCC4	233	VYDESTDEESE	CSNK2A1	psite	973
ENSP00000342011	XRCC4	327	ETLRNSSPEDL	PRKDC	hprd;pelm;psite	973
ENSP00000364361	MLTK	636	NQSRSSSPTQY	MLTK	hprd;psite	804
ENSP00000261424	RFC1	359	PKKTKSSPAKK		hprd;pelm	692
ENSP00000313420	PRKDC	2670	PLVDHTSPSSD		hprd;pelm	924
ENSP00000337353	TDP1	92	WCLSSSDDELQ		hprd;pelm	975
ENSP00000268489	ZFHX3	1589	QPEPTSSPDNK		hprd;pelm	804
ENSP00000268489	ZFHX3	425	LGPLASSPTKS		hprd	804
ENSP00000411532	TOP2A	1360	PPKTKTSPKLS		hprd	435
ENSP00000310520	ERCC4	520	RREISSSPESC		hprd	417
ENSP00000361423	ABL1	823	KDIMESSPGSS		hprd	999
ENSP00000402084	WEE1	559	PERRPSAMALV		hprd	430
ENSP00000402084	WEE1	471	HVTRISSPQVE		hprd	430
ENSP00000278612	NPAT	774	PTIILSSPTKS		hprd	440
ENSP00000300651	MED1	663	STLYGSSPLER		hprd	652
ENSP00000347232	BLM	143	KLEFSSSPDSL		hprd	984
ENSP00000396538	NFAT5	578	VKKEISSPARP		hprd	845
ENSP00000396538	NFAT5	666	GNGSFSSPSSS		hprd	845
ENSP00000396538	NFAT5	451	TLQTPSSPILC		hprd	845
ENSP00000311280	ELF4	187	KGNRSTSPVTD		hprd	800
ENSP00000311873	EXO1	700	CSSKDSDSEES		hprd	958
ENSP00000381577	USP34	355	NESLVSDTETS		hprd	720
ENSP00000225402	AATF	99	SDEEISDEEGS		hprd	629
ENSP00000225402	AATF	94	TLPGSSDEEIS		hprd	629
ENSP00000310842	FANCI	937	RALDVTDKEGE		hprd	975
ENSP00000310842	FANCI	406	GKTIETSPSLS		hprd	975
