name	AURKC
id	ENSP00000302898
type	Serine/threonine kinase
proline+1_removed	Yes
npartners	68
npartners_with_sites	58
nsites	106
//
motif	score	fg_matches	fg_size	bg_matches	bg_size	fold_increase
..RR.[ST].....	20.83	19	922	18	9383	10.74
..R..[ST].....	7.63	85	903	465	9365	1.9
//
prot_id	prot_name	position	flank	kinase	source	string_score
ENSP00000265748	ANLN	658	VPRAESGDSLG		hprd;pelm;psite	400
ENSP00000356379	ASPM	170	HNRRVSNIQNV		hprd;psite	497
ENSP00000356379	ASPM	246	VRRSTTYSSLH		hprd;pelm;psite	497
ENSP00000356379	ASPM	2429	RRRFISLKKAT		hprd;pelm;psite	497
ENSP00000316121	CDCA8	154	KKRTQSIQGKG	AURKB	hprd;psite	968
ENSP00000316121	CDCA8	169	SSRANTVTPAV	TTK	hprd;pelm;psite	968
ENSP00000316121	CDCA8	194	TPRFDSRVFKT		hprd;psite	968
ENSP00000302530	BUB1	563	VSRLPSKPKEE		hprd;psite	564
ENSP00000287598	BUB1B	39	QGRIMSTLQGA		psite	704
ENSP00000287598	BUB1B	384	LQRVQSHQQAS		psite	704
ENSP00000287598	BUB1B	600	GFRNVTICPNP		psite	704
ENSP00000287598	BUB1B	680	DSREATHSSGF	PLK1	psite	704
ENSP00000288207	CCNB2	8	LLRRPTVSSDL		psite	628
ENSP00000308450	CDC20	51	ANRSHSAGRTP		psite	719
ENSP00000308450	CDC20	448	TSRVLSLTMSP		psite	719
ENSP00000303706	CDC25A	76	LQRMGSSESTD	CHEK1;GSK3B	hprd;pelm;psite	420
ENSP00000303706	CDC25A	107	MRRIHSLPQKL		psite	420
ENSP00000303706	CDC25A	124	LKRSHSDSLDH	CHEK1;CHEK2	hprd;pelm;psite	420
ENSP00000303706	CDC25A	178	TQRQNSAPARM	CHEK1;CHEK2	hprd;pelm;psite	420
ENSP00000303706	CDC25A	293	TKRRKSMSGAS	CHEK1;CHEK2;RPS6KA1	hprd;pelm;psite	420
ENSP00000245960	CDC25B	151	IRRFQSMPVRL		psite	492
ENSP00000245960	CDC25B	167	VLRNITNSQAP		psite	492
ENSP00000245960	CDC25B	178	DGRRKSEAGSG		psite	492
ENSP00000245960	CDC25B	230	AQRPSSAPDLM	CHEK1	pelm;psite	492
ENSP00000245960	CDC25B	323	LFRSPSMPCSV	MAPKAPK2;MELK	pelm;psite	492
ENSP00000245960	CDC25B	353	NKRRRSVTPPE	AURKA;MAPKAPK2;RPS6KA1	hprd;pelm;psite	492
ENSP00000245960	CDC25B	375	VLRSKSLCHDE	BRSK1;MAPKAPK2	hprd;pelm;psite	492
ENSP00000209728	CDC6	20	PKRKLSRALNK		psite	512
ENSP00000209728	CDC6	381	CARKVSAVSGD		hprd;psite	512
ENSP00000265148	CENPE	422	RKRRVTWCLGK		hprd;pelm;psite	642
ENSP00000265148	CENPE	2083	EKRLLSDGQQH		psite	642
ENSP00000265148	CENPE	2651	DSRSKSLPSPH		hprd;pelm;psite	642
ENSP00000325017	NCAPD2	586	NPRESTGNMVT		hprd;pelm;psite	552
ENSP00000325017	NCAPD2	1315	SQRAPSAKKPS		psite	552
ENSP00000247191	DLGAP5	830	HARHISFGGNL	AURKA	hprd;pelm;psite	568
ENSP00000232458	ECT2	571	VQRLPSVALLL		psite	400
ENSP00000232458	ECT2	811	VTRAFSFSKTP		hprd;pelm;psite	400
ENSP00000232458	ECT2	849	MSRLSSTSSLA		psite	400
ENSP00000254810	H3F3B	46	RYRPGTVALRE	DYRK1B;DYRK2;DYRK3	psite	883
ENSP00000355778	H3F3A	46	RYRPGTVALRE	DYRK1B;DYRK2;DYRK3	psite	883
ENSP00000261597	NDC80	55	SERKVSLFGKR	AURKB	hprd;pelm;psite	547
ENSP00000378295	INCENP	72	KKRRISYVQDE	AURKB	hprd;pelm;psite	990
ENSP00000378295	INCENP	91	LSRRKSRSSQL		hprd;psite	990
ENSP00000378295	INCENP	103	SRRLRSKDSVE		hprd;psite	990
ENSP00000378295	INCENP	255	TGRSASKLRIA		hprd;pelm;psite	990
ENSP00000378295	INCENP	300	GSRTDSQSVRH		hprd;pelm;psite	990
ENSP00000378295	INCENP	336	VVRRASRRLAK		psite	990
ENSP00000378295	INCENP	452	ARRKRSYKQAV		psite	990
ENSP00000378295	INCENP	894	HKRTSSAVWNS	AURKB	hprd;pelm;psite	990
ENSP00000378295	INCENP	909	GARVPSSLAYS		psite	990
ENSP00000260363	KIF23	605	LQRQFSDKRRL		psite	687
ENSP00000260363	KIF23	716	HRRSNSCSSIS		pelm;psite	687
ENSP00000260363	KIF23	814	HRRSRSAGDRW		hprd;pelm;psite	687
ENSP00000260363	KIF23	912	RKRRSSTVAPA		hprd;pelm;psite	687
ENSP00000260363	KIF23	913	KRRSSTVAPAQ		hprd;pelm;psite	687
ENSP00000260363	KIF23	943	EMRAGSQLGPG		pelm;psite	687
ENSP00000363524	KIF4A	407	LSRGLSEAAGQ		psite	424
ENSP00000363524	KIF4A	799	KLRRRTFSLTE		hprd;pelm;psite	424
ENSP00000363524	KIF4A	801	RRRTFSLTEVR		hprd;pelm;psite	424
ENSP00000332455	KPNA2	54	KRRNVSSFPDD	CHEK1	hprd;psite	424
ENSP00000382562	MAD1L1	90	LERAASTSARN		pelm;psite	491
ENSP00000382562	MAD1L1	377	ELRQVSGQLLE		psite	491
ENSP00000382562	MAD1L1	583	MERGGTVPADL		psite	491
ENSP00000382562	MAD1L1	699	LRRQDSIPAFL		psite	491
ENSP00000296509	MAD2L1	185	EVRLRSFTTTI		psite	657
ENSP00000296509	MAD2L1	187	RLRSFTTTIHK		psite	657
ENSP00000262105	MCM4	13	PSRRGSRRGRA		psite	434
ENSP00000216122	MCM5	605	SDRRSSIPITV		psite	504
ENSP00000309871	RACGAP1	187	KRRSTSRQFVD	AURKB	hprd;pelm;psite	424
ENSP00000309871	RACGAP1	249	RSRRKTGTLQP	AKT2;AURKB	psite	424
ENSP00000309871	RACGAP1	405	FLRVKTVPLLS		psite	424
ENSP00000309871	RACGAP1	600	SQRVRSTLTKN		hprd;pelm;psite	424
ENSP00000251496	NCAPG	968	NRRCQTAEADS		pelm;psite	448
ENSP00000240423	NCAPH	70	LQRRRSRVFDL		hprd;pelm;psite	410
ENSP00000271452	NUF2	171	LERLDSVPVEE		psite	400
ENSP00000360621	ORC1	383	RIRRKSSVLTM		psite	492
ENSP00000360621	ORC1	478	QIRSRSLAAQE		hprd;pelm;psite	492
ENSP00000300093	PLK1	137	LCRRRSLLELH	MAP3K8	pelm;psite	473
ENSP00000300093	PLK1	210	GERKKTLCGTP	AURKA;MAP3K8;STK10	hprd;pelm;psite	473
ENSP00000300093	PLK1	597	SSRSASNRLKA		psite	473
ENSP00000377793	PRC1	571	LQRNFSINSVA		hprd;psite	438
ENSP00000301633	BIRC5	21	DHRISTFKNWP	PLK1	psite	923
ENSP00000321703	TACC1	153	IVRPFSIETKD		psite	833
ENSP00000334280	TACC2	712	LGRMESFLTLE		psite	941
ENSP00000334280	TACC2	2072	NTRRKSTDSVP		hprd;pelm;psite	941
ENSP00000334280	TACC2	2073	TRRKSTDSVPI		hprd;pelm;psite	941
ENSP00000334280	TACC2	2088	LSRSLSLQASD		hprd;pelm;psite	941
ENSP00000334280	TACC2	2134	KPRPPSLKKKQ		psite	941
ENSP00000326550	TACC3	315	AGRAMTLSPQE		hprd;pelm;psite	659
ENSP00000326550	TACC3	558	ALRKQSLYLKF	AURKA	hprd;pelm;psite	659
ENSP00000300403	TPX2	499	RIRMPTKEDEE		hprd;psite	681
ENSP00000230510	TTK	12	SGRELTIDSIM	TTK	psite	730
ENSP00000251496	NCAPG	996	PRRAKTAALEK		hprd;pelm	448
ENSP00000363524	KIF4A	544	LARKMTQNDSQ		hprd;pelm	424
ENSP00000334280	TACC2	161	AERDSSTPYQE		hprd;pelm	941
ENSP00000265148	CENPE	22	NSREESLGETA		hprd	642
ENSP00000254810	H3F3B	87	DLRFQSAAIGA		hprd	883
ENSP00000355778	H3F3A	87	DLRFQSAAIGA		hprd	883
ENSP00000378295	INCENP	50	FTREFSKEPEL		hprd	990
ENSP00000309871	RACGAP1	145	NKRLSTIDESG	AURKB	hprd	424
ENSP00000309871	RACGAP1	186	EKRRSTSRQFV	AURKB	hprd	424
ENSP00000309871	RACGAP1	533	VERLLSLPLEY		hprd	424
ENSP00000247191	DLGAP5	221	VPRTVSSTTAR		hprd	568
ENSP00000356379	ASPM	3186	RNRAASVIQKA		hprd	497
ENSP00000356379	ASPM	503	TKRKATCTREN		hprd	497
ENSP00000301905	PBK	57	SPRGLSHSPWA		hprd	500
