name	AURKA
id	ENSP00000216911
type	Serine/threonine kinase
proline+1_removed	Yes
npartners	406
npartners_with_sites	354
nsites	265
//
motif	score	fg_matches	fg_size	bg_matches	bg_size	fold_increase
..D..[ST]D.E..	628.48	12	3725	0	9383	Inf
..RR.[ST].....	615.31	70	3666	18	9355	9.92
.....[ST]SP...	318.7	79	2448	52	7594	4.71
.RR..[ST].....	317.64	52	3596	27	9337	5
..KR.[ST].....	317.11	41	3544	20	9310	5.39
//
prot_id	prot_name	position	flank	kinase	source	string_score
ENSP00000265748	ANLN	72	SKKRCSDNTEV		hprd;pelm;psite	874
ENSP00000368924	TFAP2A	258	LRRAKSKNGGR	PRKD1	psite	621
ENSP00000339109	ANAPC1	316	GDSPVTSPFQN		pelm;psite	917
ENSP00000339109	ANAPC1	333	QSRSTSSPSLH		pelm;psite	917
ENSP00000318775	ANAPC4	758	ELDESSDEEEE		psite	899
ENSP00000355090	ARHGAP11A	285	RKRRQSVGDFV		hprd;pelm;psite	604
ENSP00000355090	ARHGAP11A	581	NSNITSSPLSG		psite	604
ENSP00000355090	ARHGAP11A	847	VRRINSLLEYS		hprd;pelm;psite	604
ENSP00000364893	ARHGEF7	761	LGRRSSLSRLE		hprd;psite	899
ENSP00000356379	ASPM	170	HNRRVSNIQNV		hprd;psite	907
ENSP00000356379	ASPM	246	VRRSTTYSSLH		hprd;pelm;psite	907
ENSP00000356379	ASPM	577	ARKRKSDGSME		hprd;psite	907
ENSP00000356379	ASPM	1103	KGKRDSGSFEQ		hprd;pelm;psite	907
ENSP00000356379	ASPM	2429	RRRFISLKKAT		hprd;pelm;psite	907
ENSP00000287394	ATAD2	41	RRRLRSAGAAQ		hprd;psite	734
ENSP00000287394	ATAD2	379	RRRKRSRNRAI		psite	734
ENSP00000287394	ATAD2	1139	VGDKRSDPEQN		psite	734
ENSP00000366475	ATG2A	1629	TRAQPSSPLEG		psite	559
ENSP00000347232	BLM	1295	SPAEDSSPGIS		hprd;pelm;psite	407
ENSP00000316121	CDCA8	165	KGKRSSRANTV	AURKB	hprd;psite	934
ENSP00000350283	BRCA1	509	RKRRPTSGLHP	AKT1	hprd;pelm;psite	995
ENSP00000350283	BRCA1	510	KRRPTSGLHPE		psite	995
ENSP00000350283	BRCA1	615	RLRRKSSTRHI		psite	995
ENSP00000350283	BRCA1	616	LRRKSSTRHIH		psite	995
ENSP00000287598	BUB1B	1042	KVGKLTSPGAL		hprd;psite	951
ENSP00000301280	CHAF1A	199	GRRGDSQECSP		hprd;pelm;psite	621
ENSP00000301280	CHAF1A	309	KQHSSTSPFPT		psite	621
ENSP00000301280	CHAF1A	873	SLKRKSAGSMC		hprd;psite	621
ENSP00000301280	CHAF1A	950	KATLTSSPLGA		psite	621
ENSP00000315700	CHAF1B	409	QTHRGSSPGPR		hprd;pelm;psite	710
ENSP00000315700	CHAF1B	428	RTQDPSSPGTT		hprd;psite	710
ENSP00000315700	CHAF1B	485	PSRRVTLNTLQ		hprd;psite	710
ENSP00000368759	NEDD9	296	ARRHQSLSPNH		psite	655
ENSP00000335463	CASC5	24	VRRRHSSILKP	AURKB	psite	542
ENSP00000335463	CASC5	25	RRRHSSILKPP		psite	542
ENSP00000335463	CASC5	60	NSRRVSFADTI	AURKB	hprd;pelm;psite	542
ENSP00000335463	CASC5	1093	SQRRKSLKLKN		psite	542
ENSP00000335463	CASC5	1448	NSKRVSFKLPK		psite	542
ENSP00000335463	CASC5	1675	KVRRCSLGIFL		hprd;pelm;psite	542
ENSP00000288207	CCNB2	8	LLRRPTVSSDL		psite	963
ENSP00000303706	CDC25A	107	MRRIHSLPQKL		psite	699
ENSP00000303706	CDC25A	293	TKRRKSMSGAS	CHEK1;CHEK2;RPS6KA1	hprd;pelm;psite	699
ENSP00000245960	CDC25B	151	IRRFQSMPVRL		psite	987
ENSP00000245960	CDC25B	178	DGRRKSEAGSG		psite	987
ENSP00000245960	CDC25B	353	NKRRRSVTPPE	AURKA;MAPKAPK2;RPS6KA1	hprd;pelm;psite	987
ENSP00000328228	CDCA2	394	KRKRVTFGEDL		hprd;psite	781
ENSP00000328228	CDCA2	614	IRRLGSGYFSS		psite	781
ENSP00000328228	CDCA2	977	GKRRKSFCIST		psite	781
ENSP00000328228	CDCA2	1000	YRRRSSLNGKG		psite	781
ENSP00000306968	CDCA7	242	RPRRRTFPGVA	AKT1	psite	741
ENSP00000265148	CENPE	422	RKRRVTWCLGK		hprd;pelm;psite	844
ENSP00000355922	CENPF	242	IRRDFSASYFS		psite	957
ENSP00000355922	CENPF	2922	TEKRLSSGQNK		hprd;psite	957
ENSP00000355922	CENPF	2997	IPTGKTSPYIL		psite	957
ENSP00000319255	CHORDC1	47	CCKRRTTDFSD		hprd;psite	460
ENSP00000319255	CHORDC1	48	CKRRTTDFSDF		hprd;psite	460
ENSP00000319255	CHORDC1	199	CCRRKTSDFNT		psite	460
ENSP00000319255	CHORDC1	200	CRRKTSDFNTF		hprd;psite	460
ENSP00000324464	CSNK1D	355	SHTANTSPRPV		hprd;psite	720
ENSP00000367276	CKAP2	39	LLRRKTLFAYK		psite	787
ENSP00000305204	CKAP2L	104	LGKRLTSECVS		hprd;psite	733
ENSP00000263710	CLASP1	280	TRRLGSSTLGS		psite	720
ENSP00000263710	CLASP1	646	RTRRQSSGSAT		hprd;pelm;psite	720
ENSP00000263710	CLASP1	647	TRRQSSGSATN		hprd;pelm;psite	720
ENSP00000263710	CLASP1	687	AGSRSSSPGKL		psite	720
ENSP00000262315	CHTF18	63	RGDAASSPAPA		hprd;psite	667
ENSP00000361699	CTPS1	455	LGKRRTLFQTK	PRKACA;PRKCA	pelm;psite	625
ENSP00000361699	CTPS1	574	DRSGSSSPDSE		hprd;pelm;psite	625
ENSP00000264414	CUL3	442	ARRLLTNKSVS		psite	720
ENSP00000412292	DEPDC1	109	FRFPATSPLKT		hprd;psite	774
ENSP00000265036	DEPDC1B	160	WYKRHSIAIGE		psite	661
ENSP00000352516	DNMT1	224	KRRRVTSRERV		hprd;psite	452
ENSP00000352516	DNMT1	225	RRRVTSRERVA		hprd;psite	452
ENSP00000328547	DNMT3B	52	RGRRSSSRLSK		psite	563
ENSP00000328547	DNMT3B	53	GRRSSSRLSKR		psite	563
ENSP00000328547	DNMT3B	383	KTRRRTADDSA		hprd;psite	563
ENSP00000362850	DSN1	57	RIHLGSSPKKG		hprd;pelm;psite	631
ENSP00000362850	DSN1	95	QDRRQSWRRAS		psite	631
ENSP00000362850	DSN1	100	SWRRASMKETN	AURKB	psite	631
ENSP00000362850	DSN1	109	TNRRKSLHPIH	AURKB	hprd;pelm;psite	631
ENSP00000250024	E2F8	357	PNTSGSSPVIH		pelm;psite	467
ENSP00000232458	ECT2	375	PRKRPSAEHSL		psite	783
ENSP00000320147	EZH2	385	SKDTDSDREAG		hprd;pelm;psite	604
ENSP00000281708	FBXW7	227	RRRITSVQPPT	SGK1	psite	690
ENSP00000414109	HJURP	123	EVDATSDQEES		hprd;pelm;psite	838
ENSP00000414109	HJURP	486	ETRRLSLPSSK	AKT1	hprd;psite	838
ENSP00000414109	HJURP	641	FQKLPSSPLGC		psite	838
ENSP00000342307	FOXM1	730	VPFGNSSPSDI		psite	784
ENSP00000378529	FZR1	35	TLTPASSPVSS		psite	947
ENSP00000378529	FZR1	137	LSTKRSSPDDG		hprd;pelm;psite	947
ENSP00000368632	GATA3	309	PKRRLSAARRA	PRKACA	psite	817
ENSP00000230056	GMNN	63	LTSTTSSPGVI		hprd;pelm;psite	751
ENSP00000378338	GIT1	370	QGKSLSSPTDN		hprd;psite	899
ENSP00000378338	GIT1	401	ASDEDTDQEPL		hprd;pelm;psite	899
ENSP00000378338	GIT1	579	VPFTPSSPLLS		psite	899
ENSP00000419851	GMPS	331	TLNMTTSPEEK		hprd;pelm;psite	562
ENSP00000381331	HDAC2	501	PDKRISIRASD		hprd;pelm;psite	654
ENSP00000261597	NDC80	62	FGKRTSGHGSR		hprd;pelm;psite	965
ENSP00000239027	HELLS	832	ENSEDSSPECL		hprd;psite	635
ENSP00000355657	HIST3H3	119	HAKRVTIMPKD		psite	619
ENSP00000358622	IKBKG	444	APAYLSSPLAL	IKBKB	hprd;pelm;psite	619
ENSP00000378295	INCENP	72	KKRRISYVQDE	AURKB	hprd;pelm;psite	988
ENSP00000378295	INCENP	91	LSRRKSRSSQL		hprd;psite	988
ENSP00000378295	INCENP	103	SRRLRSKDSVE		hprd;psite	988
ENSP00000378295	INCENP	142	ALAAPSSPTPE		hprd;pelm;psite	988
ENSP00000378295	INCENP	311	SPIAPSSPSPQ		hprd;pelm;psite	988
ENSP00000378295	INCENP	336	VVRRASRRLAK		psite	988
ENSP00000378295	INCENP	420	PKPAASSPETP		hprd;psite	988
ENSP00000378295	INCENP	452	ARRKRSYKQAV		psite	988
ENSP00000378295	INCENP	480	RSKTPSSPCPA		hprd;psite	988
ENSP00000378295	INCENP	832	NSDDSTDDEAH		hprd;pelm;psite	988
ENSP00000378295	INCENP	893	YHKRTSSAVWN	AURKB	hprd;pelm;psite	988
ENSP00000262713	AJUBA	136	DASKPSSPRGS		hprd;psite	992
ENSP00000357643	MKI67	125	PARRVSRSSFS		hprd;pelm;psite	828
ENSP00000357643	MKI67	374	TGRRESVNLGK	AURKB	hprd;pelm;psite	828
ENSP00000357643	MKI67	507	KRRRVSFGGHL		psite	828
ENSP00000357643	MKI67	538	PTKRKSLVMHT	AURKB	hprd;pelm;psite	828
ENSP00000357643	MKI67	598	DQRRRSCKTAP		hprd;psite	828
ENSP00000357643	MKI67	648	CSKRRSGASEA		hprd;pelm;psite	828
ENSP00000357643	MKI67	1375	KMPCESSPPES		hprd;pelm;psite	828
ENSP00000357643	MKI67	2827	KIPCKSSPELE		hprd;pelm;psite	828
ENSP00000356319	KIF14	1192	RRRSRSLMKNR		psite	777
ENSP00000356319	KIF14	1200	KNRRISGCLHD		hprd;pelm;psite	777
ENSP00000341466	KIF18B	416	PEHLPSSPLPP		psite	644
ENSP00000341466	KIF18B	636	KRRRPSALEAD		psite	644
ENSP00000341466	KIF18B	665	CLRRGSLPDTQ		psite	644
ENSP00000341466	KIF18B	684	KGERASSPCHS		psite	644
ENSP00000260753	KIF20B	1618	ARKRKSNEMEE		psite	613
ENSP00000260363	KIF23	716	HRRSNSCSSIS		pelm;psite	947
ENSP00000260363	KIF23	814	HRRSRSAGDRW		hprd;pelm;psite	947
ENSP00000260363	KIF23	911	SRKRRSSTVAP	AURKB	hprd;pelm;psite	947
ENSP00000260363	KIF23	912	RKRRSSTVAPA		hprd;pelm;psite	947
ENSP00000260363	KIF23	913	KRRSSTVAPAQ		hprd;pelm;psite	947
ENSP00000361298	KIF2C	95	KQKRRSVNSKI	AURKB	pelm;psite	978
ENSP00000361298	KIF2C	192	SVRRKSCLVKE	AURKB;PAK1	psite	978
ENSP00000368020	KIF3A	687	GRRKRSAKPET		hprd;pelm;psite	720
ENSP00000363524	KIF4A	799	KLRRRTFSLTE		hprd;pelm;psite	935
ENSP00000363524	KIF4A	801	RRRTFSLTEVR		hprd;pelm;psite	935
ENSP00000393963	KIFC1	359	DERRGTLSGAP		hprd;psite	762
ENSP00000332455	KPNA2	54	KRRNVSSFPDD	CHEK1	hprd;psite	862
ENSP00000332455	KPNA2	61	FPDDATSPLQE		hprd;pelm;psite	862
ENSP00000261366	LMNB1	340	SRRMLTDKERE		psite	582
ENSP00000372035	LATS2	172	VTRRPSFEGTG	CHEK2	psite	628
ENSP00000372035	LATS2	380	LARRDSLQKPG	AURKA;CHEK2	hprd;pelm;psite	628
ENSP00000263274	LIG1	97	PPRPATSPENN		hprd;pelm;psite	559
ENSP00000263274	LIG1	913	GEDSGSDPEDT		hprd;pelm;psite	559
ENSP00000382562	MAD1L1	699	LRRQDSIPAFL		psite	686
ENSP00000310593	MAP9	392	KRRTPSTTTSS		psite	908
ENSP00000310593	MAP9	625	QKKRHSFLESE	AURKA	psite	908
ENSP00000265056	MCM2	12	SFTMASSPAQR		psite	818
ENSP00000265056	MCM2	26	NDPLTSSPGRS		hprd;pelm;psite	818
ENSP00000265056	MCM2	40	TDALTSSPGRD	CDC7;CDK2;CDK7;CSNK2A1	hprd;pelm;psite	818
ENSP00000229854	MCM3	160	IERRYSDLTTL	DAPK1	hprd;pelm;psite	781
ENSP00000262105	MCM4	13	PSRRGSRRGRA		psite	877
ENSP00000262105	MCM4	31	SEDARSSPSQR		hprd;pelm;psite	877
ENSP00000262105	MCM4	53	LQPMPTSPGVD	CDK2	hprd;psite	877
ENSP00000262105	MCM4	87	LDFDVSSPLTY		psite	877
ENSP00000216122	MCM5	605	SDRRSSIPITV		psite	745
ENSP00000298048	MELK	253	PKKRISMKNLL	MELK	psite	932
ENSP00000298048	MELK	505	ERRCRSVELDL	MELK	hprd;pelm;psite	932
ENSP00000309871	RACGAP1	144	GNKRLSTIDES	AURKB	hprd;pelm;psite	868
ENSP00000309871	RACGAP1	185	REKRRSTSRQF	AURKB	hprd;pelm;psite	868
ENSP00000309871	RACGAP1	187	KRRSTSRQFVD	AURKB	hprd;pelm;psite	868
ENSP00000309871	RACGAP1	249	RSRRKTGTLQP	AKT2;AURKB	psite	868
ENSP00000281453	MLF1IP	108	EAKRSSDTSGN		hprd;pelm;psite	713
ENSP00000359518	MRGBP	194	ANSNPSSPSAA		hprd;pelm;psite	504
ENSP00000268712	NCOR1	70	LRRRPSLLSEF	PRKACA;PRKCA	psite	720
ENSP00000268712	NCOR1	88	QERRTSYEPFH		hprd;pelm;psite	720
ENSP00000268712	NCOR1	157	KHEAPSSPISG		hprd;psite	720
ENSP00000268712	NCOR1	1195	MPIEDSSPEKG		psite	720
ENSP00000268712	NCOR1	2201	TKLENTSPMVK		psite	720
ENSP00000251496	NCAPG	968	NRRCQTAEADS		pelm;psite	912
ENSP00000251496	NCAPG	975	EADSESDHEVP		hprd;pelm;psite	912
ENSP00000240423	NCAPH	70	LQRRRSRVFDL		hprd;pelm;psite	845
ENSP00000333982	NDEL1	132	RAKRATIVSLE		psite	962
ENSP00000345892	NDE1	131	RAKRATIMSLE	PRKACA	psite	531
ENSP00000345892	NDE1	306	GERRPSSTSVP	PRKACA	hprd;pelm;psite	531
ENSP00000345892	NDE1	307	ERRPSSTSVPL		hprd;pelm;psite	531
ENSP00000220514	OIP5	47	QVVKGSSPLGP		hprd;pelm;psite	768
ENSP00000360621	ORC1	383	RIRRKSSVLTM		psite	715
ENSP00000360621	ORC1	421	ISDSSSDEEEA		hprd;pelm;psite	715
ENSP00000269305	TP53	314	PNNTSSSPQPK	CDK2	hprd;psite	997
ENSP00000382595	PAICS	112	CRRIATGSFLK		psite	636
ENSP00000334675	ERCC6L	1028	ARRIVSDGEDE		hprd;psite	460
ENSP00000300093	PLK1	137	LCRRRSLLELH	MAP3K8	pelm;psite	995
ENSP00000270861	PLK4	378	LRRAYSSDRSG		psite	754
ENSP00000270861	PLK4	591	TLRSITSPLVA		psite	754
ENSP00000268058	PML	504	ARLARSSPEQP		hprd;psite	621
ENSP00000264233	POLQ	15	RRRSESGSDSF		psite	585
ENSP00000234038	PPP1R7	24	DRRVESEESGD		hprd;pelm;psite	577
ENSP00000417963	PPP2R5D	60	SNKRPSNSTPP	CHEK1;PRKACA	psite	899
ENSP00000417963	PPP2R5D	88	KERRQSSSRFN		hprd;pelm;psite	899
ENSP00000417963	PPP2R5D	89	ERRQSSSRFNL		hprd;pelm;psite	899
ENSP00000417963	PPP2R5D	573	LLRRKSELPQD	PRKACA	hprd;pelm;psite	899
ENSP00000271308	PSMA5	55	VEKRITSPLME		hprd;pelm;psite	912
ENSP00000351314	PSMB10	229	LLRTLSSPTEP		psite	903
ENSP00000327704	PSMF1	152	EKANVSSPHRE		hprd;pelm;psite	899
ENSP00000327704	PSMF1	251	FGPIGTSPPGP		hprd;pelm;psite	899
ENSP00000358925	PSRC1	47	LRRGLSHRSDP		psite	540
ENSP00000358925	PSRC1	116	SPRRETFVLKD		psite	540
ENSP00000338173	PUM2	587	ATRRESLSTSS		hprd;pelm;psite	734
ENSP00000361043	RAD54L	37	PRKRKSSSETQ		psite	709
ENSP00000355958	DTL	485	INRRGSVSSVS		hprd;pelm;psite	848
ENSP00000355958	DTL	511	TRTPSSSPPIT		hprd;pelm;psite	848
ENSP00000355958	DTL	557	KRRLDSSCLES		hprd;pelm;psite	848
ENSP00000349547	RASSF1	206	SVRRRTSFYLP	AURKA	hprd;psite	751
ENSP00000349547	RASSF1	207	VRRRTSFYLPK	AURKA;AURKB;CDK4;PRKACA	psite	751
ENSP00000221486	RNASEH2A	17	GRCRLSSPVPA		psite	660
ENSP00000401802	PSMC6	258	GGRRFSEGTSA		psite	899
ENSP00000386348	SAPCD2	219	ERRRHTIASGV		psite	554
ENSP00000263753	SGOL1	38	IGKRRSFIAAP		psite	716
ENSP00000263753	SGOL1	459	KIRRLSLSPKK		hprd;psite	716
ENSP00000350447	SGOL2	497	KEKRITNEQEE		hprd;psite	660
ENSP00000350447	SGOL2	1084	SKKRKTSIDPS		hprd;psite	660
ENSP00000306473	SHCBP1	634	KKKRLSELGIT		hprd;pelm;psite	781
ENSP00000417686	SLBP	59	ERRPESFTTPE		psite	425
ENSP00000323300	SPAG5	65	EGSNNSSPVDF		hprd;pelm;psite	973
ENSP00000321703	TACC1	275	ELDENTSPLLG		psite	994
ENSP00000334280	TACC2	2072	NTRRKSTDSVP		hprd;pelm;psite	441
ENSP00000334280	TACC2	2073	TRRKSTDSVPI		hprd;pelm;psite	441
ENSP00000334280	TACC2	2389	SSKTPSSPSKS		hprd;pelm;psite	441
ENSP00000326550	TACC3	249	PAAVATSPPGA		hprd;psite	995
ENSP00000268138	TICRR	836	ARRSVSGSPES		psite	506
ENSP00000268138	TICRR	1125	TPRRISHTPQT		psite	506
ENSP00000268138	TICRR	1302	NSTVTSSPPVT		hprd;psite	506
ENSP00000411099	TLK1	743	MRRSNSSGNLH	CHEK1	hprd;pelm;psite	643
ENSP00000275780	TLK2	98	GSAPGTSPGRS		psite	640
ENSP00000275780	TLK2	110	PPVARSSPQHS		hprd;psite	640
ENSP00000266732	TMPO	184	DSDRYSDNEEG		hprd;pelm;psite	531
ENSP00000411532	TOP2A	29	AKKRLSVERIY	PRKCA	hprd;pelm;psite	940
ENSP00000411532	TOP2A	1343	DFDEKTDDEDF	CSNK2A1;PLK1;PLK3;PRKCB	hprd;pelm;psite	940
ENSP00000411532	TOP2A	1392	SVPLSSSPPAT		hprd;pelm;psite	940
ENSP00000300403	TPX2	185	AEKNASSPEKA		hprd;psite	999
ENSP00000300403	TPX2	292	LRKHPSSPARV		hprd;psite	999
ENSP00000230510	TTK	393	QSKRKSECINQ		hprd;psite	960
ENSP00000356853	UCK2	238	PSKRQTNGCLN		psite	415
ENSP00000353793	WDHD1	984	FQKRNSQTNKT		psite	729
ENSP00000263710	CLASP1	1112	RTSPLTSPTNC		pelm	720
ENSP00000266732	TMPO	67	PPDFSSDEERE		hprd;pelm	531
ENSP00000372035	LATS2	1026	AWDTLTSPNNK		hprd;pelm	628
ENSP00000251496	NCAPG	996	PRRAKTAALEK		hprd;pelm	912
ENSP00000356319	KIF14	1631	YELHGSSPAVS		hprd;pelm	777
ENSP00000333982	NDEL1	241	PNGFGTSPLTP		hprd;pelm	962
ENSP00000268058	PML	117	LQRRLSVYRQI		hprd	621
ENSP00000411532	TOP2A	1360	PPKTKTSPKLS		hprd	940
ENSP00000355922	CENPF	275	FFDNSSSPHLL		hprd	957
ENSP00000268712	NCOR1	1980	VISPASSPAPP		hprd	720
ENSP00000240423	NCAPH	27	HPHSASSPSER		hprd	845
ENSP00000378529	FZR1	39	ASSPVSSPSKH		hprd	947
ENSP00000355966	NEK2	299	EKSQDSSPVLS		hprd	850
ENSP00000347232	BLM	143	KLEFSSSPDSL		hprd	407
ENSP00000309871	RACGAP1	186	EKRRSTSRQFV	AURKB	hprd	868
ENSP00000334280	TACC2	2561	ESPVKSSPVRM		hprd	441
ENSP00000334280	TACC2	757	GEGLLTSPDQP		hprd	441
ENSP00000334280	TACC2	2511	NETKFSSPTEE		hprd	441
ENSP00000333982	NDEL1	197	RKSAPSSPTLD		hprd	962
ENSP00000247191	DLGAP5	661	IPQQTTSPENA		hprd	996
ENSP00000257934	ESPL1	1125	APSTNSSPVLK		hprd	739
ENSP00000356379	ASPM	34	AEEEASSPPVL		hprd	907
ENSP00000357643	MKI67	630	PSKRVSISRSQ		hprd	828
ENSP00000357643	MKI67	1635	KRRLKTSLGKV		hprd	828
ENSP00000357643	MKI67	3127	KKPMKTSPEMD		hprd	828
ENSP00000287394	ATAD2	695	SQRAVTSPGQA		hprd	734
ENSP00000411099	TLK1	158	QGGNGSSPVRG		hprd	643
ENSP00000310842	FANCI	406	GKTIETSPSLS		hprd	673
