name	AURKB
id	ENSP00000313950
type	Serine/threonine kinase
proline+1_removed	Yes
npartners	414
npartners_with_sites	366
nsites	210
//
motif	score	fg_matches	fg_size	bg_matches	bg_size	fold_increase
..RR.[ST]...T.	922.96	13	4009	0	9355	Inf
.....[ST]D.ED.	628.49	13	4072	0	9383	Inf
..RR.[ST].....	615.31	65	3996	18	9355	8.45
..KR.[ST].....	318.59	45	3792	20	9260	5.49
.....[ST]D.E..	316.79	54	3931	33	9337	3.89
//
prot_id	prot_name	position	flank	kinase	source	string_score
ENSP00000265748	ANLN	72	SKKRCSDNTEV		hprd;pelm;psite	833
ENSP00000339109	ANAPC1	1058	QYPELSDHEFI		psite	924
ENSP00000314004	ANAPC2	732	MVLIDSDDESD		pelm;psite	899
ENSP00000318775	ANAPC4	758	ELDESSDEEEE		psite	899
ENSP00000355090	ARHGAP11A	285	RKRRQSVGDFV		hprd;pelm;psite	644
ENSP00000356379	ASPM	170	HNRRVSNIQNV		hprd;psite	867
ENSP00000356379	ASPM	577	ARKRKSDGSME		hprd;psite	867
ENSP00000356379	ASPM	1103	KGKRDSGSFEQ		hprd;pelm;psite	867
ENSP00000287394	ATAD2	1139	VGDKRSDPEQN		psite	544
ENSP00000287394	ATAD2	1200	DHKIESDTEET		hprd;psite	544
ENSP00000216911	AURKA	288	SSRRTTLCGTL	AURKA;PAK1;PRKACA	hprd;pelm;psite	979
ENSP00000216911	AURKA	342	TYKRISRVEFT	AURKA;PAK1	pelm;psite	979
ENSP00000302898	AURKC	198	SLRRKTMCGTL		hprd;pelm;psite	905
ENSP00000393596	BIRC6	453	DSRRPTLAWLE		psite	727
ENSP00000393596	BIRC6	480	DLLEDSDSEEH		hprd;pelm;psite	727
ENSP00000393596	BIRC6	2955	TTDSVSDEEKV		psite	727
ENSP00000316121	CDCA8	165	KGKRSSRANTV	AURKB	hprd;psite	999
ENSP00000350283	BRCA1	509	RKRRPTSGLHP	AKT1	hprd;pelm;psite	621
ENSP00000350283	BRCA1	615	RLRRKSSTRHI		psite	621
ENSP00000350283	BRCA1	1336	QGVGLSDKELV		hprd;pelm;psite	621
ENSP00000350283	BRCA1	1342	DKELVSDDEER		hprd;pelm;psite	621
ENSP00000369497	BRCA2	805	GNNYESDVELT		psite	692
ENSP00000263377	BRD4	324	GQRRESSRPVK		psite	446
ENSP00000301280	CHAF1A	873	SLKRKSAGSMC		hprd;psite	624
ENSP00000315700	CHAF1B	485	PSRRVTLNTLQ		hprd;psite	603
ENSP00000335463	CASC5	24	VRRRHSSILKP	AURKB	psite	968
ENSP00000335463	CASC5	60	NSRRVSFADTI	AURKB	hprd;pelm;psite	968
ENSP00000335463	CASC5	1093	SQRRKSLKLKN		psite	968
ENSP00000335463	CASC5	1448	NSKRVSFKLPK		psite	968
ENSP00000335463	CASC5	1675	KVRRCSLGIFL		hprd;pelm;psite	968
ENSP00000336687	CBX3	93	GTKRKSLSDSE	PRKACA	hprd;pelm;psite	443
ENSP00000336687	CBX3	95	KRKSLSDSESD		hprd;pelm;psite	443
ENSP00000288207	CCNB2	8	LLRRPTVSSDL		psite	956
ENSP00000288207	CCNB2	11	RPTVSSDLENI		psite	956
ENSP00000303706	CDC25A	293	TKRRKSMSGAS	CHEK1;CHEK2;RPS6KA1	hprd;pelm;psite	784
ENSP00000245960	CDC25B	178	DGRRKSEAGSG		psite	700
ENSP00000245960	CDC25B	353	NKRRRSVTPPE	AURKA;MAPKAPK2;RPS6KA1	hprd;pelm;psite	700
ENSP00000363322	CDC26	42	EVVGGSDGEGA		hprd;pelm;psite	899
ENSP00000328228	CDCA2	394	KRKRVTFGEDL		hprd;psite	769
ENSP00000328228	CDCA2	977	GKRRKSFCIST		psite	769
ENSP00000328228	CDCA2	1000	YRRRSSLNGKG		psite	769
ENSP00000306968	CDCA7	242	RPRRRTFPGVA	AKT1	psite	674
ENSP00000273853	CENPC	183	AQKRETYTFEN		psite	961
ENSP00000273853	CENPC	225	IDNKVSDEEDK		hprd;pelm;psite	961
ENSP00000273853	CENPC	524	KSRRISRRPSD		hprd;psite	961
ENSP00000273853	CENPC	528	ISRRPSDWWVV		psite	961
ENSP00000265148	CENPE	422	RKRRVTWCLGK		hprd;pelm;psite	992
ENSP00000355922	CENPF	1868	SEGLNSDLEMH		hprd;psite	990
ENSP00000355922	CENPF	2082	ARLSESDYEKL		hprd;psite	990
ENSP00000355922	CENPF	2922	TEKRLSSGQNK		hprd;psite	990
ENSP00000360540	CEP55	52	GKGKLTDKERH		psite	880
ENSP00000367276	CKAP2	39	LLRRKTLFAYK		psite	714
ENSP00000305204	CKAP2L	104	LGKRLTSECVS		hprd;psite	756
ENSP00000263710	CLASP1	646	RTRRQSSGSAT		hprd;pelm;psite	922
ENSP00000263710	CLASP1	798	VLSTSTDLEAA		hprd;pelm;psite	922
ENSP00000312995	CLSPN	65	KVLQDSDSETE		hprd;pelm;psite	447
ENSP00000312995	CLSPN	987	SGSFPTDKEEE		psite	447
ENSP00000265036	DEPDC1B	160	WYKRHSIAIGE		psite	528
ENSP00000352516	DNMT1	224	KRRRVTSRERV		hprd;psite	607
ENSP00000362850	DSN1	95	QDRRQSWRRAS		psite	956
ENSP00000362850	DSN1	100	SWRRASMKETN	AURKB	psite	956
ENSP00000362850	DSN1	109	TNRRKSLHPIH	AURKB	hprd;pelm;psite	956
ENSP00000232458	ECT2	375	PRKRPSAEHSL		psite	836
ENSP00000375705	AHCTF1	2009	SIRRRSTRNTP		psite	908
ENSP00000375705	AHCTF1	2010	IRRRSTRNTPA		psite	908
ENSP00000269214	ESCO1	288	SVPEQSDNELE		psite	417
ENSP00000306999	ESCO2	244	EVIEDSDVETV		hprd;pelm;psite	553
ENSP00000359356	EVI5	113	GSRRNSGSSLV		psite	962
ENSP00000359356	EVI5	805	PRRRESYSTTV		psite	962
ENSP00000311873	EXO1	581	KATVFTDEESY		psite	751
ENSP00000311873	EXO1	660	KSEESSDDESH		hprd;psite	751
ENSP00000320147	EZH2	385	SKDTDSDREAG		hprd;pelm;psite	575
ENSP00000287647	FANCD2	8	SKRRLSKSEDK		hprd;pelm;psite	448
ENSP00000414109	HJURP	123	EVDATSDQEES		hprd;pelm;psite	882
ENSP00000414109	HJURP	486	ETRRLSLPSSK	AKT1	hprd;psite	882
ENSP00000321744	HIST1H2BC	89	YNKRSTITSRE		psite	424
ENSP00000353074	HIST1H2BF	89	YNKRSTITSRE		psite	424
ENSP00000289316	HIST1H2BD	89	YNKRSTITSRE		psite	455
ENSP00000348706	HIST1H2BH	89	YNKRSTITSRE		psite	424
ENSP00000358164	HIST2H2BF	89	YNKRSTITSRE		psite	458
ENSP00000244661	HIST1H3B	119	HAKRVTIMPKD		psite	441
ENSP00000329554	HIST1H3I	119	HAKRVTIMPKD		psite	441
ENSP00000350275	HIST1H3A	119	HAKRVTIMPKD		psite	907
ENSP00000352252	HIST1H3J	119	HAKRVTIMPKD		psite	441
ENSP00000353581	HIST1H3E	119	HAKRVTIMPKD		psite	435
ENSP00000358160	HIST1H3H	119	HAKRVTIMPKD		psite	435
ENSP00000366999	HIST1H3D	119	HAKRVTIMPKD		psite	441
ENSP00000261597	NDC80	62	FGKRTSGHGSR		hprd;pelm;psite	999
ENSP00000375736	HIST3H2BB	89	YNKRSTITSRE		hprd;psite	424
ENSP00000355657	HIST3H3	119	HAKRVTIMPKD		psite	917
ENSP00000209875	CBX5	92	SNKRKSNFSNS	AURKB	hprd;pelm;psite	852
ENSP00000378295	INCENP	72	KKRRISYVQDE	AURKB	hprd;pelm;psite	999
ENSP00000378295	INCENP	91	LSRRKSRSSQL		hprd;psite	999
ENSP00000378295	INCENP	214	QGIPTSDEEST		hprd;pelm;psite	999
ENSP00000378295	INCENP	336	VVRRASRRLAK		psite	999
ENSP00000378295	INCENP	832	NSDDSTDDEAH		hprd;pelm;psite	999
ENSP00000378295	INCENP	893	YHKRTSSAVWN	AURKB	hprd;pelm;psite	999
ENSP00000357643	MKI67	125	PARRVSRSSFS		hprd;pelm;psite	781
ENSP00000357643	MKI67	374	TGRRESVNLGK	AURKB	hprd;pelm;psite	781
ENSP00000357643	MKI67	507	KRRRVSFGGHL		psite	781
ENSP00000357643	MKI67	538	PTKRKSLVMHT	AURKB	hprd;pelm;psite	781
ENSP00000357643	MKI67	598	DQRRRSCKTAP		hprd;psite	781
ENSP00000357643	MKI67	648	CSKRRSGASEA		hprd;pelm;psite	781
ENSP00000357643	MKI67	859	LETKTSDTETE		hprd;pelm;psite	781
ENSP00000356319	KIF14	1200	KNRRISGCLHD		hprd;pelm;psite	712
ENSP00000341466	KIF18B	636	KRRRPSALEAD		psite	689
ENSP00000341466	KIF18B	665	CLRRGSLPDTQ		psite	689
ENSP00000260753	KIF20B	1618	ARKRKSNEMEE		psite	590
ENSP00000260363	KIF23	867	HQELASDGEIE		hprd;pelm;psite	999
ENSP00000260363	KIF23	911	SRKRRSSTVAP	AURKB	hprd;pelm;psite	999
ENSP00000260363	KIF23	912	RKRRSSTVAPA		hprd;pelm;psite	999
ENSP00000260363	KIF23	927	AESEWTDVETR		psite	999
ENSP00000385000	KIF2A	157	PSRRKSNCVKE		psite	944
ENSP00000361298	KIF2C	95	KQKRRSVNSKI	AURKB	pelm;psite	999
ENSP00000361298	KIF2C	192	SVRRKSCLVKE	AURKB;PAK1	psite	999
ENSP00000363524	KIF4A	799	KLRRRTFSLTE		hprd;pelm;psite	853
ENSP00000393963	KIFC1	359	DERRGTLSGAP		hprd;psite	837
ENSP00000407885	KIFC1	359	DERRGTLSGAP		hprd;psite	485
ENSP00000261366	LMNB1	340	SRRMLTDKERE		psite	609
ENSP00000253339	LATS1	278	QTKRYSGNMEY		hprd;pelm;psite	626
ENSP00000372035	LATS2	172	VTRRPSFEGTG	CHEK2	psite	634
ENSP00000372035	LATS2	380	LARRDSLQKPG	AURKA;CHEK2	hprd;pelm;psite	634
ENSP00000263274	LIG1	801	LGTGFSDEELE		psite	617
ENSP00000263274	LIG1	913	GEDSGSDPEDT		hprd;pelm;psite	617
ENSP00000265056	MCM2	139	GLLYDSDEEDE	CDC7;CDK2;CDK7;CSNK2A1	hprd;pelm;psite	825
ENSP00000229854	MCM3	160	IERRYSDLTTL	DAPK1	hprd;pelm;psite	785
ENSP00000229854	MCM3	711	DPYDFSDTEEE		hprd;pelm;psite	785
ENSP00000262105	MCM4	13	PSRRGSRRGRA		psite	864
ENSP00000216122	MCM5	605	SDRRSSIPITV		psite	798
ENSP00000298048	MELK	253	PKKRISMKNLL	MELK	psite	852
ENSP00000309871	RACGAP1	144	GNKRLSTIDES	AURKB	hprd;pelm;psite	999
ENSP00000309871	RACGAP1	185	REKRRSTSRQF	AURKB	hprd;pelm;psite	999
ENSP00000309871	RACGAP1	249	RSRRKTGTLQP	AKT2;AURKB	psite	999
ENSP00000281453	MLF1IP	108	EAKRSSDTSGN		hprd;pelm;psite	956
ENSP00000251496	NCAPG	674	GTEINSDDEQE		hprd;pelm;psite	989
ENSP00000251496	NCAPG	975	EADSESDHEVP		hprd;pelm;psite	989
ENSP00000240423	NCAPH	70	LQRRRSRVFDL		hprd;pelm;psite	991
ENSP00000240423	NCAPH	570	LQAADSDDEDL	CSNK2A1	psite	991
ENSP00000318195	NCL	145	AKKEDSDEEED		hprd;pelm;psite	908
ENSP00000318195	NCL	602	RARIVTDRETG		psite	908
ENSP00000333982	NDEL1	132	RAKRATIVSLE		psite	943
ENSP00000355966	NEK2	428	RAQALSDIEKN	NEK2	psite	758
ENSP00000296930	NPM1	279	NCFRMTDQEAI		hprd;pelm;psite	914
ENSP00000319664	NUDC	108	QIKELTDEEAE		hprd;psite	909
ENSP00000319664	NUDC	260	SRLVSSDPEIN		psite	909
ENSP00000345892	NDE1	131	RAKRATIMSLE	PRKACA	psite	926
ENSP00000345892	NDE1	306	GERRPSSTSVP	PRKACA	hprd;pelm;psite	926
ENSP00000261396	NUP133	57	VGRRSSLSSRG		hprd;psite	911
ENSP00000261396	NUP133	553	HSDLDSDSELD		pelm;psite	911
ENSP00000360621	ORC1	383	RIRRKSSVLTM		psite	790
ENSP00000360621	ORC1	421	ISDSSSDEEEA		hprd;pelm;psite	790
ENSP00000334675	ERCC6L	1028	ARRIVSDGEDE		hprd;psite	965
ENSP00000300093	PLK1	137	LCRRRSLLELH	MAP3K8	pelm;psite	985
ENSP00000328178	PPP1R2	87	DEDACSDTEAT	CSNK2A1	hprd;pelm;psite	804
ENSP00000417963	PPP2R5D	60	SNKRPSNSTPP	CHEK1;PRKACA	psite	899
ENSP00000417963	PPP2R5D	88	KERRQSSSRFN		hprd;pelm;psite	899
ENSP00000417963	PPP2R5D	573	LLRRKSELPQD	PRKACA	hprd;pelm;psite	899
ENSP00000271308	PSMA5	55	VEKRITSPLME		hprd;pelm;psite	903
ENSP00000358925	PSRC1	116	SPRRETFVLKD		psite	449
ENSP00000361043	RAD54L	37	PRKRKSSSETQ		psite	745
ENSP00000319417	SKA3	34	LDGEESDFEDY		hprd;pelm;psite	926
ENSP00000319417	SKA3	119	QEAINSDPELS		hprd;pelm;psite	926
ENSP00000319417	SKA3	276	QQLEKSDAEYT		hprd;psite	926
ENSP00000355958	DTL	485	INRRGSVSSVS		hprd;pelm;psite	743
ENSP00000348577	RANGAP1	358	VLASLSDDEDE	CSNK2A1	hprd;pelm;psite	924
ENSP00000349547	RASSF1	206	SVRRRTSFYLP	AURKA	hprd;psite	927
ENSP00000349547	RASSF1	207	VRRRTSFYLPK	AURKA;AURKB;CDK4;PRKACA	psite	927
ENSP00000351665	CLIP1	998	LERKLSDLEKK		hprd;psite	919
ENSP00000401802	PSMC6	258	GGRRFSEGTSA		psite	899
ENSP00000386348	SAPCD2	219	ERRRHTIASGV		psite	437
ENSP00000257934	ESPL1	1399	NFSDDSDLEDP	PLK1	hprd;pelm;psite	886
ENSP00000257934	ESPL1	1508	EILRGSDGEDS		hprd;pelm;psite	886
ENSP00000262519	SETD1A	220	ESRRRSSSDTA		psite	454
ENSP00000262519	SETD1A	221	SRRRSSSDTAA		psite	454
ENSP00000262519	SETD1A	508	FSFLASDTEEE		hprd;psite	454
ENSP00000262519	SETD1A	1167	KKRRKTVSFSA		psite	454
ENSP00000263753	SGOL1	38	IGKRRSFIAAP		psite	993
ENSP00000263753	SGOL1	459	KIRRLSLSPKK		hprd;psite	993
ENSP00000350447	SGOL2	497	KEKRITNEQEE		hprd;psite	995
ENSP00000350447	SGOL2	1084	SKKRKTSIDPS		hprd;psite	995
ENSP00000350447	SGOL2	1187	PAFQVSDDEHE		psite	995
ENSP00000306473	SHCBP1	273	LSNCNSDSEQE		hprd;pelm;psite	763
ENSP00000306473	SHCBP1	634	KKKRLSELGIT		hprd;pelm;psite	763
ENSP00000212015	SIRT1	162	FHSCESDEEDR		psite	404
ENSP00000212015	SIRT1	333	KFIALSDKEGK		psite	404
ENSP00000212015	SIRT1	659	GAEVYSDSEDD	CSNK2A1	psite	404
ENSP00000341382	SMC4	28	PDGASSDAEPE		hprd;pelm;psite	970
ENSP00000323300	SPAG5	334	GRILGSDTESW		hprd;pelm;psite	759
ENSP00000410452	STMN1	16	LEKRASGQAFE	CAMK2B;CAMK4;CSNK2A1;PAK1;PRKACA	hprd;pelm;psite	939
ENSP00000410452	STMN1	63	EERRKSHEAEV	CSNK2A1;PRKACA	hprd;pelm;psite	939
ENSP00000321703	TACC1	55	SLSFSSDSEGN		hprd;pelm;psite	992
ENSP00000321703	TACC1	504	RDGHATDEEKL		psite	992
ENSP00000261716	TAOK1	643	LNKRQTQKDLE	ATM	psite	900
ENSP00000268138	TICRR	1125	TPRRISHTPQT		psite	484
ENSP00000411532	TOP2A	29	AKKRLSVERIY	PRKCA	hprd;pelm;psite	899
ENSP00000411532	TOP2A	1106	EENEESDNEKE		hprd;pelm;psite	899
ENSP00000411532	TOP2A	1295	KRNPWSDSESD		hprd;pelm;psite	899
ENSP00000411532	TOP2A	1343	DFDEKTDDEDF	CSNK2A1;PLK1;PLK3;PRKCB	hprd;pelm;psite	899
ENSP00000411532	TOP2A	1377	QKSVVSDLEAD	CSNK2A1	hprd;pelm;psite	899
ENSP00000230510	TTK	393	QSKRKSECINQ		hprd;psite	913
ENSP00000353793	WDHD1	984	FQKRNSQTNKT		psite	636
ENSP00000300249	MAPRE2	228	SAKRASSSGSA		hprd;pelm	432
ENSP00000272163	LBR	78	SRRRGSRSRSR		hprd	434
ENSP00000218089	STAG2	1197	AIRRGTSLMED		hprd	427
ENSP00000218089	STAG2	25	HFSSDTDFEDI		hprd	427
ENSP00000309871	RACGAP1	186	EKRRSTSRQFV	AURKB	hprd	999
ENSP00000311873	EXO1	700	CSSKDSDSEES		hprd	751
ENSP00000357643	MKI67	630	PSKRVSISRSQ		hprd	781
ENSP00000310842	FANCI	937	RALDVTDKEGE		hprd	655
ENSP00000339835	H3F3C	118	HAKRVTIMPKD		hprd	549
