name	BLK
id	ENSP00000259089
type	Tyrosine kinase
proline+1_removed	No
npartners	86
npartners_with_sites	81
nsites	146
//
motif	score	fg_matches	fg_size	bg_matches	bg_size	fold_increase
.D...YE.P..	630.96	13	485	0	10000	Inf
.....Y.VPP.	325.83	11	472	0	10000	Inf
.....Y..P..	7.62	56	461	544	10000	2.23
.E...Y.....	6.74	56	405	626	9456	2.09
//
prot_id	prot_name	position	flank	kinase	source	string_score
ENSP00000361423	ABL1	134	WVPSNYITPVN	FYN;HCK;LYN	hprd;pelm;psite	900
ENSP00000361423	ABL1	147	EKHSWYHGPVS	FYN;HCK;LYN	psite	900
ENSP00000361423	ABL1	191	YEGRVYHYRIN	FYN;HCK;LYN	psite	900
ENSP00000361423	ABL1	234	ITTLHYPAPKR	FYN;HCK;LYN	psite	900
ENSP00000361423	ABL1	331	REPPFYIITEF		psite	900
ENSP00000361423	ABL1	339	TEFMTYGNLLD		psite	900
ENSP00000361423	ABL1	432	PESLAYNKFSI		psite	900
ENSP00000383623	MLLT4	985	FEGADYESHLL		psite	899
ENSP00000383623	MLLT4	1150	LPWAEYSEPKK		psite	899
ENSP00000383623	MLLT4	1218	PRPEAYPIPTQ		psite	899
ENSP00000383623	MLLT4	1284	REDKAYQLERH		psite	899
ENSP00000383623	MLLT4	1667	QEEGYYSRLEA		psite	899
ENSP00000383623	MLLT4	1702	PLPRDYEPPSP		hprd;psite	899
ENSP00000320509	BANK1	630	EETTPYIAQVF		psite	685
ENSP00000358554	BCAS2	23	YFDQGYEAPGV		psite	621
ENSP00000358554	BCAS2	87	LSMKRYELPAP		psite	621
ENSP00000358554	BCAS2	207	LENEIYQIKQQ		psite	621
ENSP00000303507	BCR	177	AEKPFYVNVEF	ABL1;FES;FYN;HCK;LYN	hprd;pelm;psite	674
ENSP00000303507	BCR	279	LEYQPYQSIYV	FES	hprd;pelm;psite	674
ENSP00000303507	BCR	644	LETLLYKPVDR		hprd;pelm;psite	674
ENSP00000224337	BLNK	72	DFDSDYENPDE	SYK	pelm;psite	915
ENSP00000224337	BLNK	84	SDSEMYVMPAE	SYK	pelm;psite	915
ENSP00000224337	BLNK	96	NADDSYEPPPV	SYK	pelm;psite	915
ENSP00000224337	BLNK	178	EDEADYVVPVE	SYK	pelm;psite	915
ENSP00000224337	BLNK	189	DNDENYIHPTE	SYK	pelm;psite	915
ENSP00000308176	BTK	361	PELINYHQHNS		hprd;psite	902
ENSP00000308176	BTK	511	CEAMEYLESKQ		psite	902
ENSP00000264033	CBL	700	EEDTEYMTPSS	EGFR;FYN;INSR;LCK;SYK;YES1	hprd;pelm;psite	983
ENSP00000264033	CBL	774	NEDDGYDVPKP	EGFR;FYN;LCK;SRC;SYK;YES1	hprd;pelm;psite	983
ENSP00000264122	CBLB	665	LGSEEYDVPPR		psite	619
ENSP00000264122	CBLB	709	EDDDEYKIPSS		psite	619
ENSP00000313419	CD19	378	GTAPSYGNPSS	MAPK1	hprd;pelm;psite	622
ENSP00000313419	CD19	409	EEGEGYEEPDS	LYN	hprd;pelm;psite	622
ENSP00000313419	CD19	439	QDGSGYENPED	MAPK1	hprd;pelm;psite	622
ENSP00000313419	CD19	508	MRGILYAAPQL	ABL1	hprd;psite	622
ENSP00000220003	CSK	97	AERLLYPPETG		psite	905
ENSP00000296414	DAPP1	139	EEPSIYESVRV	LCK;LYN;SRC	hprd;pelm;psite	900
ENSP00000357392	EFNA1	126	KEGHSYYYISK		psite	899
ENSP00000204961	EFNB1	324	KVSGDYGHPVY		hprd;pelm;psite	899
ENSP00000275493	EGFR	869	AEEKEYHAEGG	EGFR;SRC	hprd;pelm;psite	909
ENSP00000275493	EGFR	1016	VDADEYLIPQQ	ABL1;EGFR;SRC	hprd;pelm;psite	909
ENSP00000275493	EGFR	1125	SRDPHYQDPHS	SRC	hprd;pelm;psite	909
ENSP00000275493	EGFR	1197	AENAEYLRVAP	ABL1;EGFR	hprd;pelm;psite	909
ENSP00000275815	EPHA1	605	VDLQAYEDPAQ		psite	899
ENSP00000351209	EPHA2	588	KPLKTYVDPHT	EPHA2	hprd;pelm;psite	904
ENSP00000351209	EPHA2	594	VDPHTYEDPNQ	EPHA2	hprd;pelm;psite	904
ENSP00000351209	EPHA2	791	PEAISYRKFTS		psite	904
ENSP00000337451	EPHA3	596	PGLRTYVDPHT	EPHA3	hprd;pelm;psite	899
ENSP00000337451	EPHA3	602	VDPHTYEDPTQ	EPHA3	hprd;pelm;psite	899
ENSP00000281821	EPHA4	596	QGVRTYVDPFT	EPHA4	hprd;pelm;psite	899
ENSP00000281821	EPHA4	602	VDPFTYEDPNQ	EPHA4	hprd;pelm;psite	899
ENSP00000281821	EPHA4	798	PEAIAYRKFTS		psite	899
ENSP00000273854	EPHA5	650	PGVRTYIDPHT		psite	899
ENSP00000273854	EPHA5	656	IDPHTYEDPNQ		psite	899
ENSP00000374323	EPHA6	944	PEAIAYRKFSS		psite	899
ENSP00000358309	EPHA7	608	PGTKTYIDPET		psite	899
ENSP00000358309	EPHA7	614	IDPETYEDPNR		psite	899
ENSP00000358309	EPHA7	810	PEAIQYRKFTS		psite	899
ENSP00000381097	EPHB1	594	PGMKIYIDPFT	EPHB1	hprd;pelm;psite	899
ENSP00000381097	EPHB1	600	IDPFTYEDPNE		hprd;pelm;psite	899
ENSP00000381097	EPHB1	798	PEAIAYRKFTS		psite	899
ENSP00000363763	EPHB2	597	PGMKIYIDPFT		hprd;psite	899
ENSP00000363763	EPHB2	603	IDPFTYEDPNE	EPHB2	hprd;psite	899
ENSP00000363763	EPHB2	801	PEAIQYRKFTS		hprd;psite	899
ENSP00000357656	FYN	339	SEEPIYIVTEY		psite	905
ENSP00000357656	FYN	420	IEDNEYTARQG	FYN	hprd;pelm;psite	905
ENSP00000357656	FYN	440	PEAALYGRFTI		pelm;psite	905
ENSP00000312999	GNAI2	69	EECRQYRAVVY		hprd;pelm;psite	904
ENSP00000365012	HCK	209	DNGGFYISPRS	HCK	hprd;pelm;psite	903
ENSP00000365012	HCK	411	IEDNEYTAREG	HCK	hprd;pelm;psite	903
ENSP00000376544	CD79B	197	EEDHTYEGLDI	FYN;LYN	hprd;pelm;psite	977
ENSP00000337825	LCK	25	CENCHYPIVPL		psite	904
ENSP00000337825	LCK	192	DNGGFYISPRI	SYK	hprd;pelm;psite	904
ENSP00000337825	LCK	394	IEDNEYTAREG	FCGR3A;LCK	hprd;pelm;psite	904
ENSP00000337825	LCK	414	PEAINYGTFTI		psite	904
ENSP00000162330	BCAR1	115	QPDSVYLVPTP	SRC	hprd;psite	899
ENSP00000162330	BCAR1	128	AQQGLYQVPGP	FGFR1;SRC	hprd;pelm;psite	899
ENSP00000162330	BCAR1	165	PATDLYQVPPG	PTK6;SRC	hprd;pelm;psite	899
ENSP00000162330	BCAR1	179	PAQDIYQVPPS	SRC	hprd;psite	899
ENSP00000162330	BCAR1	192	MGHDIYQVPPS	SRC	hprd;psite	899
ENSP00000162330	BCAR1	234	PEQDEYDIPRH	SRC	hprd;pelm;psite	899
ENSP00000162330	BCAR1	249	GPQDIYDVPPV	FGFR1	hprd;pelm;psite	899
ENSP00000162330	BCAR1	267	YGQEVYDTPPM	SRC	hprd;psite	899
ENSP00000162330	BCAR1	287	PLLEVYDVPPS	SRC	hprd;psite	899
ENSP00000162330	BCAR1	306	NHHAVYDVPPS	FGFR1	hprd;pelm;psite	899
ENSP00000162330	BCAR1	327	LREETYDVPPA	FGFR1	hprd;pelm;psite	899
ENSP00000162330	BCAR1	362	PAEDVYDVPPP	SRC	hprd;psite	899
ENSP00000162330	BCAR1	372	PAPDLYDVPPG		hprd;psite	899
ENSP00000162330	BCAR1	387	GPGTLYDVPRE	SRC	hprd;pelm;psite	899
ENSP00000162330	BCAR1	410	VDSGVYAVPPP	FGFR1;PTK2	hprd;pelm;psite	899
ENSP00000162330	BCAR1	666	MEDYDYVHLQG	PTK2	hprd;psite	899
ENSP00000229794	MAPK14	182	DEMTGYVATRW	MAP2K3;MAP2K4;MAP2K6;MAP3K5;MAP3K6;RET	hprd;pelm;psite	905
ENSP00000333685	MAPK11	182	EEMTGYVATRW		hprd;pelm;psite	900
ENSP00000261799	PDGFRB	581	GHEYIYVDPMQ	PDGFRB	hprd;pelm;psite	901
ENSP00000261799	PDGFRB	686	TEYCRYGDLVD	ABL1;ABL2	psite	901
ENSP00000261799	PDGFRB	751	DESVDYVPMLD	PDGFRB	hprd;pelm;psite	901
ENSP00000261799	PDGFRB	771	IESSNYMAPYD	PDGFRB	hprd;pelm;psite	901
ENSP00000261799	PDGFRB	1021	EGDNDYIIPLP	PDGFRB	hprd;pelm;psite	901
ENSP00000331602	PRKCD	514	CGTPDYIAPEI	LCK	hprd;psite	899
ENSP00000244007	PLCG1	186	LSQVNYRVPNM		psite	906
ENSP00000244007	PLCG1	472	AEGSAYEEVPT	EGFR	hprd;pelm;psite	906
ENSP00000244007	PLCG1	702	NEPNSYAISFR		psite	906
ENSP00000244007	PLCG1	959	SELVVYCRPVP		psite	906
ENSP00000244007	PLCG1	977	TERACYRDMSS		hprd;pelm;psite	906
ENSP00000244007	PLCG1	1254	SFESRYQQPFE	EGFR	hprd;pelm;psite	906
ENSP00000352336	PLCG2	759	DVSRMYVDPSE	BTK;FYN;LCK;LYN;SRC;SYK	hprd;pelm;psite	963
ENSP00000352336	PLCG2	936	SDLVVYCKPTS		psite	963
ENSP00000352336	PLCG2	1197	SEEELYSSCRQ	BTK;LCK	hprd;pelm;psite	963
ENSP00000394794	PTPN13	943	SELSLYQPLQN		psite	899
ENSP00000352833	PTPN22	499	SAELNYSLPYD		psite	463
ENSP00000332816	PTK2B	402	IESDIYAEIPD	PTK2B;SRC;SYK	hprd;pelm;psite	902
ENSP00000332816	PTK2B	579	IEDEDYYKASV	PTK2B	hprd;pelm;psite	902
ENSP00000332816	PTK2B	699	ERNARYRTPKI		psite	902
ENSP00000332816	PTK2B	722	PSRPKYRPPPQ		psite	902
ENSP00000332816	PTK2B	756	TSPMEYPSPVN		hprd;psite	902
ENSP00000356529	RGS16	168	MEKDSYPRFLK	EGFR;LYN;SRC	hprd;pelm;psite	619
ENSP00000046794	LCP2	113	FEEDDYESPND	LCK;SYK;ZAP70	hprd;pelm;psite	655
ENSP00000046794	LCP2	128	EDDGDYESPNE	LCK;SYK;ZAP70	hprd;pelm;psite	655
ENSP00000046794	LCP2	145	EDDADYEPPPS	LCK;TXK;ZAP70	hprd;pelm;psite	655
ENSP00000046794	LCP2	483	KESQVYLLGTG		psite	655
ENSP00000338345	SNCA	39	KEGVLYVGSKT		psite	899
ENSP00000338345	SNCA	125	PDNEAYEMPSE	FYN;PTK2B;SRC;SYK	hprd;pelm;psite	899
ENSP00000350941	SRC	338	SEEPIYIVTEY	SRC	pelm;psite	904
ENSP00000350941	SRC	385	VERMNYVHRDL		psite	904
ENSP00000350941	SRC	419	IEDNEYTARQG	PDGFRA;PDGFRB;PRKACA;SRC	hprd;pelm;psite	904
ENSP00000350941	SRC	439	PEAALYGRFTI		pelm;psite	904
ENSP00000264657	STAT3	446	FETEVYHQGLK		psite	899
ENSP00000264657	STAT3	686	EAFGKYCRPES		hprd;psite	899
ENSP00000364898	SYK	28	EEAEDYLVQGG		psite	906
ENSP00000364898	SYK	296	SRIKSYSFPKP		hprd;pelm;psite	906
ENSP00000364898	SYK	348	MDTEVYESPYA	SYK	hprd;pelm;psite	906
ENSP00000364898	SYK	352	VYESPYADPEE	SYK	hprd;pelm;psite	906
ENSP00000364898	SYK	546	PECINYYKFSS		psite	906
ENSP00000364898	SYK	568	WEAFSYGQKPY		hprd;psite	906
ENSP00000324740	YES1	146	YIPSNYVAPAD		psite	900
ENSP00000324740	YES1	345	SEEPIYIVTEF		psite	900
ENSP00000324740	YES1	426	IEDNEYTARQG	YES1	hprd;pelm;psite	900
ENSP00000324740	YES1	446	PEAALYGRFTI		hprd;pelm;psite	900
ENSP00000264972	ZAP70	178	AERKLYSGAQT	LCK	hprd;psite	899
ENSP00000264972	ZAP70	198	KEQGTYALSLI		psite	899
ENSP00000264972	ZAP70	221	DKAGKYCIPEG		psite	899
ENSP00000264972	ZAP70	315	MDTSVYESPYS	ZAP70	hprd;pelm;psite	899
ENSP00000264972	ZAP70	319	VYESPYSDPEE	ABL1;ZAP70	hprd;pelm;psite	899
ENSP00000264972	ZAP70	535	WEALSYGQKPY		psite	899
ENSP00000264033	CBL	337	FREGFYLFPDG		pelm	983
ENSP00000220003	CSK	304	CEAMEYLEGNN	CSK	hprd	905
