name	BMP2K
id	ENSP00000334836
type	Serine/threonine kinase
proline+1_removed	Yes
npartners	16
npartners_with_sites	12
nsites	38
//
motif	score	fg_matches	fg_size	bg_matches	bg_size	fold_increase
..R..[ST].....	12.58	38	185	483	9383	3.99
//
prot_id	prot_name	position	flank	kinase	source	string_score
ENSP00000361423	ABL1	69	AARWNSKENLL		hprd;psite	714
ENSP00000361423	ABL1	197	HYRINTASDGK	LATS2	psite	714
ENSP00000361423	ABL1	408	LSRLMTGDTYT		psite	714
ENSP00000361423	ABL1	639	PKRSSSFREMD		hprd;psite	714
ENSP00000361423	ABL1	719	SSRLATGEEEG		psite	714
ENSP00000361423	ABL1	737	FLRSCSASCVP		hprd;psite	714
ENSP00000361423	ABL1	754	EWRSVTLPRDL	CLK1;CLK4;MAP3K8;STK3;STK4;TTK	hprd;pelm;psite	714
ENSP00000361423	ABL1	842	LRRQVTVAPAS		psite	714
ENSP00000361423	ABL1	16	DQRRPSLPALH		psite	714
ENSP00000351926	AP2A1	636	GRRDPSSNDIN		hprd;psite	401
ENSP00000357175	ETV3	361	RERVESSEESA		psite	429
ENSP00000356234	KDM5B	415	FWRLVSTIEED		psite	585
ENSP00000356234	KDM5B	1456	LERERSYELVR		psite	585
ENSP00000348273	MBP	26	TNRGESEKKRN		psite	621
ENSP00000348273	MBP	40	LSRTTSEDNEV		psite	621
ENSP00000348273	MBP	96	LIRLFSRDAPG		hprd;pelm;psite	621
ENSP00000348273	MBP	146	SQRHGSKYLAT	PRKCA	hprd;psite	621
ENSP00000347169	NUMB	194	FTREGSFRVTT		psite	576
ENSP00000347169	NUMB	276	LARQGSFRGFP		hprd;pelm;psite	576
ENSP00000347169	NUMB	295	FKRQLSLRINE	PRKCZ	hprd;pelm;psite	576
ENSP00000347169	NUMB	438	HRRTPSEADRW		hprd;pelm;psite	576
ENSP00000347169	NUMB	561	LVRQQTFPHYE		psite	576
ENSP00000252891	NUMBL	224	FAREGSFRLSG		psite	567
ENSP00000252891	NUMBL	305	LVRQGSFRGFP		pelm;psite	567
ENSP00000252891	NUMBL	324	FKRQLSLRLNE		pelm;psite	567
ENSP00000252891	NUMBL	411	HKRTPSEAERW		hprd;pelm;psite	567
ENSP00000019317	RALBP1	29	LTRTPSSEEIS		hprd;pelm;psite	508
ENSP00000019317	RALBP1	252	YDREESTNLED		psite	508
ENSP00000258062	REPS1	186	HSRHPSGGNSE		psite	547
ENSP00000258062	REPS1	272	EIRRQSSSYDD		hprd;pelm;psite	547
ENSP00000258062	REPS1	273	IRRQSSSYDDP		hprd;pelm;psite	547
ENSP00000258062	REPS1	430	SERSSSSQTLT		psite	547
ENSP00000258062	REPS1	475	LKRTGSDHTNP		psite	547
ENSP00000258062	REPS1	534	VTRQRSHSGTS		hprd;psite	547
ENSP00000258062	REPS1	536	RQRSHSGTSPD		hprd;psite	547
ENSP00000258062	REPS1	561	HSRSSSLDMNR		hprd;pelm;psite	547
ENSP00000258062	REPS1	708	RRRLKSEDELR		hprd;psite	547
ENSP00000258062	REPS1	766	LARLNSELQQQ		psite	547
