name	BMPR1B
id	ENSP00000264568
type	Serine/threonine kinase
proline+1_removed	Yes
npartners	65
npartners_with_sites	47
nsites	38
//
motif	score	fg_matches	fg_size	bg_matches	bg_size	fold_increase
..R..[ST].....	8.08	37	249	483	9383	2.89
//
prot_id	prot_name	position	flank	kinase	source	string_score
ENSP00000344742	STAMBP	48	IIRMASIYSEE	BMPR1B	hprd;pelm;psite	619
ENSP00000245451	BMP4	116	ASRANTVRSFH		psite	994
ENSP00000363708	BMPR2	757	PKRPTSLPLNT		hprd;pelm;psite	985
ENSP00000344456	CTNNB1	332	IMRTYTYEKLL	CAMK2A	psite	495
ENSP00000344456	CTNNB1	472	ALRHLTSRHQE	CAMK2A	psite	495
ENSP00000344456	CTNNB1	552	TQRRTSMGGTQ	AKT1;AKT2;CAMK2A;PRKACA	hprd;pelm;psite	495
ENSP00000352516	DNMT1	182	STRQTTITSHF		psite	621
ENSP00000352516	DNMT1	205	SERAKSDESIK		psite	621
ENSP00000352516	DNMT1	224	KRRRVTSRERV		hprd;psite	621
ENSP00000352516	DNMT1	225	RRRVTSRERVA		hprd;psite	621
ENSP00000320147	EZH2	21	RKRVKSEYMRL	AKT1	hprd;pelm;psite	621
ENSP00000368698	HIVEP1	148	LRRWRSEGADP		psite	412
ENSP00000368698	HIVEP1	429	HIRSHTGERPY		hprd;psite	412
ENSP00000368698	HIVEP1	681	FSRSESADQTV		hprd;psite	412
ENSP00000368698	HIVEP1	698	ARRLPSTEQDS		psite	412
ENSP00000368698	HIVEP1	779	LSRRGSIDSPK		hprd;psite	412
ENSP00000368698	HIVEP1	841	ITRSNSMPTTG		psite	412
ENSP00000368698	HIVEP1	1268	PQRSETLSKLP		psite	412
ENSP00000012134	HIVEP2	819	FERSESAELVA		psite	412
ENSP00000012134	HIVEP2	968	LSRSPSQESNL		psite	412
ENSP00000012134	HIVEP2	1050	EVRSKSFDYGN		psite	412
ENSP00000012134	HIVEP2	1085	LVRQASFSGSP		psite	412
ENSP00000012134	HIVEP2	1822	HIRTHTDVRPY		psite	412
ENSP00000247584	HIVEP3	490	KPRRSSLSRRS		psite	412
ENSP00000247584	HIVEP3	1050	LVRQASLSRPP		psite	412
ENSP00000247584	HIVEP3	1777	HIRTHTDVRPY		psite	412
ENSP00000247584	HIVEP3	1986	LARKHSLTKND		psite	412
ENSP00000305769	SMAD1	322	VNRNSTIENTR		psite	822
ENSP00000262158	SMAD7	121	ESRGGTRTACL		psite	966
ENSP00000262435	SMURF2	203	PGRPLSCFVDE		psite	899
ENSP00000286332	TAB2	423	ASRNMSGQVSM		psite	902
ENSP00000286332	TAB2	524	ETRKLSMGSDD		hprd;psite	902
ENSP00000286332	TAB2	582	LKRSNSISQIP		psite	902
ENSP00000358335	MAP3K7	439	QPRRRSIQDLT		hprd;pelm;psite	900
ENSP00000397435	TSC22D1	263	VSRKLSTTGSS		psite	619
ENSP00000344818	UBC	57	DGRTLSDYNIQ		hprd;psite	619
ENSP00000347858	XIAP	32	FNRLKTFANFP		psite	959
ENSP00000363708	BMPR2	513	WERNKSVSPTV		hprd	985
