name	BRSK2
id	ENSP00000310697
type	Serine/threonine kinase
proline+1_removed	Yes
npartners	28
npartners_with_sites	24
nsites	45
//
motif	score	fg_matches	fg_size	bg_matches	bg_size	fold_increase
..R..[ST].....	13.92	45	230	483	9383	3.8
//
prot_id	prot_name	position	flank	kinase	source	string_score
ENSP00000300161	YWHAB	60	GARRSSWRVIS	PRKCD	hprd;pelm;psite	457
ENSP00000346148	PRKAA1	511	PQRSGSVSNYR	PRKAA1	hprd;pelm;psite	512
ENSP00000346148	PRKAA1	523	CQRSDSDAEAQ		hprd;psite	512
ENSP00000245960	CDC25B	151	IRRFQSMPVRL		psite	768
ENSP00000245960	CDC25B	167	VLRNITNSQAP		psite	768
ENSP00000245960	CDC25B	178	DGRRKSEAGSG		psite	768
ENSP00000245960	CDC25B	230	AQRPSSAPDLM	CHEK1	pelm;psite	768
ENSP00000245960	CDC25B	323	LFRSPSMPCSV	MAPKAPK2;MELK	pelm;psite	768
ENSP00000245960	CDC25B	353	NKRRRSVTPPE	AURKA;MAPKAPK2;RPS6KA1	hprd;pelm;psite	768
ENSP00000245960	CDC25B	375	VLRSKSLCHDE	BRSK1;MAPKAPK2	hprd;pelm;psite	768
ENSP00000321656	CDC25C	38	LERDTSFTVCP		hprd;pelm;psite	718
ENSP00000321656	CDC25C	216	LYRSPSMPENL	BRSK1;CHEK1;CHEK2;MAPK14;MAPKAPK2;MARK3	hprd;pelm;psite	718
ENSP00000321656	CDC25C	449	LLRCRSQSKVQ		psite	718
ENSP00000268383	CDR2	311	LKRSSSETILS		hprd;pelm;psite	523
ENSP00000268383	CDR2	344	KQRGISLLHEV		psite	523
ENSP00000324856	STK11	31	IHRIDSTEVIY		hprd;psite	910
ENSP00000324856	STK11	307	QIRQHSWFRKK	PRKCZ	psite	910
ENSP00000324856	STK11	334	KDRWRSMTVVP		psite	910
ENSP00000324856	STK11	336	RWRSMTVVPYL	STK11	hprd;psite	910
ENSP00000324856	STK11	428	KIRRLSACKQQ	PRKCZ;RPS6KA3;STK11	hprd;pelm;psite	910
ENSP00000261182	NAP1L1	39	KARQLTVQMMQ		psite	431
ENSP00000262304	PKD1	2321	GPRGSSTVTIP		hprd;psite	429
ENSP00000262304	PKD1	4252	QGRRSSRAPAG	PRKACA	psite	429
ENSP00000369757	RPS6	235	KRRRLSSLRAS	PAK2;PRKCD;RPS6KA1;RPS6KA3;RPS6KB1	hprd;pelm;psite	418
ENSP00000369757	RPS6	236	RRRLSSLRAST	PAK2;PRKCD;RPS6KA1;RPS6KA3;RPS6KB1	hprd;pelm;psite	418
ENSP00000369757	RPS6	241	SLRASTSKSES		hprd;pelm;psite	418
ENSP00000298552	TSC1	487	ISRELSEITTA		psite	567
ENSP00000298552	TSC1	1100	LFRNKSESQCD		psite	567
ENSP00000219476	TSC2	937	SFRARSTSLNE		psite	462
ENSP00000219476	TSC2	939	RARSTSLNERP	AKT1	hprd;pelm;psite	462
ENSP00000219476	TSC2	946	NERPKSLRIAR		psite	462
ENSP00000219476	TSC2	981	RCRSISVSEHV	AKT1	hprd;pelm;psite	462
ENSP00000219476	TSC2	1130	RDRVRSMSGGH		hprd;psite	462
ENSP00000219476	TSC2	1132	RVRSMSGGHGL		hprd;pelm;psite	462
ENSP00000219476	TSC2	1338	YSRSSSVSSQE		hprd;pelm;psite	462
ENSP00000219476	TSC2	1364	IERVVSSEGGR		hprd;psite	462
ENSP00000219476	TSC2	1420	KARSQSGTLDG		hprd;pelm;psite	462
ENSP00000219476	TSC2	1454	SPRSPSGLRPR		psite	462
ENSP00000219476	TSC2	1462	RPRGYTISDSA	AKT1	hprd;pelm;psite	462
ENSP00000219476	TSC2	1798	RKRLISSVEDF	RPS6KA1	hprd;pelm;psite	462
ENSP00000344818	UBC	57	DGRTLSDYNIQ		hprd;psite	851
ENSP00000402084	WEE1	69	PARSPTEPGPE		psite	723
ENSP00000300161	YWHAB	132	YFRYLSEVASG	PRKCZ	hprd;pelm	457
ENSP00000402084	WEE1	212	KLRGSSLFMDT		hprd	723
ENSP00000402084	WEE1	559	PERRPSAMALV		hprd	723
