name	BTK
id	ENSP00000308176
type	Tyrosine kinase
proline+1_removed	No
npartners	180
npartners_with_sites	156
nsites	82
//
motif	score	fg_matches	fg_size	bg_matches	bg_size	fold_increase
.....YE.P..	14.1	12	767	11	10000	14.22
.....YD....	6.49	69	755	477	9989	1.91
//
prot_id	prot_name	position	flank	kinase	source	string_score
ENSP00000361423	ABL1	89	LFVALYDFVAS	FYN;HCK;LYN	psite	666
ENSP00000361423	ABL1	251	GVSPNYDKWEM		hprd;pelm;psite	666
ENSP00000355645	ACTA1	242	SLEKSYELPDG		psite	630
ENSP00000355645	ACTA1	364	ITKQEYDEAGP		psite	630
ENSP00000262030	ATP5B	418	VGSEHYDVARG		psite	609
ENSP00000262030	ATP5B	499	ILAGEYDHLPE		psite	609
ENSP00000339826	PIK3AP1	594	PQSSIYDPFAG	ABL1	psite	959
ENSP00000303507	BCR	561	IHKEFYDGLFP		psite	502
ENSP00000303507	BCR	751	GKTQQYDCKWY		psite	502
ENSP00000224337	BLNK	72	DFDSDYENPDE	SYK	pelm;psite	999
ENSP00000224337	BLNK	96	NADDSYEPPPV	SYK	pelm;psite	999
ENSP00000339191	CAV1	42	SEKQVYDAHTK		hprd;psite	630
ENSP00000264033	CBL	455	APSPNYDDDDD		hprd;psite	998
ENSP00000264033	CBL	774	NEDDGYDVPKP	EGFR;FYN;LCK;SRC;SYK;YES1	hprd;pelm;psite	998
ENSP00000264122	CBLB	92	LILSKYDDNQK		psite	959
ENSP00000264122	CBLB	665	LGSEEYDVPPR		psite	959
ENSP00000264122	CBLB	802	RTPSDYDLLIP		psite	959
ENSP00000264122	CBLB	889	RTSQDYDQLPS		pelm;psite	959
ENSP00000313419	CD19	409	EEGEGYEEPDS	LYN	hprd;pelm;psite	994
ENSP00000313419	CD19	439	QDGSGYENPED	MAPK1	hprd;pelm;psite	994
ENSP00000356346	PTPRC	687	VDILPYDYNRV		psite	426
ENSP00000356346	PTPRC	978	SNVIPYDYNRV		psite	426
ENSP00000314458	CDC42	64	AGQEDYDRLRP	SRC	pelm;psite	424
ENSP00000382840	DDX3X	53	ATKGFYDKDSS		psite	609
ENSP00000382840	DDX3X	104	RGRSDYDGIGS		hprd;pelm;psite	609
ENSP00000382840	DDX3X	163	INFEKYDDIPV		psite	609
ENSP00000308774	BMX	216	TSLAQYDSNSK	BTK;ITK;TEC	hprd;pelm;psite	638
ENSP00000381031	EWSR1	417	DATVSYEDPPT		psite	621
ENSP00000347979	FAS	291	GKKEAYDTLIK		pelm;psite	634
ENSP00000363115	FGR	86	LFIALYDYEAR		psite	905
ENSP00000358866	FLNA	1047	EVEVTYDGVPV		hprd;pelm;psite	609
ENSP00000357656	FYN	91	LFVALYDYEAR		psite	963
ENSP00000229239	GAPDH	49	VYMFQYDSTHG		psite	692
ENSP00000229239	GAPDH	140	VNHEKYDNSLK		psite	692
ENSP00000229239	GAPDH	255	EKPAKYDDIKK		psite	692
ENSP00000229239	GAPDH	314	KLISWYDNEFG		psite	692
ENSP00000309845	HRAS	32	HFVDEYDPTIE		psite	921
ENSP00000398655	ITK	146	TGCAQYDPTKN		psite	962
ENSP00000398655	ITK	180	VVIALYDYQTN	BTK;ITK;TEC	hprd;pelm;psite	962
ENSP00000288135	KIT	578	PTQLPYDHKWE		psite	643
ENSP00000288135	KIT	900	APAEMYDIMKT	SRC	hprd;pelm;psite	643
ENSP00000354119	LAT	36	RLPGSYDSTSS		psite	462
ENSP00000288986	NCK1	105	PGERLYDLNMP	ABL1	hprd;pelm;psite	904
ENSP00000289153	PIK3CB	962	PFILTYDFIHV		psite	933
ENSP00000366563	PIK3CD	936	PFILTYDFVHV		psite	935
ENSP00000274335	PIK3R1	12	QYRALYDYKKE		psite	908
ENSP00000274335	PIK3R1	463	EKSREYDRLYE		psite	908
ENSP00000274335	PIK3R1	528	RIMHNYDKLKS		psite	908
ENSP00000222254	PIK3R2	460	DKSREYDQLYE		hprd;psite	911
ENSP00000262741	PIK3R3	195	EKSKEYDRLYE		psite	909
ENSP00000262741	PIK3R3	260	RIMMNYDKLKS		psite	909
ENSP00000352336	PLCG2	753	DINSLYDVSRM	BTK;FYN;LCK;LYN;SRC	hprd;pelm;psite	998
ENSP00000352336	PLCG2	778	TVKALYDYKAK		psite	998
ENSP00000352336	PLCG2	1048	MRTEKYDPMPP		psite	998
ENSP00000352336	PLCG2	1217	NQLFLYDTHQN	BTK;LCK	hprd;pelm;psite	998
ENSP00000234313	PLEK	278	AYLHYYDPAGA		psite	759
ENSP00000392718	POTEI	1062	ISKQEYDESGP		psite	609
ENSP00000349748	SFPQ	698	RGREEYEGPNK		psite	609
ENSP00000348461	RAC1	64	AGQEDYDRLRP	PTK2;SRC	psite	935
ENSP00000313829	KHDRBS1	371	YEEYGYDDTYA		psite	964
ENSP00000313829	KHDRBS1	397	GDSEYYDYGHG		psite	964
ENSP00000391592	PTPN6	61	NSGDFYDLYGG		hprd;psite	915
ENSP00000046794	LCP2	113	FEEDDYESPND	LCK;SYK;ZAP70	hprd;pelm;psite	930
ENSP00000046794	LCP2	128	EDDGDYESPNE	LCK;SYK;ZAP70	hprd;pelm;psite	930
ENSP00000046794	LCP2	145	EDDADYEPPPS	LCK;TXK;ZAP70	hprd;pelm;psite	930
ENSP00000365019	SPIN1	91	LYLIKYDGFDC		psite	619
ENSP00000357130	SPTA1	422	HEIDSYDDRFQ		psite	613
ENSP00000357130	SPTA1	548	IGDDHYDSENI		psite	613
ENSP00000357130	SPTA1	986	RVMALYDFQAR		psite	613
ENSP00000364898	SYK	348	MDTEVYESPYA	SYK	hprd;pelm;psite	973
ENSP00000376445	TIRAP	86	RWSKDYDVCVC	BTK	psite	993
ENSP00000363089	TLR4	674	RGENIYDAFVI		psite	942
ENSP00000218032	TLR8	880	TSQTFYDAYIS		psite	820
ENSP00000218032	TLR8	886	DAYISYDTKDA		psite	820
ENSP00000248437	TUBA4A	210	DNEAIYDICRR		psite	609
ENSP00000341289	TUBB4B	208	DNEALYDICFR		psite	609
ENSP00000360916	VAV2	159	LGEDIYDCVPC	EGFR;LCK	hprd;pelm;psite	911
ENSP00000359073	VAV3	797	IAIARYDFCAR		psite	909
ENSP00000365891	WAS	291	TSKLIYDFIED	ABL1;BTK;HCK;LCK;LYN;TNK2	hprd;pelm;psite	985
ENSP00000324740	YES1	100	IFVALYDYEAR		psite	901
ENSP00000264972	ZAP70	315	MDTSVYESPYS	ZAP70	hprd;pelm;psite	901
ENSP00000293328	STAT5B	98	QLQNTYDRCPM		hprd	428
