name	BUB1
id	ENSP00000302530
type	Serine/threonine kinase
proline+1_removed	Yes
npartners	389
npartners_with_sites	335
nsites	156
//
motif	score	fg_matches	fg_size	bg_matches	bg_size	fold_increase
..RR.[ST]...T.	922.96	10	3884	0	9345	Inf
.....[ST]D.ED.	630.18	14	3960	0	9383	Inf
..RR.[ST].....	615.31	58	3874	17	9345	8.23
..TP.[ST]..R..	321.4	11	1660	0	5871	Inf
.....[ST]D.E..	316.75	62	3946	38	9383	3.88
//
prot_id	prot_name	position	flank	kinase	source	string_score
ENSP00000255194	AP3B1	750	KAKGKSDSEDG		hprd;psite	619
ENSP00000355090	ARHGAP11A	285	RKRRQSVGDFV		hprd;pelm;psite	927
ENSP00000356379	ASPM	170	HNRRVSNIQNV		hprd;psite	967
ENSP00000287394	ATAD2	1139	VGDKRSDPEQN		psite	805
ENSP00000287394	ATAD2	1200	DHKIESDTEET		hprd;psite	805
ENSP00000313171	ATAD5	356	MENSLSDPENE		hprd;psite	543
ENSP00000313171	ATAD5	1116	DFKGSSDDEEE		hprd;psite	543
ENSP00000343741	ATR	435	KRRRLSSSLNP		hprd;psite	443
ENSP00000216911	AURKA	288	SSRRTTLCGTL	AURKA;PAK1;PRKACA	hprd;pelm;psite	976
ENSP00000302898	AURKC	198	SLRRKTMCGTL		hprd;pelm;psite	564
ENSP00000350283	BRCA1	509	RKRRPTSGLHP	AKT1	hprd;pelm;psite	847
ENSP00000350283	BRCA1	615	RLRRKSSTRHI		psite	847
ENSP00000350283	BRCA1	1336	QGVGLSDKELV		hprd;pelm;psite	847
ENSP00000350283	BRCA1	1342	DKELVSDDEER		hprd;pelm;psite	847
ENSP00000369497	BRCA2	805	GNNYESDVELT		psite	536
ENSP00000301280	CHAF1A	868	QGTPISLKRKS		hprd;psite	644
ENSP00000315700	CHAF1B	485	PSRRVTLNTLQ		hprd;psite	753
ENSP00000335463	CASC5	24	VRRRHSSILKP	AURKB	psite	999
ENSP00000335463	CASC5	60	NSRRVSFADTI	AURKB	hprd;pelm;psite	999
ENSP00000335463	CASC5	1093	SQRRKSLKLKN		psite	999
ENSP00000335463	CASC5	1675	KVRRCSLGIFL		hprd;pelm;psite	999
ENSP00000288207	CCNB2	8	LLRRPTVSSDL		psite	978
ENSP00000288207	CCNB2	11	RPTVSSDLENI		psite	978
ENSP00000303706	CDC25A	293	TKRRKSMSGAS	CHEK1;CHEK2;RPS6KA1	hprd;pelm;psite	611
ENSP00000328228	CDCA2	977	GKRRKSFCIST		psite	930
ENSP00000328228	CDCA2	1000	YRRRSSLNGKG		psite	930
ENSP00000306968	CDCA7	242	RPRRRTFPGVA	AKT1	psite	854
ENSP00000273853	CENPC	225	IDNKVSDEEDK		hprd;pelm;psite	935
ENSP00000273853	CENPC	524	KSRRISRRPSD		hprd;psite	935
ENSP00000273853	CENPC	528	ISRRPSDWWVV		psite	935
ENSP00000265148	CENPE	422	RKRRVTWCLGK		hprd;pelm;psite	997
ENSP00000355922	CENPF	1868	SEGLNSDLEMH		hprd;psite	999
ENSP00000355922	CENPF	2082	ARLSESDYEKL		hprd;psite	999
ENSP00000382271	CEP152	1562	PSGYLSDTEES		psite	569
ENSP00000360540	CEP55	52	GKGKLTDKERH		psite	945
ENSP00000367276	CKAP2	39	LLRRKTLFAYK		psite	851
ENSP00000367276	CKAP2	582	VKTPNTETRTS		hprd;pelm;psite	851
ENSP00000263710	CLASP1	646	RTRRQSSGSAT		hprd;pelm;psite	950
ENSP00000263710	CLASP1	714	PVTPSSEKRSK		hprd;pelm;psite	950
ENSP00000263710	CLASP1	798	VLSTSTDLEAA		hprd;pelm;psite	950
ENSP00000261833	CIT	480	LHRRVSEVEAV		psite	690
ENSP00000261833	CIT	582	SARRRSDLYES		psite	690
ENSP00000352516	DNMT1	224	KRRRVTSRERV		hprd;psite	512
ENSP00000328547	DNMT3B	52	RGRRSSSRLSK		psite	676
ENSP00000328547	DNMT3B	383	KTRRRTADDSA		hprd;psite	676
ENSP00000362850	DSN1	95	QDRRQSWRRAS		psite	999
ENSP00000362850	DSN1	100	SWRRASMKETN	AURKB	psite	999
ENSP00000362850	DSN1	109	TNRRKSLHPIH	AURKB	hprd;pelm;psite	999
ENSP00000375705	AHCTF1	2009	SIRRRSTRNTP		psite	899
ENSP00000375705	AHCTF1	2010	IRRRSTRNTPA		psite	899
ENSP00000339897	EME1	15	LDSGDSDSEEL		hprd;pelm;psite	466
ENSP00000306999	ESCO2	244	EVIEDSDVETV		hprd;pelm;psite	767
ENSP00000311873	EXO1	581	KATVFTDEESY		psite	914
ENSP00000311873	EXO1	660	KSEESSDDESH		hprd;psite	914
ENSP00000320147	EZH2	385	SKDTDSDREAG		hprd;pelm;psite	716
ENSP00000287647	FANCD2	8	SKRRLSKSEDK		hprd;pelm;psite	628
ENSP00000414109	HJURP	123	EVDATSDQEES		hprd;pelm;psite	925
ENSP00000414109	HJURP	486	ETRRLSLPSSK	AKT1	hprd;psite	925
ENSP00000264126	GPSM2	408	LGRRHSMENME	PRKCA	hprd;psite	551
ENSP00000369871	HAUS6	660	EEKVISDCECV		psite	568
ENSP00000362649	HDAC1	421	CEEEFSDSEEE	CSNK2A1	hprd;pelm;psite	646
ENSP00000378295	INCENP	72	KKRRISYVQDE	AURKB	hprd;pelm;psite	996
ENSP00000378295	INCENP	91	LSRRKSRSSQL		hprd;psite	996
ENSP00000378295	INCENP	214	QGIPTSDEEST		hprd;pelm;psite	996
ENSP00000378295	INCENP	336	VVRRASRRLAK		psite	996
ENSP00000378295	INCENP	510	LMTPTSAPRSV		hprd;pelm;psite	996
ENSP00000378295	INCENP	832	NSDDSTDDEAH		hprd;pelm;psite	996
ENSP00000357643	MKI67	125	PARRVSRSSFS		hprd;pelm;psite	907
ENSP00000357643	MKI67	374	TGRRESVNLGK	AURKB	hprd;pelm;psite	907
ENSP00000357643	MKI67	507	KRRRVSFGGHL		psite	907
ENSP00000357643	MKI67	598	DQRRRSCKTAP		hprd;psite	907
ENSP00000357643	MKI67	859	LETKTSDTETE		hprd;pelm;psite	907
ENSP00000357643	MKI67	1386	ADTPTSTRRQP		psite	907
ENSP00000357643	MKI67	2116	MDTPTSTRRRP		hprd;pelm;psite	907
ENSP00000356319	KIF14	1200	KNRRISGCLHD		hprd;pelm;psite	884
ENSP00000341466	KIF18B	636	KRRRPSALEAD		psite	488
ENSP00000341466	KIF18B	665	CLRRGSLPDTQ		psite	488
ENSP00000260363	KIF23	867	HQELASDGEIE		hprd;pelm;psite	963
ENSP00000260363	KIF23	912	RKRRSSTVAPA		hprd;pelm;psite	963
ENSP00000260363	KIF23	927	AESEWTDVETR		psite	963
ENSP00000385000	KIF2A	157	PSRRKSNCVKE		psite	946
ENSP00000361298	KIF2C	192	SVRRKSCLVKE	AURKB;PAK1	psite	996
ENSP00000363524	KIF4A	799	KLRRRTFSLTE		hprd;pelm;psite	878
ENSP00000393963	KIFC1	359	DERRGTLSGAP		hprd;psite	879
ENSP00000407885	KIFC1	359	DERRGTLSGAP		hprd;psite	454
ENSP00000309790	MIS18BP1	304	SLLMVSDSERT		psite	432
ENSP00000261366	LMNB1	340	SRRMLTDKERE		psite	715
ENSP00000263274	LIG1	801	LGTGFSDEELE		psite	628
ENSP00000263274	LIG1	913	GEDSGSDPEDT		hprd;pelm;psite	628
ENSP00000365113	MASTL	724	YRTPKSVRRGV		hprd;pelm;psite	758
ENSP00000265056	MCM2	139	GLLYDSDEEDE	CDC7;CDK2;CDK7;CSNK2A1	hprd;pelm;psite	862
ENSP00000229854	MCM3	160	IERRYSDLTTL	DAPK1	hprd;pelm;psite	848
ENSP00000229854	MCM3	711	DPYDFSDTEEE		hprd;pelm;psite	848
ENSP00000262105	MCM4	13	PSRRGSRRGRA		psite	941
ENSP00000262105	MCM4	105	EGTPRSGVRGT		hprd;pelm;psite	941
ENSP00000216122	MCM5	605	SDRRSSIPITV		psite	763
ENSP00000309871	RACGAP1	249	RSRRKTGTLQP	AKT2;AURKB	psite	931
ENSP00000325863	MRE11A	649	IEVDESDVEED	CSNK2A1	hprd;pelm;psite	466
ENSP00000234420	MSH6	252	KRRVISDSESD		hprd;pelm;psite	651
ENSP00000234420	MSH6	261	SDIGGSDVEFK		hprd;pelm;psite	651
ENSP00000251496	NCAPG	674	GTEINSDDEQE		hprd;pelm;psite	980
ENSP00000251496	NCAPG	975	EADSESDHEVP		hprd;pelm;psite	980
ENSP00000240423	NCAPH	70	LQRRRSRVFDL		hprd;pelm;psite	897
ENSP00000240423	NCAPH	570	LQAADSDDEDL	CSNK2A1	psite	897
ENSP00000355966	NEK2	428	RAQALSDIEKN	NEK2	psite	947
ENSP00000319664	NUDC	108	QIKELTDEEAE		hprd;psite	899
ENSP00000319664	NUDC	260	SRLVSSDPEIN		psite	899
ENSP00000345892	NDE1	231	LNTPGSFRRGL		hprd;pelm;psite	904
ENSP00000345892	NDE1	306	GERRPSSTSVP	PRKACA	hprd;pelm;psite	904
ENSP00000261396	NUP133	31	GSTPRTASRKG		hprd;pelm;psite	915
ENSP00000261396	NUP133	57	VGRRSSLSSRG		hprd;psite	915
ENSP00000261396	NUP133	553	HSDLDSDSELD		pelm;psite	915
ENSP00000285968	NUP205	1153	PVKPYSDGEGG		psite	422
ENSP00000360621	ORC1	383	RIRRKSSVLTM		psite	856
ENSP00000360621	ORC1	421	ISDSSSDEEEA		hprd;pelm;psite	856
ENSP00000334675	ERCC6L	1028	ARRIVSDGEDE		hprd;psite	969
ENSP00000247970	PIN1	71	QSRRPSSWRQE		psite	628
ENSP00000300093	PLK1	137	LCRRRSLLELH	MAP3K8	pelm;psite	996
ENSP00000322570	POLE	202	RGGVITDEEET		psite	491
ENSP00000358925	PSRC1	116	SPRRETFVLKD		psite	476
ENSP00000319417	SKA3	34	LDGEESDFEDY		hprd;pelm;psite	893
ENSP00000319417	SKA3	119	QEAINSDPELS		hprd;pelm;psite	893
ENSP00000319417	SKA3	276	QQLEKSDAEYT		hprd;psite	893
ENSP00000355958	DTL	485	INRRGSVSSVS		hprd;pelm;psite	886
ENSP00000348577	RANGAP1	358	VLASLSDDEDE	CSNK2A1	hprd;pelm;psite	922
ENSP00000351665	CLIP1	998	LERKLSDLEKK		hprd;psite	925
ENSP00000368884	RPS6KA3	392	FVAITSDDESQ		psite	808
ENSP00000257934	ESPL1	1399	NFSDDSDLEDP	PLK1	hprd;pelm;psite	905
ENSP00000257934	ESPL1	1508	EILRGSDGEDS		hprd;pelm;psite	905
ENSP00000263753	SGOL1	459	KIRRLSLSPKK		hprd;psite	999
ENSP00000350447	SGOL2	1187	PAFQVSDDEHE		psite	990
ENSP00000306473	SHCBP1	273	LSNCNSDSEQE		hprd;pelm;psite	903
ENSP00000341382	SMC4	28	PDGASSDAEPE		hprd;pelm;psite	863
ENSP00000323300	SPAG5	334	GRILGSDTESW		hprd;pelm;psite	937
ENSP00000348128	SVIL	1000	VPRRGSLERAN		pelm;psite	585
ENSP00000268138	TICRR	1125	TPRRISHTPQT		psite	722
ENSP00000266732	TMPO	184	DSDRYSDNEEG		hprd;pelm;psite	711
ENSP00000411532	TOP2A	1106	EENEESDNEKE		hprd;pelm;psite	970
ENSP00000411532	TOP2A	1295	KRNPWSDSESD		hprd;pelm;psite	970
ENSP00000411532	TOP2A	1343	DFDEKTDDEDF	CSNK2A1;PLK1;PLK3;PRKCB	hprd;pelm;psite	970
ENSP00000411532	TOP2A	1377	QKSVVSDLEAD	CSNK2A1	hprd;pelm;psite	970
ENSP00000396704	TOP2B	1331	KRNPWSDDESK		hprd;pelm;psite	493
ENSP00000396704	TOP2B	1339	ESKSESDLEET		hprd;pelm;psite	493
ENSP00000396704	TOP2B	1519	AVNSDSDSEFG		hprd;pelm;psite	493
ENSP00000396704	TOP2B	1608	KYFAESDEEED		hprd;pelm;psite	493
ENSP00000261015	WDR12	221	WSTVPTDEEDE		psite	483
ENSP00000357887	VPS72	71	GDEPSSDGEAE		pelm	414
ENSP00000357887	VPS72	51	YQGDQSDTEDE		pelm	414
ENSP00000266732	TMPO	67	PPDFSSDEERE		hprd;pelm	711
ENSP00000218089	STAG2	1197	AIRRGTSLMED		hprd	430
ENSP00000218089	STAG2	25	HFSSDTDFEDI		hprd	430
ENSP00000309871	RACGAP1	186	EKRRSTSRQFV	AURKB	hprd	931
ENSP00000324729	SAV1	90	IMRRESNRLSA		hprd	400
ENSP00000261396	NUP133	13	PRTPGTGSRRG		hprd	915
ENSP00000311873	EXO1	700	CSSKDSDSEES		hprd	914
ENSP00000310842	FANCI	937	RALDVTDKEGE		hprd	827
