name	CAMK2A
id	ENSP00000381412
type	Serine/threonine kinase
proline+1_removed	Yes
npartners	100
npartners_with_sites	91
nsites	114
//
motif	score	fg_matches	fg_size	bg_matches	bg_size	fold_increase
..R..[ST].....	307.65	113	805	483	9383	2.73
//
prot_id	prot_name	position	flank	kinase	source	string_score
ENSP00000300161	YWHAB	60	GARRSSWRVIS	PRKCD	hprd;pelm;psite	621
ENSP00000355537	ACTN2	595	NIRISSSNPYS		psite	964
ENSP00000348573	AKAP9	43	KKRKTSSSKHD	PRKACA	psite	900
ENSP00000348573	AKAP9	3684	ELRNDSLLQTL		psite	900
ENSP00000348573	AKAP9	3835	TYRSRSDLDYI		psite	900
ENSP00000262053	ATF1	63	LARRPSYRKIL	CAMK2G;CDK3;RPS6KA5	hprd;pelm;psite	619
ENSP00000305422	CEBPB	325	LSRELSTLRNL	CAMK2A	hprd;pelm;psite	621
ENSP00000258682	CAMK2B	287	MHRQETVECLK	CAMK2B	hprd;psite	941
ENSP00000339740	CAMK2D	287	MHRQETVDCLK		hprd;psite	975
ENSP00000339740	CAMK2D	315	ATRNFSAAKSL	CAMK2D	hprd;pelm;psite	975
ENSP00000345436	CASKIN1	1065	VNRRRTLSGPV		psite	462
ENSP00000345436	CASKIN1	1067	RRRTLSGPVTG		psite	462
ENSP00000321656	CDC25C	38	LERDTSFTVCP		hprd;pelm;psite	800
ENSP00000321656	CDC25C	216	LYRSPSMPENL	BRSK1;CHEK1;CHEK2;MAPK14;MAPKAPK2;MARK3	hprd;pelm;psite	800
ENSP00000321656	CDC25C	449	LLRCRSQSKVQ		psite	800
ENSP00000337103	CHAT	473	LIRADSVSELP		psite	670
ENSP00000387699	CREB1	98	LKRLFSGTQIS	PRKD1	psite	966
ENSP00000387699	CREB1	133	LSRRPSYRKIL	ATM;CAMK4;CAMKK1;DYRK3;MAP3K8;MAPKAPK2;PRKACA;PRKCE;PRKD1;RPS6KA1;RPS6KA2;RPS6KA3;RPS6KA4;RPS6KA5;SGK1;TSSK4	hprd;pelm;psite	966
ENSP00000261891	DAPK2	299	MVRRESVVNLE		hprd;psite	635
ENSP00000345731	DLG1	657	RARLKTVKFNS		psite	712
ENSP00000275493	EGFR	678	IVRKRTLRRLL	PKN1;PKN3;PRKCA;PRKCD	hprd;pelm;psite	621
ENSP00000275493	EGFR	1071	LQRYSSDPTGA	CAMK2G	hprd;pelm;psite	621
ENSP00000297494	NOS3	495	ITRKKTFKEVA	PRKACA;PRKCA;PRKG2	pelm;psite	628
ENSP00000297494	NOS3	615	KIRFNSISCSD	AKT1;PRKACA	pelm;psite	628
ENSP00000297494	NOS3	633	RKRKESSNTDS	PRKAA1;PRKACA;PRKG2	hprd;pelm;psite	628
ENSP00000297494	NOS3	1175	TSRIRTQSFSL		hprd;psite	628
ENSP00000297494	NOS3	1177	RIRTQSFSLQE	AKT1;PRKAA1;PRKACA;PRKG2	hprd;pelm;psite	628
ENSP00000337168	EPB41L1	441	FSRPASVSENH		pelm;psite	899
ENSP00000337168	EPB41L1	540	ERRLPSSPASP		hprd;pelm;psite	899
ENSP00000337168	EPB41L1	564	GLREGSEEKVK		hprd;pelm;psite	899
ENSP00000337168	EPB41L1	648	LDRDKSDSDTE		hprd;pelm;psite	899
ENSP00000253408	GFAP	8	RRRITSAARRS	CDK1;PRKACA	hprd;pelm;psite	655
ENSP00000378338	GIT1	46	LGRHISIVKHL	PRKD3	psite	619
ENSP00000378338	GIT1	384	SLRSQSDLDDQ		hprd;psite	619
ENSP00000378338	GIT1	419	SNRARSMDSSD		hprd;pelm;psite	619
ENSP00000378338	GIT1	601	LSRHGSGADSD		hprd;pelm;psite	619
ENSP00000285900	GRIA1	836	KSRSESKRMKG	PRKCA	pelm;psite	877
ENSP00000225983	HDAC5	499	LSRTQSSPLPQ	CAMK1;CAMK4;CAMKK1;PRKAA1;PRKAA2;PRKD1;PRKD2;PRKD3	hprd;pelm;psite	619
ENSP00000225983	HDAC5	547	LPRQPTTHPEE		psite	619
ENSP00000225983	HDAC5	662	LGRTQSSPAAP		psite	619
ENSP00000347504	ITGB1BP1	38	LSRSSTVASLD	CAMK2A	hprd;pelm;psite	621
ENSP00000356713	IFNGR1	295	VVRSATLETKP		psite	899
ENSP00000260386	ITPKA	311	AQRAVTKPRYM	CAMK2A;PRKCA	hprd;pelm;psite	629
ENSP00000373487	KRT18	30	GARPVSSAASV		hprd;pelm;psite	619
ENSP00000373487	KRT18	53	VSRSTSFRGGM	CAMK1;MAPKAPK2;PRKCA;PRKCE;RPS6KB2	hprd;pelm;psite	619
ENSP00000373487	KRT18	93	NDRLASYLDRV		psite	619
ENSP00000373487	KRT18	100	LDRVRSLETEN		hprd;psite	619
ENSP00000373487	KRT18	110	NRRLESKIREH		psite	619
ENSP00000373487	KRT18	127	QVRDWSHYFKI		hprd;psite	619
ENSP00000417281	MDM2	164	VSRPSTSSRRR		psite	914
ENSP00000417281	MDM2	172	RRRAISETEEN	AKT1;CSNK1D;DAPK3;MAPKAPK2;PIM1	hprd;pelm;psite	914
ENSP00000417281	MDM2	192	RKRHKSDSISL	AKT1;DAPK3;PIM1	hprd;pelm;psite	914
ENSP00000417281	MDM2	425	FEREETQDKEE	CSNK1D	psite	914
ENSP00000282753	GRM1	871	PCRSNTFLNIF		psite	864
ENSP00000370410	MPDZ	1078	MLRRHSLIGPD		psite	621
ENSP00000261207	PPP1R12A	472	VTRSASSPRLS	NUAK1	psite	800
ENSP00000261207	PPP1R12A	478	SPRLSSSLDNK		hprd;pelm;psite	800
ENSP00000261207	PPP1R12A	507	PRRLASTSDIE		hprd;pelm;psite	800
ENSP00000261207	PPP1R12A	668	RERRRSYLTPV		hprd;psite	800
ENSP00000261207	PPP1R12A	696	QSRRSTQGVTL	RAF1;ROCK1;ROCK2	hprd;pelm;psite	800
ENSP00000261207	PPP1R12A	716	IGRSRSTRTRE		psite	800
ENSP00000261207	PPP1R12A	802	LNRPNSLVGIT		psite	800
ENSP00000261207	PPP1R12A	853	EKRRSTGVSFW	PRKCQ;ROCK1	hprd;psite	800
ENSP00000261207	PPP1R12A	892	ISRYETSSTSA		psite	800
ENSP00000261207	PPP1R12A	903	GDRYDSLLGRS		psite	800
ENSP00000261207	PPP1R12A	910	LGRSGSYSYLE	NUAK1	hprd;pelm;psite	800
ENSP00000261207	PPP1R12A	995	LERRISEMEEE		psite	800
ENSP00000279593	GRIN2B	1303	LRRQHSYDTFV	CAMK2A;PRKCA	hprd;pelm;psite	991
ENSP00000279593	GRIN2B	1323	APRSVSLKDKG	PRKCA	hprd;pelm;psite	991
ENSP00000263269	GRIN2D	1288	PARRLTGPSRH		psite	899
ENSP00000320758	NOS1	852	KVRFNSVSSYS	PRKCA	hprd;pelm;psite	626
ENSP00000320758	NOS1	1417	RLRSESIAFIE		hprd;pelm;psite	626
ENSP00000262039	PIK3C3	165	PGRTSSTLSED		psite	800
ENSP00000260402	PLCB2	601	NKRQMSRIYPK		pelm;psite	830
ENSP00000279230	PLCB3	1105	RKRHNSISEAK	PRKACA;PRKCA;PRKG1;PRKG2	hprd;pelm;psite	802
ENSP00000279230	PLCB3	1130	NRRHITESVNS		psite	802
ENSP00000244007	PLCG1	981	CYRDMSSFPET		psite	959
ENSP00000244007	PLCG1	1249	RAREGSFESRY	AKT1;PRKACA;PRKCA;PRKD1	hprd;pelm;psite	959
ENSP00000352336	PLCG2	160	QTRRNSISLRE		psite	800
ENSP00000352336	PLCG2	677	RKREGSDSYAI		psite	800
ENSP00000405963	RASGRF1	738	ATRKFSSPPPL		psite	899
ENSP00000405963	RASGRF1	927	KYRRMSLASAG	PRKACA	hprd;pelm;psite	899
ENSP00000265080	RASGRF2	746	RARKLSLTSPL		psite	899
ENSP00000264839	RIMS1	500	MLRNDSLSSDQ		psite	619
ENSP00000310572	PSMC5	120	ALRNDSYTLHK	PRKACA	psite	621
ENSP00000316377	DLGAP1	346	RMRSGSYIKAM		psite	434
ENSP00000316377	DLGAP1	375	AARRESYLKAT		psite	434
ENSP00000316377	DLGAP1	406	QIRSHSYLRAV		psite	434
ENSP00000316377	DLGAP1	440	RSRNESYMRAM		psite	434
ENSP00000316377	DLGAP1	493	RMRSHSYVRAI		psite	434
ENSP00000316377	DLGAP1	958	SVRQNSATESA		hprd;psite	434
ENSP00000265354	SRF	103	LKRSLSEMEIG	CAMK2A;MAPKAPK2;RPS6KA1;RPS6KA5	hprd;pelm;psite	621
ENSP00000265354	SRF	159	KLRRYTTFSKR	DMPK;PRKACA;PRKCA;PRKG1	pelm;psite	621
ENSP00000300105	CACNG2	228	ITRIPSYRYRY		psite	899
ENSP00000300105	CACNG2	239	QRRSRSSSRST		psite	899
ENSP00000358335	MAP3K7	439	QPRRRSIQDLT		hprd;pelm;psite	899
ENSP00000263635	TANC1	313	MPRPNSVAATS		psite	831
ENSP00000340820	MAPT	171	ATRQPSGTGPE		psite	671
ENSP00000340820	MAPT	549	RSRTPSLPTPP	CDK5;PRKACA	hprd;pelm;psite	671
ENSP00000340820	MAPT	744	SPRHLSNVSST	PRKACA	hprd;psite	671
ENSP00000300161	YWHAB	132	YFRYLSEVASG	PRKCZ	hprd;pelm	621
ENSP00000345731	DLG1	232	LERGNSGLGFS	CAMK2A	hprd;pelm	712
ENSP00000260600	ADCY3	1076	ASRMESTGVMG	CAMK2G	hprd;pelm	800
ENSP00000279230	PLCB3	26	TLRRGSKFIKW	PRKG1;PRKG2	hprd;pelm	802
ENSP00000355537	ACTN2	495	WDRLGTLTQKR		hprd	964
ENSP00000253408	GFAP	393	QIRETSLDTKS	CAMK2A	hprd	655
ENSP00000332549	GRIN2A	1291	ISRQHSYDNIV	CAMK2A	hprd	968
ENSP00000340820	MAPT	687	KDRVQSKIGSL	PKN1	hprd	671
ENSP00000375855	PDC	73	VSRKMSIQEYE	PRKACA	hprd	621
ENSP00000375855	PDC	54	ILRQMSSPQSR	CAMK2A	hprd	621
ENSP00000265354	SRF	160	LRRYTTFSKRK	CAMK2A	hprd	621
ENSP00000334105	PLCB4	620	NKRQMSRIYPK		hprd	802
ENSP00000348573	AKAP9	255	TLRNSTHSSTA		hprd	900
ENSP00000403636	SYNGAP1	1073	LQRGKSQQLTV	CAMK2A	hprd	647
