name	CAMK2D
id	ENSP00000339740
type	Serine/threonine kinase
proline+1_removed	Yes
npartners	75
npartners_with_sites	70
nsites	164
//
motif	score	fg_matches	fg_size	bg_matches	bg_size	fold_increase
..R..[ST].....	307.65	96	637	483	9383	2.93
.....[ST]....R	7.23	57	541	433	8900	2.17
//
prot_id	prot_name	position	flank	kinase	source	string_score
ENSP00000355537	ACTN2	433	DYESASLTEVR		psite	959
ENSP00000355537	ACTN2	595	NIRISSSNPYS		psite	959
ENSP00000358301	ADRB1	312	GKRRPSRLVAL	PRKACA	psite	714
ENSP00000348573	AKAP9	43	KKRKTSSSKHD	PRKACA	psite	899
ENSP00000348573	AKAP9	3684	ELRNDSLLQTL		psite	899
ENSP00000348573	AKAP9	3835	TYRSRSDLDYI		psite	899
ENSP00000272298	CALM2	82	MKDTDSEEEIR		psite	936
ENSP00000291295	CALM3	82	MKDTDSEEEIR		psite	408
ENSP00000349467	CALM1	82	MKDTDSEEEIR		psite	873
ENSP00000272298	CALM2	102	GNGYISAAELR		hprd;pelm;psite	936
ENSP00000291295	CALM3	102	GNGYISAAELR		hprd;pelm;psite	408
ENSP00000349467	CALM1	102	GNGYISAAELR		hprd;pelm;psite	873
ENSP00000381412	CAMK2A	286	MHRQETVDCLK	CAMK2A	hprd;pelm;psite	975
ENSP00000381412	CAMK2A	306	GAILTTMLATR	CAMK2A	psite	975
ENSP00000381412	CAMK2A	314	ATRNFSGGKSG		psite	975
ENSP00000381412	CAMK2A	333	KKRKSSSSVQL		psite	975
ENSP00000258682	CAMK2B	287	MHRQETVECLK	CAMK2B	hprd;psite	984
ENSP00000258682	CAMK2B	307	GAILTTMLATR		psite	984
ENSP00000319060	CAMK2G	287	MHRQETVECLR		hprd;pelm;psite	902
ENSP00000319060	CAMK2G	315	VSRNFSAAKSL		hprd;pelm;psite	902
ENSP00000342681	CD5	434	FHRNHTATVRS	PRKCA;PRKCG	hprd;pelm;psite	621
ENSP00000321656	CDC25C	38	LERDTSFTVCP		hprd;pelm;psite	800
ENSP00000321656	CDC25C	216	LYRSPSMPENL	BRSK1;CHEK1;CHEK2;MAPK14;MAPKAPK2;MARK3	hprd;pelm;psite	800
ENSP00000321656	CDC25C	449	LLRCRSQSKVQ		psite	800
ENSP00000387699	CREB1	98	LKRLFSGTQIS	PRKD1	psite	902
ENSP00000387699	CREB1	119	SVDSVTDSQKR		hprd;pelm;psite	902
ENSP00000387699	CREB1	133	LSRRPSYRKIL	ATM;CAMK4;CAMKK1;DYRK3;MAP3K8;MAPKAPK2;PRKACA;PRKCE;PRKD1;RPS6KA1;RPS6KA2;RPS6KA3;RPS6KA4;RPS6KA5;SGK1;TSSK4	hprd;pelm;psite	902
ENSP00000265372	CREM	87	LSRRPSYRKIL		hprd;psite	619
ENSP00000308928	CYLD	344	ATGSTSDPGNR		psite	641
ENSP00000308928	CYLD	418	ENRFHSLPFSL	IKBKB	psite	641
ENSP00000308928	CYLD	547	DSRFASLQPVS		psite	641
ENSP00000262056	EIF4B	131	LPREPSNPERL		hprd;psite	621
ENSP00000262056	EIF4B	183	DRDDRSFGRDR		hprd;psite	621
ENSP00000262056	EIF4B	195	RDSDKTDTDWR		hprd;psite	621
ENSP00000262056	EIF4B	197	SDKTDTDWRAR		psite	621
ENSP00000262056	EIF4B	205	RARPATDSFDD		psite	621
ENSP00000262056	EIF4B	230	RDRYDSDRYRD		psite	621
ENSP00000262056	EIF4B	263	YDDRGSRDYDR		psite	621
ENSP00000262056	EIF4B	317	SRDDYSRDDYR		psite	621
ENSP00000262056	EIF4B	359	STRAASIFGGA		hprd;psite	621
ENSP00000262056	EIF4B	369	AKPVDTAARER		hprd;psite	621
ENSP00000262056	EIF4B	406	RERHPSWRSEE		hprd;pelm;psite	621
ENSP00000262056	EIF4B	412	WRSEETQERER		hprd;psite	621
ENSP00000262056	EIF4B	418	QERERSRTGSE		psite	621
ENSP00000262056	EIF4B	420	RERSRTGSESS		hprd;psite	621
ENSP00000262056	EIF4B	422	RSRTGSESSQT	RPS6KA1;RPS6KB1	hprd;pelm;psite	621
ENSP00000262056	EIF4B	430	SQTGTSTTSSR		psite	621
ENSP00000262056	EIF4B	433	GTSTTSSRNAR		psite	621
ENSP00000262056	EIF4B	434	TSTTSSRNARR		psite	621
ENSP00000262056	EIF4B	442	ARRRESEKSLE		hprd;psite	621
ENSP00000262056	EIF4B	489	WVKRSSNPPAR		hprd;psite	621
ENSP00000262056	EIF4B	497	PARSQSSDTEQ		hprd;pelm;psite	621
ENSP00000337168	EPB41L1	441	FSRPASVSENH		pelm;psite	899
ENSP00000337168	EPB41L1	540	ERRLPSSPASP		hprd;pelm;psite	899
ENSP00000337168	EPB41L1	564	GLREGSEEKVK		hprd;pelm;psite	899
ENSP00000337168	EPB41L1	648	LDRDKSDSDTE		hprd;pelm;psite	899
ENSP00000285900	GRIA1	836	KSRSESKRMKG	PRKCA	pelm;psite	800
ENSP00000264606	HDAC4	265	VAERRSSPLLR		hprd;psite	877
ENSP00000264606	HDAC4	278	DGPVVTALKKR		hprd;psite	877
ENSP00000264606	HDAC4	339	VAREGSAAPLP		psite	877
ENSP00000264606	HDAC4	467	LGRTQSAPLPQ	CAMK4;CAMKK1	hprd;pelm;psite	877
ENSP00000264606	HDAC4	632	LSRAQSSPASA	CAMK4;CAMKK1	hprd;pelm;psite	877
ENSP00000341826	HNRNPA1	91	PKRAVSREDSQ		hprd;pelm;psite	424
ENSP00000341826	HNRNPA1	95	VSREDSQRPGA		hprd;pelm;psite	424
ENSP00000341826	HNRNPA1	191	MASASSSQRGR		psite	424
ENSP00000341826	HNRNPA1	197	SQRGRSGSGNF		psite	424
ENSP00000341826	HNRNPA1	199	RGRSGSGNFGG	AKT1;CSNK2A1	pelm;psite	424
ENSP00000341826	HNRNPA1	365	SSSSSSYGSGR		hprd;psite	424
ENSP00000350090	HNRNPA1L2	91	PKRAVSREDSQ		psite	424
ENSP00000350090	HNRNPA1L2	95	VSREDSQRPGA		hprd;psite	424
ENSP00000309845	HRAS	144	IPYIETSAKTR		psite	899
ENSP00000356713	IFNGR1	295	VVRSATLETKP		psite	899
ENSP00000343204	JAK1	1036	DKEYYTVKDDR		psite	899
ENSP00000417281	MDM2	127	SDSGTSVSENR	CSNK1D	psite	899
ENSP00000417281	MDM2	163	LVSRPSTSSRR	MAPKAPK2	pelm;psite	899
ENSP00000417281	MDM2	164	VSRPSTSSRRR		psite	899
ENSP00000417281	MDM2	172	RRRAISETEEN	AKT1;CSNK1D;DAPK3;MAPKAPK2;PIM1	hprd;pelm;psite	899
ENSP00000417281	MDM2	182	NSDELSGERQR	CSNK1D	psite	899
ENSP00000417281	MDM2	192	RKRHKSDSISL	AKT1;DAPK3;PIM1	hprd;pelm;psite	899
ENSP00000417281	MDM2	425	FEREETQDKEE	CSNK1D	psite	899
ENSP00000282753	GRM1	871	PCRSNTFLNIF		psite	800
ENSP00000261207	PPP1R12A	464	QKEKDTAGVTR		psite	800
ENSP00000261207	PPP1R12A	470	AGVTRSASSPR		psite	800
ENSP00000261207	PPP1R12A	472	VTRSASSPRLS	NUAK1	psite	800
ENSP00000261207	PPP1R12A	478	SPRLSSSLDNK		hprd;pelm;psite	800
ENSP00000261207	PPP1R12A	507	PRRLASTSDIE		hprd;pelm;psite	800
ENSP00000261207	PPP1R12A	525	SSLRTSSSYTR		psite	800
ENSP00000261207	PPP1R12A	668	RERRRSYLTPV		hprd;psite	800
ENSP00000261207	PPP1R12A	680	DEESESQRKAR		psite	800
ENSP00000261207	PPP1R12A	696	QSRRSTQGVTL	RAF1;ROCK1;ROCK2	hprd;pelm;psite	800
ENSP00000261207	PPP1R12A	710	QEAEKTIGRSR		psite	800
ENSP00000261207	PPP1R12A	716	IGRSRSTRTRE		psite	800
ENSP00000261207	PPP1R12A	765	RTYDETYQRYR		psite	800
ENSP00000261207	PPP1R12A	802	LNRPNSLVGIT		psite	800
ENSP00000261207	PPP1R12A	839	KSQPKSIRERR		psite	800
ENSP00000261207	PPP1R12A	853	EKRRSTGVSFW	PRKCQ;ROCK1	hprd;psite	800
ENSP00000261207	PPP1R12A	884	KKETQTDSISR		psite	800
ENSP00000261207	PPP1R12A	892	ISRYETSSTSA		psite	800
ENSP00000261207	PPP1R12A	903	GDRYDSLLGRS		psite	800
ENSP00000261207	PPP1R12A	910	LGRSGSYSYLE	NUAK1	hprd;pelm;psite	800
ENSP00000261207	PPP1R12A	912	RSGSYSYLEER		psite	800
ENSP00000261207	PPP1R12A	995	LERRISEMEEE		psite	800
ENSP00000279593	GRIN2B	1303	LRRQHSYDTFV	CAMK2A;PRKCA	hprd;pelm;psite	970
ENSP00000279593	GRIN2B	1323	APRSVSLKDKG	PRKCA	hprd;pelm;psite	970
ENSP00000263269	GRIN2D	1288	PARRLTGPSRH		psite	899
ENSP00000355759	PARP1	277	VPSGESAILDR		psite	911
ENSP00000355759	PARP1	782	LLRGGSDDSSK		hprd;pelm;psite	911
ENSP00000262039	PIK3C3	25	QLKIGSLEGKR		psite	800
ENSP00000262039	PIK3C3	165	PGRTSSTLSED		psite	800
ENSP00000350132	PLN	16	AIRRASTIEMP	PRKACA	hprd;pelm;psite	555
ENSP00000350132	PLN	17	IRRASTIEMPQ	CAMK2A	hprd;pelm;psite	555
ENSP00000260402	PLCB2	601	NKRQMSRIYPK		pelm;psite	820
ENSP00000279230	PLCB3	933	ASTSLSSPGQR		hprd;pelm;psite	802
ENSP00000279230	PLCB3	1105	RKRHNSISEAK	PRKACA;PRKCA;PRKG1;PRKG2	hprd;pelm;psite	802
ENSP00000279230	PLCB3	1107	RHNSISEAKMR		psite	802
ENSP00000279230	PLCB3	1122	KEAELTEINRR		hprd;pelm;psite	802
ENSP00000279230	PLCB3	1130	NRRHITESVNS		psite	802
ENSP00000244007	PLCG1	981	CYRDMSSFPET		psite	800
ENSP00000244007	PLCG1	1225	DLSPFSGTSLR		psite	800
ENSP00000244007	PLCG1	1227	SPFSGTSLRER		psite	800
ENSP00000244007	PLCG1	1249	RAREGSFESRY	AKT1;PRKACA;PRKCA;PRKD1	hprd;pelm;psite	800
ENSP00000352336	PLCG2	160	QTRRNSISLRE		psite	800
ENSP00000352336	PLCG2	677	RKREGSDSYAI		psite	800
ENSP00000352336	PLCG2	1219	LFLYDTHQNLR		psite	800
ENSP00000405963	RASGRF1	738	ATRKFSSPPPL		psite	899
ENSP00000405963	RASGRF1	927	KYRRMSLASAG	PRKACA	hprd;pelm;psite	899
ENSP00000265080	RASGRF2	746	RARKLSLTSPL		psite	899
ENSP00000258962	SRSF1	201	GPRSPSYGRSR		hprd;pelm;psite	655
ENSP00000258962	SRSF1	205	PSYGRSRSRSR	SRPK1	hprd;pelm;psite	655
ENSP00000258962	SRSF1	207	YGRSRSRSRSR	SRPK1	psite	655
ENSP00000258962	SRSF1	209	RSRSRSRSRSR	SRPK1	psite	655
ENSP00000258962	SRSF1	211	RSRSRSRSRSR	SRPK1	psite	655
ENSP00000258962	SRSF1	213	RSRSRSRSRSR	SRPK1	psite	655
ENSP00000258962	SRSF1	215	RSRSRSRSRSN	SRPK1	psite	655
ENSP00000258962	SRSF1	217	RSRSRSRSNSR	SRPK1	psite	655
ENSP00000258962	SRSF1	219	RSRSRSNSRSR	SRPK1	psite	655
ENSP00000258962	SRSF1	221	RSRSNSRSRSY	SRPK1	psite	655
ENSP00000258962	SRSF1	225	NSRSRSYSPRR	SRPK1	hprd;psite	655
ENSP00000258962	SRSF1	231	YSPRRSRGSPR		hprd;pelm;psite	655
ENSP00000258962	SRSF1	242	YSPRHSRSRSR		hprd;pelm;psite	655
ENSP00000300105	CACNG2	228	ITRIPSYRYRY		psite	899
ENSP00000300105	CACNG2	239	QRRSRSSSRST		psite	899
ENSP00000305958	STIP1	148	TRTLLSDPTYR		psite	621
ENSP00000305958	STIP1	384	AMKHYTEAIKR		psite	621
ENSP00000224237	VIM	8	TRSVSSSSYRR	PRKCA	psite	621
ENSP00000224237	VIM	26	ASRPSSSRSYV	PRKCA	hprd;pelm;psite	621
ENSP00000224237	VIM	39	STRTYSLGSAL	AKT1;MAPKAPK2;PRKACA;PRKCA	hprd;pelm;psite	621
ENSP00000224237	VIM	48	ALRPSTSRSLY		hprd;pelm;psite	621
ENSP00000224237	VIM	66	YATRSSAVRLR	PAK2	hprd;pelm;psite	621
ENSP00000224237	VIM	72	AVRLRSSVPGV	PRKACA;ROCK1	hprd;pelm;psite	621
ENSP00000224237	VIM	73	VRLRSSVPGVR	AURKB;PAK2;PRKACA	hprd;pelm;psite	621
ENSP00000224237	VIM	299	KFADLSEAANR		hprd;pelm;psite	621
ENSP00000224237	VIM	316	QAKQESTEYRR		psite	621
ENSP00000224237	VIM	419	PLPNFSSLNLR		hprd;pelm;psite	621
ENSP00000321656	CDC25C	17	EGSSGSGPSFR		hprd;pelm	800
ENSP00000260600	ADCY3	1076	ASRMESTGVMG	CAMK2G	hprd;pelm	800
ENSP00000279230	PLCB3	26	TLRRGSKFIKW	PRKG1;PRKG2	hprd;pelm	802
ENSP00000355537	ACTN2	495	WDRLGTLTQKR		hprd	959
ENSP00000332549	GRIN2A	1291	ISRQHSYDNIV	CAMK2A	hprd	934
ENSP00000334105	PLCB4	620	NKRQMSRIYPK		hprd	802
ENSP00000262056	EIF4B	160	SLNEESLGNRR		hprd	621
ENSP00000262056	EIF4B	311	DDRSWSSRDDY		hprd	621
ENSP00000348573	AKAP9	255	TLRNSTHSSTA		hprd	899
ENSP00000260402	PLCB2	63	FLDITSIRDTR		hprd	820
