name	CAMKK1
id	ENSP00000158166
type	Serine/threonine kinase
proline+1_removed	Yes
npartners	20
npartners_with_sites	16
nsites	34
//
motif	score	fg_matches	fg_size	bg_matches	bg_size	fold_increase
.....[ST]...S.	6.1	32	130	922	9422	2.52
//
prot_id	prot_name	position	flank	kinase	source	string_score
ENSP00000270202	AKT1	122	EMDFRSGSPSD		hprd;pelm;psite	660
ENSP00000270202	AKT1	473	HFPQFSYSASG	ILK;LRRK2;MAPKAPK2;MTOR;PDK1;PDPK1;PIKFYVE;PRKCA;PRKCB;PRKD1;PRKDC;TBK1	hprd;pelm;psite	660
ENSP00000346148	PRKAA1	187	ADFGLSNMMSD		psite	807
ENSP00000346148	PRKAA1	198	GEFLRTSCGSP	BRSK1;BRSK2;CAMK2B;CAMKK1;CAMKK2;PRKAA1;STK11	hprd;pelm;psite	807
ENSP00000346148	PRKAA1	497	IDDEITEAKSG		hprd;pelm;psite	807
ENSP00000346148	PRKAA1	509	ATPQRSGSVSN	PRKAA1	psite	807
ENSP00000346148	PRKAA1	513	RSGSVSNYRSC		psite	807
ENSP00000346148	PRKAA1	538	EVSLTSSVTSL		hprd;psite	807
ENSP00000346148	PRKAA1	542	TSSVTSLDSSP		hprd;psite	807
ENSP00000360290	PRKAA2	161	ADFGLSNMMSD		psite	804
ENSP00000360290	PRKAA2	172	GEFLRTSCGSP	MAP3K7	hprd;pelm;psite	804
ENSP00000360290	PRKAA2	500	LHRPRSSFDST		hprd;psite	804
ENSP00000229328	PRKAB1	177	KCSDVSELSSS	PRKAA1	psite	837
ENSP00000254101	PRKAB2	40	IMVGSTDDPSV		hprd;psite	837
ENSP00000254101	PRKAB2	173	LDSMESSETSC		hprd;psite	837
ENSP00000287878	PRKAG2	86	PQPRPSSPMSA		psite	862
ENSP00000287878	PRKAG2	97	PVRPKTSPGSP		psite	862
ENSP00000287878	PRKAG2	131	IFRSSSKESSP		psite	862
ENSP00000287878	PRKAG2	153	RFFSRSRKTSG		psite	862
ENSP00000287878	PRKAG2	156	SRSRKTSGLSS		psite	862
ENSP00000287878	PRKAG2	157	RSRKTSGLSSS		hprd;pelm;psite	862
ENSP00000287878	PRKAG2	160	KTSGLSSSPST		psite	862
ENSP00000287878	PRKAG2	309	APLWESKKQSF		psite	862
ENSP00000368124	CAMK1D	326	KLHLGSSLDSS		psite	678
ENSP00000368124	CAMK1D	327	LHLGSSLDSSN		psite	678
ENSP00000282356	CAMK4	12	PSCSASSCSSV	CAMKK1	psite	729
ENSP00000282356	CAMK4	341	SSRLGSASSSH	CAMK4	hprd;pelm;psite	729
ENSP00000282356	CAMK4	356	ESHKASRDPSP		hprd;psite	729
ENSP00000262300	PKMYT1	454	TVGSTSTPRSR		hprd;psite	470
ENSP00000262300	PKMYT1	469	DALDLSDINSE		hprd;pelm;psite	470
ENSP00000356832	SGK1	492	EPVPNSIGKSP		hprd;psite	621
ENSP00000248975	YWHAH	215	TLNEDSYKDST		hprd	621
ENSP00000262300	PKMYT1	60	PPAKGSIPISR		hprd	470
ENSP00000287878	PRKAG2	130	GIFRSSSKESS		hprd	862
