name	CAMK2B
id	ENSP00000258682
type	Serine/threonine kinase
proline+1_removed	Yes
npartners	93
npartners_with_sites	84
nsites	180
//
motif	score	fg_matches	fg_size	bg_matches	bg_size	fold_increase
..RR.[ST].....	316.01	19	656	18	9383	15.1
..R..[ST].....	13.23	80	637	465	9365	2.53
.....[ST]..E..	6.07	68	557	585	8900	1.86
//
prot_id	prot_name	position	flank	kinase	source	string_score
ENSP00000300161	YWHAB	60	GARRSSWRVIS	PRKCD	hprd;pelm;psite	621
ENSP00000355537	ACTN2	57	LRKAGTQIENI		psite	901
ENSP00000355537	ACTN2	147	AIQDISVEETS		pelm;psite	901
ENSP00000355537	ACTN2	433	DYESASLTEVR		psite	901
ENSP00000355537	ACTN2	595	NIRISSSNPYS		psite	901
ENSP00000252699	ACTN4	159	AIQDISVEETS		hprd;pelm;psite	624
ENSP00000252699	ACTN4	324	RVPQKTIQEMQ		psite	624
ENSP00000252699	ACTN4	423	FRQKASIHEAW		psite	624
ENSP00000252699	ACTN4	621	PQIINSKWEKV		psite	624
ENSP00000252699	ACTN4	667	GPWIQTKMEEI		psite	624
ENSP00000286355	ADCY8	1159	YVKGISEQEGK		hprd;pelm;psite	732
ENSP00000348573	AKAP9	43	KKRKTSSSKHD	PRKACA	psite	899
ENSP00000348573	AKAP9	390	QKERQSSEEIK		hprd;psite	899
ENSP00000348573	AKAP9	1235	SGDYISENEDP		psite	899
ENSP00000348573	AKAP9	3684	ELRNDSLLQTL		psite	899
ENSP00000348573	AKAP9	3835	TYRSRSDLDYI		psite	899
ENSP00000351908	MAP3K5	83	RGRGSSVGGGS	AKT1;AKT2;PIM1	hprd;pelm;psite	908
ENSP00000351908	MAP3K5	115	SEALQSLREAC		psite	908
ENSP00000351908	MAP3K5	966	YLRSISLPVPV	MAP3K5;PDPK1	hprd;pelm;psite	908
ENSP00000262053	ATF1	36	QVSSLSESEES	CSNK1A1;CSNK2A1	hprd;pelm;psite	859
ENSP00000262053	ATF1	63	LARRPSYRKIL	CAMK2G;CDK3;RPS6KA5	hprd;pelm;psite	859
ENSP00000315299	CALML3	118	LGEKLSDEEVD		psite	815
ENSP00000272298	CALM2	29	GDGTITTKELG		psite	964
ENSP00000291295	CALM3	29	GDGTITTKELG		psite	964
ENSP00000349467	CALM1	29	GDGTITTKELG		psite	992
ENSP00000272298	CALM2	80	RKMKDTDSEEE	CSNK2A1	pelm;psite	964
ENSP00000291295	CALM3	80	RKMKDTDSEEE	CSNK2A1	pelm;psite	964
ENSP00000349467	CALM1	80	RKMKDTDSEEE	CSNK2A1	pelm;psite	992
ENSP00000272298	CALM2	82	MKDTDSEEEIR		psite	964
ENSP00000291295	CALM3	82	MKDTDSEEEIR		psite	964
ENSP00000349467	CALM1	82	MKDTDSEEEIR		psite	992
ENSP00000272298	CALM2	102	GNGYISAAELR		hprd;pelm;psite	964
ENSP00000291295	CALM3	102	GNGYISAAELR		hprd;pelm;psite	964
ENSP00000349467	CALM1	102	GNGYISAAELR		hprd;pelm;psite	992
ENSP00000272298	CALM2	118	LGEKLTDEEVD		psite	964
ENSP00000291295	CALM3	118	LGEKLTDEEVD		psite	964
ENSP00000349467	CALM1	118	LGEKLTDEEVD		psite	992
ENSP00000009105	CAMK1G	168	TDFGLSKMEQN		psite	417
ENSP00000381412	CAMK2A	286	MHRQETVDCLK	CAMK2A	hprd;pelm;psite	941
ENSP00000381412	CAMK2A	314	ATRNFSGGKSG		psite	941
ENSP00000381412	CAMK2A	347	SESTNTTIEDE		hprd;psite	941
ENSP00000381412	CAMK2A	333	KKRKSSSSVQL		psite	941
ENSP00000339740	CAMK2D	287	MHRQETVDCLK		hprd;psite	984
ENSP00000339740	CAMK2D	315	ATRNFSAAKSL	CAMK2D	hprd;pelm;psite	984
ENSP00000339740	CAMK2D	336	TESSNTTIEDE		hprd;psite	984
ENSP00000319060	CAMK2G	287	MHRQETVECLR		hprd;pelm;psite	902
ENSP00000319060	CAMK2G	315	VSRNFSAAKSL		hprd;pelm;psite	902
ENSP00000321656	CDC25C	38	LERDTSFTVCP		hprd;pelm;psite	815
ENSP00000321656	CDC25C	216	LYRSPSMPENL	BRSK1;CHEK1;CHEK2;MAPK14;MAPKAPK2;MARK3	hprd;pelm;psite	815
ENSP00000321656	CDC25C	449	LLRCRSQSKVQ		psite	815
ENSP00000379823	COL4A3	1435	GKRGDSGSPAT	COL4A3BP	psite	621
ENSP00000387699	CREB1	98	LKRLFSGTQIS	PRKD1	psite	989
ENSP00000387699	CREB1	133	LSRRPSYRKIL	ATM;CAMK4;CAMKK1;DYRK3;MAP3K8;MAPKAPK2;PRKACA;PRKCE;PRKD1;RPS6KA1;RPS6KA2;RPS6KA3;RPS6KA4;RPS6KA5;SGK1;TSSK4	hprd;pelm;psite	989
ENSP00000387699	CREB1	156	IEEEKSEEETS	CSNK1A1	psite	989
ENSP00000297494	NOS3	495	ITRKKTFKEVA	PRKACA;PRKCA;PRKG2	pelm;psite	836
ENSP00000297494	NOS3	615	KIRFNSISCSD	AKT1;PRKACA	pelm;psite	836
ENSP00000297494	NOS3	633	RKRKESSNTDS	PRKAA1;PRKACA;PRKG2	hprd;pelm;psite	836
ENSP00000297494	NOS3	1175	TSRIRTQSFSL		hprd;psite	836
ENSP00000297494	NOS3	1177	RIRTQSFSLQE	AKT1;PRKAA1;PRKACA;PRKG2	hprd;pelm;psite	836
ENSP00000297494	NOS3	1179	RTQSFSLQERQ		pelm;psite	836
ENSP00000337168	EPB41L1	441	FSRPASVSENH		pelm;psite	901
ENSP00000337168	EPB41L1	466	SGGQRSEAEEG		psite	901
ENSP00000337168	EPB41L1	510	LKHQASINELK		hprd;psite	901
ENSP00000337168	EPB41L1	540	ERRLPSSPASP		hprd;pelm;psite	901
ENSP00000337168	EPB41L1	564	GLREGSEEKVK		hprd;pelm;psite	901
ENSP00000337168	EPB41L1	580	APESDTGDEDQ		psite	901
ENSP00000337168	EPB41L1	639	EDFSRSLPELD		hprd;psite	901
ENSP00000337168	EPB41L1	648	LDRDKSDSDTE		hprd;pelm;psite	901
ENSP00000337168	EPB41L1	650	RDKSDSDTEGL		hprd;pelm;psite	901
ENSP00000306245	FOS	362	AHRKGSSSNEP	PRKACA;RPS6KA1;RPS6KA3	hprd;pelm;psite	878
ENSP00000229239	GAPDH	83	QERDPSKIKWG		hprd;pelm;psite	724
ENSP00000229239	GAPDH	103	STGVFTTMEKA		psite	724
ENSP00000229239	GAPDH	237	AFRVPTANVSV	AKT2	psite	724
ENSP00000285900	GRIA1	836	KSRSESKRMKG	PRKCA	pelm;psite	833
ENSP00000285900	GRIA1	849	LIPQQSINEAI	PRKCA	hprd;pelm;psite	833
ENSP00000320935	SLC2A4	274	RERPLSLLQLL	SGK1	pelm;psite	800
ENSP00000264606	HDAC4	339	VAREGSAAPLP		psite	462
ENSP00000264606	HDAC4	467	LGRTQSAPLPQ	CAMK4;CAMKK1	hprd;pelm;psite	462
ENSP00000264606	HDAC4	565	QEPIESDEEEA		hprd;pelm;psite	462
ENSP00000264606	HDAC4	632	LSRAQSSPASA	CAMK4;CAMKK1	hprd;pelm;psite	462
ENSP00000225983	HDAC5	499	LSRTQSSPLPQ	CAMK1;CAMK4;CAMKK1;PRKAA1;PRKAA2;PRKD1;PRKD2;PRKD3	hprd;pelm;psite	530
ENSP00000225983	HDAC5	547	LPRQPTTHPEE		psite	530
ENSP00000225983	HDAC5	548	PRQPTTHPEET		psite	530
ENSP00000225983	HDAC5	612	DEEGESGAEEG		psite	530
ENSP00000225983	HDAC5	662	LGRTQSSPAAP		psite	530
ENSP00000225983	HDAC5	1072	AGLGRSLREAQ		psite	530
ENSP00000408617	HDAC9	454	LNRTQSAPLPQ	CAMK1	psite	885
ENSP00000356713	IFNGR1	295	VVRSATLETKP		psite	899
ENSP00000356713	IFNGR1	298	SATLETKPESK		psite	899
ENSP00000260386	ITPKA	311	AQRAVTKPRYM	CAMK2A;PRKCA	hprd;pelm;psite	621
ENSP00000343204	JAK1	1030	TKAIETDKEYY		psite	900
ENSP00000343204	JAK1	1107	TRLVNTLKEGK		hprd;psite	900
ENSP00000353508	MAP2	821	RSRLASVSADA		hprd;psite	854
ENSP00000353508	MAP2	833	VARRKSVPSET		pelm;psite	854
ENSP00000353508	MAP2	1154	EGKKETSPESS		hprd;psite	854
ENSP00000353508	MAP2	1234	PAEIQSEEEEI		hprd;psite	854
ENSP00000353508	MAP2	1795	SPRRLSNVSSS	MARK1	hprd;pelm;psite	854
ENSP00000417281	MDM2	127	SDSGTSVSENR	CSNK1D	psite	901
ENSP00000417281	MDM2	164	VSRPSTSSRRR		psite	901
ENSP00000417281	MDM2	172	RRRAISETEEN	AKT1;CSNK1D;DAPK3;MAPKAPK2;PIM1	hprd;pelm;psite	901
ENSP00000417281	MDM2	192	RKRHKSDSISL	AKT1;DAPK3;PIM1	hprd;pelm;psite	901
ENSP00000417281	MDM2	198	DSISLSFDESL		psite	901
ENSP00000417281	MDM2	266	DSEDYSLSEEG	CSNK1D;CSNK2A1;PLK1	pelm;psite	901
ENSP00000417281	MDM2	296	ESDTDSFEEDP	CSNK1D	psite	901
ENSP00000417281	MDM2	357	KLENSTQAEEG	CSNK1D	psite	901
ENSP00000417281	MDM2	379	NDSRESCVEEN	CSNK1D	psite	901
ENSP00000417281	MDM2	412	SSIIYSSQEDV		psite	901
ENSP00000417281	MDM2	425	FEREETQDKEE	CSNK1D	psite	901
ENSP00000271555	MEF2D	121	KYRRASEELDG		hprd;pelm;psite	430
ENSP00000271555	MEF2D	201	PQRPASAGAML		psite	430
ENSP00000282753	GRM1	871	PCRSNTFLNIF		psite	808
ENSP00000261207	PPP1R12A	22	WIGSETDLEPP		psite	800
ENSP00000261207	PPP1R12A	472	VTRSASSPRLS	NUAK1	psite	800
ENSP00000261207	PPP1R12A	478	SPRLSSSLDNK		hprd;pelm;psite	800
ENSP00000261207	PPP1R12A	507	PRRLASTSDIE		hprd;pelm;psite	800
ENSP00000261207	PPP1R12A	509	RLASTSDIEEK		hprd;pelm;psite	800
ENSP00000261207	PPP1R12A	542	LKKNSSVNEGS		psite	800
ENSP00000261207	PPP1R12A	668	RERRRSYLTPV		hprd;psite	800
ENSP00000261207	PPP1R12A	696	QSRRSTQGVTL	RAF1;ROCK1;ROCK2	hprd;pelm;psite	800
ENSP00000261207	PPP1R12A	716	IGRSRSTRTRE		psite	800
ENSP00000261207	PPP1R12A	761	QKYSRTYDETY		psite	800
ENSP00000261207	PPP1R12A	802	LNRPNSLVGIT		psite	800
ENSP00000261207	PPP1R12A	839	KSQPKSIRERR		psite	800
ENSP00000261207	PPP1R12A	853	EKRRSTGVSFW	PRKCQ;ROCK1	hprd;psite	800
ENSP00000261207	PPP1R12A	871	EQEQQSDTEEG		hprd;pelm;psite	800
ENSP00000261207	PPP1R12A	888	QTDSISRYETS		hprd;psite	800
ENSP00000261207	PPP1R12A	892	ISRYETSSTSA		psite	800
ENSP00000261207	PPP1R12A	903	GDRYDSLLGRS		psite	800
ENSP00000261207	PPP1R12A	910	LGRSGSYSYLE	NUAK1	hprd;pelm;psite	800
ENSP00000261207	PPP1R12A	912	RSGSYSYLEER		psite	800
ENSP00000261207	PPP1R12A	995	LERRISEMEEE		psite	800
ENSP00000360616	GRIN1	896	FKRRRSSKDTS		hprd;pelm;psite	530
ENSP00000360616	GRIN1	897	KRRRSSKDTST		hprd;pelm;psite	530
ENSP00000279593	GRIN2B	1303	LRRQHSYDTFV	CAMK2A;PRKCA	hprd;pelm;psite	985
ENSP00000279593	GRIN2B	1323	APRSVSLKDKG	PRKCA	hprd;pelm;psite	985
ENSP00000263269	GRIN2D	1288	PARRLTGPSRH		psite	921
ENSP00000262039	PIK3C3	165	PGRTSSTLSED		psite	803
ENSP00000350132	PLN	16	AIRRASTIEMP	PRKACA	hprd;pelm;psite	886
ENSP00000350132	PLN	17	IRRASTIEMPQ	CAMK2A	hprd;pelm;psite	886
ENSP00000338185	PLCB1	988	PDHGSSTIEQD		psite	802
ENSP00000260402	PLCB2	601	NKRQMSRIYPK		pelm;psite	812
ENSP00000279230	PLCB3	1105	RKRHNSISEAK	PRKACA;PRKCA;PRKG1;PRKG2	hprd;pelm;psite	920
ENSP00000279230	PLCB3	1130	NRRHITESVNS		psite	920
ENSP00000244007	PLCG1	470	KLAEGSAYEEV		psite	823
ENSP00000244007	PLCG1	981	CYRDMSSFPET		psite	823
ENSP00000244007	PLCG1	1228	PFSGTSLRERG		psite	823
ENSP00000244007	PLCG1	1249	RAREGSFESRY	AKT1;PRKACA;PRKCA;PRKD1	hprd;pelm;psite	823
ENSP00000352336	PLCG2	160	QTRRNSISLRE		psite	800
ENSP00000352336	PLCG2	276	KFIDDTMRETA		hprd;psite	800
ENSP00000352336	PLCG2	677	RKREGSDSYAI		psite	800
ENSP00000375717	PTOV1	36	AVRSRSWPASP		psite	460
ENSP00000375717	PTOV1	53	RIRARSAPPME		psite	460
ENSP00000405963	RASGRF1	738	ATRKFSSPPPL		psite	899
ENSP00000405963	RASGRF1	927	KYRRMSLASAG	PRKACA	hprd;pelm;psite	899
ENSP00000265080	RASGRF2	746	RARKLSLTSPL		psite	899
ENSP00000352608	RYR1	2085	PEEERSAEESK		psite	860
ENSP00000352608	RYR1	2843	KTRKISQSAQT	PRKACA	hprd;psite	860
ENSP00000352608	RYR1	3489	IQSGGSDQERT		psite	860
ENSP00000352608	RYR1	4867	KFYNKSEDEDE		psite	860
ENSP00000265354	SRF	77	AGALYSGSEGD	CSNK2A1	hprd;pelm;psite	878
ENSP00000265354	SRF	85	EGDSESGEEEE	CSNK2A1;MAPKAPK2	hprd;pelm;psite	878
ENSP00000265354	SRF	101	RGLKRSLSEME		psite	878
ENSP00000265354	SRF	103	LKRSLSEMEIG	CAMK2A;MAPKAPK2;RPS6KA1;RPS6KA5	hprd;pelm;psite	878
ENSP00000265354	SRF	159	KLRRYTTFSKR	DMPK;PRKACA;PRKCA;PRKG1	pelm;psite	878
ENSP00000300105	CACNG2	228	ITRIPSYRYRY		psite	899
ENSP00000300105	CACNG2	239	QRRSRSSSRST		psite	899
ENSP00000410452	STMN1	31	PRSKESVPEFP		hprd;psite	817
ENSP00000410452	STMN1	46	KKKDLSLEEIQ		hprd;psite	817
ENSP00000410452	STMN1	63	EERRKSHEAEV	CSNK2A1;PRKACA	hprd;pelm;psite	817
ENSP00000381863	USP19	183	QTRKGSLLHLT		psite	641
ENSP00000300161	YWHAB	132	YFRYLSEVASG	PRKCZ	hprd;pelm	621
ENSP00000260600	ADCY3	1076	ASRMESTGVMG	CAMK2G	hprd;pelm	800
ENSP00000279230	PLCB3	26	TLRRGSKFIKW	PRKG1;PRKG2	hprd;pelm	920
ENSP00000355537	ACTN2	495	WDRLGTLTQKR		hprd	901
ENSP00000332549	GRIN2A	1291	ISRQHSYDNIV	CAMK2A	hprd	985
ENSP00000260600	ADCY3	580	RVVDASEDEHE		hprd	800
ENSP00000265354	SRF	160	LRRYTTFSKRK	CAMK2A	hprd	878
ENSP00000334105	PLCB4	620	NKRQMSRIYPK		hprd	802
ENSP00000348573	AKAP9	255	TLRNSTHSSTA		hprd	899
ENSP00000338185	PLCB1	569	SFEMSSFVETK		hprd	802
