name	CAMK1D
id	ENSP00000368124
type	Serine/threonine kinase
proline+1_removed	Yes
npartners	31
npartners_with_sites	26
nsites	28
//
motif	score	fg_matches	fg_size	bg_matches	bg_size	fold_increase
..R..[ST].....	7.78	28	161	483	9383	3.38
//
prot_id	prot_name	position	flank	kinase	source	string_score
ENSP00000338774	BCL11A	743	GRRSDTCEYCG		psite	424
ENSP00000338774	BCL11A	765	HRRSHTGERPY		psite	424
ENSP00000258682	CAMK2B	287	MHRQETVECLK	CAMK2B	hprd;psite	910
ENSP00000339740	CAMK2D	287	MHRQETVDCLK		hprd;psite	905
ENSP00000339740	CAMK2D	315	ATRNFSAAKSL	CAMK2D	hprd;pelm;psite	905
ENSP00000319060	CAMK2G	287	MHRQETVECLR		hprd;pelm;psite	911
ENSP00000319060	CAMK2G	315	VSRNFSAAKSL		hprd;pelm;psite	911
ENSP00000158166	CAMKK1	52	RARAASVIPGS		psite	678
ENSP00000158166	CAMKK1	74	SARKLSLQERP	PRKACA	hprd;psite	678
ENSP00000158166	CAMKK1	108	AWRRPTIESHH		hprd;pelm;psite	678
ENSP00000158166	CAMKK1	496	MLRKRSFGNPF		hprd;psite	678
ENSP00000158166	CAMKK1	513	EERSMSAPGNL	PRKACA	hprd;psite	678
ENSP00000303706	CDC25A	76	LQRMGSSESTD	CHEK1;GSK3B	hprd;pelm;psite	457
ENSP00000303706	CDC25A	107	MRRIHSLPQKL		psite	457
ENSP00000303706	CDC25A	124	LKRSHSDSLDH	CHEK1;CHEK2	hprd;pelm;psite	457
ENSP00000303706	CDC25A	178	TQRQNSAPARM	CHEK1;CHEK2	hprd;pelm;psite	457
ENSP00000303706	CDC25A	293	TKRRKSMSGAS	CHEK1;CHEK2;RPS6KA1	hprd;pelm;psite	457
ENSP00000274695	CDKAL1	43	VRRRNTQKYLQ		psite	565
ENSP00000286627	KCNMA1	934	MLRQPSITTGV		psite	462
ENSP00000271555	MEF2D	121	KYRRASEELDG		hprd;pelm;psite	448
ENSP00000271555	MEF2D	201	PQRPASAGAML		psite	448
ENSP00000316950	MYEF2	233	AGRLGSTIFVA		psite	400
ENSP00000256646	NOTCH2	1722	LRRDASNHKRR		psite	540
ENSP00000256646	NOTCH2	1804	IRRTPSLALTP		hprd;pelm;psite	540
ENSP00000256646	NOTCH2	2134	SRRKKSLSEKV		psite	540
ENSP00000358404	TCF7L2	79	SFRDKSRESLE		psite	517
ENSP00000226760	WFS1	235	LERLVSSESKN		psite	515
ENSP00000256646	NOTCH2	1841	SLRGGSSDLSD		hprd;pelm	540
