name	CAMK4
id	ENSP00000282356
type	Serine/threonine kinase
proline+1_removed	Yes
npartners	40
npartners_with_sites	33
nsites	52
//
motif	score	fg_matches	fg_size	bg_matches	bg_size	fold_increase
..R..[ST].....	13.53	51	293	483	9383	3.38
//
prot_id	prot_name	position	flank	kinase	source	string_score
ENSP00000264110	ATF2	62	PARNDSVIVAD	VRK1	pelm;psite	502
ENSP00000264110	ATF2	307	LVRTQSEESRP		psite	502
ENSP00000158166	CAMKK1	52	RARAASVIPGS		psite	729
ENSP00000158166	CAMKK1	74	SARKLSLQERP	PRKACA	hprd;psite	729
ENSP00000158166	CAMKK1	108	AWRRPTIESHH		hprd;pelm;psite	729
ENSP00000158166	CAMKK1	496	MLRKRSFGNPF		hprd;psite	729
ENSP00000158166	CAMKK1	513	EERSMSAPGNL	PRKACA	hprd;psite	729
ENSP00000312741	CAMKK2	100	SGRKLSLQERS		psite	711
ENSP00000312741	CAMKK2	145	LPRRPTVESHH		psite	711
ENSP00000312741	CAMKK2	495	MIRKRSFGNPF		hprd;psite	711
ENSP00000312741	CAMKK2	511	EERSLSAPGNL	DAPK1	hprd;pelm;psite	711
ENSP00000262367	CREBBP	78	LLRGGSGSSIN		psite	950
ENSP00000262367	CREBBP	2356	SPRPQSQPPHS		psite	950
ENSP00000387699	CREB1	98	LKRLFSGTQIS	PRKD1	psite	989
ENSP00000387699	CREB1	133	LSRRPSYRKIL	ATM;CAMK4;CAMKK1;DYRK3;MAP3K8;MAPKAPK2;PRKACA;PRKCE;PRKD1;RPS6KA1;RPS6KA2;RPS6KA3;RPS6KA4;RPS6KA5;SGK1;TSSK4	hprd;pelm;psite	989
ENSP00000344456	CTNNB1	332	IMRTYTYEKLL	CAMK2A	psite	899
ENSP00000344456	CTNNB1	472	ALRHLTSRHQE	CAMK2A	psite	899
ENSP00000344456	CTNNB1	552	TQRRTSMGGTQ	AKT1;AKT2;CAMK2A;PRKACA	hprd;pelm;psite	899
ENSP00000306245	FOS	362	AHRKGSSSNEP	PRKACA;RPS6KA1;RPS6KA3	hprd;pelm;psite	565
ENSP00000229239	GAPDH	83	QERDPSKIKWG		hprd;pelm;psite	659
ENSP00000229239	GAPDH	237	AFRVPTANVSV	AKT2	psite	659
ENSP00000264606	HDAC4	339	VAREGSAAPLP		psite	964
ENSP00000264606	HDAC4	467	LGRTQSAPLPQ	CAMK4;CAMKK1	hprd;pelm;psite	964
ENSP00000264606	HDAC4	632	LSRAQSSPASA	CAMK4;CAMKK1	hprd;pelm;psite	964
ENSP00000221419	HNRNPL	63	PKRLKTDNAGD		hprd;psite	428
ENSP00000221419	HNRNPL	544	SERSSSGLLEW	CAMK4	psite	428
ENSP00000286627	KCNMA1	934	MLRQPSITTGV		psite	461
ENSP00000271555	MEF2D	121	KYRRASEELDG		hprd;pelm;psite	939
ENSP00000271555	MEF2D	201	PQRPASAGAML		psite	939
ENSP00000384273	RELA	276	QLRRPSDRELS	PIM1;PRKACA;RPS6KA4;RPS6KA5	hprd;pelm;psite	633
ENSP00000384273	RELA	281	SDRELSEPMEF		psite	633
ENSP00000384273	RELA	505	ITRLVTGAQRP		pelm;psite	633
ENSP00000320758	NOS1	852	KVRFNSVSSYS	PRKCA	hprd;pelm;psite	623
ENSP00000320758	NOS1	1417	RLRSESIAFIE		hprd;pelm;psite	623
ENSP00000263253	EP300	89	LLRSGSSPNLN	PRKAA1;PRKCA;PRKCD	hprd;pelm;psite	810
ENSP00000263253	EP300	1295	AKRLPSTRLGT		psite	810
ENSP00000263253	EP300	1834	RRRMASMQRTG	AKT1	hprd;pelm;psite	810
ENSP00000263253	EP300	2320	SPRPQSQPPHS		psite	810
ENSP00000244007	PLCG1	981	CYRDMSSFPET		psite	899
ENSP00000244007	PLCG1	1249	RAREGSFESRY	AKT1;PRKACA;PRKCA;PRKD1	hprd;pelm;psite	899
ENSP00000352336	PLCG2	160	QTRRNSISLRE		psite	800
ENSP00000352336	PLCG2	677	RKREGSDSYAI		psite	800
ENSP00000241808	PRM2	59	RRRHCSRRRLH		pelm;psite	877
ENSP00000265354	SRF	103	LKRSLSEMEIG	CAMK2A;MAPKAPK2;RPS6KA1;RPS6KA5	hprd;pelm;psite	924
ENSP00000265354	SRF	159	KLRRYTTFSKR	DMPK;PRKACA;PRKCA;PRKG1	pelm;psite	924
ENSP00000295987	SYN1	9	LRRRLSDSNFM	PRKACA	hprd;psite	867
ENSP00000295987	SYN1	449	LGRQTSQQPAG		psite	867
ENSP00000295987	SYN1	605	PTRQASQAGPV	CAMK2G	hprd;pelm;psite	867
ENSP00000295987	SYN1	568	ATRQTSVSGPA	CAMK2G	hprd	867
ENSP00000262367	CREBBP	1771	ESRRLSIQRCI		hprd	950
ENSP00000265354	SRF	160	LRRYTTFSKRK	CAMK2A	hprd	924
ENSP00000348527	CENPL	38	SVRKQSSFILT		hprd	581
