name	CAMK1
id	ENSP00000256460
type	Serine/threonine kinase
proline+1_removed	Yes
npartners	24
npartners_with_sites	22
nsites	42
//
motif	score	fg_matches	fg_size	bg_matches	bg_size	fold_increase
..R..[ST].....	307.65	42	173	483	9383	4.72
//
prot_id	prot_name	position	flank	kinase	source	string_score
ENSP00000187397	ARPP21	134	KIRMLSKDCSQ		psite	653
ENSP00000187397	ARPP21	257	LKRDNSSIDKE		psite	653
ENSP00000187397	ARPP21	280	DRRSKSIEERE		hprd;psite	653
ENSP00000187397	ARPP21	338	GNRDGSGRTSG		psite	653
ENSP00000187397	ARPP21	363	HQRAWSSTDSD		psite	653
ENSP00000262053	ATF1	63	LARRPSYRKIL	CAMK2G;CDK3;RPS6KA5	hprd;pelm;psite	692
ENSP00000158166	CAMKK1	52	RARAASVIPGS		psite	678
ENSP00000158166	CAMKK1	74	SARKLSLQERP	PRKACA	hprd;psite	678
ENSP00000158166	CAMKK1	108	AWRRPTIESHH		hprd;pelm;psite	678
ENSP00000158166	CAMKK1	496	MLRKRSFGNPF		hprd;psite	678
ENSP00000158166	CAMKK1	513	EERSMSAPGNL	PRKACA	hprd;psite	678
ENSP00000312741	CAMKK2	100	SGRKLSLQERS		psite	874
ENSP00000312741	CAMKK2	145	LPRRPTVESHH		psite	874
ENSP00000312741	CAMKK2	495	MIRKRSFGNPF		hprd;psite	874
ENSP00000312741	CAMKK2	511	EERSLSAPGNL	DAPK1	hprd;pelm;psite	874
ENSP00000264211	EIF4G3	518	KDRTRTTEEML		psite	746
ENSP00000264211	EIF4G3	889	KARRRSIGNIK		psite	746
ENSP00000264211	EIF4G3	1156	FMRGGSSKDLL	CAMK1;CAMK1G;PNCK	hprd;psite	746
ENSP00000229239	GAPDH	83	QERDPSKIKWG		hprd;pelm;psite	638
ENSP00000229239	GAPDH	237	AFRVPTANVSV	AKT2	psite	638
ENSP00000259803	GCM1	269	EKRKLSSSRTY		psite	644
ENSP00000259803	GCM1	275	SSRTYSSGDLL		psite	644
ENSP00000285900	GRIA1	836	KSRSESKRMKG	PRKCA	pelm;psite	831
ENSP00000264606	HDAC4	339	VAREGSAAPLP		psite	699
ENSP00000264606	HDAC4	467	LGRTQSAPLPQ	CAMK4;CAMKK1	hprd;pelm;psite	699
ENSP00000264606	HDAC4	632	LSRAQSSPASA	CAMK4;CAMKK1	hprd;pelm;psite	699
ENSP00000225983	HDAC5	499	LSRTQSSPLPQ	CAMK1;CAMK4;CAMKK1;PRKAA1;PRKAA2;PRKD1;PRKD2;PRKD3	hprd;pelm;psite	887
ENSP00000225983	HDAC5	547	LPRQPTTHPEE		psite	887
ENSP00000225983	HDAC5	662	LGRTQSSPAAP		psite	887
ENSP00000408617	HDAC9	454	LNRTQSAPLPQ	CAMK1	psite	693
ENSP00000286627	KCNMA1	934	MLRQPSITTGV		psite	425
ENSP00000264773	KCNN2	567	SRRRRSSSTAP	PRKACA	psite	623
ENSP00000264773	KCNN2	568	RRRRSSSTAPP	PRKACA	psite	623
ENSP00000264773	KCNN2	569	RRRSSSTAPPT	PRKACA	psite	623
ENSP00000271555	MEF2D	121	KYRRASEELDG		hprd;pelm;psite	438
ENSP00000271555	MEF2D	201	PQRPASAGAML		psite	438
ENSP00000320758	NOS1	852	KVRFNSVSSYS	PRKCA	hprd;pelm;psite	619
ENSP00000320758	NOS1	1417	RLRSESIAFIE		hprd;pelm;psite	619
ENSP00000295987	SYN1	9	LRRRLSDSNFM	PRKACA	hprd;psite	958
ENSP00000295987	SYN1	449	LGRQTSQQPAG		psite	958
ENSP00000295987	SYN1	605	PTRQASQAGPV	CAMK2G	hprd;pelm;psite	958
ENSP00000295987	SYN1	568	ATRQTSVSGPA	CAMK2G	hprd	958
