name	CAMK2G
id	ENSP00000319060
type	Serine/threonine kinase
proline+1_removed	Yes
npartners	106
npartners_with_sites	96
nsites	117
//
motif	score	fg_matches	fg_size	bg_matches	bg_size	fold_increase
..RR.[ST].....	318.83	24	788	18	9383	15.88
..R..[ST].....	13.54	91	764	465	9365	2.4
//
prot_id	prot_name	position	flank	kinase	source	string_score
ENSP00000355537	ACTN2	595	NIRISSSNPYS		psite	679
ENSP00000262053	ATF1	63	LARRPSYRKIL	CAMK2G;CDK3;RPS6KA5	hprd;pelm;psite	946
ENSP00000258682	CAMK2B	287	MHRQETVECLK	CAMK2B	hprd;psite	902
ENSP00000339740	CAMK2D	287	MHRQETVDCLK		hprd;psite	902
ENSP00000339740	CAMK2D	315	ATRNFSAAKSL	CAMK2D	hprd;pelm;psite	902
ENSP00000321656	CDC25C	38	LERDTSFTVCP		hprd;pelm;psite	823
ENSP00000321656	CDC25C	216	LYRSPSMPENL	BRSK1;CHEK1;CHEK2;MAPK14;MAPKAPK2;MARK3	hprd;pelm;psite	823
ENSP00000321656	CDC25C	449	LLRCRSQSKVQ		psite	823
ENSP00000337103	CHAT	473	LIRADSVSELP		psite	688
ENSP00000387699	CREB1	98	LKRLFSGTQIS	PRKD1	psite	916
ENSP00000387699	CREB1	133	LSRRPSYRKIL	ATM;CAMK4;CAMKK1;DYRK3;MAP3K8;MAPKAPK2;PRKACA;PRKCE;PRKD1;RPS6KA1;RPS6KA2;RPS6KA3;RPS6KA4;RPS6KA5;SGK1;TSSK4	hprd;pelm;psite	916
ENSP00000265372	CREM	87	LSRRPSYRKIL		hprd;psite	723
ENSP00000275493	EGFR	678	IVRKRTLRRLL	PKN1;PKN3;PRKCA;PRKCD	hprd;pelm;psite	661
ENSP00000275493	EGFR	1071	LQRYSSDPTGA	CAMK2G	hprd;pelm;psite	661
ENSP00000297494	NOS3	495	ITRKKTFKEVA	PRKACA;PRKCA;PRKG2	pelm;psite	854
ENSP00000297494	NOS3	615	KIRFNSISCSD	AKT1;PRKACA	pelm;psite	854
ENSP00000297494	NOS3	633	RKRKESSNTDS	PRKAA1;PRKACA;PRKG2	hprd;pelm;psite	854
ENSP00000297494	NOS3	1175	TSRIRTQSFSL		hprd;psite	854
ENSP00000297494	NOS3	1177	RIRTQSFSLQE	AKT1;PRKAA1;PRKACA;PRKG2	hprd;pelm;psite	854
ENSP00000358866	FLNA	1286	DARALTQTGGP		psite	621
ENSP00000358866	FLNA	2152	RRRAPSVANVG	PAK1;PRKACA;RPS6KA1	hprd;pelm;psite	621
ENSP00000358866	FLNA	2336	DARRLTVSSLQ		hprd;psite	621
ENSP00000358866	FLNA	2523	GPRLVSNHSLH	CAMK2A;CAMK2G	hprd;pelm;psite	621
ENSP00000306245	FOS	362	AHRKGSSSNEP	PRKACA;RPS6KA1;RPS6KA3	hprd;pelm;psite	893
ENSP00000285900	GRIA1	836	KSRSESKRMKG	PRKCA	pelm;psite	960
ENSP00000320935	SLC2A4	274	RERPLSLLQLL	SGK1	pelm;psite	803
ENSP00000264606	HDAC4	339	VAREGSAAPLP		psite	462
ENSP00000264606	HDAC4	467	LGRTQSAPLPQ	CAMK4;CAMKK1	hprd;pelm;psite	462
ENSP00000264606	HDAC4	632	LSRAQSSPASA	CAMK4;CAMKK1	hprd;pelm;psite	462
ENSP00000225983	HDAC5	499	LSRTQSSPLPQ	CAMK1;CAMK4;CAMKK1;PRKAA1;PRKAA2;PRKD1;PRKD2;PRKD3	hprd;pelm;psite	518
ENSP00000225983	HDAC5	547	LPRQPTTHPEE		psite	518
ENSP00000225983	HDAC5	662	LGRTQSSPAAP		psite	518
ENSP00000408617	HDAC9	454	LNRTQSAPLPQ	CAMK1	psite	884
ENSP00000353462	CASS4	289	SGRSRSLTPQL		psite	408
ENSP00000348150	HOMER3	120	LAREKSQDGGE		psite	808
ENSP00000348150	HOMER3	159	LFRSQSADAPG		hprd;pelm;psite	808
ENSP00000347504	ITGB1BP1	38	LSRSSTVASLD	CAMK2A	hprd;pelm;psite	420
ENSP00000353508	MAP2	821	RSRLASVSADA		hprd;psite	885
ENSP00000353508	MAP2	833	VARRKSVPSET		pelm;psite	885
ENSP00000353508	MAP2	1795	SPRRLSNVSSS	MARK1	hprd;pelm;psite	885
ENSP00000395535	MECP2	369	KGRSSSASSPP		psite	824
ENSP00000271555	MEF2D	121	KYRRASEELDG		hprd;pelm;psite	428
ENSP00000271555	MEF2D	201	PQRPASAGAML		psite	428
ENSP00000282753	GRM1	871	PCRSNTFLNIF		psite	835
ENSP00000382177	MYO5A	987	TGRVLSLQEEI		psite	427
ENSP00000382177	MYO5A	1115	HKRTDSTHSSN		hprd;psite	427
ENSP00000382177	MYO5A	1650	GLRKRTSSIAD		hprd;pelm;psite	427
ENSP00000382177	MYO5A	1652	RKRTSSIADEG		hprd;pelm;psite	427
ENSP00000261207	PPP1R12A	472	VTRSASSPRLS	NUAK1	psite	809
ENSP00000261207	PPP1R12A	478	SPRLSSSLDNK		hprd;pelm;psite	809
ENSP00000261207	PPP1R12A	507	PRRLASTSDIE		hprd;pelm;psite	809
ENSP00000261207	PPP1R12A	668	RERRRSYLTPV		hprd;psite	809
ENSP00000261207	PPP1R12A	696	QSRRSTQGVTL	RAF1;ROCK1;ROCK2	hprd;pelm;psite	809
ENSP00000261207	PPP1R12A	716	IGRSRSTRTRE		psite	809
ENSP00000261207	PPP1R12A	802	LNRPNSLVGIT		psite	809
ENSP00000261207	PPP1R12A	853	EKRRSTGVSFW	PRKCQ;ROCK1	hprd;psite	809
ENSP00000261207	PPP1R12A	892	ISRYETSSTSA		psite	809
ENSP00000261207	PPP1R12A	903	GDRYDSLLGRS		psite	809
ENSP00000261207	PPP1R12A	910	LGRSGSYSYLE	NUAK1	hprd;pelm;psite	809
ENSP00000261207	PPP1R12A	995	LERRISEMEEE		psite	809
ENSP00000359285	CHRNA4	467	KARSLSVQHMS		psite	854
ENSP00000360616	GRIN1	896	FKRRRSSKDTS		hprd;pelm;psite	431
ENSP00000360616	GRIN1	897	KRRRSSKDTST		hprd;pelm;psite	431
ENSP00000279593	GRIN2B	1303	LRRQHSYDTFV	CAMK2A;PRKCA	hprd;pelm;psite	861
ENSP00000279593	GRIN2B	1323	APRSVSLKDKG	PRKCA	hprd;pelm;psite	861
ENSP00000353660	PEA15	104	LTRIPSAKKYK	PRKCA	hprd;pelm;psite	646
ENSP00000353660	PEA15	116	IIRQPSEEEII	AKT1;CAMK2G	hprd;pelm;psite	646
ENSP00000262039	PIK3C3	165	PGRTSSTLSED		psite	801
ENSP00000339933	PKLR	43	YLRRASVAQLT		psite	805
ENSP00000339933	PKLR	292	FVRKASDVAAV		hprd;psite	805
ENSP00000320171	PKM	95	NVRTATESFAS		psite	833
ENSP00000320171	PKM	249	FIRKASDVHEV		psite	833
ENSP00000350132	PLN	16	AIRRASTIEMP	PRKACA	hprd;pelm;psite	902
ENSP00000350132	PLN	17	IRRASTIEMPQ	CAMK2A	hprd;pelm;psite	902
ENSP00000260402	PLCB2	601	NKRQMSRIYPK		pelm;psite	812
ENSP00000279230	PLCB3	1105	RKRHNSISEAK	PRKACA;PRKCA;PRKG1;PRKG2	hprd;pelm;psite	920
ENSP00000279230	PLCB3	1130	NRRHITESVNS		psite	920
ENSP00000244007	PLCG1	981	CYRDMSSFPET		psite	819
ENSP00000244007	PLCG1	1249	RAREGSFESRY	AKT1;PRKACA;PRKCA;PRKD1	hprd;pelm;psite	819
ENSP00000352336	PLCG2	160	QTRRNSISLRE		psite	800
ENSP00000352336	PLCG2	677	RKREGSDSYAI		psite	800
ENSP00000375717	PTOV1	36	AVRSRSWPASP		psite	425
ENSP00000375717	PTOV1	53	RIRARSAPPME		psite	425
ENSP00000299759	RRAD	214	RSREVSVDEGR	CSNK2A1;PRKCA	hprd;pelm;psite	846
ENSP00000299759	RRAD	257	RLRRDSKEANA	CSNK2A1;PRKCA	hprd;psite	846
ENSP00000299759	RRAD	273	TRRRESLGKKA	CAMK2A;CSNK2A1;PRKACA;PRKCA	hprd;psite	846
ENSP00000299759	RRAD	299	AFRAKSKSCHD	CSNK2A1;PRKCA	hprd;psite	846
ENSP00000352608	RYR1	2843	KTRKISQSAQT	PRKACA	hprd;psite	946
ENSP00000332973	SMAD3	388	EYRRQTVTSTP		psite	619
ENSP00000353452	MYLK	1760	IGRLSSMAMIS	CAMK2G	hprd;pelm;psite	664
ENSP00000353452	MYLK	1773	SGRKSSTGSPT	PRKACA	hprd;psite	664
ENSP00000234454	SPR	213	LARETSVDPDM	CAMK2A;CAMK2G	hprd;pelm;psite	621
ENSP00000265354	SRF	103	LKRSLSEMEIG	CAMK2A;MAPKAPK2;RPS6KA1;RPS6KA5	hprd;pelm;psite	878
ENSP00000265354	SRF	159	KLRRYTTFSKR	DMPK;PRKACA;PRKCA;PRKG1	pelm;psite	878
ENSP00000342181	SRP72	630	SPRPGSAATVS		hprd;pelm;psite	550
ENSP00000410452	STMN1	63	EERRKSHEAEV	CSNK2A1;PRKACA	hprd;pelm;psite	812
ENSP00000295987	SYN1	9	LRRRLSDSNFM	PRKACA	hprd;psite	969
ENSP00000295987	SYN1	449	LGRQTSQQPAG		psite	969
ENSP00000295987	SYN1	605	PTRQASQAGPV	CAMK2G	hprd;pelm;psite	969
ENSP00000370571	TH	19	FRRAVSELDAK	CAMK2A;CAMK2G;MAPKAPK2	hprd;pelm;psite	945
ENSP00000370571	TH	71	IGRRQSLIEDA	CAMK2A;MAPKAPK2;PRKACA;RPS6KA3	hprd;pelm;psite	945
ENSP00000286827	TIAM1	26	LGRKHTSRSLR		psite	652
ENSP00000286827	TIAM1	231	CQRANSLGDLY		hprd;psite	652
ENSP00000286827	TIAM1	319	GRRAKTTQDVN		psite	652
ENSP00000286827	TIAM1	695	RSRFSSLWGLD		psite	652
ENSP00000340797	TRIM3	454	AVRRPSSMYST		psite	463
ENSP00000340797	TRIM3	455	VRRPSSMYSTG		psite	463
ENSP00000344818	UBC	57	DGRTLSDYNIQ		hprd;psite	401
ENSP00000381863	USP19	183	QTRKGSLLHLT		psite	641
ENSP00000260600	ADCY3	1076	ASRMESTGVMG	CAMK2G	hprd;pelm	919
ENSP00000279230	PLCB3	26	TLRRGSKFIKW	PRKG1;PRKG2	hprd;pelm	920
ENSP00000353452	MYLK	1208	SRRPKSSLPPV	PAK2	hprd;pelm	664
ENSP00000355537	ACTN2	495	WDRLGTLTQKR		hprd	679
ENSP00000332549	GRIN2A	1291	ISRQHSYDNIV	CAMK2A	hprd	733
ENSP00000295987	SYN1	568	ATRQTSVSGPA	CAMK2G	hprd	969
ENSP00000265354	SRF	160	LRRYTTFSKRK	CAMK2A	hprd	878
ENSP00000334105	PLCB4	620	NKRQMSRIYPK		hprd	806
