name	CAMKK2
id	ENSP00000312741
type	Serine/threonine kinase
proline+1_removed	Yes
npartners	34
npartners_with_sites	30
nsites	40
//
motif	score	fg_matches	fg_size	bg_matches	bg_size	fold_increase
...R.[ST].....	6.67	39	348	422	9383	2.49
//
prot_id	prot_name	position	flank	kinase	source	string_score
ENSP00000346148	PRKAA1	199	EFLRTSCGSPN		hprd;pelm;psite	817
ENSP00000346148	PRKAA1	403	PRARHTLDELN	PRKAA1	psite	817
ENSP00000360290	PRKAA2	173	EFLRTSCGSPN		pelm;psite	870
ENSP00000360290	PRKAA2	501	HRPRSSFDSTT		psite	870
ENSP00000229328	PRKAB1	24	TPRRDSSGGTK	PRKAA1	hprd;pelm;psite	866
ENSP00000229328	PRKAB1	80	AQARPTVFRWT	PRKAA1	psite	866
ENSP00000287878	PRKAG2	32	SQKRRSLRVHI		psite	873
ENSP00000287878	PRKAG2	86	PQPRPSSPMSA		psite	873
ENSP00000287878	PRKAG2	122	SPRRMSFSGIF		psite	873
ENSP00000287878	PRKAG2	156	SRSRKTSGLSS		psite	873
ENSP00000251527	ESYT2	648	QVKRPSVSKEG		hprd;psite	489
ENSP00000251527	ESYT2	656	KEGRKTSIKSH		psite	489
ENSP00000251527	ESYT2	709	DLGRSSSSLLA		hprd;pelm;psite	489
ENSP00000358866	FLNA	2053	SRVRVSGQGLH		hprd;pelm;psite	607
ENSP00000358866	FLNA	2336	DARRLTVSSLQ		hprd;psite	607
ENSP00000300648	GCN1L1	1318	DAVRQSVVVLM		hprd;psite	560
ENSP00000274364	IQGAP2	24	DDERLSAEEMD		hprd;psite	617
ENSP00000274364	IQGAP2	595	KSERVSSDGSW		psite	617
ENSP00000274364	IQGAP2	685	FEARKSFLHEQ		hprd;psite	617
ENSP00000274364	IQGAP2	716	MHRRQTFIDNT		psite	617
ENSP00000274364	IQGAP2	739	ATARKSYLSRL		psite	617
ENSP00000274364	IQGAP2	881	KERRKTLETYQ		psite	617
ENSP00000274364	IQGAP2	1461	KNTRRSIKLDG		psite	617
ENSP00000358997	IRAK1	209	EISRGTHNFSE	IRAK1	pelm;psite	585
ENSP00000358997	IRAK1	387	QTVRGTLAYLP	IRAK1;IRAK4	hprd;pelm;psite	585
ENSP00000262300	PKMYT1	479	EPPRGSFPSFE		hprd;psite	468
ENSP00000229794	MAPK14	175	GLARHTDDEMT		hprd;psite	418
ENSP00000309591	PRKACA	140	RIGRFSEPHAR		hprd;psite	625
ENSP00000309591	PRKACA	339	EEIRVSINEKC		hprd;pelm;psite	625
ENSP00000228307	PXN	249	SPQRVTSTQQQ		psite	472
ENSP00000228307	PXN	258	QQTRISASSAT		hprd;psite	472
ENSP00000323421	SMC1A	28	PFQRFTAIIGP		hprd;psite	418
ENSP00000323421	SMC1A	970	GSQRISSIYAR		hprd;pelm;psite	418
ENSP00000354720	SMC3	674	YDTRKSRLELQ		psite	489
ENSP00000354720	SMC3	1081	ESERGSGSQSS		hprd;psite	489
ENSP00000358866	FLNA	1089	SPARFTIDTKG		hprd	607
ENSP00000358866	FLNA	2486	EGYRVTYTPMA		hprd	607
ENSP00000229794	MAPK14	298	SDKRITAAQAL		hprd	418
ENSP00000287878	PRKAG2	130	GIFRSSSKESS		hprd	873
ENSP00000300648	GCN1L1	714	IIPRMTTQSPL		hprd	560
