name	CASK
id	ENSP00000367408
type	Serine/threonine kinase
proline+1_removed	Yes
npartners	233
npartners_with_sites	185
nsites	283
//
motif	score	fg_matches	fg_size	bg_matches	bg_size	fold_increase
..RR.[ST].....	316.55	26	1384	17	9345	10.33
.....[ST]D.E..	315.45	34	1418	38	9383	5.92
..R..[ST].....	307.65	153	1358	464	9328	2.26
.....[ST]E.E..	16.64	28	1004	42	7948	5.28
...R.[ST]..S..	14.5	21	880	31	7506	5.78
//
prot_id	prot_name	position	flank	kinase	source	string_score
ENSP00000253577	ABCB7	262	GTRGISFVLSA		hprd;psite	491
ENSP00000339787	ACSL4	63	PYRSVTHFDSL		psite	438
ENSP00000265381	APBA1	80	LARSASTESGF		psite	990
ENSP00000265381	APBA1	263	YPRMDSYEQEE		psite	990
ENSP00000364893	ARHGEF7	153	SHRIKSFDSLG		psite	630
ENSP00000364893	ARHGEF7	694	PERKPSDEEFA		hprd;pelm;psite	630
ENSP00000364893	ARHGEF7	704	ASRKSTAALEE		hprd;psite	630
ENSP00000364893	ARHGEF7	761	LGRRSSLSRLE		hprd;psite	630
ENSP00000345728	ATP7A	272	QQRSPSYTNDS		psite	539
ENSP00000345728	ATP7A	346	GLYRVSITSEV		psite	539
ENSP00000345728	ATP7A	349	RVSITSEVEST		psite	539
ENSP00000345728	ATP7A	1463	NYSRASINSLL		psite	539
ENSP00000362441	ATRX	84	SKRKPSIVTKY		hprd;pelm;psite	683
ENSP00000362441	ATRX	92	TKYVESDDEKP		hprd;pelm;psite	683
ENSP00000362441	ATRX	191	IYRHPSLQVLI		psite	683
ENSP00000362441	ATRX	634	LGQENSDNEHL		hprd;pelm;psite	683
ENSP00000362441	ATRX	661	SPRVKTTPLRR		psite	683
ENSP00000362441	ATRX	668	PLRRPTETNPV		psite	683
ENSP00000362441	ATRX	677	PVTSNSDEECN		hprd;pelm;psite	683
ENSP00000362441	ATRX	703	KDKRNSSDSAI		hprd;psite	683
ENSP00000362441	ATRX	704	DKRNSSDSAID		psite	683
ENSP00000362441	ATRX	784	RKRKSSTSGSD		psite	683
ENSP00000362441	ATRX	819	SSNYDSELEKE		psite	683
ENSP00000362441	ATRX	850	KDFDSSEDEKH		hprd;pelm;psite	683
ENSP00000362441	ATRX	1141	ERRNLSSKRNT		hprd;psite	683
ENSP00000362441	ATRX	1292	DEDGSSDDEPE		psite	683
ENSP00000362441	ATRX	1326	NSESDSDSEES		hprd;psite	683
ENSP00000362441	ATRX	1348	HKLTVSDGESG		hprd;pelm;psite	683
ENSP00000362441	ATRX	1442	ENKSNSEEEEE		hprd;psite	683
ENSP00000362441	ATRX	1493	KLRTETQNALK		psite	683
ENSP00000362441	ATRX	2379	LSRQASQELDV		psite	683
ENSP00000218147	BCORL1	1033	SSRRGSSTERP		hprd;psite	447
ENSP00000218147	BCORL1	1034	SRRGSSTERPQ		hprd;psite	447
ENSP00000362372	BRWD3	678	VNRAYSVNGAL		psite	585
ENSP00000362372	BRWD3	702	RLRRHSSQIEG		psite	585
ENSP00000362372	BRWD3	703	LRRHSSQIEGV		hprd;pelm;psite	585
ENSP00000362372	BRWD3	1265	EERNSTDAEED		psite	585
ENSP00000362372	BRWD3	1455	KRLRSSSSSLS		hprd;pelm;psite	585
ENSP00000264705	CAD	1406	GGRRLSSFVTK	PRKACA	hprd;pelm;psite	421
ENSP00000264705	CAD	1407	GRRLSSFVTKG		hprd;psite	421
ENSP00000264705	CAD	2154	KERFGSTQEYE		psite	421
ENSP00000272298	CALM2	80	RKMKDTDSEEE	CSNK2A1	pelm;psite	904
ENSP00000291295	CALM3	80	RKMKDTDSEEE	CSNK2A1	pelm;psite	904
ENSP00000349467	CALM1	80	RKMKDTDSEEE	CSNK2A1	pelm;psite	904
ENSP00000272298	CALM2	82	MKDTDSEEEIR		psite	904
ENSP00000291295	CALM3	82	MKDTDSEEEIR		psite	904
ENSP00000349467	CALM1	82	MKDTDSEEEIR		psite	904
ENSP00000272298	CALM2	118	LGEKLTDEEVD		psite	904
ENSP00000291295	CALM3	118	LGEKLTDEEVD		psite	904
ENSP00000349467	CALM1	118	LGEKLTDEEVD		psite	904
ENSP00000345436	CASKIN1	1065	VNRRRTLSGPV		psite	990
ENSP00000345436	CASKIN1	1067	RRRTLSGPVTG		psite	990
ENSP00000325355	CASKIN2	281	LLREASGILKV		psite	738
ENSP00000325355	CASKIN2	358	AARLPSAPTPL		psite	738
ENSP00000325355	CASKIN2	403	AGDRNSVGSEG		hprd;pelm;psite	738
ENSP00000325355	CASKIN2	697	PARSPSQESIG		psite	738
ENSP00000325355	CASKIN2	800	KRRSHSLSRPG		psite	738
ENSP00000325355	CASKIN2	858	TPRSQSFALRA		hprd;pelm;psite	738
ENSP00000325355	CASKIN2	877	PPKRLSSVSGP		psite	738
ENSP00000325355	CASKIN2	878	PKRLSSVSGPS		pelm;psite	738
ENSP00000325355	CASKIN2	906	GPRRRTLSEPA		psite	738
ENSP00000325355	CASKIN2	908	RRRTLSEPAGP		psite	738
ENSP00000325355	CASKIN2	929	GPASDTEEEEP		psite	738
ENSP00000325355	CASKIN2	946	PSRGSSGEGLP		psite	738
ENSP00000369325	CDKL5	343	HHRSNSKDIQN		psite	475
ENSP00000380921	SH3KBP1	179	SLRETTGSESD		psite	521
ENSP00000380921	SH3KBP1	230	KLRPRSIEVEN		hprd;pelm;psite	521
ENSP00000352222	CTPS2	568	SSDRYSDASDD	CSNK1A1	hprd;pelm;psite	420
ENSP00000362456	PBDC1	181	EKRADSGEEEN		hprd;psite	597
ENSP00000345731	DLG1	619	HVINASDDEWW		pelm;psite	979
ENSP00000345731	DLG1	657	RARLKTVKFNS		psite	979
ENSP00000345731	DLG1	709	VTSNASDSESS		hprd;psite	979
ENSP00000363480	DLG3	759	MNRRQTYEQAN		psite	579
ENSP00000358857	EMD	8	NYADLSDTELT		hprd;pelm;psite	465
ENSP00000358857	EMD	120	RAVRQSVTSFP		hprd;pelm;psite	465
ENSP00000358857	EMD	143	DLLSSSEEECK		hprd;psite	465
ENSP00000358857	EMD	171	HYRPVSASRSS		hprd;pelm;psite	465
ENSP00000290100	EPB41	84	LSRLFSSFLKR		hprd;psite	995
ENSP00000290100	EPB41	92	LKRPKSQVSEE		hprd;pelm;psite	995
ENSP00000290100	EPB41	95	PKSQVSEEEGK		psite	995
ENSP00000290100	EPB41	104	GKEVESDKEKG		psite	995
ENSP00000290100	EPB41	486	QTRQASALIDR	PRKCB	hprd;psite	995
ENSP00000290100	EPB41	525	SPRPTSAPAIT		psite	995
ENSP00000290100	EPB41	620	WDKRLSTHSPF		hprd;psite	995
ENSP00000290100	EPB41	621	DKRLSTHSPFR		hprd;psite	995
ENSP00000337168	EPB41L1	441	FSRPASVSENH		pelm;psite	969
ENSP00000337168	EPB41L1	466	SGGQRSEAEEG		psite	969
ENSP00000337168	EPB41L1	540	ERRLPSSPASP		hprd;pelm;psite	969
ENSP00000337168	EPB41L1	564	GLREGSEEKVK		hprd;pelm;psite	969
ENSP00000337168	EPB41L1	648	LDRDKSDSDTE		hprd;pelm;psite	969
ENSP00000337168	EPB41L1	650	RDKSDSDTEGL		hprd;pelm;psite	969
ENSP00000337168	EPB41L1	867	VVYRETDPSPE		psite	969
ENSP00000338481	EPB41L2	39	QQNQSSDPEEE		hprd;pelm;psite	815
ENSP00000338481	EPB41L2	529	QTRQASTLIDR		hprd;psite	815
ENSP00000338481	EPB41L2	706	DERVITEEMNG		psite	815
ENSP00000341138	EPB41L3	420	QTRRASALIDR		hprd;psite	808
ENSP00000341138	EPB41L3	708	TTATESDQEED		hprd;psite	808
ENSP00000341138	EPB41L3	761	EKRLSTSPVRL		psite	808
ENSP00000281172	EPS8	55	NYARDSVSSVS		psite	636
ENSP00000281172	EPS8	203	ALRMISNADPS		psite	636
ENSP00000281172	EPS8	477	IKRLSTEHSSV		psite	636
ENSP00000281172	EPS8	548	VARNNSELSVL		psite	636
ENSP00000281172	EPS8	574	KVRNASGDSGF		psite	636
ENSP00000281172	EPS8	659	ITRQNSSSSDS		hprd;pelm;psite	636
ENSP00000281172	EPS8	685	VDRRKSQMEEV		psite	636
ENSP00000281172	EPS8	775	GARVYSQITVQ		psite	636
ENSP00000364324	FAM120C	31	LARTVSRQQQQ		psite	492
ENSP00000364324	FAM120C	1031	QGRSRSQVNGN		psite	492
ENSP00000386722	FCHSD2	683	FPRSPSANEKS		psite	621
ENSP00000359506	FMR1	500	EASNASETESD	CSNK2A1	psite	539
ENSP00000326948	FTSJ1	302	ISRVDTFPQPL		hprd;psite	518
ENSP00000358510	FUNDC2	10	APRAGSQVVAT		psite	486
ENSP00000369895	GEMIN8	126	EMETESDAEVE		hprd;pelm;psite	414
ENSP00000369895	GEMIN8	170	AERLDSYVNAD		psite	414
ENSP00000367378	GPR34	355	PSRSESTSEFK		psite	621
ENSP00000293662	GRASP	186	VLRLETLYGTS		psite	859
ENSP00000359393	HMGB3	98	PKRPPSGFFLF		psite	505
ENSP00000331201	HGS	284	RLRQKSTYTSY		psite	510
ENSP00000365280	ID1	36	VVRCLSEQSVA		psite	627
ENSP00000365280	ID1	111	QLELNSESEVG		psite	627
ENSP00000247986	KIF17	460	NLRKETEAVLQ		psite	820
ENSP00000352138	KIRREL	639	DGRPSSRLSHS		psite	950
ENSP00000352138	KIRREL	642	PSSRLSHSSGY		psite	950
ENSP00000352138	KIRREL	737	TATRFSYTSQH		psite	950
ENSP00000408411	LAMP2	269	SCRSHTALLRL		hprd;psite	552
ENSP00000278198	LRRC4C	631	LIRMNSKDNVQ	CDKL5	psite	502
ENSP00000265056	MCM2	139	GLLYDSDEEDE	CDC7;CDK2;CDK7;CSNK2A1	hprd;pelm;psite	469
ENSP00000265056	MCM2	754	DLRKESMATGS		hprd;psite	469
ENSP00000307288	MCM7	678	RSVRFSEAEQR		psite	465
ENSP00000395535	MECP2	369	KGRSSSASSPP		psite	447
ENSP00000363193	MED12	1269	GGRNISVETAS		hprd;psite	688
ENSP00000312244	MSL3	147	EISEESDIEEK		psite	667
ENSP00000359417	MTMR1	43	GSRQPSVETLD		psite	655
ENSP00000359417	MTMR1	652	SSERGSSPSHS		psite	655
ENSP00000205890	MYO15A	128	RARSLSKASTA		psite	427
ENSP00000205890	MYO15A	954	SRRGFSRPPPV		psite	427
ENSP00000369400	NHS	380	LRRRKTISGIP	CHEK1	hprd;pelm;psite	493
ENSP00000369400	NHS	483	SSRTRSRSLPR		hprd;pelm;psite	493
ENSP00000369400	NHS	485	RTRSRSLPREG		hprd;pelm;psite	493
ENSP00000369400	NHS	680	GHRANSFTSTV		psite	493
ENSP00000369400	NHS	1173	VSRQYSTEDTI		psite	493
ENSP00000360464	NKAP	15	PDREASGSGGR		psite	544
ENSP00000360464	NKAP	80	RSRSRSRERPS		psite	544
ENSP00000360464	NKAP	178	TSASTSEEEKK		psite	544
ENSP00000360464	NKAP	261	KSRKESSDSSS		hprd;pelm;psite	544
ENSP00000304803	NKRF	35	QKRHLSTCDGQ		psite	534
ENSP00000304803	NKRF	618	YARSESHTDLT		psite	534
ENSP00000279593	GRIN2B	1303	LRRQHSYDTFV	CAMK2A;PRKCA	hprd;pelm;psite	675
ENSP00000279593	GRIN2B	1323	APRSVSLKDKG	PRKCA	hprd;pelm;psite	675
ENSP00000368190	NPHS1	1125	TGERDTQSSTV	PRKCA	psite	749
ENSP00000265459	NRXN2	601	DGRKGSISVNS		psite	907
ENSP00000156084	OTUD5	177	GAGYNSEDEYE		hprd;pelm;psite	534
ENSP00000156084	OTUD5	431	QPRKASATCSS		psite	534
ENSP00000156084	OTUD5	457	SPRQRSSASSP		psite	534
ENSP00000156084	OTUD5	458	PRQRSSASSPE		psite	534
ENSP00000287295	AIFM1	118	AALSASEGEEV		psite	522
ENSP00000287295	AIFM1	268	TPRSLSAIDRA		hprd;pelm;psite	522
ENSP00000218343	PHF16	774	PDLELSDSEAE		hprd;pelm;psite	712
ENSP00000218343	PHF16	776	LELSDSEAESD		hprd;pelm;psite	712
ENSP00000218343	PHF16	793	RVRKDSSDREN		psite	712
ENSP00000329097	PHF6	183	DTRSTSSHGTD		hprd;pelm;psite	611
ENSP00000338868	PHF8	615	EFDLDSDDELQ		psite	740
ENSP00000338868	PHF8	790	YWRTESEEEEE		hprd;psite	740
ENSP00000338868	PHF8	868	GTRVASIETGL	CHEK1	psite	740
ENSP00000338868	PHF8	985	TQRRPSVGSQS		psite	740
ENSP00000362643	PHKA1	431	LNRRFSTVPKP		psite	418
ENSP00000362643	PHKA1	432	NRRFSTVPKPD		psite	418
ENSP00000362643	PHKA1	758	LPRDQSGEVDF		psite	418
ENSP00000362643	PHKA1	1018	EFRRLSISAES	PHKA1	hprd;pelm;psite	418
ENSP00000369274	PHKA2	1015	MTRRFSADEQF		hprd;pelm;psite	483
ENSP00000350310	ATP2B4	1102	LNRIQTQIKVV		psite	701
ENSP00000322304	PORCN	93	LCRHSSHRGVF		psite	427
ENSP00000381504	PRPS2	183	AKRVTSIADRL		psite	563
ENSP00000264192	CYTIP	65	ALTRSSSLSDF		hprd;psite	619
ENSP00000264192	CYTIP	66	LTRSSSLSDFS		hprd;psite	619
ENSP00000264192	CYTIP	279	FSRQTSTDDEC		hprd;psite	619
ENSP00000365272	DLG2	740	DKRKKSFIFSR		psite	660
ENSP00000366434	UIMC1	46	IVISDSDGEEP		hprd;pelm;psite	871
ENSP00000366434	UIMC1	602	SGRACSTVEGK		psite	871
ENSP00000366434	UIMC1	627	EGRLLSFLEQS	CHEK1	hprd;pelm;psite	871
ENSP00000359645	RBMX	116	GGRGGSGGTRG		psite	563
ENSP00000359645	RBMX	175	PVRSSSGMGGR		hprd;psite	563
ENSP00000359645	RBMX	242	PPRDYTYRDYG		psite	563
ENSP00000359645	RBMX	261	PSRGYSDRDGY		hprd;psite	563
ENSP00000359645	RBMX	273	RDRDYSDHPSG		psite	563
ENSP00000359645	RBMX	284	GSYRDSYESYG		psite	563
ENSP00000359645	RBMX	326	GGSRDSYSSSR	AURKB	hprd;pelm;psite	563
ENSP00000339090	RBMX2	149	SLSESSEDEKP		psite	536
ENSP00000339090	RBMX2	272	RDRGRSSDAHS		psite	536
ENSP00000339090	RBMX2	314	RERESSNPSDR		hprd;psite	536
ENSP00000349824	REPS2	461	RPRSRSYSSTS		psite	434
ENSP00000349824	REPS2	463	RSRSYSSTSIE	CDK1	psite	434
ENSP00000349824	REPS2	493	HSRASSLDLNK		psite	434
ENSP00000349824	REPS2	544	LSRAPSQAAES		psite	434
ENSP00000349824	REPS2	631	LARLNSELQQQ		psite	434
ENSP00000253571	RLIM	347	RTRSRSQTPNN		psite	534
ENSP00000368884	RPS6KA3	386	LFRGFSFVAIT		hprd;pelm;psite	600
ENSP00000368884	RPS6KA3	392	FVAITSDDESQ		psite	600
ENSP00000272430	RTKN	106	TSRRPSDSGPP		hprd;psite	462
ENSP00000272430	RTKN	232	RRVRASLDSAG		hprd;pelm;psite	462
ENSP00000272430	RTKN	518	WGRPRTFSLDA		pelm;psite	462
ENSP00000272430	RTKN	520	RPRTFSLDAVP		pelm;psite	462
ENSP00000251900	SCML2	300	PKRSSSVKNIT		hprd;pelm;psite	506
ENSP00000251900	SCML2	496	TERQSTKRSPQ		psite	506
ENSP00000251900	SCML2	522	TKEYASEGEPL		psite	506
ENSP00000330320	SLC9A7	693	SRRTKSSSEEV		psite	695
ENSP00000363392	SNX12	14	TRRLNSKPQDL		psite	710
ENSP00000363392	SNX12	73	VRRRYSDFEWL		hprd;pelm;psite	710
ENSP00000218089	STAG2	1109	LSREQTLHTPV		psite	537
ENSP00000295987	SYN1	9	LRRRLSDSNFM	PRKACA	hprd;psite	426
ENSP00000295987	SYN1	449	LGRQTSQQPAG		psite	426
ENSP00000295987	SYN1	567	QATRQTSVSGP		psite	426
ENSP00000295987	SYN1	605	PTRQASQAGPV	CAMK2G	hprd;pelm;psite	426
ENSP00000307046	SDC2	187	GERKPSSAAYQ	PRKCA	hprd;pelm;psite	998
ENSP00000276072	TAF1	1381	KRRVGTTVHCD		psite	540
ENSP00000276072	TAF1	1847	GGYEVSEEEED		psite	540
ENSP00000263635	TANC1	313	MPRPNSVAATS		psite	619
ENSP00000218364	HTATSF1	387	LRRSDSVSASE		hprd;pelm;psite	571
ENSP00000218364	HTATSF1	403	RARHFSEHPST		hprd;psite	571
ENSP00000218364	HTATSF1	529	DLNKESEEEVG		hprd;psite	571
ENSP00000218364	HTATSF1	561	QSEDGSEREFE		hprd;psite	571
ENSP00000218364	HTATSF1	579	LDEEGSEKELH		hprd;pelm;psite	571
ENSP00000218364	HTATSF1	600	NDSENSEFEDD		hprd;pelm;psite	571
ENSP00000218364	HTATSF1	616	LDEEGSEREFD		hprd;pelm;psite	571
ENSP00000323720	MED14	617	AKRKLSDDPCP		hprd;psite	416
ENSP00000362026	TRMT2B	235	TVRTNSQGHTM		psite	524
ENSP00000364591	TSPYL2	16	KTRRLSSSESP		hprd;pelm;psite	884
ENSP00000364591	TSPYL2	17	TRRLSSSESPQ		hprd;pelm;psite	884
ENSP00000276201	UPF3B	169	LESYATDNEKM		hprd;pelm;psite	406
ENSP00000218348	USP11	648	VTKPNSDDEDD		hprd;psite	414
ENSP00000377944	UTP14A	29	KDYLLSESEDE		hprd;pelm;psite	599
ENSP00000377944	UTP14A	31	YLLSESEDEGD		hprd;pelm;psite	599
ENSP00000377944	UTP14A	405	EAHGVSESEGE		hprd;pelm;psite	599
ENSP00000377944	UTP14A	407	HGVSESEGEER		hprd;pelm;psite	599
ENSP00000377944	UTP14A	434	SLRKRSELSQD		hprd;pelm;psite	599
ENSP00000377944	UTP14A	510	PERVQTLEELE		psite	599
ENSP00000367203	KDM6A	1061	HHKDHSDSEST		psite	447
ENSP00000254029	WDR44	262	PRKRKSELEFE		hprd;pelm;psite	593
ENSP00000254029	WDR44	342	PQRPRSNSGRE		hprd;pelm;psite	593
ENSP00000254029	WDR44	344	RPRSNSGRELT		hprd;pelm;psite	593
ENSP00000254029	WDR44	349	SGRELTDEEIL		hprd;pelm;psite	593
ENSP00000254029	WDR44	403	NDAAQSDDEEK		hprd;pelm;psite	593
ENSP00000254029	WDR44	472	DDPSSSDDEGM		hprd;pelm;psite	593
ENSP00000346667	WNK3	509	EERRDSQCKSM		psite	530
ENSP00000346667	WNK3	734	KQRRASCPRPE		psite	530
ENSP00000370242	WWC3	563	RARRISACLSD		psite	443
ENSP00000370242	WWC3	909	IVRSQTFSPGA		psite	443
ENSP00000370242	WWC3	927	LYRSDSDSSTL		psite	443
ENSP00000347858	XIAP	32	FNRLKTFANFP		psite	457
ENSP00000315173	ZNF41	434	HQRIHTGEKPY		psite	714
ENSP00000315173	ZNF41	462	HQRIHTGEKPY		psite	714
ENSP00000315173	ZNF41	490	HQRIHTGEKPY		psite	714
ENSP00000315173	ZNF41	602	HQRIHTGEKPY		psite	714
ENSP00000315173	ZNF41	630	HHRIHTGEKPY		psite	714
ENSP00000359802	ZNF75D	444	HQRIHTGEKPF		psite	555
ENSP00000359802	ZNF75D	491	FSRRSSLLRHQ		psite	555
ENSP00000341151	ZNF81	106	SQRRISGKSTF		psite	475
ENSP00000341151	ZNF81	465	HQRIHTGEKPY		psite	475
ENSP00000341151	ZNF81	493	HKRIHTGEKPY		psite	475
ENSP00000341151	ZNF81	605	HQRIHTGEKPY		psite	475
ENSP00000397026	GRIK2	715	SSRRQSVLVKS	PRKAA1	hprd;pelm	644
ENSP00000345731	DLG1	232	LERGNSGLGFS	CAMK2A	hprd;pelm	979
ENSP00000370242	WWC3	378	ASSRGSLASSR		hprd;pelm	443
ENSP00000369860	MOSPD2	444	RLRCHTVESSK		hprd;pelm	550
ENSP00000362441	ATRX	887	KQERETFSSAE		hprd	683
ENSP00000362441	ATRX	745	EVSRMSHSSSS		hprd	683
ENSP00000218348	USP11	644	LSRYVTKPNSD		hprd	414
ENSP00000276079	NONO	209	ALDRCSEGSFL		hprd	524
ENSP00000323720	MED14	977	DARRRSVNEDD		hprd	416
ENSP00000369325	CDKL5	681	HTRQKSEGGVY		hprd	475
ENSP00000337146	ENOX2	389	EEMEMSDDEIE		hprd	440
ENSP00000218364	HTATSF1	544	SEEDDSEKESD		hprd	571
ENSP00000346667	WNK3	1471	GKQPSSDSEFS		hprd	530
ENSP00000359506	FMR1	518	WSLAPTEEERE		hprd	539
ENSP00000295987	SYN1	568	ATRQTSVSGPA	CAMK2G	hprd	426
ENSP00000226004	DUSP3	133	YSRSPTLVIAY		hprd	518
ENSP00000345731	DLG1	143	SEKNLSEIENV		hprd	979
ENSP00000218089	STAG2	1197	AIRRGTSLMED		hprd	537
ENSP00000218089	STAG2	25	HFSSDTDFEDI		hprd	537
ENSP00000218089	STAG2	1198	IRRGTSLMEDD		hprd	537
ENSP00000364893	ARHGEF7	760	SLGRRSSLSRL		hprd	630
ENSP00000362372	BRWD3	1454	RKRLRSSSSSL		hprd	585
ENSP00000369860	MOSPD2	261	NGPITSEDETS		hprd	550
