name	CDC7
id	ENSP00000234626
type	Serine/threonine kinase
proline+1_removed	No
npartners	256
npartners_with_sites	225
nsites	66
//
motif	score	fg_matches	fg_size	bg_matches	bg_size	fold_increase
P....[ST]P.K..	922.96	13	3690	0	10000	Inf
...L.[ST]P.K..	922.96	12	3677	0	10000	Inf
....D[ST]P...K	922.96	10	3580	0	9978	Inf
.....[ST]PV.K.	922.96	11	3570	0	9978	Inf
K.L..[ST]P....	922.96	14	3559	0	9978	Inf
//
prot_id	prot_name	position	flank	kinase	source	string_score
ENSP00000265748	ANLN	323	PKTPISPLKTG		hprd;pelm;psite	595
ENSP00000347232	BLM	766	KLLYVTPEKIC	CDK1	psite	597
ENSP00000375082	BORA	52	STKLPTPGKFR		psite	462
ENSP00000302530	BUB1	593	KTLAPSPKSPG	CDK1	hprd;pelm;psite	849
ENSP00000301280	CHAF1A	259	KSLPATPQGKN		hprd;pelm;psite	949
ENSP00000265295	SPDL1	515	PVVSLSPHKNL	CDK2	psite	466
ENSP00000308450	CDC20	106	PENSQTPTKKE		pelm;psite	675
ENSP00000303706	CDC25A	116	KLLGCSPALKR	CDK1;PIM1	hprd;pelm;psite	604
ENSP00000321656	CDC25C	48	PDVPRTPVGKF	CDK1	hprd;pelm;psite	549
ENSP00000209728	CDC6	54	KALPLSPRKRL	CDK2	hprd;pelm;psite	994
ENSP00000247191	DLGAP5	344	PSYTWTPLKTE	CDK2	hprd;pelm;psite	766
ENSP00000352516	DNMT1	970	NIKLSSPVKRP		hprd;pelm;psite	410
ENSP00000362850	DSN1	81	KSLHLSPQEQS		hprd;pelm;psite	413
ENSP00000320147	EZH2	492	AEDVDTPPRKK	CDK1	hprd;pelm;psite	445
ENSP00000281708	FBXW7	349	PGFIHSPWKSA	PLK2	psite	532
ENSP00000414109	HJURP	140	PAVPQSPLKNE		hprd;pelm;psite	458
ENSP00000414109	HJURP	412	LKWLISPVKIV		hprd;pelm;psite	458
ENSP00000377492	HMMR	704	NFALKTPLKEG		hprd;pelm;psite	645
ENSP00000357643	MKI67	1111	KELFQTPGPSE		hprd;pelm;psite	505
ENSP00000357643	MKI67	1139	PESVDTPTSTK		hprd;pelm;psite	505
ENSP00000357643	MKI67	1193	KAFMGTPVQKL		hprd;pelm;psite	505
ENSP00000357643	MKI67	1233	KELFQTPGHTE		hprd;pelm;psite	505
ENSP00000357643	MKI67	1261	SDPVDTPTSTK		hprd;pelm;psite	505
ENSP00000357643	MKI67	1315	IIFVGTPVQKL		hprd;pelm;psite	505
ENSP00000357643	MKI67	1355	KELFQTPGHTE		hprd;pelm;psite	505
ENSP00000357643	MKI67	1476	KELFQTPVCTD		psite	505
ENSP00000357643	MKI67	1503	PDPVDTPTSSK		hprd;pelm;psite	505
ENSP00000357643	MKI67	1557	YAFMGTPVQKL		hprd;pelm;psite	505
ENSP00000357643	MKI67	1747	PDLVDTPTSSK		hprd;pelm;psite	505
ENSP00000357643	MKI67	1801	NTFLGTPVQKL		hprd;pelm;psite	505
ENSP00000357643	MKI67	1861	KILCKSPQSDP		hprd;pelm;psite	505
ENSP00000357643	MKI67	1869	SDPADTPTNTK		hprd;pelm;psite	505
ENSP00000357643	MKI67	1923	NTFVGTPVEKL		hprd;pelm;psite	505
ENSP00000357643	MKI67	1963	KELFQTPGHTE		hprd;pelm;psite	505
ENSP00000357643	MKI67	2085	KELFQTPDHTE		hprd;pelm;psite	505
ENSP00000357643	MKI67	2203	KELFQTPICTD		hprd;pelm;psite	505
ENSP00000357643	MKI67	2285	KAFMGTPVQKL		hprd;pelm;psite	505
ENSP00000357643	MKI67	2325	KELFQTPGTDK		hprd;pelm;psite	505
ENSP00000357643	MKI67	2352	PDPVDTPASTK		hprd;pelm;psite	505
ENSP00000357643	MKI67	2406	NTFVETPVQKL		hprd;pelm;psite	505
ENSP00000298048	MELK	446	FPEPKTPVNKN		hprd;psite	709
ENSP00000298048	MELK	466	PNRYTTPSKAR		psite	709
ENSP00000309871	RACGAP1	342	PTLIGTPVKIG		hprd;pelm;psite	609
ENSP00000271452	NUF2	247	TKIVDSPEKLK		hprd;pelm;psite	818
ENSP00000360621	ORC1	258	CASLDSPGRIK	CDK1;CDK2	hprd;pelm;psite	977
ENSP00000234296	ORC2	226	PVGKETPSKRM	CDK2	hprd;psite	989
ENSP00000382595	PAICS	27	YELLDSPGKVL	CDK1;CDK2	hprd;pelm;psite	612
ENSP00000300093	PLK1	214	KTLCGTPNYIA		hprd;pelm;psite	570
ENSP00000264926	RAD18	99	QFALESPAKSP	CDK2	hprd;pelm;psite	783
ENSP00000228843	RAD51AP1	66	PVQEKTPKKRL		hprd;pelm;psite	738
ENSP00000228843	RAD51AP1	241	EVKVKSPVEKK		hprd;psite	738
ENSP00000361043	RAD54L	31	QPGLVTPRKRK		psite	646
ENSP00000351697	REV3L	1041	PIYPLTPKKSH		psite	637
ENSP00000257934	ESPL1	1126	PSTNSSPVLKT	CDK1;MAPK1	hprd;pelm;psite	428
ENSP00000249396	SIRT2	368	PSTSASPKKSP	CDK1;CDK2	hprd;pelm;psite	463
ENSP00000268138	TICRR	923	NQELLSPSKRS		hprd;psite	741
ENSP00000268138	TICRR	969	KSVAETPVHKQ		psite	741
ENSP00000268138	TICRR	1105	PAAYQTPKKSH		psite	741
ENSP00000268138	TICRR	1167	SPGHDSPLDSK		psite	741
ENSP00000268138	TICRR	1314	KKLFTSPLCDV		hprd;psite	741
ENSP00000268138	TICRR	1430	KGLSLSPQSPP		hprd;psite	741
ENSP00000260810	TOPBP1	1221	SEELETPIKDS		hprd;psite	747
ENSP00000343526	USP1	313	SDTLESPPKII	CDK1	hprd;pelm;psite	518
ENSP00000350283	BRCA1	967	ETGLITPNKHG	CDK2	hprd	633
ENSP00000234420	MSH6	292	SEGLNSPVKVA		hprd	488
ENSP00000375082	BORA	137	NINSDSPVGKK		hprd	462
