name	CDK14
id	ENSP00000265741
type	Serine/threonine kinase
proline+1_removed	No
npartners	25
npartners_with_sites	24
nsites	130
//
motif	score	fg_matches	fg_size	bg_matches	bg_size	fold_increase
.....[ST]P....	307.65	85	359	617	10000	3.84
..R..[ST].....	10.03	43	274	483	9383	3.05
//
prot_id	prot_name	position	flank	kinase	source	string_score
ENSP00000300161	YWHAB	60	GARRSSWRVIS	PRKCD	hprd;pelm;psite	758
ENSP00000300161	YWHAB	186	YEILNSPEKAC	MAPK8	hprd;pelm;psite	758
ENSP00000264335	YWHAE	64	SWRIISSIEQK		hprd;psite	743
ENSP00000248975	YWHAH	59	GARRSSWRVIS		pelm;psite	780
ENSP00000340989	SFN	186	YEIANSPEEAI	MAPK8	pelm;psite	407
ENSP00000354826	CALD1	546	RRRGETESEEF		hprd;psite	811
ENSP00000354826	CALD1	724	GNVFSSPTAAG	CDK1	hprd;pelm;psite	811
ENSP00000354826	CALD1	730	PTAAGTPNKET	CDK1;CDK2	hprd;pelm;psite	811
ENSP00000354826	CALD1	753	EWLTKTPDGNK		hprd;pelm;psite	811
ENSP00000354826	CALD1	759	PDGNKSPAPKP	CDK1;MAPK3	hprd;pelm;psite	811
ENSP00000363836	CCNY	25	HSRLESYRPDT		hprd;pelm;psite	970
ENSP00000363836	CCNY	30	SYRPDTDLSRE		psite	970
ENSP00000363836	CCNY	37	LSREDTGCNLQ		psite	970
ENSP00000363836	CCNY	67	HPRASTIFLSK		psite	970
ENSP00000363836	CCNY	324	SARKRSASADN		hprd;pelm;psite	970
ENSP00000363836	CCNY	326	RKRSASADNLT		hprd;pelm;psite	970
ENSP00000227507	CCND1	90	LDRFLSLEPVK	PRKACA	hprd;pelm;psite	795
ENSP00000227507	CCND1	234	LTRFLSRVIKC	PRKACA	hprd;pelm;psite	795
ENSP00000227507	CCND1	286	VDLACTPTDVR	CHUK;GSK3B	hprd;pelm;psite	795
ENSP00000261254	CCND2	269	DQRDGSKSEDE		psite	919
ENSP00000261254	CCND2	280	LDQASTPTDVR	GSK3B;MAPK14	psite	919
ENSP00000362082	CCND3	264	SQTSSSPAPKA		hprd;pelm;psite	980
ENSP00000362082	CCND3	283	PSQTSTPTDVT	GSK3B;MAPK11;MAPK12;MAPK13	pelm;psite	980
ENSP00000262643	CCNE1	77	CSLIPTPDKED	GSK3B	hprd;pelm;psite	494
ENSP00000262643	CCNE1	103	APSRGSPLPVL		hprd;pelm;psite	494
ENSP00000262643	CCNE1	387	EQNRASPLPSG	CDK2	hprd;pelm;psite	494
ENSP00000262643	CCNE1	395	PSGLLTPPQSG	CDK2;GSK3A;GSK3B	hprd;pelm;psite	494
ENSP00000398880	CDK12	57	DMGLVTPEAAS		hprd;psite	765
ENSP00000398880	CDK12	215	YKTVDSPKRRS		hprd;pelm;psite	765
ENSP00000398880	CDK12	228	PHRKWSDSSKQ		hprd;psite	765
ENSP00000398880	CDK12	236	SKQDDSPSGAS		hprd;pelm;psite	765
ENSP00000398880	CDK12	249	QDYDLSPSRSH		hprd;pelm;psite	765
ENSP00000398880	CDK12	265	DSYKKSPGSTS		hprd;pelm;psite	765
ENSP00000398880	CDK12	274	TSRRQSVSPPY	CDK12	hprd;pelm;psite	765
ENSP00000398880	CDK12	276	RRQSVSPPYKE		hprd;pelm;psite	765
ENSP00000398880	CDK12	291	QSSTRSPSPYS		hprd;psite	765
ENSP00000398880	CDK12	293	STRSPSPYSRR		hprd;pelm;psite	765
ENSP00000398880	CDK12	301	SRRQRSVSPYS		hprd;pelm;psite	765
ENSP00000398880	CDK12	303	RQRSVSPYSRR		hprd;pelm;psite	765
ENSP00000398880	CDK12	310	YSRRRSSSYER		psite	765
ENSP00000398880	CDK12	311	SRRRSSSYERS		psite	765
ENSP00000398880	CDK12	312	RRRSSSYERSG		psite	765
ENSP00000398880	CDK12	318	YERSGSYSGRS		hprd;pelm;psite	765
ENSP00000398880	CDK12	323	SYSGRSPSPYG		hprd;pelm;psite	765
ENSP00000398880	CDK12	325	SGRSPSPYGRR		hprd;pelm;psite	765
ENSP00000398880	CDK12	332	YGRRRSSSPFL		hprd;pelm;psite	765
ENSP00000398880	CDK12	333	GRRRSSSPFLS		hprd;pelm;psite	765
ENSP00000398880	CDK12	334	RRRSSSPFLSK		hprd;pelm;psite	765
ENSP00000398880	CDK12	343	SKRSLSRSPLP		hprd;pelm;psite	765
ENSP00000398880	CDK12	345	RSLSRSPLPSR		hprd;pelm;psite	765
ENSP00000398880	CDK12	359	KSRSRSPAYSR		hprd;psite	765
ENSP00000398880	CDK12	383	RSRHSSISPVR	CDK12	hprd;pelm;psite	765
ENSP00000398880	CDK12	385	RHSSISPVRLP	CDK12	hprd;pelm;psite	765
ENSP00000398880	CDK12	423	KESKGSPVFLP		hprd;pelm;psite	765
ENSP00000398880	CDK12	514	KEEIVTPKETE		hprd;psite	765
ENSP00000398880	CDK12	644	DDDMDSPKETL		psite	765
ENSP00000398880	CDK12	681	PGGDLSPPDSP	CDK12	hprd;pelm;psite	765
ENSP00000398880	CDK12	685	LSPPDSPEPKA	CDK12	hprd;pelm;psite	765
ENSP00000398880	CDK12	692	EPKAITPPQQP		hprd;pelm;psite	765
ENSP00000398880	CDK12	893	ESRPYTNKVIT		hprd;pelm;psite	765
ENSP00000398880	CDK12	1083	PVKNSSPAPPQ		hprd;pelm;psite	765
ENSP00000398880	CDK12	1244	QGPRRTPTMPQ		hprd;psite	765
ENSP00000398880	CDK12	1246	PRRTPTMPQEE		hprd;psite	765
ENSP00000181839	CDK13	205	RDRRSSSGRSK		psite	761
ENSP00000181839	CDK13	315	YRRRRSLSPLG		hprd;pelm;psite	761
ENSP00000181839	CDK13	317	RRRSLSPLGGR		hprd;pelm;psite	761
ENSP00000181839	CDK13	325	GGRDDSPVSHR		hprd;pelm;psite	761
ENSP00000181839	CDK13	340	LRSRKSPSPAG		hprd;pelm;psite	761
ENSP00000181839	CDK13	342	SRKSPSPAGGG		hprd;pelm;psite	761
ENSP00000181839	CDK13	349	AGGGSSPYSRR		hprd;pelm;psite	761
ENSP00000181839	CDK13	358	RRLPRSPSPYS		hprd;psite	761
ENSP00000181839	CDK13	360	LPRSPSPYSRR		hprd;psite	761
ENSP00000181839	CDK13	367	YSRRRSPSYSR		hprd;pelm;psite	761
ENSP00000181839	CDK13	369	RRRSPSYSRHS		pelm;psite	761
ENSP00000181839	CDK13	375	YSRHSSYERGG		psite	761
ENSP00000181839	CDK13	383	RGGDVSPSPYS		hprd;pelm;psite	761
ENSP00000181839	CDK13	385	GDVSPSPYSSS		psite	761
ENSP00000181839	CDK13	397	WRRSRSPYSPV		hprd;pelm;psite	761
ENSP00000181839	CDK13	400	SRSPYSPVLRR		hprd;pelm;psite	761
ENSP00000181839	CDK13	413	KSRSRSPYSSR		psite	761
ENSP00000181839	CDK13	437	RSRHSSISPST	CHEK1	hprd;pelm;psite	761
ENSP00000181839	CDK13	439	RHSSISPSTLT		hprd;pelm;psite	761
ENSP00000181839	CDK13	494	ASNTSTPTKGN		hprd;psite	761
ENSP00000181839	CDK13	525	IEHAPSPSSGG		hprd;pelm;psite	761
ENSP00000181839	CDK13	588	KTKPLTPSIGA		psite	761
ENSP00000181839	CDK13	664	DDLSKSPEEKK		hprd;pelm;psite	761
ENSP00000181839	CDK13	871	ESRPYTNKVIT		hprd;pelm;psite	761
ENSP00000181839	CDK13	1058	DSRTNTPQGVL		hprd;pelm;psite	761
ENSP00000181839	CDK13	1147	QTDPSTPQQES		hprd;pelm;psite	761
ENSP00000181839	CDK13	1226	PPEPSTPVSGQ		psite	761
ENSP00000181839	CDK13	1246	RILELTPEPDR		hprd;pelm;psite	761
ENSP00000266970	CDK2	39	KIRLDTETEGV	AKT1	hprd;psite	919
ENSP00000266970	CDK2	160	PVRTYTHEVVT	CDK2;CDK20;CDK7;MAPK1;MAPK3	hprd;pelm;psite	919
ENSP00000257904	CDK4	172	YQMALTPVVVT	CDK7	hprd;pelm;psite	910
ENSP00000318486	CDK5R1	8	TVLSLSPSYRK	CDK5	pelm;psite	402
ENSP00000318486	CDK5R1	138	VTSAGTPKRVI	CDK5	pelm;psite	402
ENSP00000265734	CDK6	49	RVRVQTGEEGM		psite	749
ENSP00000265734	CDK6	223	LFRGSSDVDQL		psite	749
ENSP00000317904	GYS1	8	LNRTLSMSSLP	PRKACA	hprd;psite	419
ENSP00000317904	GYS1	641	YPRPASVPPSP	GSK3B	hprd;pelm;psite	419
ENSP00000317904	GYS1	645	ASVPPSPSLSR	GSK3B;MAPK11	hprd;pelm;psite	419
ENSP00000317904	GYS1	653	LSRHSSPHQSE	CSNK2A1;GSK3B;MAPK11	hprd;psite	419
ENSP00000317904	GYS1	698	WPRRASCTSST	CSNK2A1	hprd;psite	419
ENSP00000317904	GYS1	721	SSSLSTPSEPL	MAPK11	pelm;psite	419
ENSP00000317904	GYS1	727	PSEPLSPTSSL	MAPK11	hprd;pelm;psite	419
ENSP00000244741	CDKN1A	57	DFVTETPLEGD	GSK3B;MAPK1;MAPK14;MAPK8	hprd;pelm;psite	977
ENSP00000244741	CDKN1A	98	RRPGTSPALLQ	MAP3K5	pelm;psite	977
ENSP00000244741	CDKN1A	130	EQAEGSPGGPG	CDK2;CDK6;MAPK1;MAPK14;MAPK8	hprd;pelm;psite	977
ENSP00000244741	CDKN1A	145	RKRRQTSMTDF	AKT1;DAPK3;PIM1;PIM2;PRKCA	hprd;pelm;psite	977
ENSP00000244741	CDKN1A	146	KRRQTSMTDFY	AKT1;PIM1;PIM2;PRKCA	hprd;pelm;psite	977
ENSP00000267163	RB1	230	YFIKLSPPMLL	CDK2	hprd;psite	619
ENSP00000267163	RB1	249	IPINGSPRTPR	CDK1;CDK2	hprd;pelm;psite	619
ENSP00000267163	RB1	252	NGSPRTPRRGQ	CDK1;CDK2;CDK4	hprd;pelm;psite	619
ENSP00000267163	RB1	356	FETQRTPRKSN	CDK2;CDK4	hprd;pelm;psite	619
ENSP00000267163	RB1	373	VIPPHTPVRTV	CDK1;CDK2;CDK4	hprd;pelm;psite	619
ENSP00000267163	RB1	567	AWLSDSPLFDL	CDK2;MAPK14	hprd;psite	619
ENSP00000267163	RB1	608	ADMYLSPVRSP	CDK2;CDK4	hprd;psite	619
ENSP00000267163	RB1	612	LSPVRSPKKKG	CDK2;CDK4;CDK6;CHEK1;CHEK2	hprd;pelm;psite	619
ENSP00000267163	RB1	624	TTRVNSTANAE		psite	619
ENSP00000267163	RB1	778	STRPPTLSPIP		psite	619
ENSP00000267163	RB1	780	RPPTLSPIPHI	AURKB;CDK4;CDK6;PRKACA	hprd;psite	619
ENSP00000267163	RB1	788	PHIPRSPYKFP	CDK4;CDK6	hprd;psite	619
ENSP00000267163	RB1	795	YKFPSSPLRIP	CDK4;CDK5;CDK6;CDK9	hprd;psite	619
ENSP00000267163	RB1	807	GNIYISPLKSP	CDK1;CDK2;CDK3;CDK4;CDK5;CDK6;CDK9	hprd;pelm;psite	619
ENSP00000267163	RB1	811	ISPLKSPYKIS	CDK1;CDK2;CDK3;CDK4;CDK5;CDK6;CDK9	hprd;pelm;psite	619
ENSP00000267163	RB1	821	SEGLPTPTKMT	CDK2;CDK6	hprd;pelm;psite	619
ENSP00000267163	RB1	826	TPTKMTPRSRI	CDK2;CDK4;CDK6	hprd;pelm;psite	619
ENSP00000367991	SEPT8	20	EPRSLSLGGHV		hprd;psite	683
ENSP00000300161	YWHAB	132	YFRYLSEVASG	PRKCZ	hprd;pelm	758
ENSP00000354826	CALD1	638	PFKCFTPKGSS	CDK1	hprd;pelm	811
