name	CDK1
id	ENSP00000306043
type	Serine/threonine kinase
proline+1_removed	No
npartners	680
npartners_with_sites	598
nsites	113
//
motif	score	fg_matches	fg_size	bg_matches	bg_size	fold_increase
.K...[ST]P.K..	922.96	28	8698	0	10000	Inf
P....[ST]P.K..	922.96	24	8670	0	10000	Inf
...L.[ST]P.K..	922.96	20	8646	0	10000	Inf
.....[ST]P.K.T	922.96	18	8626	0	10000	Inf
.S...[ST]P...K	922.96	22	8608	0	10000	Inf
//
prot_id	prot_name	position	flank	kinase	source	string_score
ENSP00000361423	ABL1	632	KKTAPTPPKRS		hprd;psite	638
ENSP00000361423	ABL1	702	GSGFRSPHLWK		hprd;psite	638
ENSP00000300305	RUNX1	48	PSTALSPGKMS		hprd;pelm;psite	655
ENSP00000348602	AMPH	310	PLPKVTPTKEL	DYRK1A	psite	626
ENSP00000265748	ANLN	295	SVKATSPVKST		psite	918
ENSP00000265748	ANLN	323	PKTPISPLKTG		hprd;pelm;psite	918
ENSP00000265748	ANLN	518	EMTKSSPLKIT		hprd;pelm;psite	918
ENSP00000375082	BORA	52	STKLPTPGKFR		psite	883
ENSP00000369497	BRCA2	167	GSLFHTPKFVK		psite	747
ENSP00000259008	BRIP1	128	STCQDSPEKTT		psite	542
ENSP00000259008	BRIP1	990	ISRSTSPTFNK		hprd;pelm;psite	542
ENSP00000354826	CALD1	730	PTAAGTPNKET	CDK1;CDK2	hprd;pelm;psite	943
ENSP00000265295	SPDL1	515	PVVSLSPHKNL	CDK2	psite	817
ENSP00000309181	CCNE2	392	NGGIMTPPKST		hprd;pelm;psite	985
ENSP00000308450	CDC20	70	SKVQTTPSKPG		hprd;pelm;psite	997
ENSP00000308450	CDC20	106	PENSQTPTKKE		pelm;psite	997
ENSP00000328228	CDCA2	936	GFESMSPIKET		hprd;psite	929
ENSP00000317902	CEP57	53	SDLRRSPSKPT		hprd;psite	905
ENSP00000355086	DARS2	242	YSLPQSPQQFK		hprd;psite	411
ENSP00000345731	DLG1	158	SHSHISPIKPT	CDK1;CDK2;MAPK7	hprd;psite	845
ENSP00000247191	DLGAP5	344	PSYTWTPLKTE	CDK2	hprd;pelm;psite	981
ENSP00000352516	DNMT1	137	LSKPRTPRRSK		hprd;pelm;psite	477
ENSP00000352516	DNMT1	970	NIKLSSPVKRP		hprd;pelm;psite	477
ENSP00000232458	ECT2	413	SSKSSTPVPSK	CDK1	pelm;psite	980
ENSP00000339897	EME1	117	PEDSSSPVKSV		hprd;psite	432
ENSP00000320147	EZH2	421	NSRCQTPIKMK		hprd;psite	998
ENSP00000414109	HJURP	140	PAVPQSPLKNE		hprd;pelm;psite	880
ENSP00000414109	HJURP	412	LKWLISPVKIV		hprd;pelm;psite	880
ENSP00000342307	FOXM1	548	SSQSPTPRPKK	CDK4;CDK6	psite	998
ENSP00000342307	FOXM1	638	GGPFKTPIKET	CDK4;CDK6	psite	998
ENSP00000378529	FZR1	163	QKLLRSPRKPT	CDK2;CDK5	hprd;pelm;psite	980
ENSP00000330074	HIST1H1B	173	KKVAKSPKKAK		pelm;psite	683
ENSP00000330074	HIST1H1B	189	KKATKSPAKPK		hprd;pelm;psite	683
ENSP00000339566	HIST1H1C	31	KKAGGTPRKAS		hprd;pelm;psite	816
ENSP00000339566	HIST1H1C	173	KKVAKSPKKAK		hprd;pelm;psite	816
ENSP00000244534	HIST1H1D	189	KKAAKSPAKAK		hprd;psite	643
ENSP00000244573	HIST1H1A	152	KKSVKTPKKAK	CDK2	psite	990
ENSP00000244573	HIST1H1A	183	KKVAKSPAKAK	CDK9	psite	990
ENSP00000325290	GSG2	97	PSLTVTPKRWK		hprd;pelm;psite	410
ENSP00000264108	HAT1	361	KRRLISPYKKK		hprd;pelm;psite	533
ENSP00000369871	HAUS6	858	LSNSQTPERHK		hprd;psite	506
ENSP00000377492	HMMR	704	NFALKTPLKEG		hprd;pelm;psite	944
ENSP00000378295	INCENP	239	SSLMATPQDPK		hprd;pelm;psite	981
ENSP00000405934	ITPR1	421	LKIGTSPVKED	CDK1	hprd;psite	924
ENSP00000405934	ITPR1	800	PQEQVTPVKYA	CDK1	hprd;psite	924
ENSP00000356319	KIF14	277	SLEKRTPTKCT		psite	850
ENSP00000263181	KIF18A	674	RKLMPSPLKGQ		hprd;pelm;psite	982
ENSP00000378356	KIF20A	532	HSLQVSPSLEK		hprd;pelm;psite	970
ENSP00000260363	KIF23	738	IPTYNTPLKVT		hprd;pelm;psite	994
ENSP00000368020	KIF3A	415	GKKKVSPDKMI		psite	720
ENSP00000353375	MAP4	280	AKDMESPTKLD		hprd;pelm;psite	980
ENSP00000353375	MAP4	696	KELPPSPEKKT	CDK1	hprd;pelm;psite	980
ENSP00000353375	MAP4	787	PEKRASPSKPA	CDK1	hprd;pelm;psite	980
ENSP00000298048	MELK	466	PNRYTTPSKAR		psite	957
ENSP00000309871	RACGAP1	342	PTLIGTPVKIG		hprd;pelm;psite	986
ENSP00000268712	NCOR1	1196	PIEDSSPEKGR		hprd;psite	903
ENSP00000318195	NCL	67	KKVVVSPTKKV	CDK2	hprd;pelm;psite	887
ENSP00000318195	NCL	84	KKAAVTPGKKA		hprd;psite	887
ENSP00000318195	NCL	92	KKAAATPAKKT		hprd;psite	887
ENSP00000318195	NCL	99	AKKTVTPAKAV		hprd;pelm;psite	887
ENSP00000318195	NCL	106	AKAVTTPGKKG		hprd;psite	887
ENSP00000318195	NCL	113	GKKGATPGKAL		hprd;psite	887
ENSP00000296930	NPM1	70	MNYEGSPIKVT	CDK1;CDK2	hprd;pelm;psite	806
ENSP00000271452	NUF2	247	TKIVDSPEKLK		hprd;pelm;psite	934
ENSP00000234296	ORC2	226	PVGKETPSKRM	CDK2	hprd;psite	905
ENSP00000225577	RPS6KB1	447	PRTPVSPVKFS	CDK1;MAPK1;MTOR	hprd;pelm;psite	711
ENSP00000382595	PAICS	27	YELLDSPGKVL	CDK1;CDK2	hprd;pelm;psite	739
ENSP00000323856	PLEC	125	QGPLGSPPKRG		hprd;pelm;psite	621
ENSP00000262293	PRR11	287	TNVLITPGKSQ		hprd;pelm;psite	465
ENSP00000262293	PRR11	311	RSPGGTPLTNK		hprd;psite	465
ENSP00000215071	PSMD8	295	ILFFNTPKKMT		psite	921
ENSP00000384211	PSME4	1121	NQILLSPEKIK		hprd;pelm;psite	899
ENSP00000311857	PTPN2	304	PAFDHSPNKIM	CDK1;CDK2	hprd;pelm;psite	627
ENSP00000264926	RAD18	99	QFALESPAKSP	CDK2	hprd;pelm;psite	457
ENSP00000264926	RAD18	158	NKSKFSPQKEA		hprd;pelm;psite	457
ENSP00000228843	RAD51AP1	66	PVQEKTPKKRL		hprd;pelm;psite	897
ENSP00000361043	RAD54L	31	QPGLVTPRKRK		psite	830
ENSP00000319417	SKA3	384	NSNLATPIAIK		hprd;pelm;psite	978
ENSP00000355958	DTL	196	TSDKQTPSKPK		hprd;psite	945
ENSP00000267163	RB1	788	PHIPRSPYKFP	CDK4;CDK6	hprd;psite	924
ENSP00000267163	RB1	811	ISPLKSPYKIS	CDK1;CDK2;CDK3;CDK4;CDK5;CDK6;CDK9	hprd;pelm;psite	924
ENSP00000267163	RB1	821	SEGLPTPTKMT	CDK2;CDK6	hprd;pelm;psite	924
ENSP00000362768	RBL1	332	EEEIGTPRKFT		hprd;pelm;psite	939
ENSP00000351697	REV3L	1041	PIYPLTPKKSH		psite	497
ENSP00000368664	RGCC	111	LSATVTPQKAK	CDK1	hprd;psite	933
ENSP00000344936	PTTG1	43	RSQVSTPRFGK		psite	993
ENSP00000249396	SIRT2	368	PSTSASPKKSP	CDK1;CDK2	hprd;pelm;psite	839
ENSP00000249396	SIRT2	372	ASPKKSPPPAK		psite	839
ENSP00000323300	SPAG5	14	LSLSPSPQTGK		hprd;pelm;psite	956
ENSP00000410452	STMN1	38	PEFPLSPPKKK	CDK1;CDK2;MAPK13;MAPK3;PAK1;PRKCB;UHMK1	hprd;pelm;psite	922
ENSP00000268138	TICRR	923	NQELLSPSKRS		hprd;psite	631
ENSP00000268138	TICRR	1105	PAAYQTPKKSH		psite	631
ENSP00000268138	TICRR	1141	ERLQKSPAKMT		psite	631
ENSP00000266732	TMPO	310	VSTAASPSLIK		hprd;psite	764
ENSP00000266732	TMPO	671	NKLASTPFKGG		psite	764
ENSP00000396704	TOP2B	1426	GKSKATPEKSL		psite	542
ENSP00000260810	TOPBP1	1221	SEELETPIKDS		hprd;psite	547
ENSP00000300403	TPX2	186	EKNASSPEKAK		hprd;pelm;psite	940
ENSP00000298552	TSC1	1047	SSELSTPEKPP	CDK1	hprd;pelm;psite	869
ENSP00000338413	UBA1	835	KATLPSPDKLP	CDK1	hprd;pelm;psite	668
ENSP00000343526	USP1	313	SDTLESPPKII	CDK1	hprd;pelm;psite	514
ENSP00000351777	VCP	509	LKFGMTPSKGV		hprd;psite	806
ENSP00000329167	WHSC1	194	VSKISSPSDKK		psite	431
ENSP00000362768	RBL1	1009	YKFNGSPSKSL		hprd;pelm	939
ENSP00000220876	STMN2	73	PRTLASPKKKD	MAPK3	hprd;pelm	655
ENSP00000217026	MYBL2	577	PGLRRSPIKKV	CDK2	hprd;pelm	991
ENSP00000260363	KIF23	8	SARAKTPRKPT		pelm	994
ENSP00000350283	BRCA1	967	ETGLITPNKHG	CDK2	hprd	940
ENSP00000325017	NCAPD2	1384	MTEDETPKKTT		hprd	904
ENSP00000244534	HIST1H1D	155	KSIKKTPKKVK		hprd	643
ENSP00000234420	MSH6	292	SEGLNSPVKVA		hprd	593
ENSP00000312995	CLSPN	75	EDTNASPEKTT		hprd	421
ENSP00000328228	CDCA2	470	FAVLSSPNKSS		hprd	929
