name	CDK19
id	ENSP00000357907
type	Serine/threonine kinase
proline+1_removed	No
npartners	90
npartners_with_sites	73
nsites	479
//
motif	score	fg_matches	fg_size	bg_matches	bg_size	fold_increase
.....[ST]P....	307.65	287	848	617	10000	5.49
..R..[ST].S...	19.11	25	561	53	9383	7.89
.....[ST]SP...	13.46	22	536	59	9330	6.49
.....[ST]...S.	6.53	88	514	916	9271	1.73
.....[ST]..E..	6.13	57	426	563	8355	1.99
//
prot_id	prot_name	position	flank	kinase	source	string_score
ENSP00000232014	BCL6	330	RKGLVSPQSPQ		psite	672
ENSP00000232014	BCL6	333	LVSPQSPQKSD	MAPK1;MAPK3	psite	672
ENSP00000232014	BCL6	343	DCQPNSPTESC	MAPK1;MAPK3	psite	672
ENSP00000305422	CEBPB	76	RAIDFSPYLEP		psite	899
ENSP00000305422	CEBPB	223	SGSSGSLSTSS	GSK3B	psite	899
ENSP00000305422	CEBPB	231	TSSSSSPPGTP		hprd;psite	899
ENSP00000305422	CEBPB	235	SSPPGTPSPAD	MAPK1;MAPK3	hprd;pelm;psite	899
ENSP00000386165	CEBPD	167	EPPRSSPRQTP		psite	899
ENSP00000386165	CEBPD	171	SSPRQTPAPGP		psite	899
ENSP00000325690	CARM1	447	ANKRQSYDISI		psite	900
ENSP00000262367	CREBBP	78	LLRGGSGSSIN		psite	899
ENSP00000262367	CREBBP	93	NVSASSPVQQG		psite	899
ENSP00000262367	CREBBP	121	SAMGKSPLSQG		hprd;pelm;psite	899
ENSP00000262367	CREBBP	124	GKSPLSQGDSS		hprd;pelm;psite	899
ENSP00000262367	CREBBP	1001	EMKTETQAEDT		hprd;pelm;psite	899
ENSP00000262367	CREBBP	1072	SNGTASQSTSP		hprd;pelm;psite	899
ENSP00000262367	CREBBP	1076	ASQSTSPSQPR		hprd;psite	899
ENSP00000262367	CREBBP	1382	SRFVDSGEMSE	CHUK	psite	899
ENSP00000262367	CREBBP	1578	ETTEGSQGDSK		psite	899
ENSP00000262367	CREBBP	1755	DDEGSSQGEPQ		hprd;pelm;psite	899
ENSP00000262367	CREBBP	1763	EPQSKSPQESR		hprd;psite	899
ENSP00000262367	CREBBP	2063	PPRSISPSALQ		hprd;pelm;psite	899
ENSP00000262367	CREBBP	2076	LRTLKSPSSPQ		hprd;pelm;psite	899
ENSP00000262367	CREBBP	2079	LKSPSSPQQQQ		hprd;pelm;psite	899
ENSP00000262367	CREBBP	2351	PAPVQSPRPQS		psite	899
ENSP00000262367	CREBBP	2364	PHSSPSPRIQP		psite	899
ENSP00000362082	CCND3	264	SQTSSSPAPKA		hprd;pelm;psite	933
ENSP00000362082	CCND3	283	PSQTSTPTDVT	GSK3B;MAPK11;MAPK12;MAPK13	pelm;psite	933
ENSP00000256897	CCNH	132	GNLRESPLGQE		hprd;psite	532
ENSP00000256897	CCNH	307	YVSKKSKHEEE		hprd;psite	532
ENSP00000257904	CDK4	172	YQMALTPVVVT	CDK7	hprd;pelm;psite	905
ENSP00000256443	CDK7	164	AKSFGSPNRAY	CDK1;CDK2;CDK7	hprd;pelm;psite	662
ENSP00000370938	CDK8	11	KVKLSSERERV		psite	922
ENSP00000381522	CHD9	550	IPRVMSPENFP		hprd;pelm;psite	899
ENSP00000381522	CHD9	611	KRKNESSDEIS		hprd;pelm;psite	899
ENSP00000381522	CHD9	612	RKNESSDEISD		hprd;pelm;psite	899
ENSP00000381522	CHD9	616	SSDEISDAEQM		hprd;psite	899
ENSP00000381522	CHD9	1468	ELAELSEAESE		hprd;pelm;psite	899
ENSP00000381522	CHD9	2026	VALSASPLTSL		hprd;pelm;psite	899
ENSP00000381522	CHD9	2058	KEEPQSSEEES		hprd;psite	899
ENSP00000381522	CHD9	2059	EEPQSSEEESM		hprd;psite	899
ENSP00000381522	CHD9	2075	RTLIKSEPVSP		psite	899
ENSP00000381522	CHD9	2079	KSEPVSPKNGV		psite	899
ENSP00000381522	CHD9	2113	RTEPLTPNPAS		psite	899
ENSP00000381522	CHD9	2151	RSSSSSSSSSC		psite	899
ENSP00000263239	DDX18	86	IKVTKSPQKST		hprd;psite	462
ENSP00000310040	EIF3F	258	MKTCFSPNRVI		hprd;pelm;psite	957
ENSP00000265351	XPO5	416	PSKTDSPSCEY		psite	478
ENSP00000265351	XPO5	826	LELNDSPVFKT		hprd;psite	478
ENSP00000302967	HDAC3	74	FLQRVSPTNMQ		psite	905
ENSP00000363804	KLF4	244	GSEYGSPSVIS		hprd;psite	923
ENSP00000363804	KLF4	254	SVSKGSPDGSH		hprd;psite	923
ENSP00000300651	MED1	18	LSKMSSLLERL		hprd;pelm;psite	779
ENSP00000300651	MED1	620	GSTIGSSPTPP		psite	779
ENSP00000300651	MED1	628	TPPHHTPPPVS		hprd;psite	779
ENSP00000300651	MED1	664	TLYGSSPLERQ		hprd;pelm;psite	779
ENSP00000300651	MED1	671	LERQNSSSGSP		psite	779
ENSP00000300651	MED1	675	NSSSGSPRMEI		psite	779
ENSP00000300651	MED1	770	RMVRLSSSDSI		hprd;pelm;psite	779
ENSP00000300651	MED1	780	IGPDVTDILSD		psite	779
ENSP00000300651	MED1	805	CPAIGTPLRDS		hprd;pelm;psite	779
ENSP00000300651	MED1	872	PDLLNSQSQSG	ATM	psite	779
ENSP00000300651	MED1	928	NNQADTVDFSI		psite	779
ENSP00000300651	MED1	1021	DTEGKSPSHSS		psite	779
ENSP00000300651	MED1	1032	SNRPFTPPTST	MAPK1;MAPK3	hprd;psite	779
ENSP00000300651	MED1	1036	FTPPTSTGGSK		psite	779
ENSP00000300651	MED1	1042	TGGSKSPGSAG		psite	779
ENSP00000300651	MED1	1045	SKSPGSAGRSQ		psite	779
ENSP00000300651	MED1	1051	AGRSQTPPGVA		hprd;pelm;psite	779
ENSP00000300651	MED1	1057	PPGVATPPIPK		hprd;pelm;psite	779
ENSP00000300651	MED1	1081	KPSSHSQYTSS		psite	779
ENSP00000300651	MED1	1134	SSMYSSQGSSG	ATM	hprd;pelm;psite	779
ENSP00000300651	MED1	1155	GGKPGSSPITK		hprd;psite	779
ENSP00000300651	MED1	1156	GKPGSSPITKH		hprd;psite	779
ENSP00000300651	MED1	1192	SKPNISPSHSR		hprd;psite	779
ENSP00000300651	MED1	1207	SDKLASPMKPV	CDK2	hprd;pelm;psite	779
ENSP00000300651	MED1	1215	KPVPGTPPSSK	CDK2	hprd;pelm;psite	779
ENSP00000300651	MED1	1223	SSKAKSPISSG		hprd;psite	779
ENSP00000300651	MED1	1252	SGLGSSGSLSQ		hprd;psite	779
ENSP00000300651	MED1	1347	SKHNMSGGEFQ		hprd;psite	779
ENSP00000300651	MED1	1401	KHDGGSPSIKA		hprd;psite	779
ENSP00000300651	MED1	1433	SKNYGSPLISG		hprd;psite	779
ENSP00000300651	MED1	1440	LISGSTPKHER		hprd;psite	779
ENSP00000300651	MED1	1457	KSPAYTPQNLD	MAPK1;MAPK3	pelm;psite	779
ENSP00000300651	MED1	1463	PQNLDSESESG		hprd;pelm;psite	779
ENSP00000300651	MED1	1465	NLDSESESGSS		psite	779
ENSP00000300651	MED1	1479	KSYQNSPSSDD		hprd;pelm;psite	779
ENSP00000363193	MED12	635	GPRPPSPFDDP		hprd;pelm;psite	946
ENSP00000363193	MED12	698	CEGKGSPSPEK		hprd;psite	946
ENSP00000363193	MED12	700	GKGSPSPEKPD		hprd;psite	946
ENSP00000325612	MED16	326	IFQQISPVVGD		psite	922
ENSP00000251871	MED17	53	DFSQGSGSEEE		psite	921
ENSP00000251871	MED17	55	SQGSGSEEEEA		psite	921
ENSP00000362948	MED18	66	KGQQASPFVLR		hprd;pelm;psite	921
ENSP00000263390	MED26	299	KGSVPSPSPRP		psite	946
ENSP00000263390	MED26	301	SVPSPSPRPQA		psite	946
ENSP00000263390	MED26	310	QALDATQVPSP		hprd;psite	946
ENSP00000263390	MED26	314	ATQVPSPLPLA		hprd;psite	946
ENSP00000263390	MED26	323	LAQPSTPPVRR		hprd;psite	946
ENSP00000263390	MED26	361	CKAGLSPAEPL		hprd;pelm;psite	946
ENSP00000263390	MED26	373	SRAGFSPDSSK		psite	946
ENSP00000263390	MED26	381	SSKADSDAASS		psite	946
ENSP00000263390	MED26	447	PVRADSPVHME		hprd;pelm;psite	946
ENSP00000263390	MED26	470	KASLQSPFEQT		psite	946
ENSP00000263390	MED26	535	VLVPQSPPTDL		hprd;psite	946
ENSP00000292035	MED27	132	LLNQQSLKRSA		psite	921
ENSP00000258648	MED4	32	RERLLSALEDL		psite	921
ENSP00000290663	MED8	82	IPLVLSPDRDE		hprd;psite	921
ENSP00000268711	MED9	46	PQPQQSPAPRP		hprd;psite	932
ENSP00000268711	MED9	53	APRPQSPARAR		hprd;psite	932
ENSP00000268711	MED9	110	PGIHLSPEQQQ		hprd;psite	932
ENSP00000325312	METAP2	29	EEGAASTAEEA		psite	462
ENSP00000325312	METAP2	45	RKKKKSKGPSA		hprd;pelm;psite	462
ENSP00000325312	METAP2	63	KESGASVDEVA		hprd;pelm;psite	462
ENSP00000325312	METAP2	74	RQLERSALEDK		hprd;pelm;psite	462
ENSP00000351894	NCOA6	884	DVTLTSPLLVN	MAPK1	psite	902
ENSP00000351894	NCOA6	1091	ASVPPSPDKQR		psite	902
ENSP00000351894	NCOA6	1103	PMPVNTPLGSN		psite	902
ENSP00000351894	NCOA6	1321	SNSGATKRASP		hprd;pelm;psite	902
ENSP00000351894	NCOA6	1481	NKNLVSPAMRE		psite	902
ENSP00000351894	NCOA6	1880	DSKTPTPPAPT		psite	902
ENSP00000351894	NCOA6	2018	PGRRNSRTEEP		hprd;psite	902
ENSP00000263253	EP300	89	LLRSGSSPNLN	PRKAA1;PRKCA;PRKCD	hprd;pelm;psite	899
ENSP00000263253	EP300	285	LSNNLSPFAMD		hprd;psite	899
ENSP00000263253	EP300	317	QPGLVTPVAQG	MAPK1	psite	899
ENSP00000263253	EP300	831	ALHQNSPSPVP		psite	899
ENSP00000263253	EP300	833	HQNSPSPVPSR		psite	899
ENSP00000263253	EP300	839	PVPSRTPTPHH		psite	899
ENSP00000263253	EP300	841	PSRTPTPHHTP		psite	899
ENSP00000263253	EP300	845	PTPHHTPPSIG		psite	899
ENSP00000263253	EP300	885	PPPRQTPTPPT		hprd;pelm;psite	899
ENSP00000263253	EP300	887	PRQTPTPPTTQ		hprd;psite	899
ENSP00000263253	EP300	938	PPQPATPLSQP	MAPK1	psite	899
ENSP00000263253	EP300	1037	TSATQSSPAPG		hprd;pelm;psite	899
ENSP00000263253	EP300	1038	SATQSSPAPGQ		hprd;psite	899
ENSP00000263253	EP300	1726	AAATQSPGDSR		psite	899
ENSP00000263253	EP300	1960	QMPPMTPMAPM	MAPK1	psite	899
ENSP00000263253	EP300	2039	GQVGISPLKPG		psite	899
ENSP00000263253	EP300	2279	QPNPMSPQQHM	MAPK1	psite	899
ENSP00000263253	EP300	2309	SNQVRSPQPVP		psite	899
ENSP00000263253	EP300	2315	PQPVPSPRPQS	MAPK1	psite	899
ENSP00000263253	EP300	2325	SQPPHSSPSPR		psite	899
ENSP00000263253	EP300	2328	PHSSPSPRMQP		psite	899
ENSP00000263253	EP300	2366	QGHFASPDQNS	MAPK1	psite	899
ENSP00000355759	PARP1	41	AIMVQSPMFDG		hprd;pelm;psite	643
ENSP00000355759	PARP1	368	ASVAATPPPST		hprd;pelm;psite	643
ENSP00000355759	PARP1	782	LLRGGSDDSSK		hprd;pelm;psite	643
ENSP00000384048	PAXIP1	235	GDQQFSPKSNT		psite	509
ENSP00000384048	PAXIP1	252	LMFDDSSDSSP		hprd;psite	509
ENSP00000384048	PAXIP1	255	DDSSDSSPEKQ		hprd;psite	509
ENSP00000384048	PAXIP1	256	DSSDSSPEKQE		hprd;psite	509
ENSP00000384048	PAXIP1	332	MIATWSPAVRT		psite	509
ENSP00000263205	MED15	603	DMAVPTPPPPP		hprd;pelm;psite	929
ENSP00000300055	PLIN1	299	DHEDQTDTEGE		psite	899
ENSP00000300055	PLIN1	301	EDQTDTEGEDT		psite	899
ENSP00000300055	PLIN1	306	TEGEDTEEEEE		psite	899
ENSP00000300055	PLIN1	382	KGRAMSLSDAL		psite	899
ENSP00000300055	PLIN1	497	PKRRVSDSFFR		psite	899
ENSP00000264867	PPARGC1A	263	LSLPLTPESPN	MAPK14	hprd;pelm;psite	899
ENSP00000264867	PPARGC1A	266	PLTPESPNDPK	MAPK14	hprd;pelm;psite	899
ENSP00000264867	PPARGC1A	285	IERTLSVELSG		psite	899
ENSP00000264867	PPARGC1A	295	GTAGLTPPTTP		psite	899
ENSP00000264867	PPARGC1A	299	LTPPTTPPHKA	MAPK14	hprd;pelm;psite	899
ENSP00000264867	PPARGC1A	313	NPFRASPKLKS		psite	899
ENSP00000264867	PPARGC1A	571	RSRSRSFSRHR		psite	899
ENSP00000264867	PPARGC1A	616	RTHRNSPLYVR		psite	899
ENSP00000264867	PPARGC1A	636	RPRYDSYEEYQ		psite	899
ENSP00000260129	TGS1	51	YYIRDSGNNSG		psite	899
ENSP00000260129	TGS1	60	SGDQATEEEEG		hprd;pelm;psite	899
ENSP00000260129	TGS1	85	IGLDESELDSE		hprd;pelm;psite	899
ENSP00000260129	TGS1	89	ESELDSEAELM		hprd;pelm;psite	899
ENSP00000260129	TGS1	154	DDILASDDPSS		hprd;pelm;psite	899
ENSP00000260129	TGS1	177	QSKKDTETENP		psite	899
ENSP00000260129	TGS1	189	VENTLSPKLEI		psite	899
ENSP00000260129	TGS1	297	LVSFPSSPIMV		psite	899
ENSP00000260129	TGS1	298	VSFPSSPIMVD		hprd;psite	899
ENSP00000260129	TGS1	578	CQSVSSAGELE		psite	899
ENSP00000260129	TGS1	615	SRQAETEAEVK		psite	899
ENSP00000262735	PPARA	12	PLCPLSPLEAG	MAPK1	hprd;pelm;psite	899
ENSP00000262735	PPARA	21	AGDLESPLSEE	MAPK1	hprd;pelm;psite	899
ENSP00000262735	PPARA	230	ARVILSGKASN	PRKCA;PRKCB	psite	899
ENSP00000282884	RASSF8	90	SERPTSDSVAR		psite	576
ENSP00000419692	RXRA	21	NSSLTSPTGRG		hprd;pelm;psite	899
ENSP00000419692	RXRA	32	SMAAPSLHPSL		pelm;psite	899
ENSP00000419692	RXRA	82	MSVPTTPTLGF	MAPK7	hprd;pelm;psite	899
ENSP00000419692	RXRA	260	GLNPSSPNDPV	MAPK1;MAPK3;MAPK8;MAPK9	hprd;pelm;psite	899
ENSP00000386759	SETD2	131	TAEESSPPKSR		hprd;pelm;psite	400
ENSP00000386759	SETD2	323	FLGSESDEDSV		hprd;pelm;psite	400
ENSP00000386759	SETD2	437	RRYHRSSPYRE		psite	400
ENSP00000386759	SETD2	438	RYHRSSPYRER		psite	400
ENSP00000386759	SETD2	459	RARESSDSEEE		psite	400
ENSP00000386759	SETD2	461	RESSDSEEEYK		psite	400
ENSP00000386759	SETD2	532	IKRCCSPPNEL		hprd;pelm;psite	400
ENSP00000386759	SETD2	614	REKAGSPAPSN		hprd;psite	400
ENSP00000386759	SETD2	624	NRLNDSPTLKK		hprd;pelm;psite	400
ENSP00000386759	SETD2	701	MTSDDSVTGSE		hprd;psite	400
ENSP00000386759	SETD2	708	TGSELSPLVKA		hprd;psite	400
ENSP00000386759	SETD2	744	HKKSESPFRET		hprd;pelm;psite	400
ENSP00000386759	SETD2	754	TEPLVSPHQDK		hprd;pelm;psite	400
ENSP00000386759	SETD2	905	CGENTSPVLDA		hprd;psite	400
ENSP00000386759	SETD2	1084	PMEETSPCSSR		hprd;psite	400
ENSP00000386759	SETD2	1207	LPIYSSDFEDV		psite	400
ENSP00000386759	SETD2	1413	RQEIESDSESD		hprd;pelm;psite	400
ENSP00000386759	SETD2	1417	ESDSESDGELQ		hprd;pelm;psite	400
ENSP00000386759	SETD2	1845	GDGYSSENTSR		psite	400
ENSP00000386759	SETD2	1853	TSRAHTPLNTP		hprd;psite	400
ENSP00000386759	SETD2	1857	HTPLNTPDPST		psite	400
ENSP00000386759	SETD2	1872	EADTDTPKKLM		hprd;pelm;psite	400
ENSP00000386759	SETD2	1952	SKLPTSEPEAD		hprd;psite	400
ENSP00000386759	SETD2	1980	NEETPSQDEEE		hprd;pelm;psite	400
ENSP00000386759	SETD2	1988	EEEGVSDVESE		hprd;pelm;psite	400
ENSP00000386759	SETD2	2056	TPAPKTPNRSR		psite	400
ENSP00000386759	SETD2	2080	RKRRSSLSPPS		hprd;pelm;psite	400
ENSP00000386759	SETD2	2082	RRSSLSPPSSA		hprd;pelm;psite	400
ENSP00000386759	SETD2	2086	LSPPSSAYERG		psite	400
ENSP00000386759	SETD2	2101	DDRYDTPTSKK		psite	400
ENSP00000386759	SETD2	2441	EMDLGTPTYDE		psite	400
ENSP00000386759	SETD2	2443	DLGTPTYDENP		psite	400
ENSP00000325905	SRSF7	155	SRGRRSRSASP		hprd;psite	621
ENSP00000325905	SRSF7	157	GRRSRSASPRR		hprd;psite	621
ENSP00000325905	SRSF7	159	RSRSASPRRSR		hprd;psite	621
ENSP00000325905	SRSF7	163	ASPRRSRSISL		hprd;psite	621
ENSP00000325905	SRSF7	165	PRRSRSISLRR		hprd;pelm;psite	621
ENSP00000325905	SRSF7	167	RSRSISLRRSR		hprd;pelm;psite	621
ENSP00000325905	SRSF7	171	ISLRRSRSASL		hprd;pelm;psite	621
ENSP00000325905	SRSF7	173	LRRSRSASLRR		hprd;psite	621
ENSP00000325905	SRSF7	175	RSRSASLRRSR		hprd;pelm;psite	621
ENSP00000325905	SRSF7	179	ASLRRSRSGSI		hprd;psite	621
ENSP00000325905	SRSF7	181	LRRSRSGSIKG		hprd;psite	621
ENSP00000325905	SRSF7	183	RSRSGSIKGSR		hprd;pelm;psite	621
ENSP00000325905	SRSF7	192	SRYFQSPSRSR		hprd;pelm;psite	621
ENSP00000325905	SRSF7	194	YFQSPSRSRSR		hprd;pelm;psite	621
ENSP00000325905	SRSF7	196	QSPSRSRSRSR		hprd;pelm;psite	621
ENSP00000325905	SRSF7	198	PSRSRSRSRSI		psite	621
ENSP00000325905	SRSF7	200	RSRSRSRSISR		psite	621
ENSP00000325905	SRSF7	202	RSRSRSISRPR		hprd;psite	621
ENSP00000325905	SRSF7	204	RSRSISRPRSS		hprd;psite	621
ENSP00000325905	SRSF7	213	SSRSKSRSPSP		hprd;psite	621
ENSP00000325905	SRSF7	215	RSKSRSPSPKR		hprd;psite	621
ENSP00000325905	SRSF7	217	KSRSPSPKRSR		hprd;psite	621
ENSP00000325905	SRSF7	221	PSPKRSRSPSG		hprd;pelm;psite	621
ENSP00000325905	SRSF7	223	PKRSRSPSGSP		psite	621
ENSP00000325905	SRSF7	225	RSRSPSGSPRR		hprd;pelm;psite	621
ENSP00000325905	SRSF7	227	RSPSGSPRRSA		hprd;pelm;psite	621
ENSP00000325905	SRSF7	233	PRRSASPERMD		hprd;pelm;psite	621
ENSP00000348551	NCOR2	54	YASHLSPGSII		hprd;pelm;psite	899
ENSP00000348551	NCOR2	149	KLEPVSPPSPP		hprd;pelm;psite	899
ENSP00000348551	NCOR2	152	PVSPPSPPHTD		hprd;pelm;psite	899
ENSP00000348551	NCOR2	156	PSPPHTDPELE		hprd;pelm;psite	899
ENSP00000348551	NCOR2	215	PEKPVSPPPIE		hprd;pelm;psite	899
ENSP00000348551	NCOR2	553	EKTDDTSGEDN		hprd;pelm;psite	899
ENSP00000348551	NCOR2	753	TESIPSPHTEA		hprd;pelm;psite	899
ENSP00000348551	NCOR2	939	KNRLLSPRPSL		hprd;pelm;psite	899
ENSP00000348551	NCOR2	946	RPSLLTPTGDP		hprd;psite	899
ENSP00000348551	NCOR2	956	PRANASPQKPL		hprd;pelm;psite	899
ENSP00000348551	NCOR2	1017	QQPGSSPRGKS		hprd;pelm;psite	899
ENSP00000348551	NCOR2	1022	SPRGKSRSPAP		hprd;psite	899
ENSP00000348551	NCOR2	1024	RGKSRSPAPPA		hprd;psite	899
ENSP00000348551	NCOR2	1180	KQEQLSPRGQA		psite	899
ENSP00000348551	NCOR2	1205	SVLRGTALGSV		hprd;psite	899
ENSP00000348551	NCOR2	1226	STRVPSDSAIT		psite	899
ENSP00000348551	NCOR2	1258	IIGEDSPSRLD		hprd;psite	899
ENSP00000348551	NCOR2	1348	PPERHSPHHLK		hprd;psite	899
ENSP00000348551	NCOR2	1390	LKREGTPPPPP		hprd;pelm;psite	899
ENSP00000348551	NCOR2	1443	EELRHTPELPL		psite	899
ENSP00000348551	NCOR2	1486	RSLIGSPGRTF		hprd;psite	899
ENSP00000348551	NCOR2	1546	GKPRQSPLTYE		hprd;pelm;psite	899
ENSP00000348551	NCOR2	1573	TTREPTPRLQE		psite	899
ENSP00000348551	NCOR2	1580	RLQEGSLSSSK		hprd;psite	899
ENSP00000348551	NCOR2	1602	REIAKSPHSTV		hprd;psite	899
ENSP00000348551	NCOR2	1606	KSPHSTVPEHH		psite	899
ENSP00000348551	NCOR2	1616	HPHPISPYEHL		psite	899
ENSP00000348551	NCOR2	1782	SRHSSSPLSPG		hprd;psite	899
ENSP00000348551	NCOR2	1785	SSSPLSPGGPT		hprd;pelm;psite	899
ENSP00000348551	NCOR2	1865	HAHQHSPISPR		hprd;psite	899
ENSP00000348551	NCOR2	1868	QHSPISPRTQD		hprd;psite	899
ENSP00000348551	NCOR2	1898	AVEPSTPTVLR		psite	899
ENSP00000348551	NCOR2	1971	KPPARSGLEPA		hprd;psite	899
ENSP00000348551	NCOR2	1977	GLEPASSPSKG		hprd;psite	899
ENSP00000348551	NCOR2	1978	LEPASSPSKGS		hprd;pelm;psite	899
ENSP00000348551	NCOR2	2012	APHHASPDPPA		hprd;pelm;psite	899
ENSP00000348551	NCOR2	2053	HGSSYSPEGVE		hprd;pelm;psite	899
ENSP00000348551	NCOR2	2061	GVEPVSPVSSP		hprd;pelm;psite	899
ENSP00000348551	NCOR2	2064	PVSPVSSPSLT		hprd;psite	899
ENSP00000348551	NCOR2	2065	VSPVSSPSLTH		hprd;pelm;psite	899
ENSP00000348551	NCOR2	2084	EELDKSHLEGE		psite	899
ENSP00000348551	NCOR2	2210	EGGKRSPEPNK		hprd;psite	899
ENSP00000348551	NCOR2	2230	GIEPVSPPEGM		hprd;psite	899
ENSP00000348551	NCOR2	2265	RMGSKSPGNTS		hprd;pelm;psite	899
ENSP00000348551	NCOR2	2420	SRKAKSPAPGL		pelm;psite	899
ENSP00000348551	NCOR2	2433	GDRPPSVSSVH	CAMK2A	hprd;psite	899
ENSP00000348551	NCOR2	2464	SSAGSTPFPYN		hprd;psite	899
ENSP00000320940	NCOA1	22	HKRKGSPCDTL		hprd;psite	899
ENSP00000320940	NCOA1	26	GSPCDTLASST		psite	899
ENSP00000320940	NCOA1	325	RGTASSPSYRF		psite	899
ENSP00000320940	NCOA1	372	EHSGLSPQDDT		hprd;pelm;psite	899
ENSP00000320940	NCOA1	395	VNPSISPAHGV	MAPK1	hprd;pelm;psite	899
ENSP00000320940	NCOA1	488	LAQFMSPRRQV		psite	899
ENSP00000320940	NCOA1	517	ISTLSSPVGMT		hprd;pelm;psite	899
ENSP00000320940	NCOA1	558	GFSASSPVLRQ		psite	899
ENSP00000320940	NCOA1	565	VLRQMSSQNSP		hprd;psite	899
ENSP00000320940	NCOA1	569	MSSQNSPSRLN		hprd;pelm;psite	899
ENSP00000320940	NCOA1	698	LLQEGSPSDIT		psite	899
ENSP00000320940	NCOA1	789	CNTNPTPMTKP		psite	899
ENSP00000320940	NCOA1	979	PPQQATPPLIM		psite	899
ENSP00000320940	NCOA1	997	SQPYSSPSPTA		psite	899
ENSP00000320940	NCOA1	1006	TANLPSPFQGM		psite	899
ENSP00000320940	NCOA1	1026	MPVQVTPPRGA		psite	899
ENSP00000320940	NCOA1	1033	PRGAFSPGMGM		hprd;pelm;psite	899
ENSP00000320940	NCOA1	1179	GTNPGTPPAST	MAPK1;MAPK3	hprd;pelm;psite	899
ENSP00000320940	NCOA1	1185	PPASTSPFSQL	MAPK1;MAPK3	hprd;pelm;psite	899
ENSP00000320940	NCOA1	1250	FAPSLSPGSSM		psite	899
ENSP00000320940	NCOA1	1271	SLLQQTPPASG		psite	899
ENSP00000320940	NCOA1	1279	ASGYQSPDMKA		psite	899
ENSP00000320940	NCOA1	1426	TSGPQTPQAQQ		psite	899
ENSP00000399968	NCOA2	29	DQLGPSPKRNT		hprd;psite	899
ENSP00000399968	NCOA2	457	GMQATTPQGSN		psite	899
ENSP00000399968	NCOA2	469	ALKMNSPSQSS	CDK9;CSNK2A1	hprd;psite	899
ENSP00000399968	NCOA2	474	SPSQSSPGMNP		hprd;psite	899
ENSP00000399968	NCOA2	487	PTSMLSPRHRM	CDK9;CSNK2A1	hprd;psite	899
ENSP00000399968	NCOA2	493	PRHRMSPGVAG	CDK9;CSNK2A1	hprd;psite	899
ENSP00000399968	NCOA2	499	PGVAGSPRIPP	CDK9;CSNK2A1	hprd;psite	899
ENSP00000399968	NCOA2	565	GNLQNSPVNMN		hprd;psite	899
ENSP00000399968	NCOA2	682	STHGTSLKEKH		psite	899
ENSP00000399968	NCOA2	698	LLQDSSSPVDL		hprd;psite	899
ENSP00000399968	NCOA2	699	LQDSSSPVDLA		hprd;pelm;psite	899
ENSP00000399968	NCOA2	716	TGKDLSQESSS		hprd;psite	899
ENSP00000399968	NCOA2	736	KQEPVSPKKKE	MAPK1;MAPK3	hprd;pelm;psite	899
ENSP00000399968	NCOA2	773	RLDSKTDPASN		psite	899
ENSP00000399968	NCOA2	851	LTAENSPVTPV		hprd;psite	899
ENSP00000399968	NCOA2	854	ENSPVTPVGAQ		hprd;psite	899
ENSP00000361066	NCOA3	24	KLPCDTPGQGL	MAPK8	hprd;pelm;psite	901
ENSP00000361066	NCOA3	214	EDINASPEMRQ		hprd;pelm;psite	901
ENSP00000361066	NCOA3	284	NIDTNSLRSSM		hprd;psite	901
ENSP00000361066	NCOA3	505	VAGVHSPMASS	MAPK14;MAPK8	hprd;pelm;psite	901
ENSP00000361066	NCOA3	543	LSTLSSPGPKL	MAPK14;MAPK8	hprd;pelm;psite	901
ENSP00000361066	NCOA3	551	PKLDNSPNMNI		hprd;pelm;psite	901
ENSP00000361066	NCOA3	563	QPSKVSNQDSK		psite	901
ENSP00000361066	NCOA3	569	NQDSKSPLGFY		psite	901
ENSP00000361066	NCOA3	601	KESKESSVEGA	CSNK1D	psite	901
ENSP00000361066	NCOA3	694	LQNGNSPAEVA		hprd;psite	901
ENSP00000361066	NCOA3	728	KQEQLSPKKKE	CDK1	hprd;pelm;psite	901
ENSP00000361066	NCOA3	860	AVSLDSPVSVG	MAPK14;MAPK8	hprd;pelm;psite	901
ENSP00000361066	NCOA3	867	VSVGSSPPVKN	CDK1;MAPK14;MAPK8	hprd;pelm;psite	901
ENSP00000361066	NCOA3	1042	LVGPPSNLEGQ	PRKCZ	psite	901
ENSP00000361066	NCOA3	1067	SNTDATGLEEI	PRKCZ	psite	901
ENSP00000361066	NCOA3	1330	FGRVSSPPNAM		hprd;pelm;psite	901
ENSP00000342343	MED22	107	NQQLRTLQEEC		hprd;psite	921
ENSP00000316578	SUZ12	139	VDDMLSKVEKM		psite	619
ENSP00000316578	SUZ12	539	KRTKASMSEFL		hprd;psite	619
ENSP00000316578	SUZ12	583	EMEVDSEDEKD		hprd;pelm;psite	619
ENSP00000316578	SUZ12	695	KGESASPANEE		hprd;psite	619
ENSP00000405574	TBL1XR1	119	AAAAASQQGSA		hprd;pelm;psite	918
ENSP00000281928	MED13L	398	RSQMSTPTLEE		hprd;psite	925
ENSP00000281928	MED13L	547	LNPMDSPHSPI		hprd;psite	925
ENSP00000281928	MED13L	550	MDSPHSPISPL		psite	925
ENSP00000281928	MED13L	553	PHSPISPLPPT		hprd;psite	925
ENSP00000281928	MED13L	560	LPPTLSPQPRG		hprd;psite	925
ENSP00000281928	MED13L	758	TKDVTTPGHST		psite	925
ENSP00000281928	MED13L	763	TPGHSTPVPDG		psite	925
ENSP00000281928	MED13L	826	ELGAVSPALRS		hprd;psite	925
ENSP00000281928	MED13L	867	QRMFPTPPSLE		psite	925
ENSP00000281928	MED13L	878	QHPAFSPVMNY		psite	925
ENSP00000281928	MED13L	923	EDGLGSPKPEE		hprd;psite	925
ENSP00000281928	MED13L	1050	RFSVPTPRTPR		psite	925
ENSP00000281928	MED13L	1053	VPTPRTPRTPR		psite	925
ENSP00000281928	MED13L	1056	PRTPRTPRTPR		psite	925
ENSP00000281928	MED13L	1059	PRTPRTPRGGG		psite	925
ENSP00000281928	MED13L	1081	STDQGSPASTP		hprd;psite	925
ENSP00000323720	MED14	184	PPDPITKIEKQ		hprd;psite	933
ENSP00000323720	MED14	986	DDNPPSPIGGD		hprd;pelm;psite	933
ENSP00000323720	MED14	1112	GNWPGSPQVSG		hprd;psite	933
ENSP00000323720	MED14	1119	QVSGPSPAARM		hprd;psite	933
ENSP00000323720	MED14	1128	RMPGMSPANPS		hprd;pelm;psite	933
ENSP00000323720	MED14	1136	NPSLHSPVPDA		hprd;pelm;psite	933
ENSP00000323720	MED14	1144	PDASHSPRAGT		hprd;pelm;psite	933
ENSP00000380888	MED13	326	SSVTLTPPTSP		hprd;psite	931
ENSP00000380888	MED13	395	NKRKYSASSGG		hprd;psite	931
ENSP00000380888	MED13	474	QKRPLTPFHHR		psite	931
ENSP00000380888	MED13	500	QRLVISAPDSQ		hprd;psite	931
ENSP00000380888	MED13	530	TEMANSPQPPP		psite	931
ENSP00000380888	MED13	537	QPPPLSPHPCD		hprd;pelm;psite	931
ENSP00000380888	MED13	553	VTKTPSTPQSQ		psite	931
ENSP00000380888	MED13	565	FYQMPTPDPLV		hprd;psite	931
ENSP00000380888	MED13	848	HIMGFSPMNMN		hprd;psite	931
ENSP00000380888	MED13	863	GSMDTTPGGTV		hprd;psite	931
ENSP00000380888	MED13	890	DEGFCSPKPSE		hprd;pelm;psite	931
ENSP00000380888	MED13	1006	LPSPSTPRFPT		psite	931
ENSP00000380888	MED13	1029	AGGPASAQGSV		hprd;pelm;psite	931
ENSP00000380888	MED13	1423	VGSTASKKLSE		psite	931
ENSP00000380888	MED13	2018	NILPASPTGSP		psite	931
ENSP00000219473	USP10	14	IFGDFSPDEFN		hprd;psite	508
ENSP00000219473	USP10	24	NQFFVTPRSSV		hprd;psite	508
ENSP00000219473	USP10	74	DTLPRTPSYSI		hprd;psite	508
ENSP00000219473	USP10	76	LPRTPSYSISS		psite	508
ENSP00000219473	USP10	100	TASKITPDGIT		hprd;pelm;psite	508
ENSP00000219473	USP10	205	MPPSVTPRTCN		hprd;pelm;psite	508
ENSP00000219473	USP10	211	PRTCNSPQNST		hprd;pelm;psite	508
ENSP00000219473	USP10	216	SPQNSTDSVSD		hprd;pelm;psite	508
ENSP00000219473	USP10	226	DIVPDSPFPGA		hprd;pelm;psite	508
ENSP00000219473	USP10	337	GTLPVSQPKSW	ATM	psite	508
ENSP00000219473	USP10	355	KPSSSSPVAYV		hprd;pelm;psite	508
ENSP00000219473	USP10	365	VETKYSPPAIS		hprd;pelm;psite	508
ENSP00000219473	USP10	370	SPPAISPLVSE		hprd;pelm;psite	508
ENSP00000219473	USP10	547	LKKLLSPSNEK		hprd;psite	508
ENSP00000219473	USP10	563	GPKNHSVNEEE		hprd;pelm;psite	508
ENSP00000219473	USP10	576	EQGEGSEDEWE		hprd;pelm;psite	508
ENSP00000219473	USP10	718	SKELLSPGVKN		hprd;psite	508
ENSP00000364895	ZBTB17	120	AEPATSPGGNA		psite	462
ENSP00000364895	ZBTB17	157	QAGRSTPIGPS		psite	462
ENSP00000364895	ZBTB17	178	AQSAASGAEQT		psite	462
ENSP00000364895	ZBTB17	357	HEKTHSPLKPY		psite	462
ENSP00000263253	EP300	24	SSPALSASASD	CAMKK1	pelm	899
ENSP00000262367	CREBBP	2078	TLKSPSSPQQQ		hprd;pelm	899
ENSP00000262367	CREBBP	302	LASKQSMVNSL	CAMK4;CAMKK1	hprd;pelm	899
ENSP00000348551	NCOR2	922	SSATCSADEVD		hprd;pelm	899
ENSP00000348551	NCOR2	1583	EGSLSSSKASQ		hprd;pelm	899
ENSP00000348551	NCOR2	1016	PQQPGSSPRGK		hprd;pelm	899
ENSP00000348551	NCOR2	746	TVNNSSDTESI		hprd;pelm	899
ENSP00000348551	NCOR2	2201	APARGSPHSEG		hprd;pelm	899
ENSP00000316578	SUZ12	37	AAATASGGKSG		hprd;pelm	619
ENSP00000380888	MED13	519	NDVAKTPQMHG		hprd;pelm	931
ENSP00000386759	SETD2	130	STAEESSPPKS		hprd;pelm	400
ENSP00000362082	CCND3	263	ASQTSSSPAPK		hprd;pelm	933
ENSP00000350720	SMARCA4	1484	PAEKLSPNPPN		pelm	619
ENSP00000350720	SMARCA4	609	EPLDETSQMSD		pelm	619
ENSP00000381522	CHD9	2013	HSRTSTPLLQQ		hprd;pelm	899
ENSP00000263390	MED26	337	LPSAESPVCWL		hprd;pelm	946
ENSP00000300651	MED1	1475	SIAEKSYQNSP		hprd;pelm	779
ENSP00000320935	SLC2A4	486	AAFHRTPSLLE		hprd;pelm	899
ENSP00000232014	BCL6	308	EERPSSEDEIA		hprd	672
ENSP00000317379	GLS	73	LARGLSSSPSE		hprd	429
ENSP00000323720	MED14	977	DARRRSVNEDD		hprd	933
ENSP00000363193	MED12	1778	GAAPPSTEERK		hprd	946
ENSP00000262367	CREBBP	274	ITGNTSPFGQP		hprd	899
ENSP00000262367	CREBBP	2372	IQPQPSPHHVS		hprd	899
ENSP00000262367	CREBBP	2377	SPHHVSPQTGS		hprd	899
ENSP00000262367	CREBBP	2382	SPQTGSPHPGL		hprd	899
ENSP00000262367	CREBBP	2390	PGLAVTMASSI		hprd	899
ENSP00000348551	NCOR2	221	PPPIESKHRSL		hprd	899
ENSP00000348551	NCOR2	2435	RPPSVSSVHSE		hprd	899
ENSP00000348551	NCOR2	1781	SSRHSSSPLSP		hprd	899
ENSP00000348551	NCOR2	2263	PSRMGSKSPGN		hprd	899
ENSP00000348551	NCOR2	2399	SDHTLTSPGGG		hprd	899
ENSP00000348551	NCOR2	2400	DHTLTSPGGGG		hprd	899
ENSP00000348551	NCOR2	2459	WEDRPSSAGST		hprd	899
ENSP00000348551	NCOR2	2516	CSQYETLSDSE		hprd	899
ENSP00000348551	NCOR2	550	LLKEKTDDTSG		hprd	899
ENSP00000348551	NCOR2	1857	SSRPASHSHAH		hprd	899
ENSP00000361066	NCOA3	863	LDSPVSVGSSP		hprd	901
ENSP00000361066	NCOA3	866	PVSVGSSPPVK		hprd	901
ENSP00000361066	NCOA3	1329	AFGRVSSPPNA		hprd	901
ENSP00000363804	KLF4	316	LPSRTTPTLGL		hprd	923
ENSP00000363804	KLF4	236	LKASLSAPGSE		hprd	923
ENSP00000320940	NCOA1	664	SCTGTSNSASA		hprd	899
ENSP00000263253	EP300	1857	PATPTTPTGQQ		hprd	899
ENSP00000174618	MNT	162	IPPNGSPKPLQ		hprd	406
ENSP00000364895	ZBTB17	276	SAGTDSGQELG		hprd	462
ENSP00000300651	MED1	663	STLYGSSPLER		hprd	779
ENSP00000300651	MED1	1453	PSHSKSPAYTP		hprd	779
ENSP00000300651	MED1	617	GNGGSTIGSSP		hprd	779
ENSP00000300651	MED1	623	IGSSPTPPHHT		hprd	779
ENSP00000300651	MED1	1366	DKSKVSTSGSS		hprd	779
ENSP00000357047	MED23	1352	AMNSGSPAPQS		hprd	923
ENSP00000357047	MED23	654	ALRLITALGSS		hprd	923
ENSP00000357047	MED23	666	VQPQFTRFLSD		hprd	923
ENSP00000351894	NCOA6	1240	SEISLSPERLN		hprd	902
ENSP00000316578	SUZ12	418	RKEKDTPNENR		hprd	619
ENSP00000316578	SUZ12	724	EKALETDSVSG		hprd	619
ENSP00000219473	USP10	354	SKPSSSSPVAY		hprd	508
ENSP00000380888	MED13	749	AMSLFSPSIKQ		hprd	931
ENSP00000380888	MED13	329	TLTPPTSPEEV		hprd	931
ENSP00000380888	MED13	330	LTPPTSPEEVQ		hprd	931
ENSP00000380888	MED13	836	HKMYPTPPSLE		hprd	931
ENSP00000302967	HDAC3	405	PEENYSRPEAP		hprd	905
ENSP00000399968	NCOA2	722	QESSSTAPGSE		hprd	899
ENSP00000386759	SETD2	1898	ISDATSELEGK		hprd	400
ENSP00000323184	MYCBPAP	693	LPRFRSPISET		hprd	418
ENSP00000256443	CDK7	316	NCPVETLKEQS		hprd	662
