name	CDK12
id	ENSP00000398880
type	Serine/threonine kinase
proline+1_removed	No
npartners	34
npartners_with_sites	28
nsites	100
//
motif	score	fg_matches	fg_size	bg_matches	bg_size	fold_increase
.S..Y[ST]P....	624.59	15	541	0	9999	Inf
...P.[ST]P.Y..	333.07	16	557	1	10000	287.25
.....[ST]D.E..	322.76	31	425	38	9383	18.01
.....[ST]P...R	313.68	20	526	35	9999	10.86
R.R..[ST].S...	28.92	11	394	3	9345	86.97
//
prot_id	prot_name	position	flank	kinase	source	string_score
ENSP00000357748	BCCIP	42	EDDDDSDKEKD		hprd;pelm;psite	720
ENSP00000227507	CCND1	286	VDLACTPTDVR	CHUK;GSK3B	hprd;pelm;psite	720
ENSP00000261254	CCND2	280	LDQASTPTDVR	GSK3B;MAPK14	psite	720
ENSP00000181839	CDK13	317	RRRSLSPLGGR		hprd;pelm;psite	730
ENSP00000181839	CDK13	325	GGRDDSPVSHR		hprd;pelm;psite	730
ENSP00000181839	CDK13	349	AGGGSSPYSRR		hprd;pelm;psite	730
ENSP00000181839	CDK13	360	LPRSPSPYSRR		hprd;psite	730
ENSP00000181839	CDK13	367	YSRRRSPSYSR		hprd;pelm;psite	730
ENSP00000181839	CDK13	369	RRRSPSYSRHS		pelm;psite	730
ENSP00000181839	CDK13	400	SRSPYSPVLRR		hprd;pelm;psite	730
ENSP00000181839	CDK13	413	KSRSRSPYSSR		psite	730
ENSP00000181839	CDK13	437	RSRHSSISPST	CHEK1	hprd;pelm;psite	730
ENSP00000181839	CDK13	1246	RILELTPEPDR		hprd;pelm;psite	730
ENSP00000299601	LEO1	29	GSDSDSDQENA		hprd;pelm;psite	406
ENSP00000299601	LEO1	140	SEKAHSDDEKW		hprd;psite	406
ENSP00000299601	LEO1	154	DKSDQSDDEKI		hprd;pelm;psite	406
ENSP00000299601	LEO1	162	EKIQNSDDEER		hprd;pelm;psite	406
ENSP00000299601	LEO1	188	EKMQNTDDEER		hprd;pelm;psite	406
ENSP00000299601	LEO1	197	ERPQLSDDERQ		hprd;pelm;psite	406
ENSP00000299601	LEO1	212	EEKANSDDERP		hprd;pelm;psite	406
ENSP00000299601	LEO1	229	DEKQNSDDEEQ		hprd;pelm;psite	406
ENSP00000299601	LEO1	238	EQPQLSDEEKM		hprd;pelm;psite	406
ENSP00000299601	LEO1	246	EKMQNSDDERP		psite	406
ENSP00000299601	LEO1	254	ERPQASDEEHR		psite	406
ENSP00000299601	LEO1	261	EEHRHSDDEEE		psite	406
ENSP00000299601	LEO1	277	ESARGSDSEDE		hprd;pelm;psite	406
ENSP00000299601	LEO1	294	KNAIASDSEAD		hprd;pelm;psite	406
ENSP00000299601	LEO1	300	DSEADSDTEVP		hprd;pelm;psite	406
ENSP00000299601	LEO1	630	AKKLTSDEEGE		hprd;pelm;psite	406
ENSP00000299601	LEO1	658	KKYVISDEEEE		hprd;pelm;psite	406
ENSP00000300651	MED1	1192	SKPNISPSHSR		hprd;psite	482
ENSP00000300651	MED1	1440	LISGSTPKHER		hprd;psite	482
ENSP00000300651	MED1	1457	KSPAYTPQNLD	MAPK1;MAPK3	pelm;psite	482
ENSP00000302111	MGMT	232	GATSGSPPAGR		hprd;pelm;psite	475
ENSP00000314949	POLR2A	1616	QSPSYSPTSPS	BRD4;CDK7;CDK9;PRKDC	pelm;psite	683
ENSP00000314949	POLR2A	1619	SYSPTSPSYSP	CDK7;CDK9;MAPK1;MAPK3	pelm;psite	683
ENSP00000314949	POLR2A	1812	SSPRYTPQSPT		psite	683
ENSP00000314949	POLR2A	1815	RYTPQSPTYTP		psite	683
ENSP00000314949	POLR2A	1819	QSPTYTPSSPS		psite	683
ENSP00000314949	POLR2A	1822	TYTPSSPSYSP		psite	683
ENSP00000314949	POLR2A	1829	SYSPSSPSYSP		psite	683
ENSP00000314949	POLR2A	1833	SSPSYSPASPK		psite	683
ENSP00000314949	POLR2A	1836	SYSPASPKYTP		psite	683
ENSP00000314949	POLR2A	1843	KYTPTSPSYSP		hprd;psite	683
ENSP00000314949	POLR2A	1847	TSPSYSPSSPE		hprd;pelm;psite	683
ENSP00000314949	POLR2A	1850	SYSPSSPEYTP		hprd;pelm;psite	683
ENSP00000314949	POLR2A	1854	SSPEYTPTSPK		psite	683
ENSP00000314949	POLR2A	1857	EYTPTSPKYSP		hprd;psite	683
ENSP00000314949	POLR2A	1861	TSPKYSPTSPK		hprd;psite	683
ENSP00000314949	POLR2A	1864	KYSPTSPKYSP		hprd;psite	683
ENSP00000314949	POLR2A	1868	TSPKYSPTSPK		hprd;psite	683
ENSP00000314949	POLR2A	1875	TSPKYSPTSPT		hprd;psite	683
ENSP00000314949	POLR2A	1878	KYSPTSPTYSP		hprd;pelm;psite	683
ENSP00000314949	POLR2A	1882	TSPTYSPTTPK	CDK2	hprd;psite	683
ENSP00000314949	POLR2A	1885	TYSPTTPKYSP	CDK2	hprd;pelm;psite	683
ENSP00000314949	POLR2A	1892	KYSPTSPTYSP		hprd;pelm;psite	683
ENSP00000314949	POLR2A	1896	TSPTYSPTSPV		hprd;pelm;psite	683
ENSP00000314949	POLR2A	1899	TYSPTSPVYTP		hprd;psite	683
ENSP00000314949	POLR2A	1903	TSPVYTPTSPK		hprd;psite	683
ENSP00000314949	POLR2A	1906	VYTPTSPKYSP		hprd;psite	683
ENSP00000314949	POLR2A	1910	TSPKYSPTSPT		psite	683
ENSP00000314949	POLR2A	1913	KYSPTSPTYSP		hprd;pelm;psite	683
ENSP00000314949	POLR2A	1917	TSPTYSPTSPK	CDK2	hprd;pelm;psite	683
ENSP00000314949	POLR2A	1920	TYSPTSPKYSP	CDK1	pelm;psite	683
ENSP00000314949	POLR2A	1931	TSPTYSPTSPK		pelm;psite	683
ENSP00000314949	POLR2A	1951	GYSPTSPTYSL		psite	683
ENSP00000262173	RNMT	77	SCGKDTPSKKR		psite	438
ENSP00000374280	RTF1	53	RVVIDSDTEDS		hprd;psite	424
ENSP00000374280	RTF1	313	TSEVYSDDEEE		hprd;psite	424
ENSP00000386759	SETD2	131	TAEESSPPKSR		hprd;pelm;psite	517
ENSP00000386759	SETD2	438	RYHRSSPYRER		psite	517
ENSP00000386759	SETD2	459	RARESSDSEEE		psite	517
ENSP00000386759	SETD2	1084	PMEETSPCSSR		hprd;psite	517
ENSP00000386759	SETD2	1207	LPIYSSDFEDV		psite	517
ENSP00000386759	SETD2	1413	RQEIESDSESD		hprd;pelm;psite	517
ENSP00000386759	SETD2	1417	ESDSESDGELQ		hprd;pelm;psite	517
ENSP00000386759	SETD2	1988	EEEGVSDVESE		hprd;pelm;psite	517
ENSP00000386759	SETD2	2056	TPAPKTPNRSR		psite	517
ENSP00000386759	SETD2	2080	RKRRSSLSPPS		hprd;pelm;psite	517
ENSP00000258962	SRSF1	199	VDGPRSPSYGR		hprd;pelm;psite	789
ENSP00000258962	SRSF1	209	RSRSRSRSRSR	SRPK1	psite	789
ENSP00000258962	SRSF1	211	RSRSRSRSRSR	SRPK1	psite	789
ENSP00000258962	SRSF1	213	RSRSRSRSRSR	SRPK1	psite	789
ENSP00000258962	SRSF1	215	RSRSRSRSRSN	SRPK1	psite	789
ENSP00000258962	SRSF1	217	RSRSRSRSNSR	SRPK1	psite	789
ENSP00000258962	SRSF1	219	RSRSRSNSRSR	SRPK1	psite	789
ENSP00000258962	SRSF1	221	RSRSNSRSRSY	SRPK1	psite	789
ENSP00000258962	SRSF1	227	RSRSYSPRRSR	SRPK1	hprd;psite	789
ENSP00000258962	SRSF1	238	GSPRYSPRHSR		hprd;pelm;psite	789
ENSP00000355013	CTR9	1072	GSEAGSPRRPR		hprd;pelm;psite	417
ENSP00000355013	CTR9	1097	RKRRPSGSEQS		hprd;psite	417
ENSP00000355013	CTR9	1102	SGSEQSDNESV		hprd;psite	417
ENSP00000355013	CTR9	1138	ESERGSDNEGS		hprd;pelm;psite	417
ENSP00000337446	STARD3	217	ESFAGSDNESD		hprd;psite	446
ENSP00000337446	STARD3	221	GSDNESDEEVA		hprd;psite	446
ENSP00000348273	MBP	299	DSRSGSPMARR	UHMK1	pelm	625
ENSP00000355013	CTR9	1130	SPSAESDHESE		hprd	417
ENSP00000295926	CCNL1	401	RSRTRSRSRSH		hprd	878
ENSP00000295926	CCNL1	403	RTRSRSRSHTP		hprd	878
ENSP00000299601	LEO1	325	DISSGSDGEDK		hprd	406
