name	CDK13
id	ENSP00000181839
type	Serine/threonine kinase
proline+1_removed	No
npartners	72
npartners_with_sites	54
nsites	150
//
motif	score	fg_matches	fg_size	bg_matches	bg_size	fold_increase
.....[ST]D.E..	322.21	31	522	37	9966	16
.RR..[ST].....	315.05	21	543	34	10000	11.37
.....[ST]P...R	22.51	20	491	34	9929	11.9
.....[ST]D.D..	18.59	16	471	19	9895	17.69
.....[ST]P....	9.11	57	401	550	9395	2.43
//
prot_id	prot_name	position	flank	kinase	source	string_score
ENSP00000225402	AATF	146	SHSAKTPGFSV		psite	544
ENSP00000225402	AATF	155	SVQSISDFEKF		hprd;pelm;psite	544
ENSP00000338072	AVPR2	255	GRRTGSPGEGA	PRKACA	psite	530
ENSP00000357748	BCCIP	42	EDDDDSDKEKD		hprd;pelm;psite	720
ENSP00000227507	CCND1	286	VDLACTPTDVR	CHUK;GSK3B	hprd;pelm;psite	720
ENSP00000261254	CCND2	280	LDQASTPTDVR	GSK3B;MAPK14	psite	720
ENSP00000362082	CCND3	264	SQTSSSPAPKA		hprd;pelm;psite	720
ENSP00000362082	CCND3	283	PSQTSTPTDVT	GSK3B;MAPK11;MAPK12;MAPK13	pelm;psite	720
ENSP00000374529	CCNK	324	QPKKPSPQPSS		hprd;pelm;psite	634
ENSP00000374529	CCNK	329	SPQPSSPRQVK		hprd;pelm;psite	634
ENSP00000374529	CCNK	340	RAVVVSPKEEN		hprd;psite	634
ENSP00000398880	CDK12	57	DMGLVTPEAAS		hprd;psite	730
ENSP00000398880	CDK12	78	YDDISSDSDTF		hprd;pelm;psite	730
ENSP00000398880	CDK12	215	YKTVDSPKRRS		hprd;pelm;psite	730
ENSP00000398880	CDK12	236	SKQDDSPSGAS		hprd;pelm;psite	730
ENSP00000398880	CDK12	249	QDYDLSPSRSH		hprd;pelm;psite	730
ENSP00000398880	CDK12	265	DSYKKSPGSTS		hprd;pelm;psite	730
ENSP00000398880	CDK12	276	RRQSVSPPYKE		hprd;pelm;psite	730
ENSP00000398880	CDK12	291	QSSTRSPSPYS		hprd;psite	730
ENSP00000398880	CDK12	293	STRSPSPYSRR		hprd;pelm;psite	730
ENSP00000398880	CDK12	301	SRRQRSVSPYS		hprd;pelm;psite	730
ENSP00000398880	CDK12	303	RQRSVSPYSRR		hprd;pelm;psite	730
ENSP00000398880	CDK12	311	SRRRSSSYERS		psite	730
ENSP00000398880	CDK12	312	RRRSSSYERSG		psite	730
ENSP00000398880	CDK12	323	SYSGRSPSPYG		hprd;pelm;psite	730
ENSP00000398880	CDK12	325	SGRSPSPYGRR		hprd;pelm;psite	730
ENSP00000398880	CDK12	333	GRRRSSSPFLS		hprd;pelm;psite	730
ENSP00000398880	CDK12	334	RRRSSSPFLSK		hprd;pelm;psite	730
ENSP00000398880	CDK12	345	RSLSRSPLPSR		hprd;pelm;psite	730
ENSP00000398880	CDK12	359	KSRSRSPAYSR		hprd;psite	730
ENSP00000398880	CDK12	385	RHSSISPVRLP	CDK12	hprd;pelm;psite	730
ENSP00000398880	CDK12	423	KESKGSPVFLP		hprd;pelm;psite	730
ENSP00000398880	CDK12	514	KEEIVTPKETE		hprd;psite	730
ENSP00000398880	CDK12	644	DDDMDSPKETL		psite	730
ENSP00000398880	CDK12	681	PGGDLSPPDSP	CDK12	hprd;pelm;psite	730
ENSP00000398880	CDK12	685	LSPPDSPEPKA	CDK12	hprd;pelm;psite	730
ENSP00000398880	CDK12	692	EPKAITPPQQP		hprd;pelm;psite	730
ENSP00000398880	CDK12	1083	PVKNSSPAPPQ		hprd;pelm;psite	730
ENSP00000398880	CDK12	1244	QGPRRTPTMPQ		hprd;psite	730
ENSP00000398880	CDK12	1246	PRRTPTMPQEE		hprd;psite	730
ENSP00000265741	CDK14	102	VRRHSSPSSPT		psite	761
ENSP00000265741	CDK14	105	HSSPSSPTSPK		psite	761
ENSP00000265741	CDK14	108	PSSPTSPKFGK		hprd;psite	761
ENSP00000257904	CDK4	172	YQMALTPVVVT	CDK7	hprd;pelm;psite	760
ENSP00000265734	CDK6	223	LFRGSSDVDQL		psite	760
ENSP00000250454	EAPP	17	AVEEPSDEEPA		hprd;pelm;psite	412
ENSP00000250454	EAPP	109	DIYFDSDSEDE		hprd;pelm;psite	412
ENSP00000263360	EED	55	TERPDTPTNTP		hprd;psite	428
ENSP00000262809	ELL	180	SRKRATPINLA		psite	424
ENSP00000262809	ELL	309	DPAASSPPGER	MTOR	hprd;pelm;psite	424
ENSP00000262809	ELL	442	SRPHGSPSRSK		hprd;pelm;psite	424
ENSP00000234590	ENO1	263	DLDFKSPDDPS		hprd;psite	425
ENSP00000234590	ENO1	272	PSRYISPDQLA		psite	425
ENSP00000248272	GAN	52	ILAAASPYIRT		psite	412
ENSP00000363779	IKBKAP	867	QGNAPSDPDAV		hprd;pelm;psite	428
ENSP00000334003	INTU	674	DSLTTSPILSR		hprd;psite	534
ENSP00000328236	KNTC1	1035	HKPGSTPEPIA		pelm;psite	430
ENSP00000328236	KNTC1	1045	AAEVRSPSMES		pelm;psite	430
ENSP00000299601	LEO1	10	EDLFGSDADSE		hprd;pelm;psite	416
ENSP00000299601	LEO1	29	GSDSDSDQENA		hprd;pelm;psite	416
ENSP00000299601	LEO1	140	SEKAHSDDEKW		hprd;psite	416
ENSP00000299601	LEO1	154	DKSDQSDDEKI		hprd;pelm;psite	416
ENSP00000299601	LEO1	162	EKIQNSDDEER		hprd;pelm;psite	416
ENSP00000299601	LEO1	171	ERAQGSDEDKL		hprd;pelm;psite	416
ENSP00000299601	LEO1	179	DKLQNSDDDEK		hprd;pelm;psite	416
ENSP00000299601	LEO1	188	EKMQNTDDEER		hprd;pelm;psite	416
ENSP00000299601	LEO1	197	ERPQLSDDERQ		hprd;pelm;psite	416
ENSP00000299601	LEO1	212	EEKANSDDERP		hprd;pelm;psite	416
ENSP00000299601	LEO1	220	ERPVASDNDDE		hprd;pelm;psite	416
ENSP00000299601	LEO1	229	DEKQNSDDEEQ		hprd;pelm;psite	416
ENSP00000299601	LEO1	238	EQPQLSDEEKM		hprd;pelm;psite	416
ENSP00000299601	LEO1	246	EKMQNSDDERP		psite	416
ENSP00000299601	LEO1	254	ERPQASDEEHR		psite	416
ENSP00000299601	LEO1	261	EEHRHSDDEEE		psite	416
ENSP00000299601	LEO1	277	ESARGSDSEDE		hprd;pelm;psite	416
ENSP00000299601	LEO1	294	KNAIASDSEAD		hprd;pelm;psite	416
ENSP00000299601	LEO1	300	DSEADSDTEVP		hprd;pelm;psite	416
ENSP00000299601	LEO1	608	ARIYSSDSDEG		hprd;pelm;psite	416
ENSP00000299601	LEO1	630	AKKLTSDEEGE		hprd;pelm;psite	416
ENSP00000299601	LEO1	658	KKYVISDEEEE		hprd;pelm;psite	416
ENSP00000358022	MCL1	64	GSAGASPPSTL	CDK1;CDK2;MAPK8	psite	540
ENSP00000358022	MCL1	92	PDVTATPARLL	CDK1;MAPK3	psite	540
ENSP00000358022	MCL1	121	ADAIMSPEEEL	MAPK8	hprd;pelm;psite	540
ENSP00000358022	MCL1	163	GSLPSTPPPAE	MAPK1;MAPK3;MAPK8	hprd;pelm;psite	540
ENSP00000368174	MCM8	90	VYSDSSPLIEK		psite	412
ENSP00000279242	MRPL49	135	PLLGKTPVTQV		hprd;psite	515
ENSP00000240922	NAA50	12	ELGDVTPHNIK		hprd;pelm;psite	425
ENSP00000245441	NIN	254	NGKSLTPSAST		psite	486
ENSP00000245441	NIN	259	TPSASTPYRQL		psite	486
ENSP00000245441	NIN	1145	RRHVLSDLEDD		psite	486
ENSP00000245441	NIN	2128	APLTSTPPLRS		psite	486
ENSP00000244741	CDKN1A	57	DFVTETPLEGD	GSK3B;MAPK1;MAPK14;MAPK8	hprd;pelm;psite	720
ENSP00000244741	CDKN1A	98	RRPGTSPALLQ	MAP3K5	pelm;psite	720
ENSP00000244741	CDKN1A	130	EQAEGSPGGPG	CDK2;CDK6;MAPK1;MAPK14;MAPK8	hprd;pelm;psite	720
ENSP00000244741	CDKN1A	146	KRRQTSMTDFY	AKT1;PIM1;PIM2;PRKCA	hprd;pelm;psite	720
ENSP00000262173	RNMT	77	SCGKDTPSKKR		psite	438
ENSP00000374280	RTF1	53	RVVIDSDTEDS		hprd;psite	424
ENSP00000374280	RTF1	313	TSEVYSDDEEE		hprd;psite	424
ENSP00000355013	CTR9	925	FVNDDTDDDLP		hprd;pelm;psite	417
ENSP00000355013	CTR9	941	KRRKGSGSEQE		hprd;pelm;psite	417
ENSP00000355013	CTR9	970	KGEEGSDDDET		hprd;pelm;psite	417
ENSP00000355013	CTR9	1021	SSDDSSDEDKL		hprd;pelm;psite	417
ENSP00000355013	CTR9	1041	NSNSNSDSDED		hprd;pelm;psite	417
ENSP00000355013	CTR9	1043	NSNSDSDEDEQ		hprd;pelm;psite	417
ENSP00000355013	CTR9	1072	GSEAGSPRRPR		hprd;pelm;psite	417
ENSP00000355013	CTR9	1081	PRRQRSDQDSD	CHEK1	hprd;psite	417
ENSP00000355013	CTR9	1085	RSDQDSDSDQP		hprd;psite	417
ENSP00000355013	CTR9	1102	SGSEQSDNESV		hprd;psite	417
ENSP00000355013	CTR9	1138	ESERGSDNEGS		hprd;pelm;psite	417
ENSP00000269886	SH3GL1	298	DKPIRTPSRSM		psite	542
ENSP00000348984	SON	283	SVESTSPEPSK		hprd;pelm;psite	412
ENSP00000348984	SON	910	MLGSKSPDPYR		hprd;pelm;psite	412
ENSP00000348984	SON	959	DPYRLTPDPYR		psite	412
ENSP00000348984	SON	1026	ERSMMSPMAER		psite	412
ENSP00000348984	SON	1051	ERSMMSPMAER		hprd;psite	412
ENSP00000348984	SON	1076	ERSMMSPMADR		hprd;psite	412
ENSP00000348984	SON	1556	CAAGTSPVGEI		hprd;pelm;psite	412
ENSP00000348984	SON	1697	LAALLSPKESS		hprd;pelm;psite	412
ENSP00000348984	SON	1769	DRSAASPVVSS		hprd;pelm;psite	412
ENSP00000348984	SON	1924	RARSRTPSRRS		hprd;pelm;psite	412
ENSP00000348984	SON	1931	SRRSRSHTPSR		psite	412
ENSP00000348984	SON	1933	RSRSHTPSRRR		psite	412
ENSP00000348984	SON	1940	SRRRRSRSVGR		psite	412
ENSP00000348984	SON	1942	RRRSRSVGRRR		psite	412
ENSP00000348984	SON	1950	RRRSFSISPSR		hprd;pelm;psite	412
ENSP00000348984	SON	1952	RSFSISPSRRS		hprd;pelm;psite	412
ENSP00000348984	SON	1959	SRRSRTPSRRS		psite	412
ENSP00000348984	SON	1966	SRRSRTPSRRS		psite	412
ENSP00000348984	SON	2001	SRRRRSRSVVR		hprd;psite	412
ENSP00000348984	SON	2003	RRRSRSVVRRR		hprd;psite	412
ENSP00000348984	SON	2011	RRRSFSISPVR		hprd;pelm;psite	412
ENSP00000348984	SON	2013	RSFSISPVRLR		hprd;pelm;psite	412
ENSP00000348984	SON	2022	LRRSRTPLRRR		hprd;psite	412
ENSP00000348984	SON	2029	LRRRFSRSPIR		hprd;pelm;psite	412
ENSP00000348984	SON	2031	RRFSRSPIRRK		hprd;pelm;psite	412
ENSP00000348984	SON	2051	SPKRLTDLDKA		psite	412
ENSP00000348984	SON	2129	NKPHVSDEEEE		hprd;pelm;psite	412
ENSP00000348984	SON	2163	AAAKPTPPKSQ		hprd;psite	412
ENSP00000332565	SULT4A1	8	ESEAETPSTPG		psite	467
ENSP00000332565	SULT4A1	11	AETPSTPGEFE	MAPK3	psite	467
ENSP00000365899	VSX1	22	LVPGGSPRGSR		psite	653
ENSP00000352673	ELF3	215	SDSGGSDVDLD		hprd;pelm	430
ENSP00000348308	MMP23B	106	PRNLLSPRETR		hprd	889
ENSP00000355013	CTR9	1130	SPSAESDHESE		hprd	417
ENSP00000374529	CCNK	9	NKENSSPSVTS		hprd	634
ENSP00000299601	LEO1	325	DISSGSDGEDK		hprd	416
ENSP00000299601	LEO1	333	EDKPPTPGQPV		hprd	416
ENSP00000225402	AATF	99	SDEEISDEEGS		hprd	544
ENSP00000225402	AATF	94	TLPGSSDEEIS		hprd	544
ENSP00000250454	EAPP	37	VLLHGTPDQKR		hprd	412
