name	CDK11A
id	ENSP00000384442
type	Serine/threonine kinase
proline+1_removed	No
npartners	42
npartners_with_sites	35
nsites	97
//
motif	score	fg_matches	fg_size	bg_matches	bg_size	fold_increase
R.RS.[ST]....R	637.3	11	425	0	10000	Inf
..R.R[ST].....	19.04	18	414	41	10000	10.6
.....[ST]P....	12.63	66	396	613	9959	2.71
//
prot_id	prot_name	position	flank	kinase	source	string_score
ENSP00000300161	YWHAB	186	YEILNSPEKAC	MAPK8	hprd;pelm;psite	619
ENSP00000311032	CASP3	150	GDRCRSLTGKP	MAPK14	pelm;psite	881
ENSP00000351273	CASP8	270	MTISDSPREQD		psite	676
ENSP00000351273	CASP8	446	EMDLSSPQTRY	CDK1	psite	676
ENSP00000362082	CCND3	264	SQTSSSPAPKA		hprd;pelm;psite	761
ENSP00000362082	CCND3	283	PSQTSTPTDVT	GSK3B;MAPK11;MAPK12;MAPK13	pelm;psite	761
ENSP00000295926	CCNL1	65	PEERLSPTPSM		hprd;pelm;psite	975
ENSP00000295926	CCNL1	67	ERLSPTPSMQD		pelm;psite	975
ENSP00000295926	CCNL1	325	LNPDGTPALST		hprd;pelm;psite	975
ENSP00000295926	CCNL1	335	TLGGFSPASKP		hprd;pelm;psite	975
ENSP00000295926	CCNL1	342	ASKPSSPREVK		hprd;pelm;psite	975
ENSP00000295926	CCNL1	352	KAEEKSPISIN		hprd;pelm;psite	975
ENSP00000295926	CCNL1	374	QQASKSPYNGV		hprd;psite	975
ENSP00000295926	CCNL1	419	NRRSRSGTYSS		psite	975
ENSP00000295926	CCNL1	445	HHNHGSPHLKA		hprd;psite	975
ENSP00000295926	CCNL1	502	DRRERSRSFER		psite	975
ENSP00000295926	CCNL1	504	RERSRSFERSH		psite	975
ENSP00000383611	CCNL2	330	GTSGFSPAPKL	DYRK1A	hprd;psite	943
ENSP00000383611	CCNL2	338	PKLVESPKEGK	DYRK1A	hprd;psite	943
ENSP00000383611	CCNL2	348	KGSKPSPLSVK		psite	943
ENSP00000383611	CCNL2	369	KAKADSPVNGL	DYRK1A	hprd;pelm;psite	943
ENSP00000383611	CCNL2	423	QSRSRSRSDSP		psite	943
ENSP00000383611	CCNL2	425	RSRSRSDSPPR		psite	943
ENSP00000383611	CCNL2	427	RSRSDSPPRQA		psite	943
ENSP00000383611	CCNL2	498	QRRERSRSYER		psite	943
ENSP00000383611	CCNL2	500	RERSRSYERTG		psite	943
ENSP00000310040	EIF3F	258	MKTCFSPNRVI		hprd;pelm;psite	975
ENSP00000227378	HSPA8	265	VRRLRTACERA		psite	628
ENSP00000302961	HSPA4	384	QCAILSPAFKV		hprd;psite	637
ENSP00000302961	HSPA4	408	SLRWNSPAEEG		psite	637
ENSP00000302961	HSPA4	538	EQQQQTPAENK		hprd;pelm;psite	637
ENSP00000302961	HSPA4	780	LTSTCSPIISK		hprd;psite	637
ENSP00000261245	MNAT1	51	CPECGTPLRKS		hprd;psite	402
ENSP00000261245	MNAT1	279	HVRAASPQDLA		hprd;psite	402
ENSP00000259021	KAT7	57	SSQDSSPVRNL	PLK1	hprd;pelm;psite	682
ENSP00000259021	KAT7	85	SQQQPTPVTPK	CDK1	hprd;pelm;psite	682
ENSP00000259021	KAT7	88	QPTPVTPKKYP	CDK1;CDK2	hprd;pelm;psite	682
ENSP00000259021	KAT7	124	ADHDESPPRTP		hprd;psite	682
ENSP00000259021	KAT7	128	ESPPRTPTGNA		hprd;psite	682
ENSP00000259021	KAT7	506	EEKVGSPERPL		hprd;pelm;psite	682
ENSP00000259021	KAT7	606	SCLKWTPPKGT		psite	682
ENSP00000278568	PAK1	185	DDDDATPPPVI		psite	892
ENSP00000278568	PAK1	212	EPLPVTPTRDV	CDK5;MAPK1	hprd;pelm;psite	892
ENSP00000278568	PAK1	220	RDVATSPISPT		hprd;pelm;psite	892
ENSP00000278568	PAK1	223	ATSPISPTENN		hprd;pelm;psite	892
ENSP00000278568	PAK1	230	TENNTTPPDAL		hprd;pelm;psite	892
ENSP00000278568	PAK1	427	STMVGTPYWMA		psite	892
ENSP00000414808	PPP1R11	106	ATLGPTPTTPP		hprd;pelm;psite	899
ENSP00000414808	PPP1R11	109	GPTPTTPPQPP		hprd;pelm;psite	899
ENSP00000315859	RNPS1	27	STRAPSPTKRK		hprd;pelm;psite	969
ENSP00000315859	RNPS1	125	SSGSPSPSRRR		psite	969
ENSP00000315859	RNPS1	141	RSRSKSKPPKR		hprd;psite	969
ENSP00000315859	RNPS1	155	ERKRRSPSPKP		hprd;pelm;psite	969
ENSP00000315859	RNPS1	157	KRRSPSPKPTK		hprd;pelm;psite	969
ENSP00000315859	RNPS1	251	PPRRFSPPRRM		hprd;pelm;psite	969
ENSP00000315859	RNPS1	266	PMWRRSPPRMR		pelm;psite	969
ENSP00000315859	RNPS1	281	SPRRRSPVRRR		hprd;pelm;psite	969
ENSP00000315859	RNPS1	287	PVRRRSRSPGR		hprd;pelm;psite	969
ENSP00000315859	RNPS1	289	RRRSRSPGRRR		hprd;pelm;psite	969
ENSP00000325905	SRSF7	157	GRRSRSASPRR		hprd;psite	959
ENSP00000325905	SRSF7	159	RSRSASPRRSR		hprd;psite	959
ENSP00000325905	SRSF7	165	PRRSRSISLRR		hprd;pelm;psite	959
ENSP00000325905	SRSF7	167	RSRSISLRRSR		hprd;pelm;psite	959
ENSP00000325905	SRSF7	173	LRRSRSASLRR		hprd;psite	959
ENSP00000325905	SRSF7	175	RSRSASLRRSR		hprd;pelm;psite	959
ENSP00000325905	SRSF7	181	LRRSRSGSIKG		hprd;psite	959
ENSP00000325905	SRSF7	183	RSRSGSIKGSR		hprd;pelm;psite	959
ENSP00000325905	SRSF7	192	SRYFQSPSRSR		hprd;pelm;psite	959
ENSP00000325905	SRSF7	198	PSRSRSRSRSI		psite	959
ENSP00000325905	SRSF7	200	RSRSRSRSISR		psite	959
ENSP00000325905	SRSF7	202	RSRSRSISRPR		hprd;psite	959
ENSP00000325905	SRSF7	215	RSKSRSPSPKR		hprd;psite	959
ENSP00000325905	SRSF7	217	KSRSPSPKRSR		hprd;psite	959
ENSP00000325905	SRSF7	223	PKRSRSPSGSP		psite	959
ENSP00000325905	SRSF7	225	RSRSPSGSPRR		hprd;pelm;psite	959
ENSP00000325905	SRSF7	227	RSPSGSPRRSA		hprd;pelm;psite	959
ENSP00000325905	SRSF7	233	PRRSASPERMD		hprd;pelm;psite	959
ENSP00000364543	SKIV2L	245	DTVSASPCSAP		hprd;pelm;psite	649
ENSP00000412310	SKIV2L	245	DTVSASPCSAP		hprd;pelm;psite	649
ENSP00000364543	SKIV2L	271	STAVSTPEAPE		psite	649
ENSP00000412310	SKIV2L	271	STAVSTPEAPE		psite	649
ENSP00000332973	SMAD3	8	SILPFTPPIVK	CDK2;CDK4	hprd;pelm;psite	425
ENSP00000332973	SMAD3	132	YQRVETPVLPP		psite	425
ENSP00000332973	SMAD3	179	SNIPETPPPGY	CDK2;CDK4;CDK8;CDK9;MAPK1	hprd;pelm;psite	425
ENSP00000332973	SMAD3	204	SMDAGSPNLSP	CDK4;MAPK1	hprd;pelm;psite	425
ENSP00000332973	SMAD3	208	GSPNLSPNPMS	CDK4;CDK8;CDK9;MAPK1;MAPK14	hprd;pelm;psite	425
ENSP00000332973	SMAD3	213	SPNPMSPAHNN	CDK2;CDK4;CDK8;CDK9;MAPK1;MAPK14	hprd;pelm;psite	425
ENSP00000332973	SMAD3	416	LTQMGSPSIRC		hprd;pelm;psite	425
ENSP00000405965	SUMO2	38	KIKRHTPLSKL		hprd;psite	589
ENSP00000343515	TCEA2	122	PRAPSTPRITT		psite	624
ENSP00000370571	TH	62	TPTPRSPRFIG	MAPK1;MAPK3	hprd;psite	619
ENSP00000229022	VDR	175	PNSRHTPSFSG		psite	621
ENSP00000348308	MMP23B	106	PRNLLSPRETR		hprd	770
ENSP00000227378	HSPA8	397	LLLDVTPLSLG		hprd	628
ENSP00000295926	CCNL1	401	RSRTRSRSRSH		hprd	975
ENSP00000295926	CCNL1	403	RTRSRSRSHTP		hprd	975
ENSP00000295926	CCNL1	405	RSRSRSHTPRR		hprd	975
