name	CDK16
id	ENSP00000405798
type	Serine/threonine kinase
proline+1_removed	No
npartners	60
npartners_with_sites	56
nsites	266
//
motif	score	fg_matches	fg_size	bg_matches	bg_size	fold_increase
.....[ST]P....	307.65	112	673	617	10000	2.7
..R..[ST].....	15.95	81	561	483	9383	2.8
.....[ST]..E..	6.09	61	480	585	8900	1.93
//
prot_id	prot_name	position	flank	kinase	source	string_score
ENSP00000264335	YWHAE	64	SWRIISSIEQK		hprd;psite	656
ENSP00000264335	YWHAE	208	IAELDTLSEES	PLK2;PLK3	psite	656
ENSP00000248975	YWHAH	59	GARRSSWRVIS		pelm;psite	866
ENSP00000306330	YWHAG	59	GARRSSWRVIS	LATS2	psite	678
ENSP00000306330	YWHAG	115	KNCSETQYESK		psite	678
ENSP00000238081	YWHAQ	232	LWTSDSAGEEC	BCR;CSNK1A1	hprd;pelm;psite	664
ENSP00000309503	YWHAZ	58	GARRSSWRVVS	AKT1;MAPKAPK2;PRKACA	hprd;pelm;psite	845
ENSP00000309503	YWHAZ	63	SWRVVSSIEQK		psite	845
ENSP00000309503	YWHAZ	184	YEILNSPEKAC	AKT1;MAPK8	hprd;pelm;psite	845
ENSP00000340691	EIF4EBP1	37	GDYSTTPGGTL	GSK3B;MAPK1;MTOR	hprd;pelm;psite	430
ENSP00000340691	EIF4EBP1	46	TLFSTTPGGTR	GSK3B;MAPK1;MTOR	hprd;pelm;psite	430
ENSP00000340691	EIF4EBP1	65	MECRNSPVTKT	DYRK2;MAPK1;MAPK3;MTOR	hprd;pelm;psite	430
ENSP00000340691	EIF4EBP1	70	SPVTKTPPRDL	CDK1;MAP3K8;MAPK1;MTOR	hprd;pelm;psite	430
ENSP00000340691	EIF4EBP1	83	IPGVTSPSSDE	MAPK1;MTOR	hprd;pelm;psite	430
ENSP00000340691	EIF4EBP1	85	GVTSPSSDEPP		hprd;pelm;psite	430
ENSP00000340691	EIF4EBP1	101	SHLRNSPEDKR	DYRK2;MTOR	hprd;pelm;psite	430
ENSP00000340691	EIF4EBP1	112	AGGEESQFEMD	ATM;CSNK2A1	hprd;pelm;psite	430
ENSP00000295897	ALB	107	ATLRETYGEMA		psite	409
ENSP00000295897	ALB	379	AKTYETTLEKC		psite	409
ENSP00000295897	ALB	444	VPQVSTPTLVE		psite	409
ENSP00000295897	ALB	446	QVSTPTLVEVS		psite	409
ENSP00000278616	ATM	373	QSYTTTQRESS		hprd;pelm;psite	461
ENSP00000278616	ATM	794	NCTKKSPNKIA	CDK5	psite	461
ENSP00000278616	ATM	1403	KTKLKSILEIL	AURKB	psite	461
ENSP00000278616	ATM	1878	CLRHFSQTSRS		psite	461
ENSP00000278616	ATM	1885	TSRSTTPANLD	ATM	psite	461
ENSP00000278616	ATM	1891	PANLDSESEHF		psite	461
ENSP00000278616	ATM	2996	CKRNLSDIDQS	ATM	hprd;psite	461
ENSP00000350283	BRCA1	114	KKENNSPEHLK		hprd;psite	705
ENSP00000350283	BRCA1	208	ELLQITPQGTR		psite	705
ENSP00000350283	BRCA1	454	SKSVESNIEDK		psite	705
ENSP00000350283	BRCA1	509	RKRRPTSGLHP	AKT1	hprd;pelm;psite	705
ENSP00000350283	BRCA1	510	KRRPTSGLHPE		psite	705
ENSP00000350283	BRCA1	551	MNITNSGHENK		psite	705
ENSP00000350283	BRCA1	615	RLRRKSSTRHI		psite	705
ENSP00000350283	BRCA1	616	LRRKSSTRHIH		psite	705
ENSP00000350283	BRCA1	632	VSRNLSPPNCT	CDK4	psite	705
ENSP00000350283	BRCA1	694	SKRHDSDTFPE	AKT1	hprd;psite	705
ENSP00000350283	BRCA1	1009	EEHSMSPEREM		hprd;psite	705
ENSP00000350283	BRCA1	1189	GELSRSPSPFT	ATM;CDK1	hprd;pelm;psite	705
ENSP00000350283	BRCA1	1191	LSRSPSPFTHT	CDK1	hprd;psite	705
ENSP00000350283	BRCA1	1211	AKKLESSEENL		hprd;pelm;psite	705
ENSP00000350283	BRCA1	1218	EENLSSEDEEL		hprd;pelm;psite	705
ENSP00000350283	BRCA1	1328	QMRHQSESQGV		hprd;psite	705
ENSP00000350283	BRCA1	1336	QGVGLSDKELV		hprd;pelm;psite	705
ENSP00000350283	BRCA1	1342	DKELVSDDEER		hprd;pelm;psite	705
ENSP00000350283	BRCA1	1497	GVERSSPSKCP	ATM;CDK1;CDK2	hprd;pelm;psite	705
ENSP00000350283	BRCA1	1524	NRNYPSQEELI	ATM;ATR	hprd;pelm;psite	705
ENSP00000350283	BRCA1	1613	AESAQSPAAAH	AKT1	hprd;psite	705
ENSP00000256925	CABLES1	168	ARGFASPLGAG		pelm;psite	428
ENSP00000256925	CABLES1	242	RGRLNSFTQGI		psite	428
ENSP00000256925	CABLES1	287	RRRLISQRSSL		psite	428
ENSP00000256925	CABLES1	290	LISQRSSLETL		hprd;psite	428
ENSP00000256925	CABLES1	309	LRRCRTLSGSP		hprd;psite	428
ENSP00000256925	CABLES1	311	RCRTLSGSPRP		hprd;psite	428
ENSP00000256925	CABLES1	313	RTLSGSPRPKN	CDK3	hprd;psite	428
ENSP00000256925	CABLES1	378	STGAVSLKEII		hprd;psite	428
ENSP00000256925	CABLES1	415	GARRNTIDSTS		hprd;pelm;psite	428
ENSP00000256925	CABLES1	429	QFRNLSHRSLS		psite	428
ENSP00000256925	CABLES1	434	SHRSLSIGRAS		hprd;psite	428
ENSP00000272298	CALM2	29	GDGTITTKELG		psite	534
ENSP00000291295	CALM3	29	GDGTITTKELG		psite	532
ENSP00000349467	CALM1	29	GDGTITTKELG		psite	532
ENSP00000272298	CALM2	80	RKMKDTDSEEE	CSNK2A1	pelm;psite	534
ENSP00000291295	CALM3	80	RKMKDTDSEEE	CSNK2A1	pelm;psite	532
ENSP00000349467	CALM1	80	RKMKDTDSEEE	CSNK2A1	pelm;psite	532
ENSP00000272298	CALM2	82	MKDTDSEEEIR		psite	534
ENSP00000291295	CALM3	82	MKDTDSEEEIR		psite	532
ENSP00000349467	CALM1	82	MKDTDSEEEIR		psite	532
ENSP00000272298	CALM2	102	GNGYISAAELR		hprd;pelm;psite	534
ENSP00000291295	CALM3	102	GNGYISAAELR		hprd;pelm;psite	532
ENSP00000349467	CALM1	102	GNGYISAAELR		hprd;pelm;psite	532
ENSP00000272298	CALM2	118	LGEKLTDEEVD		psite	534
ENSP00000291295	CALM3	118	LGEKLTDEEVD		psite	532
ENSP00000349467	CALM1	118	LGEKLTDEEVD		psite	532
ENSP00000311032	CASP3	150	GDRCRSLTGKP	MAPK14	pelm;psite	411
ENSP00000227507	CCND1	90	LDRFLSLEPVK	PRKACA	hprd;pelm;psite	513
ENSP00000227507	CCND1	234	LTRFLSRVIKC	PRKACA	hprd;pelm;psite	513
ENSP00000227507	CCND1	286	VDLACTPTDVR	CHUK;GSK3B	hprd;pelm;psite	513
ENSP00000256897	CCNH	132	GNLRESPLGQE		hprd;psite	412
ENSP00000256897	CCNH	307	YVSKKSKHEEE		hprd;psite	412
ENSP00000318486	CDK5R1	8	TVLSLSPSYRK	CDK5	pelm;psite	668
ENSP00000318486	CDK5R1	138	VTSAGTPKRVI	CDK5	pelm;psite	668
ENSP00000380921	SH3KBP1	165	DELGISQDEQL		psite	424
ENSP00000380921	SH3KBP1	179	SLRETTGSESD		psite	424
ENSP00000380921	SH3KBP1	230	KLRPRSIEVEN		hprd;pelm;psite	424
ENSP00000380921	SH3KBP1	254	PATTATPDSSK		hprd;pelm;psite	424
ENSP00000380921	SH3KBP1	436	HTRGDSPKIDL		hprd;pelm;psite	424
ENSP00000380921	SH3KBP1	503	SSSLSSPDIFD		psite	424
ENSP00000380921	SH3KBP1	509	PDIFDSPSPEE		hprd;pelm;psite	424
ENSP00000380921	SH3KBP1	511	IFDSPSPEEDK		hprd;pelm;psite	424
ENSP00000380921	SH3KBP1	572	SSAAPSPLSSS		psite	424
ENSP00000380921	SH3KBP1	587	GHRANSPSLFG		hprd;pelm;psite	424
ENSP00000246891	CSN1S1	41	PIPLESREEYM		hprd;pelm;psite	427
ENSP00000246891	CSN1S1	89	ESSISSSSEEM		hprd;psite	427
ENSP00000246891	CSN1S1	90	SSISSSSEEMS		hprd;pelm;psite	427
ENSP00000313420	PRKDC	687	YFEGVSPKSLK		psite	562
ENSP00000313420	PRKDC	841	KTKNLSSNEAI		psite	562
ENSP00000313420	PRKDC	875	LLTVTSSDEMM		psite	562
ENSP00000313420	PRKDC	1052	QQQEKSPVNTK		hprd;psite	562
ENSP00000313420	PRKDC	1065	FKRLYSLALHP		psite	562
ENSP00000313420	PRKDC	2598	DWRFRSTVLTP		hprd;psite	562
ENSP00000313420	PRKDC	2602	RSTVLTPMFVE		hprd;pelm;psite	562
ENSP00000313420	PRKDC	2671	LVDHTSPSSDS		hprd;pelm;psite	562
ENSP00000313420	PRKDC	3197	IEEKLTPLPED		psite	562
ENSP00000313420	PRKDC	3289	HCRSRSQGCSE		psite	562
ENSP00000313420	PRKDC	3820	LLNTMSQEEKA		psite	562
ENSP00000297494	NOS3	114	LQGRPSPGPPA	CDK5	psite	866
ENSP00000297494	NOS3	495	ITRKKTFKEVA	PRKACA;PRKCA;PRKG2	pelm;psite	866
ENSP00000297494	NOS3	615	KIRFNSISCSD	AKT1;PRKACA	pelm;psite	866
ENSP00000297494	NOS3	633	RKRKESSNTDS	PRKAA1;PRKACA;PRKG2	hprd;pelm;psite	866
ENSP00000297494	NOS3	1175	TSRIRTQSFSL		hprd;psite	866
ENSP00000297494	NOS3	1177	RIRTQSFSLQE	AKT1;PRKAA1;PRKACA;PRKG2	hprd;pelm;psite	866
ENSP00000297494	NOS3	1179	RTQSFSLQERQ		pelm;psite	866
ENSP00000306245	FOS	32	LSYYHSPADSF	MAPK7	psite	424
ENSP00000306245	FOS	232	LPEVATPESEE	MAPK1;MAPK3;MAPK7	hprd;pelm;psite	424
ENSP00000306245	FOS	325	LEPLCTPVVTC	MAPK1;MAPK3	hprd;pelm;psite	424
ENSP00000306245	FOS	331	PVVTCTPSCTA	MAPK1;MAPK3	hprd;pelm;psite	424
ENSP00000306245	FOS	362	AHRKGSSSNEP	PRKACA;RPS6KA1;RPS6KA3	hprd;pelm;psite	424
ENSP00000306245	FOS	374	SDSLSSPTLLA	MAPK1	hprd;pelm;psite	424
ENSP00000317904	GYS1	8	LNRTLSMSSLP	PRKACA	hprd;psite	419
ENSP00000317904	GYS1	641	YPRPASVPPSP	GSK3B	hprd;pelm;psite	419
ENSP00000317904	GYS1	645	ASVPPSPSLSR	GSK3B;MAPK11	hprd;pelm;psite	419
ENSP00000317904	GYS1	653	LSRHSSPHQSE	CSNK2A1;GSK3B;MAPK11	hprd;psite	419
ENSP00000317904	GYS1	657	SSPHQSEDEED		hprd;psite	419
ENSP00000317904	GYS1	698	WPRRASCTSST	CSNK2A1	hprd;psite	419
ENSP00000317904	GYS1	721	SSSLSTPSEPL	MAPK11	pelm;psite	419
ENSP00000317904	GYS1	727	PSEPLSPTSSL	MAPK11	hprd;pelm;psite	419
ENSP00000317904	GYS1	731	LSPTSSLGEER		hprd;pelm;psite	419
ENSP00000299421	ILK	181	RPRNGTLNKHS		psite	462
ENSP00000299421	ILK	246	RLRIFSHPNVL	PAK1	psite	462
ENSP00000304895	IRS1	268	EFRPRSKSQSS	IKBKB	hprd;pelm;psite	424
ENSP00000304895	IRS1	270	RPRSKSQSSSN	ATR;IKBKB;RPS6KB1	hprd;pelm;psite	424
ENSP00000304895	IRS1	303	GLTRRSRTESI		psite	424
ENSP00000304895	IRS1	305	TRRSRTESITA		psite	424
ENSP00000304895	IRS1	307	RSRTESITATS	IKBKB;PRKCD;RPS6KB1	hprd;pelm;psite	424
ENSP00000304895	IRS1	312	SITATSPASMV	IKBKB;MAPK8	hprd;pelm;psite	424
ENSP00000304895	IRS1	330	RVRASSDGEGT	CSNK2B	hprd;psite	424
ENSP00000304895	IRS1	341	MSRPASVDGSP	IKBKB	hprd;pelm;psite	424
ENSP00000304895	IRS1	348	DGSPVSPSTNR		pelm;psite	424
ENSP00000304895	IRS1	446	SFRSVTPDSLG		psite	424
ENSP00000304895	IRS1	453	DSLGHTPPARG		psite	424
ENSP00000304895	IRS1	495	NGHRCTPGTGL		psite	424
ENSP00000304895	IRS1	527	RKRTHSAGTSP	IKBKB;RPS6KB1	hprd;pelm;psite	424
ENSP00000304895	IRS1	531	HSAGTSPTITH	IKBKB	hprd;pelm;psite	424
ENSP00000304895	IRS1	603	HHRPDSSTLHT		psite	424
ENSP00000304895	IRS1	616	GYMPMSPGVAP	MAPK3	hprd;pelm;psite	424
ENSP00000304895	IRS1	629	SGRKGSGDYMP	AKT1	hprd;pelm;psite	424
ENSP00000304895	IRS1	636	DYMPMSPKSVS	MAPK1;RPS6KB1	hprd;pelm;psite	424
ENSP00000304895	IRS1	666	GYMMMSPSGGC		hprd;psite	424
ENSP00000304895	IRS1	672	PSGGCSPDIGG		psite	424
ENSP00000304895	IRS1	892	PPEPKSPGEYV		pelm;psite	424
ENSP00000304895	IRS1	1005	SYVDTSPAAPV		psite	424
ENSP00000304895	IRS1	1043	SAASASPTGPQ		psite	424
ENSP00000304895	IRS1	1078	TRVNLSPNRNQ		pelm;psite	424
ENSP00000304895	IRS1	1100	CRRRHSSETFS		hprd;psite	424
ENSP00000304895	IRS1	1101	RRRHSSETFSS	PRKCQ;RPS6KA1;RPS6KB1	hprd;pelm;psite	424
ENSP00000304895	IRS1	1107	ETFSSTPSATR		psite	424
ENSP00000304895	IRS1	1143	VKRHSSASFEN		hprd;psite	424
ENSP00000304895	IRS1	1223	STRRSSEDLSA		hprd;pelm;psite	424
ENSP00000360266	JUN	63	SDLLTSPDVGL	CDK3;MAPK15;MAPK8;MAPK9;PLK3;PRKD1;VRK1	hprd;pelm;psite	430
ENSP00000360266	JUN	73	LLKLASPELER	CDK3;MAPK15;MAPK8;MAPK9;PLK3;VRK1	hprd;pelm;psite	430
ENSP00000360266	JUN	91	GHITTTPTPTQ	MAPK8	pelm;psite	430
ENSP00000360266	JUN	93	ITTTPTPTQFL	MAPK8;PAK2	pelm;psite	430
ENSP00000360266	JUN	231	KEEPQTVPEMP	CSNK2A1	hprd;pelm;psite	430
ENSP00000360266	JUN	239	EMPGETPPLSP	GSK3A;GSK3B	hprd;pelm;psite	430
ENSP00000360266	JUN	243	ETPPLSPIDME	CSNK2A1;GSK3A;GSK3B	hprd;pelm;psite	430
ENSP00000348273	MBP	26	TNRGESEKKRN		psite	432
ENSP00000348273	MBP	40	LSRTTSEDNEV		psite	432
ENSP00000348273	MBP	96	LIRLFSRDAPG		hprd;pelm;psite	432
ENSP00000348273	MBP	146	SQRHGSKYLAT	PRKCA	hprd;psite	432
ENSP00000348273	MBP	232	IVTPRTPPPSQ	MAPK1;MAPK3	hprd;pelm;psite	432
ENSP00000354558	MTOR	567	AHQLASPGLTT		hprd;psite	609
ENSP00000354558	MTOR	1166	RTLDQSPELRS		hprd;psite	609
ENSP00000354558	MTOR	1821	KLRHASGANIT		psite	609
ENSP00000354558	MTOR	2444	NKRSRTRTDSY		hprd;psite	609
ENSP00000354558	MTOR	2446	RSRTRTDSYSA	AKT1;RPS6KB1	hprd;pelm;psite	609
ENSP00000354558	MTOR	2448	RTRTDSYSAGQ	AKT1;RPS6KB1	hprd;pelm;psite	609
ENSP00000354558	MTOR	2474	KKTGTTVPESI	MTOR	hprd;pelm;psite	609
ENSP00000381293	NSF	437	ETKNFSGAELE		psite	813
ENSP00000381293	NSF	569	FIKICSPDKMI		psite	813
ENSP00000263967	PIK3CA	312	YSRRISTATPY		psite	429
ENSP00000263967	PIK3CA	313	SRRISTATPYM		psite	429
ENSP00000366563	PIK3CD	520	LERRGSGELYE		psite	425
ENSP00000352121	PIK3CG	582	HFRYESLKHPK		psite	427
ENSP00000352121	PIK3CG	1024	ALRHHTNLLII		psite	427
ENSP00000349205	PIK3R4	894	PPRSESSAGIC		hprd;psite	412
ENSP00000349205	PIK3R4	1079	SKLPKSPKIHP		psite	412
ENSP00000349205	PIK3R4	1316	GPSDDTPRRGP		hprd;psite	412
ENSP00000309591	PRKACA	11	AAKKGSEQESV		hprd;psite	628
ENSP00000309591	PRKACA	49	FERIKTLGTGS		hprd;psite	628
ENSP00000309591	PRKACA	198	KGRTWTLCGTP	PRKACA	hprd;pelm;psite	628
ENSP00000309591	PRKACA	202	WTLCGTPEYLA		hprd;psite	628
ENSP00000309591	PRKACA	260	KVRFPSHFSSD		psite	628
ENSP00000309591	PRKACA	339	EEIRVSINEKC		hprd;pelm;psite	628
ENSP00000234313	PLEK	114	FARKSTRRSIR		hprd;pelm;psite	540
ENSP00000361021	PTEN	232	SNSGPTRREDK	ROCK1	pelm;psite	461
ENSP00000361021	PTEN	366	SSTSVTPDVSD	CSNK2A1;GSK3B;PLK3	hprd;pelm;psite	461
ENSP00000361021	PTEN	370	VTPDVSDNEPD	CSNK2A1;PLK3	hprd;pelm;psite	461
ENSP00000361021	PTEN	385	SDTTDSDPENE	AKT1;CSNK2A1	hprd;pelm;psite	461
ENSP00000348461	RAC1	127	HHCPNTPIILV		psite	428
ENSP00000348461	RAC1	71	RLRPLSYPQTV	AKT1	hprd;psite	428
ENSP00000366829	RBM10	60	HDYDDSSEEQS		hprd;pelm;psite	433
ENSP00000366829	RBM10	89	RRHRHSPTGPP		hprd;psite	433
ENSP00000366829	RBM10	531	SYTIMSPAVLK		psite	433
ENSP00000366829	RBM10	709	AERQHTSMDLP		psite	433
ENSP00000366829	RBM10	723	SDDRPSPPRGL		hprd;pelm;psite	433
ENSP00000366829	RBM10	736	AYSGESDSEEE		hprd;pelm;psite	433
ENSP00000366829	RBM10	738	SGESDSEEEQE		hprd;pelm;psite	433
ENSP00000366829	RBM10	797	RRAHLSENELE		hprd;pelm;psite	433
ENSP00000366829	RBM10	905	GARGSSYGVTS	SRC	psite	433
ENSP00000366829	RBM10	73	DSYEASPGSET		hprd;psite	433
ENSP00000366829	RBM10	166	LMRNKSSGQSR		psite	433
ENSP00000366829	RBM10	886	KQGIVTPIEAQ		hprd;psite	433
ENSP00000369757	RPS6	181	IQRLVTPRVLQ		psite	412
ENSP00000369757	RPS6	235	KRRRLSSLRAS	PAK2;PRKCD;RPS6KA1;RPS6KA3;RPS6KB1	hprd;pelm;psite	412
ENSP00000369757	RPS6	236	RRRLSSLRAST	PAK2;PRKCD;RPS6KA1;RPS6KA3;RPS6KB1	hprd;pelm;psite	412
ENSP00000369757	RPS6	241	SLRASTSKSES		hprd;pelm;psite	412
ENSP00000369757	RPS6	242	LRASTSKSESS	PAK2	hprd;pelm;psite	412
ENSP00000306881	SEC23A	308	GDELKTPIRSW		hprd;pelm;psite	619
ENSP00000306881	SEC23A	588	HLRRSSFLQVF		psite	619
ENSP00000280551	SEC24D	266	PDSIPSPIQVI		psite	619
ENSP00000313681	SPHK1	311	SKTPASPVVVQ	MAPK1;MAPK3	psite	404
ENSP00000365877	SUV39H1	391	AGLPGSPKKRV		hprd;pelm;psite	421
ENSP00000351614	SYN3	455	PQRSGSPSQQR		psite	402
ENSP00000351614	SYN3	462	SQQRLSPQGQQ		psite	402
ENSP00000351614	SYN3	470	GQQPLSPQSGS	CDK1;MAPK3	hprd;pelm;psite	402
ENSP00000351614	SYN3	475	SPQSGSPQQQR		psite	402
ENSP00000351614	SYN3	484	QRSPGSPQLSR		psite	402
ENSP00000347444	TDRD7	319	EKVPLSPLPGP		hprd;psite	915
ENSP00000347444	TDRD7	327	PGPKQTPPLKG		psite	915
ENSP00000347444	TDRD7	859	SSGADSPNSKN		psite	915
ENSP00000388107	UBA52	57	DGRTLSDYNIQ		hprd;psite	430
ENSP00000338413	UBA1	13	KKRRVSGPDPK		hprd;pelm;psite	548
ENSP00000338413	UBA1	24	PGSNCSPAQSV		hprd;pelm;psite	548
ENSP00000338413	UBA1	309	KSLVASLAEPD		hprd;psite	548
ENSP00000338413	UBA1	800	QVPEFTPKSGV		hprd;pelm;psite	548
ENSP00000338413	UBA1	810	VKIHVSDQELQ		hprd;psite	548
ENSP00000338413	UBA1	835	KATLPSPDKLP	CDK1	hprd;pelm;psite	548
ENSP00000342381	VRK2	336	SINVHTPNSQK		hprd;psite	462
ENSP00000342381	VRK2	438	HQDFTSPDIFK		hprd;pelm;psite	462
ENSP00000342381	VRK2	447	FKKSRSPSWYK		psite	462
ENSP00000342381	VRK2	449	KSRSPSWYKYT		psite	462
ENSP00000314709	ZHX2	37	EKGIGTPQPDV		hprd;psite	500
ENSP00000314709	ZHX2	207	KPEEITPENHV		psite	500
ENSP00000314709	ZHX2	411	KRPLVTPQAAP		psite	500
ENSP00000314709	ZHX2	439	ANPPLTPASDR		psite	500
ENSP00000314709	ZHX2	713	VARKATKPMAE		psite	500
ENSP00000314709	ZHX2	719	KPMAESPKNGG		psite	500
ENSP00000348273	MBP	299	DSRSGSPMARR	UHMK1	pelm	432
ENSP00000304895	IRS1	345	ASVDGSPVSPS	IKBKB	hprd;pelm	424
ENSP00000313420	PRKDC	2791	HSSLITPLQAV		hprd;pelm	562
ENSP00000350283	BRCA1	967	ETGLITPNKHG	CDK2	hprd	705
ENSP00000350283	BRCA1	1164	IKEDTSFAEND		hprd	705
ENSP00000238081	YWHAQ	110	LIANATNPESK		hprd	664
ENSP00000304895	IRS1	736	DYMNMSPVGDS		hprd	424
ENSP00000304895	IRS1	88	LVALYTRDEHF	CSNK2B	hprd	424
ENSP00000304895	IRS1	99	AIAADSEAEQD	CSNK2B	hprd	424
ENSP00000348273	MBP	229	FKNIVTPRTPP		hprd	432
ENSP00000313420	PRKDC	3364	LELSGSSSEDS		hprd	562
ENSP00000313420	PRKDC	1351	TLLNTSPEGWK		hprd	562
ENSP00000354558	MTOR	1847	ASTEGSNSESE		hprd	609
ENSP00000354558	MTOR	1849	TEGSNSESEAE		hprd	609
ENSP00000309503	YWHAZ	205	IAELDTLSEES		hprd	845
ENSP00000264335	YWHAE	38	MDVELTVEERN		hprd	656
ENSP00000278616	ATM	1993	SLSEKSKEETG		hprd	461
