name	CDK2
id	ENSP00000266970
type	Serine/threonine kinase
proline+1_removed	No
npartners	504
npartners_with_sites	434
nsites	74
//
motif	score	fg_matches	fg_size	bg_matches	bg_size	fold_increase
.....[ST]PKK..	922.96	21	5489	0	10000	Inf
P....[ST]P.K..	922.96	15	5468	0	10000	Inf
..T..[ST]P.K..	922.96	13	5453	0	10000	Inf
..G..[ST]P.K..	922.96	11	5440	0	10000	Inf
.....[ST]P..KK	922.96	14	5429	0	10000	Inf
//
prot_id	prot_name	position	flank	kinase	source	string_score
ENSP00000361423	ABL1	632	KKTAPTPPKRS		hprd;psite	907
ENSP00000265748	ANLN	65	SCTKPSPSKKR		psite	447
ENSP00000265748	ANLN	323	PKTPISPLKTG		hprd;pelm;psite	447
ENSP00000265748	ANLN	518	EMTKSSPLKIT		hprd;pelm;psite	447
ENSP00000351416	ANKRD17	2067	DCGSASPNKVA		hprd;pelm;psite	806
ENSP00000278616	ATM	794	NCTKKSPNKIA	CDK5	psite	992
ENSP00000260947	BARD1	148	IKMWFSPRSKK	CDK1;CDK2	hprd;pelm;psite	918
ENSP00000347232	BLM	125	CTTQNTPTVKK		hprd;psite	922
ENSP00000309181	CCNE2	392	NGGIMTPPKST		hprd;pelm;psite	999
ENSP00000308450	CDC20	106	PENSQTPTKKE		pelm;psite	762
ENSP00000209728	CDC6	106	QLTIKSPSKRE	CDK2	hprd;pelm;psite	999
ENSP00000181839	CDK13	664	DDLSKSPEEKK		hprd;pelm;psite	759
ENSP00000216756	CINP	10	TLGTVTPRKPV		hprd;psite	865
ENSP00000240316	COIL	184	EAKRKSPKKKE	CDK2	hprd;pelm;psite	687
ENSP00000240316	COIL	456	QNPVETPKKDY		hprd;pelm;psite	687
ENSP00000265728	DBF4	345	EYEKDTPKKKR		psite	958
ENSP00000263209	DGCR8	377	PSGDVSPVKPL		hprd;pelm;psite	550
ENSP00000247191	DLGAP5	344	PSYTWTPLKTE	CDK2	hprd;pelm;psite	535
ENSP00000398124	E2F5	261	SLTPVTPQKSS		psite	959
ENSP00000232458	ECT2	328	YEKANTPELKK	PRKCI	hprd;pelm;psite	502
ENSP00000269214	ESCO1	200	NEVINSPKGKK		hprd;pelm;psite	499
ENSP00000320147	EZH2	492	AEDVDTPPRKK	CDK1	hprd;pelm;psite	753
ENSP00000281708	FBXW7	349	PGFIHSPWKSA	PLK2	psite	430
ENSP00000414109	HJURP	140	PAVPQSPLKNE		hprd;pelm;psite	407
ENSP00000342307	FOXM1	548	SSQSPTPRPKK	CDK4;CDK6	psite	961
ENSP00000330074	HIST1H1B	18	APVEKSPAKKK		hprd;pelm;psite	999
ENSP00000330074	HIST1H1B	138	KPAGATPKKAK		hprd;pelm;psite	999
ENSP00000330074	HIST1H1B	155	KAVKKTPKKAK		hprd;psite	999
ENSP00000330074	HIST1H1B	173	KKVAKSPKKAK		pelm;psite	999
ENSP00000244534	HIST1H1D	18	APAEKTPVKKK		hprd;pelm;psite	642
ENSP00000244534	HIST1H1D	147	VAGAATPKKSI		hprd;psite	642
ENSP00000244534	HIST1H1D	180	AKKVKTPQPKK		hprd;pelm;psite	642
ENSP00000344504	H1F0	119	IKKVATPKKAS		psite	996
ENSP00000244573	HIST1H1A	152	KKSVKTPKKAK	CDK2	psite	999
ENSP00000263208	HIRA	555	PSVLTTPSKIE	CDK2	hprd;pelm;psite	633
ENSP00000357643	MKI67	694	QRRPATPKKPV		psite	574
ENSP00000260363	KIF23	738	IPTYNTPLKVT		hprd;pelm;psite	758
ENSP00000367787	LIG3	191	SKAAGTPKKKA	CDK1;CDK2	psite	828
ENSP00000367787	LIG3	913	LATKSSPVKVG	CDK1;CDK2	hprd;psite	828
ENSP00000357624	MARCKS	150	SPSNETPKKKK	CDK2	hprd;pelm;psite	648
ENSP00000298048	MELK	466	PNRYTTPSKAR		psite	516
ENSP00000309871	RACGAP1	342	PTLIGTPVKIG		hprd;pelm;psite	641
ENSP00000268712	NCOR1	1196	PIEDSSPEKGR		hprd;psite	844
ENSP00000278612	NPAT	1350	RTTSATPLKDN	CDK2	psite	951
ENSP00000234296	ORC2	226	PVGKETPSKRM	CDK2	hprd;psite	997
ENSP00000228872	CDKN1B	187	GSVEQTPKKPG	CDK2;CDK6;MAPK1;MAPK3	hprd;pelm;psite	999
ENSP00000269305	TP53	315	NNTSSSPQPKK	AURKA;CDK1;CDK2;CDK9	hprd;pelm;psite	999
ENSP00000215071	PSMD8	295	ILFFNTPKKMT		psite	921
ENSP00000379213	PTHLH	121	EQPLKTPGKKK	CDK2	psite	674
ENSP00000311857	PTPN2	304	PAFDHSPNKIM	CDK1;CDK2	hprd;pelm;psite	626
ENSP00000228843	RAD51AP1	66	PVQEKTPKKRL		hprd;pelm;psite	411
ENSP00000228843	RAD51AP1	241	EVKVKSPVEKK		hprd;psite	411
ENSP00000361043	RAD54L	31	QPGLVTPRKRK		psite	479
ENSP00000267163	RB1	356	FETQRTPRKSN	CDK2;CDK4	hprd;pelm;psite	999
ENSP00000267163	RB1	612	LSPVRSPKKKG	CDK2;CDK4;CDK6;CHEK1;CHEK2	hprd;pelm;psite	999
ENSP00000267163	RB1	788	PHIPRSPYKFP	CDK4;CDK6	hprd;psite	999
ENSP00000267163	RB1	821	SEGLPTPTKMT	CDK2;CDK6	hprd;pelm;psite	999
ENSP00000262133	RBL2	1097	IRTGETPTKKR	CDK2	hprd;pelm;psite	997
ENSP00000262133	RBL2	1112	EDGSESPAKRI	CDK2	hprd;pelm;psite	997
ENSP00000347602	ARID4A	864	ILGQSSPEKKI	CDK2	hprd;psite	621
ENSP00000351697	REV3L	1041	PIYPLTPKKSH		psite	593
ENSP00000369411	RFC3	76	HQTITTPSKKK		psite	715
ENSP00000344936	PTTG1	165	QLGPPSPVKMP	CDK1	hprd;pelm;psite	518
ENSP00000335321	SF3B1	211	QTPGATPKKLS	CDK2	hprd;pelm;psite	800
ENSP00000361707	TCEAL1	28	PPVEHSPEKQS		hprd;psite	619
ENSP00000268138	TICRR	1105	PAAYQTPKKSH		psite	463
ENSP00000268138	TICRR	1307	SSPPVTPKKLF		hprd;psite	463
ENSP00000302640	UBTF	389	KKQATSPASKK	CDK2	hprd;pelm;psite	692
ENSP00000402084	WEE1	123	GFGSSSPVKSP	CDK1	hprd;pelm;psite	971
ENSP00000217026	MYBL2	577	PGLRRSPIKKV	CDK2	hprd;pelm	920
ENSP00000350283	BRCA1	967	ETGLITPNKHG	CDK2	hprd	997
ENSP00000244534	HIST1H1D	155	KSIKKTPKKVK		hprd	642
ENSP00000234420	MSH6	292	SEGLNSPVKVA		hprd	405
ENSP00000312995	CLSPN	75	EDTNASPEKTT		hprd	935
