name	CDK20
id	ENSP00000322343
type	Serine/threonine kinase
proline+1_removed	No
npartners	17
npartners_with_sites	16
nsites	47
//
motif	score	fg_matches	fg_size	bg_matches	bg_size	fold_increase
.....[ST]P....	15.26	47	195	617	10000	3.91
//
prot_id	prot_name	position	flank	kinase	source	string_score
ENSP00000264033	CBL	452	AEGAPSPNYDD		hprd;pelm;psite	430
ENSP00000264033	CBL	483	VERPPSPFSMA		hprd;psite	430
ENSP00000264033	CBL	568	RPLPCTPGDCP		psite	430
ENSP00000264033	CBL	702	DTEYMTPSSRP		psite	430
ENSP00000264033	CBL	900	FVSISSPAHVA		hprd;pelm;psite	430
ENSP00000227507	CCND1	286	VDLACTPTDVR	CHUK;GSK3B	hprd;pelm;psite	834
ENSP00000256897	CCNH	132	GNLRESPLGQE		hprd;psite	773
ENSP00000300574	CRK	43	RDSSTSPGDYV		psite	659
ENSP00000300574	CRK	74	PPVPPSPAQPP		hprd;pelm;psite	659
ENSP00000300574	CRK	83	PPPGVSPSRLR		hprd;pelm;psite	659
ENSP00000300574	CRK	228	QPSVNTPLPNL		psite	659
ENSP00000346300	CRKL	107	APRYPSPPMGS		hprd;psite	647
ENSP00000346300	CRKL	214	QPQTTTPLPAV		psite	647
ENSP00000346300	CRKL	222	PAVSGSPGAAI		hprd;psite	647
ENSP00000346300	CRKL	228	PGAAITPLPST		psite	647
ENSP00000381793	GRB10	104	IQPQVSPRQRV		hprd;pelm;psite	430
ENSP00000381793	GRB10	150	LCGPGSPPVLT	MAPK1;MAPK3	hprd;pelm;psite	430
ENSP00000381793	GRB10	155	SPPVLTPGSLP	MTOR	psite	430
ENSP00000381793	GRB10	418	RKALLSPFSTP	MAPK1	hprd;pelm;psite	430
ENSP00000381793	GRB10	422	LSPFSTPVRSV		hprd;pelm;psite	430
ENSP00000381793	GRB10	476	ILGSQSPLHPS	MAPK1;MAPK3;MTOR	hprd;pelm;psite	430
ENSP00000339007	GRB2	211	PRNYVTPVNRN		hprd;pelm;psite	526
ENSP00000265755	GTF2IRD1	448	KLEPASPPEDT		hprd;pelm;psite	632
ENSP00000162330	BCAR1	134	QVPGPSPQFQS		hprd;pelm;psite	462
ENSP00000162330	BCAR1	139	SPQFQSPPAKQ		hprd;pelm;psite	462
ENSP00000162330	BCAR1	269	QEVYDTPPMAV		hprd;pelm;psite	462
ENSP00000162330	BCAR1	355	APPPDSPPAED		psite	462
ENSP00000162330	BCAR1	639	SRPLPSPPKFT		hprd;pelm;psite	462
ENSP00000228307	PXN	29	FLSEETPYSYP		psite	516
ENSP00000228307	PXN	85	QPQSSSPVYGS	CDK5;MAPK14	hprd;pelm;psite	516
ENSP00000228307	PXN	106	QDSVGSPCSRV		hprd;pelm;psite	516
ENSP00000228307	PXN	130	KSAEPSPTVMS	MAPK1;MAPK3	hprd;pelm;psite	516
ENSP00000228307	PXN	178	LPGALSPLYGV	MAPK8	hprd;psite	516
ENSP00000228307	PXN	244	QGEMSSPQRVT		hprd;psite	516
ENSP00000228307	PXN	303	DGGRSSPGGQD		pelm;psite	516
ENSP00000228307	PXN	322	KTGSSSPPGGP		hprd;pelm;psite	516
ENSP00000228307	PXN	414	YHNLFSPRCYY		hprd;psite	516
ENSP00000361264	RAPGEF1	235	RPSPTSPVKPS		psite	563
ENSP00000361264	RAPGEF1	299	RVVDNSPPPAL		psite	563
ENSP00000361264	RAPGEF1	314	RQSAPSPTRVA		psite	563
ENSP00000361264	RAPGEF1	363	SYGGESPRLSP		psite	563
ENSP00000361264	RAPGEF1	367	ESPRLSPCSSI		psite	563
ENSP00000361264	RAPGEF1	670	ERAPKSPDALE		psite	563
ENSP00000365025	CSNK2B	209	ASNFKSPVKTI	CDK1	hprd;pelm	621
ENSP00000228307	PXN	188	VPETNSPLGGK		hprd	516
ENSP00000228307	PXN	170	DEANSSPPLPG		hprd	516
ENSP00000228307	PXN	230	ESSVPSPVPAI		hprd	516
