name	CDK3
id	ENSP00000400088
type	Serine/threonine kinase
proline+1_removed	No
npartners	104
npartners_with_sites	92
nsites	374
//
motif	score	fg_matches	fg_size	bg_matches	bg_size	fold_increase
.....[ST]P.K..	317.31	34	1098	22	10000	14.08
..RR.[ST].....	314.03	17	830	18	9383	10.68
.....[ST]P....	307.65	234	1064	595	9978	3.69
..R..[ST].....	11.23	89	813	465	9365	2.2
//
prot_id	prot_name	position	flank	kinase	source	string_score
ENSP00000386741	CHN1	186	EKRLTSLVRRA		psite	416
ENSP00000386741	CHN1	192	LVRRATLKENE		psite	416
ENSP00000222792	CHN2	171	VSRRLSRSKNE	PRKCD	psite	416
ENSP00000263382	ASF1B	179	LPLNCTPIKGL		hprd;psite	452
ENSP00000262053	ATF1	63	LARRPSYRKIL	CAMK2G;CDK3;RPS6KA5	hprd;pelm;psite	804
ENSP00000262053	ATF1	198	TVVMTSPVTLT		hprd;pelm;psite	804
ENSP00000309103	BAD	25	RGLGPSPAGDG		hprd;psite	527
ENSP00000309103	BAD	75	RSRHSSYPAGT	ARAF;BRAF;PAK1;PIM3;PRKACA;PRKCE;PRKCI;PRKCQ;PRKD1;RAF1;RPS6KA1;RPS6KA3	hprd;pelm;psite	527
ENSP00000309103	BAD	91	MGEEPSPFRGR	CDK1	psite	527
ENSP00000309103	BAD	97	PFRGRSRSAPP		psite	527
ENSP00000309103	BAD	99	RGRSRSAPPNL	AKT1;ARAF;BRAF;PAK1;PRKACA;PRKCE;PRKCI;PRKCQ;PRKD1;RAF1;RPS6KA3	hprd;pelm;psite	527
ENSP00000309103	BAD	118	ELRRMSDEFVD	ARAF;BRAF;PAK1;PRKACA;PRKCE;PRKCI;PRKD1;RAF1;RPS6KA1	hprd;pelm;psite	527
ENSP00000309103	BAD	134	LPRPKSAGTAT		hprd;psite	527
ENSP00000316121	CDCA8	106	AEAIQTPLKSA		hprd;pelm;psite	672
ENSP00000316121	CDCA8	154	KKRTQSIQGKG	AURKB	hprd;psite	672
ENSP00000316121	CDCA8	169	SSRANTVTPAV	TTK	hprd;pelm;psite	672
ENSP00000316121	CDCA8	171	RANTVTPAVGR		hprd;psite	672
ENSP00000316121	CDCA8	185	SMVKPTPGLTP		pelm;psite	672
ENSP00000316121	CDCA8	189	PTPGLTPRFDS		hprd;pelm;psite	672
ENSP00000316121	CDCA8	194	TPRFDSRVFKT		hprd;psite	672
ENSP00000316121	CDCA8	199	SRVFKTPGLRT		hprd;psite	672
ENSP00000316121	CDCA8	204	TPGLRTPAAGE		hprd;pelm;psite	672
ENSP00000316121	CDCA8	219	ISGNGSPLADS	AURKB	hprd;pelm;psite	672
ENSP00000302530	BUB1	375	SAALVSPATSQ		hprd;psite	494
ENSP00000302530	BUB1	452	GMVQATPSKVQ		hprd;pelm;psite	494
ENSP00000302530	BUB1	563	VSRLPSKPKEE		hprd;psite	494
ENSP00000302530	BUB1	593	KTLAPSPKSPG	CDK1	hprd;pelm;psite	494
ENSP00000302530	BUB1	596	APSPKSPGDFT		hprd;pelm;psite	494
ENSP00000302530	BUB1	609	AQLASTPFHKL	CDK1	hprd;psite	494
ENSP00000302530	BUB1	655	RDGKFSPIQEK		hprd;pelm;psite	494
ENSP00000302530	BUB1	661	PIQEKSPKQAL		hprd;pelm;psite	494
ENSP00000357858	BUB3	127	LWDPRTPCNAG		psite	477
ENSP00000357858	BUB3	211	EYLDPSPEVQK		hprd;pelm;psite	477
ENSP00000287598	BUB1B	39	QGRIMSTLQGA		psite	461
ENSP00000287598	BUB1B	384	LQRVQSHQQAS		psite	461
ENSP00000287598	BUB1B	543	EKKNKSPPADP	CDK1;TTK	hprd;pelm;psite	461
ENSP00000287598	BUB1B	574	SNEDVSPDVCD		pelm;psite	461
ENSP00000287598	BUB1B	600	GFRNVTICPNP		psite	461
ENSP00000287598	BUB1B	620	ARFVSTPFHEI		pelm;psite	461
ENSP00000287598	BUB1B	670	SIKKLSPIIED	CDK1;TTK	hprd;pelm;psite	461
ENSP00000287598	BUB1B	680	DSREATHSSGF	PLK1	psite	461
ENSP00000287598	BUB1B	720	ENPTQSPWCSQ		pelm;psite	461
ENSP00000287598	BUB1B	884	VHGDLSPRCLI		psite	461
ENSP00000287598	BUB1B	1043	VGKLTSPGALL	CDK1;TTK	hprd;pelm;psite	461
ENSP00000256925	CABLES1	168	ARGFASPLGAG		pelm;psite	868
ENSP00000256925	CABLES1	242	RGRLNSFTQGI		psite	868
ENSP00000256925	CABLES1	287	RRRLISQRSSL		psite	868
ENSP00000256925	CABLES1	309	LRRCRTLSGSP		hprd;psite	868
ENSP00000256925	CABLES1	311	RCRTLSGSPRP		hprd;psite	868
ENSP00000256925	CABLES1	313	RTLSGSPRPKN	CDK3	hprd;psite	868
ENSP00000256925	CABLES1	415	GARRNTIDSTS		hprd;pelm;psite	868
ENSP00000256925	CABLES1	429	QFRNLSHRSLS		psite	868
ENSP00000256925	CABLES1	434	SHRSLSIGRAS		hprd;psite	868
ENSP00000279101	CABLES2	97	GLPARTPAPQG		psite	619
ENSP00000279101	CABLES2	105	PQGLLSPTQVP		hprd;psite	619
ENSP00000279101	CABLES2	208	DLRVDSQKQRH		hprd;psite	619
ENSP00000279101	CABLES2	265	HGLLPTPRPSV		psite	619
ENSP00000274026	CCNA2	154	DGSFESPHTMD	CDK2	psite	845
ENSP00000256442	CCNB1	116	KEEKLSPEPIL		pelm;psite	643
ENSP00000256442	CCNB1	126	LVDTASPSPME	CDK1;MAPK1;PLK1	hprd;pelm;psite	643
ENSP00000256442	CCNB1	128	DTASPSPMETS	CDK1;MAPK1;PLK1	hprd;pelm;psite	643
ENSP00000288207	CCNB2	8	LLRRPTVSSDL		psite	549
ENSP00000288207	CCNB2	92	APKGPSPTPED		hprd;pelm;psite	549
ENSP00000288207	CCNB2	94	KGPSPTPEDVS		hprd;pelm;psite	549
ENSP00000288207	CCNB2	392	VKDLASPLIGR		hprd;psite	549
ENSP00000227507	CCND1	90	LDRFLSLEPVK	PRKACA	hprd;pelm;psite	518
ENSP00000227507	CCND1	234	LTRFLSRVIKC	PRKACA	hprd;pelm;psite	518
ENSP00000227507	CCND1	286	VDLACTPTDVR	CHUK;GSK3B	hprd;pelm;psite	518
ENSP00000261254	CCND2	269	DQRDGSKSEDE		psite	475
ENSP00000261254	CCND2	280	LDQASTPTDVR	GSK3B;MAPK14	psite	475
ENSP00000262643	CCNE1	77	CSLIPTPDKED	GSK3B	hprd;pelm;psite	768
ENSP00000262643	CCNE1	103	APSRGSPLPVL		hprd;pelm;psite	768
ENSP00000262643	CCNE1	387	EQNRASPLPSG	CDK2	hprd;pelm;psite	768
ENSP00000262643	CCNE1	395	PSGLLTPPQSG	CDK2;GSK3A;GSK3B	hprd;pelm;psite	768
ENSP00000309181	CCNE2	21	PSQTESPQEAQ		hprd;pelm;psite	816
ENSP00000309181	CCNE2	67	LSGGISPCIII		psite	816
ENSP00000309181	CCNE2	74	CIIIETPHKEI		psite	816
ENSP00000309181	CCNE2	383	KGGQLSPVCNG		hprd;psite	816
ENSP00000309181	CCNE2	392	NGGIMTPPKST		hprd;pelm;psite	816
ENSP00000256897	CCNH	132	GNLRESPLGQE		hprd;psite	532
ENSP00000348554	CDC16	560	LKNIISPPWDF	CDK1	hprd;pelm;psite	430
ENSP00000348554	CDC16	581	EETGLTPLETS	CDK1	hprd;pelm;psite	430
ENSP00000348554	CDC16	589	ETSRKTPDSRP		pelm;psite	430
ENSP00000303706	CDC25A	18	LLFACSPPPAS	CDK1	hprd;pelm;psite	536
ENSP00000303706	CDC25A	76	LQRMGSSESTD	CHEK1;GSK3B	hprd;pelm;psite	536
ENSP00000303706	CDC25A	88	GFCLDSPGPLD	NEK11	pelm;psite	536
ENSP00000303706	CDC25A	107	MRRIHSLPQKL		psite	536
ENSP00000303706	CDC25A	116	KLLGCSPALKR	CDK1;PIM1	hprd;pelm;psite	536
ENSP00000303706	CDC25A	124	LKRSHSDSLDH	CHEK1;CHEK2	hprd;pelm;psite	536
ENSP00000303706	CDC25A	178	TQRQNSAPARM	CHEK1;CHEK2	hprd;pelm;psite	536
ENSP00000303706	CDC25A	293	TKRRKSMSGAS	CHEK1;CHEK2;RPS6KA1	hprd;pelm;psite	536
ENSP00000303706	CDC25A	321	LSLASSPKGTI		psite	536
ENSP00000245960	CDC25B	42	HGLLGSPVRAA		psite	450
ENSP00000245960	CDC25B	50	RAAASSPVTTL		psite	450
ENSP00000245960	CDC25B	151	IRRFQSMPVRL		psite	450
ENSP00000245960	CDC25B	160	RLLGHSPVLRN	CDK1	hprd;pelm;psite	450
ENSP00000245960	CDC25B	167	VLRNITNSQAP		psite	450
ENSP00000245960	CDC25B	178	DGRRKSEAGSG		psite	450
ENSP00000245960	CDC25B	230	AQRPSSAPDLM	CHEK1	pelm;psite	450
ENSP00000245960	CDC25B	238	DLMCLSPDRKM		psite	450
ENSP00000245960	CDC25B	249	EVEELSPLALG	MAPK11	pelm;psite	450
ENSP00000245960	CDC25B	321	QRLFRSPSMPC	CDK1;MELK	hprd;psite	450
ENSP00000245960	CDC25B	323	LFRSPSMPCSV	MAPKAPK2;MELK	pelm;psite	450
ENSP00000245960	CDC25B	353	NKRRRSVTPPE	AURKA;MAPKAPK2;RPS6KA1	hprd;pelm;psite	450
ENSP00000245960	CDC25B	355	RRRSVTPPEEQ	RPS6KA1	hprd;pelm;psite	450
ENSP00000245960	CDC25B	375	VLRSKSLCHDE	BRSK1;MAPKAPK2	hprd;pelm;psite	450
ENSP00000245960	CDC25B	470	SFLLKSPIAPC		psite	450
ENSP00000245960	CDC25B	115	GLCMDSPSPMD	MAPK8	psite	450
ENSP00000245960	CDC25B	117	CMDSPSPMDPH	MAPK8	psite	450
ENSP00000321656	CDC25C	38	LERDTSFTVCP		hprd;pelm;psite	498
ENSP00000321656	CDC25C	48	PDVPRTPVGKF	CDK1	hprd;pelm;psite	498
ENSP00000321656	CDC25C	67	ILSGGTPKRCL	CDK1	hprd;pelm;psite	498
ENSP00000321656	CDC25C	122	HLMKCSPAQLL	CDK1	hprd;pelm;psite	498
ENSP00000321656	CDC25C	130	QLLCSTPNGLD	CDK1	hprd;pelm;psite	498
ENSP00000321656	CDC25C	168	MKYLGSPITTV	CDK1;MAPK8;MAPK9	hprd;pelm;psite	498
ENSP00000321656	CDC25C	214	SGLYRSPSMPE	CDK1;CDK2	hprd;pelm;psite	498
ENSP00000321656	CDC25C	216	LYRSPSMPENL	BRSK1;CHEK1;CHEK2;MAPK14;MAPKAPK2;MARK3	hprd;pelm;psite	498
ENSP00000321656	CDC25C	449	LLRCRSQSKVQ		psite	498
ENSP00000209728	CDC6	20	PKRKLSRALNK		psite	652
ENSP00000209728	CDC6	45	QTVTCSPRVKA		hprd;pelm;psite	652
ENSP00000209728	CDC6	54	KALPLSPRKRL	CDK2	hprd;pelm;psite	652
ENSP00000209728	CDC6	67	DNLCNTPHLPP		psite	652
ENSP00000209728	CDC6	74	HLPPCSPPKQG	CDK2	hprd;pelm;psite	652
ENSP00000209728	CDC6	106	QLTIKSPSKRE	CDK2	hprd;pelm;psite	652
ENSP00000209728	CDC6	381	CARKVSAVSGD		hprd;psite	652
ENSP00000209728	CDC6	419	LSECKSPSEPL		hprd;psite	652
ENSP00000318486	CDK5R1	8	TVLSLSPSYRK	CDK5	pelm;psite	717
ENSP00000318486	CDK5R1	138	VTSAGTPKRVI	CDK5	pelm;psite	717
ENSP00000301019	CDT1	29	KLACRTPSPAR	CDK2;MAPK8	hprd;pelm;psite	577
ENSP00000301019	CDT1	31	ACRTPSPARPA	CDK2	hprd;pelm;psite	577
ENSP00000301019	CDT1	82	VSSPSTPEAPD		psite	577
ENSP00000301019	CDT1	93	IPACPSPGQKI		psite	577
ENSP00000301019	CDT1	318	FLASLSPAMVV		hprd;pelm;psite	577
ENSP00000301019	CDT1	372	ARNLISPRMEK		hprd;pelm;psite	577
ENSP00000301019	CDT1	391	SAAPSSPGSPR		psite	577
ENSP00000301019	CDT1	394	PSSPGSPRPAL		hprd;pelm;psite	577
ENSP00000301019	CDT1	402	PALPATPPATP		psite	577
ENSP00000301019	CDT1	406	ATPPATPPAAS		psite	577
ENSP00000301019	CDT1	411	TPPAASPSALK		psite	577
ENSP00000301019	CDT1	491	CCTIMSPGEME		psite	577
ENSP00000336868	CENPA	17	APRRRSPSPTP		hprd;pelm;psite	404
ENSP00000336868	CENPA	19	RRRSPSPTPTP		hprd;pelm;psite	404
ENSP00000336868	CENPA	21	RSPSPTPTPGP		hprd;psite	404
ENSP00000336868	CENPA	23	PSPTPTPGPSR		hprd;pelm;psite	404
ENSP00000346566	CKAP5	816	KMQGQSPPAPT		hprd;pelm;psite	403
ENSP00000346566	CKAP5	1363	NVCQPTPGKAL		psite	403
ENSP00000264018	DDX6	87	DLRIKTSDVTS		psite	447
ENSP00000370376	DUT	88	PKAGGSPAPGP		hprd;psite	411
ENSP00000370376	DUT	95	APGPETPAISP		psite	411
ENSP00000370376	DUT	99	ETPAISPSKRA	CDK1	hprd;pelm;psite	411
ENSP00000345571	E2F1	332	SATIVSPPPSS	CDK1	hprd;pelm;psite	930
ENSP00000345571	E2F1	337	SPPPSSPPSSL	CDK1	hprd;pelm;psite	930
ENSP00000345571	E2F1	364	LSRMGSLRAPV	CHEK1;CHEK2	hprd;pelm;psite	930
ENSP00000345571	E2F1	375	DEDRLSPLVAA	CDK8	hprd;pelm;psite	930
ENSP00000345571	E2F1	403	EFISLSPPHEA	CDK7;GSK3B;GTF2H1;MAPK11	hprd;pelm;psite	930
ENSP00000355249	E2F2	117	VDGLPSPKTPK		psite	619
ENSP00000355249	E2F2	123	PKTPKSPGEKT		psite	619
ENSP00000262904	E2F3	124	LGRGGSGGGGG	CHEK1;CHEK2	psite	690
ENSP00000262904	E2F3	163	RAALRSPDSPK		psite	690
ENSP00000262904	E2F3	166	LRSPDSPKTPK		psite	690
ENSP00000262904	E2F3	172	PKTPKSPSEKT		psite	690
ENSP00000232458	ECT2	328	YEKANTPELKK	PRKCI	hprd;pelm;psite	400
ENSP00000232458	ECT2	342	MLSLNTPNSNR	CDK1	hprd;pelm;psite	400
ENSP00000232458	ECT2	366	RETDVSPFPPR		psite	400
ENSP00000232458	ECT2	413	SSKSSTPVPSK	CDK1	pelm;psite	400
ENSP00000232458	ECT2	571	VQRLPSVALLL		psite	400
ENSP00000232458	ECT2	685	IGTFRSPHGQT		hprd;psite	400
ENSP00000232458	ECT2	811	VTRAFSFSKTP		hprd;pelm;psite	400
ENSP00000232458	ECT2	815	FSFSKTPKRAL	CDK1	hprd;pelm;psite	400
ENSP00000232458	ECT2	835	SVEGRSPSSND		psite	400
ENSP00000232458	ECT2	849	MSRLSSTSSLA		psite	400
ENSP00000232458	ECT2	858	LAGIPSPSLVS		hprd;pelm;psite	400
ENSP00000269214	ESCO1	200	NEVINSPKGKK		hprd;pelm;psite	415
ENSP00000269214	ESCO1	279	TTLPKSPQPSV		psite	415
ENSP00000269214	ESCO1	412	LDSQVSPKLGL		hprd;psite	415
ENSP00000306999	ESCO2	29	ENLFPSPNKKH		hprd;pelm;psite	415
ENSP00000306999	ESCO2	75	SANQGSPFKSA		hprd;pelm;psite	415
ENSP00000306999	ESCO2	223	SLRKSSLENEP		psite	415
ENSP00000306999	ESCO2	512	PIGPESPSSTE		hprd;pelm;psite	415
ENSP00000326514	EXOC1	489	NRRSQSSSLLD		hprd;psite	452
ENSP00000326514	EXOC1	568	QHNCGTPLPVS		psite	452
ENSP00000353564	EXOC8	142	AGFFSTPGGAS		hprd;pelm;psite	488
ENSP00000328720	FOXK1	101	ASVRQSPGPAL		hprd;pelm;psite	467
ENSP00000328720	FOXK1	213	EEAPASPLRPL		hprd;pelm;psite	467
ENSP00000328720	FOXK1	223	LYPQISPLKIH		hprd;pelm;psite	467
ENSP00000328720	FOXK1	239	LRSMVSPVPSP		hprd;pelm;psite	467
ENSP00000328720	FOXK1	243	VSPVPSPTGTI		hprd;pelm;psite	467
ENSP00000328720	FOXK1	257	NSCPASPRGAG		hprd;pelm;psite	467
ENSP00000328720	FOXK1	299	TSGGDSPKDES		hprd;psite	467
ENSP00000328720	FOXK1	403	RQRGVSCFRTP		psite	467
ENSP00000328720	FOXK1	407	VSCFRTPFGPL		psite	467
ENSP00000328720	FOXK1	420	RSAPASPTHPG		hprd;pelm;psite	467
ENSP00000328720	FOXK1	428	HPGLMSPRSGG		hprd;pelm;psite	467
ENSP00000328720	FOXK1	436	SGGLQTPECLS		hprd;pelm;psite	467
ENSP00000328720	FOXK1	445	LSREGSPIPHD		hprd;pelm;psite	467
ENSP00000328720	FOXK1	472	QSAPGSPVSAQ		psite	467
ENSP00000328720	FOXK1	716	SGAVTTPAGVI		psite	467
ENSP00000335677	FOXK2	13	LSGAGTPPAGG		hprd;psite	467
ENSP00000335677	FOXK2	30	AGGGGSPPGGW		hprd;psite	467
ENSP00000335677	FOXK2	61	IGRNSSQGSVD		hprd;pelm;psite	467
ENSP00000335677	FOXK2	170	QEASESPVKAV		hprd;psite	467
ENSP00000335677	FOXK2	373	RSAPASPNHAG	CDK1;CDK2	hprd;pelm;psite	467
ENSP00000335677	FOXK2	389	SSGAQTPESLS		hprd;pelm;psite	467
ENSP00000335677	FOXK2	398	LSREGSPAPLE		hprd;pelm;psite	467
ENSP00000335677	FOXK2	428	QSAPGSPLSSQ	CDK1;CDK2	hprd;pelm;psite	467
ENSP00000335677	FOXK2	634	LKRIKTEDGEG		psite	467
ENSP00000335677	FOXK2	648	ALSVDTPPAAV		psite	467
ENSP00000368880	FOXO1	24	RPRSCTWPLPR	AKT1	hprd;pelm;psite	411
ENSP00000368880	FOXO1	249	GKSGKSPRRRA	CDK1;CDK2;CDK4	psite	411
ENSP00000368880	FOXO1	256	RRRAASMDNNS	AKT1	hprd;pelm;psite	411
ENSP00000368880	FOXO1	287	EGAGDSPGSQF		hprd;pelm;psite	411
ENSP00000368880	FOXO1	298	SKWPASPGSHS		psite	411
ENSP00000368880	FOXO1	319	RPRTSSNASTI	AKT1	hprd;pelm;psite	411
ENSP00000368880	FOXO1	329	ISGRLSPIMTE	DYRK1A;NLK	hprd;pelm;psite	411
ENSP00000368880	FOXO1	383	LNLLSSPTSLT		psite	411
ENSP00000368880	FOXO1	394	VSTQSSPGTMM		psite	411
ENSP00000368880	FOXO1	402	TMMQQTPCYSF		psite	411
ENSP00000368880	FOXO1	416	NTSLNSPSPNY		psite	411
ENSP00000368880	FOXO1	418	SLNSPSPNYQK		psite	411
ENSP00000368880	FOXO1	432	GQSSMSPLPQM		hprd;pelm;psite	411
ENSP00000368880	FOXO1	470	LLTSDSPPHND		hprd;pelm;psite	411
ENSP00000378529	FZR1	32	MRRTLTPASSP		hprd;pelm;psite	530
ENSP00000378529	FZR1	36	LTPASSPVSSP		hprd;pelm;psite	530
ENSP00000378529	FZR1	40	SSPVSSPSKHG	CDK5	hprd;pelm;psite	530
ENSP00000378529	FZR1	70	NENEKSPSQNR		pelm;psite	530
ENSP00000378529	FZR1	121	RLQPSTPEKKG	CDK5	psite	530
ENSP00000378529	FZR1	138	STKRSSPDDGN		hprd;pelm;psite	530
ENSP00000378529	FZR1	146	DGNDVSPYSLS		hprd;pelm;psite	530
ENSP00000378529	FZR1	151	SPYSLSPVSNK	CDK2	hprd;pelm;psite	530
ENSP00000378529	FZR1	163	QKLLRSPRKPT	CDK2;CDK5	hprd;pelm;psite	530
ENSP00000261597	NDC80	31	KQGLYTPQTKE		hprd;psite	427
ENSP00000261597	NDC80	55	SERKVSLFGKR	AURKB	hprd;pelm;psite	427
ENSP00000261597	NDC80	202	AMKESSPLFDD		psite	427
ENSP00000360266	JUN	63	SDLLTSPDVGL	CDK3;MAPK15;MAPK8;MAPK9;PLK3;PRKD1;VRK1	hprd;pelm;psite	805
ENSP00000360266	JUN	73	LLKLASPELER	CDK3;MAPK15;MAPK8;MAPK9;PLK3;VRK1	hprd;pelm;psite	805
ENSP00000360266	JUN	91	GHITTTPTPTQ	MAPK8	pelm;psite	805
ENSP00000360266	JUN	93	ITTTPTPTQFL	MAPK8;PAK2	pelm;psite	805
ENSP00000360266	JUN	239	EMPGETPPLSP	GSK3A;GSK3B	hprd;pelm;psite	805
ENSP00000360266	JUN	243	ETPPLSPIDME	CSNK2A1;GSK3A;GSK3B	hprd;pelm;psite	805
ENSP00000260731	KIF11	120	MEGERSPNEEY		psite	400
ENSP00000260731	KIF11	926	IPTGTTPQRKS	CDK1	hprd;pelm;psite	400
ENSP00000260363	KIF23	125	HTMTGSPGEGG		pelm;psite	605
ENSP00000260363	KIF23	450	AICGLTPGRRY		hprd;pelm;psite	605
ENSP00000260363	KIF23	605	LQRQFSDKRRL		psite	605
ENSP00000260363	KIF23	684	TQRSVSPSPVP		hprd;pelm;psite	605
ENSP00000260363	KIF23	686	RSVSPSPVPLS		pelm;psite	605
ENSP00000260363	KIF23	716	HRRSNSCSSIS		pelm;psite	605
ENSP00000260363	KIF23	738	IPTYNTPLKVT		hprd;pelm;psite	605
ENSP00000260363	KIF23	814	HRRSRSAGDRW		hprd;pelm;psite	605
ENSP00000260363	KIF23	902	TLKQESPNGSR		hprd;pelm;psite	605
ENSP00000260363	KIF23	912	RKRRSSTVAPA		hprd;pelm;psite	605
ENSP00000260363	KIF23	913	KRRSSTVAPAQ		hprd;pelm;psite	605
ENSP00000260363	KIF23	943	EMRAGSQLGPG		pelm;psite	605
ENSP00000375608	KIR3DL1	420	SQRPKTPPTDT		psite	619
ENSP00000332455	KPNA2	9	NENANTPAARL		psite	435
ENSP00000332455	KPNA2	54	KRRNVSSFPDD	CHEK1	hprd;psite	435
ENSP00000332455	KPNA2	62	PDDATSPLQEN		hprd;pelm;psite	435
ENSP00000263274	LIG1	51	VSESDSPVKRP	CDK2	hprd;pelm;psite	660
ENSP00000263274	LIG1	76	EDEALSPAKGQ	CDK1;CDK2;CHEK1	hprd;pelm;psite	660
ENSP00000263274	LIG1	91	DCSQVSPPRPA	CDK2	psite	660
ENSP00000263274	LIG1	97	PPRPATSPENN		hprd;pelm;psite	660
ENSP00000263274	LIG1	98	PRPATSPENNA		psite	660
ENSP00000263274	LIG1	183	GDQPTTPPKPL		hprd;pelm;psite	660
ENSP00000263274	LIG1	195	TSKAETPTESV	CDK2	hprd;pelm;psite	660
ENSP00000263274	LIG1	233	LSSFFTPRKPA	CDK2	hprd;pelm;psite	660
ENSP00000263274	LIG1	535	EHCKLSPGIPL		hprd;psite	660
ENSP00000263274	LIG1	819	ALVLPSPRPYV		psite	660
ENSP00000296509	MAD2L1	185	EVRLRSFTTTI		psite	670
ENSP00000296509	MAD2L1	187	RLRSFTTTIHK		psite	670
ENSP00000265056	MCM2	13	FTMASSPAQRR	CDK2;CDK7;CSNK2A1	hprd;pelm;psite	502
ENSP00000265056	MCM2	27	DPLTSSPGRSS	CDC7;CDK2;CDK7;CSNK2A1	hprd;pelm;psite	502
ENSP00000265056	MCM2	41	DALTSSPGRDL	CDC7;CDK2;CDK7;CSNK2A1	hprd;pelm;psite	502
ENSP00000265056	MCM2	381	IRIQESPGKVA		hprd;pelm;psite	502
ENSP00000265056	MCM2	754	DLRKESMATGS		hprd;psite	502
ENSP00000229854	MCM3	112	GSKHVSPRTLT		psite	648
ENSP00000229854	MCM3	160	IERRYSDLTTL	DAPK1	hprd;pelm;psite	648
ENSP00000229854	MCM3	611	DTARTSPVTAR		psite	648
ENSP00000229854	MCM3	722	MPQVHTPKTAD	CDK2	hprd;pelm;psite	648
ENSP00000262105	MCM4	13	PSRRGSRRGRA		psite	647
ENSP00000262105	MCM4	19	RRGRATPAQTP		hprd;pelm;psite	647
ENSP00000262105	MCM4	23	ATPAQTPRSED		hprd;pelm;psite	647
ENSP00000262105	MCM4	32	EDARSSPSQRR	CDK2	hprd;pelm;psite	647
ENSP00000262105	MCM4	54	QPMPTSPGVDL	CDK2;CHEK1	hprd;pelm;psite	647
ENSP00000262105	MCM4	61	GVDLQSPAAQD		psite	647
ENSP00000262105	MCM4	88	DFDVSSPLTYG	CDK1	hprd;psite	647
ENSP00000262105	MCM4	102	SRVEGTPRSGV		hprd;pelm;psite	647
ENSP00000262105	MCM4	110	SGVRGTPVRQR	CDK2	hprd;pelm;psite	647
ENSP00000216122	MCM5	315	FAGAVSPQEEE		psite	575
ENSP00000216122	MCM5	605	SDRRSSIPITV		psite	575
ENSP00000264156	MCM6	259	VSKLSTPGARA		hprd;psite	432
ENSP00000264156	MCM6	413	HVEEFSPRAVY		hprd;psite	432
ENSP00000264156	MCM6	568	IDRVYSLDDIR		psite	432
ENSP00000264156	MCM6	689	NGHADSPAPVN		psite	432
ENSP00000307288	MCM7	121	PGMVRSPQNQY		hprd;pelm;psite	536
ENSP00000307288	MCM7	365	GGVDQSPRGMK	CDK2	hprd;psite	536
ENSP00000309871	RACGAP1	187	KRRSTSRQFVD	AURKB	hprd;pelm;psite	513
ENSP00000309871	RACGAP1	249	RSRRKTGTLQP	AKT2;AURKB	psite	513
ENSP00000309871	RACGAP1	277	TDSVGTPQSNG		hprd;pelm;psite	513
ENSP00000309871	RACGAP1	342	PTLIGTPVKIG		hprd;pelm;psite	513
ENSP00000309871	RACGAP1	405	FLRVKTVPLLS		psite	513
ENSP00000309871	RACGAP1	564	SNAFSTPQTPD		hprd;psite	513
ENSP00000309871	RACGAP1	567	FSTPQTPDIKV		hprd;psite	513
ENSP00000309871	RACGAP1	580	LGPVTTPEHQL		hprd;pelm;psite	513
ENSP00000309871	RACGAP1	588	HQLLKTPSSSS	CDK1	hprd;pelm;psite	513
ENSP00000309871	RACGAP1	600	SQRVRSTLTKN		hprd;pelm;psite	513
ENSP00000309871	RACGAP1	606	TLTKNTPRFGS		hprd;pelm;psite	513
ENSP00000325863	MRE11A	158	FGRSMSVEKID		psite	546
ENSP00000325863	MRE11A	165	EKIDISPVLLQ		psite	546
ENSP00000325863	MRE11A	275	VVTSLSPGEAV		psite	546
ENSP00000325863	MRE11A	590	ASRGGSQRGRA		psite	546
ENSP00000325863	MRE11A	597	RGRADTGLETS		hprd;psite	546
ENSP00000325863	MRE11A	619	ASRNMSIIDAF		hprd;psite	546
ENSP00000244741	CDKN1A	57	DFVTETPLEGD	GSK3B;MAPK1;MAPK14;MAPK8	hprd;pelm;psite	815
ENSP00000244741	CDKN1A	98	RRPGTSPALLQ	MAP3K5	pelm;psite	815
ENSP00000244741	CDKN1A	130	EQAEGSPGGPG	CDK2;CDK6;MAPK1;MAPK14;MAPK8	hprd;pelm;psite	815
ENSP00000244741	CDKN1A	145	RKRRQTSMTDF	AKT1;DAPK3;PIM1;PIM2;PRKCA	hprd;pelm;psite	815
ENSP00000244741	CDKN1A	146	KRRQTSMTDFY	AKT1;PIM1;PIM2;PRKCA	hprd;pelm;psite	815
ENSP00000228872	CDKN1B	10	RVSNGSPSLER	AKT1;CAMK2A;CDK6;HIPK2;MAPK1;UHMK1	hprd;pelm;psite	790
ENSP00000228872	CDKN1B	157	RKRPATDDSST	AKT1;PIM1;SGK1	hprd;pelm;psite	790
ENSP00000228872	CDKN1B	178	NVSDGSPNAGS	MAPK1	pelm;psite	790
ENSP00000228872	CDKN1B	187	GSVEQTPKKPG	CDK2;CDK6;MAPK1;MAPK3	hprd;pelm;psite	790
ENSP00000413720	CDKN1C	282	AKRKRSAPEKS	AKT1	psite	471
ENSP00000413720	CDKN1C	310	GSVEQTPRKRL	AKT1	psite	471
ENSP00000301905	PBK	9	ISNFKTPSKLS	CDK1	hprd;pelm;psite	497
ENSP00000301905	PBK	24	SVLCSTPTINI		hprd;pelm;psite	497
ENSP00000301905	PBK	32	INIPASPFMQK		hprd;pelm;psite	497
ENSP00000301905	PBK	59	RGLSHSPWAVK		hprd;pelm;psite	497
ENSP00000233057	EIF2AK2	83	EKKAVSPLLLT	EIF2AK2	hprd;pelm;psite	570
ENSP00000233057	EIF2AK2	456	TLRYMSPEQIS		hprd;pelm;psite	570
ENSP00000233057	EIF2AK2	542	TVWKKSPEKNE		hprd;psite	570
ENSP00000300093	PLK1	137	LCRRRSLLELH	MAP3K8	pelm;psite	486
ENSP00000300093	PLK1	210	GERKKTLCGTP	AURKA;MAP3K8;STK10	hprd;pelm;psite	486
ENSP00000300093	PLK1	214	KTLCGTPNYIA		hprd;pelm;psite	486
ENSP00000300093	PLK1	498	AGANITPREGD		hprd;psite	486
ENSP00000300093	PLK1	597	SSRSASNRLKA		psite	486
ENSP00000012443	PPP5C	105	YRRAASNMALG		psite	462
ENSP00000377793	PRC1	470	GSAPRTPSKRR	CDK2	hprd;psite	563
ENSP00000377793	PRC1	481	GLAPNTPGKAR	CDK1;CDK2;PBK	hprd;pelm;psite	563
ENSP00000377793	PRC1	513	GTVYHSPVSRL		hprd;psite	563
ENSP00000377793	PRC1	536	CSGKKTPRTGR		hprd;psite	563
ENSP00000377793	PRC1	571	LQRNFSINSVA		hprd;psite	563
ENSP00000363021	RPA2	23	GGYTQSPGGFG	ATM;CDK1;PRKDC	hprd;pelm;psite	426
ENSP00000363021	RPA2	29	PGGFGSPAPSQ	ATM;CDK1;PRKDC	hprd;pelm;psite	426
ENSP00000369411	RFC3	76	HQTITTPSKKK		psite	498
ENSP00000257934	ESPL1	1126	PSTNSSPVLKT	CDK1;MAPK1	hprd;pelm;psite	592
ENSP00000257934	ESPL1	1346	RGLPCTPKPPD		pelm;psite	592
ENSP00000257934	ESPL1	1501	NWRKMSFEILR	CAMK2A;PRKACA	pelm;psite	592
ENSP00000257934	ESPL1	1538	LLRLDSSKKKL		psite	592
ENSP00000257934	ESPL1	1545	KKKLPSPCPDK		pelm;psite	592
ENSP00000341382	SMC4	22	GPPPPSPDGAS		hprd;pelm;psite	445
ENSP00000341382	SMC4	41	SGRTESPATAA		hprd;pelm;psite	445
ENSP00000341382	SMC4	1059	EISVLSPEDLE		psite	445
ENSP00000301633	BIRC5	21	DHRISTFKNWP	PLK1	psite	550
ENSP00000301633	BIRC5	34	EGCACTPERMA	CDK1	hprd;pelm;psite	550
ENSP00000364519	TFDP1	23	IDQNLSPGKGV	CHEK1	hprd;pelm;psite	639
ENSP00000166345	TRIP13	18	PCVAESPTVHV		hprd;psite	504
ENSP00000230510	TTK	12	SGRELTIDSIM	TTK	psite	548
ENSP00000230510	TTK	281	VNLLNSPDCDV	BRAF	hprd;pelm;psite	548
ENSP00000344818	UBC	57	DGRTLSDYNIQ		hprd;psite	730
ENSP00000263274	LIG1	114	SPMDSSPSGIP		hprd;pelm	660
ENSP00000368880	FOXO1	478	HNDIMTPVDPG		hprd;pelm	411
ENSP00000260363	KIF23	8	SARAKTPRKPT		pelm	605
ENSP00000328720	FOXK1	644	AYALTSPLQLL		hprd;pelm	467
ENSP00000335677	FOXK2	180	VQPHISPLTIN		hprd	467
ENSP00000332455	KPNA2	311	ELPIVTPALRA		hprd	435
ENSP00000325863	MRE11A	668	DQRWSSTSSSK		hprd	546
ENSP00000309871	RACGAP1	145	NKRLSTIDESG	AURKB	hprd	513
ENSP00000309871	RACGAP1	186	EKRRSTSRQFV	AURKB	hprd	513
ENSP00000309871	RACGAP1	533	VERLLSLPLEY		hprd	513
ENSP00000257934	ESPL1	330	SMEAPSPPLRA		hprd	592
ENSP00000353564	EXOC8	416	TRRAVSQLIRL		hprd	488
ENSP00000301905	PBK	57	SPRGLSHSPWA		hprd	497
ENSP00000306999	ESCO2	70	INRLPSANQGS		hprd	415
ENSP00000328720	FOXK1	489	PPRPSSLVAKP		hprd	467
