name	CDK4
id	ENSP00000257904
type	Serine/threonine kinase
proline+1_removed	No
npartners	333
npartners_with_sites	282
nsites	135
//
motif	score	fg_matches	fg_size	bg_matches	bg_size	fold_increase
.....[ST]PKK..	922.96	12	3292	0	10000	Inf
P....[ST]PR...	624.31	14	3184	0	9977	Inf
...S.[ST]P..K.	623.65	11	3170	0	9977	Inf
...P.[ST]PP...	332.66	22	3206	1	9978	68.47
.....[ST]P.K..	319.13	74	3280	22	10000	10.25
//
prot_id	prot_name	position	flank	kinase	source	string_score
ENSP00000278616	ATM	794	NCTKKSPNKIA	CDK5	psite	948
ENSP00000217026	MYBL2	520	TPHTPTPFKNA	CDK2	hprd;psite	519
ENSP00000338774	BCL11A	262	GRFPPTPPLFS		psite	403
ENSP00000338774	BCL11A	630	SPSSLSPFSKR		psite	403
ENSP00000347232	BLM	766	KLLYVTPEKIC	CDK1	psite	899
ENSP00000316121	CDCA8	106	AEAIQTPLKSA		hprd;pelm;psite	411
ENSP00000316121	CDCA8	189	PTPGLTPRFDS		hprd;pelm;psite	411
ENSP00000350283	BRCA1	1497	GVERSSPSKCP	ATM;CDK1;CDK2	hprd;pelm;psite	990
ENSP00000369497	BRCA2	93	LPLYQSPVKEL		psite	933
ENSP00000302530	BUB1	452	GMVQATPSKVQ		hprd;pelm;psite	476
ENSP00000262367	CREBBP	2351	PAPVQSPRPQS		psite	926
ENSP00000262367	CREBBP	2364	PHSSPSPRIQP		psite	926
ENSP00000362082	CCND3	264	SQTSSSPAPKA		hprd;pelm;psite	999
ENSP00000262643	CCNE1	77	CSLIPTPDKED	GSK3B	hprd;pelm;psite	999
ENSP00000309181	CCNE2	74	CIIIETPHKEI		psite	738
ENSP00000309181	CCNE2	392	NGGIMTPPKST		hprd;pelm;psite	738
ENSP00000299300	CCT2	428	QLANRTPGKEA		psite	448
ENSP00000308450	CDC20	59	RTPGRTPGKSS		psite	493
ENSP00000308450	CDC20	70	SKVQTTPSKPG		hprd;pelm;psite	493
ENSP00000308450	CDC20	106	PENSQTPTKKE		pelm;psite	493
ENSP00000209728	CDC6	54	KALPLSPRKRL	CDK2	hprd;pelm;psite	747
ENSP00000209728	CDC6	74	HLPPCSPPKQG	CDK2	hprd;pelm;psite	747
ENSP00000209728	CDC6	106	QLTIKSPSKRE	CDK2	hprd;pelm;psite	747
ENSP00000398880	CDK12	276	RRQSVSPPYKE		hprd;pelm;psite	761
ENSP00000181839	CDK13	494	ASNTSTPTKGN		hprd;psite	760
ENSP00000181839	CDK13	664	DDLSKSPEEKK		hprd;pelm;psite	760
ENSP00000304250	CDK5R2	173	PVPGGSPRRVI		psite	453
ENSP00000301019	CDT1	394	PSSPGSPRPAL		hprd;pelm;psite	952
ENSP00000301019	CDT1	402	PALPATPPATP		psite	952
ENSP00000301019	CDT1	406	ATPPATPPAAS		psite	952
ENSP00000346566	CKAP5	1363	NVCQPTPGKAL		psite	410
ENSP00000323050	RBBP8	233	YDQSQSPMAKA		psite	903
ENSP00000352516	DNMT1	127	MADANSPPKPL		hprd;pelm;psite	474
ENSP00000352516	DNMT1	730	IPEMPSPKKMH	MTOR	hprd;pelm;psite	474
ENSP00000352516	DNMT1	894	YARFESPPKTQ		psite	474
ENSP00000352516	DNMT1	970	NIKLSSPVKRP		hprd;pelm;psite	474
ENSP00000360216	DNTT	142	PGPPKTPPIAV		psite	417
ENSP00000345571	E2F1	337	SPPPSSPPSSL	CDK1	hprd;pelm;psite	957
ENSP00000398124	E2F5	261	SLTPVTPQKSS		psite	950
ENSP00000320503	EDC3	173	HPNQATPKKSG		psite	400
ENSP00000281708	FBXW7	349	PGFIHSPWKSA	PLK2	psite	498
ENSP00000342307	FOXM1	548	SSQSPTPRPKK	CDK4;CDK6	psite	596
ENSP00000342307	FOXM1	638	GGPFKTPIKET	CDK4;CDK6	psite	596
ENSP00000342307	FOXM1	649	LPISSTPSKSV	CDK1;CDK4;CDK6	hprd;psite	596
ENSP00000335620	GSTA1	202	FLQPGSPRKPP		hprd;psite	513
ENSP00000420168	GSTA2	202	FLQPGSPRKPP		psite	513
ENSP00000211122	GSTA3	202	FLQPGSPRKPP		psite	513
ENSP00000244534	HIST1H1D	18	APAEKTPVKKK		hprd;pelm;psite	642
ENSP00000244534	HIST1H1D	147	VAGAATPKKSI		hprd;psite	642
ENSP00000244534	HIST1H1D	189	KKAAKSPAKAK		hprd;psite	642
ENSP00000244573	HIST1H1A	152	KKSVKTPKKAK	CDK2	psite	855
ENSP00000244573	HIST1H1A	183	KKVAKSPAKAK	CDK9	psite	855
ENSP00000263274	LIG1	51	VSESDSPVKRP	CDK2	hprd;pelm;psite	498
ENSP00000263274	LIG1	76	EDEALSPAKGQ	CDK1;CDK2;CHEK1	hprd;pelm;psite	498
ENSP00000263274	LIG1	183	GDQPTTPPKPL		hprd;pelm;psite	498
ENSP00000263274	LIG1	233	LSSFFTPRKPA	CDK2	hprd;pelm;psite	498
ENSP00000357624	MARCKS	27	AAVASSPSKAN	CDK2;PRKCA	hprd;pelm;psite	643
ENSP00000357624	MARCKS	150	SPSNETPKKKK	CDK2	hprd;pelm;psite	643
ENSP00000265056	MCM2	381	IRIQESPGKVA		hprd;pelm;psite	977
ENSP00000363193	MED12	700	GKGSPSPEKPD		hprd;psite	899
ENSP00000263390	MED26	323	LAQPSTPPVRR		hprd;psite	899
ENSP00000263390	MED26	535	VLVPQSPPTDL		hprd;psite	899
ENSP00000379330	NFATC2	247	ASRSSSPGAKR		psite	989
ENSP00000228872	CDKN1B	187	GSVEQTPKKPG	CDK2;CDK6;MAPK1;MAPK3	hprd;pelm;psite	999
ENSP00000263253	EP300	2039	GQVGISPLKPG		psite	913
ENSP00000263253	EP300	2315	PQPVPSPRPQS	MAPK1	psite	913
ENSP00000263253	EP300	2328	PHSSPSPRMQP		psite	913
ENSP00000269305	TP53	315	NNTSSSPQPKK	AURKA;CDK1;CDK2;CDK9	hprd;pelm;psite	955
ENSP00000413720	CDKN1C	310	GSVEQTPRKRL	AKT1	psite	995
ENSP00000382595	PAICS	27	YELLDSPGKVL	CDK1;CDK2	hprd;pelm;psite	483
ENSP00000264867	PPARGC1A	299	LTPPTTPPHKA	MAPK14	hprd;pelm;psite	899
ENSP00000326031	PPP1CA	331	GGRPITPPRNS	AKT1;CDK1;CDK2;CDK5;LMTK2	hprd;pelm;psite	565
ENSP00000335084	PPP1CC	311	ATRPVTPPRGM		psite	420
ENSP00000325120	PGR	102	GGSSSSPPEKD		pelm;psite	425
ENSP00000267163	RB1	356	FETQRTPRKSN	CDK2;CDK4	hprd;pelm;psite	999
ENSP00000267163	RB1	612	LSPVRSPKKKG	CDK2;CDK4;CDK6;CHEK1;CHEK2	hprd;pelm;psite	999
ENSP00000267163	RB1	788	PHIPRSPYKFP	CDK4;CDK6	hprd;psite	999
ENSP00000267163	RB1	807	GNIYISPLKSP	CDK1;CDK2;CDK3;CDK4;CDK5;CDK6;CDK9	hprd;pelm;psite	999
ENSP00000267163	RB1	811	ISPLKSPYKIS	CDK1;CDK2;CDK3;CDK4;CDK5;CDK6;CDK9	hprd;pelm;psite	999
ENSP00000267163	RB1	821	SEGLPTPTKMT	CDK2;CDK6	hprd;pelm;psite	999
ENSP00000362768	RBL1	332	EEEIGTPRKFT		hprd;pelm;psite	982
ENSP00000362768	RBL1	988	HSIYISPHKNG		hprd;pelm;psite	982
ENSP00000362768	RBL1	1041	DSDAESPAKRV		hprd;pelm;psite	982
ENSP00000262133	RBL2	1059	HPVYISPHKNE		psite	970
ENSP00000262133	RBL2	1080	YYFSNSPSKRL	CDK2	hprd;pelm;psite	970
ENSP00000262133	RBL2	1097	IRTGETPTKKR	CDK2	hprd;pelm;psite	970
ENSP00000262133	RBL2	1112	EDGSESPAKRI	CDK2	hprd;pelm;psite	970
ENSP00000347602	ARID4A	864	ILGQSSPEKKI	CDK2	hprd;psite	648
ENSP00000347602	ARID4A	1124	NSSKCTPVKHL	CDK2	psite	648
ENSP00000351697	REV3L	1041	PIYPLTPKKSH		psite	514
ENSP00000261424	RFC1	156	KNKPLSPIKLT		hprd;pelm;psite	676
ENSP00000261424	RFC1	283	ERKSYSPRKQS		hprd;pelm;psite	676
ENSP00000261424	RFC1	360	KKTKSSPAKKE		psite	676
ENSP00000261424	RFC1	506	SKLERTPQKNV	CDK1	hprd;psite	676
ENSP00000261424	RFC1	518	GKRKISPSKKE	CDK1	hprd;psite	676
ENSP00000274255	SKP2	64	LGHPESPPRKR	CDK2;PIM1	hprd;pelm;psite	960
ENSP00000417686	SLBP	171	GIHPKTPNKFK		hprd;psite	499
ENSP00000417686	SLBP	238	DVYSGTPTKVR		psite	499
ENSP00000262160	SMAD2	8	SILPFTPPVVK	MAPK3	hprd;pelm;psite	767
ENSP00000262160	SMAD2	220	NYIPETPPPGY	MAPK1;MAPK3	hprd;pelm;psite	767
ENSP00000332973	SMAD3	8	SILPFTPPIVK	CDK2;CDK4	hprd;pelm;psite	940
ENSP00000332973	SMAD3	179	SNIPETPPPGY	CDK2;CDK4;CDK8;CDK9;MAPK1	hprd;pelm;psite	940
ENSP00000348551	NCOR2	149	KLEPVSPPSPP		hprd;pelm;psite	899
ENSP00000348551	NCOR2	152	PVSPPSPPHTD		hprd;pelm;psite	899
ENSP00000348551	NCOR2	215	PEKPVSPPPIE		hprd;pelm;psite	899
ENSP00000348551	NCOR2	956	PRANASPQKPL		hprd;pelm;psite	899
ENSP00000348551	NCOR2	1978	LEPASSPSKGS		hprd;pelm;psite	899
ENSP00000348551	NCOR2	2230	GIEPVSPPEGM		hprd;psite	899
ENSP00000320940	NCOA1	1179	GTNPGTPPAST	MAPK1;MAPK3	hprd;pelm;psite	915
ENSP00000399968	NCOA2	487	PTSMLSPRHRM	CDK9;CSNK2A1	hprd;psite	962
ENSP00000399968	NCOA2	499	PGVAGSPRIPP	CDK9;CSNK2A1	hprd;psite	962
ENSP00000399968	NCOA2	736	KQEPVSPKKKE	MAPK1;MAPK3	hprd;pelm;psite	962
ENSP00000361066	NCOA3	728	KQEQLSPKKKE	CDK1	hprd;pelm;psite	906
ENSP00000336750	SUPT7L	108	PSCPGSPPLPD		hprd;pelm;psite	899
ENSP00000365877	SUV39H1	391	AGLPGSPKKRV		hprd;pelm;psite	921
ENSP00000217893	TAF9	196	MPTSQSPAVKA		hprd;psite	900
ENSP00000364519	TFDP1	23	IDQNLSPGKGV	CHEK1	hprd;pelm;psite	927
ENSP00000281928	MED13L	1056	PRTPRTPRTPR		psite	899
ENSP00000281928	MED13L	1059	PRTPRTPRGGG		psite	899
ENSP00000301634	TK1	13	TVLPGSPSKTR	CDK1;CDK2	hprd;pelm;psite	458
ENSP00000411532	TOP2A	1354	VPSDASPPKTK	CDK1;MAPK1;MAPK3	hprd;pelm;psite	429
ENSP00000323720	MED14	1144	PDASHSPRAGT		hprd;pelm;psite	899
ENSP00000219476	TSC2	664	TSGPLSPPTGP	MAPK1;MAPK3	hprd;pelm;psite	436
ENSP00000219476	TSC2	927	LSFDDTPEKDS		hprd;pelm;psite	436
ENSP00000219476	TSC2	1449	PLPSSSPRSPS		hprd;pelm;psite	436
ENSP00000264552	UBE2S	73	KDFPASPPKGY		hprd;psite	415
ENSP00000310590	USP36	513	KLPSGSPSPKL		hprd;psite	800
ENSP00000310590	USP36	546	PPQHFSPRTAQ		hprd;pelm;psite	800
ENSP00000362768	RBL1	1009	YKFNGSPSKSL		hprd;pelm	982
ENSP00000217026	MYBL2	577	PGLRRSPIKKV	CDK2	hprd;pelm	519
ENSP00000217026	MYBL2	444	LTPKSTPVKTL	CDK2	hprd;pelm	519
ENSP00000310590	USP36	952	EAMEESPRKKK		hprd;pelm	800
ENSP00000350283	BRCA1	967	ETGLITPNKHG	CDK2	hprd	990
ENSP00000351697	REV3L	1579	TRSVTSPRKPR		hprd	514
ENSP00000244534	HIST1H1D	155	KSIKKTPKKVK		hprd	642
