name	CDK5
id	ENSP00000297518
type	Serine/threonine kinase
proline+1_removed	No
npartners	182
npartners_with_sites	164
nsites	89
//
motif	score	fg_matches	fg_size	bg_matches	bg_size	fold_increase
P....[ST]P.K..	922.96	18	2021	0	10000	Inf
.K...[ST]P.K..	625.54	10	2003	0	10000	Inf
.....[ST]PP..S	621.55	10	1938	0	9980	Inf
.S...[ST]P...G	326.62	15	1993	1	10000	75.26
..RR.[ST].....	318.37	29	1512	18	9383	10
//
prot_id	prot_name	position	flank	kinase	source	string_score
ENSP00000361423	ABL1	632	KKTAPTPPKRS		hprd;psite	961
ENSP00000361423	ABL1	16	DQRRPSLPALH		psite	961
ENSP00000348602	AMPH	310	PLPKVTPTKEL	DYRK1A	psite	970
ENSP00000386741	CHN1	192	LVRRATLKENE		psite	718
ENSP00000316779	BIN1	298	GNKSPSPPDGS		hprd;pelm;psite	468
ENSP00000316779	BIN1	348	PPPKHTPSKEV		hprd;psite	468
ENSP00000350283	BRCA1	509	RKRRPTSGLHP	AKT1	hprd;pelm;psite	677
ENSP00000350283	BRCA1	615	RLRRKSSTRHI		psite	677
ENSP00000256925	CABLES1	415	GARRNTIDSTS		hprd;pelm;psite	991
ENSP00000262643	CCNE1	395	PSGLLTPPQSG	CDK2;GSK3A;GSK3B	hprd;pelm;psite	448
ENSP00000308450	CDC20	70	SKVQTTPSKPG		hprd;pelm;psite	421
ENSP00000308450	CDC20	106	PENSQTPTKKE		pelm;psite	421
ENSP00000405798	CDK16	159	RLRRVSLSEIG	PRKACA	hprd;pelm;psite	648
ENSP00000274695	CDKAL1	43	VRRRNTQKYLQ		psite	430
ENSP00000274695	CDKAL1	53	QEEENSPPSDS		hprd;pelm;psite	430
ENSP00000309539	DPYSL2	555	IPRRTTQRIVA	ROCK1;ROCK2	hprd;pelm;psite	987
ENSP00000254079	PPP1R1B	34	RRRRPTPAMLF	PRKACA	hprd;pelm;psite	996
ENSP00000338934	EZR	332	KKRRETVEREK		psite	936
ENSP00000378529	FZR1	40	SSPVSSPSKHG	CDK5	hprd;pelm;psite	737
ENSP00000378529	FZR1	163	QKLLRSPRKPT	CDK2;CDK5	hprd;pelm;psite	737
ENSP00000314499	GAK	780	PTDSDSPPSSS		hprd;psite	646
ENSP00000317904	GYS1	698	WPRRASCTSST	CSNK2A1	hprd;psite	419
ENSP00000344504	H1F0	119	IKKVATPKKAS		psite	642
ENSP00000344504	H1F0	141	KKPKATPVKKA		psite	642
ENSP00000264606	HDAC4	266	AERRSSPLLRR		hprd;psite	699
ENSP00000347184	HTT	486	SSGVSTPGSAG		psite	824
ENSP00000347184	HTT	2074	DSLSPSPPVSS		hprd;psite	824
ENSP00000335106	KATNA1	81	FKLDSTPLKAA		psite	527
ENSP00000335106	KATNA1	109	VERRPSPGPRK	DYRK2	psite	527
ENSP00000385545	KIF26B	828	RMRRPTQLRPF		psite	623
ENSP00000296755	MAP1B	91	HSARFSPEVPG		psite	540
ENSP00000296755	MAP1B	614	SKEEPSPVKAE		hprd;pelm;psite	540
ENSP00000296755	MAP1B	1400	LSPLRSPPLIG		hprd;pelm;psite	540
ENSP00000296755	MAP1B	1620	RPMSISPPDFS		hprd;pelm;psite	540
ENSP00000296755	MAP1B	1965	SEKTTSPPEVS		hprd;psite	540
ENSP00000353508	MAP2	833	VARRKSVPSET		pelm;psite	513
ENSP00000353508	MAP2	1324	VERRPSPHDEE		psite	513
ENSP00000353508	MAP2	1592	KSGTSTPTTPG		psite	513
ENSP00000353508	MAP2	1605	AITPGTPPSYS		hprd;psite	513
ENSP00000353508	MAP2	1795	SPRRLSNVSSS	MARK1	hprd;pelm;psite	513
ENSP00000271555	MEF2D	121	KYRRASEELDG		hprd;pelm;psite	875
ENSP00000367207	MYC	296	RSESGSPSAGG		psite	837
ENSP00000333982	NDEL1	219	LSLPATPVGKG	CDK1;CDK5;MAPK1	hprd;pelm;psite	997
ENSP00000357206	NES	768	QQRRRSLGEQD		hprd;pelm;psite	990
ENSP00000311997	NEFH	518	EKEAKSPVKEE	MAPK1	hprd;psite	886
ENSP00000311997	NEFH	532	PAEAKSPEKEE	MAPK1	hprd;psite	886
ENSP00000311997	NEFH	546	PAEVKSPEKAK		hprd;psite	886
ENSP00000311997	NEFH	552	PEKAKSPAKEE		psite	886
ENSP00000311997	NEFH	566	PPEAKSPEKEE		psite	886
ENSP00000311997	NEFH	600	PAEAKSPEKAK		psite	886
ENSP00000311997	NEFH	606	PEKAKSPVKEE		hprd;psite	886
ENSP00000311997	NEFH	620	PAEAKSPVKEE		hprd;psite	886
ENSP00000311997	NEFH	640	PEKAKSPTKEE		hprd;psite	886
ENSP00000311997	NEFH	654	PEKAKSPEKEE		hprd;psite	886
ENSP00000311997	NEFH	668	PEKAKSPVKAE		hprd;psite	886
ENSP00000311997	NEFH	738	PEKAKSPVKEE		psite	886
ENSP00000311997	NEFH	752	PEKAKSPEKAK		hprd;psite	886
ENSP00000311997	NEFH	787	PEKAKSPVKEE		hprd;pelm;psite	886
ENSP00000311997	NEFH	905	KKKVPTPEKEA		psite	886
ENSP00000337838	RTN4	181	PKRRGSSGSVD		hprd;pelm;psite	435
ENSP00000244741	CDKN1A	145	RKRRQTSMTDF	AKT1;DAPK3;PIM1;PIM2;PRKCA	hprd;pelm;psite	839
ENSP00000228872	CDKN1B	187	GSVEQTPKKPG	CDK2;CDK6;MAPK1;MAPK3	hprd;pelm;psite	942
ENSP00000355865	PARK2	131	DSRKDSPPAGS	CDK5	pelm;psite	676
ENSP00000247970	PIN1	71	QSRRPSSWRQE		psite	401
ENSP00000216832	PNN	96	RTRRESRQESD		hprd;pelm;psite	800
ENSP00000216832	PNN	289	RPRRQSMKEKE		psite	800
ENSP00000216832	PNN	657	RKRRDTSGLER		pelm;psite	800
ENSP00000287820	PPARG	112	KVEPASPPYYS	CDK9;MAPK1;MAPK8	hprd;pelm;psite	937
ENSP00000326031	PPP1CA	331	GGRPITPPRNS	AKT1;CDK1;CDK2;CDK5;LMTK2	hprd;pelm;psite	735
ENSP00000257905	PPP1R1A	35	RRRRPTPATLV	PRKACA	hprd;pelm;psite	871
ENSP00000326366	PSEN1	310	AQRRVSKNSKY	PRKACA	hprd;pelm;psite	824
ENSP00000311857	PTPN2	304	PAFDHSPNKIM	CDK1;CDK2	hprd;pelm;psite	752
ENSP00000405963	RASGRF1	927	KYRRMSLASAG	PRKACA	hprd;pelm;psite	826
ENSP00000267163	RB1	612	LSPVRSPKKKG	CDK2;CDK4;CDK6;CHEK1;CHEK2	hprd;pelm;psite	682
ENSP00000267163	RB1	788	PHIPRSPYKFP	CDK4;CDK6	hprd;psite	682
ENSP00000378160	RPL34	12	YRRRLSYNTAS		hprd;psite	624
ENSP00000249396	SIRT2	368	PSTSASPKKSP	CDK1;CDK2	hprd;pelm;psite	819
ENSP00000350941	SRC	17	SQRRRSLEPAE	PRKACA	hprd;pelm;psite	663
ENSP00000276449	STAR	56	QVRRRSSLLGS		psite	809
ENSP00000276449	STAR	57	VRRRSSLLGSR		psite	809
ENSP00000276449	STAR	195	AKRRGSTCVLA		psite	809
ENSP00000295987	SYN1	9	LRRRLSDSNFM	PRKACA	hprd;psite	957
ENSP00000340820	MAPT	50	ESPLQTPTEDG	GSK3B;MAPK1;MAPK3	hprd;psite	997
ENSP00000340820	MAPT	534	RSGYSSPGSPG	PRKACA	hprd;psite	997
ENSP00000340820	MAPT	537	YSSPGSPGTPG	CDK5	hprd;pelm;psite	997
ENSP00000379158	CAST	34	EKTSESPSKPG		hprd	429
ENSP00000267101	ERBB3	1123	RSRSRSPRPRG	CDK5	hprd	720
ENSP00000337697	DCX	370	PKASPTPQKTS	CDK5	hprd	962
ENSP00000337697	DCX	412	QSPISTPTSPG	CDK5	hprd	962
