name	CDK6
id	ENSP00000265734
type	Serine/threonine kinase
proline+1_removed	No
npartners	122
npartners_with_sites	108
nsites	438
//
motif	score	fg_matches	fg_size	bg_matches	bg_size	fold_increase
...PL[ST]P....	324.48	12	1341	1	9978	89.29
.....[ST]P.K..	321.46	51	1392	22	10000	16.65
R.R..[ST].....	315.31	28	984	34	9383	7.85
.....[ST]P...K	315.13	32	1329	18	9977	13.35
.....[ST]P....	307.65	313	1297	576	9959	4.17
//
prot_id	prot_name	position	flank	kinase	source	string_score
ENSP00000300305	RUNX1	41	TSRRFTPPSTA		hprd;pelm;psite	936
ENSP00000300305	RUNX1	48	PSTALSPGKMS		hprd;pelm;psite	936
ENSP00000300305	RUNX1	239	TAMRVSPHHPA		psite	936
ENSP00000300305	RUNX1	246	HHPAPTPNPRA		psite	936
ENSP00000300305	RUNX1	276	RQIQPSPPWSY	CDK1;CDK2;CDK6;HIPK2;MAPK1;MAPK3	hprd;psite	936
ENSP00000300305	RUNX1	293	LGSIASPSVHP	CDK1;CDK2;CDK6;MAPK1;MAPK3	psite	936
ENSP00000300305	RUNX1	300	SVHPATPISPG	CDK1;CDK2;CDK6;HIPK2;MAPK1;MAPK3	psite	936
ENSP00000300305	RUNX1	303	PATPISPGRAS	CDK1;CDK2;CDK6;HIPK2;MAPK1;MAPK3	hprd;psite	936
ENSP00000300305	RUNX1	424	VGGERSPPRIL	CDK1	psite	936
ENSP00000300305	RUNX1	462	GSHSNSPTNMA	MAPK1;MAPK3	psite	936
ENSP00000265709	ANK1	462	LQRGASPNVSN		psite	465
ENSP00000265709	ANK1	627	LPRGGSPHSPA		psite	465
ENSP00000265709	ANK1	792	LKNGASPNEVS		psite	465
ENSP00000265709	ANK1	897	DQVVESPAIPR		hprd;psite	465
ENSP00000265709	ANK1	1002	PQKLSTPPPLA		psite	465
ENSP00000265709	ANK1	1419	EDRRRTPTPLA		hprd;psite	465
ENSP00000265709	ANK1	1421	RRRTPTPLALR		hprd;psite	465
ENSP00000265709	ANK1	1727	ARITHSPTVSQ		hprd;pelm;psite	465
ENSP00000244769	ATXN1	88	TGLDYSPPSAP		psite	538
ENSP00000244769	ATXN1	235	APGLITPGSPP		pelm;psite	538
ENSP00000244769	ATXN1	238	LITPGSPPPAQ		hprd;pelm;psite	538
ENSP00000244769	ATXN1	775	RKRRWSAPESR	AKT1;PRKACA	hprd;pelm;psite	538
ENSP00000217026	MYBL2	266	LDAVRTPEPLE	CDK2	hprd;pelm;psite	400
ENSP00000217026	MYBL2	282	EDQEGSPPETS		hprd;psite	400
ENSP00000217026	MYBL2	393	ELIPISPSTEV	CDK2	hprd;pelm;psite	400
ENSP00000217026	MYBL2	405	GSGIGTPPSVL	CDK2	hprd;psite	400
ENSP00000217026	MYBL2	421	RRVALSPVTEN		psite	400
ENSP00000217026	MYBL2	452	KTLPFSPSQFL	CDK2	hprd;psite	400
ENSP00000217026	MYBL2	470	TLELESPSLTS		psite	400
ENSP00000217026	MYBL2	476	PSLTSTPVCSQ		psite	400
ENSP00000217026	MYBL2	487	KVVVTTPLHRD	CDK2	hprd;pelm;psite	400
ENSP00000217026	MYBL2	494	LHRDKTPLHQK	CDK2	hprd;pelm;psite	400
ENSP00000217026	MYBL2	505	HAAFVTPDQKY		psite	400
ENSP00000217026	MYBL2	518	DNTPHTPTPFK	CDK2	hprd;psite	400
ENSP00000217026	MYBL2	520	TPHTPTPFKNA	CDK2	hprd;psite	400
ENSP00000217026	MYBL2	538	KPLPQTPHLEE		psite	400
ENSP00000338774	BCL11A	86	VDKPPSPSPIE		psite	404
ENSP00000338774	BCL11A	88	KPPSPSPIEMK		psite	404
ENSP00000338774	BCL11A	205	ESEHGSPLTPR		pelm;psite	404
ENSP00000338774	BCL11A	208	HGSPLTPRVGI		psite	404
ENSP00000338774	BCL11A	262	GRFPPTPPLFS		psite	404
ENSP00000338774	BCL11A	267	TPPLFSPPPRH		psite	404
ENSP00000338774	BCL11A	328	AGNTSSPPLSP		psite	404
ENSP00000338774	BCL11A	332	SSPPLSPGRPS		psite	404
ENSP00000338774	BCL11A	432	HMHKSSPMTVK		psite	404
ENSP00000338774	BCL11A	608	NGRGCSPGESA		hprd;psite	404
ENSP00000338774	BCL11A	625	KLLLGSPSSLS		psite	404
ENSP00000338774	BCL11A	630	SPSSLSPFSKR		psite	404
ENSP00000338774	BCL11A	701	SLRFSTPPGEL		psite	404
ENSP00000338774	BCL11A	722	GSGGSTPHISG		psite	404
ENSP00000316121	CDCA8	106	AEAIQTPLKSA		hprd;pelm;psite	437
ENSP00000316121	CDCA8	171	RANTVTPAVGR		hprd;psite	437
ENSP00000316121	CDCA8	185	SMVKPTPGLTP		pelm;psite	437
ENSP00000316121	CDCA8	189	PTPGLTPRFDS		hprd;pelm;psite	437
ENSP00000316121	CDCA8	199	SRVFKTPGLRT		hprd;psite	437
ENSP00000316121	CDCA8	204	TPGLRTPAAGE		hprd;pelm;psite	437
ENSP00000316121	CDCA8	219	ISGNGSPLADS	AURKB	hprd;pelm;psite	437
ENSP00000302530	BUB1	375	SAALVSPATSQ		hprd;psite	501
ENSP00000302530	BUB1	452	GMVQATPSKVQ		hprd;pelm;psite	501
ENSP00000302530	BUB1	593	KTLAPSPKSPG	CDK1	hprd;pelm;psite	501
ENSP00000302530	BUB1	596	APSPKSPGDFT		hprd;pelm;psite	501
ENSP00000302530	BUB1	609	AQLASTPFHKL	CDK1	hprd;psite	501
ENSP00000302530	BUB1	655	RDGKFSPIQEK		hprd;pelm;psite	501
ENSP00000302530	BUB1	661	PIQEKSPKQAL		hprd;pelm;psite	501
ENSP00000363836	CCNY	326	RKRSASADNLT		hprd;pelm;psite	720
ENSP00000274026	CCNA2	154	DGSFESPHTMD	CDK2	psite	999
ENSP00000256442	CCNB1	116	KEEKLSPEPIL		pelm;psite	648
ENSP00000256442	CCNB1	126	LVDTASPSPME	CDK1;MAPK1;PLK1	hprd;pelm;psite	648
ENSP00000256442	CCNB1	128	DTASPSPMETS	CDK1;MAPK1;PLK1	hprd;pelm;psite	648
ENSP00000227507	CCND1	286	VDLACTPTDVR	CHUK;GSK3B	hprd;pelm;psite	999
ENSP00000261254	CCND2	280	LDQASTPTDVR	GSK3B;MAPK14	psite	999
ENSP00000362082	CCND3	264	SQTSSSPAPKA		hprd;pelm;psite	999
ENSP00000362082	CCND3	283	PSQTSTPTDVT	GSK3B;MAPK11;MAPK12;MAPK13	pelm;psite	999
ENSP00000262643	CCNE1	77	CSLIPTPDKED	GSK3B	hprd;pelm;psite	999
ENSP00000262643	CCNE1	103	APSRGSPLPVL		hprd;pelm;psite	999
ENSP00000262643	CCNE1	387	EQNRASPLPSG	CDK2	hprd;pelm;psite	999
ENSP00000262643	CCNE1	395	PSGLLTPPQSG	CDK2;GSK3A;GSK3B	hprd;pelm;psite	999
ENSP00000309181	CCNE2	21	PSQTESPQEAQ		hprd;pelm;psite	616
ENSP00000309181	CCNE2	67	LSGGISPCIII		psite	616
ENSP00000309181	CCNE2	74	CIIIETPHKEI		psite	616
ENSP00000309181	CCNE2	383	KGGQLSPVCNG		hprd;psite	616
ENSP00000309181	CCNE2	392	NGGIMTPPKST		hprd;pelm;psite	616
ENSP00000256897	CCNH	132	GNLRESPLGQE		hprd;psite	563
ENSP00000374529	CCNK	324	QPKKPSPQPSS		hprd;pelm;psite	912
ENSP00000374529	CCNK	329	SPQPSSPRQVK		hprd;pelm;psite	912
ENSP00000374529	CCNK	340	RAVVVSPKEEN		hprd;psite	912
ENSP00000295926	CCNL1	65	PEERLSPTPSM		hprd;pelm;psite	937
ENSP00000295926	CCNL1	67	ERLSPTPSMQD		pelm;psite	937
ENSP00000295926	CCNL1	325	LNPDGTPALST		hprd;pelm;psite	937
ENSP00000295926	CCNL1	335	TLGGFSPASKP		hprd;pelm;psite	937
ENSP00000295926	CCNL1	342	ASKPSSPREVK		hprd;pelm;psite	937
ENSP00000295926	CCNL1	352	KAEEKSPISIN		hprd;pelm;psite	937
ENSP00000295926	CCNL1	374	QQASKSPYNGV		hprd;psite	937
ENSP00000295926	CCNL1	445	HHNHGSPHLKA		hprd;psite	937
ENSP00000295926	CCNL1	504	RERSRSFERSH		psite	937
ENSP00000303706	CDC25A	18	LLFACSPPPAS	CDK1	hprd;pelm;psite	923
ENSP00000303706	CDC25A	88	GFCLDSPGPLD	NEK11	pelm;psite	923
ENSP00000303706	CDC25A	116	KLLGCSPALKR	CDK1;PIM1	hprd;pelm;psite	923
ENSP00000303706	CDC25A	321	LSLASSPKGTI		psite	923
ENSP00000321656	CDC25C	48	PDVPRTPVGKF	CDK1	hprd;pelm;psite	461
ENSP00000321656	CDC25C	67	ILSGGTPKRCL	CDK1	hprd;pelm;psite	461
ENSP00000321656	CDC25C	122	HLMKCSPAQLL	CDK1	hprd;pelm;psite	461
ENSP00000321656	CDC25C	130	QLLCSTPNGLD	CDK1	hprd;pelm;psite	461
ENSP00000321656	CDC25C	168	MKYLGSPITTV	CDK1;MAPK8;MAPK9	hprd;pelm;psite	461
ENSP00000321656	CDC25C	214	SGLYRSPSMPE	CDK1;CDK2	hprd;pelm;psite	461
ENSP00000209728	CDC6	45	QTVTCSPRVKA		hprd;pelm;psite	689
ENSP00000209728	CDC6	54	KALPLSPRKRL	CDK2	hprd;pelm;psite	689
ENSP00000209728	CDC6	67	DNLCNTPHLPP		psite	689
ENSP00000209728	CDC6	74	HLPPCSPPKQG	CDK2	hprd;pelm;psite	689
ENSP00000209728	CDC6	106	QLTIKSPSKRE	CDK2	hprd;pelm;psite	689
ENSP00000209728	CDC6	419	LSECKSPSEPL		hprd;psite	689
ENSP00000398880	CDK12	57	DMGLVTPEAAS		hprd;psite	760
ENSP00000398880	CDK12	215	YKTVDSPKRRS		hprd;pelm;psite	760
ENSP00000398880	CDK12	236	SKQDDSPSGAS		hprd;pelm;psite	760
ENSP00000398880	CDK12	249	QDYDLSPSRSH		hprd;pelm;psite	760
ENSP00000398880	CDK12	265	DSYKKSPGSTS		hprd;pelm;psite	760
ENSP00000398880	CDK12	276	RRQSVSPPYKE		hprd;pelm;psite	760
ENSP00000398880	CDK12	291	QSSTRSPSPYS		hprd;psite	760
ENSP00000398880	CDK12	293	STRSPSPYSRR		hprd;pelm;psite	760
ENSP00000398880	CDK12	303	RQRSVSPYSRR		hprd;pelm;psite	760
ENSP00000398880	CDK12	312	RRRSSSYERSG		psite	760
ENSP00000398880	CDK12	323	SYSGRSPSPYG		hprd;pelm;psite	760
ENSP00000398880	CDK12	325	SGRSPSPYGRR		hprd;pelm;psite	760
ENSP00000398880	CDK12	334	RRRSSSPFLSK		hprd;pelm;psite	760
ENSP00000398880	CDK12	345	RSLSRSPLPSR		hprd;pelm;psite	760
ENSP00000398880	CDK12	359	KSRSRSPAYSR		hprd;psite	760
ENSP00000398880	CDK12	383	RSRHSSISPVR	CDK12	hprd;pelm;psite	760
ENSP00000398880	CDK12	385	RHSSISPVRLP	CDK12	hprd;pelm;psite	760
ENSP00000398880	CDK12	423	KESKGSPVFLP		hprd;pelm;psite	760
ENSP00000398880	CDK12	514	KEEIVTPKETE		hprd;psite	760
ENSP00000398880	CDK12	644	DDDMDSPKETL		psite	760
ENSP00000398880	CDK12	681	PGGDLSPPDSP	CDK12	hprd;pelm;psite	760
ENSP00000398880	CDK12	685	LSPPDSPEPKA	CDK12	hprd;pelm;psite	760
ENSP00000398880	CDK12	692	EPKAITPPQQP		hprd;pelm;psite	760
ENSP00000398880	CDK12	1083	PVKNSSPAPPQ		hprd;pelm;psite	760
ENSP00000398880	CDK12	1244	QGPRRTPTMPQ		hprd;psite	760
ENSP00000181839	CDK13	205	RDRRSSSGRSK		psite	760
ENSP00000181839	CDK13	317	RRRSLSPLGGR		hprd;pelm;psite	760
ENSP00000181839	CDK13	325	GGRDDSPVSHR		hprd;pelm;psite	760
ENSP00000181839	CDK13	340	LRSRKSPSPAG		hprd;pelm;psite	760
ENSP00000181839	CDK13	342	SRKSPSPAGGG		hprd;pelm;psite	760
ENSP00000181839	CDK13	349	AGGGSSPYSRR		hprd;pelm;psite	760
ENSP00000181839	CDK13	358	RRLPRSPSPYS		hprd;psite	760
ENSP00000181839	CDK13	360	LPRSPSPYSRR		hprd;psite	760
ENSP00000181839	CDK13	367	YSRRRSPSYSR		hprd;pelm;psite	760
ENSP00000181839	CDK13	369	RRRSPSYSRHS		pelm;psite	760
ENSP00000181839	CDK13	383	RGGDVSPSPYS		hprd;pelm;psite	760
ENSP00000181839	CDK13	385	GDVSPSPYSSS		psite	760
ENSP00000181839	CDK13	397	WRRSRSPYSPV		hprd;pelm;psite	760
ENSP00000181839	CDK13	400	SRSPYSPVLRR		hprd;pelm;psite	760
ENSP00000181839	CDK13	413	KSRSRSPYSSR		psite	760
ENSP00000181839	CDK13	437	RSRHSSISPST	CHEK1	hprd;pelm;psite	760
ENSP00000181839	CDK13	439	RHSSISPSTLT		hprd;pelm;psite	760
ENSP00000181839	CDK13	494	ASNTSTPTKGN		hprd;psite	760
ENSP00000181839	CDK13	525	IEHAPSPSSGG		hprd;pelm;psite	760
ENSP00000181839	CDK13	588	KTKPLTPSIGA		psite	760
ENSP00000181839	CDK13	664	DDLSKSPEEKK		hprd;pelm;psite	760
ENSP00000181839	CDK13	1058	DSRTNTPQGVL		hprd;pelm;psite	760
ENSP00000181839	CDK13	1147	QTDPSTPQQES		hprd;pelm;psite	760
ENSP00000181839	CDK13	1226	PPEPSTPVSGQ		psite	760
ENSP00000181839	CDK13	1246	RILELTPEPDR		hprd;pelm;psite	760
ENSP00000265741	CDK14	102	VRRHSSPSSPT		psite	749
ENSP00000265741	CDK14	105	HSSPSSPTSPK		psite	749
ENSP00000265741	CDK14	108	PSSPTSPKFGK		hprd;psite	749
ENSP00000257904	CDK4	172	YQMALTPVVVT	CDK7	hprd;pelm;psite	906
ENSP00000318486	CDK5R1	8	TVLSLSPSYRK	CDK5	pelm;psite	794
ENSP00000318486	CDK5R1	138	VTSAGTPKRVI	CDK5	pelm;psite	794
ENSP00000337056	CDKN2D	66	LKQGASPNVQD		hprd;pelm;psite	999
ENSP00000337056	CDKN2D	76	DTSGTSPVHDA	CDK2	hprd;pelm;psite	999
ENSP00000337056	CDKN2D	141	DARGLTPLELA	PRKACA	psite	999
ENSP00000406288	CHD8	153	VAALSSPASSA		hprd;psite	408
ENSP00000406288	CHD8	258	KLNTITPVVGK		hprd;pelm;psite	408
ENSP00000406288	CHD8	270	RKRNTSSDNSD		hprd;psite	408
ENSP00000406288	CHD8	283	VMPAQSPREDE		hprd;psite	408
ENSP00000406288	CHD8	1119	NLVIDTPRVRK		pelm;psite	408
ENSP00000406288	CHD8	1703	LSRCSTPLLHQ		psite	408
ENSP00000406288	CHD8	1716	TSRTASPLPLR		hprd;psite	408
ENSP00000406288	CHD8	1729	APVEKSPEETA		hprd;psite	408
ENSP00000406288	CHD8	1767	YEMRVSPSDTT		hprd;psite	408
ENSP00000406288	CHD8	1772	SPSDTTPLVSR		hprd;psite	408
ENSP00000406288	CHD8	1921	NHLLDSPSLTP		psite	408
ENSP00000406288	CHD8	1925	DSPSLTPGEYG		psite	408
ENSP00000406288	CHD8	1932	GEYGDSPVPTP		psite	408
ENSP00000406288	CHD8	1936	DSPVPTPRSSS		psite	408
ENSP00000406288	CHD8	2240	PGYPSSPVTTA		hprd;psite	408
ENSP00000340671	DDIT3	79	TSTSQSPHSPD	MAPK14	hprd;pelm;psite	478
ENSP00000340671	DDIT3	82	SQSPHSPDSSQ	MAPK14	hprd;pelm;psite	478
ENSP00000344456	CTNNB1	191	HAIMRSPQMVS	CDK5	hprd;psite	690
ENSP00000344456	CTNNB1	246	VKMLGSPVDSV	CDK5	psite	690
ENSP00000345571	E2F1	332	SATIVSPPPSS	CDK1	hprd;pelm;psite	942
ENSP00000345571	E2F1	337	SPPPSSPPSSL	CDK1	hprd;pelm;psite	942
ENSP00000345571	E2F1	375	DEDRLSPLVAA	CDK8	hprd;pelm;psite	942
ENSP00000345571	E2F1	403	EFISLSPPHEA	CDK7;GSK3B;GTF2H1;MAPK11	hprd;pelm;psite	942
ENSP00000355249	E2F2	117	VDGLPSPKTPK		psite	899
ENSP00000355249	E2F2	123	PKTPKSPGEKT		psite	899
ENSP00000262904	E2F3	163	RAALRSPDSPK		psite	950
ENSP00000262904	E2F3	166	LRSPDSPKTPK		psite	950
ENSP00000262904	E2F3	172	PKTPKSPSEKT		psite	950
ENSP00000368686	E2F4	14	PPPPGTPSRHE		psite	542
ENSP00000368686	E2F4	244	ASRPNSPQLTP		psite	542
ENSP00000368686	E2F4	384	PLLRLSPPPGD		psite	542
ENSP00000398124	E2F5	261	SLTPVTPQKSS		psite	469
ENSP00000206249	ESR1	104	PLNSVSPSPLM	CDK2;GSK3B;MAPK1;MAPK3;MNAT1	hprd;pelm;psite	460
ENSP00000206249	ESR1	106	NSVSPSPLMLL	CDK2;GSK3B;MAPK1;MAPK3;MNAT1	hprd;pelm;psite	460
ENSP00000206249	ESR1	118	PPPQLSPFLQP	CDK2;CDK7;CHUK;GSK3B;MAPK1;MAPK14;MAPK3	hprd;pelm;psite	460
ENSP00000206249	ESR1	167	RERLASTNDKG	AKT1;AKT2;CSNK2A1;IKBKE;RPS6KA1;RPS6KA3;RPS6KB1	hprd;pelm;psite	460
ENSP00000206249	ESR1	294	ANLWPSPLMIK		pelm;psite	460
ENSP00000320147	EZH2	21	RKRVKSEYMRL	AKT1	hprd;pelm;psite	527
ENSP00000320147	EZH2	350	AERIKTPPKRP	CDK1;CDK2	psite	527
ENSP00000320147	EZH2	372	SSRPSTPTINV		hprd;pelm;psite	527
ENSP00000320147	EZH2	421	NSRCQTPIKMK		hprd;psite	527
ENSP00000320147	EZH2	492	AEDVDTPPRKK	CDK1	hprd;pelm;psite	527
ENSP00000281708	FBXW7	205	VPCSATPTTFG		psite	438
ENSP00000281708	FBXW7	227	RRRITSVQPPT	SGK1	psite	438
ENSP00000281708	FBXW7	349	PGFIHSPWKSA	PLK2	psite	438
ENSP00000306245	FOS	32	LSYYHSPADSF	MAPK7	psite	411
ENSP00000306245	FOS	232	LPEVATPESEE	MAPK1;MAPK3;MAPK7	hprd;pelm;psite	411
ENSP00000306245	FOS	325	LEPLCTPVVTC	MAPK1;MAPK3	hprd;pelm;psite	411
ENSP00000306245	FOS	331	PVVTCTPSCTA	MAPK1;MAPK3	hprd;pelm;psite	411
ENSP00000306245	FOS	374	SDSLSSPTLLA	MAPK1	hprd;pelm;psite	411
ENSP00000342307	FOXM1	35	EEPKRSPAQQE	CDK4	psite	507
ENSP00000342307	FOXM1	331	PLDPGSPQLPE		hprd;pelm;psite	507
ENSP00000342307	FOXM1	489	FGEGFSPLLPV	CDK4;CDK6	psite	507
ENSP00000342307	FOXM1	527	LEEWPSPAPSF	CDK4;CDK6	psite	507
ENSP00000342307	FOXM1	546	EDSSQSPTPRP	CDK4;CDK6	psite	507
ENSP00000342307	FOXM1	548	SSQSPTPRPKK	CDK4;CDK6	psite	507
ENSP00000342307	FOXM1	560	YSGLRSPTRCV	CDK4;CDK6	psite	507
ENSP00000342307	FOXM1	638	GGPFKTPIKET	CDK4;CDK6	psite	507
ENSP00000342307	FOXM1	649	LPISSTPSKSV	CDK1;CDK4;CDK6	hprd;psite	507
ENSP00000342307	FOXM1	658	SVLPRTPESWR	CDK4;CDK6	hprd;pelm;psite	507
ENSP00000342307	FOXM1	665	ESWRLTPPAKV	CDK4;CDK6	hprd;pelm;psite	507
ENSP00000342307	FOXM1	676	GGLDFSPVQTS		psite	507
ENSP00000342307	FOXM1	710	APPLESPQRLL		psite	507
ENSP00000342307	FOXM1	731	PFGNSSPSDID		psite	507
ENSP00000342307	FOXM1	742	VPKPGSPEPQV	CDK4;CDK6	hprd;pelm;psite	507
ENSP00000339527	FOXO3	12	SPAPLSPLEVE	MAPK14	hprd;psite	403
ENSP00000339527	FOXO3	32	RPRSCTWPLQR	AKT1;PIM1;SGK1	hprd;pelm;psite	403
ENSP00000339527	FOXO3	43	PELQASPAKPS		psite	403
ENSP00000339527	FOXO3	253	RRRAVSMDNSN	AKT1;PIM1;SGK1	hprd;pelm;psite	403
ENSP00000339527	FOXO3	284	ESADDSPSQLS		hprd;pelm;psite	403
ENSP00000339527	FOXO3	294	SKWPGSPTSRS	MAPK1;MAPK14;MAPK3	psite	403
ENSP00000339527	FOXO3	315	RSRTNSNASTV	SGK1	hprd;pelm;psite	403
ENSP00000339527	FOXO3	344	DDAPLSPMLYS	MAPK1;MAPK14;MAPK3	psite	403
ENSP00000339527	FOXO3	425	GSGLGSPTSSF	MAPK1;MAPK14;MAPK3	psite	403
ENSP00000339527	FOXO3	574	KHQQQSPVSQS		psite	403
ENSP00000335620	GSTA1	202	FLQPGSPRKPP		hprd;psite	412
ENSP00000420168	GSTA2	202	FLQPGSPRKPP		psite	413
ENSP00000211122	GSTA3	202	FLQPGSPRKPP		psite	420
ENSP00000385545	KIF26B	828	RMRRPTQLRPF		psite	619
ENSP00000285407	KLF10	93	PAFCLTPPYSP		psite	434
ENSP00000285407	KLF10	97	LTPPYSPSDFE		psite	434
ENSP00000285407	KLF10	206	PCAAVSPNRSK		psite	434
ENSP00000285407	KLF10	249	QPAPVSPQQKS		hprd;pelm;psite	434
ENSP00000285407	KLF10	351	PAPGFSPSAAK		psite	434
ENSP00000296509	MAD2L1	187	RLRSFTTTIHK		psite	461
ENSP00000265056	MCM2	13	FTMASSPAQRR	CDK2;CDK7;CSNK2A1	hprd;pelm;psite	935
ENSP00000265056	MCM2	27	DPLTSSPGRSS	CDC7;CDK2;CDK7;CSNK2A1	hprd;pelm;psite	935
ENSP00000265056	MCM2	41	DALTSSPGRDL	CDC7;CDK2;CDK7;CSNK2A1	hprd;pelm;psite	935
ENSP00000265056	MCM2	381	IRIQESPGKVA		hprd;pelm;psite	935
ENSP00000307288	MCM7	121	PGMVRSPQNQY		hprd;pelm;psite	420
ENSP00000307288	MCM7	365	GGVDQSPRGMK	CDK2	hprd;psite	420
ENSP00000417281	MDM2	172	RRRAISETEEN	AKT1;CSNK1D;DAPK3;MAPKAPK2;PIM1	hprd;pelm;psite	567
ENSP00000417281	MDM2	192	RKRHKSDSISL	AKT1;DAPK3;PIM1	hprd;pelm;psite	567
ENSP00000271555	MEF2D	98	FNGCDSPEPDG		hprd;pelm;psite	406
ENSP00000271555	MEF2D	110	DSLEQSPLLED		hprd;pelm;psite	406
ENSP00000271555	MEF2D	180	DPRLLSPQQPA	MAPK7	hprd;pelm;psite	406
ENSP00000271555	MEF2D	192	QRNSVSPGLPQ		hprd;psite	406
ENSP00000271555	MEF2D	231	VSARASPGLLP		hprd;pelm;psite	406
ENSP00000271555	MEF2D	251	VIPAKSPPPPT		hprd;pelm;psite	406
ENSP00000271555	MEF2D	444	KSEPVSPSRER	CDK5	psite	406
ENSP00000339992	MYB	587	ESSPRTPTPFK		psite	950
ENSP00000339992	MYB	653	KQEVESPTDKS	MAPK1;MAPK3	hprd;pelm;psite	950
ENSP00000339992	MYB	720	NRSLASPLQPC		psite	950
ENSP00000367207	MYC	73	FELLPTPPLSP	GSK3A;GSK3B;MAPK1;MAPK10	hprd;pelm;psite	683
ENSP00000367207	MYC	77	PTPPLSPSRRS	CDK5;MAPK1;MAPK10;MAPK8;MAPK9;MTOR	hprd;pelm;psite	683
ENSP00000367207	MYC	86	RSGLCSPSYVA	MAPK10;MAPK8;MAPK9	hprd;pelm;psite	683
ENSP00000367207	MYC	176	RKDSGSPNPAR		hprd;psite	683
ENSP00000367207	MYC	296	RSESGSPSAGG		psite	683
ENSP00000367207	MYC	308	SKPPHSPLVLK		psite	683
ENSP00000367207	MYC	359	NRKCTSPRSSD		hprd;psite	683
ENSP00000296930	NPM1	10	MDMDMSPLRPQ		hprd;pelm;psite	849
ENSP00000296930	NPM1	70	MNYEGSPIKVT	CDK1;CDK2	hprd;pelm;psite	849
ENSP00000296930	NPM1	95	GGFEITPPVVL		hprd;pelm;psite	849
ENSP00000296930	NPM1	199	KSIRDTPAKNA	CDK1;CDK2;CDK6	hprd;pelm;psite	849
ENSP00000296930	NPM1	219	SKPSSTPRSKG	CDK1	hprd;pelm;psite	849
ENSP00000296930	NPM1	234	KKQEKTPKTPK	CDK1;CDK2	hprd;pelm;psite	849
ENSP00000296930	NPM1	237	EKTPKTPKGPS	CDK1	hprd;pelm;psite	849
ENSP00000244741	CDKN1A	57	DFVTETPLEGD	GSK3B;MAPK1;MAPK14;MAPK8	hprd;pelm;psite	999
ENSP00000244741	CDKN1A	98	RRPGTSPALLQ	MAP3K5	pelm;psite	999
ENSP00000244741	CDKN1A	130	EQAEGSPGGPG	CDK2;CDK6;MAPK1;MAPK14;MAPK8	hprd;pelm;psite	999
ENSP00000244741	CDKN1A	145	RKRRQTSMTDF	AKT1;DAPK3;PIM1;PIM2;PRKCA	hprd;pelm;psite	999
ENSP00000228872	CDKN1B	10	RVSNGSPSLER	AKT1;CAMK2A;CDK6;HIPK2;MAPK1;UHMK1	hprd;pelm;psite	999
ENSP00000228872	CDKN1B	157	RKRPATDDSST	AKT1;PIM1;SGK1	hprd;pelm;psite	999
ENSP00000228872	CDKN1B	178	NVSDGSPNAGS	MAPK1	pelm;psite	999
ENSP00000228872	CDKN1B	187	GSVEQTPKKPG	CDK2;CDK6;MAPK1;MAPK3	hprd;pelm;psite	999
ENSP00000269305	TP53	33	ENNVLSPLPSQ	CDK5;CDK7;CDK9;MAPK14;PRKDC	hprd;pelm;psite	613
ENSP00000269305	TP53	46	DDLMLSPDDIE	ATM;CDK5;DYRK2;HIPK2;MAPK14;PRKCD;PRKDC	hprd;pelm;psite	613
ENSP00000269305	TP53	81	APAAPTPAAPA	MAPK8	hprd;psite	613
ENSP00000269305	TP53	150	LWVDSTPPPGT	CSNK2A1	psite	613
ENSP00000269305	TP53	315	NNTSSSPQPKK	AURKA;CDK1;CDK2;CDK9	hprd;pelm;psite	613
ENSP00000413720	CDKN1C	310	GSVEQTPRKRL	AKT1	psite	946
ENSP00000268058	PML	8	PAPARSPRPQQ	HIPK2	pelm;psite	636
ENSP00000268058	PML	36	EGRQPSPSPSP	HIPK2	hprd;pelm;psite	636
ENSP00000268058	PML	38	RQPSPSPSPTE	HIPK2	hprd;pelm;psite	636
ENSP00000268058	PML	40	PSPSPSPTERA	MAPK1;MAPK3	hprd;pelm;psite	636
ENSP00000268058	PML	403	VSKKASPEAAS	MAPK7	hprd;pelm;psite	636
ENSP00000268058	PML	409	PEAASTPRDPI	MAPK7	hprd;pelm;psite	636
ENSP00000268058	PML	505	RLARSSPEQPR		hprd;pelm;psite	636
ENSP00000268058	PML	518	TSKAVSPPHLD		hprd;pelm;psite	636
ENSP00000268058	PML	527	LDGPPSPRSPV	MAPK1;MAPK3	hprd;pelm;psite	636
ENSP00000268058	PML	530	PPSPRSPVIGS	MAPK1;MAPK3	hprd;pelm;psite	636
ENSP00000268058	PML	867	AEGVSTPLAGR		psite	636
ENSP00000368349	POLA1	174	ETPQITPPPVM		hprd;psite	414
ENSP00000368349	POLA1	190	RSIGASPNPFS		hprd;pelm;psite	414
ENSP00000368349	POLA1	209	SGKIASPVSRK		hprd;pelm;psite	414
ENSP00000368349	POLA1	219	KEPPLTPVPLK		hprd;psite	414
ENSP00000368349	POLA1	406	GKETGTPISMK		psite	414
ENSP00000322570	POLE	1297	RQRLESAEGVL		psite	427
ENSP00000322570	POLE	2023	SAPGSTPVRRR		psite	427
ENSP00000418447	PPP2CA	304	HVTRRTPDYFL		pelm;psite	625
ENSP00000361021	PTEN	366	SSTSVTPDVSD	CSNK2A1;GSK3B;PLK3	hprd;pelm;psite	429
ENSP00000267163	RB1	230	YFIKLSPPMLL	CDK2	hprd;psite	999
ENSP00000267163	RB1	249	IPINGSPRTPR	CDK1;CDK2	hprd;pelm;psite	999
ENSP00000267163	RB1	252	NGSPRTPRRGQ	CDK1;CDK2;CDK4	hprd;pelm;psite	999
ENSP00000267163	RB1	356	FETQRTPRKSN	CDK2;CDK4	hprd;pelm;psite	999
ENSP00000267163	RB1	373	VIPPHTPVRTV	CDK1;CDK2;CDK4	hprd;pelm;psite	999
ENSP00000267163	RB1	567	AWLSDSPLFDL	CDK2;MAPK14	hprd;psite	999
ENSP00000267163	RB1	608	ADMYLSPVRSP	CDK2;CDK4	hprd;psite	999
ENSP00000267163	RB1	612	LSPVRSPKKKG	CDK2;CDK4;CDK6;CHEK1;CHEK2	hprd;pelm;psite	999
ENSP00000267163	RB1	780	RPPTLSPIPHI	AURKB;CDK4;CDK6;PRKACA	hprd;psite	999
ENSP00000267163	RB1	788	PHIPRSPYKFP	CDK4;CDK6	hprd;psite	999
ENSP00000267163	RB1	795	YKFPSSPLRIP	CDK4;CDK5;CDK6;CDK9	hprd;psite	999
ENSP00000267163	RB1	807	GNIYISPLKSP	CDK1;CDK2;CDK3;CDK4;CDK5;CDK6;CDK9	hprd;pelm;psite	999
ENSP00000267163	RB1	811	ISPLKSPYKIS	CDK1;CDK2;CDK3;CDK4;CDK5;CDK6;CDK9	hprd;pelm;psite	999
ENSP00000267163	RB1	821	SEGLPTPTKMT	CDK2;CDK6	hprd;pelm;psite	999
ENSP00000267163	RB1	826	TPTKMTPRSRI	CDK2;CDK4;CDK6	hprd;pelm;psite	999
ENSP00000362768	RBL1	332	EEEIGTPRKFT		hprd;pelm;psite	914
ENSP00000362768	RBL1	340	KFTRDTPLGKL		hprd;pelm;psite	914
ENSP00000362768	RBL1	369	SFAPSTPLTGR	CDK4	hprd;pelm;psite	914
ENSP00000362768	RBL1	385	KEAVITPVASA		hprd;pelm;psite	914
ENSP00000362768	RBL1	640	DMQPLSPISVH	CDK2;CDK4	hprd;pelm;psite	914
ENSP00000362768	RBL1	650	HERYSSPTAGS	CDK2;CDK4	hprd;pelm;psite	914
ENSP00000362768	RBL1	749	ESKVKSPVSLT		hprd;pelm;psite	914
ENSP00000362768	RBL1	762	SLIGASPKQTN		hprd;pelm;psite	914
ENSP00000362768	RBL1	915	EDATKTPDCSS		psite	914
ENSP00000362768	RBL1	964	DAPPLSPFPHI	CDK4	hprd;pelm;psite	914
ENSP00000362768	RBL1	975	KQQPGSPRRIS	CDK4	hprd;pelm;psite	914
ENSP00000362768	RBL1	988	HSIYISPHKNG		hprd;pelm;psite	914
ENSP00000362768	RBL1	997	NGSGLTPRSAL		hprd;pelm;psite	914
ENSP00000362768	RBL1	1041	DSDAESPAKRV		hprd;pelm;psite	914
ENSP00000262133	RBL2	401	ALRISTPLTGV	CDK4;CDK6	hprd;pelm;psite	938
ENSP00000262133	RBL2	413	YIKENSPCVTP	CDK2	hprd;pelm;psite	938
ENSP00000262133	RBL2	417	NSPCVTPVSTA	CDK2	hprd;pelm;psite	938
ENSP00000262133	RBL2	603	AWKPESPLWEK		psite	938
ENSP00000262133	RBL2	639	ICIAGSPLTPR	CDK2	hprd;pelm;psite	938
ENSP00000262133	RBL2	642	AGSPLTPRRVT	CDK2	hprd;pelm;psite	938
ENSP00000262133	RBL2	662	GRSITSPTTLY	CDK2	hprd;pelm;psite	938
ENSP00000262133	RBL2	672	YDRYSSPPAST	CDK4;CDK6	hprd;pelm;psite	938
ENSP00000262133	RBL2	688	FVENDSPSDGG	CDK2	hprd;pelm;psite	938
ENSP00000262133	RBL2	694	PSDGGTPGRMP	CDK2	hprd;pelm;psite	938
ENSP00000262133	RBL2	952	RSHQNSPTELN	CDK2	hprd;pelm;psite	938
ENSP00000262133	RBL2	966	TSRDSSPVMRS		hprd;pelm;psite	938
ENSP00000262133	RBL2	986	SSAPPTPTRLT		hprd;pelm;psite	938
ENSP00000262133	RBL2	1035	DAPPLSPYPFV	CDK4;CDK6	hprd;pelm;psite	938
ENSP00000262133	RBL2	1044	FVRTGSPRRIQ	CDK2	hprd;pelm;psite	938
ENSP00000262133	RBL2	1059	HPVYISPHKNE		psite	938
ENSP00000262133	RBL2	1068	NETMLSPREKI	CDK2	hprd;pelm;psite	938
ENSP00000262133	RBL2	1080	YYFSNSPSKRL	CDK2	hprd;pelm;psite	938
ENSP00000262133	RBL2	1097	IRTGETPTKKR	CDK2	hprd;pelm;psite	938
ENSP00000262133	RBL2	1112	EDGSESPAKRI	CDK2	hprd;pelm;psite	938
ENSP00000351697	REV3L	435	RNRMPSPCRSF		psite	409
ENSP00000351697	REV3L	1030	PKVPDSPATKY		psite	409
ENSP00000351697	REV3L	1041	PIYPLTPKKSH		psite	409
ENSP00000351697	REV3L	1124	SPINSSPPRCW		psite	409
ENSP00000351697	REV3L	1724	RSGTLSPEIFE		psite	409
ENSP00000351697	REV3L	1967	NPRPGSPLRSG		psite	409
ENSP00000351697	REV3L	2147	DDRPSSPVEEL		psite	409
ENSP00000212015	SIRT1	14	LQPGGSPSAAG		hprd;psite	554
ENSP00000212015	SIRT1	27	REAASSPAGEP	MAPK8	hprd;pelm;psite	554
ENSP00000212015	SIRT1	47	PGLERSPGEPG	MAPK8	hprd;pelm;psite	554
ENSP00000212015	SIRT1	530	SELPPTPLHVS	CDK1;MAPK8	hprd;psite	554
ENSP00000212015	SIRT1	540	SEDSSSPERTS	CDK1	psite	554
ENSP00000274255	SKP2	64	LGHPESPPRKR	CDK2;PIM1	hprd;pelm;psite	560
ENSP00000274255	SKP2	72	RKRLKSKGSDK	PIM1	psite	560
ENSP00000274255	SKP2	179	LAEHFSPFRVQ		pelm;psite	560
ENSP00000417686	SLBP	20	CDGDASPPSPA		hprd;pelm;psite	422
ENSP00000417686	SLBP	23	DASPPSPARWS		hprd;pelm;psite	422
ENSP00000417686	SLBP	62	PESFTTPEGPK	CDK1	hprd;pelm;psite	422
ENSP00000417686	SLBP	111	RERKSSSGSSD		psite	422
ENSP00000417686	SLBP	171	GIHPKTPNKFK		hprd;psite	422
ENSP00000417686	SLBP	238	DVYSGTPTKVR		psite	422
ENSP00000341208	STAT5A	128	ANNCSSPAGIL		psite	416
ENSP00000341208	STAT5A	193	QLAQLSPQERL		hprd;pelm;psite	416
ENSP00000341208	STAT5A	726	MDQAPSPAVCP		hprd;psite	416
ENSP00000341208	STAT5A	780	LDSRLSPPAGL	MAPK1;MAPK3	hprd;pelm;psite	416
ENSP00000365877	SUV39H1	391	AGLPGSPKKRV		hprd;pelm;psite	909
ENSP00000319248	ZEB1	162	HDENGTPDAFS		psite	478
ENSP00000319248	ZEB1	313	TSQCSSPSLSA		hprd;pelm;psite	478
ENSP00000319248	ZEB1	319	PSLSASPGSPT		hprd;pelm;psite	478
ENSP00000319248	ZEB1	322	SASPGSPTRPQ		hprd;pelm;psite	478
ENSP00000319248	ZEB1	646	SSEPSSPEPGK		hprd;pelm;psite	478
ENSP00000319248	ZEB1	679	TVNLQSPLKMT		hprd;pelm;psite	478
ENSP00000319248	ZEB1	702	GSRSSTPSPSP		hprd;pelm;psite	478
ENSP00000319248	ZEB1	704	RSSTPSPSPLN		hprd;pelm;psite	478
ENSP00000319248	ZEB1	890	NDSDSTPPKKK		psite	478
ENSP00000364519	TFDP1	23	IDQNLSPGKGV	CHEK1	hprd;pelm;psite	943
ENSP00000300403	TPX2	59	LFQGKTPLRKA		hprd;pelm;psite	448
ENSP00000300403	TPX2	72	QQAIVTPLKPV	CDK2	hprd;pelm;psite	448
ENSP00000300403	TPX2	113	AISRKTPAQPQ		hprd;psite	448
ENSP00000300403	TPX2	147	AKRCATPVIID		hprd;pelm;psite	448
ENSP00000300403	TPX2	186	EKNASSPEKAK		hprd;pelm;psite	448
ENSP00000300403	TPX2	293	RKHPSSPARVT		hprd;pelm;psite	448
ENSP00000300403	TPX2	338	DFHKRTPNRYH		hprd;pelm;psite	448
ENSP00000300403	TPX2	369	CRDPQTPVLQT		hprd;pelm;psite	448
ENSP00000300403	TPX2	486	ITVPKSPAFAL		hprd;pelm;psite	448
ENSP00000300403	TPX2	499	RIRMPTKEDEE		hprd;psite	448
ENSP00000300403	TPX2	738	LTVPVSPKFST	CDK1	hprd;pelm;psite	448
ENSP00000314709	ZHX2	37	EKGIGTPQPDV		hprd;psite	409
ENSP00000314709	ZHX2	207	KPEEITPENHV		psite	409
ENSP00000314709	ZHX2	411	KRPLVTPQAAP		psite	409
ENSP00000314709	ZHX2	439	ANPPLTPASDR		psite	409
ENSP00000314709	ZHX2	719	KPMAESPKNGG		psite	409
ENSP00000250003	MYOD1	201	DSDASSPRSNC	CDK1	pelm	505
ENSP00000362768	RBL1	615	PLMPMSPLMHP		hprd;pelm	914
ENSP00000362768	RBL1	1009	YKFNGSPSKSL		hprd;pelm	914
ENSP00000244769	ATXN1	253	VHISSSPQNTG		hprd;pelm	538
ENSP00000217026	MYBL2	577	PGLRRSPIKKV	CDK2	hprd;pelm	400
ENSP00000217026	MYBL2	444	LTPKSTPVKTL	CDK2	hprd;pelm	400
ENSP00000319248	ZEB1	706	STPSPSPLNLS		hprd;pelm	478
ENSP00000314151	KLK3	167	PEEFLTPKKLQ		hprd	836
ENSP00000319248	ZEB1	583	GDGNLSPSQPP		hprd	478
ENSP00000217026	MYBL2	440	SCNSLTPKSTP	CDK2	hprd	400
ENSP00000217026	MYBL2	515	YSMDNTPHTPT	CDK2	hprd	400
ENSP00000351697	REV3L	1579	TRSVTSPRKPR		hprd	409
ENSP00000374529	CCNK	9	NKENSSPSVTS		hprd	912
ENSP00000295926	CCNL1	401	RSRTRSRSRSH		hprd	937
ENSP00000295926	CCNL1	403	RTRSRSRSHTP		hprd	937
ENSP00000295926	CCNL1	405	RSRSRSHTPRR		hprd	937
