name	CDK7
id	ENSP00000256443
type	Serine/threonine kinase
proline+1_removed	No
npartners	157
npartners_with_sites	132
nsites	403
//
motif	score	fg_matches	fg_size	bg_matches	bg_size	fold_increase
.....[ST]P..PK	626.65	11	1373	0	10000	Inf
....P[ST]...YS	322.35	10	722	0	7991	Inf
..RR.[ST].....	318.18	24	1045	18	9383	11.97
.....[ST]P....	307.65	317	1362	617	10000	3.77
.....[ST].EE..	20.52	35	1021	62	9365	5.18
//
prot_id	prot_name	position	flank	kinase	source	string_score
ENSP00000346032	ANXA2	37	EGDHSTPPSAY		hprd;pelm;psite	619
ENSP00000350283	BRCA1	114	KKENNSPEHLK		hprd;psite	703
ENSP00000350283	BRCA1	208	ELLQITPQGTR		psite	703
ENSP00000350283	BRCA1	509	RKRRPTSGLHP	AKT1	hprd;pelm;psite	703
ENSP00000350283	BRCA1	615	RLRRKSSTRHI		psite	703
ENSP00000350283	BRCA1	632	VSRNLSPPNCT	CDK4	psite	703
ENSP00000350283	BRCA1	1009	EEHSMSPEREM		hprd;psite	703
ENSP00000350283	BRCA1	1189	GELSRSPSPFT	ATM;CDK1	hprd;pelm;psite	703
ENSP00000350283	BRCA1	1191	LSRSPSPFTHT	CDK1	hprd;psite	703
ENSP00000350283	BRCA1	1211	AKKLESSEENL		hprd;pelm;psite	703
ENSP00000350283	BRCA1	1497	GVERSSPSKCP	ATM;CDK1;CDK2	hprd;pelm;psite	703
ENSP00000350283	BRCA1	1524	NRNYPSQEELI	ATM;ATR	hprd;pelm;psite	703
ENSP00000350283	BRCA1	1613	AESAQSPAAAH	AKT1	hprd;psite	703
ENSP00000263377	BRD4	324	GQRRESSRPVK		psite	425
ENSP00000263377	BRD4	470	VVAVSSPAVPP		hprd;pelm;psite	425
ENSP00000263377	BRD4	503	SSTDDSEEERA		psite	425
ENSP00000263377	BRD4	601	PPTYESEEEDK		hprd;pelm;psite	425
ENSP00000263377	BRD4	858	QHAVVSPPALH		psite	425
ENSP00000263377	BRD4	942	KVQPPTPLLPS		psite	425
ENSP00000263377	BRD4	1045	IQHHHSPRHHK		hprd;psite	425
ENSP00000263377	BRD4	1064	LREAPSPLMIH		psite	425
ENSP00000263377	BRD4	1070	PLMIHSPQMSQ		psite	425
ENSP00000263377	BRD4	1083	SLTHQSPPQQN		psite	425
ENSP00000263377	BRD4	1117	EEKIHSPIIRS		hprd;pelm;psite	425
ENSP00000263377	BRD4	1126	RSEPFSPSLRP		psite	425
ENSP00000263377	BRD4	1212	QKHPTTPSSTA		psite	425
ENSP00000256442	CCNB1	116	KEEKLSPEPIL		pelm;psite	959
ENSP00000256442	CCNB1	126	LVDTASPSPME	CDK1;MAPK1;PLK1	hprd;pelm;psite	959
ENSP00000256442	CCNB1	128	DTASPSPMETS	CDK1;MAPK1;PLK1	hprd;pelm;psite	959
ENSP00000288207	CCNB2	8	LLRRPTVSSDL		psite	408
ENSP00000288207	CCNB2	92	APKGPSPTPED		hprd;pelm;psite	408
ENSP00000288207	CCNB2	94	KGPSPTPEDVS		hprd;pelm;psite	408
ENSP00000288207	CCNB2	392	VKDLASPLIGR		hprd;psite	408
ENSP00000227507	CCND1	286	VDLACTPTDVR	CHUK;GSK3B	hprd;pelm;psite	955
ENSP00000261254	CCND2	280	LDQASTPTDVR	GSK3B;MAPK14	psite	490
ENSP00000362082	CCND3	264	SQTSSSPAPKA		hprd;pelm;psite	536
ENSP00000362082	CCND3	283	PSQTSTPTDVT	GSK3B;MAPK11;MAPK12;MAPK13	pelm;psite	536
ENSP00000262643	CCNE1	77	CSLIPTPDKED	GSK3B	hprd;pelm;psite	917
ENSP00000262643	CCNE1	103	APSRGSPLPVL		hprd;pelm;psite	917
ENSP00000262643	CCNE1	387	EQNRASPLPSG	CDK2	hprd;pelm;psite	917
ENSP00000262643	CCNE1	395	PSGLLTPPQSG	CDK2;GSK3A;GSK3B	hprd;pelm;psite	917
ENSP00000309181	CCNE2	21	PSQTESPQEAQ		hprd;pelm;psite	906
ENSP00000309181	CCNE2	67	LSGGISPCIII		psite	906
ENSP00000309181	CCNE2	74	CIIIETPHKEI		psite	906
ENSP00000309181	CCNE2	383	KGGQLSPVCNG		hprd;psite	906
ENSP00000309181	CCNE2	392	NGGIMTPPKST		hprd;pelm;psite	906
ENSP00000256897	CCNH	132	GNLRESPLGQE		hprd;psite	999
ENSP00000374529	CCNK	324	QPKKPSPQPSS		hprd;pelm;psite	430
ENSP00000374529	CCNK	329	SPQPSSPRQVK		hprd;pelm;psite	430
ENSP00000374529	CCNK	340	RAVVVSPKEEN		hprd;psite	430
ENSP00000264157	CCNT2	426	GPISTTPGIIP		psite	919
ENSP00000264157	CCNT2	480	SSSVTSPIKMK		hprd;pelm;psite	919
ENSP00000264157	CCNT2	549	KSKHSSPHISR		hprd;psite	919
ENSP00000264157	CCNT2	601	PTVLRSPVGLS		hprd;psite	919
ENSP00000299300	CCT2	428	QLANRTPGKEA		psite	731
ENSP00000303706	CDC25A	18	LLFACSPPPAS	CDK1	hprd;pelm;psite	966
ENSP00000303706	CDC25A	88	GFCLDSPGPLD	NEK11	pelm;psite	966
ENSP00000303706	CDC25A	116	KLLGCSPALKR	CDK1;PIM1	hprd;pelm;psite	966
ENSP00000303706	CDC25A	279	KRPERSQEESP	CHEK1;CHEK2	hprd;pelm;psite	966
ENSP00000303706	CDC25A	293	TKRRKSMSGAS	CHEK1;CHEK2;RPS6KA1	hprd;pelm;psite	966
ENSP00000303706	CDC25A	321	LSLASSPKGTI		psite	966
ENSP00000245960	CDC25B	42	HGLLGSPVRAA		psite	594
ENSP00000245960	CDC25B	50	RAAASSPVTTL		psite	594
ENSP00000245960	CDC25B	160	RLLGHSPVLRN	CDK1	hprd;pelm;psite	594
ENSP00000245960	CDC25B	178	DGRRKSEAGSG		psite	594
ENSP00000245960	CDC25B	238	DLMCLSPDRKM		psite	594
ENSP00000245960	CDC25B	249	EVEELSPLALG	MAPK11	pelm;psite	594
ENSP00000245960	CDC25B	321	QRLFRSPSMPC	CDK1;MELK	hprd;psite	594
ENSP00000245960	CDC25B	353	NKRRRSVTPPE	AURKA;MAPKAPK2;RPS6KA1	hprd;pelm;psite	594
ENSP00000245960	CDC25B	355	RRRSVTPPEEQ	RPS6KA1	hprd;pelm;psite	594
ENSP00000245960	CDC25B	470	SFLLKSPIAPC		psite	594
ENSP00000245960	CDC25B	115	GLCMDSPSPMD	MAPK8	psite	594
ENSP00000245960	CDC25B	117	CMDSPSPMDPH	MAPK8	psite	594
ENSP00000321656	CDC25C	48	PDVPRTPVGKF	CDK1	hprd;pelm;psite	649
ENSP00000321656	CDC25C	67	ILSGGTPKRCL	CDK1	hprd;pelm;psite	649
ENSP00000321656	CDC25C	122	HLMKCSPAQLL	CDK1	hprd;pelm;psite	649
ENSP00000321656	CDC25C	130	QLLCSTPNGLD	CDK1	hprd;pelm;psite	649
ENSP00000321656	CDC25C	168	MKYLGSPITTV	CDK1;MAPK8;MAPK9	hprd;pelm;psite	649
ENSP00000321656	CDC25C	214	SGLYRSPSMPE	CDK1;CDK2	hprd;pelm;psite	649
ENSP00000257904	CDK4	172	YQMALTPVVVT	CDK7	hprd;pelm;psite	965
ENSP00000337056	CDKN2D	66	LKQGASPNVQD		hprd;pelm;psite	466
ENSP00000337056	CDKN2D	76	DTSGTSPVHDA	CDK2	hprd;pelm;psite	466
ENSP00000337056	CDKN2D	141	DARGLTPLELA	PRKACA	psite	466
ENSP00000339495	NELFB	557	DHRKPSPAQAA		hprd;pelm;psite	903
ENSP00000339495	NELFB	564	AQAAETPALEL		hprd;psite	903
ENSP00000292535	CUX1	467	SSSLASPSLPL		hprd;pelm;psite	619
ENSP00000292535	CUX1	887	WPSAESPYSQS		psite	619
ENSP00000292535	CUX1	1059	SPAPESPMSSS		hprd;psite	619
ENSP00000292535	CUX1	1215	MKRRHSSVSDS	PRKACA	pelm;psite	619
ENSP00000292535	CUX1	1237	YSQGASPQPQH	CDK1;PRKACA	hprd;pelm;psite	619
ENSP00000292535	CUX1	1270	QKPYPSPKTIE	CDK1;PRKACA	hprd;pelm;psite	619
ENSP00000292535	CUX1	1380	PPPSGTPGPDD		psite	619
ENSP00000292535	CUX1	1404	PGPLPSPASAT		psite	619
ENSP00000292535	CUX1	1454	APRRPSSLQSL		hprd;pelm;psite	619
ENSP00000292535	CUX1	1496	LEKAASREEPI		hprd;pelm;psite	619
ENSP00000310670	KIAA1967	35	PPGLLTPPVAT		hprd;psite	571
ENSP00000310670	KIAA1967	124	QPLLKSPAPPL		hprd;pelm;psite	571
ENSP00000310670	KIAA1967	484	RRNAETPEATT		hprd;pelm;psite	571
ENSP00000310670	KIAA1967	569	PEKVVSPPEPE		psite	571
ENSP00000310670	KIAA1967	897	LRRRLTPLQLE		hprd;psite	571
ENSP00000301764	DDB1	720	VPLYESPRKIC		psite	907
ENSP00000256996	DDB2	26	NKRSRSPLELE		hprd;pelm;psite	907
ENSP00000345571	E2F1	332	SATIVSPPPSS	CDK1	hprd;pelm;psite	993
ENSP00000345571	E2F1	337	SPPPSSPPSSL	CDK1	hprd;pelm;psite	993
ENSP00000345571	E2F1	375	DEDRLSPLVAA	CDK8	hprd;pelm;psite	993
ENSP00000345571	E2F1	403	EFISLSPPHEA	CDK7;GSK3B;GTF2H1;MAPK11	hprd;pelm;psite	993
ENSP00000355249	E2F2	117	VDGLPSPKTPK		psite	902
ENSP00000355249	E2F2	123	PKTPKSPGEKT		psite	902
ENSP00000262904	E2F3	163	RAALRSPDSPK		psite	918
ENSP00000262904	E2F3	166	LRSPDSPKTPK		psite	918
ENSP00000262904	E2F3	172	PKTPKSPSEKT		psite	918
ENSP00000262809	ELL	180	SRKRATPINLA		psite	901
ENSP00000262809	ELL	309	DPAASSPPGER	MTOR	hprd;pelm;psite	901
ENSP00000262809	ELL	442	SRPHGSPSRSK		hprd;pelm;psite	901
ENSP00000206249	ESR1	104	PLNSVSPSPLM	CDK2;GSK3B;MAPK1;MAPK3;MNAT1	hprd;pelm;psite	892
ENSP00000206249	ESR1	106	NSVSPSPLMLL	CDK2;GSK3B;MAPK1;MAPK3;MNAT1	hprd;pelm;psite	892
ENSP00000206249	ESR1	118	PPPQLSPFLQP	CDK2;CDK7;CHUK;GSK3B;MAPK1;MAPK14;MAPK3	hprd;pelm;psite	892
ENSP00000206249	ESR1	236	KNRRKSCQACR	PRKACA	pelm;psite	892
ENSP00000206249	ESR1	294	ANLWPSPLMIK		pelm;psite	892
ENSP00000206249	ESR1	559	SRGGASVEETD	CSNK2A1	pelm;psite	892
ENSP00000375809	ERCC2	122	IHPEVTPLRFG		psite	998
ENSP00000310520	ERCC4	521	REISSSPESCP		hprd;psite	927
ENSP00000348089	ERCC6	158	IIEQLSPQAAT		hprd;pelm;psite	914
ENSP00000348089	ERCC6	303	APAPVTPPAPV		psite	914
ENSP00000348089	ERCC6	430	DFFPSSGEEAE		hprd;pelm;psite	914
ENSP00000348089	ERCC6	1348	HPSSTSPTEKC		hprd;pelm;psite	914
ENSP00000299543	CTDP1	391	GSEAATPRDSP		psite	967
ENSP00000299543	CTDP1	395	ATPRDSPRPGK		psite	967
ENSP00000299543	CTDP1	575	ESLDQSMEEEE	CSNK2A1	hprd;pelm;psite	967
ENSP00000299543	CTDP1	674	TRLVLSPDAPD		hprd;pelm;psite	967
ENSP00000299543	CTDP1	740	AQRENSPAAFP	CSNK2A1	hprd;pelm;psite	967
ENSP00000378529	FZR1	32	MRRTLTPASSP		hprd;pelm;psite	908
ENSP00000378529	FZR1	36	LTPASSPVSSP		hprd;pelm;psite	908
ENSP00000378529	FZR1	40	SSPVSSPSKHG	CDK5	hprd;pelm;psite	908
ENSP00000378529	FZR1	70	NENEKSPSQNR		pelm;psite	908
ENSP00000378529	FZR1	121	RLQPSTPEKKG	CDK5	psite	908
ENSP00000378529	FZR1	138	STKRSSPDDGN		hprd;pelm;psite	908
ENSP00000378529	FZR1	146	DGNDVSPYSLS		hprd;pelm;psite	908
ENSP00000378529	FZR1	151	SPYSLSPVSNK	CDK2	hprd;pelm;psite	908
ENSP00000378529	FZR1	163	QKLLRSPRKPT	CDK2;CDK5	hprd;pelm;psite	908
ENSP00000348578	G3BP1	149	EPQEESEEEVE		hprd;pelm;psite	800
ENSP00000348578	G3BP1	162	EERQQTPEVVP		hprd;psite	800
ENSP00000348578	G3BP1	232	AQKSSSPAPAD		hprd;pelm;psite	800
ENSP00000283875	GTF2E1	365	ESDDDSPPRPA		psite	930
ENSP00000348168	GTF2E2	19	KRALSTPVVEK		psite	944
ENSP00000377969	GTF2F1	156	RHRTLTAEEAE		psite	942
ENSP00000377969	GTF2F1	224	DASDASGEEGG		hprd;pelm;psite	942
ENSP00000377969	GTF2F1	307	DEQSDSSEESE		hprd;psite	942
ENSP00000377969	GTF2F1	311	DSSEESEEEKP		hprd;psite	942
ENSP00000377969	GTF2F1	331	EKKAPTPQEKK		hprd;psite	942
ENSP00000377969	GTF2F1	341	KRRKDSSEESD		hprd;pelm;psite	942
ENSP00000377969	GTF2F1	347	SEESDSSEESD		hprd;pelm;psite	942
ENSP00000377969	GTF2F1	368	MAKKKTPPKRE		psite	942
ENSP00000377969	GTF2F1	389	NSRPGTPSAEG	GTF2F1	hprd;pelm;psite	942
ENSP00000377969	GTF2F1	437	LSGKSTPQPPS		psite	942
ENSP00000377969	GTF2F1	446	PSGKTTPNSGD	CDK2	hprd;pelm;psite	942
ENSP00000244573	HIST1H1A	152	KKSVKTPKKAK	CDK2	psite	625
ENSP00000244573	HIST1H1A	183	KKVAKSPAKAK	CDK9	psite	625
ENSP00000264108	HAT1	361	KRRLISPYKKK		hprd;pelm;psite	407
ENSP00000328773	HEXIM1	158	HRRRPSKKKRH		psite	425
ENSP00000283179	HNRNPU	26	KKRRLSDKGLK		hprd;pelm;psite	830
ENSP00000283179	HNRNPU	271	YSRAKSPQPPV		hprd;pelm;psite	830
ENSP00000302961	HSPA4	384	QCAILSPAFKV		hprd;psite	420
ENSP00000302961	HSPA4	408	SLRWNSPAEEG		psite	420
ENSP00000302961	HSPA4	538	EQQQQTPAENK		hprd;pelm;psite	420
ENSP00000302961	HSPA4	780	LTSTCSPIISK		hprd;psite	420
ENSP00000387262	IMMT	34	PCRRYSTSGSS		psite	498
ENSP00000325240	LASP1	68	TMVADTPENLR		hprd;pelm;psite	619
ENSP00000325240	LASP1	104	SVVADTPELQR		hprd;pelm;psite	619
ENSP00000325240	LASP1	146	PERRDSQDGSS	CDK7;PRKACA;PRKAR2B;PRKG1;PRKG2	hprd;pelm;psite	619
ENSP00000358862	PCGF6	30	PPPPVSPPALT	CDK7	hprd;psite	630
ENSP00000307288	MCM7	121	PGMVRSPQNQY		hprd;pelm;psite	677
ENSP00000307288	MCM7	365	GGVDQSPRGMK	CDK2	hprd;psite	677
ENSP00000300651	MED1	628	TPPHHTPPPVS		hprd;psite	427
ENSP00000300651	MED1	664	TLYGSSPLERQ		hprd;pelm;psite	427
ENSP00000300651	MED1	675	NSSSGSPRMEI		psite	427
ENSP00000300651	MED1	805	CPAIGTPLRDS		hprd;pelm;psite	427
ENSP00000300651	MED1	1021	DTEGKSPSHSS		psite	427
ENSP00000300651	MED1	1032	SNRPFTPPTST	MAPK1;MAPK3	hprd;psite	427
ENSP00000300651	MED1	1042	TGGSKSPGSAG		psite	427
ENSP00000300651	MED1	1051	AGRSQTPPGVA		hprd;pelm;psite	427
ENSP00000300651	MED1	1057	PPGVATPPIPK		hprd;pelm;psite	427
ENSP00000300651	MED1	1156	GKPGSSPITKH		hprd;psite	427
ENSP00000300651	MED1	1192	SKPNISPSHSR		hprd;psite	427
ENSP00000300651	MED1	1207	SDKLASPMKPV	CDK2	hprd;pelm;psite	427
ENSP00000300651	MED1	1215	KPVPGTPPSSK	CDK2	hprd;pelm;psite	427
ENSP00000300651	MED1	1223	SSKAKSPISSG		hprd;psite	427
ENSP00000300651	MED1	1401	KHDGGSPSIKA		hprd;psite	427
ENSP00000300651	MED1	1433	SKNYGSPLISG		hprd;psite	427
ENSP00000300651	MED1	1440	LISGSTPKHER		hprd;psite	427
ENSP00000300651	MED1	1457	KSPAYTPQNLD	MAPK1;MAPK3	pelm;psite	427
ENSP00000300651	MED1	1479	KSYQNSPSSDD		hprd;pelm;psite	427
ENSP00000363193	MED12	635	GPRPPSPFDDP		hprd;pelm;psite	461
ENSP00000363193	MED12	698	CEGKGSPSPEK		hprd;psite	461
ENSP00000363193	MED12	700	GKGSPSPEKPD		hprd;psite	461
ENSP00000251871	MED17	55	SQGSGSEEEEA		psite	490
ENSP00000261245	MNAT1	51	CPECGTPLRKS		hprd;psite	999
ENSP00000261245	MNAT1	279	HVRAASPQDLA		hprd;psite	999
ENSP00000333633	MTA1	386	GAPGQSPGAGR		hprd;pelm;psite	714
ENSP00000333633	MTA1	449	NRSNMSPHGLP		hprd;pelm;psite	714
ENSP00000333633	MTA1	522	PEASQSPLVLK	CDK2	hprd;pelm;psite	714
ENSP00000333633	MTA1	564	VLSSLTPAKVA		hprd;pelm;psite	714
ENSP00000333633	MTA1	576	VINNGSPTILG		hprd;pelm;psite	714
ENSP00000364289	NCBP1	21	HKRRKTSDANE	RPS6KB1	hprd;pelm;psite	899
ENSP00000362702	NEK6	244	HSLVGTPYYMS		psite	642
ENSP00000362702	NEK6	249	TPYYMSPERIH		psite	642
ENSP00000244741	CDKN1A	57	DFVTETPLEGD	GSK3B;MAPK1;MAPK14;MAPK8	hprd;pelm;psite	953
ENSP00000244741	CDKN1A	98	RRPGTSPALLQ	MAP3K5	pelm;psite	953
ENSP00000244741	CDKN1A	130	EQAEGSPGGPG	CDK2;CDK6;MAPK1;MAPK14;MAPK8	hprd;pelm;psite	953
ENSP00000244741	CDKN1A	145	RKRRQTSMTDF	AKT1;DAPK3;PIM1;PIM2;PRKCA	hprd;pelm;psite	953
ENSP00000228872	CDKN1B	10	RVSNGSPSLER	AKT1;CAMK2A;CDK6;HIPK2;MAPK1;UHMK1	hprd;pelm;psite	948
ENSP00000228872	CDKN1B	178	NVSDGSPNAGS	MAPK1	pelm;psite	948
ENSP00000228872	CDKN1B	187	GSVEQTPKKPG	CDK2;CDK6;MAPK1;MAPK3	hprd;pelm;psite	948
ENSP00000269305	TP53	33	ENNVLSPLPSQ	CDK5;CDK7;CDK9;MAPK14;PRKDC	hprd;pelm;psite	981
ENSP00000269305	TP53	46	DDLMLSPDDIE	ATM;CDK5;DYRK2;HIPK2;MAPK14;PRKCD;PRKDC	hprd;pelm;psite	981
ENSP00000269305	TP53	81	APAAPTPAAPA	MAPK8	hprd;psite	981
ENSP00000269305	TP53	150	LWVDSTPPPGT	CSNK2A1	psite	981
ENSP00000269305	TP53	284	GRDRRTEEENL	AURKB	psite	981
ENSP00000269305	TP53	315	NNTSSSPQPKK	AURKA;CDK1;CDK2;CDK9	hprd;pelm;psite	981
ENSP00000413720	CDKN1C	310	GSVEQTPRKRL	AKT1	psite	468
ENSP00000295797	PRKCI	416	STFCGTPNYIA		hprd;psite	627
ENSP00000295797	PRKCI	564	EPVQLTPDDDD		hprd;psite	627
ENSP00000295797	PRKCI	591	NPLLMSAEECV		hprd;psite	627
ENSP00000263857	POLR1A	357	PEEVATPTTDE		hprd;psite	904
ENSP00000263857	POLR1A	360	VATPTTDEEKD		psite	904
ENSP00000263857	POLR1A	1373	NTRRATQRDLD		psite	904
ENSP00000263857	POLR1A	1429	EVDYESEEEEE		hprd;psite	904
ENSP00000314949	POLR2A	27	QFGVLSPDELK		psite	996
ENSP00000314949	POLR2A	217	KKILLSPERVH		psite	996
ENSP00000314949	POLR2A	1616	QSPSYSPTSPS	BRD4;CDK7;CDK9;PRKDC	pelm;psite	996
ENSP00000314949	POLR2A	1618	PSYSPTSPSYS	CDK9	psite	996
ENSP00000314949	POLR2A	1619	SYSPTSPSYSP	CDK7;CDK9;MAPK1;MAPK3	pelm;psite	996
ENSP00000314949	POLR2A	1812	SSPRYTPQSPT		psite	996
ENSP00000314949	POLR2A	1815	RYTPQSPTYTP		psite	996
ENSP00000314949	POLR2A	1819	QSPTYTPSSPS		psite	996
ENSP00000314949	POLR2A	1821	PTYTPSSPSYS		psite	996
ENSP00000314949	POLR2A	1822	TYTPSSPSYSP		psite	996
ENSP00000314949	POLR2A	1828	PSYSPSSPSYS		psite	996
ENSP00000314949	POLR2A	1829	SYSPSSPSYSP		psite	996
ENSP00000314949	POLR2A	1833	SSPSYSPASPK		psite	996
ENSP00000314949	POLR2A	1836	SYSPASPKYTP		psite	996
ENSP00000314949	POLR2A	1842	PKYTPTSPSYS		psite	996
ENSP00000314949	POLR2A	1843	KYTPTSPSYSP		hprd;psite	996
ENSP00000314949	POLR2A	1847	TSPSYSPSSPE		hprd;pelm;psite	996
ENSP00000314949	POLR2A	1850	SYSPSSPEYTP		hprd;pelm;psite	996
ENSP00000314949	POLR2A	1854	SSPEYTPTSPK		psite	996
ENSP00000314949	POLR2A	1856	PEYTPTSPKYS		hprd;pelm;psite	996
ENSP00000314949	POLR2A	1857	EYTPTSPKYSP		hprd;psite	996
ENSP00000314949	POLR2A	1861	TSPKYSPTSPK		hprd;psite	996
ENSP00000314949	POLR2A	1863	PKYSPTSPKYS		hprd;psite	996
ENSP00000314949	POLR2A	1864	KYSPTSPKYSP		hprd;psite	996
ENSP00000314949	POLR2A	1868	TSPKYSPTSPK		hprd;psite	996
ENSP00000314949	POLR2A	1875	TSPKYSPTSPT		hprd;psite	996
ENSP00000314949	POLR2A	1877	PKYSPTSPTYS		hprd;psite	996
ENSP00000314949	POLR2A	1878	KYSPTSPTYSP		hprd;pelm;psite	996
ENSP00000314949	POLR2A	1882	TSPTYSPTTPK	CDK2	hprd;psite	996
ENSP00000314949	POLR2A	1884	PTYSPTTPKYS	CDK2	hprd;psite	996
ENSP00000314949	POLR2A	1885	TYSPTTPKYSP	CDK2	hprd;pelm;psite	996
ENSP00000314949	POLR2A	1889	TTPKYSPTSPT		hprd;psite	996
ENSP00000314949	POLR2A	1891	PKYSPTSPTYS		hprd;pelm;psite	996
ENSP00000314949	POLR2A	1892	KYSPTSPTYSP		hprd;pelm;psite	996
ENSP00000314949	POLR2A	1896	TSPTYSPTSPV		hprd;pelm;psite	996
ENSP00000314949	POLR2A	1899	TYSPTSPVYTP		hprd;psite	996
ENSP00000314949	POLR2A	1903	TSPVYTPTSPK		hprd;psite	996
ENSP00000314949	POLR2A	1905	PVYTPTSPKYS		hprd;pelm;psite	996
ENSP00000314949	POLR2A	1906	VYTPTSPKYSP		hprd;psite	996
ENSP00000314949	POLR2A	1910	TSPKYSPTSPT		psite	996
ENSP00000314949	POLR2A	1913	KYSPTSPTYSP		hprd;pelm;psite	996
ENSP00000314949	POLR2A	1917	TSPTYSPTSPK	CDK2	hprd;pelm;psite	996
ENSP00000314949	POLR2A	1919	PTYSPTSPKYS		pelm;psite	996
ENSP00000314949	POLR2A	1920	TYSPTSPKYSP	CDK1	pelm;psite	996
ENSP00000314949	POLR2A	1931	TSPTYSPTSPK		pelm;psite	996
ENSP00000314949	POLR2A	1934	TYSPTSPKGST	CDK1	hprd;pelm;psite	996
ENSP00000314949	POLR2A	1951	GYSPTSPTYSL		psite	996
ENSP00000312735	POLR2B	106	RDGAPSPMMPN		psite	936
ENSP00000312735	POLR2B	487	LRRLNSPIGRD		psite	936
ENSP00000219252	POLR2C	124	DLISNSPRVIP		hprd;pelm;psite	929
ENSP00000349541	PTRF	302	LRKSFTPDHVV		hprd;pelm;psite	899
ENSP00000349541	PTRF	365	DLRRGSSPDVH		hprd;pelm;psite	899
ENSP00000349541	PTRF	366	LRRGSSPDVHA		hprd;pelm;psite	899
ENSP00000350708	RAD23B	155	EKPAETPVATS		hprd;pelm;psite	929
ENSP00000350708	RAD23B	160	TPVATSPTATD		hprd;pelm;psite	929
ENSP00000254066	RARA	77	VPSPPSPPPLP	CDK7	pelm;psite	966
ENSP00000254066	RARA	181	ESYTLTPEVGE	MAPK8	pelm;psite	966
ENSP00000254066	RARA	369	RKRRPSRPHMF	PRKACA	psite	966
ENSP00000254066	RARA	445	PPGSCSPSLSP	MAPK8	pelm;psite	966
ENSP00000231572	RARS	282	KKRFDTEEEFK		hprd;psite	870
ENSP00000267163	RB1	230	YFIKLSPPMLL	CDK2	hprd;psite	933
ENSP00000267163	RB1	249	IPINGSPRTPR	CDK1;CDK2	hprd;pelm;psite	933
ENSP00000267163	RB1	252	NGSPRTPRRGQ	CDK1;CDK2;CDK4	hprd;pelm;psite	933
ENSP00000267163	RB1	356	FETQRTPRKSN	CDK2;CDK4	hprd;pelm;psite	933
ENSP00000267163	RB1	373	VIPPHTPVRTV	CDK1;CDK2;CDK4	hprd;pelm;psite	933
ENSP00000267163	RB1	567	AWLSDSPLFDL	CDK2;MAPK14	hprd;psite	933
ENSP00000267163	RB1	608	ADMYLSPVRSP	CDK2;CDK4	hprd;psite	933
ENSP00000267163	RB1	612	LSPVRSPKKKG	CDK2;CDK4;CDK6;CHEK1;CHEK2	hprd;pelm;psite	933
ENSP00000267163	RB1	780	RPPTLSPIPHI	AURKB;CDK4;CDK6;PRKACA	hprd;psite	933
ENSP00000267163	RB1	788	PHIPRSPYKFP	CDK4;CDK6	hprd;psite	933
ENSP00000267163	RB1	795	YKFPSSPLRIP	CDK4;CDK5;CDK6;CDK9	hprd;psite	933
ENSP00000267163	RB1	807	GNIYISPLKSP	CDK1;CDK2;CDK3;CDK4;CDK5;CDK6;CDK9	hprd;pelm;psite	933
ENSP00000267163	RB1	811	ISPLKSPYKIS	CDK1;CDK2;CDK3;CDK4;CDK5;CDK6;CDK9	hprd;pelm;psite	933
ENSP00000267163	RB1	821	SEGLPTPTKMT	CDK2;CDK6	hprd;pelm;psite	933
ENSP00000267163	RB1	826	TPTKMTPRSRI	CDK2;CDK4;CDK6	hprd;pelm;psite	933
ENSP00000262173	RNMT	77	SCGKDTPSKKR		psite	928
ENSP00000341885	RPS2	77	DMKIKSLEEIY		psite	623
ENSP00000341885	RPS2	252	TYSYLTPDLWK		psite	623
ENSP00000341885	RPS2	264	TVFTKSPYQEF		hprd;pelm;psite	623
ENSP00000401802	PSMC6	258	GGRRFSEGTSA		psite	406
ENSP00000305769	SMAD1	132	YKRVESPVLPP		psite	609
ENSP00000305769	SMAD1	187	HPFPHSPNSSY	CDK8;CDK9;MAPK1	pelm;psite	609
ENSP00000305769	SMAD1	195	SSYPNSPGSSS	CDK8;CDK9;MAPK1	hprd;pelm;psite	609
ENSP00000305769	SMAD1	206	STYPHSPTSSD	CDK7;CDK8;CDK9;MAPK1	hprd;pelm;psite	609
ENSP00000305769	SMAD1	214	SSDPGSPFQMP	CDK8;CDK9;MAPK1	hprd;pelm;psite	609
ENSP00000216297	SUPT16H	494	AKRRLTEQKGE	AURKB	psite	903
ENSP00000216297	SUPT16H	982	KESLGSEEESG		hprd;pelm;psite	903
ENSP00000278412	SSRP1	688	RRSEDSEEEEL	CSNK2A1	hprd;pelm;psite	906
ENSP00000362690	NR5A1	203	PEPYASPPQPG	CDK7;MAPK1	hprd;pelm;psite	811
ENSP00000299424	TAF10	44	AENKASPAGTA		psite	902
ENSP00000263974	TAF12	43	VKIPGTPGAGG		hprd;pelm;psite	910
ENSP00000263974	TAF12	51	AGGRLSPENNQ		hprd;pelm;psite	910
ENSP00000367802	TAF1C	828	PPQRDTPGCAT		psite	902
ENSP00000367802	TAF1C	834	PGCATTPPHSQ		hprd;pelm;psite	902
ENSP00000252996	TAF4	109	RPGPPSPRRPL		psite	899
ENSP00000252996	TAF4	543	ATLQRSPGVQP		psite	899
ENSP00000252996	TAF4	1046	SSGVGTPRQFT		psite	899
ENSP00000344537	TAF6	120	SDIINTPLPRV		psite	911
ENSP00000344537	TAF6	503	QPGPRTPGLLK		psite	911
ENSP00000344537	TAF6	532	APPQPSPPPTK		psite	911
ENSP00000344537	TAF6	626	PTSHPSPVPPP		hprd;pelm;psite	911
ENSP00000344537	TAF6	634	PPPASSPSPLS		hprd;pelm;psite	911
ENSP00000344537	TAF6	636	PASSPSPLSGS		hprd;pelm;psite	911
ENSP00000344537	TAF6	653	QEAGDSPPPAP		hprd;pelm;psite	911
ENSP00000344537	TAF6	660	PPAPGTPKANG		hprd;pelm;psite	911
ENSP00000344537	TAF6	672	QPNSGSPQPAP		hprd;psite	911
ENSP00000312709	TAF7	159	KKYIESPDVEK		psite	731
ENSP00000312709	TAF7	201	GLDISSPGMSG		hprd;psite	731
ENSP00000217893	TAF9	85	DQSFTSPPPRD		hprd;pelm;psite	943
ENSP00000217893	TAF9	159	TSRPSTPTLGT		hprd;pelm;psite	943
ENSP00000217893	TAF9	164	TPTLGTPTPQT		psite	943
ENSP00000217893	TAF9	178	STKVGTPMSLT		hprd;pelm;psite	943
ENSP00000217893	TAF9	196	MPTSQSPAVKA		hprd;psite	943
ENSP00000395574	TCEB3	151	GSRSYSPDHRQ		hprd;pelm;psite	921
ENSP00000395574	TCEB3	188	RCHRMSPTYSS		psite	921
ENSP00000395574	TCEB3	222	VDHYRSLEEDQ		hprd;psite	921
ENSP00000395574	TCEB3	397	SNNLKTPEGKV		psite	921
ENSP00000395574	TCEB3	542	RKAFSSPQEEE		hprd;psite	921
ENSP00000364519	TFDP1	23	IDQNLSPGKGV	CHEK1	hprd;pelm;psite	911
ENSP00000302640	UBTF	117	PKKPLTPYFRF	MAPK1;MAPK3	hprd;pelm;psite	907
ENSP00000302640	UBTF	201	PEKPKTPQQLW	MAPK1;MAPK3	hprd;pelm;psite	907
ENSP00000302640	UBTF	389	KKQATSPASKK	CDK2	hprd;pelm;psite	907
ENSP00000302640	UBTF	484	GKLPESPKRAE	CDK2;CDK4	hprd;pelm;psite	907
ENSP00000302640	UBTF	638	WVKSLSPQDRA		hprd;pelm;psite	907
ENSP00000229022	VDR	175	PNSRHTPSFSG		psite	662
ENSP00000402084	WEE1	67	LPPARSPTEPG		hprd;psite	918
ENSP00000402084	WEE1	85	GPAPGSPGELE		hprd;psite	918
ENSP00000402084	WEE1	123	GFGSSSPVKSP	CDK1	hprd;pelm;psite	918
ENSP00000402084	WEE1	127	SSPVKSPAAPY		hprd;pelm;psite	918
ENSP00000402084	WEE1	139	LGSSFSPVRCG		hprd;pelm;psite	918
ENSP00000402084	WEE1	150	GPGDASPRGCG		hprd;psite	918
ENSP00000402084	WEE1	165	GEGRRSPRPDH		hprd;pelm;psite	918
ENSP00000402084	WEE1	173	PDHPGTPPHKT	WEE1	hprd;pelm;psite	918
ENSP00000402084	WEE1	187	LRLFDTPHTPK		hprd;psite	918
ENSP00000402084	WEE1	190	FDTPHTPKSLL		hprd;psite	918
ENSP00000402084	WEE1	239	NINPFTPDSLL		psite	918
ENSP00000372335	NELFA	168	LAGPLTPPVKH	CDK2	hprd;pelm;psite	899
ENSP00000372335	NELFA	223	KMDTTTPLKGI		psite	899
ENSP00000372335	NELFA	236	QAPFRSPTAPS		hprd;psite	899
ENSP00000372335	NELFA	244	APSVFSPTGNR		hprd;pelm;psite	899
ENSP00000372335	NELFA	288	KRRRKTLDAEV		hprd;psite	899
ENSP00000372335	NELFA	308	VVENATPDYAA		psite	899
ENSP00000372335	NELFA	339	SYLPSTPSVVP		psite	899
ENSP00000372335	NELFA	354	IPSSETPPAPS		psite	899
ENSP00000372335	NELFA	374	EPSAPSPTLPA		hprd;psite	899
ENSP00000285021	XPC	122	TMNEDSNEEEE		hprd;pelm;psite	932
ENSP00000285021	XPC	169	EIEIETPEQAK		hprd;pelm;psite	932
ENSP00000285021	XPC	398	RSKPSSSEEDE		hprd;psite	932
ENSP00000285021	XPC	884	GGGLSSDEEEG		hprd;pelm;psite	932
ENSP00000347978	ERCC5	156	EEEKHSSEEED		hprd;pelm;psite	978
ENSP00000347978	ERCC5	157	EEKHSSEEEDE		hprd;pelm;psite	978
ENSP00000347978	ERCC5	217	TKRRRTLFEAM		psite	978
ENSP00000347978	ERCC5	338	KEPDATPPSPR		hprd;pelm;psite	978
ENSP00000347978	ERCC5	341	DATPPSPRTLL		hprd;pelm;psite	978
ENSP00000347978	ERCC5	356	ALLGSSSEEEL		hprd;pelm;psite	978
ENSP00000347978	ERCC5	357	LLGSSSEEELE		hprd;pelm;psite	978
ENSP00000347978	ERCC5	384	DEGSISPRTLS		hprd;pelm;psite	978
ENSP00000347978	ERCC5	526	ELTPASPTCTN		hprd;pelm;psite	978
ENSP00000292535	CUX1	452	GTHQFSPAGLS		hprd;pelm	619
ENSP00000348089	ERCC6	1009	LFTLTSPDASQ		hprd;pelm	914
ENSP00000231572	RARS	38	GCLGASPNLEQ		hprd	870
ENSP00000350283	BRCA1	967	ETGLITPNKHG	CDK2	hprd	703
ENSP00000292535	CUX1	1054	TSASCSPAPES		hprd	619
ENSP00000292535	CUX1	749	KLLSTSPMPTV		hprd	619
ENSP00000347978	ERCC5	924	RTLQLTPGFPN		hprd	978
ENSP00000307288	MCM7	320	GAGELTREELR		hprd	677
ENSP00000402084	WEE1	559	PERRPSAMALV		hprd	918
ENSP00000402084	WEE1	78	PERRRSPGPAP		hprd	918
ENSP00000363193	MED12	1778	GAAPPSTEERK		hprd	461
ENSP00000300651	MED1	1453	PSHSKSPAYTP		hprd	427
ENSP00000300651	MED1	623	IGSSPTPPHHT		hprd	427
ENSP00000278412	SSRP1	642	MEKKSTPSRGS		hprd	906
ENSP00000314949	POLR2A	1962	TSPAISPDDSD		hprd	996
ENSP00000361465	POLR1C	226	DHAKFSPVATA		hprd	901
ENSP00000374529	CCNK	9	NKENSSPSVTS		hprd	430
ENSP00000372335	NELFA	9	QRRALSPKMAS		hprd	899
