name	CDK8
id	ENSP00000370938
type	Serine/threonine kinase
proline+1_removed	No
npartners	133
npartners_with_sites	107
nsites	86
//
motif	score	fg_matches	fg_size	bg_matches	bg_size	fold_increase
K..P.[ST]P....	630.03	13	1600	0	10000	Inf
P.Y..[ST]SP...	342.58	12	918	0	8829	Inf
...P.[ST]PP...	327.22	14	1587	1	10000	88.22
...P.[ST]P.Y..	323.31	13	1573	1	9999	82.64
R.R..[ST].....	314.12	27	1097	34	9383	6.79
//
prot_id	prot_name	position	flank	kinase	source	string_score
ENSP00000350283	BRCA1	509	RKRRPTSGLHP	AKT1	hprd;pelm;psite	737
ENSP00000350283	BRCA1	615	RLRRKSSTRHI		psite	737
ENSP00000263377	BRD4	942	KVQPPTPLLPS		psite	646
ENSP00000261900	CCNT1	577	RKRGPSEETGG		hprd;psite	740
ENSP00000381522	CHD9	2079	KSEPVSPKNGV		psite	899
ENSP00000345571	E2F1	337	SPPPSSPPSSL	CDK1	hprd;pelm;psite	462
ENSP00000206249	ESR1	167	RERLASTNDKG	AKT1;AKT2;CSNK2A1;IKBKE;RPS6KA1;RPS6KA3;RPS6KB1	hprd;pelm;psite	510
ENSP00000299543	CTDP1	839	RKRQPSMSETM		psite	611
ENSP00000320935	SLC2A4	274	RERPLSLLQLL	SGK1	pelm;psite	899
ENSP00000358154	HIST2H3C	46	RYRPGTVALRE		psite	621
ENSP00000300651	MED1	1032	SNRPFTPPTST	MAPK1;MAPK3	hprd;psite	999
ENSP00000300651	MED1	1215	KPVPGTPPSSK	CDK2	hprd;pelm;psite	999
ENSP00000263390	MED26	323	LAQPSTPPVRR		hprd;psite	977
ENSP00000263390	MED26	535	VLVPQSPPTDL		hprd;psite	977
ENSP00000258648	MED4	32	RERLLSALEDL		psite	911
ENSP00000282516	NIPBL	702	KSRPETPKQKG		psite	621
ENSP00000282516	NIPBL	892	KSRPDSPRVKQ		hprd;psite	621
ENSP00000282516	NIPBL	1150	RYRNRSPSDSD		hprd;pelm;psite	621
ENSP00000282516	NIPBL	1152	RNRSPSDSDME		hprd;pelm;psite	621
ENSP00000282516	NIPBL	2509	RKRVDSDSDSD		hprd;pelm;psite	621
ENSP00000244741	CDKN1A	145	RKRRQTSMTDF	AKT1;DAPK3;PIM1;PIM2;PRKCA	hprd;pelm;psite	462
ENSP00000263253	EP300	1834	RRRMASMQRTG	AKT1	hprd;pelm;psite	906
ENSP00000264867	PPARGC1A	299	LTPPTTPPHKA	MAPK14	hprd;pelm;psite	899
ENSP00000264867	PPARGC1A	571	RSRSRSFSRHR		psite	899
ENSP00000264867	PPARGC1A	636	RPRYDSYEEYQ		psite	899
ENSP00000314949	POLR2A	1618	PSYSPTSPSYS	CDK9	psite	873
ENSP00000314949	POLR2A	1619	SYSPTSPSYSP	CDK7;CDK9;MAPK1;MAPK3	pelm;psite	873
ENSP00000314949	POLR2A	1815	RYTPQSPTYTP		psite	873
ENSP00000314949	POLR2A	1821	PTYTPSSPSYS		psite	873
ENSP00000314949	POLR2A	1822	TYTPSSPSYSP		psite	873
ENSP00000314949	POLR2A	1828	PSYSPSSPSYS		psite	873
ENSP00000314949	POLR2A	1829	SYSPSSPSYSP		psite	873
ENSP00000314949	POLR2A	1836	SYSPASPKYTP		psite	873
ENSP00000314949	POLR2A	1842	PKYTPTSPSYS		psite	873
ENSP00000314949	POLR2A	1843	KYTPTSPSYSP		hprd;psite	873
ENSP00000314949	POLR2A	1849	PSYSPSSPEYT		hprd;pelm;psite	873
ENSP00000314949	POLR2A	1850	SYSPSSPEYTP		hprd;pelm;psite	873
ENSP00000314949	POLR2A	1856	PEYTPTSPKYS		hprd;pelm;psite	873
ENSP00000314949	POLR2A	1857	EYTPTSPKYSP		hprd;psite	873
ENSP00000314949	POLR2A	1863	PKYSPTSPKYS		hprd;psite	873
ENSP00000314949	POLR2A	1864	KYSPTSPKYSP		hprd;psite	873
ENSP00000314949	POLR2A	1877	PKYSPTSPTYS		hprd;psite	873
ENSP00000314949	POLR2A	1878	KYSPTSPTYSP		hprd;pelm;psite	873
ENSP00000314949	POLR2A	1885	TYSPTTPKYSP	CDK2	hprd;pelm;psite	873
ENSP00000314949	POLR2A	1891	PKYSPTSPTYS		hprd;pelm;psite	873
ENSP00000314949	POLR2A	1892	KYSPTSPTYSP		hprd;pelm;psite	873
ENSP00000314949	POLR2A	1898	PTYSPTSPVYT		hprd;pelm;psite	873
ENSP00000314949	POLR2A	1899	TYSPTSPVYTP		hprd;psite	873
ENSP00000314949	POLR2A	1905	PVYTPTSPKYS		hprd;pelm;psite	873
ENSP00000314949	POLR2A	1906	VYTPTSPKYSP		hprd;psite	873
ENSP00000314949	POLR2A	1913	KYSPTSPTYSP		hprd;pelm;psite	873
ENSP00000314949	POLR2A	1919	PTYSPTSPKYS		pelm;psite	873
ENSP00000314949	POLR2A	1920	TYSPTSPKYSP	CDK1	pelm;psite	873
ENSP00000314949	POLR2A	1933	PTYSPTSPKGS		pelm;psite	873
ENSP00000314949	POLR2A	1951	GYSPTSPTYSL		psite	873
ENSP00000327213	NRIP1	807	KSEPVSPQDFS		psite	625
ENSP00000386759	SETD2	459	RARESSDSEEE		psite	400
ENSP00000386759	SETD2	1068	RNRLQSVVVVP		psite	400
ENSP00000386759	SETD2	2080	RKRRSSLSPPS		hprd;pelm;psite	400
ENSP00000261531	SNW1	33	RSRQTSLVSSR		hprd;psite	916
ENSP00000261531	SNW1	224	PRGPPSPPAPV	CDK2	hprd;pelm;psite	916
ENSP00000262160	SMAD2	8	SILPFTPPVVK	MAPK3	hprd;pelm;psite	659
ENSP00000262160	SMAD2	220	NYIPETPPPGY	MAPK1;MAPK3	hprd;pelm;psite	659
ENSP00000332973	SMAD3	8	SILPFTPPIVK	CDK2;CDK4	hprd;pelm;psite	625
ENSP00000332973	SMAD3	179	SNIPETPPPGY	CDK2;CDK4;CDK8;CDK9;MAPK1	hprd;pelm;psite	625
ENSP00000254480	SMARCC1	319	RDRKASANARK		hprd;pelm;psite	611
ENSP00000254480	SMARCC1	328	RKRKHSPSPPP		hprd;pelm;psite	611
ENSP00000267064	SMARCC2	304	RKRSPSPSPTP		hprd;pelm;psite	611
ENSP00000267064	SMARCC2	322	KKGPSTPYTKS		hprd;psite	611
ENSP00000348551	NCOR2	149	KLEPVSPPSPP		hprd;pelm;psite	899
ENSP00000348551	NCOR2	152	PVSPPSPPHTD		hprd;pelm;psite	899
ENSP00000348551	NCOR2	215	PEKPVSPPPIE		hprd;pelm;psite	899
ENSP00000348551	NCOR2	493	RRRGKSQQQQQ		psite	899
ENSP00000348551	NCOR2	2230	GIEPVSPPEGM		hprd;psite	899
ENSP00000320940	NCOA1	1179	GTNPGTPPAST	MAPK1;MAPK3	hprd;pelm;psite	900
ENSP00000399968	NCOA2	736	KQEPVSPKKKE	MAPK1;MAPK3	hprd;pelm;psite	908
ENSP00000354476	SREBF2	469	KDEPDSPPVAL		psite	611
ENSP00000346634	THRAP3	26	RSRSRSFSKSR		psite	958
ENSP00000346634	THRAP3	28	RSRSFSKSRSR		psite	958
ENSP00000346634	THRAP3	46	RKRRLSSRSRS		pelm;psite	958
ENSP00000346634	THRAP3	53	RSRSRSYSPAH		hprd;pelm;psite	958
ENSP00000346634	THRAP3	55	RSRSYSPAHNR		hprd;pelm;psite	958
ENSP00000219473	USP10	74	DTLPRTPSYSI		hprd;psite	515
ENSP00000346634	THRAP3	36	RSRSRSLSRSR		pelm	958
ENSP00000300651	MED1	1000	RSRTPSNDGKS		hprd	999
ENSP00000346634	THRAP3	779	RDRSRSSSSSS		hprd	958
