name	CDK9
id	ENSP00000362361
type	Serine/threonine kinase
proline+1_removed	No
npartners	228
npartners_with_sites	198
nsites	66
//
motif	score	fg_matches	fg_size	bg_matches	bg_size	fold_increase
.S...[ST]D.E..	922.96	11	1945	0	9383	Inf
.....[ST]P..PK	628.95	10	2419	0	10000	Inf
....D[ST]D.D..	623.32	11	1863	0	9342	Inf
P.Y..[ST]SP...	338.27	12	1304	0	7832	Inf
...P.[ST]PP...	331.43	19	2409	1	10000	78.87
//
prot_id	prot_name	position	flank	kinase	source	string_score
ENSP00000217026	MYBL2	18	LHYQDTDSDVP	CSNK2A1	psite	651
ENSP00000215574	CDC34	71	IDYPYSPPAFR		hprd;psite	654
ENSP00000312995	CLSPN	1012	DNEFDSDEDEH		hprd;pelm;psite	659
ENSP00000312995	CLSPN	1156	LFHRDSDDDQT		hprd;pelm;psite	659
ENSP00000348089	ERCC6	303	APAPVTPPAPV		psite	739
ENSP00000299543	CTDP1	474	SSSSASDGESE		psite	970
ENSP00000299543	CTDP1	584	EEEEDTDEDDH	CSNK2A1	psite	970
ENSP00000269216	GATA6	34	AREPSTPPSPI		psite	621
ENSP00000338799	IL6ST	670	QWSPHTPPRHN		hprd;psite	621
ENSP00000302276	HEXIM2	32	PGSPQTPPERH		hprd;pelm;psite	900
ENSP00000299601	LEO1	29	GSDSDSDQENA		hprd;pelm;psite	859
ENSP00000299601	LEO1	277	ESARGSDSEDE		hprd;pelm;psite	859
ENSP00000299601	LEO1	300	DSEADSDTEVP		hprd;pelm;psite	859
ENSP00000265343	AFF4	392	SSSEDSDGEQD		hprd;pelm;psite	992
ENSP00000265343	AFF4	1055	AVGMPSPVSPK		hprd;pelm;psite	992
ENSP00000263390	MED26	323	LAQPSTPPVRR		hprd;psite	417
ENSP00000263390	MED26	535	VLVPQSPPTDL		hprd;psite	417
ENSP00000367207	MYC	363	TSPRSSDTEEN	CSNK2A1	hprd;psite	987
ENSP00000368459	NUFIP1	342	NSDSESDKEEK		hprd;pelm;psite	886
ENSP00000298281	PCF11	633	TKGILSPRAPK		hprd;psite	469
ENSP00000264867	PPARGC1A	266	PLTPESPNDPK	MAPK14	hprd;pelm;psite	488
ENSP00000264867	PPARGC1A	299	LTPPTTPPHKA	MAPK14	hprd;pelm;psite	488
ENSP00000314949	POLR2A	1618	PSYSPTSPSYS	CDK9	psite	999
ENSP00000314949	POLR2A	1821	PTYTPSSPSYS		psite	999
ENSP00000314949	POLR2A	1828	PSYSPSSPSYS		psite	999
ENSP00000314949	POLR2A	1833	SSPSYSPASPK		psite	999
ENSP00000314949	POLR2A	1842	PKYTPTSPSYS		psite	999
ENSP00000314949	POLR2A	1849	PSYSPSSPEYT		hprd;pelm;psite	999
ENSP00000314949	POLR2A	1854	SSPEYTPTSPK		psite	999
ENSP00000314949	POLR2A	1856	PEYTPTSPKYS		hprd;pelm;psite	999
ENSP00000314949	POLR2A	1861	TSPKYSPTSPK		hprd;psite	999
ENSP00000314949	POLR2A	1863	PKYSPTSPKYS		hprd;psite	999
ENSP00000314949	POLR2A	1868	TSPKYSPTSPK		hprd;psite	999
ENSP00000314949	POLR2A	1877	PKYSPTSPTYS		hprd;psite	999
ENSP00000314949	POLR2A	1882	TSPTYSPTTPK	CDK2	hprd;psite	999
ENSP00000314949	POLR2A	1891	PKYSPTSPTYS		hprd;pelm;psite	999
ENSP00000314949	POLR2A	1898	PTYSPTSPVYT		hprd;pelm;psite	999
ENSP00000314949	POLR2A	1903	TSPVYTPTSPK		hprd;psite	999
ENSP00000314949	POLR2A	1905	PVYTPTSPKYS		hprd;pelm;psite	999
ENSP00000314949	POLR2A	1917	TSPTYSPTSPK	CDK2	hprd;pelm;psite	999
ENSP00000314949	POLR2A	1919	PTYSPTSPKYS		pelm;psite	999
ENSP00000314949	POLR2A	1931	TSPTYSPTSPK		pelm;psite	999
ENSP00000314949	POLR2A	1933	PTYSPTSPKGS		pelm;psite	999
ENSP00000335084	PPP1CC	311	ATRPVTPPRGM		psite	623
ENSP00000264515	RBBP5	497	GKEKDSPFKPK		hprd;psite	419
ENSP00000374280	RTF1	313	TSEVYSDDEEE		hprd;psite	888
ENSP00000262519	SETD1A	508	FSFLASDTEEE		hprd;psite	434
ENSP00000262519	SETD1A	540	GHGPCTPPPAP		hprd;pelm;psite	434
ENSP00000262519	SETD1A	1185	EPPPATPPQAK		psite	434
ENSP00000386759	SETD2	1417	ESDSESDGELQ		hprd;pelm;psite	922
ENSP00000355013	CTR9	925	FVNDDTDDDLP		hprd;pelm;psite	878
ENSP00000355013	CTR9	1043	NSNSDSDEDEQ		hprd;pelm;psite	878
ENSP00000355013	CTR9	1085	RSDQDSDSDQP		hprd;psite	878
ENSP00000355013	CTR9	1138	ESERGSDNEGS		hprd;pelm;psite	878
ENSP00000353622	SIN3A	277	YASPRSPPVQP		hprd;pelm;psite	472
ENSP00000261531	SNW1	224	PRGPPSPPAPV	CDK2	hprd;pelm;psite	735
ENSP00000274255	SKP2	64	LGHPESPPRKR	CDK2;PIM1	hprd;pelm;psite	886
ENSP00000262160	SMAD2	8	SILPFTPPVVK	MAPK3	hprd;pelm;psite	619
ENSP00000262160	SMAD2	220	NYIPETPPPGY	MAPK1;MAPK3	hprd;pelm;psite	619
ENSP00000332973	SMAD3	8	SILPFTPPIVK	CDK2;CDK4	hprd;pelm;psite	638
ENSP00000332973	SMAD3	179	SNIPETPPPGY	CDK2;CDK4;CDK8;CDK9;MAPK1	hprd;pelm;psite	638
ENSP00000278412	SSRP1	444	DEYADSDEDQH		hprd;pelm;psite	925
ENSP00000278412	SSRP1	510	SNEGDSDRDEK	CSNK2A1	hprd;pelm;psite	925
ENSP00000351250	TRIM33	1105	EVTEDSDEDFI		hprd;pelm;psite	480
ENSP00000283943	TRIP12	1317	EDDEDSDDDGS		hprd;pelm;psite	571
ENSP00000372335	NELFA	168	LAGPLTPPVKH	CDK2	hprd;pelm;psite	922
