name	CDKL5
id	ENSP00000369325
type	Serine/threonine kinase
proline+1_removed	No
npartners	77
npartners_with_sites	63
nsites	225
//
motif	score	fg_matches	fg_size	bg_matches	bg_size	fold_increase
.....[ST]P.K..	315.24	18	533	22	10000	15.35
..RR.[ST].....	314.22	14	430	18	9383	16.97
.....[ST]P....	307.65	85	515	595	9978	2.77
..R..[ST].....	10.68	56	416	465	9365	2.71
.....[ST]..D..	10.19	49	360	425	8900	2.85
//
prot_id	prot_name	position	flank	kinase	source	string_score
ENSP00000359489	AFF2	431	DLKLSSDEDDL		psite	555
ENSP00000359489	AFF2	517	APRVATPEPEP		psite	555
ENSP00000359489	AFF2	931	RRRNVSGNNGP		psite	555
ENSP00000362441	ATRX	34	SEETSSPPRLA		hprd;pelm;psite	553
ENSP00000362441	ATRX	52	ISGSGSNSDMM		psite	553
ENSP00000362441	ATRX	84	SKRKPSIVTKY		hprd;pelm;psite	553
ENSP00000362441	ATRX	112	ASNENSENDIT		hprd;psite	553
ENSP00000362441	ATRX	191	IYRHPSLQVLI		psite	553
ENSP00000362441	ATRX	316	HTSRFSPKKTS		hprd;psite	553
ENSP00000362441	ATRX	566	VKLNISSKDNR		hprd;psite	553
ENSP00000362441	ATRX	591	LYVKLTPVSLS		hprd;psite	553
ENSP00000362441	ATRX	598	VSLSNSPIKGA		hprd;psite	553
ENSP00000362441	ATRX	661	SPRVKTTPLRR		psite	553
ENSP00000362441	ATRX	662	PRVKTTPLRRP		hprd;psite	553
ENSP00000362441	ATRX	668	PLRRPTETNPV		psite	553
ENSP00000362441	ATRX	675	TNPVTSNSDEE		hprd;pelm;psite	553
ENSP00000362441	ATRX	704	DKRNSSDSAID		psite	553
ENSP00000362441	ATRX	706	RNSSDSAIDNP		hprd;psite	553
ENSP00000362441	ATRX	729	TVDQNSDSDEM		hprd;pelm;psite	553
ENSP00000362441	ATRX	750	SHSSSSDTDIN		psite	553
ENSP00000362441	ATRX	784	RKRKSSTSGSD		psite	553
ENSP00000362441	ATRX	786	RKSSTSGSDFD		psite	553
ENSP00000362441	ATRX	788	SSTSGSDFDTK		psite	553
ENSP00000362441	ATRX	815	TQSESSNYDSE		psite	553
ENSP00000362441	ATRX	849	TKDFDSSEDEK		hprd;pelm;psite	553
ENSP00000362441	ATRX	875	TSQEGSSDDAE		hprd;pelm;psite	553
ENSP00000362441	ATRX	1011	EQQYESSSDGT		hprd;psite	553
ENSP00000362441	ATRX	1076	GDSCDSSEDKK		psite	553
ENSP00000362441	ATRX	1141	ERRNLSSKRNT		hprd;psite	553
ENSP00000362441	ATRX	1286	KANLSSDEDGS		psite	553
ENSP00000362441	ATRX	1291	SDEDGSSDDEP		psite	553
ENSP00000362441	ATRX	1322	KNQVNSESDSD		hprd;psite	553
ENSP00000362441	ATRX	1324	QVNSESDSDSE		hprd;psite	553
ENSP00000362441	ATRX	1346	LRHKLTVSDGE		hprd;psite	553
ENSP00000362441	ATRX	1493	KLRTETQNALK		psite	553
ENSP00000362441	ATRX	1527	EIEDASPTKCP		hprd;pelm;psite	553
ENSP00000362441	ATRX	1913	DEFIASDSDET		hprd;pelm;psite	553
ENSP00000362441	ATRX	1996	SSNPSSPAPDW		hprd;pelm;psite	553
ENSP00000362441	ATRX	2379	LSRQASQELDV		psite	553
ENSP00000218147	BCORL1	496	PGVLASPELRS		psite	540
ENSP00000218147	BCORL1	599	TSVTFSPLKSP		psite	540
ENSP00000218147	BCORL1	613	EREMASPPECS		hprd;psite	540
ENSP00000218147	BCORL1	1033	SSRRGSSTERP		hprd;psite	540
ENSP00000218147	BCORL1	1034	SRRGSSTERPQ		hprd;psite	540
ENSP00000218147	BCORL1	1042	RPQLGSQVDLG		psite	540
ENSP00000218147	BCORL1	1162	ESTKKSPRGAS		hprd;psite	540
ENSP00000218147	BCORL1	1679	GLDDRSPPGSS		hprd;psite	540
ENSP00000362372	BRWD3	678	VNRAYSVNGAL		psite	462
ENSP00000362372	BRWD3	693	MDISSSPNIRL		psite	462
ENSP00000362372	BRWD3	702	RLRRHSSQIEG		psite	462
ENSP00000362372	BRWD3	703	LRRHSSQIEGV		hprd;pelm;psite	462
ENSP00000362372	BRWD3	1265	EERNSTDAEED		psite	462
ENSP00000362372	BRWD3	1466	SSGAPSPKGKQ		hprd;pelm;psite	462
ENSP00000362372	BRWD3	1579	KLLSASEEDEN		psite	462
ENSP00000367408	CASK	51	AKFTSSPGLST		hprd;psite	475
ENSP00000367408	CASK	465	TPPPTSPYLNG		psite	475
ENSP00000268383	CDR2	311	LKRSSSETILS		hprd;pelm;psite	423
ENSP00000268383	CDR2	344	KQRGISLLHEV		psite	423
ENSP00000268383	CDR2	418	VSSPTTPPEYK		psite	423
ENSP00000368824	CNKSR2	390	HKGSESPNSFL		hprd;psite	488
ENSP00000368824	CNKSR2	756	GSSAVSPIRKT		psite	488
ENSP00000368824	CNKSR2	908	EKLGDSLQDLY		hprd;psite	488
ENSP00000369009	CXorf23	17	KHRSLSPVPRN		hprd;pelm;psite	674
ENSP00000369009	CXorf23	78	SYEHRSPSPNI		hprd;pelm;psite	674
ENSP00000369009	CXorf23	80	EHRSPSPNIRN		hprd;pelm;psite	674
ENSP00000369009	CXorf23	139	VQGGHSPDDHR		pelm;psite	674
ENSP00000369009	CXorf23	402	PDVKPSPINLR		psite	674
ENSP00000390475	CXXC1	124	QRRAGSGTGVG		psite	420
ENSP00000390475	CXXC1	224	FPSSLSPVTPS		hprd;pelm;psite	420
ENSP00000390475	CXXC1	227	SLSPVTPSESL		hprd;pelm;psite	420
ENSP00000363480	DLG3	78	AKLIPTGRDVG		psite	559
ENSP00000363480	DLG3	112	PECTCTNRDWY		hprd;psite	559
ENSP00000363480	DLG3	759	MNRRQTYEQAN		psite	559
ENSP00000364324	FAM120C	31	LARTVSRQQQQ		psite	408
ENSP00000364324	FAM120C	1031	QGRSRSQVNGN		psite	408
ENSP00000339004	FOXG1	277	KLRRRSTTSRA		psite	514
ENSP00000339004	FOXG1	279	RRRSTTSRAKL	AKT1	psite	514
ENSP00000369538	GDI2	61	FKIPGSPPESM		hprd;pelm;psite	527
ENSP00000369538	GDI2	382	EQKFVSISDLL		psite	527
ENSP00000327589	GLUD2	79	FDRGASIVEDK		psite	463
ENSP00000327589	GLUD2	410	ANGPTTPEADK		psite	463
ENSP00000352035	KCNQ2	217	DRRGGTWKLLG		psite	425
ENSP00000352035	KCNQ2	857	PPRSATGEGPF		psite	425
ENSP00000368972	MAP7D2	187	NKRLSSSTVAI		psite	406
ENSP00000368972	MAP7D2	290	PKRPSSPVISK		psite	406
ENSP00000368972	MAP7D2	315	PPYPGSPVKYR		psite	406
ENSP00000395535	MECP2	92	PEASASPKQRR		hprd;pelm;psite	984
ENSP00000395535	MECP2	228	RVLEKSPGKLL		hprd;psite	984
ENSP00000395535	MECP2	241	MPFQTSPGGKA		hprd;psite	984
ENSP00000395535	MECP2	369	KGRSSSASSPP		psite	984
ENSP00000395535	MECP2	372	SSSASSPPKKE		psite	984
ENSP00000363193	MED12	635	GPRPPSPFDDP		hprd;pelm;psite	412
ENSP00000363193	MED12	698	CEGKGSPSPEK		hprd;psite	412
ENSP00000363193	MED12	700	GKGSPSPEKPD		hprd;psite	412
ENSP00000363193	MED12	1269	GGRNISVETAS		hprd;psite	412
ENSP00000302111	MGMT	41	CEMKRTTLDSP		psite	475
ENSP00000302111	MGMT	45	RTTLDSPLGKL		psite	475
ENSP00000302111	MGMT	232	GATSGSPPAGR		hprd;pelm;psite	475
ENSP00000262843	MID2	116	VSGPNSPSESR		psite	502
ENSP00000312244	MSL3	311	EELSPSPPLLN		psite	451
ENSP00000312244	MSL3	319	LLNPSTPQSTE		psite	451
ENSP00000312244	MSL3	334	TGEPATPKRRK		psite	451
ENSP00000312244	MSL3	367	SESSASPQPKR		hprd;pelm;psite	451
ENSP00000312244	MSL3	392	HLEKKTPVHSR		psite	451
ENSP00000312244	MSL3	400	HSRSSSPIPLT		hprd;pelm;psite	451
ENSP00000312244	MSL3	405	SPIPLTPSKEG		hprd;pelm;psite	451
ENSP00000359417	MTMR1	43	GSRQPSVETLD		psite	524
ENSP00000359417	MTMR1	49	VETLDSPTGSH		psite	524
ENSP00000359417	MTMR1	653	SERGSSPSHSA		hprd;pelm;psite	524
ENSP00000369400	NHS	243	RREHRSRSDRR		pelm;psite	913
ENSP00000369400	NHS	380	LRRRKTISGIP	CHEK1	hprd;pelm;psite	913
ENSP00000369400	NHS	397	IDSDESPVARE		hprd;pelm;psite	913
ENSP00000369400	NHS	483	SSRTRSRSLPR		hprd;pelm;psite	913
ENSP00000369400	NHS	485	RTRSRSLPREG		hprd;pelm;psite	913
ENSP00000369400	NHS	680	GHRANSFTSTV		psite	913
ENSP00000369400	NHS	718	CRQDFSPERPK		psite	913
ENSP00000369400	NHS	976	ESRATTPSLPS		psite	913
ENSP00000369400	NHS	1155	TTAALSPSKIR		hprd;pelm;psite	913
ENSP00000369400	NHS	1173	VSRQYSTEDTI		psite	913
ENSP00000369400	NHS	1241	PIPENTPTKNC		hprd;pelm;psite	913
ENSP00000369400	NHS	1308	TSQSDSPTRAT		hprd;pelm;psite	913
ENSP00000369400	NHS	1413	EGVFVSPNKPR		psite	913
ENSP00000369400	NHS	1478	PNSQRSPGLIY		hprd;pelm;psite	913
ENSP00000369400	NHS	1505	LLKKGSRSDSS		psite	913
ENSP00000363163	NLGN3	13	PSLSLSPKPTV		psite	425
ENSP00000376921	NTNG2	340	PLPHGSPNACA		psite	677
ENSP00000347710	OPHN1	372	EPIYHSPITKQ		psite	478
ENSP00000347710	OPHN1	652	DPGRKSPSRPI		hprd;psite	478
ENSP00000264360	PCDH10	897	PRRVNSSAFQE		psite	529
ENSP00000338868	PHF8	84	PVKTGSPTFVR	CDK1	hprd;pelm;psite	619
ENSP00000338868	PHF8	670	EEDYTTDEDMV		hprd;pelm;psite	619
ENSP00000338868	PHF8	768	GTVSNSPASQR		hprd;psite	619
ENSP00000338868	PHF8	790	YWRTESEEEEE		hprd;psite	619
ENSP00000338868	PHF8	821	YPSLESDDDDP		hprd;pelm;psite	619
ENSP00000338868	PHF8	844	DDAPWSPKARV		hprd;pelm;psite	619
ENSP00000338868	PHF8	868	GTRVASIETGL	CHEK1	psite	619
ENSP00000338868	PHF8	985	TQRRPSVGSQS		psite	619
ENSP00000369274	PHKA2	695	FSAIHSTRDIL		psite	475
ENSP00000369274	PHKA2	735	LNLVDSPQPLL		hprd;pelm;psite	475
ENSP00000369274	PHKA2	1015	MTRRFSADEQF		hprd;pelm;psite	475
ENSP00000369274	PHKA2	1044	SSTPSSPTGTS		psite	475
ENSP00000338185	PLCB1	981	KKSEPSSPDHG		psite	401
ENSP00000338185	PLCB1	982	KSEPSSPDHGS	MAPK1;MAPK3	hprd;pelm;psite	401
ENSP00000323511	PNKP	111	WEETRTPESQP		hprd;psite	462
ENSP00000323511	PNKP	114	TRTPESQPDTP		hprd;pelm;psite	462
ENSP00000323511	PNKP	118	ESQPDTPPGTP		hprd;pelm;psite	462
ENSP00000323511	PNKP	122	DTPPGTPLVSQ		hprd;pelm;psite	462
ENSP00000354871	PPEF1	84	ELRNQSLESEQ		psite	679
ENSP00000331418	PTPRM	821	GRSVSSPSSFT		hprd;pelm;psite	675
ENSP00000349824	REPS2	461	RPRSRSYSSTS		psite	527
ENSP00000349824	REPS2	463	RSRSYSSTSIE	CDK1	psite	527
ENSP00000349824	REPS2	493	HSRASSLDLNK		psite	527
ENSP00000349824	REPS2	544	LSRAPSQAAES		psite	527
ENSP00000349824	REPS2	631	LARLNSELQQQ		psite	527
ENSP00000251900	SCML2	256	AKTESSPSEAS		hprd;pelm;psite	766
ENSP00000251900	SCML2	267	QHSMQSPQKTT		hprd;pelm;psite	766
ENSP00000251900	SCML2	300	PKRSSSVKNIT		hprd;pelm;psite	766
ENSP00000251900	SCML2	305	SVKNITPRKKG		hprd;pelm;psite	766
ENSP00000251900	SCML2	496	TERQSTKRSPQ		psite	766
ENSP00000251900	SCML2	499	QSTKRSPQQTV		hprd;pelm;psite	766
ENSP00000251900	SCML2	511	YVVPLSPKLPK	CDK2	hprd;pelm;psite	766
ENSP00000251900	SCML2	583	PGTTSSPLVGD		hprd;pelm;psite	766
ENSP00000251900	SCML2	590	LVGDISPKSSP		hprd;pelm;psite	766
ENSP00000251900	SCML2	594	ISPKSSPHEVK		hprd;pelm;psite	766
ENSP00000330320	SLC9A7	693	SRRTKSSSEEV		psite	650
ENSP00000363392	SNX12	14	TRRLNSKPQDL		psite	472
ENSP00000363392	SNX12	73	VRRRYSDFEWL		hprd;pelm;psite	472
ENSP00000359567	SOX3	380	KSEPSSPPPAI		hprd;psite	431
ENSP00000361824	SPTAN1	982	DYQEKSPREVT		hprd;psite	462
ENSP00000361824	SPTAN1	1190	DSKTASPWKSA		hprd;psite	462
ENSP00000361824	SPTAN1	1217	NERWRSLQQLA		hprd;pelm;psite	462
ENSP00000361824	SPTAN1	1306	QSHPESAEDLQ		psite	462
ENSP00000361824	SPTAN1	1386	HQEHRTEIDAR		psite	462
ENSP00000361824	SPTAN1	1413	HGHYASPEIKQ		hprd;psite	462
ENSP00000361824	SPTAN1	1578	TASDESYKDPT		psite	462
ENSP00000361824	SPTAN1	1802	YGRDLTGVQNL		psite	462
ENSP00000362399	STXBP1	489	DIMEDTIEDKL		psite	428
ENSP00000295987	SYN1	9	LRRRLSDSNFM	PRKACA	hprd;psite	499
ENSP00000295987	SYN1	39	PPGAHSPGATP		pelm;psite	499
ENSP00000295987	SYN1	67	SPAAPSPGSSG	CDK5	hprd;psite	499
ENSP00000295987	SYN1	427	RQRDASPGRGS		pelm;psite	499
ENSP00000295987	SYN1	436	GSHGQTPSPGA		psite	499
ENSP00000295987	SYN1	438	HGQTPSPGALP	UHMK1	pelm;psite	499
ENSP00000295987	SYN1	449	LGRQTSQQPAG		psite	499
ENSP00000295987	SYN1	551	ARPPASPSPQR	CDK5	hprd;pelm;psite	499
ENSP00000295987	SYN1	553	PPASPSPQRQA	CDK5	hprd;pelm;psite	499
ENSP00000295987	SYN1	605	PTRQASQAGPV	CAMK2G	hprd;pelm;psite	499
ENSP00000276072	TAF1	545	EATSNSPSKES		hprd;pelm;psite	462
ENSP00000276072	TAF1	1381	KRRVGTTVHCD		psite	462
ENSP00000276072	TAF1	1693	DESNMSVLDIP		psite	462
ENSP00000276072	TAF1	1701	DIPSATPEKQV		hprd;psite	462
ENSP00000364591	TSPYL2	16	KTRRLSSSESP		hprd;pelm;psite	472
ENSP00000364591	TSPYL2	17	TRRLSSSESPQ		hprd;pelm;psite	472
ENSP00000364591	TSPYL2	20	LSSSESPQRDP	CDK2	hprd;pelm;psite	472
ENSP00000364591	TSPYL2	340	LVSHSTPIRWH	CDK2	hprd;psite	472
ENSP00000381045	UBE3A	218	RIGDSSQGDNN		hprd;pelm;psite	406
ENSP00000346667	WNK3	489	IRDRVTPIKKT		psite	488
ENSP00000346667	WNK3	509	EERRDSQCKSM		psite	488
ENSP00000346667	WNK3	734	KQRRASCPRPE		psite	488
ENSP00000370242	WWC3	563	RARRISACLSD		psite	480
ENSP00000370242	WWC3	909	IVRSQTFSPGA		psite	480
ENSP00000370242	WWC3	927	LYRSDSDSSTL		psite	480
ENSP00000315173	ZNF41	434	HQRIHTGEKPY		psite	443
ENSP00000315173	ZNF41	462	HQRIHTGEKPY		psite	443
ENSP00000315173	ZNF41	490	HQRIHTGEKPY		psite	443
ENSP00000315173	ZNF41	602	HQRIHTGEKPY		psite	443
ENSP00000315173	ZNF41	630	HHRIHTGEKPY		psite	443
ENSP00000339585	ZNF449	298	PTLGETPENSN		psite	422
ENSP00000369400	NHS	684	NSFTSTVADLL		hprd;pelm	913
ENSP00000362441	ATRX	977	DQSDETSEDDK		hprd	553
ENSP00000362441	ATRX	978	QSDETSEDDKK		hprd	553
ENSP00000362441	ATRX	1244	TGFCQSSGDEA		hprd	553
ENSP00000394071	GDI1	413	THFETTCNDIK		hprd	469
ENSP00000394071	GDI1	222	ARYGKSPYLYP		hprd	469
ENSP00000359729	SLC9A6	656	RFMGNSSEDAL		hprd	413
ENSP00000369400	NHS	310	IHNIPSTLDKQ		hprd	913
ENSP00000295987	SYN1	510	PQRLPSPTSAP		hprd	499
ENSP00000295987	SYN1	568	ATRQTSVSGPA	CAMK2G	hprd	499
ENSP00000295987	SYN1	62	VAPAASPAAPS	CDK5	hprd	499
ENSP00000362399	STXBP1	306	QEVTRSLKDFS	PRKCA	hprd	428
ENSP00000218147	BCORL1	155	KQVDCSPAGVK		hprd	540
ENSP00000368972	MAP7D2	721	IEGFNSPGQET		hprd	406
ENSP00000368972	MAP7D2	650	QSMDVSPVSKE		hprd	406
ENSP00000362372	BRWD3	1454	RKRLRSSSSSL		hprd	462
ENSP00000255531	PCDH19	37	EQRAGTVIANV		hprd	607
