name	CHEK1
id	ENSP00000278916
type	Serine/threonine kinase
proline+1_removed	Yes
npartners	408
npartners_with_sites	353
nsites	247
//
motif	score	fg_matches	fg_size	bg_matches	bg_size	fold_increase
..D..[ST]D.E..	922.96	16	4368	0	9383	Inf
..RR.[ST].....	615.31	61	4203	17	9288	7.93
....D[ST]D.D..	335.26	12	3072	0	7910	Inf
.....[ST]D.E..	320.15	76	4352	38	9383	4.31
.KR..[ST].....	315.53	38	3700	18	8795	5.02
//
prot_id	prot_name	position	flank	kinase	source	string_score
ENSP00000300161	YWHAB	60	GARRSSWRVIS	PRKCD	hprd;pelm;psite	683
ENSP00000306330	YWHAG	59	GARRSSWRVIS	LATS2	psite	708
ENSP00000309503	YWHAZ	58	GARRSSWRVVS	AKT1;MAPKAPK2;PRKACA	hprd;pelm;psite	963
ENSP00000371475	TP53BP1	882	AKQLSSDAEAQ		hprd;pelm;psite	781
ENSP00000225402	AATF	155	SVQSISDFEKF		hprd;pelm;psite	619
ENSP00000358301	ADRB1	312	GKRRPSRLVAL	PRKACA	psite	800
ENSP00000355090	ARHGAP11A	285	RKRRQSVGDFV		hprd;pelm;psite	738
ENSP00000356379	ASPM	170	HNRRVSNIQNV		hprd;psite	877
ENSP00000287394	ATAD2	1139	VGDKRSDPEQN		psite	765
ENSP00000287394	ATAD2	1200	DHKIESDTEET		hprd;psite	765
ENSP00000313171	ATAD5	356	MENSLSDPENE		hprd;psite	540
ENSP00000313171	ATAD5	1116	DFKGSSDDEEE		hprd;psite	540
ENSP00000278616	ATM	2996	CKRNLSDIDQS	ATM	hprd;psite	999
ENSP00000343741	ATR	435	KRRRLSSSLNP		hprd;psite	999
ENSP00000216911	AURKA	288	SSRRTTLCGTL	AURKA;PAK1;PRKACA	hprd;pelm;psite	864
ENSP00000217026	MYBL2	18	LHYQDTDSDVP	CSNK2A1	psite	500
ENSP00000316121	CDCA8	154	KKRTQSIQGKG	AURKB	hprd;psite	810
ENSP00000350283	BRCA1	509	RKRRPTSGLHP	AKT1	hprd;pelm;psite	966
ENSP00000350283	BRCA1	615	RLRRKSSTRHI		psite	966
ENSP00000350283	BRCA1	694	SKRHDSDTFPE	AKT1	hprd;psite	966
ENSP00000350283	BRCA1	1336	QGVGLSDKELV		hprd;pelm;psite	966
ENSP00000350283	BRCA1	1342	DKELVSDDEER		hprd;pelm;psite	966
ENSP00000369497	BRCA2	805	GNNYESDVELT		psite	963
ENSP00000344609	BTG3	193	SGSSSSDEETS		psite	817
ENSP00000301280	CHAF1A	803	LKRLISENSVY		psite	557
ENSP00000315700	CHAF1B	485	PSRRVTLNTLQ		hprd;psite	793
ENSP00000335463	CASC5	24	VRRRHSSILKP	AURKB	psite	580
ENSP00000335463	CASC5	60	NSRRVSFADTI	AURKB	hprd;pelm;psite	580
ENSP00000335463	CASC5	1093	SQRRKSLKLKN		psite	580
ENSP00000335463	CASC5	1675	KVRRCSLGIFL		hprd;pelm;psite	580
ENSP00000335463	CASC5	1690	NKRNCSVTGID		hprd;pelm;psite	580
ENSP00000288207	CCNB2	8	LLRRPTVSSDL		psite	926
ENSP00000288207	CCNB2	11	RPTVSSDLENI		psite	926
ENSP00000303706	CDC25A	124	LKRSHSDSLDH	CHEK1;CHEK2	hprd;pelm;psite	999
ENSP00000303706	CDC25A	293	TKRRKSMSGAS	CHEK1;CHEK2;RPS6KA1	hprd;pelm;psite	999
ENSP00000245960	CDC25B	178	DGRRKSEAGSG		psite	995
ENSP00000245960	CDC25B	353	NKRRRSVTPPE	AURKA;MAPKAPK2;RPS6KA1	hprd;pelm;psite	995
ENSP00000360532	CDC5L	303	PAPQISDAELQ		hprd;pelm;psite	411
ENSP00000209728	CDC6	20	PKRKLSRALNK		psite	996
ENSP00000328228	CDCA2	977	GKRRKSFCIST		psite	752
ENSP00000328228	CDCA2	1000	YRRRSSLNGKG		psite	752
ENSP00000306968	CDCA7	242	RPRRRTFPGVA	AKT1	psite	860
ENSP00000265148	CENPE	422	RKRRVTWCLGK		hprd;pelm;psite	811
ENSP00000265148	CENPE	2083	EKRLLSDGQQH		psite	811
ENSP00000355922	CENPF	1868	SEGLNSDLEMH		hprd;psite	826
ENSP00000355922	CENPF	2082	ARLSESDYEKL		hprd;psite	826
ENSP00000360540	CEP55	52	GKGKLTDKERH		psite	899
ENSP00000367276	CKAP2	39	LLRRKTLFAYK		psite	724
ENSP00000312995	CLSPN	65	KVLQDSDSETE		hprd;pelm;psite	999
ENSP00000312995	CLSPN	987	SGSFPTDKEEE		psite	999
ENSP00000312995	CLSPN	1012	DNEFDSDEDEH		hprd;pelm;psite	999
ENSP00000312995	CLSPN	1156	LFHRDSDDDQT		hprd;pelm;psite	999
ENSP00000364589	CUL4A	738	KKRIESLIDRD		psite	957
ENSP00000301764	DDB1	1125	MKREATADDLI		psite	748
ENSP00000313420	PRKDC	1065	FKRLYSLALHP		psite	993
ENSP00000352516	DNMT1	224	KRRRVTSRERV		hprd;psite	981
ENSP00000328547	DNMT3B	52	RGRRSSSRLSK		psite	589
ENSP00000328547	DNMT3B	383	KTRRRTADDSA		hprd;psite	589
ENSP00000307143	DONSON	28	RKRARSRGAAA		psite	667
ENSP00000362850	DSN1	95	QDRRQSWRRAS		psite	551
ENSP00000362850	DSN1	100	SWRRASMKETN	AURKB	psite	551
ENSP00000362850	DSN1	109	TNRRKSLHPIH	AURKB	hprd;pelm;psite	551
ENSP00000339897	EME1	15	LDSGDSDSEEL		hprd;pelm;psite	403
ENSP00000269214	ESCO1	288	SVPEQSDNELE		psite	478
ENSP00000306999	ESCO2	244	EVIEDSDVETV		hprd;pelm;psite	706
ENSP00000311873	EXO1	422	VKRPRSAELSE		hprd;pelm;psite	940
ENSP00000311873	EXO1	581	KATVFTDEESY		psite	940
ENSP00000311873	EXO1	660	KSEESSDDESH		hprd;psite	940
ENSP00000320147	EZH2	21	RKRVKSEYMRL	AKT1	hprd;pelm;psite	634
ENSP00000320147	EZH2	385	SKDTDSDREAG		hprd;pelm;psite	634
ENSP00000287647	FANCD2	8	SKRRLSKSEDK		hprd;pelm;psite	942
ENSP00000414109	HJURP	123	EVDATSDQEES		hprd;pelm;psite	694
ENSP00000414109	HJURP	486	ETRRLSLPSSK	AKT1	hprd;psite	694
ENSP00000369871	HAUS6	660	EEKVISDCECV		psite	486
ENSP00000369871	HAUS6	851	KKREESYLSNS		psite	486
ENSP00000296503	HMGB2	100	PKRPPSAFFLF		psite	415
ENSP00000335153	HSP90AA1	353	RDKEVSDDEAE	CSNK2A1	hprd;pelm;psite	974
ENSP00000335153	HSP90AA1	385	IEDVGSDEEEE	CSNK2A1	hprd;pelm;psite	974
ENSP00000325875	HSP90AB1	226	REKEISDDEAE	CSNK2A1	hprd;pelm;psite	619
ENSP00000325875	HSP90AB1	255	IEDVGSDEEDD	AURKB;CSNK2A1	hprd;pelm;psite	619
ENSP00000325875	HSP90AB1	452	NRRRLSELLRY	AURKB	hprd;psite	619
ENSP00000378295	INCENP	72	KKRRISYVQDE	AURKB	hprd;pelm;psite	548
ENSP00000378295	INCENP	91	LSRRKSRSSQL		hprd;psite	548
ENSP00000378295	INCENP	214	QGIPTSDEEST		hprd;pelm;psite	548
ENSP00000378295	INCENP	336	VVRRASRRLAK		psite	548
ENSP00000378295	INCENP	832	NSDDSTDDEAH		hprd;pelm;psite	548
ENSP00000378295	INCENP	894	HKRTSSAVWNS	AURKB	hprd;pelm;psite	548
ENSP00000357643	MKI67	125	PARRVSRSSFS		hprd;pelm;psite	729
ENSP00000357643	MKI67	374	TGRRESVNLGK	AURKB	hprd;pelm;psite	729
ENSP00000357643	MKI67	507	KRRRVSFGGHL		psite	729
ENSP00000357643	MKI67	598	DQRRRSCKTAP		hprd;psite	729
ENSP00000357643	MKI67	859	LETKTSDTETE		hprd;pelm;psite	729
ENSP00000357643	MKI67	1533	RKRTPSAGKAM		psite	729
ENSP00000357643	MKI67	2261	RKRTPSVGKAM		hprd;psite	729
ENSP00000357643	MKI67	2382	RKRTPSAGKAM		psite	729
ENSP00000356319	KIF14	1200	KNRRISGCLHD		hprd;pelm;psite	648
ENSP00000263181	KIF18A	834	RKRKLTSSTSN		psite	761
ENSP00000260363	KIF23	867	HQELASDGEIE		hprd;pelm;psite	865
ENSP00000260363	KIF23	912	RKRRSSTVAPA		hprd;pelm;psite	865
ENSP00000260363	KIF23	927	AESEWTDVETR		psite	865
ENSP00000361298	KIF2C	192	SVRRKSCLVKE	AURKB;PAK1	psite	848
ENSP00000363524	KIF4A	799	KLRRRTFSLTE		hprd;pelm;psite	727
ENSP00000393963	KIFC1	359	DERRGTLSGAP		hprd;psite	505
ENSP00000309790	MIS18BP1	304	SLLMVSDSERT		psite	439
ENSP00000352257	XRCC6	520	NKRLGSLVDEF		psite	749
ENSP00000261366	LMNB1	340	SRRMLTDKERE		psite	578
ENSP00000372035	LATS2	172	VTRRPSFEGTG	CHEK2	psite	634
ENSP00000372035	LATS2	380	LARRDSLQKPG	AURKA;CHEK2	hprd;pelm;psite	634
ENSP00000263274	LIG1	801	LGTGFSDEELE		psite	868
ENSP00000263274	LIG1	913	GEDSGSDPEDT		hprd;pelm;psite	868
ENSP00000265056	MCM2	139	GLLYDSDEEDE	CDC7;CDK2;CDK7;CSNK2A1	hprd;pelm;psite	951
ENSP00000229854	MCM3	160	IERRYSDLTTL	DAPK1	hprd;pelm;psite	984
ENSP00000229854	MCM3	711	DPYDFSDTEEE		hprd;pelm;psite	984
ENSP00000262105	MCM4	13	PSRRGSRRGRA		psite	997
ENSP00000216122	MCM5	605	SDRRSSIPITV		psite	983
ENSP00000365588	MDC1	220	NLNSDTDVEEG	CSNK2A1	psite	663
ENSP00000373060	MDC1	220	NLNSDTDVEEG	CSNK2A1	psite	668
ENSP00000387429	MDC1	220	NLNSDTDVEEG	CSNK2A1	psite	671
ENSP00000404318	MDC1	220	NLNSDTDVEEG	CSNK2A1	psite	668
ENSP00000409167	MDC1	220	NLNSDTDVEEG	CSNK2A1	psite	666
ENSP00000365588	MDC1	299	PPGEDSDTDVD	CSNK2A1	hprd;pelm;psite	663
ENSP00000373060	MDC1	299	PPGEDSDTDVD	CSNK2A1	hprd;pelm;psite	668
ENSP00000387429	MDC1	299	PPGEDSDTDVD	CSNK2A1	hprd;pelm;psite	671
ENSP00000404318	MDC1	299	PPGEDSDTDVD	CSNK2A1	hprd;pelm;psite	668
ENSP00000409167	MDC1	299	PPGEDSDTDVD	CSNK2A1	hprd;pelm;psite	666
ENSP00000365588	MDC1	301	GEDSDTDVDDD	CSNK2A1	hprd;pelm;psite	663
ENSP00000373060	MDC1	301	GEDSDTDVDDD	CSNK2A1	hprd;pelm;psite	668
ENSP00000387429	MDC1	301	GEDSDTDVDDD	CSNK2A1	hprd;pelm;psite	671
ENSP00000404318	MDC1	301	GEDSDTDVDDD	CSNK2A1	hprd;pelm;psite	668
ENSP00000409167	MDC1	301	GEDSDTDVDDD	CSNK2A1	hprd;pelm;psite	666
ENSP00000365588	MDC1	329	FGFIDSDTDAE	CSNK2A1	hprd;pelm;psite	663
ENSP00000373060	MDC1	329	FGFIDSDTDAE	CSNK2A1	hprd;pelm;psite	668
ENSP00000387429	MDC1	329	FGFIDSDTDAE	CSNK2A1	hprd;pelm;psite	671
ENSP00000404318	MDC1	329	FGFIDSDTDAE	CSNK2A1	hprd;pelm;psite	668
ENSP00000409167	MDC1	329	FGFIDSDTDAE	CSNK2A1	hprd;pelm;psite	666
ENSP00000365588	MDC1	331	FIDSDTDAEEE	CSNK2A1	hprd;pelm;psite	663
ENSP00000373060	MDC1	331	FIDSDTDAEEE	CSNK2A1	hprd;pelm;psite	668
ENSP00000387429	MDC1	331	FIDSDTDAEEE	CSNK2A1	hprd;pelm;psite	671
ENSP00000404318	MDC1	331	FIDSDTDAEEE	CSNK2A1	hprd;pelm;psite	668
ENSP00000409167	MDC1	331	FIDSDTDAEEE	CSNK2A1	hprd;pelm;psite	666
ENSP00000365588	MDC1	378	QAGSDTDVEEG	CSNK2A1	hprd;pelm;psite	663
ENSP00000373060	MDC1	378	QAGSDTDVEEG	CSNK2A1	hprd;pelm;psite	668
ENSP00000387429	MDC1	378	QAGSDTDVEEG	CSNK2A1	hprd;pelm;psite	671
ENSP00000404318	MDC1	378	QAGSDTDVEEG	CSNK2A1	hprd;pelm;psite	668
ENSP00000409167	MDC1	378	QAGSDTDVEEG	CSNK2A1	hprd;pelm;psite	666
ENSP00000365588	MDC1	404	VINSDTDDEEE	CSNK2A1	hprd;pelm;psite	663
ENSP00000373060	MDC1	404	VINSDTDDEEE	CSNK2A1	hprd;pelm;psite	668
ENSP00000387429	MDC1	404	VINSDTDDEEE	CSNK2A1	hprd;pelm;psite	671
ENSP00000404318	MDC1	404	VINSDTDDEEE	CSNK2A1	hprd;pelm;psite	668
ENSP00000409167	MDC1	404	VINSDTDDEEE	CSNK2A1	hprd;pelm;psite	666
ENSP00000365588	MDC1	453	TTERDSDTDVE	CSNK2A1	hprd;pelm;psite	663
ENSP00000373060	MDC1	453	TTERDSDTDVE	CSNK2A1	hprd;pelm;psite	668
ENSP00000387429	MDC1	453	TTERDSDTDVE	CSNK2A1	hprd;pelm;psite	671
ENSP00000404318	MDC1	453	TTERDSDTDVE	CSNK2A1	hprd;pelm;psite	668
ENSP00000409167	MDC1	453	TTERDSDTDVE	CSNK2A1	hprd;pelm;psite	666
ENSP00000365588	MDC1	455	ERDSDTDVEEE	CSNK2A1	hprd;pelm;psite	663
ENSP00000373060	MDC1	455	ERDSDTDVEEE	CSNK2A1	hprd;pelm;psite	668
ENSP00000387429	MDC1	455	ERDSDTDVEEE	CSNK2A1	hprd;pelm;psite	671
ENSP00000404318	MDC1	455	ERDSDTDVEEE	CSNK2A1	hprd;pelm;psite	668
ENSP00000409167	MDC1	455	ERDSDTDVEEE	CSNK2A1	hprd;pelm;psite	666
ENSP00000365588	MDC1	579	HGDCETDAEEG		psite	663
ENSP00000373060	MDC1	579	HGDCETDAEEG		psite	668
ENSP00000387429	MDC1	579	HGDCETDAEEG		psite	671
ENSP00000404318	MDC1	579	HGDCETDAEEG		psite	668
ENSP00000409167	MDC1	579	HGDCETDAEEG		psite	666
ENSP00000417281	MDM2	192	RKRHKSDSISL	AKT1;DAPK3;PIM1	hprd;pelm;psite	649
ENSP00000337088	MEN1	492	GPRRESKPEEP		hprd;psite	636
ENSP00000309871	RACGAP1	249	RSRRKTGTLQP	AKT2;AURKB	psite	851
ENSP00000231790	MLH1	477	RHREDSDVEMV		hprd;pelm;psite	427
ENSP00000325863	MRE11A	649	IEVDESDVEED	CSNK2A1	hprd;pelm;psite	779
ENSP00000234420	MSH6	252	KRRVISDSESD		hprd;pelm;psite	857
ENSP00000234420	MSH6	261	SDIGGSDVEFK		hprd;pelm;psite	857
ENSP00000234420	MSH6	305	RKRMVTGNGSL		hprd;psite	857
ENSP00000234420	MSH6	935	KAGFDSDYDQA		hprd;psite	857
ENSP00000354558	MTOR	2444	NKRSRTRTDSY		hprd;psite	491
ENSP00000251496	NCAPG	674	GTEINSDDEQE		hprd;pelm;psite	917
ENSP00000251496	NCAPG	975	EADSESDHEVP		hprd;pelm;psite	917
ENSP00000240423	NCAPH	70	LQRRRSRVFDL		hprd;pelm;psite	786
ENSP00000240423	NCAPH	570	LQAADSDDEDL	CSNK2A1	psite	786
ENSP00000355966	NEK2	428	RAQALSDIEKN	NEK2	psite	787
ENSP00000384273	RELA	276	QLRRPSDRELS	PIM1;PRKACA;RPS6KA4;RPS6KA5	hprd;pelm;psite	968
ENSP00000285968	NUP205	1153	PVKPYSDGEGG		psite	431
ENSP00000360621	ORC1	383	RIRRKSSVLTM		psite	919
ENSP00000360621	ORC1	421	ISDSSSDEEEA		hprd;pelm;psite	919
ENSP00000234296	ORC2	236	MKRDKTSDLVE		psite	908
ENSP00000257789	ORC3	23	KKRKISLPIED		hprd;pelm;psite	915
ENSP00000244741	CDKN1A	145	RKRRQTSMTDF	AKT1;DAPK3;PIM1;PIM2;PRKCA	hprd;pelm;psite	841
ENSP00000263253	EP300	1295	AKRLPSTRLGT		psite	438
ENSP00000334675	ERCC6L	1028	ARRIVSDGEDE		hprd;psite	576
ENSP00000300093	PLK1	137	LCRRRSLLELH	MAP3K8	pelm;psite	683
ENSP00000265465	POLA2	126	QKRAISTPETP		hprd;pelm;psite	578
ENSP00000322570	POLE	202	RGGVITDEEET		psite	821
ENSP00000392147	PPP6C	234	CDLVWSDPEDV		psite	543
ENSP00000228843	RAD51AP1	21	FDHSDSDDDFV		hprd;pelm;psite	863
ENSP00000361043	RAD54L	38	RKRKSSSETQI		psite	876
ENSP00000319417	SKA3	34	LDGEESDFEDY		hprd;pelm;psite	788
ENSP00000319417	SKA3	119	QEAINSDPELS		hprd;pelm;psite	788
ENSP00000319417	SKA3	276	QQLEKSDAEYT		hprd;psite	788
ENSP00000355958	DTL	485	INRRGSVSSVS		hprd;pelm;psite	939
ENSP00000351697	REV3L	1075	IKRTLSFRKKR	CHEK2	psite	698
ENSP00000261424	RFC1	29	NEKTKSDEETL		psite	583
ENSP00000261424	RFC1	69	RIIYDSDSESE		hprd;pelm;psite	583
ENSP00000261424	RFC1	110	TYISETDEEDD		hprd;pelm;psite	583
ENSP00000223129	RPA3	44	KMFILSDGEGK		psite	945
ENSP00000257934	ESPL1	1399	NFSDDSDLEDP	PLK1	hprd;pelm;psite	609
ENSP00000257934	ESPL1	1508	EILRGSDGEDS		hprd;pelm;psite	609
ENSP00000263753	SGOL1	459	KIRRLSLSPKK		hprd;psite	715
ENSP00000350447	SGOL2	1187	PAFQVSDDEHE		psite	687
ENSP00000306473	SHCBP1	273	LSNCNSDSEQE		hprd;pelm;psite	839
ENSP00000274255	SKP2	72	RKRLKSKGSDK	PIM1	psite	720
ENSP00000341382	SMC4	28	PDGASSDAEPE		hprd;pelm;psite	728
ENSP00000323300	SPAG5	334	GRILGSDTESW		hprd;pelm;psite	724
ENSP00000262319	TELO2	487	LAGSDSDLDSD	CSNK2A1	psite	649
ENSP00000262319	TELO2	491	DSDLDSDDEFV	CSNK2A1	psite	649
ENSP00000268138	TICRR	1125	TPRRISHTPQT		psite	744
ENSP00000411099	TLK1	105	SLGSLSDKESE		psite	735
ENSP00000266732	TMPO	184	DSDRYSDNEEG		hprd;pelm;psite	586
ENSP00000411532	TOP2A	1106	EENEESDNEKE		hprd;pelm;psite	927
ENSP00000411532	TOP2A	1295	KRNPWSDSESD		hprd;pelm;psite	927
ENSP00000411532	TOP2A	1332	TMDLDSDEDFS		hprd;pelm;psite	927
ENSP00000411532	TOP2A	1343	DFDEKTDDEDF	CSNK2A1;PLK1;PLK3;PRKCB	hprd;pelm;psite	927
ENSP00000411532	TOP2A	1377	QKSVVSDLEAD	CSNK2A1	hprd;pelm;psite	927
ENSP00000411532	TOP2A	1469	RKRKPSTSDDS	CSNK2A1	hprd;pelm;psite	927
ENSP00000396704	TOP2B	1331	KRNPWSDDESK		hprd;pelm;psite	659
ENSP00000396704	TOP2B	1339	ESKSESDLEET		hprd;pelm;psite	659
ENSP00000396704	TOP2B	1519	AVNSDSDSEFG		hprd;pelm;psite	659
ENSP00000396704	TOP2B	1545	KKRKASGSENE		hprd;pelm;psite	659
ENSP00000396704	TOP2B	1576	SFDQDSDVDIF		hprd;pelm;psite	659
ENSP00000396704	TOP2B	1608	KYFAESDEEED		hprd;pelm;psite	659
ENSP00000260810	TOPBP1	860	QKRKPSTPLSE		hprd;pelm;psite	996
ENSP00000356243	UBE2T	184	QKRKASQLVGI		hprd;pelm;psite	976
ENSP00000343526	USP1	307	SKRKATSDTLE		psite	595
ENSP00000261015	WDR12	221	WSTVPTDEEDE		psite	490
ENSP00000402084	WEE1	270	EDMEASDYELE		psite	958
ENSP00000266732	TMPO	67	PPDFSSDEERE		hprd;pelm	586
ENSP00000402084	WEE1	559	PERRPSAMALV		hprd	958
ENSP00000262367	CREBBP	1771	ESRRLSIQRCI		hprd	423
ENSP00000355922	CENPF	2923	EKRLSSGQNKA		hprd	826
ENSP00000234296	ORC2	177	VPRSHSDSESE		hprd	908
ENSP00000309871	RACGAP1	145	NKRLSTIDESG	AURKB	hprd	851
ENSP00000309871	RACGAP1	186	EKRRSTSRQFV	AURKB	hprd	851
ENSP00000311873	EXO1	700	CSSKDSDSEES		hprd	940
ENSP00000356379	ASPM	503	TKRKATCTREN		hprd	877
ENSP00000350447	SGOL2	1085	KKRKTSIDPSP		hprd	687
ENSP00000225402	AATF	99	SDEEISDEEGS		hprd	619
ENSP00000225402	AATF	94	TLPGSSDEEIS		hprd	619
ENSP00000310842	FANCI	937	RALDVTDKEGE		hprd	792
