name	CHEK2
id	ENSP00000372023
type	Serine/threonine kinase
proline+1_removed	Yes
npartners	190
npartners_with_sites	165
nsites	432
//
motif	score	fg_matches	fg_size	bg_matches	bg_size	fold_increase
.....[ST]D.E..	322.7	55	2032	38	9383	6.68
.....[ST]Q....	307.65	232	1977	458	9345	2.39
.....[ST]SP...	22.63	53	1469	59	8226	5.03
..RR.[ST].....	21.27	25	1705	17	8836	7.62
.....[ST]E.E..	20.23	40	1745	51	8887	3.99
//
prot_id	prot_name	position	flank	kinase	source	string_score
ENSP00000371475	TP53BP1	30	LIIEDSQPESQ	ATM	hprd;pelm;psite	971
ENSP00000371475	TP53BP1	34	DSQPESQVLED	ATM	hprd;pelm;psite	971
ENSP00000371475	TP53BP1	110	TCGSISQVIEQ		hprd;pelm;psite	971
ENSP00000371475	TP53BP1	171	EDTASSQLGFG		psite	971
ENSP00000371475	TP53BP1	181	GVLELSQSQDV		psite	971
ENSP00000371475	TP53BP1	183	LELSQSQDVEE		psite	971
ENSP00000371475	TP53BP1	307	PEVLSTQEDLF		hprd;pelm;psite	971
ENSP00000371475	TP53BP1	384	PFIVPSSPTEQ		hprd;pelm;psite	971
ENSP00000371475	TP53BP1	387	VPSSPTEQEGR		hprd;pelm;psite	971
ENSP00000371475	TP53BP1	457	SLPIPSQPQFS		psite	971
ENSP00000371475	TP53BP1	528	STSEYSQSPKM		hprd;pelm;psite	971
ENSP00000371475	TP53BP1	548	EDGENTQIEDT		hprd;pelm;psite	971
ENSP00000371475	TP53BP1	585	GEVQLSQNDDK		hprd;pelm;psite	971
ENSP00000371475	TP53BP1	630	TCDSGSQAVPS		hprd;pelm;psite	971
ENSP00000371475	TP53BP1	701	LSLTETQSQGL		psite	971
ENSP00000371475	TP53BP1	703	LTETQSQGLCL		psite	971
ENSP00000371475	TP53BP1	789	EKCSDSQSWED	ATM	hprd;pelm;psite	971
ENSP00000371475	TP53BP1	836	VEQDSSQPSLP		hprd;pelm;psite	971
ENSP00000371475	TP53BP1	860	LQQPQTQEKTS		hprd;pelm;psite	971
ENSP00000371475	TP53BP1	882	AKQLSSDAEAQ		hprd;pelm;psite	971
ENSP00000371475	TP53BP1	897	PSAHASQSFCE		hprd;pelm;psite	971
ENSP00000371475	TP53BP1	1073	LHFPSSQGEEE		hprd;pelm;psite	971
ENSP00000371475	TP53BP1	1091	HTIRQSQQPMK		hprd;psite	971
ENSP00000371475	TP53BP1	1109	PVSPASQKMVI		hprd;pelm;psite	971
ENSP00000371475	TP53BP1	1118	VIQGPSSPQGE		hprd;pelm;psite	971
ENSP00000371475	TP53BP1	1153	LIERPSQNNIG		psite	971
ENSP00000371475	TP53BP1	1176	TVSAATQTIKN		hprd;pelm;psite	971
ENSP00000371475	TP53BP1	1224	TESLHSQGEEE	ATM	hprd;pelm;psite	971
ENSP00000371475	TP53BP1	1295	TEVSPSQTGGS		hprd;pelm;psite	971
ENSP00000371475	TP53BP1	1373	PRKGVSQTGTP		hprd;pelm;psite	971
ENSP00000371475	TP53BP1	1485	DGLDASSPGNS		hprd;pelm;psite	971
ENSP00000371475	TP53BP1	1639	RRSNVSSPATP		hprd;pelm;psite	971
ENSP00000371475	TP53BP1	1678	RKLITSEEERS		hprd;pelm;psite	971
ENSP00000371475	TP53BP1	1764	GPTGSSEEEEE		hprd;pelm;psite	971
ENSP00000371475	TP53BP1	1783	KQYTESQLRAG	ATM	psite	971
ENSP00000225402	AATF	155	SVQSISDFEKF		hprd;pelm;psite	619
ENSP00000225402	AATF	189	DDAEDSQGESE	ATM	psite	619
ENSP00000287394	ATAD2	1139	VGDKRSDPEQN		psite	500
ENSP00000287394	ATAD2	1200	DHKIESDTEET		hprd;psite	500
ENSP00000287394	ATAD2	1277	GDASSSQIIHI		psite	500
ENSP00000287394	ATAD2	1302	TRARRSQVEQQ		hprd;pelm;psite	500
ENSP00000238789	ATAD2B	221	RLRMWTDTEFE		psite	419
ENSP00000238789	ATAD2B	223	RMWTDTEFENM		psite	419
ENSP00000238789	ATAD2B	720	LILEDSEDENA		psite	419
ENSP00000238789	ATAD2B	1138	RVRRKSRRRSQ		psite	419
ENSP00000238789	ATAD2B	1347	KLEPGSDVEVK		psite	419
ENSP00000313171	ATAD5	306	KSGYISESENS		hprd;psite	630
ENSP00000313171	ATAD5	356	MENSLSDPENE		hprd;psite	630
ENSP00000313171	ATAD5	621	DVQDNSQLKAS		hprd;psite	630
ENSP00000313171	ATAD5	817	SFDESSQDTSE		hprd;psite	630
ENSP00000313171	ATAD5	1116	DFKGSSDDEEE		hprd;psite	630
ENSP00000313171	ATAD5	1213	PKKVVTSPRKV		hprd;psite	630
ENSP00000278616	ATM	86	NVSASTQASRQ		hprd;pelm;psite	999
ENSP00000278616	ATM	367	RSLEISQSYTT	ATM	hprd;pelm;psite	999
ENSP00000278616	ATM	373	QSYTTTQRESS		hprd;pelm;psite	999
ENSP00000278616	ATM	440	LLMILSQLLPQ	ATM	hprd;psite	999
ENSP00000278616	ATM	1878	CLRHFSQTSRS		psite	999
ENSP00000278616	ATM	1891	PANLDSESEHF		psite	999
ENSP00000343741	ATR	435	KRRRLSSSLNP		hprd;psite	993
ENSP00000343741	ATR	1566	QHTINTQDIAS		psite	993
ENSP00000343741	ATR	1578	LCQLSTQTVFS		psite	993
ENSP00000343741	ATR	1589	MLDHLTQWARH		psite	993
ENSP00000343741	ATR	1876	SPGDSSQEDSL		psite	993
ENSP00000216911	AURKA	288	SSRRTTLCGTL	AURKA;PAK1;PRKACA	hprd;pelm;psite	453
ENSP00000216911	AURKA	369	LKHNPSQRPML		hprd;pelm;psite	453
ENSP00000347232	BLM	99	PAGQETQRGGS	ATM;ATR	pelm;psite	505
ENSP00000347232	BLM	122	EVVCTTQNTPT	ATM;ATR	pelm;psite	505
ENSP00000347232	BLM	1295	SPAEDSSPGIS		hprd;pelm;psite	505
ENSP00000350283	BRCA1	509	RKRRPTSGLHP	AKT1	hprd;pelm;psite	999
ENSP00000350283	BRCA1	615	RLRRKSSTRHI		psite	999
ENSP00000350283	BRCA1	803	PNKCVSQCAAF		psite	999
ENSP00000350283	BRCA1	1143	GSSHASQVCSE	ATR	hprd;psite	999
ENSP00000350283	BRCA1	1218	EENLSSEDEEL		hprd;pelm;psite	999
ENSP00000350283	BRCA1	1239	VNNIPSQSTRH		hprd;pelm;psite	999
ENSP00000350283	BRCA1	1280	ILAKASQEHHL	ATR	hprd;psite	999
ENSP00000350283	BRCA1	1330	RHQSESQGVGL	ATM	hprd;pelm;psite	999
ENSP00000350283	BRCA1	1336	QGVGLSDKELV		hprd;pelm;psite	999
ENSP00000350283	BRCA1	1342	DKELVSDDEER		hprd;pelm;psite	999
ENSP00000350283	BRCA1	1387	CSGLSSQSDIL	ATM	hprd;pelm;psite	999
ENSP00000350283	BRCA1	1423	LEQHGSQPSNS	ATM;ATR	hprd;pelm;psite	999
ENSP00000350283	BRCA1	1457	KAVLTSQKSSE	ATM;ATR	hprd;pelm;psite	999
ENSP00000350283	BRCA1	1466	SEYPISQNPEG	ATM	hprd;pelm;psite	999
ENSP00000350283	BRCA1	1524	NRNYPSQEELI	ATM;ATR	hprd;pelm;psite	999
ENSP00000350283	BRCA1	1720	SYFWVTQSIKE		hprd;pelm;psite	999
ENSP00000369497	BRCA2	683	NNTVISQDLDY		hprd;pelm;psite	982
ENSP00000369497	BRCA2	755	DTDFQSQKSLL		hprd;pelm;psite	982
ENSP00000369497	BRCA2	805	GNNYESDVELT		psite	982
ENSP00000259008	BRIP1	226	TKQGNSQESSN		psite	467
ENSP00000259008	BRIP1	1031	SENSASSPPRF		psite	467
ENSP00000302530	BUB1	314	EDLPASQERSE	ATM	hprd;pelm;psite	455
ENSP00000302530	BUB1	331	GPSVGSQQELR		psite	455
ENSP00000302530	BUB1	679	SLLRLSQPAAG		psite	455
ENSP00000287598	BUB1B	1042	KVGKLTSPGAL		hprd;psite	443
ENSP00000315700	CHAF1B	409	QTHRGSSPGPR		hprd;pelm;psite	474
ENSP00000315700	CHAF1B	424	TPASRTQDPSS		psite	474
ENSP00000315700	CHAF1B	428	RTQDPSSPGTT		hprd;psite	474
ENSP00000315700	CHAF1B	485	PSRRVTLNTLQ		hprd;psite	474
ENSP00000288207	CCNB2	8	LLRRPTVSSDL		psite	738
ENSP00000288207	CCNB2	11	RPTVSSDLENI		psite	738
ENSP00000308450	CDC20	153	LKVLYSQKATP	BUB1	hprd;psite	533
ENSP00000303706	CDC25A	279	KRPERSQEESP	CHEK1;CHEK2	hprd;pelm;psite	999
ENSP00000303706	CDC25A	293	TKRRKSMSGAS	CHEK1;CHEK2;RPS6KA1	hprd;pelm;psite	999
ENSP00000245960	CDC25B	56	PVTTLTQTMHD		psite	902
ENSP00000245960	CDC25B	169	RNITNSQAPDG	MAPKAPK2;MELK	pelm;psite	902
ENSP00000245960	CDC25B	178	DGRRKSEAGSG		psite	902
ENSP00000245960	CDC25B	353	NKRRRSVTPPE	AURKA;MAPKAPK2;RPS6KA1	hprd;pelm;psite	902
ENSP00000321656	CDC25C	449	LLRCRSQSKVQ		psite	999
ENSP00000209728	CDC6	127	SSVRKSQEITT		hprd;psite	911
ENSP00000301019	CDT1	380	MEKALSQLALR		psite	689
ENSP00000262315	CHTF18	63	RGDAASSPAPA		hprd;psite	455
ENSP00000262315	CHTF18	74	ASVGSSQGGAR	ATR	hprd;psite	455
ENSP00000265728	DBF4	381	ELQHISQKDCQ		hprd;psite	757
ENSP00000265728	DBF4	449	IRQNFTQLPLH	ATM;ATR	psite	757
ENSP00000265728	DBF4	502	TDNSGSQPKQK	ATM;ATR	psite	757
ENSP00000265728	DBF4	539	ITINSSQEHLT	ATM;ATR	hprd;psite	757
ENSP00000264018	DDX6	16	IMGLSSQNGQL		psite	649
ENSP00000264018	DDX6	36	PGGGGTQTQQQ		hprd;pelm;psite	649
ENSP00000264018	DDX6	38	GGGTQTQQQMN		psite	649
ENSP00000345571	E2F1	31	RLLDSSQIVII	ATM;ATR	hprd;pelm;psite	652
ENSP00000348089	ERCC6	124	EASRASQLVDV		hprd;psite	624
ENSP00000348089	ERCC6	489	DDSEESDAEFD		hprd;pelm;psite	624
ENSP00000348089	ERCC6	1347	QHPSSTSPTEK		hprd;pelm;psite	624
ENSP00000348089	ERCC6	1461	SKLSASQSCVF		hprd;pelm;psite	624
ENSP00000311873	EXO1	581	KATVFTDEESY		psite	880
ENSP00000311873	EXO1	660	KSEESSDDESH		hprd;psite	880
ENSP00000311873	EXO1	674	EEACSSQSQES		psite	880
ENSP00000311873	EXO1	714	IKLLDSQSDQT		hprd;pelm;psite	880
ENSP00000342307	FOXM1	730	VPFGNSSPSDI		psite	652
ENSP00000364310	H2AFX	137	GGKKATQASQE	PRKDC	hprd;psite	434
ENSP00000261597	NDC80	69	HGSRNSQLGIF	AURKB	hprd;psite	458
ENSP00000239027	HELLS	832	ENSEDSSPECL		hprd;psite	614
ENSP00000377492	HMMR	206	RSLEESQGKIA		psite	457
ENSP00000385269	ELAVL1	32	LPQNMTQDELR		psite	868
ENSP00000385269	ELAVL1	118	LPRTMTQKDVE	CHEK2;MAPK14	psite	868
ENSP00000385269	ELAVL1	158	RFDKRSEAEEA	PRKCA	psite	868
ENSP00000385269	ELAVL1	197	NVALLSQLYHS		hprd;psite	868
ENSP00000260731	KIF11	458	DLQNKTQELET		hprd;pelm;psite	452
ENSP00000260363	KIF23	18	TVKKGSQTNLK		pelm;psite	578
ENSP00000260363	KIF23	867	HQELASDGEIE		hprd;pelm;psite	578
ENSP00000260363	KIF23	912	RKRRSSTVAPA		hprd;pelm;psite	578
ENSP00000260363	KIF23	927	AESEWTDVETR		psite	578
ENSP00000260363	KIF23	943	EMRAGSQLGPG		pelm;psite	578
ENSP00000332455	KPNA2	61	FPDDATSPLQE		hprd;pelm;psite	674
ENSP00000352257	XRCC6	51	KAMFESQSEDE	PRKDC	psite	753
ENSP00000352257	XRCC6	560	PKVEYSEEELK		psite	753
ENSP00000372035	LATS2	172	VTRRPSFEGTG	CHEK2	psite	640
ENSP00000372035	LATS2	380	LARRDSLQKPG	AURKA;CHEK2	hprd;pelm;psite	640
ENSP00000263274	LIG1	66	ARVLGSEGEEE	CSNK2A1	hprd;pelm;psite	737
ENSP00000263274	LIG1	97	PPRPATSPENN		hprd;pelm;psite	737
ENSP00000263274	LIG1	141	VLEEQSEDEDR		hprd;pelm;psite	737
ENSP00000263274	LIG1	165	PKESLTEAEVA		psite	737
ENSP00000263274	LIG1	201	PTESVSEPEVA		hprd;pelm;psite	737
ENSP00000263274	LIG1	801	LGTGFSDEELE		psite	737
ENSP00000263274	LIG1	913	GEDSGSDPEDT		hprd;pelm;psite	737
ENSP00000365113	MASTL	319	ESECHSSPKWE		psite	700
ENSP00000365113	MASTL	452	FELVDSSPCKK		hprd;pelm;psite	700
ENSP00000265056	MCM2	12	SFTMASSPAQR		psite	850
ENSP00000265056	MCM2	26	NDPLTSSPGRS		hprd;pelm;psite	850
ENSP00000265056	MCM2	40	TDALTSSPGRD	CDC7;CDK2;CDK7;CSNK2A1	hprd;pelm;psite	850
ENSP00000265056	MCM2	108	EELTASQREAA	ATR;CDC7;CDK2;CDK7;CSNK2A1	hprd;pelm;psite	850
ENSP00000265056	MCM2	139	GLLYDSDEEDE	CDC7;CDK2;CDK7;CSNK2A1	hprd;pelm;psite	850
ENSP00000229854	MCM3	160	IERRYSDLTTL	DAPK1	hprd;pelm;psite	507
ENSP00000229854	MCM3	535	DDPNFSQEDQQ	ATM;ATR	psite	507
ENSP00000229854	MCM3	668	KRKKRSEDESE		hprd;pelm;psite	507
ENSP00000229854	MCM3	672	RSEDESETEDE		hprd;pelm;psite	507
ENSP00000229854	MCM3	674	EDESETEDEEE		hprd;pelm;psite	507
ENSP00000229854	MCM3	681	DEEEKSQEDQE		hprd;pelm;psite	507
ENSP00000229854	MCM3	711	DPYDFSDTEEE		hprd;pelm;psite	507
ENSP00000229854	MCM3	713	YDFSDTEEEMP		hprd;pelm;psite	507
ENSP00000229854	MCM3	728	PKTADSQETKE		hprd;pelm;psite	507
ENSP00000229854	MCM3	734	QETKESQKVEL		hprd;pelm;psite	507
ENSP00000262105	MCM4	13	PSRRGSRRGRA		psite	863
ENSP00000262105	MCM4	31	SEDARSSPSQR		hprd;pelm;psite	863
ENSP00000262105	MCM4	34	ARSSPSQRRRG		hprd;pelm;psite	863
ENSP00000262105	MCM4	53	LQPMPTSPGVD	CDK2	hprd;psite	863
ENSP00000262105	MCM4	87	LDFDVSSPLTY		psite	863
ENSP00000216122	MCM5	605	SDRRSSIPITV		psite	883
ENSP00000264156	MCM6	13	EPGAGSQHLEV		hprd;psite	762
ENSP00000264156	MCM6	762	ESEIDSEEELI		hprd;pelm;psite	762
ENSP00000264156	MCM6	791	VLIELTQAGLK		hprd;pelm;psite	762
ENSP00000307288	MCM7	549	SRQPPSQFEPL		hprd;pelm;psite	755
ENSP00000307288	MCM7	678	RSVRFSEAEQR		psite	755
ENSP00000365588	MDC1	98	GSLNGTQILRP		psite	694
ENSP00000373060	MDC1	98	GSLNGTQILRP		psite	706
ENSP00000365588	MDC1	157	RVQGETQPQRL		psite	694
ENSP00000373060	MDC1	157	RVQGETQPQRL		psite	706
ENSP00000365588	MDC1	168	LLAEDSEEEVD		hprd;pelm;psite	694
ENSP00000373060	MDC1	168	LLAEDSEEEVD		hprd;pelm;psite	706
ENSP00000365588	MDC1	220	NLNSDTDVEEG	CSNK2A1	psite	694
ENSP00000373060	MDC1	220	NLNSDTDVEEG	CSNK2A1	psite	706
ENSP00000365588	MDC1	292	VILERSQPPGE		hprd;psite	694
ENSP00000373060	MDC1	292	VILERSQPPGE		hprd;psite	706
ENSP00000365588	MDC1	331	FIDSDTDAEEE	CSNK2A1	hprd;pelm;psite	694
ENSP00000373060	MDC1	331	FIDSDTDAEEE	CSNK2A1	hprd;pelm;psite	706
ENSP00000365588	MDC1	372	AHLQESQAGSD		hprd;pelm;psite	694
ENSP00000373060	MDC1	372	AHLQESQAGSD		hprd;pelm;psite	706
ENSP00000365588	MDC1	378	QAGSDTDVEEG	CSNK2A1	hprd;pelm;psite	694
ENSP00000373060	MDC1	378	QAGSDTDVEEG	CSNK2A1	hprd;pelm;psite	706
ENSP00000365588	MDC1	394	VPLEKSQASMV		hprd;pelm;psite	694
ENSP00000373060	MDC1	394	VPLEKSQASMV		hprd;pelm;psite	706
ENSP00000365588	MDC1	404	VINSDTDDEEE	CSNK2A1	hprd;pelm;psite	694
ENSP00000373060	MDC1	404	VINSDTDDEEE	CSNK2A1	hprd;pelm;psite	706
ENSP00000365588	MDC1	422	AHLKESQPAIW		hprd;pelm;psite	694
ENSP00000373060	MDC1	422	AHLKESQPAIW		hprd;pelm;psite	706
ENSP00000365588	MDC1	445	VLLQRSQTTTE		psite	694
ENSP00000373060	MDC1	445	VLLQRSQTTTE		psite	706
ENSP00000365588	MDC1	455	ERDSDTDVEEE	CSNK2A1	hprd;pelm;psite	694
ENSP00000373060	MDC1	455	ERDSDTDVEEE	CSNK2A1	hprd;pelm;psite	706
ENSP00000365588	MDC1	504	VEADKSSPGIH		hprd;pelm;psite	694
ENSP00000373060	MDC1	504	VEADKSSPGIH		hprd;pelm;psite	706
ENSP00000365588	MDC1	513	IHLERSQASTT	ATR	hprd;pelm;psite	694
ENSP00000373060	MDC1	513	IHLERSQASTT	ATR	hprd;pelm;psite	706
ENSP00000365588	MDC1	523	TVDINTQVEKE	CHEK1	hprd;pelm;psite	694
ENSP00000373060	MDC1	523	TVDINTQVEKE	CHEK1	hprd;pelm;psite	706
ENSP00000365588	MDC1	579	HGDCETDAEEG		psite	694
ENSP00000373060	MDC1	579	HGDCETDAEEG		psite	706
ENSP00000365588	MDC1	598	ADVRKSQLPAE		psite	694
ENSP00000373060	MDC1	598	ADVRKSQLPAE		psite	706
ENSP00000365588	MDC1	659	TLGESTQPQRE		hprd;pelm;psite	694
ENSP00000373060	MDC1	659	TLGESTQPQRE		hprd;pelm;psite	706
ENSP00000365588	MDC1	765	SEDSETQPFDT		hprd;pelm;psite	694
ENSP00000373060	MDC1	765	SEDSETQPFDT		hprd;pelm;psite	706
ENSP00000365588	MDC1	955	EPEGGSQDQKG		hprd;pelm;psite	694
ENSP00000373060	MDC1	955	EPEGGSQDQKG		hprd;pelm;psite	706
ENSP00000365588	MDC1	963	QKGQASSPTPE		psite	694
ENSP00000373060	MDC1	963	QKGQASSPTPE		psite	706
ENSP00000365588	MDC1	988	PVPSGSQSGGR		hprd;pelm;psite	694
ENSP00000373060	MDC1	988	PVPSGSQSGGR		hprd;pelm;psite	706
ENSP00000365588	MDC1	1086	TRQDGSQEAPE		hprd;pelm;psite	694
ENSP00000373060	MDC1	1086	TRQDGSQEAPE		hprd;pelm;psite	706
ENSP00000365588	MDC1	1430	TPEPTSQATRG		hprd;pelm;psite	694
ENSP00000373060	MDC1	1430	TPEPTSQATRG		hprd;pelm;psite	706
ENSP00000365588	MDC1	1786	TPIHASQIQKV		hprd;psite	694
ENSP00000373060	MDC1	1786	TPIHASQIQKV		hprd;psite	706
ENSP00000417281	MDM2	23	GAVTTSQIPAS		psite	898
ENSP00000417281	MDM2	172	RRRAISETEEN	AKT1;CSNK1D;DAPK3;MAPKAPK2;PIM1	hprd;pelm;psite	898
ENSP00000417281	MDM2	357	KLENSTQAEEG	CSNK1D	psite	898
ENSP00000417281	MDM2	392	KITQASQSQES	ATM;CSNK1D	psite	898
ENSP00000417281	MDM2	394	TQASQSQESED		psite	898
ENSP00000417281	MDM2	401	ESEDYSQPSTS	ATM	hprd;pelm;psite	898
ENSP00000417281	MDM2	413	SIIYSSQEDVK	ATR	pelm;psite	898
ENSP00000417281	MDM2	425	FEREETQDKEE	CSNK1D	psite	898
ENSP00000356150	MDM4	403	AHSSESQETIS	ATM	hprd;psite	675
ENSP00000325863	MRE11A	264	QLFYISQPGSS	ATM	hprd;pelm;psite	944
ENSP00000325863	MRE11A	329	DNPKVTQAIQS		psite	944
ENSP00000325863	MRE11A	382	SVLRFSQKFVD		psite	944
ENSP00000325863	MRE11A	481	YQLEKTQRFLK		psite	944
ENSP00000325863	MRE11A	531	ARALRSQSEES		psite	944
ENSP00000325863	MRE11A	590	ASRGGSQRGRA		psite	944
ENSP00000325863	MRE11A	649	IEVDESDVEED	CSNK2A1	hprd;pelm;psite	944
ENSP00000325863	MRE11A	676	SSKIMSQSQVS		hprd;psite	944
ENSP00000325863	MRE11A	678	KIMSQSQVSKG		hprd;pelm;psite	944
ENSP00000233146	MSH2	860	QYIGESQGYDI		hprd;pelm;psite	926
ENSP00000234420	MSH6	200	VCDEPSEPEEE		hprd;pelm;psite	499
ENSP00000234420	MSH6	227	DNEIESEEEVQ		hprd;pelm;psite	499
ENSP00000234420	MSH6	252	KRRVISDSESD		hprd;pelm;psite	499
ENSP00000234420	MSH6	261	SDIGGSDVEFK		hprd;pelm;psite	499
ENSP00000234420	MSH6	285	SGVGDSESEGL		hprd;psite	499
ENSP00000234420	MSH6	348	PQNSESQAHVS		hprd;pelm;psite	499
ENSP00000265433	NBN	58	SVTNLSQTDEI		hprd;psite	746
ENSP00000265433	NBN	278	TGITNSQTLIP	ATM	hprd;pelm;psite	746
ENSP00000265433	NBN	343	PGPSLSQGVSV	ATM;ATR	hprd;pelm;psite	746
ENSP00000265433	NBN	397	KFRMLSQDAPT	ATM	hprd;pelm;psite	746
ENSP00000265433	NBN	509	KEQHLSENEPV		psite	746
ENSP00000265433	NBN	615	ESSKISQENEI	ATM;ATR	hprd;pelm;psite	746
ENSP00000251496	NCAPG	674	GTEINSDDEQE		hprd;pelm;psite	404
ENSP00000251496	NCAPG	975	EADSESDHEVP		hprd;pelm;psite	404
ENSP00000240423	NCAPH	70	LQRRRSRVFDL		hprd;pelm;psite	544
ENSP00000240423	NCAPH	570	LQAADSDDEDL	CSNK2A1	psite	544
ENSP00000355966	NEK2	296	GEPEKSQDSSP		hprd;psite	419
ENSP00000355966	NEK2	402	SENSESQLTSK	NEK2	psite	419
ENSP00000355966	NEK2	428	RAQALSDIEKN	NEK2	psite	419
ENSP00000360621	ORC1	383	RIRRKSSVLTM		psite	841
ENSP00000360621	ORC1	421	ISDSSSDEEEA		hprd;pelm;psite	841
ENSP00000360621	ORC1	850	VRLNVSQDDVL		hprd;psite	841
ENSP00000257789	ORC3	208	KRTTSSQWQSP		hprd;pelm;psite	405
ENSP00000257789	ORC3	517	EDASGSQPKGL		hprd;pelm;psite	405
ENSP00000269305	TP53	15	VEPPLSQETFS	ATM;ATR;CDK5;CHEK1;CHEK2;DYRK1A;MAPK1;MAPK14;MAPK3;NUAK1;PRKDC;SMG1;STK11;TP53RK	hprd;pelm;psite	999
ENSP00000269305	TP53	37	LSPLPSQAMDD	ATR;CHEK1;CHEK2;MAPKAPK5;PRKDC	hprd;pelm;psite	999
ENSP00000269305	TP53	99	SSSVPSQKTYQ		hprd;pelm;psite	999
ENSP00000269305	TP53	284	GRDRRTEEENL	AURKB	psite	999
ENSP00000269305	TP53	314	PNNTSSSPQPK	CDK2	hprd;psite	999
ENSP00000264731	TP63	479	KLPSVSQLINP	ATM	psite	608
ENSP00000261584	PALB2	59	EQDCLSQQDLS		hprd;pelm;psite	755
ENSP00000261584	PALB2	157	KRTFISQERDC		hprd;pelm;psite	755
ENSP00000261584	PALB2	376	ESEILSQPKSL		hprd;pelm;psite	755
ENSP00000300093	PLK1	137	LCRRRSLLELH	MAP3K8	pelm;psite	960
ENSP00000216367	POLE2	188	VLGMITQLKEG		psite	430
ENSP00000261461	PPP2R5A	38	QRQKRSQGSSQ		psite	619
ENSP00000261461	PPP2R5A	42	RSQGSSQFRSQ		hprd;pelm;psite	619
ENSP00000261461	PPP2R5A	46	SSQFRSQGSQA		psite	619
ENSP00000261461	PPP2R5A	49	FRSQGSQAELH		psite	619
ENSP00000164133	PPP2R5B	48	RSHSSSQFRYQ		psite	620
ENSP00000333905	PPP2R5C	336	LAKCVSSPHFQ	PRKAA1	psite	619
ENSP00000333905	PPP2R5C	497	LARRKSELPQD		psite	619
ENSP00000417963	PPP2R5D	88	KERRQSSSRFN		hprd;pelm;psite	619
ENSP00000417963	PPP2R5D	573	LLRRKSELPQD	PRKACA	hprd;pelm;psite	619
ENSP00000337641	PPP2R5E	30	ARQKRSQSSSQ		psite	619
ENSP00000337641	PPP2R5E	34	RSQSSSQFRSQ		hprd;psite	619
ENSP00000337641	PPP2R5E	38	SSQFRSQGKPI		psite	619
ENSP00000253462	GINS2	180	QPLESTQSQDF		hprd;pelm;psite	845
ENSP00000377384	PSMC3IP	29	NRPYSSQDVFG		hprd;psite	451
ENSP00000293362	PSME3	24	RERITSEAEDL		hprd;pelm;psite	621
ENSP00000361021	PTEN	370	VTPDVSDNEPD	CSNK2A1;PLK3	hprd;pelm;psite	461
ENSP00000361021	PTEN	385	SDTTDSDPENE	AKT1;CSNK2A1	hprd;pelm;psite	461
ENSP00000361021	PTEN	398	DEDQHTQITKV	ATM	psite	461
ENSP00000370151	RAD17	86	SKEYLSENEPW		psite	653
ENSP00000370151	RAD17	633	SLGEPTQATVP		psite	653
ENSP00000370151	RAD17	646	WSLPLSQNSAS	ATM;ATR	hprd;pelm;psite	653
ENSP00000370151	RAD17	656	SELPASQPQPF	ATM;ATR	hprd;pelm;psite	653
ENSP00000264926	RAD18	368	KIAGMSQKTVT		psite	648
ENSP00000264926	RAD18	403	VTNHFSQSKLD	ATM	hprd;pelm;psite	648
ENSP00000265335	RAD50	635	FDVCGSQDFES	ATM	hprd;pelm;psite	979
ENSP00000265335	RAD50	690	QRVFQTEAELQ		hprd;pelm;psite	979
ENSP00000351284	RAD52	318	FLAGVTQELIK		hprd;pelm;psite	659
ENSP00000311360	RAD9A	272	DTDSHSQDLGS	ATM	hprd;pelm;psite	727
ENSP00000311360	RAD9A	341	SPGPHSEEEDE	CSNK2A1	hprd;pelm;psite	727
ENSP00000355958	DTL	410	TVGWASQKKKE		hprd;psite	830
ENSP00000355958	DTL	426	VTVTSSQSTPA		hprd;pelm;psite	830
ENSP00000355958	DTL	485	INRRGSVSSVS		hprd;pelm;psite	830
ENSP00000355958	DTL	511	TRTPSSSPPIT		hprd;pelm;psite	830
ENSP00000355958	DTL	682	PRSPSSQTPNS		hprd;pelm;psite	830
ENSP00000355958	DTL	717	YFHRKSQEDFC		hprd;pelm;psite	830
ENSP00000267163	RB1	353	IDSFETQRTPR		hprd;pelm;psite	711
ENSP00000267163	RB1	794	PYKFPSSPLRI		psite	711
ENSP00000351697	REV3L	470	LSLVMSQRWDS		hprd;psite	718
ENSP00000351697	REV3L	1118	LSERSTSPINS		psite	718
ENSP00000351697	REV3L	1123	TSPINSSPPRC		psite	718
ENSP00000351697	REV3L	2146	GDDRPSSPVEE		psite	718
ENSP00000261424	RFC1	29	NEKTKSDEETL		psite	473
ENSP00000261424	RFC1	69	RIIYDSDSESE		hprd;pelm;psite	473
ENSP00000261424	RFC1	71	IYDSDSESEET		hprd;pelm;psite	473
ENSP00000261424	RFC1	110	TYISETDEEDD		hprd;pelm;psite	473
ENSP00000261424	RFC1	190	KRKELSQNTDE		hprd;pelm;psite	473
ENSP00000261424	RFC1	311	KIGEVSSPKAS		psite	473
ENSP00000261424	RFC1	1103	LNEDDSQSDEK		hprd;pelm;psite	473
ENSP00000369411	RFC3	125	QLETNSQRDFK		hprd;pelm;psite	738
ENSP00000212015	SIRT1	26	DREAASSPAGE		hprd;psite	540
ENSP00000212015	SIRT1	162	FHSCESDEEDR		psite	540
ENSP00000212015	SIRT1	333	KFIALSDKEGK		psite	540
ENSP00000212015	SIRT1	539	VSEDSSSPERT		hprd;psite	540
ENSP00000212015	SIRT1	544	SSPERTSPPDS		psite	540
ENSP00000212015	SIRT1	659	GAEVYSDSEDD	CSNK2A1	psite	540
ENSP00000308944	HLTF	398	QYIESSDSEEI		hprd;pelm;psite	602
ENSP00000308944	HLTF	469	EGSKKTDVEER		hprd;psite	602
ENSP00000354957	SMC5	793	YMAASSQLRLT		pelm;psite	554
ENSP00000354957	SMC5	1096	RRRRITFTQPS		psite	554
ENSP00000323439	SMC6	669	VDSEISDLENE		pelm;psite	697
ENSP00000323439	SMC6	1068	RILRMSDPERG		psite	697
ENSP00000323439	SMC6	1083	PFRPVTQEEDD		hprd;psite	697
ENSP00000301633	BIRC5	48	FIHCPTENEPD	CSNK2A1	psite	411
ENSP00000253024	TRIM28	49	ASAAASSPAGG		hprd;pelm;psite	621
ENSP00000253024	TRIM28	440	QGSGSSQPMEV		hprd;pelm;psite	621
ENSP00000253024	TRIM28	501	DLTADSQPPVF		hprd;pelm;psite	621
ENSP00000253024	TRIM28	756	LSPPYSSPQEF		hprd;pelm;psite	621
ENSP00000253024	TRIM28	824	GAGLSSQELSG	ATM	hprd;pelm;psite	621
ENSP00000261881	TIPIN	222	KLLSNSQTLGN		hprd;pelm;psite	772
ENSP00000411532	TOP2A	1106	EENEESDNEKE		hprd;pelm;psite	457
ENSP00000411532	TOP2A	1205	AKGKKTQMAEV		hprd;psite	457
ENSP00000411532	TOP2A	1295	KRNPWSDSESD		hprd;pelm;psite	457
ENSP00000411532	TOP2A	1343	DFDEKTDDEDF	CSNK2A1;PLK1;PLK3;PRKCB	hprd;pelm;psite	457
ENSP00000411532	TOP2A	1377	QKSVVSDLEAD	CSNK2A1	hprd;pelm;psite	457
ENSP00000411532	TOP2A	1392	SVPLSSSPPAT		hprd;pelm;psite	457
ENSP00000411532	TOP2A	1452	LNSGVSQKPDP		hprd;pelm;psite	457
ENSP00000260810	TOPBP1	301	SSTPTSQINTI		hprd;pelm;psite	466
ENSP00000260810	TOPBP1	492	DEDLLSQYENG	ATM	hprd;pelm;psite	466
ENSP00000260810	TOPBP1	554	EEGLFSQKSFL	ATM	hprd;psite	466
ENSP00000260810	TOPBP1	853	TPGRPSQQKRK	ATM	hprd;psite	466
ENSP00000260810	TOPBP1	1062	SKGVLTQTLEM	ATM	hprd;pelm;psite	466
ENSP00000260810	TOPBP1	1138	VNTEPSQNEQI	ATM	hprd;pelm;psite	466
ENSP00000260810	TOPBP1	1504	LGTGLSQKRKA		psite	466
ENSP00000300403	TPX2	185	AEKNASSPEKA		hprd;psite	427
ENSP00000300403	TPX2	292	LRKHPSSPARV		hprd;psite	427
ENSP00000300403	TPX2	310	KPFNLSQGKKR		hprd;pelm;psite	427
ENSP00000300403	TPX2	634	PNTVISQEPFV		hprd;pelm;psite	427
ENSP00000003302	USP28	67	RVKEPSQDTVA	ATM	hprd;pelm;psite	401
ENSP00000003302	USP28	495	STESSSQDVES	ATM	psite	401
ENSP00000003302	USP28	550	LQRWRSEIEQD		psite	401
ENSP00000003302	USP28	714	STNSSSQDYST	ATM	hprd;pelm;psite	401
ENSP00000003302	USP28	720	QDYSTSQEPSV	ATM	psite	401
ENSP00000351777	VCP	326	ERRIVSQLLTL	ATM	psite	621
ENSP00000351777	VCP	457	FRWALSQSNPS		psite	621
ENSP00000351777	VCP	784	GGAGPSQGSGG	ATR;PRKDC	hprd;pelm;psite	621
ENSP00000353793	WDHD1	826	AELTATQVEEE		hprd;pelm;psite	784
ENSP00000353793	WDHD1	853	TATEWSQPRFR		psite	784
ENSP00000353793	WDHD1	907	AVTFSSQGRVN		psite	784
ENSP00000353793	WDHD1	984	FQKRNSQTNKT		psite	784
ENSP00000298139	WRN	409	ILEQQSQEEYL		psite	473
ENSP00000298139	WRN	1058	KANTESQSLIL		hprd;pelm;psite	473
ENSP00000298139	WRN	1141	KAYSSSQPVIS	ATM	hprd;pelm;psite	473
ENSP00000364270	XPA	173	KNPHHSQWGDM	ATM;ATR;PRKDC	hprd;psite	647
ENSP00000364270	XPA	196	LEVWGSQEALE	ATM;ATR;PRKDC	hprd;pelm;psite	647
ENSP00000262887	XRCC1	198	SRINKTSPVTA		hprd;pelm;psite	723
ENSP00000262887	XRCC1	371	NTPKYSQVLGL	PRKDC	psite	723
ENSP00000262887	XRCC1	440	TKTKPTQAAGP		hprd;psite	723
ENSP00000262887	XRCC1	446	QAAGPSSPQKP		hprd;pelm;psite	723
ENSP00000262887	XRCC1	488	EDSGDTEDELR	CSNK2A1;CSNK2A2	hprd;pelm;psite	723
ENSP00000262887	XRCC1	523	STDENTDSEEH	CSNK2A1;CSNK2A2	hprd;pelm;psite	723
ENSP00000343392	XRCC3	225	RCEFDSQASAP		hprd;pelm;psite	673
ENSP00000311429	ZWILCH	320	STKKDTEVETL		psite	442
ENSP00000263274	LIG1	88	PALDCSQVSPP		hprd;pelm	737
ENSP00000261424	RFC1	359	PKKTKSSPAKK		hprd;pelm	473
ENSP00000371475	TP53BP1	498	ECSKTSEIEPK		hprd;pelm	971
ENSP00000371475	TP53BP1	667	EGSSGSEVEEI		hprd;pelm	971
ENSP00000298139	WRN	1292	IGMHLSQAVKA	ATM	hprd;pelm	473
ENSP00000308944	HLTF	390	PKRRKTAVQYI		hprd;pelm	602
ENSP00000372035	LATS2	1026	AWDTLTSPNNK		hprd;pelm	640
ENSP00000365113	MASTL	618	DCQEKTSPKGV		hprd;pelm	700
ENSP00000392270	STRAP	326	GFPETTEEELE		hprd;pelm	621
ENSP00000350283	BRCA1	1394	SDILTTQQRDT	ATR	hprd	999
ENSP00000411532	TOP2A	1360	PPKTKTSPKLS		hprd	457
ENSP00000377492	HMMR	111	IQDLETELEKM		hprd	457
ENSP00000315700	CHAF1B	473	TLQPSSQNTKA		hprd	474
ENSP00000240423	NCAPH	27	HPHSASSPSER		hprd	544
ENSP00000265433	NBN	493	SLLEQTQPATP		hprd	746
ENSP00000265335	RAD50	536	HTTTRTQMEML		hprd	979
ENSP00000355966	NEK2	299	EKSQDSSPVLS		hprd	419
ENSP00000347232	BLM	143	KLEFSSSPDSL		hprd	505
ENSP00000260363	KIF23	679	DREKVTQRSVS		hprd	578
ENSP00000371475	TP53BP1	679	ETPCESQGEEL		hprd	971
ENSP00000300403	TPX2	28	DDEGDTQNIDS		hprd	427
ENSP00000311873	EXO1	700	CSSKDSDSEES		hprd	880
ENSP00000313171	ATAD5	627	QLKASTQKAAN		hprd	630
ENSP00000313171	ATAD5	1206	SPKKISSPKKV		hprd	630
ENSP00000313171	ATAD5	177	IQDTKSQPNTM		hprd	630
ENSP00000355031	PER3	628	LGSGISQCGYS	CSNK1E	hprd	673
ENSP00000287394	ATAD2	695	SQRAVTSPGQA		hprd	500
ENSP00000225402	AATF	99	SDEEISDEEGS		hprd	619
ENSP00000225402	AATF	94	TLPGSSDEEIS		hprd	619
ENSP00000365588	MDC1	1225	TSEPTSQATRG		hprd	694
ENSP00000373060	MDC1	1225	TSEPTSQATRG		hprd	706
ENSP00000355958	DTL	539	VSQKSSQAEAC		hprd	830
