name	CHUK
id	ENSP00000359424
type	Serine/threonine kinase
proline+1_removed	Yes
npartners	160
npartners_with_sites	139
nsites	396
//
motif	score	fg_matches	fg_size	bg_matches	bg_size	fold_increase
R.R..[ST].....	315.31	31	1359	31	9365	6.89
..RR.[ST].....	314.38	23	1382	18	9383	8.68
..R..[ST].....	11.37	121	1328	434	9334	1.96
....P[ST].....	7.13	122	1207	546	8900	1.65
...R.[ST].....	6.48	87	1085	378	8354	1.77
//
prot_id	prot_name	position	flank	kinase	source	string_score
ENSP00000270202	AKT1	72	RPRPNTFIIRC	AKT1	psite	997
ENSP00000270202	AKT1	126	RSGSPSDNSGA		hprd;pelm;psite	997
ENSP00000270202	AKT1	146	PKHRVTMNEFE		psite	997
ENSP00000270202	AKT1	246	RERVFSEDRAR	AKT1	psite	997
ENSP00000375892	AKT2	458	PDRYDSLGLLE		psite	963
ENSP00000284981	APP	679	EFRHDSGYEVH		psite	905
ENSP00000284981	APP	761	GYENPTYKFFE		psite	905
ENSP00000262053	ATF1	63	LARRPSYRKIL	CAMK2G;CDK3;RPS6KA5	hprd;pelm;psite	460
ENSP00000216911	AURKA	104	KQPLPSAPENN	AURKA	pelm;psite	619
ENSP00000216911	AURKA	287	PSSRRTTLCGT	AURKA	hprd;pelm;psite	619
ENSP00000216911	AURKA	288	SSRRTTLCGTL	AURKA;PAK1;PRKACA	hprd;pelm;psite	619
ENSP00000216911	AURKA	342	TYKRISRVEFT	AURKA;PAK1	pelm;psite	619
ENSP00000216911	AURKA	369	LKHNPSQRPML		hprd;pelm;psite	619
ENSP00000216911	AURKA	391	NSSKPSNCQNK	AURKA	pelm;psite	619
ENSP00000380150	CARD11	116	PTRRFSTIVVE	CAMK2A	psite	909
ENSP00000380150	CARD11	117	TRRFSTIVVEE		psite	909
ENSP00000380150	CARD11	558	PPRSRSSIMSI	MAP4K1	psite	909
ENSP00000380150	CARD11	559	PRSRSSIMSIT	PRKCQ	psite	909
ENSP00000380150	CARD11	644	MFRKFSLERPF		psite	909
ENSP00000380150	CARD11	652	RPFRPSVTSVG		psite	909
ENSP00000351273	CASP8	322	RDRNGTHLDAG		psite	968
ENSP00000351273	CASP8	406	GLKCPSLAGKP	MAPK14	pelm;psite	968
ENSP00000262367	CREBBP	78	LLRGGSGSSIN		psite	860
ENSP00000262367	CREBBP	2065	RSISPSALQDL		psite	860
ENSP00000262367	CREBBP	2356	SPRPQSQPPHS		psite	860
ENSP00000227507	CCND1	90	LDRFLSLEPVK	PRKACA	hprd;pelm;psite	913
ENSP00000227507	CCND1	234	LTRFLSRVIKC	PRKACA	hprd;pelm;psite	913
ENSP00000227507	CCND1	288	LACTPTDVRDV	DYRK1B	psite	913
ENSP00000217244	CSNK2A1	13	RARVYTDVNTH		psite	633
ENSP00000217244	CSNK2A1	194	NVRVASRYFKG		hprd;psite	633
ENSP00000217244	CSNK2A1	277	ILGRHSRKRWE		psite	633
ENSP00000263056	MAP3K8	62	DERSKSLLLSG		psite	920
ENSP00000263056	MAP3K8	290	KDLRGTEIYMS		pelm;psite	920
ENSP00000263056	MAP3K8	400	QPRCQSLDSAL	AKT1	hprd;pelm;psite	920
ENSP00000370935	CSF2RA	222	RFNPPSNVTVR		psite	621
ENSP00000344456	CTNNB1	45	TTTAPSLSGKG	CHUK;CSNK1A1;CSNK1D;CSNK1E;PRKACA	hprd;pelm;psite	623
ENSP00000344456	CTNNB1	120	DAAHPTNVQRL	PRKD1	psite	623
ENSP00000344456	CTNNB1	332	IMRTYTYEKLL	CAMK2A	psite	623
ENSP00000344456	CTNNB1	472	ALRHLTSRHQE	CAMK2A	psite	623
ENSP00000344456	CTNNB1	551	DTQRRTSMGGT		hprd;pelm;psite	623
ENSP00000344456	CTNNB1	552	TQRRTSMGGTQ	AKT1;AKT2;CAMK2A;PRKACA	hprd;pelm;psite	623
ENSP00000344456	CTNNB1	675	YKKRLSVELTS	PAK4;PRKACA	hprd;pelm;psite	623
ENSP00000326804	CUL1	70	AGVPPSKSKKG		hprd;psite	960
ENSP00000369213	DDX58	8	TEQRRSLQAFQ		psite	430
ENSP00000369213	DDX58	770	ILRLQTWDEAV	CSNK2A1	psite	430
ENSP00000313420	PRKDC	511	EDHRASGEVRT	AURKB	psite	621
ENSP00000313420	PRKDC	893	REKRLSFAVPF		hprd;pelm;psite	621
ENSP00000313420	PRKDC	1065	FKRLYSLALHP		psite	621
ENSP00000313420	PRKDC	2598	DWRFRSTVLTP		hprd;psite	621
ENSP00000313420	PRKDC	2599	WRFRSTVLTPM		psite	621
ENSP00000313420	PRKDC	2637	GQIRATQQQHD	ATM;PRKDC	hprd;pelm;psite	621
ENSP00000313420	PRKDC	2673	DHTSPSSDSLL		hprd;pelm;psite	621
ENSP00000313420	PRKDC	3214	QDGDPSDRMEV		psite	621
ENSP00000313420	PRKDC	3289	HCRSRSQGCSE		psite	621
ENSP00000206249	ESR1	154	FYRPNSDNRRQ		pelm;psite	701
ENSP00000206249	ESR1	167	RERLASTNDKG	AKT1;AKT2;CSNK2A1;IKBKE;RPS6KA1;RPS6KA3;RPS6KB1	hprd;pelm;psite	701
ENSP00000206249	ESR1	236	KNRRKSCQACR	PRKACA	pelm;psite	701
ENSP00000354158	ERC1	14	GKVEPSSQSPG		hprd;pelm;psite	966
ENSP00000354158	ERC1	35	LGHRRTNSTGG		hprd;psite	966
ENSP00000354158	ERC1	37	HRRTNSTGGSS		psite	966
ENSP00000301838	FADD	41	LERVQSGLDLF		hprd;psite	917
ENSP00000373952	FANCA	1149	RSRDPSLMVDF	AKT1	hprd;pelm;psite	789
ENSP00000257604	TRAFD1	409	IPRLDSQPQET		hprd;psite	428
ENSP00000257604	TRAFD1	470	LSRSTSGPRPG		hprd;pelm;psite	428
ENSP00000257604	TRAFD1	479	PGCQPSSPCVP		psite	428
ENSP00000257604	TRAFD1	549	EGGRNSRVTPA		psite	428
ENSP00000358866	FLNA	394	PGLEPSGNIAN		psite	899
ENSP00000358866	FLNA	968	VAVSPSLDLSK		psite	899
ENSP00000358866	FLNA	1286	DARALTQTGGP		psite	899
ENSP00000358866	FLNA	1301	RVANPSGNLTE		psite	899
ENSP00000358866	FLNA	1835	VRYAPSEAGLH		psite	899
ENSP00000358866	FLNA	2053	SRVRVSGQGLH		hprd;pelm;psite	899
ENSP00000358866	FLNA	2152	RRRAPSVANVG	PAK1;PRKACA;RPS6KA1	hprd;pelm;psite	899
ENSP00000358866	FLNA	2182	QVTSPSGKTHE		psite	899
ENSP00000358866	FLNA	2336	DARRLTVSSLQ		hprd;psite	899
ENSP00000358866	FLNA	2372	KVHSPSGALEE		psite	899
ENSP00000358866	FLNA	2523	GPRLVSNHSLH	CAMK2A;CAMK2G	hprd;pelm;psite	899
ENSP00000339527	FOXO3	30	QSRPRSCTWPL		psite	968
ENSP00000339527	FOXO3	32	RPRSCTWPLQR	AKT1;PIM1;SGK1	hprd;pelm;psite	968
ENSP00000339527	FOXO3	179	PDKRLTLSQIY	PRKAA2	psite	968
ENSP00000339527	FOXO3	253	RRRAVSMDNSN	AKT1;PIM1;SGK1	hprd;pelm;psite	968
ENSP00000339527	FOXO3	286	ADDSPSQLSKW		hprd;psite	968
ENSP00000339527	FOXO3	296	WPGSPTSRSSD		psite	968
ENSP00000339527	FOXO3	315	RSRTNSNASTV	SGK1	hprd;pelm;psite	968
ENSP00000339527	FOXO3	399	ITLPPSQPSPT	PRKAA2	psite	968
ENSP00000339527	FOXO3	413	MQRSSSFPYTT	PRKAA2	psite	968
ENSP00000339527	FOXO3	427	GLGSPTSSFNS		pelm;psite	968
ENSP00000339527	FOXO3	551	GSRALSNSVSN		psite	968
ENSP00000362924	GSN	51	EARPNSMVVEH		psite	424
ENSP00000254810	H3F3B	11	QTARKSTGGKA	AURKB;FYN;PRKACA	hprd;pelm;psite	441
ENSP00000355778	H3F3A	11	QTARKSTGGKA	AURKB;FYN;PRKACA	hprd;pelm;psite	440
ENSP00000254810	H3F3B	29	KAARKSAPSTG	AURKB;MAPK9;PRKACA	hprd;pelm;psite	441
ENSP00000355778	H3F3A	29	KAARKSAPSTG	AURKB;MAPK9;PRKACA	hprd;pelm;psite	440
ENSP00000254810	H3F3B	32	RKSAPSTGGVK		pelm;psite	441
ENSP00000355778	H3F3A	32	RKSAPSTGGVK		pelm;psite	440
ENSP00000254810	H3F3B	46	RYRPGTVALRE	DYRK1B;DYRK2;DYRK3	psite	441
ENSP00000355778	H3F3A	46	RYRPGTVALRE	DYRK1B;DYRK2;DYRK3	psite	440
ENSP00000358154	HIST2H3C	11	QTARKSTGGKA		psite	621
ENSP00000358154	HIST2H3C	29	KAARKSAPATG		psite	621
ENSP00000358154	HIST2H3C	46	RYRPGTVALRE		psite	621
ENSP00000355657	HIST3H3	29	KVARKSAPATG	RPS6KA5	hprd;psite	621
ENSP00000355657	HIST3H3	46	RYRPGTVALRE		psite	621
ENSP00000355657	HIST3H3	87	DLRFQSSAVMA		psite	621
ENSP00000355657	HIST3H3	119	HAKRVTIMPKD		psite	621
ENSP00000364802	HSPA1A	40	NRTTPSYVAFT		psite	533
ENSP00000364802	HSPA1A	265	VRRLRTACERA		psite	533
ENSP00000364802	HSPA1A	313	DLFRSTLEPVE		psite	533
ENSP00000364802	HSPA1A	418	LIKRNSTIPTK		psite	533
ENSP00000364802	HSPA1A	636	SGSGPTIEEVD		hprd;psite	533
ENSP00000335153	HSP90AA1	185	KIRYESLTDPS		psite	941
ENSP00000335153	HSP90AA1	212	QDRTLTIVDTG	PRKACA	hprd;psite	941
ENSP00000335153	HSP90AA1	745	ALRDNSTMGYM		psite	941
ENSP00000258080	HTRA2	51	PRARVTYGTPS		psite	540
ENSP00000258080	HTRA2	96	RTREASENSGT		psite	540
ENSP00000258080	HTRA2	212	RVRLLSGDTYE	AKT1;AKT2	psite	540
ENSP00000347184	HTT	269	PTIRRTAAGSA		psite	619
ENSP00000347184	HTT	417	GGRSRSGSIVE		hprd;psite	619
ENSP00000347184	HTT	419	RSRSGSIVELI	AKT1;SGK1	hprd;pelm;psite	619
ENSP00000347184	HTT	640	HCRQPSDSSVD		psite	619
ENSP00000347184	HTT	1177	LTNPPSLSPIR		psite	619
ENSP00000347184	HTT	1862	TPKRHSLSSTK		psite	619
ENSP00000216797	NFKBIA	32	DDRHDSGLDSM	CHUK;CSNK2A1;IKBKB;IKBKE;RPS6KA1;RPS6KA3;SGK1	hprd;pelm;psite	999
ENSP00000312988	NFKBIB	239	DKPEPTCGRSP		hprd;psite	996
ENSP00000363779	IKBKAP	867	QGNAPSDPDAV		hprd;pelm;psite	845
ENSP00000363779	IKBKAP	1190	SNSRISARSSK		psite	845
ENSP00000358622	IKBKG	111	MLHLPSEQGAP	IKBKB	hprd;pelm;psite	999
ENSP00000358622	IKBKG	136	DAIRQSNQILR	IKBKB	psite	999
ENSP00000358622	IKBKG	451	PLALPSQRRSP		hprd;psite	999
ENSP00000358997	IRAK1	209	EISRGTHNFSE	IRAK1	pelm;psite	985
ENSP00000358997	IRAK1	387	QTVRGTLAYLP	IRAK1;IRAK4	hprd;pelm;psite	985
ENSP00000358997	IRAK1	556	TGRAHSGAAPW		psite	985
ENSP00000358997	IRAK1	568	PLAAPSGASAQ		pelm;psite	985
ENSP00000304895	IRS1	268	EFRPRSKSQSS	IKBKB	hprd;pelm;psite	922
ENSP00000304895	IRS1	270	RPRSKSQSSSN	ATR;IKBKB;RPS6KB1	hprd;pelm;psite	922
ENSP00000304895	IRS1	303	GLTRRSRTESI		psite	922
ENSP00000304895	IRS1	305	TRRSRTESITA		psite	922
ENSP00000304895	IRS1	307	RSRTESITATS	IKBKB;PRKCD;RPS6KB1	hprd;pelm;psite	922
ENSP00000304895	IRS1	329	FRVRASSDGEG		psite	922
ENSP00000304895	IRS1	330	RVRASSDGEGT	CSNK2B	hprd;psite	922
ENSP00000304895	IRS1	341	MSRPASVDGSP	IKBKB	hprd;pelm;psite	922
ENSP00000304895	IRS1	362	HRHRGSARLHP		psite	922
ENSP00000304895	IRS1	441	CDFRSSFRSVT	PRKCB;PRKCD;PRKCZ	psite	922
ENSP00000304895	IRS1	527	RKRTHSAGTSP	IKBKB;RPS6KB1	hprd;pelm;psite	922
ENSP00000304895	IRS1	574	PGHRHSAFVPT	PRKCD	hprd;pelm;psite	922
ENSP00000304895	IRS1	603	HHRPDSSTLHT		psite	922
ENSP00000304895	IRS1	629	SGRKGSGDYMP	AKT1	hprd;pelm;psite	922
ENSP00000304895	IRS1	668	MMMSPSGGCSP		psite	922
ENSP00000304895	IRS1	1100	CRRRHSSETFS		hprd;psite	922
ENSP00000304895	IRS1	1101	RRRHSSETFSS	PRKCQ;RPS6KA1;RPS6KB1	hprd;pelm;psite	922
ENSP00000304895	IRS1	1142	DVKRHSSASFE		psite	922
ENSP00000304895	IRS1	1143	VKRHSSASFEN		hprd;psite	922
ENSP00000304895	IRS1	1222	SSTRRSSEDLS		pelm;psite	922
ENSP00000304895	IRS1	1223	STRRSSEDLSA		hprd;pelm;psite	922
ENSP00000365016	IRS2	304	EFRPRSKSQSS		pelm;psite	801
ENSP00000365016	IRS2	306	RPRSKSQSSGS		hprd;pelm;psite	801
ENSP00000365016	IRS2	334	VNLPPSQTGLV		hprd;pelm;psite	801
ENSP00000365016	IRS2	342	GLVRRSRTDSL		hprd;psite	801
ENSP00000365016	IRS2	344	VRRSRTDSLAA		psite	801
ENSP00000365016	IRS2	346	RSRTDSLAATP		hprd;pelm;psite	801
ENSP00000365016	IRS2	363	SCRVRTASEGD		hprd;pelm;psite	801
ENSP00000365016	IRS2	365	RVRTASEGDGG		hprd;pelm;psite	801
ENSP00000365016	IRS2	384	GARPVSVAGSP		hprd;pelm;psite	801
ENSP00000365016	IRS2	404	LSRSHTLSGGC		psite	801
ENSP00000365016	IRS2	550	MDRPLSHCGRS		hprd;pelm;psite	801
ENSP00000365016	IRS2	560	SYRRVSGDAAQ		hprd;pelm;psite	801
ENSP00000365016	IRS2	575	GLRKRTYSLTT		psite	801
ENSP00000365016	IRS2	577	RKRTYSLTTPA		hprd;pelm;psite	801
ENSP00000365016	IRS2	591	PVPQPSSASLD		psite	801
ENSP00000365016	IRS2	604	TLMRATFSGSA		hprd;psite	801
ENSP00000365016	IRS2	713	AGPAPTSAAGR		hprd;pelm;psite	801
ENSP00000365016	IRS2	772	LNVSPSDAVTT		hprd;pelm;psite	801
ENSP00000365016	IRS2	894	RPTRLSLEGLP		hprd;pelm;psite	801
ENSP00000365016	IRS2	1109	GVKRLSLMEQV		hprd;pelm;psite	801
ENSP00000365016	IRS2	1148	GRRRHSSETFS		hprd;pelm;psite	801
ENSP00000365016	IRS2	1149	RRRHSSETFSS		hprd;pelm;psite	801
ENSP00000365016	IRS2	1164	TPVSPSFAHNP		hprd;pelm;psite	801
ENSP00000365016	IRS2	1174	PKRHNSASVEN		hprd;pelm;psite	801
ENSP00000365016	IRS2	1186	SLRKSSEGGVG		hprd;psite	801
ENSP00000365016	IRS2	1202	GDEPPTSPRQL		hprd;pelm;psite	801
ENSP00000171111	KEAP1	599	VTRMTSGRSGV		psite	621
ENSP00000319279	MALT1	70	GRLRLSCLDLE		psite	908
ENSP00000401980	MAVS	224	GPVSPSVSFQP		psite	976
ENSP00000401980	MAVS	365	PSKVPTSMVLT		psite	976
ENSP00000382423	MAP3K1	20	PGARATSPEAG		psite	907
ENSP00000382423	MAP3K1	1016	PCRIPSASPQT		psite	907
ENSP00000382423	MAP3K1	1026	TQRKFSLQFHR		psite	907
ENSP00000354927	MAP3K3	197	RSRHLSVSSQN	PRKACA	hprd;pelm;psite	908
ENSP00000354927	MAP3K3	281	MSRAQSFPDNR		hprd;psite	908
ENSP00000354927	MAP3K3	325	SDGRRTFPRIR		hprd;psite	908
ENSP00000354927	MAP3K3	347	SSRSLSTNGEN		psite	908
ENSP00000354927	MAP3K3	368	RGRLRSADSEN	PRKACA	hprd;pelm;psite	908
ENSP00000354927	MAP3K3	388	PTKSPSAPINW		psite	908
ENSP00000354927	MAP3K3	547	SKRLQTICMSG		psite	908
ENSP00000354927	MAP3K3	559	GMRSVTGTPYW		psite	908
ENSP00000309597	MAP3K11	493	GGERISMPLDF		hprd;psite	621
ENSP00000309597	MAP3K11	738	EPRGGTVSPPP		hprd;psite	621
ENSP00000367207	MYC	79	PPLSPSRRSGL		hprd;psite	967
ENSP00000367207	MYC	82	SPSRRSGLCSP		psite	967
ENSP00000367207	MYC	358	NNRKCTSPRSS		psite	967
ENSP00000367207	MYC	363	TSPRSSDTEEN	CSNK2A1	hprd;psite	967
ENSP00000367207	MYC	373	NVKRRTHNVLE		psite	967
ENSP00000250495	NEDD8	20	IDIEPTDKVER		psite	619
ENSP00000189444	NFKB2	161	RQRLRSRPQGL		psite	999
ENSP00000189444	NFKB2	682	GLGYPTLTRLL		psite	999
ENSP00000226574	NFKB1	20	FHLDPSLTHTI	PRKDC	psite	992
ENSP00000226574	NFKB1	338	QLRRKSDLETS	PRKACA	hprd;pelm;psite	992
ENSP00000226574	NFKB1	938	SFRKLSFTESL		psite	992
ENSP00000384273	RELA	276	QLRRPSDRELS	PIM1;PRKACA;RPS6KA4;RPS6KA5	hprd;pelm;psite	999
ENSP00000384273	RELA	281	SDRELSEPMEF		psite	999
ENSP00000384273	RELA	505	ITRLVTGAQRP		pelm;psite	999
ENSP00000172229	NGFR	277	FKRWNSCKQNK	PRKCG	psite	899
ENSP00000320447	NR2C2	245	LIATPTFVADK		hprd;pelm;psite	655
ENSP00000320447	NR2C2	370	ISRDQSTPIIE		psite	655
ENSP00000263036	OPTN	17	KEDSPSESTGN		psite	480
ENSP00000263036	OPTN	206	PTRTVSTGTAL		psite	480
ENSP00000263036	OPTN	342	LERKNSAIPSE		hprd;psite	480
ENSP00000263036	OPTN	513	DGGRQSLMEMQ		psite	480
ENSP00000263036	OPTN	526	HGARTSDSDQQ		hprd;pelm;psite	480
ENSP00000263253	EP300	12	EPGPPSAKRPK		psite	629
ENSP00000263253	EP300	89	LLRSGSSPNLN	PRKAA1;PRKCA;PRKCD	hprd;pelm;psite	629
ENSP00000263253	EP300	1295	AKRLPSTRLGT		psite	629
ENSP00000263253	EP300	1834	RRRMASMQRTG	AKT1	hprd;pelm;psite	629
ENSP00000263253	EP300	2320	SPRPQSQPPHS		psite	629
ENSP00000269305	TP53	9	PQSDPSVEPPL	CSNK1A1;CSNK1D;PRKDC	hprd;pelm;psite	676
ENSP00000269305	TP53	37	LSPLPSQAMDD	ATR;CHEK1;CHEK2;MAPKAPK5;PRKDC	hprd;pelm;psite	676
ENSP00000269305	TP53	99	SSSVPSQKTYQ		hprd;pelm;psite	676
ENSP00000269305	TP53	183	HHERCSDSDGL	AURKB	psite	676
ENSP00000269305	TP53	211	LDDRNTFRHSV	AURKB	psite	676
ENSP00000269305	TP53	215	NTFRHSVVVPY	AURKA;AURKB	pelm;psite	676
ENSP00000269305	TP53	269	LLGRNSFEVRV	AURKB;DAPK1	psite	676
ENSP00000269305	TP53	284	GRDRRTEEENL	AURKB	psite	676
ENSP00000269305	TP53	366	GSRAHSSHLKS	CHEK2	hprd;psite	676
ENSP00000264731	TP63	477	MNKLPSVSQLI		psite	637
ENSP00000367545	TP73	235	VTGRQSVVVPY		psite	637
ENSP00000351789	PELI1	86	LSRAQTVVVEY	IRAK1;IRAK4	psite	912
ENSP00000351789	PELI1	293	TLAFPSMKRKD	IKBKE;IRAK1;IRAK4;TBK1	psite	912
ENSP00000267460	PELI2	295	TLAFPSINRKE		psite	899
ENSP00000249636	PIAS1	476	EEEEPSAKRTC		psite	688
ENSP00000249636	PIAS1	483	KRTCPSLSPTS		pelm;psite	688
ENSP00000249636	PIAS1	487	PSLSPTSPLNN		hprd;psite	688
ENSP00000249636	PIAS1	510	VSRTPSLPAVD		psite	688
ENSP00000305355	PRKCB	11	AGPPPSEGEES		hprd;psite	959
ENSP00000305355	PRKCB	48	FFKQPTFCSHC		psite	959
ENSP00000305355	PRKCB	364	SERKGTDELYA		psite	959
ENSP00000305355	PRKCB	634	FDRFFTRHPPV		psite	959
ENSP00000331602	PRKCD	43	TERGKTLVQKK		hprd;psite	619
ENSP00000331602	PRKCD	50	VQKKPTMYPEW		hprd;psite	619
ENSP00000331602	PRKCD	141	EAKFPTMNRRG	PRKCD	psite	619
ENSP00000331602	PRKCD	218	ANSRDTIFQKE	PRKCD	psite	619
ENSP00000331602	PRKCD	299	VTQRASRRSDS	PRKCD	hprd;pelm;psite	619
ENSP00000331602	PRKCD	302	RASRRSDSASS	PRKCD	hprd;pelm;psite	619
ENSP00000331602	PRKCD	304	SRRSDSASSEP	PRKCD	hprd;pelm;psite	619
ENSP00000331602	PRKCD	451	ELYRATFYAAE		psite	619
ENSP00000331602	PRKCD	506	GESRASTFCGT		hprd;psite	619
ENSP00000331602	PRKCD	507	ESRASTFCGTP	PDK1;PDPK1	hprd;pelm;psite	619
ENSP00000331602	PRKCD	645	EKARLSYSDKN	PRKCD	hprd;pelm;psite	619
ENSP00000306124	PRKCE	181	YLRQPTYCSHC		psite	900
ENSP00000306124	PRKCE	339	SGSSPSEEDRS		hprd;psite	900
ENSP00000306124	PRKCE	346	EDRSKSAPTSP	GSK3B	hprd;psite	900
ENSP00000295797	PRKCI	8	TQRDSSTMSHT		hprd;psite	985
ENSP00000295797	PRKCI	44	THFEPSISFEG		psite	985
ENSP00000295797	PRKCI	222	IPYNPSSHESL		psite	985
ENSP00000263125	PRKCQ	51	IQKKPTMYPPW		psite	983
ENSP00000263125	PRKCQ	219	INSRETMFHKE	PRKCQ	hprd;pelm;psite	983
ENSP00000263125	PRKCQ	307	RCLRDTEQIFR		psite	983
ENSP00000263125	PRKCQ	370	NKERPSLQIKL		psite	983
ENSP00000263125	PRKCQ	676	EKPRLSFADRA		hprd;pelm;psite	983
ENSP00000263125	PRKCQ	695	MFRNFSFMNPG		hprd;pelm;psite	983
ENSP00000306682	PPM1D	46	PRRSLSQPLPP		psite	417
ENSP00000337675	EBAG9	36	RGRKLSGDQIT		hprd;pelm;psite	899
ENSP00000337675	EBAG9	101	KDMTPTIRKTQ		psite	899
ENSP00000259808	RIPK1	320	VKRMQSLQLDC		hprd;pelm;psite	906
ENSP00000259808	RIPK1	330	CVAVPSSRSNS		psite	906
ENSP00000259808	RIPK1	416	RRRRVSHDPFA		psite	906
ENSP00000220751	RIPK2	174	KWRMMSLSQSR		psite	905
ENSP00000220751	RIPK2	181	SQSRSSKSAPE		psite	905
ENSP00000220751	RIPK2	531	VSRSPSLNLLQ		hprd;pelm;psite	905
ENSP00000216274	RIPK3	227	LPTEPSLVYEA		psite	902
ENSP00000216274	RIPK3	316	SNRRFSIPESG		psite	902
ENSP00000261313	PEBP1	51	VKNRPTSISWD		hprd;psite	619
ENSP00000261313	PEBP1	52	KNRPTSISWDG		hprd;pelm;psite	619
ENSP00000261313	PEBP1	75	DPDAPSRKDPK		psite	619
ENSP00000315112	RNF31	383	LAQPPSLVVDS		psite	622
ENSP00000315112	RNF31	466	PPRRLSAPLPS		hprd;pelm;psite	622
ENSP00000401802	PSMC6	258	GGRRFSEGTSA		psite	418
ENSP00000340944	PTPN11	34	FLARPSKSNPG		psite	623
ENSP00000340944	PTPN11	576	EMREDSARVYE	PRKCA;PRKCB;PRKCH	hprd;psite	623
ENSP00000262160	SMAD2	417	CTIRMSFVKGW		psite	639
ENSP00000262160	SMAD2	460	QMGSPSVRCSS		hprd;psite	639
ENSP00000332973	SMAD3	388	EYRRQTVTSTP		psite	621
ENSP00000332973	SMAD3	418	QMGSPSIRCSS		psite	621
ENSP00000348551	NCOR2	67	QRRRPSLLSEF		hprd;psite	895
ENSP00000348551	NCOR2	493	RRRGKSQQQQQ		psite	895
ENSP00000348551	NCOR2	943	LSPRPSLLTPT		hprd;psite	895
ENSP00000348551	NCOR2	1022	SPRGKSRSPAP		hprd;psite	895
ENSP00000348551	NCOR2	1205	SVLRGTALGSV		hprd;psite	895
ENSP00000348551	NCOR2	1226	STRVPSDSAIT		psite	895
ENSP00000348551	NCOR2	1260	GEDSPSRLDRG		hprd;pelm;psite	895
ENSP00000348551	NCOR2	1330	VGRAISSASIE		psite	895
ENSP00000348551	NCOR2	1626	LLRGVSGVDLY		hprd;psite	895
ENSP00000348551	NCOR2	1897	TAVEPSTPTVL		psite	895
ENSP00000348551	NCOR2	2067	PVSSPSLTHDK		hprd;psite	895
ENSP00000348551	NCOR2	2414	VSGRPSSRKAK	CHUK	pelm;psite	895
ENSP00000348551	NCOR2	2433	GDRPPSVSSVH	CAMK2A	hprd;psite	895
ENSP00000348551	NCOR2	2460	EDRPSSAGSTP	CAMK2A	hprd;psite	895
ENSP00000374455	SQSTM1	24	EIRRFSFCCSP		hprd;psite	902
ENSP00000374455	SQSTM1	49	CERLLSRVAAL		psite	902
ENSP00000374455	SQSTM1	349	KEVDPSTGELQ		psite	902
ENSP00000374455	SQSTM1	365	ESEGPSSLDPS		hprd;pelm;psite	902
ENSP00000374455	SQSTM1	370	SSLDPSQEGPT		hprd;psite	902
ENSP00000374455	SQSTM1	375	SQEGPTGLKEA		hprd;psite	902
ENSP00000350941	SRC	17	SQRRRSLEPAE	PRKACA	hprd;pelm;psite	851
ENSP00000350941	SRC	51	GHRGPSAAFAP		psite	851
ENSP00000350941	SRC	269	EIPRESLRLEV		psite	851
ENSP00000361066	NCOA3	288	NSLRSSMRPGF		hprd;psite	853
ENSP00000361066	NCOA3	857	YNRAVSLDSPV	CHUK;MAPK6;PRKACA	hprd;pelm;psite	853
ENSP00000361066	NCOA3	1033	PLLRNSLDDLV	PRKCZ	psite	853
ENSP00000361066	NCOA3	1042	LVGPPSNLEGQ	PRKCZ	psite	853
ENSP00000216160	TAB1	16	SEQQPSWTDDL		psite	911
ENSP00000286332	TAB2	423	ASRNMSGQVSM		psite	962
ENSP00000286332	TAB2	524	ETRKLSMGSDD		hprd;psite	962
ENSP00000286332	TAB2	582	LKRSNSISQIP		psite	962
ENSP00000288422	TAB3	82	GIHSPSSYHPG		psite	901
ENSP00000288422	TAB3	506	YQRSSSSGSDD		hprd;pelm;psite	901
ENSP00000288422	TAB3	645	KARRISVTSKV		hprd;psite	901
ENSP00000358335	MAP3K7	367	ESGRLSLGASR		psite	997
ENSP00000358335	MAP3K7	389	EGKRMSADMSE		hprd;pelm;psite	997
ENSP00000358335	MAP3K7	439	QPRRRSIQDLT		hprd;pelm;psite	997
ENSP00000259075	TANK	208	NRGAPSITSVT		hprd;psite	705
ENSP00000259075	TANK	354	DAPFPSLDSPG		hprd;psite	705
ENSP00000379612	TAX1BP1	123	FQFRASSPVEE		psite	665
ENSP00000379612	TAX1BP1	225	FKKRFSDATSK		hprd;psite	665
ENSP00000379612	TAX1BP1	666	PVRVPSWGLED		psite	665
ENSP00000379612	TAX1BP1	683	PARNFSRPDGL		psite	665
ENSP00000329967	TBK1	716	LERFGSLTMDG		hprd;psite	532
ENSP00000363089	TLR4	790	LYRLLSRNTYL	PRKD1	psite	916
ENSP00000162749	TNFRSF1A	417	PRREATLELLG		psite	967
ENSP00000237289	TNFAIP3	568	SKSDPSRLVRS		pelm;psite	964
ENSP00000237289	TNFAIP3	699	EQLRSSQRRDV		psite	964
ENSP00000300403	TPX2	121	QPQRRSLRLSA		hprd;pelm;psite	619
ENSP00000300403	TPX2	125	RSLRLSAQKDL		hprd;pelm;psite	619
ENSP00000300403	TPX2	157	DEILPSKKMKV		psite	619
ENSP00000300403	TPX2	292	LRKHPSSPARV		hprd;psite	619
ENSP00000300403	TPX2	499	RIRMPTKEDEE		hprd;psite	619
ENSP00000341268	TRADD	215	VNRPLSLKDQQ		psite	922
ENSP00000247668	TRAF2	55	GHRYCSFCLAS	PRKCZ	psite	987
ENSP00000247668	TRAF2	274	LQRCESLEKKT		psite	987
ENSP00000261464	TRAF5	19	FIRQNSGNSIS		psite	597
ENSP00000221132	TNFRSF10A	424	TGRNASIHTLL		hprd;psite	901
ENSP00000324897	UBE2I	70	KDDYPSSPPKC		psite	619
ENSP00000344818	UBC	57	DGRTLSDYNIQ		hprd;psite	728
ENSP00000262053	ATF1	186	IRTTPSATSLP		hprd;pelm	460
ENSP00000262367	CREBBP	2078	TLKSPSSPQQQ		hprd;pelm	860
ENSP00000365016	IRS2	1185	VSLRKSSEGGV		hprd;pelm	801
ENSP00000263056	MAP3K8	413	RKRLLSRKELE	AKT1	hprd;pelm	920
ENSP00000374455	SQSTM1	287	SSSQPSSCCSD		hprd;pelm	902
ENSP00000401980	MAVS	244	RLPGPTGSVVS		hprd;pelm	976
ENSP00000288422	TAB3	407	ATTPPSSSPSR		hprd;pelm	901
ENSP00000335153	HSP90AA1	826	DEDDPTADDTS		hprd	941
ENSP00000226574	NFKB1	922	DELRDSDSVCD	CHUK	hprd	992
ENSP00000189444	NFKB2	811	TYRQTTSPSGS		hprd	999
ENSP00000306124	PRKCE	380	EHRAASSPDGQ		hprd	900
ENSP00000367207	MYC	88	GLCSPSYVAVT		hprd	967
ENSP00000330633	CNTN2	987	VQIRTTGPGGD		hprd	846
ENSP00000358866	FLNA	2329	PVASPSGDARR		hprd	899
ENSP00000358866	FLNA	1089	SPARFTIDTKG		hprd	899
ENSP00000358866	FLNA	2486	EGYRVTYTPMA		hprd	899
ENSP00000309597	MAP3K11	569	WAWGPSSPKPG		hprd	621
ENSP00000262367	CREBBP	1771	ESRRLSIQRCI		hprd	860
ENSP00000348551	NCOR2	1780	FSSRHSSSPLS		hprd	895
ENSP00000348551	NCOR2	1790	SPGGPTHLTKP		hprd	895
ENSP00000348551	NCOR2	1781	SSRHSSSPLSP		hprd	895
ENSP00000348551	NCOR2	2263	PSRMGSKSPGN		hprd	895
ENSP00000348551	NCOR2	2459	WEDRPSSAGST		hprd	895
ENSP00000348551	NCOR2	1980	PASSPSKGSEP		hprd	895
ENSP00000348551	NCOR2	1857	SSRPASHSHAH		hprd	895
ENSP00000254810	H3F3B	87	DLRFQSAAIGA		hprd	441
ENSP00000355778	H3F3A	87	DLRFQSAAIGA		hprd	440
ENSP00000361066	NCOA3	1329	AFGRVSSPPNA		hprd	853
ENSP00000354927	MAP3K3	384	ERNVPTKSPSA		hprd	908
ENSP00000216911	AURKA	51	RVLCPSNSSQR		hprd	619
ENSP00000263253	EP300	1859	TPTTPTGQQPT		hprd	629
ENSP00000355657	HIST3H3	11	QTARKSTGGKA	RPS6KA3	hprd	621
ENSP00000220751	RIPK2	482	VSTKPTRTSKV		hprd	905
ENSP00000361202	IRS4	877	SPSKPSDHEPP		hprd	800
ENSP00000361202	IRS4	859	AASKPSGEGSF		hprd	800
ENSP00000361202	IRS4	874	DGGSPSKPSDH		hprd	800
ENSP00000361202	IRS4	1231	PEREDSDNDDD		hprd	800
ENSP00000361202	IRS4	66	GSRSDSESEEE		hprd	800
ENSP00000329967	TBK1	509	KLLRLSSSQGT		hprd	532
ENSP00000286332	TAB2	484	GVVSPTFELTN		hprd	962
ENSP00000286332	TAB2	510	HLTDPTLAHVD		hprd	962
ENSP00000216225	RBX1	11	DVDTPSGTNSG		hprd	899
ENSP00000257604	TRAFD1	320	SRALPSLNTGS		hprd	428
ENSP00000257604	TRAFD1	534	FSPGPSGRYGA		hprd	428
ENSP00000249636	PIAS1	635	TNRSSTDTASI		hprd	688
