name	CIT
id	ENSP00000261833
type	Serine/threonine kinase
proline+1_removed	Yes
npartners	54
npartners_with_sites	50
nsites	74
//
motif	score	fg_matches	fg_size	bg_matches	bg_size	fold_increase
...R.[ST].....	8.69	74	776	422	9383	2.12
//
prot_id	prot_name	position	flank	kinase	source	string_score
ENSP00000265748	ANLN	72	SKKRCSDNTEV		hprd;pelm;psite	556
ENSP00000265748	ANLN	688	ETERPSIKQVI		psite	556
ENSP00000356379	ASPM	170	HNRRVSNIQNV		hprd;psite	762
ENSP00000356379	ASPM	577	ARKRKSDGSME		hprd;psite	762
ENSP00000356379	ASPM	1103	KGKRDSGSFEQ		hprd;pelm;psite	762
ENSP00000356379	ASPM	2069	ATYRASAIIIQ		psite	762
ENSP00000356379	ASPM	3003	LNVRASAIIIQ		psite	762
ENSP00000356379	ASPM	3235	KAIRLSLQVVN		hprd;psite	762
ENSP00000316121	CDCA8	165	KGKRSSRANTV	AURKB	hprd;psite	429
ENSP00000302530	BUB1	511	KNVRSSGAWGV		hprd;psite	690
ENSP00000302530	BUB1	679	SLLRLSQPAAG		psite	690
ENSP00000256442	CCNB1	9	RVTRNSKINAE		hprd;psite	418
ENSP00000355922	CENPF	422	MKARLTQELQQ		hprd;psite	473
ENSP00000355922	CENPF	480	NELRRSMEEMK		psite	473
ENSP00000355922	CENPF	2080	LQARLSESDYE		hprd;psite	473
ENSP00000355922	CENPF	2922	TEKRLSSGQNK		hprd;psite	473
ENSP00000355922	CENPF	2936	KRQRSSGIWEN		hprd;psite	473
ENSP00000355922	CENPF	3005	YILRRTTMATR		psite	473
ENSP00000247191	DLGAP5	690	PESRSSIEDAQ		hprd;pelm;psite	531
ENSP00000247191	DLGAP5	725	SSERMSLPLLA	AURKA	hprd;pelm;psite	531
ENSP00000261597	NDC80	15	GAGRLSMQELR	AURKB	psite	587
ENSP00000261597	NDC80	62	FGKRTSGHGSR		hprd;pelm;psite	587
ENSP00000261597	NDC80	69	HGSRNSQLGIF	AURKB	hprd;psite	587
ENSP00000260731	KIF11	931	TPQRKSYLYPS		hprd;pelm;psite	651
ENSP00000356319	KIF14	1200	KNRRISGCLHD		hprd;pelm;psite	504
ENSP00000324020	KIF15	1169	EDGRASKTSLE		hprd;psite	450
ENSP00000260363	KIF23	160	SNDRNSMDIQC		hprd;pelm;psite	741
ENSP00000260363	KIF23	298	HLNRESSRSHS		psite	741
ENSP00000260363	KIF23	670	KPERPSRERDR		psite	741
ENSP00000260363	KIF23	714	QLHRRSNSCSS	AURKB	pelm;psite	741
ENSP00000260363	KIF23	812	LRHRRSRSAGD		hprd;psite	741
ENSP00000260363	KIF23	911	SRKRRSSTVAP	AURKB	hprd;pelm;psite	741
ENSP00000260363	KIF23	912	RKRRSSTVAPA		hprd;pelm;psite	741
ENSP00000361298	KIF2C	95	KQKRRSVNSKI	AURKB	pelm;psite	431
ENSP00000361298	KIF2C	115	RSTRMSTVSEL	AURKB	hprd;psite	431
ENSP00000361298	KIF2C	192	SVRRKSCLVKE	AURKB;PAK1	psite	431
ENSP00000361298	KIF2C	551	QVLRDSFIGEN		psite	431
ENSP00000262105	MCM4	13	PSRRGSRRGRA		psite	410
ENSP00000262105	MCM4	406	VNPRVSNVKSV		hprd;psite	410
ENSP00000216122	MCM5	605	SDRRSSIPITV		psite	437
ENSP00000307288	MCM7	500	YNPRRSLEQNI		hprd;pelm;psite	503
ENSP00000307288	MCM7	678	RSVRFSEAEQR		psite	503
ENSP00000298048	MELK	253	PKKRISMKNLL	MELK	psite	411
ENSP00000298048	MELK	335	VRLRLSSFSCG		hprd;psite	411
ENSP00000298048	MELK	391	ATPRTSQFTKY	MELK	psite	411
ENSP00000309871	RACGAP1	144	GNKRLSTIDES	AURKB	hprd;pelm;psite	659
ENSP00000309871	RACGAP1	185	REKRRSTSRQF	AURKB	hprd;pelm;psite	659
ENSP00000309871	RACGAP1	249	RSRRKTGTLQP	AKT2;AURKB	psite	659
ENSP00000309871	RACGAP1	387	GLYRISGCDRT	AURKB	hprd;pelm;psite	659
ENSP00000309871	RACGAP1	601	QRVRSTLTKNT		hprd;pelm;psite	659
ENSP00000217652	MYL12A	18	RPQRATSNVFA	ROCK1	hprd;pelm;psite	664
ENSP00000217652	MYL12A	134	MGDRFTDEEVD		psite	664
ENSP00000360616	GRIN1	896	FKRRRSSKDTS		hprd;pelm;psite	404
ENSP00000360616	GRIN1	897	KRRRSSKDTST		hprd;pelm;psite	404
ENSP00000263269	GRIN2D	1288	PARRLTGPSRH		psite	402
ENSP00000360621	ORC1	383	RIRRKSSVLTM		psite	464
ENSP00000300093	PLK1	137	LCRRRSLLELH	MAP3K8	pelm;psite	403
ENSP00000300093	PLK1	326	IPPRFSIAPSS	MAPKAPK2	psite	403
ENSP00000361043	RAD54L	37	PRKRKSSSETQ		psite	584
ENSP00000355958	DTL	485	INRRGSVSSVS		hprd;pelm;psite	434
ENSP00000355958	DTL	717	YFHRKSQEDFC		hprd;pelm;psite	434
ENSP00000263895	RND3	218	ATKRISHMPSR		psite	698
ENSP00000323300	SPAG5	362	ENLRQSLSLPS		hprd;pelm;psite	517
ENSP00000411532	TOP2A	29	AKKRLSVERIY	PRKCA	hprd;pelm;psite	433
ENSP00000411532	TOP2A	1303	ESDRSSDESNF		hprd;psite	433
ENSP00000353793	WDHD1	984	FQKRNSQTNKT		psite	401
ENSP00000355922	CENPF	2108	FALRLSSTQEE		hprd	473
ENSP00000302530	BUB1	159	AQARTSEPLHN		hprd	690
ENSP00000361298	KIF2C	179	HSIRGSSSANP		hprd	431
ENSP00000309871	RACGAP1	186	EKRRSTSRQFV	AURKB	hprd	659
ENSP00000260363	KIF23	934	VETRCSVAVEM		hprd	741
ENSP00000356379	ASPM	244	LSVRRSTTYSS		hprd	762
ENSP00000316121	CDCA8	250	DLQRHSIAQLD		hprd	429
ENSP00000301905	PBK	310	PKDRPSAAHIV		hprd	592
