name	CLK1
id	ENSP00000326830
type	Serine/threonine kinase
proline+1_removed	No
npartners	60
npartners_with_sites	48
nsites	78
//
motif	score	fg_matches	fg_size	bg_matches	bg_size	fold_increase
...SR[ST]RS..R	1538.26	20	1013	0	10000	Inf
...S.[ST]RSRS.	1237.52	15	993	0	10000	Inf
.SRS.[ST]P....	1230.61	11	1024	0	10000	Inf
....R[ST]RS..R	1230.61	14	978	0	10000	Inf
R.RS.[ST]R....	937.18	12	938	0	9999	Inf
//
prot_id	prot_name	position	flank	kinase	source	string_score
ENSP00000350283	BRCA1	1191	LSRSPSPFTHT	CDK1	hprd;psite	846
ENSP00000243189	C1orf63	82	YSRSYSRSRSR		psite	678
ENSP00000243189	C1orf63	84	RSYSRSRSRSR		psite	678
ENSP00000295926	CCNL1	502	DRRERSRSFER		psite	709
ENSP00000240304	LUC7L3	325	RERRRSRSRDR		psite	841
ENSP00000240304	LUC7L3	327	RRRSRSRDRRR		psite	841
ENSP00000240304	LUC7L3	333	RDRRRSRSHDR		hprd;pelm;psite	841
ENSP00000240304	LUC7L3	345	ERKHRSRSRDR		psite	841
ENSP00000232978	NKTR	699	SRSSRSRSYSR		psite	779
ENSP00000232978	NKTR	1350	TSSYRSRSYSR		psite	779
ENSP00000232978	NKTR	1354	RSRSYSRSRSR		psite	779
ENSP00000260970	PPIG	347	RTPSRSRSRDR		psite	805
ENSP00000260970	PPIG	487	EKRMRSRSKGR		psite	805
ENSP00000260970	PPIG	566	RTRERSRSRDR		psite	805
ENSP00000260970	PPIG	568	RERSRSRDRSR		hprd;pelm;psite	805
ENSP00000337194	PRPF4B	443	PTRRRSRSPIR		pelm;psite	508
ENSP00000337194	PRPF4B	458	SPLRRSRSPRR		pelm;psite	508
ENSP00000352956	RBM23	76	RDRKRSRSRDR		psite	585
ENSP00000352956	RBM23	78	RKRSRSRDRDR		psite	585
ENSP00000253363	RBM39	84	RRRSRSRSRDR		psite	591
ENSP00000253363	RBM39	86	RSRSRSRDRRF		psite	591
ENSP00000253363	RBM39	129	RSRSKSPFRKD		hprd;pelm;psite	591
ENSP00000315859	RNPS1	287	PVRRRSRSPGR		hprd;pelm;psite	455
ENSP00000330188	RSRC2	198	RSRTRSRSRDR		psite	588
ENSP00000330188	RSRC2	200	RTRSRSRDRKK		psite	588
ENSP00000258962	SRSF1	205	PSYGRSRSRSR	SRPK1	hprd;pelm;psite	969
ENSP00000258962	SRSF1	207	YGRSRSRSRSR	SRPK1	psite	969
ENSP00000258962	SRSF1	209	RSRSRSRSRSR	SRPK1	psite	969
ENSP00000258962	SRSF1	211	RSRSRSRSRSR	SRPK1	psite	969
ENSP00000258962	SRSF1	213	RSRSRSRSRSR	SRPK1	psite	969
ENSP00000258962	SRSF1	215	RSRSRSRSRSN	SRPK1	psite	969
ENSP00000258962	SRSF1	217	RSRSRSRSNSR	SRPK1	psite	969
ENSP00000258962	SRSF1	221	RSRSNSRSRSY	SRPK1	psite	969
ENSP00000258962	SRSF1	227	RSRSYSPRRSR	SRPK1	hprd;psite	969
ENSP00000221455	CLASRP	317	RSRSRSPTPGR		hprd;pelm;psite	402
ENSP00000221455	CLASRP	319	RSRSPTPGREE		hprd;pelm;psite	402
ENSP00000221455	CLASRP	419	HARSRSRSWSR		hprd;psite	402
ENSP00000221455	CLASRP	503	WSLSPSRSRSL		psite	402
ENSP00000221455	CLASRP	505	LSPSRSRSLTR		psite	402
ENSP00000221455	CLASRP	531	RSRSQSPSPSP		hprd;pelm;psite	402
ENSP00000221455	CLASRP	649	QSRSPSPRYSR		psite	402
ENSP00000362820	SRSF3	122	RRRSFSRSRSR		psite	801
ENSP00000362820	SRSF3	124	RSFSRSRSRSL		psite	801
ENSP00000362820	SRSF3	126	FSRSRSRSLSR		psite	801
ENSP00000362820	SRSF3	130	RSRSLSRDRRR		hprd;psite	801
ENSP00000362820	SRSF3	140	RERSLSRERNH		hprd;pelm;psite	801
ENSP00000362820	SRSF3	152	PSRSFSRSRSR		hprd;pelm;psite	801
ENSP00000362820	SRSF3	154	RSFSRSRSRSR		psite	801
ENSP00000377892	SRSF5	213	SRKSYSRSRSR		hprd;psite	504
ENSP00000377892	SRSF5	215	KSYSRSRSRSR		hprd;psite	504
ENSP00000377892	SRSF5	227	RSRSKSRSVSR		hprd;psite	504
ENSP00000377892	SRSF5	250	SSRSKSPASVD		hprd;pelm;psite	504
ENSP00000244020	SRSF6	194	RSYSGSRSRSR		psite	708
ENSP00000244020	SRSF6	196	YSGSRSRSRSR		psite	708
ENSP00000244020	SRSF6	293	DIKSKSRSRSQ		psite	708
ENSP00000244020	SRSF6	295	KSKSRSRSQSR		hprd;psite	708
ENSP00000244020	SRSF6	299	RSRSQSRSNSP		hprd;pelm;psite	708
ENSP00000244020	SRSF6	303	QSRSNSPLPVP		hprd;pelm;psite	708
ENSP00000244020	SRSF6	326	RATSRSRSRSR		hprd;psite	708
ENSP00000229390	SRSF9	195	YGYSRSRSGSR		hprd;pelm;psite	412
ENSP00000229390	SRSF9	199	RSRSGSRGRDS		psite	412
ENSP00000358242	PNISR	563	HSRSRSPTIKA		hprd;psite	751
ENSP00000358242	PNISR	573	ARRSRSRSYSR		hprd;psite	751
ENSP00000358242	PNISR	577	RSRSYSRRIKI		hprd;psite	751
ENSP00000358242	PNISR	613	RNRSPSRERRR		hprd;pelm;psite	751
ENSP00000358242	PNISR	621	RRRSRSRSRDR		psite	751
ENSP00000358242	PNISR	623	RSRSRSRDRRT		psite	751
ENSP00000358242	PNISR	634	NRASRSRSRDR		psite	751
ENSP00000307863	U2AF2	32	RSHSRSRSRDR		psite	500
ENSP00000307863	U2AF2	41	DRKRRSRSRDR		psite	500
ENSP00000348273	MBP	299	DSRSGSPMARR	UHMK1	pelm	677
ENSP00000221455	CLASRP	527	RSRSRSRSQSP		pelm	402
ENSP00000221455	CLASRP	525	QSRSRSRSRSQ		pelm	402
ENSP00000244020	SRSF6	261	GSHSHSRSRSK		hprd	708
ENSP00000253363	RBM39	40	RKKSKSRSRSH		hprd	591
ENSP00000295926	CCNL1	403	RTRSRSRSHTP		hprd	709
ENSP00000221455	CLASRP	435	RRYSRSRSRGR		hprd	402
ENSP00000221455	CLASRP	423	RSRSWSRSRSR		hprd	402
