name	CLK2
id	ENSP00000354856
type	Serine/threonine kinase
proline+1_removed	No
npartners	28
npartners_with_sites	23
nsites	119
//
motif	score	fg_matches	fg_size	bg_matches	bg_size	fold_increase
.....[ST]Q....	8.28	38	269	458	9383	2.89
.....[ST]P....	7.2	46	315	617	10000	2.37
..R..[ST].....	6.91	33	231	458	8925	2.78
//
prot_id	prot_name	position	flank	kinase	source	string_score
ENSP00000236959	ATIC	25	FARNLTALGLN		hprd;psite	469
ENSP00000236959	ATIC	387	FGLHLSQKRNN		psite	469
ENSP00000278616	ATM	86	NVSASTQASRQ		hprd;pelm;psite	810
ENSP00000278616	ATM	367	RSLEISQSYTT	ATM	hprd;pelm;psite	810
ENSP00000278616	ATM	373	QSYTTTQRESS		hprd;pelm;psite	810
ENSP00000278616	ATM	440	LLMILSQLLPQ	ATM	hprd;psite	810
ENSP00000278616	ATM	794	NCTKKSPNKIA	CDK5	psite	810
ENSP00000278616	ATM	1878	CLRHFSQTSRS		psite	810
ENSP00000278616	ATM	1885	TSRSTTPANLD	ATM	psite	810
ENSP00000278616	ATM	2996	CKRNLSDIDQS	ATM	hprd;psite	810
ENSP00000343741	ATR	428	NSDGISPKRRR		hprd;psite	845
ENSP00000343741	ATR	435	KRRRLSSSLNP		hprd;psite	845
ENSP00000343741	ATR	436	RRRLSSSLNPS		hprd;psite	845
ENSP00000343741	ATR	1566	QHTINTQDIAS		psite	845
ENSP00000343741	ATR	1578	LCQLSTQTVFS		psite	845
ENSP00000343741	ATR	1589	MLDHLTQWARH		psite	845
ENSP00000343741	ATR	1871	PLFQHSPGDSS		psite	845
ENSP00000343741	ATR	1876	SPGDSSQEDSL		psite	845
ENSP00000343741	ATR	1989	FPENETPPEGK	ATR	hprd;pelm;psite	845
ENSP00000323099	ATRIP	38	RARGFSAAAAP		psite	621
ENSP00000323099	ATRIP	68	LDTLASQALSQ	ATR	hprd;pelm;psite	621
ENSP00000323099	ATRIP	72	ASQALSQCPAA	ATR	hprd;pelm;psite	621
ENSP00000323099	ATRIP	224	SVSHVSPRKNP	CDK2	hprd;pelm;psite	621
ENSP00000323099	ATRIP	239	KPEACSPQFGK	CDK2	pelm;psite	621
ENSP00000395546	CSNK2B	164	CMDVYTPKSSR		psite	913
ENSP00000395546	CSNK2B	228	ASNFKSPVKTI	CDK1	psite	913
ENSP00000353073	CLN3	12	SRRRFSDSEGE		hprd;pelm;psite	491
ENSP00000313420	PRKDC	687	YFEGVSPKSLK		psite	810
ENSP00000313420	PRKDC	1052	QQQEKSPVNTK		hprd;psite	810
ENSP00000313420	PRKDC	1065	FKRLYSLALHP		psite	810
ENSP00000313420	PRKDC	2055	SYSYSSQDPRP	PRKDC	pelm;psite	810
ENSP00000313420	PRKDC	2598	DWRFRSTVLTP		hprd;psite	810
ENSP00000313420	PRKDC	2602	RSTVLTPMFVE		hprd;pelm;psite	810
ENSP00000313420	PRKDC	2608	PMFVETQASQG	ATM;ATR;PRKDC	hprd;pelm;psite	810
ENSP00000313420	PRKDC	2611	VETQASQGTLQ	ATM;ATR;PRKDC	hprd;pelm;psite	810
ENSP00000313420	PRKDC	2619	TLQTRTQEGSL	PRKDC	hprd;pelm;psite	810
ENSP00000313420	PRKDC	2637	GQIRATQQQHD	ATM;PRKDC	hprd;pelm;psite	810
ENSP00000313420	PRKDC	2646	HDFTLTQTADG	ATM;ATR;PRKDC	hprd;pelm;psite	810
ENSP00000313420	PRKDC	2671	LVDHTSPSSDS		hprd;pelm;psite	810
ENSP00000313420	PRKDC	3197	IEEKLTPLPED		psite	810
ENSP00000313420	PRKDC	3289	HCRSRSQGCSE		psite	810
ENSP00000313420	PRKDC	3820	LLNTMSQEEKA		psite	810
ENSP00000313420	PRKDC	3949	AFGSATQFLPV	PRKDC	psite	810
ENSP00000267430	FANCM	34	TERPQSPGSSK		psite	846
ENSP00000267430	FANCM	661	LQRKSSIFSYR		psite	846
ENSP00000267430	FANCM	1721	SKVRSTPRVNP		psite	846
ENSP00000254322	DNAJB1	151	FGRSRSAQEPA		psite	530
ENSP00000254322	DNAJB1	252	FKRDGSDVIYP		psite	530
ENSP00000254322	DNAJB1	307	LPLPKTPEKRG		hprd;psite	530
ENSP00000354558	MTOR	567	AHQLASPGLTT		hprd;psite	836
ENSP00000354558	MTOR	1166	RTLDQSPELRS		hprd;psite	836
ENSP00000354558	MTOR	1821	KLRHASGANIT		psite	836
ENSP00000354558	MTOR	2444	NKRSRTRTDSY		hprd;psite	836
ENSP00000354558	MTOR	2446	RSRTRTDSYSA	AKT1;RPS6KB1	hprd;pelm;psite	836
ENSP00000354558	MTOR	2448	RTRTDSYSAGQ	AKT1;RPS6KB1	hprd;pelm;psite	836
ENSP00000380378	PAFAH1B1	109	LSGHRSPVTRV		psite	675
ENSP00000360683	PTPN1	50	RYRDVSPFDHS	AKT1;CLK1;CLK2	hprd;pelm;psite	846
ENSP00000360683	PTPN1	352	KEEKGSPLNAA	CSNK2A1	hprd;pelm;psite	846
ENSP00000360683	PTPN1	365	GIESMSQDTEV		psite	846
ENSP00000360683	PTPN1	386	GAQAASPAKGE	CDK1;CSNK2A1	hprd;pelm;psite	846
ENSP00000005386	RPAP3	87	KNRIKSYDYEA		hprd;pelm;psite	530
ENSP00000005386	RPAP3	116	THESLSQESES		hprd;pelm;psite	530
ENSP00000005386	RPAP3	481	SKKNSSQDDLF		hprd;pelm;psite	530
ENSP00000005386	RPAP3	491	FPTSDTPRAKV		psite	530
ENSP00000268099	SCAMP2	319	FHRAASSAAQG		hprd;pelm;psite	441
ENSP00000258962	SRSF1	199	VDGPRSPSYGR		hprd;pelm;psite	585
ENSP00000258962	SRSF1	201	GPRSPSYGRSR		hprd;pelm;psite	585
ENSP00000258962	SRSF1	207	YGRSRSRSRSR	SRPK1	psite	585
ENSP00000258962	SRSF1	209	RSRSRSRSRSR	SRPK1	psite	585
ENSP00000258962	SRSF1	211	RSRSRSRSRSR	SRPK1	psite	585
ENSP00000258962	SRSF1	213	RSRSRSRSRSR	SRPK1	psite	585
ENSP00000258962	SRSF1	215	RSRSRSRSRSN	SRPK1	psite	585
ENSP00000258962	SRSF1	217	RSRSRSRSNSR	SRPK1	psite	585
ENSP00000258962	SRSF1	219	RSRSRSNSRSR	SRPK1	psite	585
ENSP00000258962	SRSF1	221	RSRSNSRSRSY	SRPK1	psite	585
ENSP00000258962	SRSF1	225	NSRSRSYSPRR	SRPK1	hprd;psite	585
ENSP00000258962	SRSF1	227	RSRSYSPRRSR	SRPK1	hprd;psite	585
ENSP00000258962	SRSF1	234	RRSRGSPRYSP		hprd;pelm;psite	585
ENSP00000258962	SRSF1	238	GSPRYSPRHSR		hprd;pelm;psite	585
ENSP00000402515	SMG1	115	VNNVTSPEFTS		hprd;psite	621
ENSP00000402515	SMG1	1903	ECEGGSPPASQ		psite	621
ENSP00000402515	SMG1	1907	GSPPASQDSNK		psite	621
ENSP00000402515	SMG1	2239	QDSYQTPQNPG		psite	621
ENSP00000402515	SMG1	3546	AVRSNTGQKTQ		psite	621
ENSP00000402515	SMG1	3550	NTGQKTQPDVM		hprd;pelm;psite	621
ENSP00000402515	SMG1	3556	QPDVMSQNARK		hprd;pelm;psite	621
ENSP00000402515	SMG1	3573	ATSADTPPSTV		hprd;pelm;psite	621
ENSP00000260810	TOPBP1	298	MPNSSTPTSQI		hprd;pelm;psite	619
ENSP00000260810	TOPBP1	301	SSTPTSQINTI		hprd;pelm;psite	619
ENSP00000260810	TOPBP1	492	DEDLLSQYENG	ATM	hprd;pelm;psite	619
ENSP00000260810	TOPBP1	554	EEGLFSQKSFL	ATM	hprd;psite	619
ENSP00000260810	TOPBP1	779	RKTVVTPLDMN		hprd;pelm;psite	619
ENSP00000260810	TOPBP1	805	RQVAASPAVGQ		hprd;pelm;psite	619
ENSP00000260810	TOPBP1	848	LAALETPGRPS	CDK2	hprd;pelm;psite	619
ENSP00000260810	TOPBP1	853	TPGRPSQQKRK	ATM	hprd;psite	619
ENSP00000260810	TOPBP1	860	QKRKPSTPLSE		hprd;pelm;psite	619
ENSP00000260810	TOPBP1	861	KRKPSTPLSEV		hprd;pelm;psite	619
ENSP00000260810	TOPBP1	888	VALSASPQLKE		hprd;pelm;psite	619
ENSP00000260810	TOPBP1	1062	SKGVLTQTLEM	ATM	hprd;pelm;psite	619
ENSP00000260810	TOPBP1	1138	VNTEPSQNEQI	ATM	hprd;pelm;psite	619
ENSP00000260810	TOPBP1	1159	RARLASNLQWP	AKT1	psite	619
ENSP00000260810	TOPBP1	1221	SEELETPIKDS		hprd;psite	619
ENSP00000260810	TOPBP1	1504	LGTGLSQKRKA		psite	619
ENSP00000347733	TRRAP	1534	LIEAGSPFREP		hprd;psite	621
ENSP00000347733	TRRAP	1610	AVRPGSPSTST		hprd;psite	621
ENSP00000347733	TRRAP	2033	IKRGLSVDSAQ		hprd;pelm;psite	621
ENSP00000347733	TRRAP	2045	VKRFRTATGAI		psite	621
ENSP00000347733	TRRAP	2057	AVFGRSQSLPG		hprd;pelm;psite	621
ENSP00000347733	TRRAP	2059	FGRSQSLPGAD		hprd;pelm;psite	621
ENSP00000347733	TRRAP	3226	LLNLISQVGRV		psite	621
ENSP00000362546	TTI1	459	DDLNASPKTSA		hprd;pelm;psite	533
ENSP00000362546	TTI1	962	AGSLVTQAPIS		hprd;psite	533
ENSP00000313420	PRKDC	2791	HSSLITPLQAV		hprd;pelm	810
ENSP00000313420	PRKDC	1351	TLLNTSPEGWK		hprd	810
ENSP00000347733	TRRAP	1441	DYRSLTLNVVN		hprd	621
ENSP00000323099	ATRIP	305	SWRQRSNTQGS		hprd	621
ENSP00000323099	ATRIP	307	RQRSNTQGSIL		hprd	621
ENSP00000267430	FANCM	1437	GNVLNSPEDQK		hprd	846
ENSP00000267430	FANCM	997	RFLSYSPPPLS		hprd	846
