name	CLK4
id	ENSP00000316948
type	Serine/threonine kinase
proline+1_removed	No
npartners	13
npartners_with_sites	10
nsites	48
//
motif	score	fg_matches	fg_size	bg_matches	bg_size	fold_increase
R.RS.[ST]..R..	934.76	11	156	0	10000	Inf
R.R.R[ST].....	327.14	11	145	3	10000	252.87
....R[ST]RS...	28.88	12	134	5	9997	179.05
.S...[ST]....R	15.01	13	122	48	9992	22.18
//
prot_id	prot_name	position	flank	kinase	source	string_score
ENSP00000243189	C1orf63	82	YSRSYSRSRSR		psite	505
ENSP00000243189	C1orf63	84	RSYSRSRSRSR		psite	505
ENSP00000326830	CLK1	138	HRRKRTRSVED		hprd;pelm;psite	753
ENSP00000326830	CLK1	140	RKRTRSVEDDE		hprd;pelm;psite	753
ENSP00000326830	CLK1	341	HSTLVSTRHYR		hprd;psite	753
ENSP00000240304	LUC7L3	325	RERRRSRSRDR		psite	436
ENSP00000240304	LUC7L3	327	RRRSRSRDRRR		psite	436
ENSP00000240304	LUC7L3	333	RDRRRSRSHDR		hprd;pelm;psite	436
ENSP00000240304	LUC7L3	335	RRRSRSHDRSE		hprd;pelm;psite	436
ENSP00000240304	LUC7L3	339	RSHDRSERKHR		hprd;psite	436
ENSP00000240304	LUC7L3	345	ERKHRSRSRDR		psite	436
ENSP00000253363	RBM39	84	RRRSRSRSRDR		psite	420
ENSP00000253363	RBM39	86	RSRSRSRDRRF		psite	420
ENSP00000253363	RBM39	97	RGRYRSPYSGP		hprd;pelm;psite	420
ENSP00000253363	RBM39	121	HSIKLSRRRSR		psite	420
ENSP00000253363	RBM39	125	LSRRRSRSKSP		psite	420
ENSP00000253363	RBM39	127	RRRSRSKSPFR		hprd;pelm;psite	420
ENSP00000253363	RBM39	129	RSRSKSPFRKD		hprd;pelm;psite	420
ENSP00000253363	RBM39	341	SSFLDSDELER		hprd;pelm;psite	420
ENSP00000221455	CLASRP	267	YSGRRSRRQRR		psite	781
ENSP00000221455	CLASRP	317	RSRSRSPTPGR		hprd;pelm;psite	781
ENSP00000221455	CLASRP	319	RSRSPTPGREE		hprd;pelm;psite	781
ENSP00000221455	CLASRP	419	HARSRSRSWSR		hprd;psite	781
ENSP00000221455	CLASRP	421	RSRSRSWSRSR		hprd;psite	781
ENSP00000221455	CLASRP	501	SSWSLSPSRSR		hprd;psite	781
ENSP00000221455	CLASRP	505	LSPSRSRSLTR		psite	781
ENSP00000221455	CLASRP	533	RSQSPSPSPAR		pelm;psite	781
ENSP00000221455	CLASRP	649	QSRSPSPRYSR		psite	781
ENSP00000358242	PNISR	211	RDRQRSPIALP		hprd;pelm;psite	582
ENSP00000358242	PNISR	561	KRHSRSRSPTI		hprd;psite	582
ENSP00000358242	PNISR	571	IKARRSRSRSY		hprd;psite	582
ENSP00000358242	PNISR	573	ARRSRSRSYSR		hprd;psite	582
ENSP00000358242	PNISR	575	RSRSRSYSRRI		hprd;psite	582
ENSP00000358242	PNISR	597	RDRRRSNRNSI		hprd;psite	582
ENSP00000358242	PNISR	601	RSNRNSIERER		hprd;psite	582
ENSP00000358242	PNISR	611	RRRNRSPSRER		hprd;psite	582
ENSP00000358242	PNISR	613	RNRSPSRERRR		hprd;pelm;psite	582
ENSP00000358242	PNISR	621	RRRSRSRSRDR		psite	582
ENSP00000358242	PNISR	623	RSRSRSRDRRT		psite	582
ENSP00000358242	PNISR	634	NRASRSRSRDR		psite	582
ENSP00000348273	MBP	299	DSRSGSPMARR	UHMK1	pelm	675
ENSP00000221455	CLASRP	529	RSRSRSQSPSP		pelm	781
ENSP00000221455	CLASRP	527	RSRSRSRSQSP		pelm	781
ENSP00000221455	CLASRP	525	QSRSRSRSRSQ		pelm	781
ENSP00000253363	RBM39	44	KSRSRSHERKR		hprd	420
ENSP00000221455	CLASRP	435	RRYSRSRSRGR		hprd	781
ENSP00000221455	CLASRP	309	PSESSSESRSR		hprd	781
ENSP00000221455	CLASRP	423	RSRSWSRSRSR		hprd	781
