name	CSF1R
id	ENSP00000286301
type	Tyrosine kinase
proline+1_removed	No
npartners	254
npartners_with_sites	167
nsites	54
//
motif	score	fg_matches	fg_size	bg_matches	bg_size	fold_increase
.....Y...P.	7.35	54	514	469	10000	2.24
//
prot_id	prot_name	position	flank	kinase	source	string_score
ENSP00000295897	ALB	172	ARRHPYFYAPE		psite	424
ENSP00000372696	B3GALT4	179	TDDDVYVNVPE		psite	463
ENSP00000264122	CBLB	665	LGSEEYDVPPR		psite	800
ENSP00000264122	CBLB	889	RTSQDYDQLPS		pelm;psite	800
ENSP00000310036	CD34	339	GGGQGYSSGPG		psite	583
ENSP00000356346	PTPRC	980	VIPYDYNRVPL		psite	505
ENSP00000246006	CD93	628	NAADSYSWVPE		psite	437
ENSP00000246006	CD93	644	AMENQYSPTPG		hprd;pelm;psite	437
ENSP00000384053	CSF2RB	593	DFNGPYLGPPH		hprd;pelm;psite	422
ENSP00000384053	CSF2RB	628	PGSLEYLCLPA		hprd;pelm;psite	422
ENSP00000384053	CSF2RB	766	SGFEGYVELPP		hprd;pelm;psite	422
ENSP00000384053	CSF2RB	822	QQVGDYCFLPG	LYN	pelm;psite	422
ENSP00000384053	CSF2RB	882	LKQQDYLSLPP	LYN	psite	422
ENSP00000271450	FCGR2A	304	DDKNIYLTLPP	BLK;FYN;LYN;SYK	hprd;pelm;psite	630
ENSP00000363115	FGR	34	GAADHYGPDPT		hprd;pelm;psite	659
ENSP00000357656	FYN	30	SSGYRYGTDPT	FYN	hprd;pelm;psite	650
ENSP00000339186	GRAP2	207	PQPPQYAPAPQ		psite	655
ENSP00000365012	HCK	51	PHCPVYVPDPT	HCK	hprd;psite	700
ENSP00000269571	ERBB2	1112	SPLQRYSEDPT	ERBB2	pelm;psite	406
ENSP00000269571	ERBB2	1139	SPQPEYVNQPD	ERBB2	hprd;pelm;psite	406
ENSP00000320176	HCLS1	360	EEEPVYEAEPE		pelm;psite	540
ENSP00000268638	IRF8	110	EPYKVYRIVPE		psite	499
ENSP00000265713	KAT6A	1732	GNISIYERIPG		psite	428
ENSP00000162330	BCAR1	165	PATDLYQVPPG	PTK6;SRC	hprd;pelm;psite	905
ENSP00000162330	BCAR1	179	PAQDIYQVPPS	SRC	hprd;psite	905
ENSP00000162330	BCAR1	192	MGHDIYQVPPS	SRC	hprd;psite	905
ENSP00000162330	BCAR1	249	GPQDIYDVPPV	FGFR1	hprd;pelm;psite	905
ENSP00000162330	BCAR1	267	YGQEVYDTPPM	SRC	hprd;psite	905
ENSP00000162330	BCAR1	287	PLLEVYDVPPS	SRC	hprd;psite	905
ENSP00000162330	BCAR1	306	NHHAVYDVPPS	FGFR1	hprd;pelm;psite	905
ENSP00000162330	BCAR1	327	LREETYDVPPA	FGFR1	hprd;pelm;psite	905
ENSP00000162330	BCAR1	362	PAEDVYDVPPP	SRC	hprd;psite	905
ENSP00000162330	BCAR1	372	PAPDLYDVPPG		hprd;psite	905
ENSP00000162330	BCAR1	410	VDSGVYAVPPP	FGFR1;PTK2	hprd;pelm;psite	905
ENSP00000263967	PIK3CA	294	AKESLYSQLPM		psite	838
ENSP00000289153	PIK3CB	503	NKKQPYYYPPF		psite	842
ENSP00000269886	SH3GL1	315	SCKALYDFEPE	PTK2;SRC	pelm;psite	800
ENSP00000401303	SHC1	315	LRFKQYLRNPP		psite	846
ENSP00000401303	SHC1	350	PDHQYYNDFPG	FLT4;SRC;SYK;ZAP70	hprd;pelm;psite	846
ENSP00000358770	SLK	195	FIGTPYWMAPE		hprd;pelm;psite	619
ENSP00000046794	LCP2	145	EDDADYEPPPS	LCK;TXK;ZAP70	hprd;pelm;psite	413
ENSP00000046794	LCP2	173	NSNSMYIDRPP		hprd;pelm;psite	413
ENSP00000384675	SOS1	1065	PRKISYSRIPE		psite	869
ENSP00000312946	STAB1	465	KYSYKYKDQPQ		psite	651
ENSP00000264657	STAT3	674	PLVYLYPDIPK		hprd;psite	907
ENSP00000364898	SYK	568	WEAFSYGQKPY		hprd;psite	566
ENSP00000253934	TMEM204	221	GLDNDYVESPC		psite	631
ENSP00000359073	VAV3	141	NDEDIYKGLPD		psite	920
ENSP00000359073	VAV3	217	ESIEKYFMAPL		psite	920
ENSP00000359073	VAV3	667	PKPVDYSCQPW		psite	920
ENSP00000324740	YES1	32	TSVSHYGAEPT		hprd;pelm;psite	633
ENSP00000269571	ERBB2	923	FGAKPYDGIPA		hprd	406
ENSP00000294507	LAPTM5	114	TLLGSYIELPA		hprd	666
ENSP00000046794	LCP2	426	EWYVSYITRPE	LCK	hprd	413
