name	CSK
id	ENSP00000220003
type	Tyrosine kinase
proline+1_removed	No
npartners	154
npartners_with_sites	133
nsites	153
//
motif	score	fg_matches	fg_size	bg_matches	bg_size	fold_increase
.....Y.VPP.	323.87	11	706	0	10000	Inf
...P.Y.....	7.14	75	695	561	10000	1.92
..D..Y.....	6.86	61	620	452	9439	2.05
//
prot_id	prot_name	position	flank	kinase	source	string_score
ENSP00000270202	AKT1	315	CGTPEYLAPEV	PTK6;RET;SRC	hprd;psite	929
ENSP00000270202	AKT1	326	LEDNDYGRAVD	PTK6;SRC	hprd;psite	929
ENSP00000270202	AKT1	437	ETDTRYFDEEF		psite	929
ENSP00000295897	ALB	365	RRHPDYSVVLL		psite	427
ENSP00000295897	ALB	521	EVDETYVPKEF		hprd;psite	427
ENSP00000175756	PTPN18	303	NASPHYQNIKE	TEC	hprd;psite	785
ENSP00000175756	PTPN18	314	NCAPLYDDALF		psite	785
ENSP00000175756	PTPN18	389	EEAPLYSKVTP		hprd;pelm;psite	785
ENSP00000259089	BLK	309	TKEPIYIVTEY		psite	905
ENSP00000259089	BLK	389	IIDSEYTAQEG		psite	905
ENSP00000264033	CBL	455	APSPNYDDDDD		hprd;psite	941
ENSP00000264033	CBL	552	PPDRPYSVGAE		hprd;pelm;psite	941
ENSP00000264033	CBL	700	EEDTEYMTPSS	EGFR;FYN;INSR;LCK;SYK;YES1	hprd;pelm;psite	941
ENSP00000264033	CBL	774	NEDDGYDVPKP	EGFR;FYN;LCK;SRC;SYK;YES1	hprd;pelm;psite	941
ENSP00000300692	CD3D	149	RNDQVYQPLRD		hprd;pelm;psite	899
ENSP00000300692	CD3D	160	RDDAQYSHLGG		hprd;pelm;psite	899
ENSP00000354566	CD3E	188	VPNPDYEPIRK	FYN;LCK	hprd;pelm;psite	904
ENSP00000354782	CD247	64	ADAPAYQQGQN		hprd;pelm;psite	962
ENSP00000354782	CD247	142	GHDGLYQGLST	LCK	hprd;pelm;psite	962
ENSP00000356346	PTPRC	790	KRCPDYIIQKL		psite	971
ENSP00000342681	CD5	453	HVDNEYSQPPR	FYN;LCK	hprd;pelm;psite	412
ENSP00000342681	CD5	487	SSDSDYDLHGA	FYN;LCK	hprd;pelm;psite	412
ENSP00000344115	CDH5	725	GDGPPYDTLHI		psite	701
ENSP00000301843	CTTN	421	PSSPVYEDAAS	FER	hprd;pelm;psite	901
ENSP00000301843	CTTN	446	EPEPVYSMEAA	FGFR1	hprd;pelm;psite	901
ENSP00000301843	CTTN	486	AEDSTYDEYEN	ABL1;SRC	hprd;pelm;psite	901
ENSP00000282561	GJA1	286	MSPPGYKLVTG		psite	650
ENSP00000313391	DAB2	342	NGDVDYFGQQF		hprd;psite	644
ENSP00000312435	DAG1	863	PNAPPYQPPPP		psite	654
ENSP00000256935	DOCK2	209	KDQPDYAMYSR		hprd;pelm;psite	800
ENSP00000233668	DOK1	315	SQDSLYSDPLD		hprd;pelm;psite	847
ENSP00000233668	DOK1	337	RKKPLYWDLYE		hprd;pelm;psite	847
ENSP00000233668	DOK1	362	KEDPIYDEPEG	INSR	hprd;pelm;psite	847
ENSP00000233668	DOK1	409	PATDDYAVPPP		hprd;pelm;psite	847
ENSP00000349727	DOK3	432	TTSPIYHNGQD		hprd;pelm;psite	958
ENSP00000265171	EGF	1170	FHMPSYGTQTL		psite	943
ENSP00000275493	EGFR	764	ILDEAYVMASV	SRC	psite	912
ENSP00000275493	EGFR	1092	LPVPEYINQSV	ABL1;EGFR	hprd;pelm;psite	912
ENSP00000275493	EGFR	1110	VQNPVYHNQPL	EGFR	hprd;pelm;psite	912
ENSP00000275493	EGFR	1125	SRDPHYQDPHS	SRC	hprd;pelm;psite	912
ENSP00000275493	EGFR	1138	VGNPEYLNTVQ		hprd;psite	912
ENSP00000275493	EGFR	1172	LDNPDYQQDFF	EGFR	hprd;pelm;psite	912
ENSP00000341189	PTK2	576	MEDSTYYKASK	BMX;FGR;MET;PTK2;RET;SRC	hprd;pelm;psite	923
ENSP00000341189	PTK2	720	PSRPGYPSPRS		psite	923
ENSP00000363115	FGR	412	IKDDEYNPCQG	FGR	hprd;pelm;psite	962
ENSP00000363115	FGR	523	SAEPQYQPGDQ	CSK	hprd;pelm;psite	962
ENSP00000322909	FHL2	154	FCVPCYEKQHA		psite	490
ENSP00000357656	FYN	339	SEEPIYIVTEY		psite	994
ENSP00000357656	FYN	420	IEDNEYTARQG	FYN	hprd;pelm;psite	994
ENSP00000357656	FYN	531	ATEPQYQPGEN	CSK	hprd;pelm;psite	994
ENSP00000348578	G3BP1	56	PADAVYGQKEI	LCK	hprd;psite	922
ENSP00000339007	GRB2	160	PQQPTYVQALF	ALK;SRC	hprd;psite	638
ENSP00000365012	HCK	51	PHCPVYVPDPT	HCK	hprd;psite	963
ENSP00000365012	HCK	330	TKEPIYIITEF		psite	963
ENSP00000365012	HCK	411	IEDNEYTAREG	HCK	hprd;pelm;psite	963
ENSP00000269571	ERBB2	772	ILDEAYVMAGV		psite	649
ENSP00000269571	ERBB2	1139	SPQPEYVNQPD	ERBB2	hprd;pelm;psite	649
ENSP00000269571	ERBB2	1196	VENPEYLTPQG	ERBB2	hprd;pelm;psite	649
ENSP00000269571	ERBB2	1221	AFDNLYYWDQD	ERBB2	hprd;pelm;psite	649
ENSP00000269571	ERBB2	1248	AENPEYLGLDV	ERBB2	hprd;pelm;psite	649
ENSP00000378332	TGFB1I1	38	TPPPSYGHQPQ		psite	640
ENSP00000378332	TGFB1I1	60	DKDHLYSTVCK	FYN;PTK2B	pelm;psite	640
ENSP00000365439	HNRNPK	234	FYDETYDYGGF	SRC	hprd;pelm;psite	933
ENSP00000365439	HNRNPK	373	GYDYSYAGGRG		psite	933
ENSP00000376544	CD79B	197	EEDHTYEGLDI	FYN;LYN	hprd;pelm;psite	900
ENSP00000268035	IGF1R	980	SVNPEYFSAAD	IGF1R;SRC	hprd;pelm;psite	637
ENSP00000303830	INSR	992	PLGPLYASSNP	INSR	hprd;pelm;psite	646
ENSP00000303830	INSR	999	SSNPEYLSASD	INSR	hprd;pelm;psite	646
ENSP00000262407	ITGA2B	344	VGAPLYMESRA		psite	913
ENSP00000386896	ITGA6	1071	IKDEKYIDNLE		psite	801
ENSP00000364094	ITGB1	147	PIDLYYLMDLS		psite	811
ENSP00000200181	ITGB4	920	KVAPGYYTLTA		psite	817
ENSP00000296181	ITGB5	774	ASNPLYRKPIS		psite	800
ENSP00000283249	ITGB6	762	GTNPLYRGSTS		psite	824
ENSP00000398655	ITK	120	SLVPKYHPNFW		psite	808
ENSP00000398655	ITK	512	VLDDQYTSSTG	LCK	hprd;pelm;psite	808
ENSP00000360266	JUN	170	SEPPVYANLSN	ABL1	hprd;pelm;psite	896
ENSP00000337825	LCK	394	IEDNEYTAREG	FCGR3A;LCK	hprd;pelm;psite	964
ENSP00000315997	LILRB1	616	PQDVTYAQLHS		psite	621
ENSP00000162330	BCAR1	115	QPDSVYLVPTP	SRC	hprd;psite	412
ENSP00000162330	BCAR1	165	PATDLYQVPPG	PTK6;SRC	hprd;pelm;psite	412
ENSP00000162330	BCAR1	179	PAQDIYQVPPS	SRC	hprd;psite	412
ENSP00000162330	BCAR1	192	MGHDIYQVPPS	SRC	hprd;psite	412
ENSP00000162330	BCAR1	249	GPQDIYDVPPV	FGFR1	hprd;pelm;psite	412
ENSP00000162330	BCAR1	287	PLLEVYDVPPS	SRC	hprd;psite	412
ENSP00000162330	BCAR1	306	NHHAVYDVPPS	FGFR1	hprd;pelm;psite	412
ENSP00000162330	BCAR1	327	LREETYDVPPA	FGFR1	hprd;pelm;psite	412
ENSP00000162330	BCAR1	362	PAEDVYDVPPP	SRC	hprd;psite	412
ENSP00000162330	BCAR1	372	PAPDLYDVPPG		hprd;psite	412
ENSP00000162330	BCAR1	410	VDSGVYAVPPP	FGFR1;PTK2	hprd;pelm;psite	412
ENSP00000162330	BCAR1	653	SPDGQYENSEG	SRC	hprd;pelm;psite	412
ENSP00000162330	BCAR1	666	MEDYDYVHLQG	PTK2	hprd;psite	412
ENSP00000220597	PAG1	181	VEDCLYETVKE		hprd;pelm;psite	979
ENSP00000220597	PAG1	387	EPEPDYEAIQT		psite	979
ENSP00000363921	PARD3	199	KKDENYRSLPR		psite	619
ENSP00000363921	PARD3	388	SPDSQYIDNRS		hprd;psite	619
ENSP00000363921	PARD3	489	GSAPIYVKNIL		hprd;pelm;psite	619
ENSP00000363921	PARD3	933	AIDKSYDKPAV		psite	619
ENSP00000363921	PARD3	1127	MMDALYAQVKK		hprd;pelm;psite	619
ENSP00000363921	PARD3	1321	VQDPSYAPPKG		psite	619
ENSP00000263967	PIK3CA	355	DIDKIYVRTGI		psite	837
ENSP00000289153	PIK3CB	504	KKQPYYYPPFD		psite	843
ENSP00000366563	PIK3CD	484	APHPVYYPALE		psite	849
ENSP00000274335	PIK3R1	467	EYDRLYEEYTR		hprd;pelm;psite	805
ENSP00000222254	PIK3R2	464	EYDQLYEEYTR		hprd;pelm;psite	802
ENSP00000262741	PIK3R3	199	EYDRLYEEYTR		psite	801
ENSP00000262741	PIK3R3	341	DADENYFINEE	INSR	hprd;pelm;psite	801
ENSP00000262741	PIK3R3	373	AEDLLYGKPDG		psite	801
ENSP00000309591	PRKACA	205	CGTPEYLAPEI		psite	621
ENSP00000248594	PTPN12	88	SQDSDYINANF		psite	813
ENSP00000360683	PTPN1	66	QEDNDYINASL	EGFR	hprd;pelm;psite	938
ENSP00000228307	PXN	88	SSSPVYGSSAK	CSK;SRC	hprd;pelm;psite	995
ENSP00000228307	PXN	181	ALSPLYGVPET		hprd;pelm;psite	995
ENSP00000332816	PTK2B	418	PGGPQYGIARE		psite	811
ENSP00000332816	PTK2B	579	IEDEDYYKASV	PTK2B	hprd;pelm;psite	811
ENSP00000332816	PTK2B	722	PSRPKYRPPPQ		psite	811
ENSP00000332816	PTK2B	881	TDDLVYLNVME	PTK2B	hprd;pelm;psite	811
ENSP00000274376	RASA1	164	LDGPEYEEEEV		psite	966
ENSP00000274376	RASA1	472	TKDAFYKNIVK		psite	966
ENSP00000356529	RGS16	177	LKSPAYRDLAA	EGFR;LYN;SRC	hprd;pelm;psite	619
ENSP00000401303	SHC1	349	PPDHQYYNDFP	FLT4;SRC;SYK;ZAP70	hprd;pelm;psite	995
ENSP00000401303	SHC1	428	FDDPSYVNVQN	FLT3;FLT4;MET;SRC;SYK;ZAP70	hprd;pelm;psite	995
ENSP00000364995	SHC3	341	GSDHPYYNSIP		psite	806
ENSP00000364995	SHC3	342	SDHPYYNSIPS		psite	806
ENSP00000364995	SHC3	424	GEAPTYVNTQQ		psite	806
ENSP00000329668	SHC4	374	REDHEYYNEIP		psite	800
ENSP00000329668	SHC4	465	FDDPCYINTQA		psite	800
ENSP00000391592	PTPN6	214	LRQPYYATRVN		psite	929
ENSP00000259608	SIT1	90	EEVPLYGNLHY		hprd;pelm;psite	621
ENSP00000259608	SIT1	188	FPDQAYANSQP		hprd;pelm;psite	621
ENSP00000046794	LCP2	128	EDDGDYESPNE	LCK;SYK;ZAP70	hprd;pelm;psite	429
ENSP00000046794	LCP2	145	EDDADYEPPPS	LCK;TXK;ZAP70	hprd;pelm;psite	429
ENSP00000264659	SRCIN1	264	RKEPLYAAFPG	ABL1	psite	645
ENSP00000264659	SRCIN1	340	GRPPSYAGSPV		psite	645
ENSP00000264659	SRCIN1	462	GGGPLYGDGYG		psite	645
ENSP00000350941	SRC	338	SEEPIYIVTEY	SRC	pelm;psite	994
ENSP00000350941	SRC	419	IEDNEYTARQG	PDGFRA;PDGFRB;PRKACA;SRC	hprd;pelm;psite	994
ENSP00000350941	SRC	530	STEPQYQPGEN	CSK;FGR;SRC	hprd;pelm;psite	994
ENSP00000264657	STAT3	45	SQDWAYAASKE		psite	462
ENSP00000296795	TLR3	858	EEIPDYKLNHA		psite	665
ENSP00000277120	NTRK2	532	IENPQYFGITN	NTRK2	hprd;psite	800
ENSP00000354207	NTRK3	516	IENPQYFRQGH		pelm;psite	800
ENSP00000211998	VCL	822	FLDSGYRILGA		hprd;pelm;psite	467
ENSP00000324740	YES1	336	KLVPLYAVVSE		psite	905
ENSP00000324740	YES1	345	SEEPIYIVTEF		psite	905
ENSP00000324740	YES1	426	IEDNEYTARQG	YES1	hprd;pelm;psite	905
ENSP00000324740	YES1	537	ATEPQYQPGEN	CSK	hprd;pelm;psite	905
ENSP00000264972	ZAP70	164	ERMPWYHSSLT		psite	900
ENSP00000264972	ZAP70	397	QLDNPYIVRLI		psite	900
ENSP00000264972	ZAP70	492	GADDSYYTARS	LCK;ZAP70	hprd;pelm;psite	900
ENSP00000264972	ZAP70	493	ADDSYYTARSA	LCK;ZAP70	hprd;pelm;psite	900
ENSP00000314709	ZHX2	705	ADDHGYDAVAR		psite	427
ENSP00000277120	NTRK2	833	KASPVYLDILG	NTRK2	hprd	800
