name	CSNK1G2
id	ENSP00000255641
type	Serine/threonine kinase
proline+1_removed	Yes
npartners	23
npartners_with_sites	22
nsites	12
//
motif	score	fg_matches	fg_size	bg_matches	bg_size	fold_increase
..RR.[ST].....	15.72	10	160	18	9383	32.58
//
prot_id	prot_name	position	flank	kinase	source	string_score
ENSP00000300161	YWHAB	60	GARRSSWRVIS	PRKCD	hprd;pelm;psite	900
ENSP00000248975	YWHAH	59	GARRSSWRVIS		pelm;psite	899
ENSP00000306330	YWHAG	59	GARRSSWRVIS	LATS2	psite	899
ENSP00000309503	YWHAZ	58	GARRSSWRVVS	AKT1;MAPKAPK2;PRKACA	hprd;pelm;psite	900
ENSP00000228682	GLI1	544	LERRSSSSSSI	PRKACA	psite	800
ENSP00000228682	GLI1	560	VSRRSSLASPF	PRKACA	psite	800
ENSP00000228682	GLI1	640	VTRRASDPAQA	PRKACA	psite	800
ENSP00000354586	GLI2	808	QERRDSSTSTV		psite	899
ENSP00000354586	GLI2	824	VSRRSSGISPY		psite	899
ENSP00000354586	GLI2	941	GPRRGSDGPTY		psite	899
ENSP00000354586	GLI2	970	GARRASDPVRR		psite	899
ENSP00000332973	SMAD3	388	EYRRQTVTSTP		psite	621
