name	CSNK1G3
id	ENSP00000353904
type	Serine/threonine kinase
proline+1_removed	Yes
npartners	18
npartners_with_sites	17
nsites	21
//
motif	score	fg_matches	fg_size	bg_matches	bg_size	fold_increase
...R.[ST].....	6.39	19	109	422	9383	3.88
//
prot_id	prot_name	position	flank	kinase	source	string_score
ENSP00000300161	YWHAB	60	GARRSSWRVIS	PRKCD	hprd;pelm;psite	903
ENSP00000248975	YWHAH	59	GARRSSWRVIS		pelm;psite	899
ENSP00000306330	YWHAG	59	GARRSSWRVIS	LATS2	psite	899
ENSP00000309503	YWHAZ	58	GARRSSWRVVS	AKT1;MAPKAPK2;PRKACA	hprd;pelm;psite	905
ENSP00000228682	GLI1	374	CTKRYTDPSSL	PRKACA	psite	800
ENSP00000228682	GLI1	544	LERRSSSSSSI	PRKACA	psite	800
ENSP00000228682	GLI1	560	VSRRSSLASPF	PRKACA	psite	800
ENSP00000228682	GLI1	640	VTRRASDPAQA	PRKACA	psite	800
ENSP00000354586	GLI2	808	QERRDSSTSTV		psite	899
ENSP00000354586	GLI2	824	VSRRSSGISPY		psite	899
ENSP00000354586	GLI2	941	GPRRGSDGPTY		psite	899
ENSP00000354586	GLI2	970	GARRASDPVRR		psite	899
ENSP00000381293	NSF	207	KENRQSIINPD		hprd;psite	411
ENSP00000381293	NSF	339	CKQRGSMAGST		psite	411
ENSP00000381293	NSF	693	DKERTTIAQQV		psite	411
ENSP00000269305	TP53	183	HHERCSDSDGL	AURKB	psite	899
ENSP00000269305	TP53	211	LDDRNTFRHSV	AURKB	psite	899
ENSP00000269305	TP53	215	NTFRHSVVVPY	AURKA;AURKB	pelm;psite	899
ENSP00000269305	TP53	269	LLGRNSFEVRV	AURKB;DAPK1	psite	899
ENSP00000269305	TP53	284	GRDRRTEEENL	AURKB	psite	899
ENSP00000301242	PPP1R14A	38	RHARVTVKYDR	DAPK3;ILK;PKD1;PRKACA;PRKCA;PRKCD;PRKCE;PRKCZ;PRKD1;PRKG1;ROCK2	hprd;pelm;psite	619
