name	CSNK1G1
id	ENSP00000305777
type	Serine/threonine kinase
proline+1_removed	Yes
npartners	25
npartners_with_sites	23
nsites	13
//
motif	score	fg_matches	fg_size	bg_matches	bg_size	fold_increase
..RR.[ST].....	15.22	11	187	18	9383	30.66
//
prot_id	prot_name	position	flank	kinase	source	string_score
ENSP00000300161	YWHAB	60	GARRSSWRVIS	PRKCD	hprd;pelm;psite	903
ENSP00000248975	YWHAH	59	GARRSSWRVIS		pelm;psite	899
ENSP00000306330	YWHAG	59	GARRSSWRVIS	LATS2	psite	899
ENSP00000309503	YWHAZ	58	GARRSSWRVVS	AKT1;MAPKAPK2;PRKACA	hprd;pelm;psite	900
ENSP00000005340	DVL2	169	PRRRDSSEHGA		psite	901
ENSP00000228682	GLI1	544	LERRSSSSSSI	PRKACA	psite	800
ENSP00000228682	GLI1	560	VSRRSSLASPF	PRKACA	psite	800
ENSP00000228682	GLI1	640	VTRRASDPAQA	PRKACA	psite	800
ENSP00000354586	GLI2	808	QERRDSSTSTV		psite	899
ENSP00000354586	GLI2	824	VSRRSSGISPY		psite	899
ENSP00000354586	GLI2	941	GPRRGSDGPTY		psite	899
ENSP00000354586	GLI2	970	GARRASDPVRR		psite	899
ENSP00000261349	LRP6	1548	PSRRMTSVATA	PRKACA	psite	954
