name	CSNK1A1L
id	ENSP00000369126
type	Serine/threonine kinase
proline+1_removed	Yes
npartners	25
npartners_with_sites	20
nsites	10
//
motif	score	fg_matches	fg_size	bg_matches	bg_size	fold_increase
..RR.[ST].....	13.83	10	176	18	9383	29.62
//
prot_id	prot_name	position	flank	kinase	source	string_score
ENSP00000344456	CTNNB1	552	TQRRTSMGGTQ	AKT1;AKT2;CAMK2A;PRKACA	hprd;pelm;psite	854
ENSP00000343279	FAM83G	610	GPRRPSVASSV		psite	728
ENSP00000343279	FAM83G	634	LRRRHSEQVAN		psite	728
ENSP00000228682	GLI1	544	LERRSSSSSSI	PRKACA	psite	800
ENSP00000228682	GLI1	560	VSRRSSLASPF	PRKACA	psite	800
ENSP00000228682	GLI1	640	VTRRASDPAQA	PRKACA	psite	800
ENSP00000354586	GLI2	808	QERRDSSTSTV		psite	805
ENSP00000354586	GLI2	824	VSRRSSGISPY		psite	805
ENSP00000354586	GLI2	941	GPRRGSDGPTY		psite	805
ENSP00000354586	GLI2	970	GARRASDPVRR		psite	805
