name	CSNK2A2
id	ENSP00000262506
type	Serine/threonine kinase
proline+1_removed	No
npartners	135
npartners_with_sites	122
nsites	112
//
motif	score	fg_matches	fg_size	bg_matches	bg_size	fold_increase
.S...[ST]D.E..	628.91	11	1662	0	9978	Inf
..D..[ST]..EE.	329.16	13	1354	1	9351	89.78
..S..[ST].EE..	324.57	16	1651	4	9978	24.17
.....[ST].DE..	317.49	35	1389	28	9379	8.44
.....[ST]P.K..	315.7	32	1694	22	10000	8.59
//
prot_id	prot_name	position	flank	kinase	source	string_score
ENSP00000340691	EIF4EBP1	85	GVTSPSSDEPP		hprd;pelm;psite	621
ENSP00000363868	ABCA1	1243	GISETTLEEIF	CSNK2A1	pelm;psite	621
ENSP00000285238	ABCC3	912	LSALSSDGEGQ		psite	434
ENSP00000344789	ACACA	66	VSEDNSEDEIS	CSNK2A1	hprd;pelm;psite	621
ENSP00000269397	CBX4	349	GSRKLSPTKEA		hprd;psite	402
ENSP00000356346	PTPRC	1007	SSDDDSDSEEP	CSNK2A1	hprd;pelm;psite	919
ENSP00000222005	CDC37	13	DHIEVSDDEDE	CSNK2A1;CSNK2A2	hprd;pelm;psite	743
ENSP00000222005	CDC37	370	EAVPKTGDEKD		psite	743
ENSP00000395546	CSNK2B	228	ASNFKSPVKTI	CDK1	psite	982
ENSP00000410942	CSNK2B	228	ASNFKSPVKTI	CDK1	psite	527
ENSP00000415615	CSNK2B	228	ASNFKSPVKTI	CDK1	psite	996
ENSP00000344456	CTNNB1	102	AMFPETLDEGM	CSNK2A1;CSNK2A2	hprd;pelm;psite	824
ENSP00000313420	PRKDC	875	LLTVTSSDEMM		psite	742
ENSP00000005340	DVL2	211	TSLGDSDEEDT		hprd;psite	851
ENSP00000236957	EEF1B2	106	IDLFGSDDEEE	CSNK2A1	hprd;pelm;psite	699
ENSP00000247161	ELK1	389	PIAPRSPAKLS	MAPK14;MAPK3	hprd;pelm;psite	622
ENSP00000299543	CTDP1	474	SSSSASDGESE		psite	671
ENSP00000299767	HSP90B1	44	REGSRTDDEVV		psite	621
ENSP00000299767	HSP90B1	306	EEKEESDDEAA		hprd;psite	621
ENSP00000299767	HSP90B1	786	EMDVGTDEEEE		hprd;pelm;psite	621
ENSP00000362649	HDAC1	393	AIPEESGDEDE		hprd;pelm;psite	654
ENSP00000362649	HDAC1	445	AKRVKTEDEKE		psite	654
ENSP00000381331	HDAC2	488	AVHEDSGDEDG	CSNK2A1	hprd;pelm;psite	652
ENSP00000381331	HDAC2	518	EEFSDSEDEGE	CSNK2A1	hprd;pelm;psite	652
ENSP00000272937	HES6	183	GDDLCSDLEEA	CSNK2A1	hprd;psite	558
ENSP00000308227	HMGA1	102	GISQESSEEEQ	CSNK2A1	hprd;pelm;psite	621
ENSP00000318687	HSPH1	700	LMKIGTPVKVR		hprd;pelm;psite	633
ENSP00000335153	HSP90AA1	353	RDKEVSDDEAE	CSNK2A1	hprd;pelm;psite	622
ENSP00000335153	HSP90AA1	385	IEDVGSDEEEE	CSNK2A1	hprd;pelm;psite	622
ENSP00000335153	HSP90AA1	848	GDDDTSRMEEV		hprd;pelm;psite	622
ENSP00000302935	IL16	757	GHPDGTPPKLD	CDK1	hprd;psite	621
ENSP00000320821	KIF1C	494	TVGVFSPKKTP		hprd;pelm;psite	619
ENSP00000367207	MYC	267	TTSSDSEEEQE	CSNK2A1	psite	673
ENSP00000367207	MYC	363	TSPRSSDTEEN	CSNK2A1	hprd;psite	673
ENSP00000379616	MYH11	1674	EDARASRDEIF		psite	469
ENSP00000281043	MYCN	263	DTLSDSDDEDD	CSNK2A1	hprd;pelm;psite	621
ENSP00000369915	NAP1L4	304	SGDGESLDEDS		psite	619
ENSP00000318195	NCL	28	EVEEDSEDEEM		hprd;pelm;psite	747
ENSP00000318195	NCL	34	EDEEMSEDEED		hprd;pelm;psite	747
ENSP00000318195	NCL	67	KKVVVSPTKKV	CDK2	hprd;pelm;psite	747
ENSP00000318195	NCL	76	KVAVATPAKKA	CDK2	hprd;pelm;psite	747
ENSP00000318195	NCL	84	KKAAVTPGKKA		hprd;psite	747
ENSP00000318195	NCL	92	KKAAATPAKKT		hprd;psite	747
ENSP00000318195	NCL	99	AKKTVTPAKAV		hprd;pelm;psite	747
ENSP00000318195	NCL	106	AKAVTTPGKKG		hprd;psite	747
ENSP00000318195	NCL	113	GKKGATPGKAL		hprd;psite	747
ENSP00000318195	NCL	121	KALVATPGKKG	CDK1;CDK2	hprd;pelm;psite	747
ENSP00000318195	NCL	184	AAAPASEDEDD		hprd;pelm;psite	747
ENSP00000318195	NCL	214	EAMETTPAKGK		hprd;pelm;psite	747
ENSP00000318195	NCL	405	LPYKVTQDELK		hprd;psite	747
ENSP00000384273	RELA	529	PNGLLSGDEDF	CSNK2A1	pelm;psite	669
ENSP00000347379	OCLN	376	GGNFETPSKRA		hprd;psite	800
ENSP00000347379	OCLN	408	TTGGESCDELE	CSNK2B	hprd;pelm;psite	800
ENSP00000229794	MAPK14	175	GLARHTDDEMT		hprd;psite	638
ENSP00000316454	PACS1	46	PPQQPTPPKLA		hprd;pelm;psite	585
ENSP00000316454	PACS1	278	DIDNYSEEEEE	CSNK2A1	hprd;pelm;psite	585
ENSP00000316454	PACS1	495	LQGSASPSKVE		hprd;pelm;psite	585
ENSP00000316454	PACS1	511	RQKRSTPLKER		psite	585
ENSP00000278568	PAK1	174	AVPPVSEDEDD	CDK19	hprd;psite	619
ENSP00000265073	SUB1	17	SSGSDSDSEVD	CSNK2A1	hprd;pelm;psite	465
ENSP00000357484	GOPC	376	APEVDSDDENV		psite	569
ENSP00000328178	PPP1R2	130	EDSDLSPEERE		hprd;psite	621
ENSP00000360683	PTPN1	386	GAQAASPAKGE	CDK1;CSNK2A1	hprd;pelm;psite	621
ENSP00000355899	RRP15	11	PDSRVSEEENL		hprd;psite	773
ENSP00000355899	RRP15	19	ENLKKTPKKKM		psite	773
ENSP00000368572	SAT1	149	GASDLSSEEGW	CSNK2A1	hprd;pelm;psite	621
ENSP00000212015	SIRT1	162	FHSCESDEEDR		psite	757
ENSP00000216297	SUPT16H	982	KESLGSEEESG		hprd;pelm;psite	401
ENSP00000216297	SUPT16H	1004	KADRESRYEEE		psite	401
ENSP00000278412	SSRP1	278	LILLFSKDEDI		hprd;psite	407
ENSP00000278412	SSRP1	437	EGMNPSYDEYA		hprd;pelm;psite	407
ENSP00000278412	SSRP1	667	SKEFVSSDESS		hprd;pelm;psite	407
ENSP00000278412	SSRP1	688	RRSEDSEEEEL	CSNK2A1	hprd;pelm;psite	407
ENSP00000358404	TCF7L2	82	DKSRESLEEAA		psite	621
ENSP00000406888	TCOF1	88	STSESSEEEEE		hprd;pelm;psite	622
ENSP00000406888	TCOF1	156	LLSGKSPRKSA	CDK1	hprd;pelm;psite	622
ENSP00000406888	TCOF1	310	APAKGTPGKGA		hprd;pelm;psite	622
ENSP00000406888	TCOF1	381	APAKESPRKGA		hprd;pelm;psite	622
ENSP00000406888	TCOF1	477	EEDSRSSSEES		hprd;pelm;psite	622
ENSP00000406888	TCOF1	478	EDSRSSSEESD		hprd;pelm;psite	622
ENSP00000406888	TCOF1	583	AKPTSSPAKGP	CDK1;CDK2	hprd;pelm;psite	622
ENSP00000406888	TCOF1	699	SSSEESDSEEE		hprd;psite	622
ENSP00000406888	TCOF1	764	QEDSESSEEES		hprd;pelm;psite	622
ENSP00000406888	TCOF1	765	EDSESSEEESD		hprd;pelm;psite	622
ENSP00000406888	TCOF1	769	SSEEESDSEEA		hprd;pelm;psite	622
ENSP00000406888	TCOF1	870	EEDSGSSEEES		hprd;pelm;psite	622
ENSP00000406888	TCOF1	871	EDSGSSEEESD		hprd;pelm;psite	622
ENSP00000406888	TCOF1	875	SSEEESDSEEE		hprd;pelm;psite	622
ENSP00000406888	TCOF1	906	APAKESPRKGA		hprd;pelm;psite	622
ENSP00000406888	TCOF1	934	QDDSGSSSEES		hprd;pelm;psite	622
ENSP00000406888	TCOF1	935	DDSGSSSEESD		hprd;pelm;psite	622
ENSP00000406888	TCOF1	983	AQAASTPRKAR	CDK1;CDK2	hprd;pelm;psite	622
ENSP00000406888	TCOF1	1001	SSSSESEDEDV		hprd;pelm;psite	622
ENSP00000406888	TCOF1	1233	AASGTTPQKSR		hprd;psite	622
ENSP00000406888	TCOF1	1341	GEASVSPEKTS		hprd;pelm;psite	622
ENSP00000263228	UBE2R2	233	YDDDDSGNEES	CSNK2A1	hprd;pelm;psite	782
ENSP00000365891	WAS	483	SRAIHSSDEGE	CSNK2A1	hprd;pelm;psite	619
ENSP00000262887	XRCC1	257	QEEKKTPSKPP		hprd;pelm;psite	744
ENSP00000262887	XRCC1	421	SHSGGSGDEAP		hprd;pelm;psite	744
ENSP00000262887	XRCC1	447	AAGPSSPQKPP		hprd;pelm;psite	744
ENSP00000262887	XRCC1	488	EDSGDTEDELR	CSNK2A1;CSNK2A2	hprd;pelm;psite	744
ENSP00000262887	XRCC1	518	DPYAGSTDENT	CSNK2A1;CSNK2A2	hprd;pelm;psite	744
ENSP00000262887	XRCC1	523	STDENTDSEEH	CSNK2A1;CSNK2A2	hprd;pelm;psite	744
ENSP00000365025	CSNK2B	209	ASNFKSPVKTI	CDK1	hprd;pelm	807
ENSP00000384026	HMGA2	59	GSKNKSPSKAA	CDK1	hprd;pelm	621
ENSP00000406888	TCOF1	823	QAKQRSPSKVK		pelm	622
ENSP00000406888	TCOF1	206	EDTSSSSDETD		hprd	622
ENSP00000406888	TCOF1	210	SSSDETDVEGK		hprd	622
ENSP00000406888	TCOF1	412	EEDSQSSSEES		hprd	622
ENSP00000406888	TCOF1	413	EDSQSSSEESD		hprd	622
ENSP00000406888	TCOF1	417	SSSEESDSEEE		hprd	622
ENSP00000406888	TCOF1	556	ESSDSSDGEVP		hprd	622
