name	CSNK1D
id	ENSP00000324464
type	Serine/threonine kinase
proline+1_removed	Yes
npartners	149
npartners_with_sites	129
nsites	635
//
motif	score	fg_matches	fg_size	bg_matches	bg_size	fold_increase
..RR.[ST].....	316.79	26	1333	18	9383	10.17
..R..[ST].....	307.65	140	1307	465	9365	2.16
.....[ST]..E..	13.49	148	1167	585	8900	1.93
..S..[ST].....	11.65	177	1019	848	8315	1.7
.....[ST]..S..	7.08	128	761	743	7067	1.6
//
prot_id	prot_name	position	flank	kinase	source	string_score
ENSP00000300161	YWHAB	60	GARRSSWRVIS	PRKCD	hprd;pelm;psite	899
ENSP00000264335	YWHAE	64	SWRIISSIEQK		hprd;psite	903
ENSP00000264335	YWHAE	208	IAELDTLSEES	PLK2;PLK3	psite	903
ENSP00000264335	YWHAE	210	ELDTLSEESYK		hprd;psite	903
ENSP00000264335	YWHAE	213	TLSEESYKDST		hprd;psite	903
ENSP00000248975	YWHAH	59	GARRSSWRVIS		pelm;psite	899
ENSP00000306330	YWHAG	59	GARRSSWRVIS	LATS2	psite	900
ENSP00000306330	YWHAG	115	KNCSETQYESK		psite	900
ENSP00000238081	YWHAQ	229	NLTLWTSDSAG		psite	899
ENSP00000238081	YWHAQ	232	LWTSDSAGEEC	BCR;CSNK1A1	hprd;pelm;psite	899
ENSP00000309503	YWHAZ	58	GARRSSWRVVS	AKT1;MAPKAPK2;PRKACA	hprd;pelm;psite	899
ENSP00000309503	YWHAZ	63	SWRVVSSIEQK		psite	899
ENSP00000309503	YWHAZ	207	ELDTLSEESYK		hprd;psite	899
ENSP00000348573	AKAP9	43	KKRKTSSSKHD	PRKACA	psite	959
ENSP00000348573	AKAP9	390	QKERQSSEEIK		hprd;psite	959
ENSP00000348573	AKAP9	1235	SGDYISENEDP		psite	959
ENSP00000348573	AKAP9	1765	SSKSQSSASLI		psite	959
ENSP00000348573	AKAP9	1768	SQSSASLIWRS		psite	959
ENSP00000348573	AKAP9	3089	KADRRSLLSEI		psite	959
ENSP00000348573	AKAP9	3637	NSSRFSLNGGA		psite	959
ENSP00000348573	AKAP9	3684	ELRNDSLLQTL		psite	959
ENSP00000348573	AKAP9	3835	TYRSRSDLDYI		psite	959
ENSP00000264448	ALMS1	189	VTDFPSLEEGI		psite	900
ENSP00000264448	ALMS1	511	IGSHLSLSLED		psite	900
ENSP00000264448	ALMS1	1188	IPRVLSTFYSQ		psite	900
ENSP00000264448	ALMS1	1192	LSTFYSQREKP		psite	900
ENSP00000264448	ALMS1	2142	LPSSFSHREKP		psite	900
ENSP00000264448	ALMS1	2465	EEEGVSESEDG		psite	900
ENSP00000264448	ALMS1	2804	VDFERSFQEEK		psite	900
ENSP00000264448	ALMS1	3069	DERFHSLDAAS		psite	900
ENSP00000264448	ALMS1	3149	IPSQNSQIVTS		psite	900
ENSP00000257430	APC	98	LRSYGSREGSV		psite	904
ENSP00000257430	APC	748	MSPGSSLPSLH		psite	904
ENSP00000257430	APC	899	VSAIHTSQEDR		hprd;psite	904
ENSP00000257430	APC	908	DRSSGSTTELH		psite	904
ENSP00000257430	APC	963	RSSNDSLNSVS		psite	904
ENSP00000257430	APC	1279	CSSLSSLSSAE	CSNK1E	hprd;pelm;psite	904
ENSP00000257430	APC	1392	CTSVSSLDSFE	CSNK1E	hprd;pelm;psite	904
ENSP00000257430	APC	1501	TPDGFSCSSSL	GSK3B	hprd;psite	904
ENSP00000257430	APC	1504	GFSCSSSLSAL	CSNK1A1;CSNK1D;CSNK1E;CSNK1G1	hprd;psite	904
ENSP00000257430	APC	1507	CSSSLSALSLD	CSNK1A1;CSNK1D;CSNK1E;CSNK1G1	hprd;psite	904
ENSP00000257430	APC	1510	SLSALSLDEPF	CSNK1A1;CSNK1D;CSNK1E;CSNK1G1	hprd;psite	904
ENSP00000257430	APC	1556	KEAEKTIDSEK		psite	904
ENSP00000257430	APC	1610	VARKPSQLPVY		psite	904
ENSP00000257430	APC	1861	FSRNDSLSSLD		hprd;pelm;psite	904
ENSP00000257430	APC	1864	NDSLSSLDFDD		hprd;pelm;psite	904
ENSP00000257430	APC	2022	TPVCFSRNSSL		psite	904
ENSP00000257430	APC	2034	SLSIDSEDDLL		pelm;psite	904
ENSP00000257430	APC	2088	IQRPDSEHGLS		hprd;pelm;psite	904
ENSP00000257430	APC	2096	GLSPDSENFDW		hprd;pelm;psite	904
ENSP00000257430	APC	2129	LSRQASSDSDS		hprd;pelm;psite	904
ENSP00000257430	APC	2290	VARQTSQIGGS		psite	904
ENSP00000257430	APC	2374	PGRQMSQQNLT		psite	904
ENSP00000257430	APC	2421	LSRMSSTKSSG		psite	904
ENSP00000257430	APC	2442	LVRQSTFIKEA		psite	904
ENSP00000257430	APC	2464	SASFESLSPSS		hprd;pelm;psite	904
ENSP00000257430	APC	2533	IARSHSESPSR		hprd;pelm;psite	904
ENSP00000257430	APC	2569	WRRTGSSSSIL		psite	904
ENSP00000257430	APC	2671	INNPRSGRSPT		hprd;pelm;psite	904
ENSP00000257430	APC	2676	SGRSPTGNTPP		hprd;pelm;psite	904
ENSP00000257430	APC	2724	ENRLNSFIQVD		psite	904
ENSP00000257430	APC	2764	RTPFSSSSSSK		psite	904
ENSP00000257430	APC	2768	SSSSSSKHSSP		psite	904
ENSP00000257430	APC	2828	TESSGTQSPKR		psite	904
ENSP00000314615	ARFGAP1	63	FVRSVTMDKWK		psite	621
ENSP00000314615	ARFGAP1	98	YDPCWSLQEKY		psite	621
ENSP00000314615	ARFGAP1	128	EWSLESSPAQN		hprd;psite	621
ENSP00000314615	ARFGAP1	206	NNAMSSLYSGW		psite	621
ENSP00000314615	ARFGAP1	353	TRKSPSSDSWT		hprd;pelm;psite	621
ENSP00000314615	ARFGAP1	354	RKSPSSDSWTC		hprd;psite	621
ENSP00000314615	ARFGAP1	356	SPSSDSWTCAD		psite	621
ENSP00000314615	ARFGAP1	368	STERRSSDSWE		hprd;pelm;psite	621
ENSP00000314615	ARFGAP1	369	TERRSSDSWEV		hprd;pelm;psite	621
ENSP00000314615	ARFGAP1	371	RRSSDSWEVWG		hprd;pelm;psite	621
ENSP00000216911	AURKA	104	KQPLPSAPENN	AURKA	pelm;psite	720
ENSP00000216911	AURKA	266	NLLLGSAGELK	AURKA	pelm;psite	720
ENSP00000216911	AURKA	287	PSSRRTTLCGT	AURKA	hprd;pelm;psite	720
ENSP00000216911	AURKA	288	SSRRTTLCGTL	AURKA;PAK1;PRKACA	hprd;pelm;psite	720
ENSP00000216911	AURKA	342	TYKRISRVEFT	AURKA;PAK1	pelm;psite	720
ENSP00000216911	AURKA	391	NSSKPSNCQNK	AURKA	pelm;psite	720
ENSP00000262320	AXIN1	160	IVSRQTKPATK		hprd;psite	938
ENSP00000393583	AZI1	35	SRRPGSAATTK		psite	899
ENSP00000393583	AZI1	47	IVRSVSVVTGS		hprd;pelm;psite	899
ENSP00000393583	AZI1	78	LRRSNSTTQVS		hprd;pelm;psite	899
ENSP00000393583	AZI1	79	RRSNSTTQVSQ		hprd;pelm;psite	899
ENSP00000393583	AZI1	80	RSNSTTQVSQP		psite	899
ENSP00000393583	AZI1	114	KKRPASLSTAP		psite	899
ENSP00000393583	AZI1	137	QPRGFTLPSNA		psite	899
ENSP00000393583	AZI1	146	NARSSSALDSP		psite	899
ENSP00000393583	AZI1	257	RRKEVTEEEAE		psite	899
ENSP00000393583	AZI1	450	APSRGSAKSRG		psite	899
ENSP00000393583	AZI1	453	RGSAKSRGPLE		psite	899
ENSP00000393583	AZI1	531	LQSIMSFLDEM		psite	899
ENSP00000393583	AZI1	598	QQRDLTARRVK		psite	899
ENSP00000393583	AZI1	728	VRRLKSLHEAE		hprd;psite	899
ENSP00000393583	AZI1	795	RQRLYSEVAEE		psite	899
ENSP00000374357	ARNTL	78	AREAHSQIEKR		hprd;psite	848
ENSP00000230340	BYSL	98	MPQDGSDDEDE		hprd;pelm;psite	440
ENSP00000230340	BYSL	164	QTEVETVMSEV		hprd;psite	440
ENSP00000230340	BYSL	167	VETVMSEVSGF		hprd;psite	440
ENSP00000230340	BYSL	170	VMSEVSGFPMP		hprd;psite	440
ENSP00000272298	CALM2	29	GDGTITTKELG		psite	906
ENSP00000291295	CALM3	29	GDGTITTKELG		psite	906
ENSP00000349467	CALM1	29	GDGTITTKELG		psite	906
ENSP00000272298	CALM2	80	RKMKDTDSEEE	CSNK2A1	pelm;psite	906
ENSP00000291295	CALM3	80	RKMKDTDSEEE	CSNK2A1	pelm;psite	906
ENSP00000349467	CALM1	80	RKMKDTDSEEE	CSNK2A1	pelm;psite	906
ENSP00000272298	CALM2	82	MKDTDSEEEIR		psite	906
ENSP00000291295	CALM3	82	MKDTDSEEEIR		psite	906
ENSP00000349467	CALM1	82	MKDTDSEEEIR		psite	906
ENSP00000272298	CALM2	102	GNGYISAAELR		hprd;pelm;psite	906
ENSP00000291295	CALM3	102	GNGYISAAELR		hprd;pelm;psite	906
ENSP00000349467	CALM1	102	GNGYISAAELR		hprd;pelm;psite	906
ENSP00000272298	CALM2	118	LGEKLTDEEVD		psite	906
ENSP00000291295	CALM3	118	LGEKLTDEEVD		psite	906
ENSP00000349467	CALM1	118	LGEKLTDEEVD		psite	906
ENSP00000348554	CDC16	595	PDSRPSLEETF		pelm;psite	899
ENSP00000234626	CDC7	509	PPGQYSGNSFK		psite	422
ENSP00000343818	CDK5RAP2	371	SEDYETALSGK		psite	904
ENSP00000343818	CDK5RAP2	463	ENRYKSLLSES		psite	904
ENSP00000343818	CDK5RAP2	548	EKKQSSDYEEL		psite	904
ENSP00000343818	CDK5RAP2	697	PDRLASTEQTE		psite	904
ENSP00000343818	CDK5RAP2	1244	PPRYDSLVQSQ		psite	904
ENSP00000343818	CDK5RAP2	1360	ASHALSDYETS		psite	904
ENSP00000371308	CENPJ	405	LVTNQSTSEDQ		psite	899
ENSP00000371308	CENPJ	589	AADEISFSSNS	PLK2	psite	899
ENSP00000371308	CENPJ	595	FSSNSSFVLKI	PLK2;PLK4	psite	899
ENSP00000371308	CENPJ	615	GHRMSSTPVKA		psite	899
ENSP00000371308	CENPJ	643	EDLDHTAREKE		psite	899
ENSP00000371308	CENPJ	663	LHSLSSADELR		psite	899
ENSP00000371308	CENPJ	681	KAVQKSTSENQ		psite	899
ENSP00000371308	CENPJ	764	SDKDYSSDESI		hprd;psite	899
ENSP00000371308	CENPJ	765	DKDYSSDESIM		hprd;psite	899
ENSP00000371308	CENPJ	862	SRSPPTSELMM		psite	899
ENSP00000371308	CENPJ	1081	VRFQNSQISSG		psite	899
ENSP00000371308	CENPJ	1109	PRRSKSAPPRD		hprd;psite	899
ENSP00000238341	CNTRL	854	EILARSKWERD		hprd;psite	899
ENSP00000238341	CNTRL	1475	LLQTESDAEEL		psite	899
ENSP00000238341	CNTRL	2292	LVTSTSADSAS		psite	899
ENSP00000257287	CEP135	441	RDRSPSRLDTF		psite	899
ENSP00000257287	CEP135	483	SAREKSSIFRT		psite	899
ENSP00000257287	CEP135	1132	TLRSPSHSPEH		psite	899
ENSP00000382271	CEP152	1562	PSGYLSDTEES		psite	899
ENSP00000278935	CEP164	201	KGLLGSIYEDK		psite	899
ENSP00000278935	CEP164	1386	RLGYMSASEQL		psite	899
ENSP00000317902	CEP57	33	MVRHSSSPYVV		psite	899
ENSP00000317902	CEP57	55	LRRSPSKPTLA		psite	899
ENSP00000336524	CEP63	653	FISSCSLPVSP		psite	899
ENSP00000264935	CEP72	156	FASEDSLDSKE		hprd;psite	899
ENSP00000264935	CEP72	344	VGRFQTFSDQE		psite	899
ENSP00000264935	CEP72	346	RFQTFSDQEGL		psite	899
ENSP00000264935	CEP72	372	LSRQDSSESRN		psite	899
ENSP00000264935	CEP72	375	QDSSESRNGRT		psite	899
ENSP00000264935	CEP72	382	NGRTLSQPEAS		psite	899
ENSP00000264935	CEP72	387	SQPEASETEEQ		psite	899
ENSP00000264935	CEP72	532	NSRLKSLLLSM		psite	899
ENSP00000365782	CEP78	327	WITSPSVKEPS		psite	900
ENSP00000365782	CEP78	372	SGRKHSLGKEY		psite	900
ENSP00000359300	CETN2	138	LGENLTDEELQ		psite	899
ENSP00000352929	CSNK1E	343	ANRLRSAAEPV		hprd;pelm;psite	902
ENSP00000352929	CSNK1E	368	SPRAISRVDRE	CSNK1E	hprd;pelm;psite	902
ENSP00000352929	CSNK1E	377	RERKVSMRLHR		psite	902
ENSP00000352929	CSNK1E	394	SSSDLTGRQEV		psite	902
ENSP00000352929	CSNK1E	405	SRIPASQTSVP	CSNK1E	hprd;pelm;psite	902
ENSP00000352929	CSNK1E	408	PASQTSVPFDH	CSNK1E	hprd;pelm;psite	902
ENSP00000346566	CKAP5	521	PLPGRTAASGA		psite	899
ENSP00000263710	CLASP1	280	TRRLGSSTLGS		psite	899
ENSP00000263710	CLASP1	545	LKNSDSIVSLP		psite	899
ENSP00000263710	CLASP1	552	VSLPQSDRSSS		hprd;psite	899
ENSP00000263710	CLASP1	555	PQSDRSSSSSQ		hprd;psite	899
ENSP00000263710	CLASP1	558	DRSSSSSQESL		hprd;psite	899
ENSP00000263710	CLASP1	559	RSSSSSQESLN		hprd;pelm;psite	899
ENSP00000263710	CLASP1	568	LNRPLSAKRSP		hprd;pelm;psite	899
ENSP00000263710	CLASP1	574	AKRSPTGSTTS		psite	899
ENSP00000263710	CLASP1	600	LQRSRSDIDVN		hprd;pelm;psite	899
ENSP00000263710	CLASP1	609	VNAAASAKSKV		hprd;pelm;psite	899
ENSP00000263710	CLASP1	633	ALPPGSYASLG		psite	899
ENSP00000263710	CLASP1	636	PGSYASLGRIR		psite	899
ENSP00000263710	CLASP1	642	LGRIRTRRQSS		psite	899
ENSP00000263710	CLASP1	646	RTRRQSSGSAT		hprd;pelm;psite	899
ENSP00000263710	CLASP1	647	TRRQSSGSATN		hprd;pelm;psite	899
ENSP00000263710	CLASP1	649	RQSSGSATNVA		hprd;pelm;psite	899
ENSP00000263710	CLASP1	674	SQSQRSRSANP		psite	899
ENSP00000263710	CLASP1	676	SQRSRSANPAG		psite	899
ENSP00000263710	CLASP1	684	PAGAGSRSSSP		psite	899
ENSP00000263710	CLASP1	687	AGSRSSSPGKL		psite	899
ENSP00000263710	CLASP1	795	AMRVLSTSTDL		psite	899
ENSP00000263710	CLASP1	798	VLSTSTDLEAA		hprd;pelm;psite	899
ENSP00000263710	CLASP1	1193	AIEKFSFRSQE		hprd;pelm;psite	899
ENSP00000263710	CLASP1	1196	KFSFRSQEDLN		hprd;pelm;psite	899
ENSP00000352581	CLASP2	258	PSSAASAFKVP		psite	899
ENSP00000308741	CLOCK	431	HSPTPSASSRS		psite	867
ENSP00000308741	CLOCK	434	TPSASSRSSRK		psite	867
ENSP00000308741	CLOCK	437	ASSRSSRKSSH		psite	867
ENSP00000008527	CRY1	568	GGKRPSQEEDT		psite	854
ENSP00000225387	CRYBA1	127	KESKMTIFEKE		hprd;pelm;psite	501
ENSP00000219599	CRYM	9	VPAFLSAAEVE		psite	575
ENSP00000344456	CTNNB1	102	AMFPETLDEGM	CSNK2A1;CSNK2A2	hprd;pelm;psite	970
ENSP00000344456	CTNNB1	179	MVHQLSKKEAS		psite	970
ENSP00000344456	CTNNB1	332	IMRTYTYEKLL	CAMK2A	psite	970
ENSP00000344456	CTNNB1	393	LSDAATKQEGM	CSNK2A1	hprd;pelm;psite	970
ENSP00000344456	CTNNB1	472	ALRHLTSRHQE	CAMK2A	psite	970
ENSP00000344456	CTNNB1	552	TQRRTSMGGTQ	AKT1;AKT2;CAMK2A;PRKACA	hprd;pelm;psite	970
ENSP00000344456	CTNNB1	718	DPSYRSFHSGG	PLK1	psite	970
ENSP00000344456	CTNNB1	721	YRSFHSGGYGQ		psite	970
ENSP00000264414	CUL3	442	ARRLLTNKSVS		psite	904
ENSP00000264414	CUL3	478	MFRDMSISNTT		psite	904
ENSP00000264414	CUL3	483	SISNTTMDEFR		psite	904
ENSP00000282561	GJA1	296	GDRNNSSCRNY		psite	920
ENSP00000282561	GJA1	325	MGQAGSTISNS	CSNK1D	hprd;psite	920
ENSP00000282561	GJA1	328	AGSTISNSHAQ	CSNK1D	hprd;psite	920
ENSP00000282561	GJA1	365	DQRPSSRASSR		hprd;psite	920
ENSP00000282561	GJA1	368	PSSRASSRASS	PRKCA;PRKCE	hprd;pelm;psite	920
ENSP00000282561	GJA1	369	SSRASSRASSR		hprd;psite	920
ENSP00000282561	GJA1	372	ASSRASSRPRP		psite	920
ENSP00000282561	GJA1	373	SSRASSRPRPD		hprd;psite	920
ENSP00000348965	DYNC1H1	1230	MRRKDSAIQQQ		psite	899
ENSP00000348965	DYNC1H1	2276	NTREWTDGLFT		psite	899
ENSP00000348965	DYNC1H1	2503	ILWSLSGDSRL		psite	899
ENSP00000348965	DYNC1H1	4162	MLRTFSSIPVS		psite	899
ENSP00000348965	DYNC1H1	4368	KTRTDSTSDGR		hprd;pelm;psite	899
ENSP00000380308	DYNC1I2	51	PVQEESDLEKK		psite	904
ENSP00000380308	DYNC1I2	90	PMSPSSKSVST		hprd;psite	904
ENSP00000380308	DYNC1I2	92	SPSSKSVSTPS		hprd;psite	904
ENSP00000380308	DYNC1I2	94	SSKSVSTPSEA		hprd;pelm;psite	904
ENSP00000380308	DYNC1I2	97	SVSTPSEAGSQ		hprd;pelm;psite	904
ENSP00000380308	DYNC1I2	101	PSEAGSQDSGD		hprd;pelm;psite	904
ENSP00000380308	DYNC1I2	104	AGSQDSGDGAV		hprd;psite	904
ENSP00000380308	DYNC1I2	209	PPHELTEEEKQ		psite	904
ENSP00000380308	DYNC1I2	89	PPMSPSSKSVS		hprd;pelm;psite	904
ENSP00000368169	DVL1	575	AGAGGSGSESD		psite	657
ENSP00000368169	DVL1	651	PELTGSRQSFQ		psite	657
ENSP00000368169	DVL1	654	TGSRQSFQKAM		psite	657
ENSP00000316054	DVL3	202	STSRFSSSTEQ		psite	466
ENSP00000316054	DVL3	203	TSRFSSSTEQS		psite	466
ENSP00000316054	DVL3	208	SSTEQSSASRL		psite	466
ENSP00000316054	DVL3	697	PELTASRQSFR		psite	466
ENSP00000316054	DVL3	700	TASRQSFRMAM		psite	466
ENSP00000364721	MAPRE1	9	NVYSTSVTSDN		psite	899
ENSP00000364721	MAPRE1	165	PQRPISTQRTA		hprd;psite	899
ENSP00000355812	FGFR1OP	169	KTSAQTTPSKI		psite	899
ENSP00000355812	FGFR1OP	202	DEANQSDTSVS		hprd;pelm;psite	899
ENSP00000355812	FGFR1OP	204	ANQSDTSVSLS		hprd;psite	899
ENSP00000355812	FGFR1OP	228	ETKIGSFLSNR		psite	899
ENSP00000355812	FGFR1OP	234	FLSNRTLDGKD		psite	899
ENSP00000355812	FGFR1OP	279	RKQAGSLASLS		psite	899
ENSP00000355812	FGFR1OP	389	TVSQLSDVADY		psite	899
ENSP00000368880	FOXO1	24	RPRSCTWPLPR	AKT1	hprd;pelm;psite	899
ENSP00000368880	FOXO1	218	IRHNLSLHSKF		psite	899
ENSP00000368880	FOXO1	256	RRRAASMDNNS	AKT1	hprd;pelm;psite	899
ENSP00000368880	FOXO1	301	PASPGSHSNDD		psite	899
ENSP00000368880	FOXO1	319	RPRTSSNASTI	AKT1	hprd;pelm;psite	899
ENSP00000368880	FOXO1	322	TSSNASTISGR	CSNK1A1;CSNK1G1	hprd;pelm;psite	899
ENSP00000368880	FOXO1	325	NASTISGRLSP	CSNK1A1;GSK3B	hprd;pelm;psite	899
ENSP00000368880	FOXO1	505	PNSVMSTYGSQ		hprd;pelm;psite	899
ENSP00000368880	FOXO1	509	MSTYGSQASHN		hprd;pelm;psite	899
ENSP00000252936	TUBGCP2	594	VLAIETKQEKA		psite	900
ENSP00000261965	TUBGCP3	138	YARPQTLPLSY		psite	899
ENSP00000261965	TUBGCP3	899	RVSLGTRGRRS		psite	899
ENSP00000283645	TUBGCP5	535	NASASSGSDQG		pelm;psite	899
ENSP00000283645	TUBGCP5	630	LMKMQSIAESH		psite	899
ENSP00000248846	TUBGCP6	629	ISVIFSLEELK		hprd;pelm;psite	904
ENSP00000248846	TUBGCP6	654	RVARHSSVSKE		psite	904
ENSP00000248846	TUBGCP6	657	RHSSVSKEEKE		pelm;psite	904
ENSP00000228682	GLI1	84	KKRALSISPLS		psite	800
ENSP00000228682	GLI1	374	CTKRYTDPSSL	PRKACA	psite	800
ENSP00000228682	GLI1	544	LERRSSSSSSI	PRKACA	psite	800
ENSP00000228682	GLI1	560	VSRRSSLASPF	PRKACA	psite	800
ENSP00000228682	GLI1	640	VTRRASDPAQA	PRKACA	psite	800
ENSP00000354586	GLI2	132	EHYLRSVHSSP		psite	903
ENSP00000354586	GLI2	234	RKRALSISPLS		hprd;psite	903
ENSP00000354586	GLI2	242	PLSDASLDLQR		hprd;psite	903
ENSP00000354586	GLI2	808	QERRDSSTSTV		psite	903
ENSP00000354586	GLI2	824	VSRRSSGISPY		psite	903
ENSP00000354586	GLI2	870	RSSEASQCSGG		psite	903
ENSP00000354586	GLI2	941	GPRRGSDGPTY		psite	903
ENSP00000354586	GLI2	970	GARRASDPVRR		psite	903
ENSP00000363779	IKBKAP	1171	FSETSSVVSGS		hprd;pelm;psite	409
ENSP00000363779	IKBKAP	1174	TSSVVSGSEMS		hprd;pelm;psite	409
ENSP00000363779	IKBKAP	1190	SNSRISARSSK		psite	409
ENSP00000360266	JUN	231	KEEPQTVPEMP	CSNK2A1	hprd;pelm;psite	435
ENSP00000263181	KIF18A	834	RKRKLTSSTSN		psite	899
ENSP00000263181	KIF18A	835	KRKLTSSTSNS		psite	899
ENSP00000263181	KIF18A	838	LTSSTSNSSLT		psite	899
ENSP00000263181	KIF18A	841	STSNSSLTADV		psite	899
ENSP00000368020	KIF3A	383	EEISGSDISGS		psite	720
ENSP00000368020	KIF3A	386	SGSDISGSEED		hprd;psite	720
ENSP00000368020	KIF3A	687	GRRKRSAKPET		hprd;pelm;psite	720
ENSP00000363524	KIF4A	199	GNNSRTVASTA		psite	720
ENSP00000363524	KIF4A	294	RDSKLTRLLQD		hprd;psite	720
ENSP00000363524	KIF4A	394	MEKNQSLVEEN		hprd;pelm;psite	720
ENSP00000363524	KIF4A	407	LSRGLSEAAGQ		psite	720
ENSP00000363524	KIF4A	799	KLRRRTFSLTE		hprd;pelm;psite	720
ENSP00000363524	KIF4A	801	RRRTFSLTEVR		hprd;pelm;psite	720
ENSP00000363524	KIF4A	810	VRGQVSESEDS		hprd;pelm;psite	720
ENSP00000363524	KIF4A	815	SESEDSITKQI		hprd;pelm;psite	720
ENSP00000363524	KIF4A	951	KQLEESVSEKE		hprd;pelm;psite	720
ENSP00000363524	KIF4A	953	LEESVSEKEQQ		psite	720
ENSP00000363524	KIF4A	1016	LLSPDSSFEYV		hprd;pelm;psite	720
ENSP00000363524	KIF4A	1133	GTVERTQDSEG		hprd;pelm;psite	720
ENSP00000363524	KIF4A	1139	QDSEGSFKLED		hprd;pelm;psite	720
ENSP00000363524	KIF4A	1216	KRALASNTSFF		psite	720
ENSP00000363524	KIF4A	1219	LASNTSFFSGC		hprd;pelm;psite	720
ENSP00000354560	KIFAP3	60	IIRLKSLNANT		hprd;psite	720
ENSP00000328236	KNTC1	735	PELIPSILEKF		psite	899
ENSP00000328236	KNTC1	1034	KHKPGSTPEPI		hprd;psite	899
ENSP00000356548	LTV1	182	MDIQKSENEDD		hprd;pelm;psite	422
ENSP00000356548	LTV1	188	ENEDDSEWEDV		hprd;pelm;psite	422
ENSP00000356548	LTV1	241	TKSRFTEYSMT		hprd;psite	422
ENSP00000356548	LTV1	244	RFTEYSMTSSV		psite	422
ENSP00000356548	LTV1	331	NELDESEEEEM		hprd;psite	422
ENSP00000356548	LTV1	352	KWDCESICSTY		psite	422
ENSP00000356548	LTV1	355	CESICSTYSNL		psite	422
ENSP00000356548	LTV1	358	ICSTYSNLYNH		psite	422
ENSP00000300231	MAP1A	114	LEEEQSQGSSS		hprd;pelm;psite	421
ENSP00000300231	MAP1A	117	EQSQGSSSYSD		psite	421
ENSP00000300231	MAP1A	118	QSQGSSSYSDW		psite	421
ENSP00000300231	MAP1A	121	GSSSYSDWVKN		psite	421
ENSP00000300231	MAP1A	322	ADSKESLKATT		psite	421
ENSP00000300231	MAP1A	382	PERVKTESSEA		psite	421
ENSP00000300231	MAP1A	526	RELVLSSPEDL		hprd;pelm;psite	421
ENSP00000300231	MAP1A	612	DRGLDSGAETE		hprd;pelm;psite	421
ENSP00000300231	MAP1A	616	DSGAETEEEKD		hprd;pelm;psite	421
ENSP00000300231	MAP1A	622	EEEKDTWEEKK		psite	421
ENSP00000300231	MAP1A	644	EAREESEPEVK		psite	421
ENSP00000300231	MAP1A	667	EEVHPSDEEEE		hprd;psite	421
ENSP00000300231	MAP1A	675	EEEDATKAEGF		hprd;psite	421
ENSP00000300231	MAP1A	874	LDTVTSIPSSR		psite	421
ENSP00000300231	MAP1A	894	VPSAGTISPTS		pelm;psite	421
ENSP00000300231	MAP1A	899	TISPTSSLEED		hprd;psite	421
ENSP00000300231	MAP1A	900	ISPTSSLEEDK		hprd;psite	421
ENSP00000300231	MAP1A	918	EDFSVTGESEK		psite	421
ENSP00000300231	MAP1A	1163	VPSPDTANQEP		psite	421
ENSP00000300231	MAP1A	1200	QSLSLSEESPS		psite	421
ENSP00000300231	MAP1A	1329	SKSPESLPGPA		hprd;psite	421
ENSP00000300231	MAP1A	1674	PAWEDTSPEQD		hprd;psite	421
ENSP00000300231	MAP1A	1701	YWRELSCERKV		psite	421
ENSP00000300231	MAP1A	1728	EERESTFLDEG		psite	421
ENSP00000300231	MAP1A	1812	GQRVPSAPGQE		psite	421
ENSP00000300231	MAP1A	1834	MKNEPTTPSWL		psite	421
ENSP00000300231	MAP1A	2106	WDDSTSDSELE		hprd;psite	421
ENSP00000300231	MAP1A	2256	ASPALSEGSSS		hprd;psite	421
ENSP00000300231	MAP1A	2259	ALSEGSSSEAT		psite	421
ENSP00000300231	MAP1A	2649	PPRPRSTTSQV		psite	421
ENSP00000300231	MAP1A	2706	HCSGKTADLDF		psite	421
ENSP00000417281	MDM2	124	QESSDSGTSVS	CSNK1D	psite	625
ENSP00000417281	MDM2	127	SDSGTSVSENR	CSNK1D	psite	625
ENSP00000417281	MDM2	163	LVSRPSTSSRR	MAPKAPK2	pelm;psite	625
ENSP00000417281	MDM2	164	VSRPSTSSRRR		psite	625
ENSP00000417281	MDM2	166	RPSTSSRRRAI	AKT1	hprd;psite	625
ENSP00000417281	MDM2	172	RRRAISETEEN	AKT1;CSNK1D;DAPK3;MAPKAPK2;PIM1	hprd;pelm;psite	625
ENSP00000417281	MDM2	192	RKRHKSDSISL	AKT1;DAPK3;PIM1	hprd;pelm;psite	625
ENSP00000417281	MDM2	198	DSISLSFDESL		psite	625
ENSP00000417281	MDM2	235	LDAGVSEHSGD	CSNK1D	psite	625
ENSP00000417281	MDM2	259	EFEVESLDSED	CSNK1D	psite	625
ENSP00000417281	MDM2	262	VESLDSEDYSL		psite	625
ENSP00000417281	MDM2	266	DSEDYSLSEEG	CSNK1D;CSNK2A1;PLK1	pelm;psite	625
ENSP00000417281	MDM2	296	ESDTDSFEEDP	CSNK1D	psite	625
ENSP00000417281	MDM2	357	KLENSTQAEEG	CSNK1D	psite	625
ENSP00000417281	MDM2	379	NDSRESCVEEN	CSNK1D	psite	625
ENSP00000417281	MDM2	394	TQASQSQESED		psite	625
ENSP00000417281	MDM2	401	ESEDYSQPSTS	ATM	hprd;pelm;psite	625
ENSP00000417281	MDM2	412	SSIIYSSQEDV		psite	625
ENSP00000417281	MDM2	425	FEREETQDKEE	CSNK1D	psite	625
ENSP00000417281	MDM2	431	QDKEESVESSL		psite	625
ENSP00000216181	MYH9	36	LVWVPSDKSGF		hprd;psite	402
ENSP00000216181	MYH9	1151	TELEDTLDSTA		psite	402
ENSP00000216181	MYH9	1269	GERVRTELADK		psite	402
ENSP00000216181	MYH9	1382	VGCLETAEEVK		psite	402
ENSP00000216181	MYH9	1800	QEMEGTVKSKY	TRPM7	pelm;psite	402
ENSP00000216181	MYH9	1810	YKASITALEAK		psite	402
ENSP00000216181	MYH9	1915	MNREVSSLKNK		psite	402
ENSP00000216181	MYH9	1943	GAGDGSDEEVD	CSNK2A1	hprd;pelm;psite	402
ENSP00000268712	NCOR1	70	LRRRPSLLSEF	PRKACA;PRKCA	psite	903
ENSP00000268712	NCOR1	73	RPSLLSEFHPG		psite	903
ENSP00000268712	NCOR1	88	QERRTSYEPFH		hprd;pelm;psite	903
ENSP00000268712	NCOR1	401	QMRQLSVIPPM		hprd;psite	903
ENSP00000268712	NCOR1	509	QIARPSQEEKV		psite	903
ENSP00000268712	NCOR1	590	ITRSMTNEAAA		psite	903
ENSP00000268712	NCOR1	989	DLECRSSTSPC		psite	903
ENSP00000268712	NCOR1	1117	PRSQNSQPEGL		psite	903
ENSP00000268712	NCOR1	1195	MPIEDSSPEKG		psite	903
ENSP00000268712	NCOR1	1249	KRSYESVEGNI		psite	903
ENSP00000268712	NCOR1	1449	VRSRHTSVVSS		psite	903
ENSP00000268712	NCOR1	1450	RSRHTSVVSSG	AKT1	pelm;psite	903
ENSP00000268712	NCOR1	1742	YLRPGSEQPGR		psite	903
ENSP00000268712	NCOR1	1750	PGRPGSHGYVR		psite	903
ENSP00000268712	NCOR1	2050	THRLITLADHI		psite	903
ENSP00000268712	NCOR1	2105	RYSPESQAQSV		psite	903
ENSP00000268712	NCOR1	2187	ARSPGSISYLP		hprd;pelm;psite	903
ENSP00000268712	NCOR1	2253	SSRGHSFADPA		psite	903
ENSP00000268712	NCOR1	2335	SNSRKSKSPIP		psite	903
ENSP00000268712	NCOR1	2352	TERPSSVSSVH		psite	903
ENSP00000268712	NCOR1	2354	RPSSVSSVHSE		psite	903
ENSP00000268712	NCOR1	2355	PSSVSSVHSEG		psite	903
ENSP00000268712	NCOR1	2358	VSSVHSEGDYH		psite	903
ENSP00000268712	NCOR1	2394	TMRMLSSTPPT		psite	903
ENSP00000355966	NEK2	296	GEPEKSQDSSP		hprd;psite	902
ENSP00000355966	NEK2	365	ERKFLSLASNP	STK3	pelm;psite	902
ENSP00000355966	NEK2	397	ENIMRSENSES	NEK2	hprd;pelm;psite	902
ENSP00000355966	NEK2	400	MRSENSESQLT		psite	902
ENSP00000355966	NEK2	428	RAQALSDIEKN	NEK2	psite	902
ENSP00000278886	NINL	88	SDEDSSSLESA	PLK1	pelm;psite	899
ENSP00000345892	NDE1	9	SGKTFSSEEEE		psite	899
ENSP00000345892	NDE1	131	RAKRATIMSLE	PRKACA	psite	899
ENSP00000345892	NDE1	211	VQATGSVPSTP		hprd;pelm;psite	899
ENSP00000345892	NDE1	214	TGSVPSTPIAH		hprd;psite	899
ENSP00000345892	NDE1	223	AHRGPSSSLNT		psite	899
ENSP00000345892	NDE1	291	TGGPASGRSSK		hprd;psite	899
ENSP00000345892	NDE1	306	GERRPSSTSVP	PRKACA	hprd;pelm;psite	899
ENSP00000345892	NDE1	307	ERRPSSTSVPL		hprd;pelm;psite	899
ENSP00000345892	NDE1	309	RPSSTSVPLGD		hprd;psite	899
ENSP00000344314	OFD1	171	TFNRDSLAEKL		hprd;psite	899
ENSP00000344314	OFD1	391	LIAINSKKEEL		psite	899
ENSP00000344314	OFD1	720	EALTGSAASRL		hprd;psite	899
ENSP00000344314	OFD1	735	SSRRLSSTPLP		hprd;psite	899
ENSP00000344314	OFD1	736	SRRLSSTPLPK		hprd;psite	899
ENSP00000344314	OFD1	745	PKAKRSLESEM		psite	899
ENSP00000344314	OFD1	811	DKSEFSDVDKL		psite	899
ENSP00000344314	OFD1	899	EERRQSNLQEV		psite	899
ENSP00000269305	TP53	9	PQSDPSVEPPL	CSNK1A1;CSNK1D;PRKDC	hprd;pelm;psite	973
ENSP00000269305	TP53	18	PLSQETFSDLW	CHEK1;CHEK2;CSNK1A1;CSNK1D;DAPK1;PRKAA1;PRKDC;TTK;VRK1	hprd;pelm;psite	973
ENSP00000269305	TP53	99	SSSVPSQKTYQ		hprd;pelm;psite	973
ENSP00000269305	TP53	284	GRDRRTEEENL	AURKB	psite	973
ENSP00000269305	TP53	312	ALPNNTSSSPQ		psite	973
ENSP00000269305	TP53	366	GSRAHSSHLKS	CHEK2	hprd;psite	973
ENSP00000371419	PARP4	1338	AHSPASLSFAS		hprd;psite	899
ENSP00000371419	PARP4	1504	CLLEESVGSLE		hprd;pelm;psite	899
ENSP00000371419	PARP4	1507	EESVGSLEGSR		hprd;pelm;psite	899
ENSP00000352572	PCNT	44	AKRKGSAVDAS		psite	899
ENSP00000352572	PCNT	514	KTQHESELEQL		psite	899
ENSP00000352572	PCNT	1221	PELDRTLSECA	PLK1	psite	899
ENSP00000352572	PCNT	1289	ARQIHSRFEKE		hprd;psite	899
ENSP00000352572	PCNT	1653	LLRRESEVLDL		psite	899
ENSP00000352572	PCNT	1814	QERRHSQALEA		hprd;psite	899
ENSP00000352572	PCNT	2342	DRSEKSDGSGF		psite	899
ENSP00000352572	PCNT	2355	RLSPGSGGPEA		psite	899
ENSP00000352572	PCNT	2486	LGGHSSLLERL		hprd;psite	899
ENSP00000352572	PCNT	3074	LSRAVSKLEKL		psite	899
ENSP00000352572	PCNT	3302	QDPEHSLTEYI		hprd;psite	899
ENSP00000314420	PER1	161	KGRSGTLATLQ		hprd;psite	975
ENSP00000314420	PER1	812	LDSSSTAPSAL		psite	975
ENSP00000314420	PER1	979	FNSRCSSPLQL		hprd;pelm;psite	975
ENSP00000314420	PER1	1100	SKYFGSIDSSE		hprd;psite	975
ENSP00000314420	PER1	1103	FGSIDSSEAEA		hprd;psite	975
ENSP00000314420	PER1	1104	GSIDSSEAEAG		hprd;psite	975
ENSP00000254657	PER2	662	PGKAESVASLT	CSNK1D;CSNK1E	hprd;pelm;psite	985
ENSP00000254657	PER2	665	AESVASLTSQC	CSNK1D;CSNK1E	hprd;psite	985
ENSP00000254657	PER2	668	VASLTSQCSYS	CSNK1D;CSNK1E	hprd;psite	985
ENSP00000254657	PER2	810	RDSSESTGSGG		psite	985
ENSP00000355031	PER3	755	SSSSNTGSGPR		psite	976
ENSP00000355031	PER3	919	HPFITSRSSSP		psite	976
ENSP00000265717	PRKAR2B	83	EEPMQSDSEDG		hprd;psite	901
ENSP00000265717	PRKAR2B	114	FTRRASVCAEA	PRKACA;PRKAR2B	hprd;pelm;psite	901
ENSP00000291281	PRKD2	197	RKRRLSSTSLA		hprd;pelm;psite	644
ENSP00000291281	PRKD2	198	KRRLSSTSLAS		hprd;pelm;psite	644
ENSP00000291281	PRKD2	200	RLSSTSLASGH		hprd;pelm;psite	644
ENSP00000291281	PRKD2	203	STSLASGHSVR		hprd;pelm;psite	644
ENSP00000291281	PRKD2	206	LASGHSVRLGT		hprd;pelm;psite	644
ENSP00000291281	PRKD2	227	LSRSTTELLPR		psite	644
ENSP00000291281	PRKD2	236	PRRPPSSSSSS		hprd;psite	644
ENSP00000291281	PRKD2	237	RRPPSSSSSSS		psite	644
ENSP00000291281	PRKD2	238	RPPSSSSSSSA		psite	644
ENSP00000291281	PRKD2	241	SSSSSSSASSY		psite	644
ENSP00000291281	PRKD2	242	SSSSSSASSYT		psite	644
ENSP00000291281	PRKD2	244	SSSSASSYTGR		psite	644
ENSP00000291281	PRKD2	392	SVRHTTRKSST		psite	644
ENSP00000291281	PRKD2	396	TTRKSSTTLRE		hprd;psite	644
ENSP00000291281	PRKD2	398	RKSSTTLREGW		psite	644
ENSP00000291281	PRKD2	529	PHRQASLSISV		psite	644
ENSP00000300093	PLK1	137	LCRRRSLLELH	MAP3K8	pelm;psite	903
ENSP00000300093	PLK1	210	GERKKTLCGTP	AURKA;MAP3K8;STK10	hprd;pelm;psite	903
ENSP00000300093	PLK1	387	HSVNASKPSER		hprd;pelm;psite	903
ENSP00000300093	PLK1	464	TESYLTVSSHP		hprd;psite	903
ENSP00000300093	PLK1	597	SSRSASNRLKA		psite	903
ENSP00000270861	PLK4	378	LRRAYSSDRSG		psite	899
ENSP00000270861	PLK4	401	MERCHSAEMLS		hprd;psite	899
ENSP00000270861	PLK4	591	TLRSITSPLVA		psite	899
ENSP00000270861	PLK4	671	PTDNISRYSFD		hprd;psite	899
ENSP00000270861	PLK4	751	TGKSYTLKSES		psite	899
ENSP00000268261	PMM2	47	GVVGGSDFEKV		psite	424
ENSP00000301242	PPP1R14A	12	GKRVLSKLQSP	DAPK3	pelm;psite	619
ENSP00000377793	PRC1	516	YHSPVSRLPPS		psite	720
ENSP00000377793	PRC1	554	LELNGSILSGG		psite	720
ENSP00000377793	PRC1	571	LQRNFSINSVA		hprd;psite	720
ENSP00000377793	PRC1	574	NFSINSVASTY		hprd;psite	720
ENSP00000377793	PRC1	577	INSVASTYSEF		psite	720
ENSP00000377793	PRC1	578	NSVASTYSEFA		psite	720
ENSP00000377793	PRC1	589	KDPSLSDSSTV		hprd;psite	720
ENSP00000377793	PRC1	592	SLSDSSTVGLQ		hprd;pelm;psite	720
ENSP00000355747	PSEN2	9	FMASDSEEEVC	CSNK1A1;CSNK2A1	hprd;pelm;psite	621
ENSP00000355747	PSEN2	19	CDERTSLMSAE	CSNK1A1	hprd;pelm;psite	621
ENSP00000355747	PSEN2	22	RTSLMSAESPT		hprd;psite	621
ENSP00000355747	PSEN2	327	EMEEDSYDSFG	CSNK1D	hprd;pelm;psite	621
ENSP00000355747	PSEN2	330	EDSYDSFGEPS	CSNK1D;CSNK2A1	hprd;pelm;psite	621
ENSP00000355747	PSEN2	335	SFGEPSYPEVF	CSNK1D;CSNK2A1	hprd;pelm;psite	621
ENSP00000319417	SKA3	34	LDGEESDFEDY		hprd;pelm;psite	899
ENSP00000319417	SKA3	110	RVKKNSVHEQE		psite	899
ENSP00000319417	SKA3	119	QEAINSDPELS		hprd;pelm;psite	899
ENSP00000319417	SKA3	276	QQLEKSDAEYT		hprd;psite	899
ENSP00000283109	RIOK2	332	ETKEGSEFSFS		hprd;pelm;psite	437
ENSP00000283109	RIOK2	335	EGSEFSFSDGE		hprd;pelm;psite	437
ENSP00000283109	RIOK2	337	SEFSFSDGEVA		hprd;pelm;psite	437
ENSP00000283109	RIOK2	350	AEVYGSENESE		hprd;pelm;psite	437
ENSP00000283109	RIOK2	380	QIKEDSLSEES		hprd;pelm;psite	437
ENSP00000283109	RIOK2	382	KEDSLSEESAD		hprd;pelm;psite	437
ENSP00000283109	RIOK2	385	SLSEESADARS		hprd;pelm;psite	437
ENSP00000283109	RIOK2	412	VVENNSVTEFS		hprd;psite	437
ENSP00000283109	RIOK2	483	RTRTLSITSSG		psite	437
ENSP00000283109	RIOK2	486	TLSITSSGSAV		psite	437
ENSP00000283109	RIOK2	489	ITSSGSAVSCS		psite	437
ENSP00000212015	SIRT1	159	TNGFHSCESDE		psite	542
ENSP00000212015	SIRT1	162	FHSCESDEEDR		psite	542
ENSP00000212015	SIRT1	172	RASHASSSDWT		psite	542
ENSP00000212015	SIRT1	333	KFIALSDKEGK		psite	542
ENSP00000212015	SIRT1	535	TPLHVSEDSSS		hprd;psite	542
ENSP00000212015	SIRT1	538	HVSEDSSSPER		hprd;psite	542
ENSP00000212015	SIRT1	539	VSEDSSSPERT		hprd;psite	542
ENSP00000212015	SIRT1	659	GAEVYSDSEDD	CSNK2A1	psite	542
ENSP00000285116	SKA1	157	MKSRLTYNQIN		hprd;psite	899
ENSP00000333433	SKA2	104	ELSPLTKEEKT		psite	899
ENSP00000332973	SMAD3	388	EYRRQTVTSTP		psite	455
ENSP00000357674	SNAPIN	50	HAVRESQVELR	PRKACA	hprd;psite	694
ENSP00000329357	SP1	42	QARSSSTGSSS		hprd;pelm;psite	467
ENSP00000329357	SP1	56	GGGQESQPSPL	ATM	hprd;pelm;psite	467
ENSP00000329357	SP1	651	HLRWHTGERPF		hprd;pelm;psite	467
ENSP00000329357	SP1	681	HKRTHTGEKKF	PRKCZ	psite	467
ENSP00000329357	SP1	732	DSGAGSEGSGT		psite	467
ENSP00000310301	SP3	563	EEWQLSGDSTL		hprd;pelm;psite	450
ENSP00000310301	SP3	646	HLRWHSGERPF		hprd;pelm;psite	450
ENSP00000310301	SP3	676	HRRTHTGEKKF		psite	450
ENSP00000222584	SP4	672	HLRWHTGERPF		psite	450
ENSP00000222584	SP4	702	HRRTHTGEKRF		psite	450
ENSP00000222584	SP4	770	AISQDSNPATP		psite	450
ENSP00000350198	SSTR2	343	GERSDSKQDKS	ADRBK2	psite	424
ENSP00000293897	SSTR5	242	CVRRRSERKVT		psite	401
ENSP00000293897	SSTR5	247	SERKVTRMVLV		psite	401
ENSP00000301633	BIRC5	21	DHRISTFKNWP	PLK1	psite	899
ENSP00000301633	BIRC5	48	FIHCPTENEPD	CSNK2A1	psite	899
ENSP00000217964	TBL1X	226	PSSKATVLRGH		psite	902
ENSP00000405574	TBL1XR1	199	RIWNLSENSTS		psite	902
ENSP00000405574	TBL1XR1	203	LSENSTSGSTQ		psite	902
ENSP00000223208	CEP41	99	NDSAASDPDAE		psite	899
ENSP00000223208	CEP41	363	NPRSLSSGHLQ		hprd;psite	899
ENSP00000251413	TUBG1	284	DQSVASVRKTT		hprd;psite	899
ENSP00000354877	ULK2	148	NRRKSSVSGIR		psite	521
ENSP00000354877	ULK2	150	RKSSVSGIRIK		psite	521
ENSP00000263923	KDR	984	EEKSLSDVEEE		psite	619
ENSP00000263923	KDR	1235	KSRPVSVKTFE		psite	619
ENSP00000263923	KDR	1238	PVSVKTFEDIP		hprd;psite	619
ENSP00000200135	ZW10	22	KEDLGTRISRL		psite	899
ENSP00000329357	SP1	48	TGSSSSTGGGG		hprd;pelm	467
ENSP00000329357	SP1	43	ARSSSTGSSSS		hprd;pelm	467
ENSP00000257430	APC	2469	SLSPSSRPASP		hprd;pelm	904
ENSP00000257430	APC	2143	LKSGISLGSPF		hprd;pelm	904
ENSP00000300161	YWHAB	132	YFRYLSEVASG	PRKCZ	hprd;pelm	899
ENSP00000263710	CLASP1	1112	RTSPLTSPTNC		pelm	899
ENSP00000263710	CLASP1	1088	NSSNTSVGSPS		hprd;pelm	899
ENSP00000263181	KIF18A	681	LKGQHTLKSPP		hprd;pelm	899
ENSP00000363524	KIF4A	812	GQVSESEDSIT		hprd;pelm	720
ENSP00000363524	KIF4A	544	LARKMTQNDSQ		hprd;pelm	720
ENSP00000363524	KIF4A	1010	HLPKDTLLSPD		hprd;pelm	720
ENSP00000363524	KIF4A	1051	YCSEHSVNEHE		hprd;pelm	720
ENSP00000363524	KIF4A	1136	ERTQDSEGSFK		hprd;pelm	720
ENSP00000363524	KIF4A	1048	DLKYCSEHSVN		hprd;pelm	720
ENSP00000317156	CEP192	1155	VISSGSKPLSP		pelm	899
ENSP00000262320	AXIN1	213	LEYTRTGSESP		hprd;pelm	938
ENSP00000364864	KIF3B	727	KSGSSSSSSGT		hprd;pelm	720
ENSP00000364864	KIF3B	728	SGSSSSSSGTP		hprd;pelm	720
ENSP00000310301	SP3	566	QLSGDSTLNTN		hprd;pelm	450
ENSP00000371419	PARP4	1288	KLLDLSWTESC		hprd;pelm	899
ENSP00000238081	YWHAQ	95	LRSICTTVLEL		hprd	899
ENSP00000238081	YWHAQ	110	LIANATNPESK		hprd	899
ENSP00000216181	MYH9	1504	NKQFRTEMEDL		hprd	402
ENSP00000216181	MYH9	1329	KLSLSTKLKQV		hprd	402
ENSP00000354586	GLI2	239	SISPLSDASLD		hprd	903
ENSP00000257430	APC	1044	GRQSPSQNERW		hprd	904
ENSP00000257430	APC	2531	HDIARSHSESP		hprd	904
ENSP00000257430	APC	2461	LEESASFESLS		hprd	904
ENSP00000257430	APC	2239	PGVRNSSSSTS		hprd	904
ENSP00000257430	APC	2241	VRNSSSSTSPV		hprd	904
ENSP00000348965	DYNC1H1	866	VRSLETCMYDH		hprd	899
ENSP00000348965	DYNC1H1	873	MYDHKTFSEIL		hprd	899
ENSP00000348965	DYNC1H1	1624	LERERSSFPRF		hprd	899
ENSP00000300231	MAP1A	2105	HWDDSTSDSEL		hprd	421
ENSP00000300231	MAP1A	2108	DSTSDSELEKG		hprd	421
ENSP00000222584	SP4	767	TVAAISQDSNP		hprd	450
ENSP00000268712	NCOR1	1493	YQNTMSRGSPM		hprd	903
ENSP00000268712	NCOR1	161	PSSPISGQPCG		hprd	903
ENSP00000268712	NCOR1	1980	VISPASSPAPP		hprd	903
ENSP00000309503	YWHAZ	210	TLSEESYKDST		hprd	899
ENSP00000309503	YWHAZ	205	IAELDTLSEES		hprd	899
ENSP00000216911	AURKA	51	RVLCPSNSSQR		hprd	720
ENSP00000254657	PER2	671	LTSQCSYSSTI	CSNK1E	hprd	985
ENSP00000254657	PER2	674	QCSYSSTIVHV	CSNK1E	hprd	985
ENSP00000262320	AXIN1	614	AESGKSASTEV	GSK3B	hprd	938
ENSP00000230340	BYSL	86	APRERTTRLGP		hprd	440
ENSP00000230340	BYSL	160	LTEKQTEVETV		hprd	440
ENSP00000348573	AKAP9	257	RNSTHSSTAAD		hprd	959
ENSP00000348573	AKAP9	255	TLRNSTHSSTA		hprd	959
ENSP00000355966	NEK2	299	EKSQDSSPVLS		hprd	902
ENSP00000264335	YWHAE	38	MDVELTVEERN		hprd	903
ENSP00000352572	PCNT	3063	ALSTVTQEKLE		hprd	899
ENSP00000264448	ALMS1	382	DENIATKRSDH		hprd	900
ENSP00000314615	ARFGAP1	256	SELGHSLNENV		hprd	621
ENSP00000363524	KIF4A	474	LQQLITQLSDE		hprd	720
ENSP00000363524	KIF4A	490	AAAIDTAVEQE		hprd	720
ENSP00000363524	KIF4A	1129	KDSLGTVERTQ		hprd	720
ENSP00000363524	KIF4A	508	ETSRSSDAFTT		hprd	720
ENSP00000363524	KIF4A	1222	NTSFFSGCSPI		hprd	720
ENSP00000265421	POLB	55	PHKIKSGAEAK		hprd	899
ENSP00000302967	HDAC3	405	PEENYSRPEAP		hprd	899
ENSP00000355031	PER3	622	STAMLSLGSGI	CSNK1E	hprd	976
ENSP00000355031	PER3	625	MLSLGSGISQC	CSNK1E	hprd	976
ENSP00000355031	PER3	628	LGSGISQCGYS	CSNK1E	hprd	976
ENSP00000355031	PER3	482	YIESMTKSSFK		hprd	976
ENSP00000263710	CLASP1	562	SSSQESLNRPL		hprd	899
ENSP00000263710	CLASP1	556	QSDRSSSSSQE		hprd	899
ENSP00000291281	PRKD2	353	GVIPGSHSENA		hprd	644
ENSP00000328236	KNTC1	535	GPEKFSGSSWI		hprd	899
ENSP00000408910	DCTN2	84	GKTKRTGYESG		hprd	905
ENSP00000343818	CDK5RAP2	1488	SLSRKTVSLEH		hprd	904
ENSP00000343818	CDK5RAP2	466	YKSLLSESNKK		hprd	904
ENSP00000343818	CDK5RAP2	1083	VATYLSSKSQP		hprd	904
ENSP00000371308	CENPJ	785	PSRSSSLSLSK		hprd	899
ENSP00000283109	RIOK2	492	SGSAVSCSTIP		hprd	437
ENSP00000283109	RIOK2	495	AVSCSTIPPEL		hprd	437
ENSP00000261965	TUBGCP3	512	IAVTKSAESPQ		hprd	899
ENSP00000234626	CDC7	512	QYSGNSFKKGD		hprd	422
ENSP00000355812	FGFR1OP	282	AGSLASLSDAP		hprd	899
ENSP00000319417	SKA3	315	YPLSKTNSSSN		hprd	899
ENSP00000257287	CEP135	1127	PPLSSTLRSPS		hprd	899
ENSP00000263181	KIF18A	843	SNSSLTADVNS		hprd	899
ENSP00000356548	LTV1	247	EYSMTSSVMRR		hprd	422
ENSP00000345892	NDE1	195	RTPMPSSVEAE		hprd	899
