name	CSNK1A1
id	ENSP00000261798
type	Serine/threonine kinase
proline+1_removed	Yes
npartners	82
npartners_with_sites	71
nsites	326
//
motif	score	fg_matches	fg_size	bg_matches	bg_size	fold_increase
..RR.[ST].....	20.57	18	874	18	9383	10.74
..S..[ST].....	10.08	145	856	919	9365	1.73
..R..[ST].....	9.77	83	711	465	8446	2.12
.....[ST]..E..	6.88	76	628	514	7981	1.88
//
prot_id	prot_name	position	flank	kinase	source	string_score
ENSP00000238081	YWHAQ	232	LWTSDSAGEEC	BCR;CSNK1A1	hprd;pelm;psite	648
ENSP00000309503	YWHAZ	58	GARRSSWRVVS	AKT1;MAPKAPK2;PRKACA	hprd;pelm;psite	865
ENSP00000309503	YWHAZ	63	SWRVVSSIEQK		psite	865
ENSP00000355645	ACTA1	188	AGRDLTDYLMK		psite	610
ENSP00000355645	ACTA1	201	TERGYSFVTTA		psite	610
ENSP00000355645	ACTA1	204	GYSFVTTAERE		psite	610
ENSP00000355645	ACTA1	236	TAASSSSLEKS		psite	610
ENSP00000349960	ACTB	186	AGRDLTDYLMK		psite	599
ENSP00000349960	ACTB	199	TERGYSFTTTA		psite	599
ENSP00000349960	ACTB	202	GYSFTTTAERE		psite	599
ENSP00000349960	ACTB	303	VLSGGTTMYPG		psite	599
ENSP00000349960	ACTB	368	DESGPSIVHRK		psite	599
ENSP00000255194	AP3B1	140	ALRVLSSIRVP		psite	629
ENSP00000255194	AP3B1	527	AKSFTSEDDLV		psite	629
ENSP00000255194	AP3B1	750	KAKGKSDSEDG		hprd;psite	629
ENSP00000261722	AP3B2	135	ALRVLSSIRVP		psite	621
ENSP00000261722	AP3B2	733	EKGRGSESEQS		psite	621
ENSP00000261722	AP3B2	738	SESEQSEEDGK		psite	621
ENSP00000257430	APC	98	LRSYGSREGSV		psite	621
ENSP00000257430	APC	899	VSAIHTSQEDR		hprd;psite	621
ENSP00000257430	APC	908	DRSSGSTTELH		psite	621
ENSP00000257430	APC	963	RSSNDSLNSVS		psite	621
ENSP00000257430	APC	1279	CSSLSSLSSAE	CSNK1E	hprd;pelm;psite	621
ENSP00000257430	APC	1392	CTSVSSLDSFE	CSNK1E	hprd;pelm;psite	621
ENSP00000257430	APC	1504	GFSCSSSLSAL	CSNK1A1;CSNK1D;CSNK1E;CSNK1G1	hprd;psite	621
ENSP00000257430	APC	1507	CSSSLSALSLD	CSNK1A1;CSNK1D;CSNK1E;CSNK1G1	hprd;psite	621
ENSP00000257430	APC	1510	SLSALSLDEPF	CSNK1A1;CSNK1D;CSNK1E;CSNK1G1	hprd;psite	621
ENSP00000257430	APC	1610	VARKPSQLPVY		psite	621
ENSP00000257430	APC	1861	FSRNDSLSSLD		hprd;pelm;psite	621
ENSP00000257430	APC	1864	NDSLSSLDFDD		hprd;pelm;psite	621
ENSP00000257430	APC	2034	SLSIDSEDDLL		pelm;psite	621
ENSP00000257430	APC	2088	IQRPDSEHGLS		hprd;pelm;psite	621
ENSP00000257430	APC	2096	GLSPDSENFDW		hprd;pelm;psite	621
ENSP00000257430	APC	2129	LSRQASSDSDS		hprd;pelm;psite	621
ENSP00000257430	APC	2290	VARQTSQIGGS		psite	621
ENSP00000257430	APC	2374	PGRQMSQQNLT		psite	621
ENSP00000257430	APC	2421	LSRMSSTKSSG		psite	621
ENSP00000257430	APC	2442	LVRQSTFIKEA		psite	621
ENSP00000257430	APC	2464	SASFESLSPSS		hprd;pelm;psite	621
ENSP00000257430	APC	2533	IARSHSESPSR		hprd;pelm;psite	621
ENSP00000257430	APC	2569	WRRTGSSSSIL		psite	621
ENSP00000257430	APC	2676	SGRSPTGNTPP		hprd;pelm;psite	621
ENSP00000257430	APC	2724	ENRLNSFIQVD		psite	621
ENSP00000257430	APC	2768	SSSSSSKHSSP		psite	621
ENSP00000257430	APC	2828	TESSGTQSPKR		psite	621
ENSP00000262320	AXIN1	160	IVSRQTKPATK		hprd;psite	992
ENSP00000230340	BYSL	98	MPQDGSDDEDE		hprd;pelm;psite	440
ENSP00000230340	BYSL	170	VMSEVSGFPMP		hprd;psite	440
ENSP00000303706	CDC25A	76	LQRMGSSESTD	CHEK1;GSK3B	hprd;pelm;psite	736
ENSP00000303706	CDC25A	79	MGSSESTDSGF	CSNK1A1;NEK11	pelm;psite	736
ENSP00000303706	CDC25A	80	GSSESTDSGFC	PLK3	psite	736
ENSP00000303706	CDC25A	82	SESTDSGFCLD	CSNK1A1;NEK11	pelm;psite	736
ENSP00000303706	CDC25A	107	MRRIHSLPQKL		psite	736
ENSP00000303706	CDC25A	124	LKRSHSDSLDH	CHEK1;CHEK2	hprd;pelm;psite	736
ENSP00000303706	CDC25A	178	TQRQNSAPARM	CHEK1;CHEK2	hprd;pelm;psite	736
ENSP00000303706	CDC25A	279	KRPERSQEESP	CHEK1;CHEK2	hprd;pelm;psite	736
ENSP00000303706	CDC25A	293	TKRRKSMSGAS	CHEK1;CHEK2;RPS6KA1	hprd;pelm;psite	736
ENSP00000303706	CDC25A	513	WAGEKSKREMY		psite	736
ENSP00000265846	ADAP1	87	RARFESKVPSF	PRKCA;PRKCE	hprd;psite	837
ENSP00000265846	ADAP1	276	RKRWFTMDDRR	PRKCA;PRKCE	hprd;psite	837
ENSP00000380921	SH3KBP1	82	VPSGNSLLSSE		hprd;psite	424
ENSP00000380921	SH3KBP1	165	DELGISQDEQL		psite	424
ENSP00000380921	SH3KBP1	179	SLRETTGSESD		psite	424
ENSP00000380921	SH3KBP1	230	KLRPRSIEVEN		hprd;pelm;psite	424
ENSP00000380921	SH3KBP1	498	SQSLTSSSLSS		psite	424
ENSP00000380921	SH3KBP1	502	TSSSLSSPDIF		psite	424
ENSP00000380921	SH3KBP1	580	SSSLGTAGHRA		psite	424
ENSP00000265372	CREM	87	LSRRPSYRKIL		hprd;psite	635
ENSP00000265372	CREM	229	AASPGSLHSPQ		hprd;pelm;psite	635
ENSP00000246891	CSN1S1	41	PIPLESREEYM		hprd;pelm;psite	424
ENSP00000246891	CSN1S1	88	MESSISSSSEE		psite	424
ENSP00000246891	CSN1S1	89	ESSISSSSEEM		hprd;psite	424
ENSP00000246891	CSN1S1	90	SSISSSSEEMS		hprd;pelm;psite	424
ENSP00000246891	CSN1S1	91	SISSSSEEMSL		hprd;psite	424
ENSP00000344456	CTNNB1	102	AMFPETLDEGM	CSNK2A1;CSNK2A2	hprd;pelm;psite	959
ENSP00000344456	CTNNB1	179	MVHQLSKKEAS		psite	959
ENSP00000344456	CTNNB1	332	IMRTYTYEKLL	CAMK2A	psite	959
ENSP00000344456	CTNNB1	393	LSDAATKQEGM	CSNK2A1	hprd;pelm;psite	959
ENSP00000344456	CTNNB1	472	ALRHLTSRHQE	CAMK2A	psite	959
ENSP00000344456	CTNNB1	552	TQRRTSMGGTQ	AKT1;AKT2;CAMK2A;PRKACA	hprd;pelm;psite	959
ENSP00000344456	CTNNB1	718	DPSYRSFHSGG	PLK1	psite	959
ENSP00000344456	CTNNB1	721	YRSFHSGGYGQ		psite	959
ENSP00000345571	E2F1	364	LSRMGSLRAPV	CHEK1;CHEK2	hprd;pelm;psite	621
ENSP00000273783	EIF2B5	469	EFSDDSGADQE	CSNK1A1	hprd;pelm;psite	659
ENSP00000273783	EIF2B5	525	NMEEESESESE		hprd;psite	659
ENSP00000273783	EIF2B5	527	EEESESESEQS		hprd;psite	659
ENSP00000273783	EIF2B5	532	SESEQSMDSEE		hprd;psite	659
ENSP00000273783	EIF2B5	535	EQSMDSEEPDS	GSK3B	hprd;pelm;psite	659
ENSP00000222329	ERF	24	ESSPGSRQIQL		psite	599
ENSP00000222329	ERF	171	SSSSSSLFSAV		hprd;pelm;psite	599
ENSP00000222329	ERF	431	KVEPISEGESE		hprd;pelm;psite	599
ENSP00000222329	ERF	531	TPRRVSSDLQH		hprd;pelm;psite	599
ENSP00000222329	ERF	532	PRRVSSDLQHA		psite	599
ENSP00000353741	ETF1	36	GTSMISLIIPP		psite	693
ENSP00000301838	FADD	41	LERVQSGLDLF		hprd;psite	621
ENSP00000301838	FADD	203	WNSDASTSEAS	AURKA	psite	621
ENSP00000343279	FAM83G	127	QKSDRSIPQLD		hprd;psite	427
ENSP00000343279	FAM83G	356	LVKAKSVDEIA		hprd;pelm;psite	427
ENSP00000343279	FAM83G	559	LQRQLSVTQDD		psite	427
ENSP00000343279	FAM83G	610	GPRRPSVASSV		psite	427
ENSP00000343279	FAM83G	634	LRRRHSEQVAN		psite	427
ENSP00000343279	FAM83G	650	PRRQLSAPHIT		psite	427
ENSP00000228682	GLI1	84	KKRALSISPLS		psite	800
ENSP00000228682	GLI1	544	LERRSSSSSSI	PRKACA	psite	800
ENSP00000228682	GLI1	560	VSRRSSLASPF	PRKACA	psite	800
ENSP00000228682	GLI1	640	VTRRASDPAQA	PRKACA	psite	800
ENSP00000354586	GLI2	234	RKRALSISPLS		hprd;psite	805
ENSP00000354586	GLI2	242	PLSDASLDLQR		hprd;psite	805
ENSP00000354586	GLI2	808	QERRDSSTSTV		psite	805
ENSP00000354586	GLI2	824	VSRRSSGISPY		psite	805
ENSP00000354586	GLI2	870	RSSEASQCSGG		psite	805
ENSP00000354586	GLI2	941	GPRRGSDGPTY		psite	805
ENSP00000354586	GLI2	970	GARRASDPVRR		psite	805
ENSP00000343040	HMGB1	42	NFSEFSKKCSE		psite	599
ENSP00000343040	HMGB1	53	RWKTMSAKEKG		psite	599
ENSP00000343040	HMGB1	100	PKRPPSAFFLF		hprd;psite	599
ENSP00000296503	HMGB2	100	PKRPPSAFFLF		psite	599
ENSP00000296503	HMGB2	137	MWSEQSAKDKQ		hprd;psite	599
ENSP00000319690	HNRNPC	31	LVVKKSDVEAI		psite	685
ENSP00000319690	HNRNPC	138	YDRMYSYPARV		hprd;pelm;psite	685
ENSP00000319690	HNRNPC	165	RVSGNTSRRGK		psite	685
ENSP00000319690	HNRNPC	209	KQKVDSLLENL		psite	685
ENSP00000319690	HNRNPC	233	MKNDKSEEEQS		hprd;pelm;psite	685
ENSP00000319690	HNRNPC	241	EQSSSSVKKDE		hprd;pelm;psite	685
ENSP00000319690	HNRNPC	260	GGADDSAEEGD	CSNK1A1;CSNK2A1	hprd;pelm;psite	685
ENSP00000365439	HNRNPK	39	KRSRNTDEMVE		psite	478
ENSP00000365439	HNRNPK	302	GGRGGSRARNL	PRKCD	hprd;pelm;psite	478
ENSP00000365439	HNRNPK	420	HESGASIKIDE		hprd;psite	478
ENSP00000335153	HSP90AA1	185	KIRYESLTDPS		psite	516
ENSP00000335153	HSP90AA1	194	PSKLDSGKELH		psite	516
ENSP00000335153	HSP90AA1	212	QDRTLTIVDTG	PRKACA	hprd;psite	516
ENSP00000335153	HSP90AA1	353	RDKEVSDDEAE	CSNK2A1	hprd;pelm;psite	516
ENSP00000335153	HSP90AA1	385	IEDVGSDEEEE	CSNK2A1	hprd;pelm;psite	516
ENSP00000335153	HSP90AA1	688	QEEKKTKFENL		psite	516
ENSP00000335153	HSP90AA1	745	ALRDNSTMGYM		psite	516
ENSP00000335153	HSP90AA1	763	INPDHSIIETL		hprd;psite	516
ENSP00000335153	HSP90AA1	848	GDDDTSRMEEV		hprd;pelm;psite	516
ENSP00000385269	ELAVL1	32	LPQNMTQDELR		psite	524
ENSP00000385269	ELAVL1	88	GLRLQSKTIKV	CHEK2	psite	524
ENSP00000385269	ELAVL1	100	YARPSSEVIKD	CHEK2	psite	524
ENSP00000385269	ELAVL1	118	LPRTMTQKDVE	CHEK2;MAPK14	psite	524
ENSP00000385269	ELAVL1	158	RFDKRSEAEEA	PRKCA	psite	524
ENSP00000216797	NFKBIA	32	DDRHDSGLDSM	CHUK;CSNK2A1;IKBKB;IKBKE;RPS6KA1;RPS6KA3;SGK1	hprd;pelm;psite	699
ENSP00000216797	NFKBIA	283	QMLPESEDEES	CSNK2A1	hprd;pelm;psite	699
ENSP00000216797	NFKBIA	291	EESYDTESEFT	CSNK2A1	hprd;pelm;psite	699
ENSP00000216797	NFKBIA	299	EFTEFTEDELP	CSNK2A1	psite	699
ENSP00000343701	KPNA1	13	NFRLKSYKNKS		psite	616
ENSP00000332455	KPNA2	54	KRRNVSSFPDD	CHEK1	hprd;psite	599
ENSP00000332455	KPNA2	490	YKASLSLIEKY		hprd;pelm;psite	599
ENSP00000290158	KPNB1	855	GRRSKTNKAKT		hprd;psite	605
ENSP00000356548	LTV1	182	MDIQKSENEDD		hprd;pelm;psite	422
ENSP00000356548	LTV1	188	ENEDDSEWEDV		hprd;pelm;psite	422
ENSP00000356548	LTV1	241	TKSRFTEYSMT		hprd;psite	422
ENSP00000356548	LTV1	331	NELDESEEEEM		hprd;psite	422
ENSP00000356548	LTV1	355	CESICSTYSNL		psite	422
ENSP00000356548	LTV1	358	ICSTYSNLYNH		psite	422
ENSP00000255380	CHRM3	291	SSRSCSSYELQ		psite	621
ENSP00000417281	MDM2	124	QESSDSGTSVS	CSNK1D	psite	846
ENSP00000417281	MDM2	127	SDSGTSVSENR	CSNK1D	psite	846
ENSP00000417281	MDM2	163	LVSRPSTSSRR	MAPKAPK2	pelm;psite	846
ENSP00000417281	MDM2	164	VSRPSTSSRRR		psite	846
ENSP00000417281	MDM2	166	RPSTSSRRRAI	AKT1	hprd;psite	846
ENSP00000417281	MDM2	172	RRRAISETEEN	AKT1;CSNK1D;DAPK3;MAPKAPK2;PIM1	hprd;pelm;psite	846
ENSP00000417281	MDM2	192	RKRHKSDSISL	AKT1;DAPK3;PIM1	hprd;pelm;psite	846
ENSP00000417281	MDM2	198	DSISLSFDESL		psite	846
ENSP00000417281	MDM2	262	VESLDSEDYSL		psite	846
ENSP00000417281	MDM2	266	DSEDYSLSEEG	CSNK1D;CSNK2A1;PLK1	pelm;psite	846
ENSP00000417281	MDM2	296	ESDTDSFEEDP	CSNK1D	psite	846
ENSP00000417281	MDM2	357	KLENSTQAEEG	CSNK1D	psite	846
ENSP00000417281	MDM2	379	NDSRESCVEEN	CSNK1D	psite	846
ENSP00000417281	MDM2	412	SSIIYSSQEDV		psite	846
ENSP00000417281	MDM2	425	FEREETQDKEE	CSNK1D	psite	846
ENSP00000356150	MDM4	367	CRRTISAPVVR	AKT1;CHEK1;CHEK2	hprd;psite	974
ENSP00000356150	MDM4	403	AHSSESQETIS	ATM	hprd;psite	974
ENSP00000300659	NFATC3	177	SRSWFSDASSC		psite	621
ENSP00000300659	NFATC3	180	WFSDASSCESL		psite	621
ENSP00000300659	NFATC3	184	ASSCESLSHIY		psite	621
ENSP00000300659	NFATC3	210	LGSPLTSPGGS	CSNK1A1	hprd;pelm;psite	621
ENSP00000300659	NFATC3	268	PSSRPTSPCGK		psite	621
ENSP00000300659	NFATC3	277	GKRRHSSAEVC		psite	621
ENSP00000300659	NFATC3	344	KTRKTSEDQAA		psite	621
ENSP00000300659	NFATC3	372	PARETSIDDGL		psite	621
ENSP00000300659	NFATC3	416	IFRTSSLPPLD		psite	621
ENSP00000300659	NFATC3	546	LKLRNSDIELR		psite	621
ENSP00000300659	NFATC3	731	TQRPSSDSGCS		psite	621
ENSP00000300659	NFATC3	742	HDSVLSGQRSL		psite	621
ENSP00000300659	NFATC3	1045	IGRDMSQISVS		psite	621
ENSP00000300659	NFATC3	1066	LPSPESLDLGR		psite	621
ENSP00000347379	OCLN	305	NVSAGTQDVPS		hprd;pelm;psite	619
ENSP00000347379	OCLN	313	VPSPPSDYVER		hprd;psite	619
ENSP00000347379	OCLN	344	ESSYKSTPVPE		psite	619
ENSP00000347379	OCLN	370	QPRYSSGGNFE		psite	619
ENSP00000347379	OCLN	404	ETDYTTGGESC	CSNK2B;PRKCE	hprd;pelm;psite	619
ENSP00000347379	OCLN	408	TTGGESCDELE	CSNK2B	hprd;pelm;psite	619
ENSP00000269305	TP53	9	PQSDPSVEPPL	CSNK1A1;CSNK1D;PRKDC	hprd;pelm;psite	893
ENSP00000269305	TP53	18	PLSQETFSDLW	CHEK1;CHEK2;CSNK1A1;CSNK1D;DAPK1;PRKAA1;PRKDC;TTK;VRK1	hprd;pelm;psite	893
ENSP00000269305	TP53	99	SSSVPSQKTYQ		hprd;pelm;psite	893
ENSP00000269305	TP53	284	GRDRRTEEENL	AURKB	psite	893
ENSP00000269305	TP53	366	GSRAHSSHLKS	CHEK2	hprd;psite	893
ENSP00000314420	PER1	161	KGRSGTLATLQ		hprd;psite	502
ENSP00000314420	PER1	812	LDSSSTAPSAL		psite	502
ENSP00000314420	PER1	979	FNSRCSSPLQL		hprd;pelm;psite	502
ENSP00000314420	PER1	1103	FGSIDSSEAEA		hprd;psite	502
ENSP00000314420	PER1	1104	GSIDSSEAEAG		hprd;psite	502
ENSP00000254657	PER2	665	AESVASLTSQC	CSNK1D;CSNK1E	hprd;psite	506
ENSP00000254657	PER2	668	VASLTSQCSYS	CSNK1D;CSNK1E	hprd;psite	506
ENSP00000254657	PER2	810	RDSSESTGSGG		psite	506
ENSP00000291281	PRKD2	197	RKRRLSSTSLA		hprd;pelm;psite	619
ENSP00000291281	PRKD2	198	KRRLSSTSLAS		hprd;pelm;psite	619
ENSP00000291281	PRKD2	200	RLSSTSLASGH		hprd;pelm;psite	619
ENSP00000291281	PRKD2	203	STSLASGHSVR		hprd;pelm;psite	619
ENSP00000291281	PRKD2	206	LASGHSVRLGT		hprd;pelm;psite	619
ENSP00000291281	PRKD2	227	LSRSTTELLPR		psite	619
ENSP00000291281	PRKD2	236	PRRPPSSSSSS		hprd;psite	619
ENSP00000291281	PRKD2	241	SSSSSSSASSY		psite	619
ENSP00000291281	PRKD2	242	SSSSSSASSYT		psite	619
ENSP00000291281	PRKD2	244	SSSSASSYTGR		psite	619
ENSP00000291281	PRKD2	392	SVRHTTRKSST		psite	619
ENSP00000291281	PRKD2	396	TTRKSSTTLRE		hprd;psite	619
ENSP00000291281	PRKD2	398	RKSSTTLREGW		psite	619
ENSP00000291281	PRKD2	529	PHRQASLSISV		psite	619
ENSP00000301242	PPP1R14A	12	GKRVLSKLQSP	DAPK3	pelm;psite	837
ENSP00000261461	PPP2R5A	41	KRSQGSSQFRS		hprd;pelm;psite	599
ENSP00000261461	PPP2R5A	49	FRSQGSQAELH		psite	599
ENSP00000355747	PSEN2	9	FMASDSEEEVC	CSNK1A1;CSNK2A1	hprd;pelm;psite	621
ENSP00000355747	PSEN2	22	RTSLMSAESPT		hprd;psite	621
ENSP00000355747	PSEN2	330	EDSYDSFGEPS	CSNK1D;CSNK2A1	hprd;pelm;psite	621
ENSP00000355747	PSEN2	335	SFGEPSYPEVF	CSNK1D;CSNK2A1	hprd;pelm;psite	621
ENSP00000283195	RANBP2	730	SDSNLSVVKKL		hprd;psite	402
ENSP00000283195	RANBP2	1110	NVSGISFTENM		hprd;pelm;psite	402
ENSP00000283195	RANBP2	1399	VFTPKTSPENV		hprd;pelm;psite	402
ENSP00000283195	RANBP2	1450	NKSGSSFVHQA		hprd;pelm;psite	402
ENSP00000283195	RANBP2	1509	NPRKQSLPATS		hprd;pelm;psite	402
ENSP00000283195	RANBP2	1597	SKAPKSGFEGM		psite	402
ENSP00000283195	RANBP2	1643	TTSAVSTPASS		psite	402
ENSP00000283195	RANBP2	1768	ASSEISKAPKS		hprd;psite	402
ENSP00000283195	RANBP2	1835	HDSSGSQVGTG		hprd;psite	402
ENSP00000283195	RANBP2	1954	DLAKSTSGEGF		psite	402
ENSP00000283195	RANBP2	2240	DDSVSSSSVHA		psite	402
ENSP00000283195	RANBP2	2242	SVSSSSVHASP		hprd;pelm;psite	402
ENSP00000283195	RANBP2	2290	NQSGTSVGTDE		hprd;pelm;psite	402
ENSP00000283195	RANBP2	2293	GTSVGTDEESD		hprd;psite	402
ENSP00000283195	RANBP2	2300	EESDVTQEEER		hprd;psite	402
ENSP00000283195	RANBP2	2457	HVSRSSTPRES		psite	402
ENSP00000283195	RANBP2	2475	AVLEETTRERT		hprd;psite	402
ENSP00000283195	RANBP2	2526	VKSIFSSEKSK		hprd;psite	402
ENSP00000283195	RANBP2	2558	LKSNNSETSSV		psite	402
ENSP00000283195	RANBP2	2566	SSVAQSGSESK		psite	402
ENSP00000283195	RANBP2	2583	ELSKNSDIEQS		psite	402
ENSP00000283195	RANBP2	2668	RPDYVSEEEED		hprd;pelm;psite	402
ENSP00000283195	RANBP2	2807	SISSPSVSSET		hprd;pelm;psite	402
ENSP00000283195	RANBP2	2831	DTDSTSQGESK		psite	402
ENSP00000283195	RANBP2	2900	EDEDGSDEEVV		hprd;pelm;psite	402
ENSP00000362937	RCC1	63	HRSHSTEPGLV		psite	599
ENSP00000362937	RCC1	135	LGRDTSVEGSE		psite	599
ENSP00000362937	RCC1	437	VLSVSSGGQHT		hprd;pelm;psite	599
ENSP00000283109	RIOK2	335	EGSEFSFSDGE		hprd;pelm;psite	481
ENSP00000283109	RIOK2	337	SEFSFSDGEVA		hprd;pelm;psite	481
ENSP00000283109	RIOK2	350	AEVYGSENESE		hprd;pelm;psite	481
ENSP00000283109	RIOK2	380	QIKEDSLSEES		hprd;pelm;psite	481
ENSP00000283109	RIOK2	385	SLSEESADARS		hprd;pelm;psite	481
ENSP00000283109	RIOK2	412	VVENNSVTEFS		hprd;psite	481
ENSP00000283109	RIOK2	483	RTRTLSITSSG		psite	481
ENSP00000283109	RIOK2	486	TLSITSSGSAV		psite	481
ENSP00000283109	RIOK2	489	ITSSGSAVSCS		psite	481
ENSP00000259808	RIPK1	320	VKRMQSLQLDC		hprd;pelm;psite	621
ENSP00000259808	RIPK1	333	VPSSRSNSATE		psite	621
ENSP00000259808	RIPK1	416	RRRRVSHDPFA		psite	621
ENSP00000298472	SLC18A2	18	QESRRSRKLIL		psite	621
ENSP00000329357	SP1	42	QARSSSTGSSS		hprd;pelm;psite	450
ENSP00000329357	SP1	651	HLRWHTGERPF		hprd;pelm;psite	450
ENSP00000329357	SP1	681	HKRTHTGEKKF	PRKCZ	psite	450
ENSP00000310301	SP3	646	HLRWHSGERPF		hprd;pelm;psite	482
ENSP00000310301	SP3	676	HRRTHTGEKKF		psite	482
ENSP00000222584	SP4	672	HLRWHTGERPF		psite	450
ENSP00000222584	SP4	702	HRRTHTGEKRF		psite	450
ENSP00000222584	SP4	770	AISQDSNPATP		psite	450
ENSP00000162749	TNFRSF1A	381	RRLGLSDHEID		psite	621
ENSP00000162749	TNFRSF1A	417	PRREATLELLG		psite	621
ENSP00000365435	TNFRSF1B	330	SSSSSSLESSA		psite	621
ENSP00000344818	UBC	57	DGRTLSDYNIQ		hprd;psite	488
ENSP00000319690	HNRNPC	100	AGVKRSAAEMY		hprd;pelm	685
ENSP00000329357	SP1	48	TGSSSSTGGGG		hprd;pelm	450
ENSP00000329357	SP1	43	ARSSSTGSSSS		hprd;pelm	450
ENSP00000257430	APC	2469	SLSPSSRPASP		hprd;pelm	621
ENSP00000257430	APC	2143	LKSGISLGSPF		hprd;pelm	621
ENSP00000380921	SH3KBP1	447	AGSSLSGILDK		hprd;pelm	424
ENSP00000283195	RANBP2	2493	VADATSEVEVS		hprd;pelm	402
ENSP00000283195	RANBP2	2499	EVEVSSTSETT		hprd;pelm	402
ENSP00000283195	RANBP2	2501	EVSSTSETTPK		hprd;pelm	402
ENSP00000222329	ERF	150	PPSTPSEVLSP		hprd;pelm	599
ENSP00000222329	ERF	190	SVSDCSDGTSE		hprd;pelm	599
ENSP00000262320	AXIN1	213	LEYTRTGSESP		hprd;pelm	992
ENSP00000310301	SP3	566	QLSGDSTLNTN		hprd;pelm	482
ENSP00000246891	CSN1S1	34	NPSESSEPIPL		hprd	424
ENSP00000265372	CREM	110	IEEERSEEEGT		hprd	635
ENSP00000335153	HSP90AA1	799	LSSGFSLEDPQ		hprd	516
ENSP00000238081	YWHAQ	95	LRSICTTVLEL		hprd	648
ENSP00000238081	YWHAQ	110	LIANATNPESK		hprd	648
ENSP00000319690	HNRNPC	183	GQRGSSKSGKL		hprd	685
ENSP00000319690	HNRNPC	107	AEMYGSVTEHP		hprd	685
ENSP00000354586	GLI2	239	SISPLSDASLD		hprd	805
ENSP00000257430	APC	1044	GRQSPSQNERW		hprd	621
ENSP00000257430	APC	2531	HDIARSHSESP		hprd	621
ENSP00000332455	KPNA2	363	TMSNITAGRQD		hprd	599
ENSP00000365439	HNRNPK	417	QIRHESGASIK		hprd	478
ENSP00000283195	RANBP2	2917	FEPIVSLPEVE		hprd	402
ENSP00000283195	RANBP2	1534	SKTLKSGFEDM		hprd	402
ENSP00000283195	RANBP2	2273	NFSFKSALSPS		hprd	402
ENSP00000283195	RANBP2	951	FESPATGILSP		hprd	402
ENSP00000309503	YWHAZ	210	TLSEESYKDST		hprd	865
ENSP00000309503	YWHAZ	205	IAELDTLSEES		hprd	865
ENSP00000301838	FADD	197	AMSPMSWNSDA		hprd	621
ENSP00000301838	FADD	21	SSSELTELKFL		hprd	621
ENSP00000254657	PER2	671	LTSQCSYSSTI	CSNK1E	hprd	506
ENSP00000254657	PER2	674	QCSYSSTIVHV	CSNK1E	hprd	506
ENSP00000262320	AXIN1	614	AESGKSASTEV	GSK3B	hprd	992
ENSP00000230340	BYSL	86	APRERTTRLGP		hprd	440
ENSP00000230340	BYSL	160	LTEKQTEVETV		hprd	440
ENSP00000302625	AXIN2	639	PHSAQSTKKAY		hprd	843
ENSP00000291281	PRKD2	353	GVIPGSHSENA		hprd	619
ENSP00000222329	ERF	489	FKRRWSEDCRL		hprd	599
ENSP00000283109	RIOK2	492	SGSAVSCSTIP		hprd	481
ENSP00000283109	RIOK2	495	AVSCSTIPPEL		hprd	481
ENSP00000234626	CDC7	512	QYSGNSFKKGD		hprd	439
ENSP00000356548	LTV1	247	EYSMTSSVMRR		hprd	422
