name	CSNK1E
id	ENSP00000352929
type	Serine/threonine kinase
proline+1_removed	Yes
npartners	116
npartners_with_sites	97
nsites	497
//
motif	score	fg_matches	fg_size	bg_matches	bg_size	fold_increase
..RR.[ST].....	314.78	20	1033	18	9383	10.09
..S..[ST].....	13.16	168	904	919	8900	1.8
..R..[ST].....	13.06	109	1013	465	9365	2.17
.S...[ST].....	8.35	118	736	740	7981	1.73
.....[ST]..E..	6.58	75	618	474	7241	1.85
//
prot_id	prot_name	position	flank	kinase	source	string_score
ENSP00000300161	YWHAB	60	GARRSSWRVIS	PRKCD	hprd;pelm;psite	901
ENSP00000264335	YWHAE	64	SWRIISSIEQK		hprd;psite	899
ENSP00000264335	YWHAE	208	IAELDTLSEES	PLK2;PLK3	psite	899
ENSP00000264335	YWHAE	213	TLSEESYKDST		hprd;psite	899
ENSP00000248975	YWHAH	59	GARRSSWRVIS		pelm;psite	959
ENSP00000306330	YWHAG	59	GARRSSWRVIS	LATS2	psite	899
ENSP00000306330	YWHAG	115	KNCSETQYESK		psite	899
ENSP00000238081	YWHAQ	232	LWTSDSAGEEC	BCR;CSNK1A1	hprd;pelm;psite	899
ENSP00000309503	YWHAZ	58	GARRSSWRVVS	AKT1;MAPKAPK2;PRKACA	hprd;pelm;psite	899
ENSP00000309503	YWHAZ	63	SWRVVSSIEQK		psite	899
ENSP00000309503	YWHAZ	194	CSLAKTAFDEA		psite	899
ENSP00000348573	AKAP9	43	KKRKTSSSKHD	PRKACA	psite	959
ENSP00000348573	AKAP9	390	QKERQSSEEIK		hprd;psite	959
ENSP00000348573	AKAP9	1235	SGDYISENEDP		psite	959
ENSP00000348573	AKAP9	1327	KSKLSSLQDLE		psite	959
ENSP00000348573	AKAP9	1765	SSKSQSSASLI		psite	959
ENSP00000348573	AKAP9	1768	SQSSASLIWRS		psite	959
ENSP00000348573	AKAP9	3637	NSSRFSLNGGA		psite	959
ENSP00000348573	AKAP9	3684	ELRNDSLLQTL		psite	959
ENSP00000348573	AKAP9	3816	DSFYHSSGGLE		psite	959
ENSP00000348573	AKAP9	3835	TYRSRSDLDYI		psite	959
ENSP00000348573	AKAP9	3865	GSLACSQLQNY		hprd;pelm;psite	959
ENSP00000264448	ALMS1	189	VTDFPSLEEGI		psite	899
ENSP00000264448	ALMS1	511	IGSHLSLSLED		psite	899
ENSP00000264448	ALMS1	1188	IPRVLSTFYSQ		psite	899
ENSP00000264448	ALMS1	1192	LSTFYSQREKP		psite	899
ENSP00000264448	ALMS1	2142	LPSSFSHREKP		psite	899
ENSP00000264448	ALMS1	2465	EEEGVSESEDG		psite	899
ENSP00000264448	ALMS1	2804	VDFERSFQEEK		psite	899
ENSP00000264448	ALMS1	3069	DERFHSLDAAS		psite	899
ENSP00000264448	ALMS1	3149	IPSQNSQIVTS		psite	899
ENSP00000257430	APC	98	LRSYGSREGSV		psite	985
ENSP00000257430	APC	748	MSPGSSLPSLH		psite	985
ENSP00000257430	APC	899	VSAIHTSQEDR		hprd;psite	985
ENSP00000257430	APC	908	DRSSGSTTELH		psite	985
ENSP00000257430	APC	963	RSSNDSLNSVS		psite	985
ENSP00000257430	APC	1032	YSLKYSDEQLN		psite	985
ENSP00000257430	APC	1279	CSSLSSLSSAE	CSNK1E	hprd;pelm;psite	985
ENSP00000257430	APC	1364	KSPSKSGAQTP		psite	985
ENSP00000257430	APC	1392	CTSVSSLDSFE	CSNK1E	hprd;pelm;psite	985
ENSP00000257430	APC	1504	GFSCSSSLSAL	CSNK1A1;CSNK1D;CSNK1E;CSNK1G1	hprd;psite	985
ENSP00000257430	APC	1505	FSCSSSLSALS	CSNK1A1;CSNK1D;CSNK1E;CSNK1G1	hprd;psite	985
ENSP00000257430	APC	1507	CSSSLSALSLD	CSNK1A1;CSNK1D;CSNK1E;CSNK1G1	hprd;psite	985
ENSP00000257430	APC	1510	SLSALSLDEPF	CSNK1A1;CSNK1D;CSNK1E;CSNK1G1	hprd;psite	985
ENSP00000257430	APC	1610	VARKPSQLPVY		psite	985
ENSP00000257430	APC	1861	FSRNDSLSSLD		hprd;pelm;psite	985
ENSP00000257430	APC	1864	NDSLSSLDFDD		hprd;pelm;psite	985
ENSP00000257430	APC	2034	SLSIDSEDDLL		pelm;psite	985
ENSP00000257430	APC	2088	IQRPDSEHGLS		hprd;pelm;psite	985
ENSP00000257430	APC	2096	GLSPDSENFDW		hprd;pelm;psite	985
ENSP00000257430	APC	2129	LSRQASSDSDS		hprd;pelm;psite	985
ENSP00000257430	APC	2262	ASKSPSEGQTA		psite	985
ENSP00000257430	APC	2290	VARQTSQIGGS		psite	985
ENSP00000257430	APC	2374	PGRQMSQQNLT		psite	985
ENSP00000257430	APC	2421	LSRMSSTKSSG		psite	985
ENSP00000257430	APC	2442	LVRQSTFIKEA		psite	985
ENSP00000257430	APC	2464	SASFESLSPSS		hprd;pelm;psite	985
ENSP00000257430	APC	2533	IARSHSESPSR		hprd;pelm;psite	985
ENSP00000257430	APC	2569	WRRTGSSSSIL		psite	985
ENSP00000257430	APC	2611	VSAKGTWRKIK		psite	985
ENSP00000257430	APC	2676	SGRSPTGNTPP		hprd;pelm;psite	985
ENSP00000257430	APC	2724	ENRLNSFIQVD		psite	985
ENSP00000257430	APC	2768	SSSSSSKHSSP		psite	985
ENSP00000257430	APC	2793	PSPRKSSADST		psite	985
ENSP00000257430	APC	2828	TESSGTQSPKR		psite	985
ENSP00000262320	AXIN1	160	IVSRQTKPATK		hprd;psite	997
ENSP00000393583	AZI1	35	SRRPGSAATTK		psite	899
ENSP00000393583	AZI1	47	IVRSVSVVTGS		hprd;pelm;psite	899
ENSP00000393583	AZI1	78	LRRSNSTTQVS		hprd;pelm;psite	899
ENSP00000393583	AZI1	79	RRSNSTTQVSQ		hprd;pelm;psite	899
ENSP00000393583	AZI1	80	RSNSTTQVSQP		psite	899
ENSP00000393583	AZI1	87	VSQPRSGSPRP		hprd;pelm;psite	899
ENSP00000393583	AZI1	93	GSPRPTEPTDF		hprd;pelm;psite	899
ENSP00000393583	AZI1	114	KKRPASLSTAP		psite	899
ENSP00000393583	AZI1	120	LSTAPSEKGAT		psite	899
ENSP00000393583	AZI1	137	QPRGFTLPSNA		psite	899
ENSP00000393583	AZI1	146	NARSSSALDSP		psite	899
ENSP00000393583	AZI1	257	RRKEVTEEEAE		psite	899
ENSP00000393583	AZI1	450	APSRGSAKSRG		psite	899
ENSP00000393583	AZI1	453	RGSAKSRGPLE		psite	899
ENSP00000393583	AZI1	531	LQSIMSFLDEM		psite	899
ENSP00000393583	AZI1	598	QQRDLTARRVK		psite	899
ENSP00000393583	AZI1	728	VRRLKSLHEAE		hprd;psite	899
ENSP00000393583	AZI1	795	RQRLYSEVAEE		psite	899
ENSP00000374357	ARNTL	21	MSPGPTDLLSS	GSK3B	psite	974
ENSP00000374357	ARNTL	78	AREAHSQIEKR		hprd;psite	974
ENSP00000374357	ARNTL	293	KSWPPTKMGLD		psite	974
ENSP00000230340	BYSL	98	MPQDGSDDEDE		hprd;pelm;psite	440
ENSP00000230340	BYSL	170	VMSEVSGFPMP		hprd;psite	440
ENSP00000261769	CDH1	330	VISVVTTGLDR		psite	816
ENSP00000261769	CDH1	576	GSPVATGTGTL		psite	816
ENSP00000261769	CDH1	838	FDYEGSGSEAA	CSNK2A1	hprd;psite	816
ENSP00000261769	CDH1	844	GSEAASLSSLN	CSNK1A1;CSNK1D;CSNK1E	pelm;psite	816
ENSP00000261769	CDH1	847	AASLSSLNSSE	CSNK2A1;GSK3B	hprd;psite	816
ENSP00000261769	CDH1	850	LSSLNSSESDK	CSNK2A1	psite	816
ENSP00000261769	CDH1	853	LNSSESDKDQD	CSNK2A1	hprd;psite	816
ENSP00000343818	CDK5RAP2	463	ENRYKSLLSES		psite	899
ENSP00000343818	CDK5RAP2	548	EKKQSSDYEEL		psite	899
ENSP00000343818	CDK5RAP2	697	PDRLASTEQTE		psite	899
ENSP00000343818	CDK5RAP2	1244	PPRYDSLVQSQ		psite	899
ENSP00000343818	CDK5RAP2	1354	ESPEPSASHAL		psite	899
ENSP00000343818	CDK5RAP2	1360	ASHALSDYETS		psite	899
ENSP00000371308	CENPJ	405	LVTNQSTSEDQ		psite	899
ENSP00000371308	CENPJ	471	KSLSPSGLKIQ		psite	899
ENSP00000371308	CENPJ	556	SSLDVSLQKKL		hprd;psite	899
ENSP00000371308	CENPJ	595	FSSNSSFVLKI	PLK2;PLK4	psite	899
ENSP00000371308	CENPJ	615	GHRMSSTPVKA		psite	899
ENSP00000371308	CENPJ	643	EDLDHTAREKE		psite	899
ENSP00000371308	CENPJ	663	LHSLSSADELR		psite	899
ENSP00000371308	CENPJ	681	KAVQKSTSENQ		psite	899
ENSP00000371308	CENPJ	764	SDKDYSSDESI		hprd;psite	899
ENSP00000371308	CENPJ	862	SRSPPTSELMM		psite	899
ENSP00000371308	CENPJ	1109	PRRSKSAPPRD		hprd;psite	899
ENSP00000238341	CNTRL	854	EILARSKWERD		hprd;psite	899
ENSP00000238341	CNTRL	1475	LLQTESDAEEL		psite	899
ENSP00000238341	CNTRL	1668	ISERKTQLTLI		hprd;psite	899
ENSP00000257287	CEP135	441	RDRSPSRLDTF		psite	899
ENSP00000257287	CEP135	483	SAREKSSIFRT		psite	899
ENSP00000257287	CEP135	1132	TLRSPSHSPEH		psite	899
ENSP00000382271	CEP152	1562	PSGYLSDTEES		psite	899
ENSP00000278935	CEP164	201	KGLLGSIYEDK		psite	899
ENSP00000278935	CEP164	407	ASDPKSFHGLD		psite	899
ENSP00000278935	CEP164	1386	RLGYMSASEQL		psite	899
ENSP00000317902	CEP57	33	MVRHSSSPYVV		psite	899
ENSP00000317902	CEP57	55	LRRSPSKPTLA		psite	899
ENSP00000336524	CEP63	653	FISSCSLPVSP		psite	899
ENSP00000264935	CEP72	156	FASEDSLDSKE		hprd;psite	899
ENSP00000264935	CEP72	344	VGRFQTFSDQE		psite	899
ENSP00000264935	CEP72	346	RFQTFSDQEGL		psite	899
ENSP00000264935	CEP72	372	LSRQDSSESRN		psite	899
ENSP00000264935	CEP72	375	QDSSESRNGRT		psite	899
ENSP00000264935	CEP72	382	NGRTLSQPEAS		psite	899
ENSP00000264935	CEP72	387	SQPEASETEEQ		psite	899
ENSP00000264935	CEP72	532	NSRLKSLLLSM		psite	899
ENSP00000365782	CEP78	327	WITSPSVKEPS		psite	900
ENSP00000365782	CEP78	372	SGRKHSLGKEY		psite	900
ENSP00000359300	CETN2	138	LGENLTDEELQ		psite	899
ENSP00000324464	CSNK1D	331	LPSTASGRLRG		hprd;pelm;psite	902
ENSP00000324464	CSNK1D	361	SPRPVSGMERE		hprd;pelm;psite	902
ENSP00000324464	CSNK1D	387	SSSDLTGRQDT		hprd;psite	902
ENSP00000324464	CSNK1D	396	DTSRMSTSQIP		psite	902
ENSP00000324464	CSNK1D	406	PGRVASSGLQS		hprd;psite	902
ENSP00000346566	CKAP5	832	HSTSGTDEGED		hprd;pelm;psite	899
ENSP00000346566	CKAP5	1138	SSKAKSAQGKK		psite	899
ENSP00000263710	CLASP1	280	TRRLGSSTLGS		psite	899
ENSP00000263710	CLASP1	552	VSLPQSDRSSS		hprd;psite	899
ENSP00000263710	CLASP1	555	PQSDRSSSSSQ		hprd;psite	899
ENSP00000263710	CLASP1	558	DRSSSSSQESL		hprd;psite	899
ENSP00000263710	CLASP1	559	RSSSSSQESLN		hprd;pelm;psite	899
ENSP00000263710	CLASP1	568	LNRPLSAKRSP		hprd;pelm;psite	899
ENSP00000263710	CLASP1	574	AKRSPTGSTTS		psite	899
ENSP00000263710	CLASP1	586	ASTVSTKSVST		psite	899
ENSP00000263710	CLASP1	594	VSTTGSLQRSR		hprd;psite	899
ENSP00000263710	CLASP1	598	GSLQRSRSDID		hprd;psite	899
ENSP00000263710	CLASP1	600	LQRSRSDIDVN		hprd;pelm;psite	899
ENSP00000263710	CLASP1	636	PGSYASLGRIR		psite	899
ENSP00000263710	CLASP1	642	LGRIRTRRQSS		psite	899
ENSP00000263710	CLASP1	646	RTRRQSSGSAT		hprd;pelm;psite	899
ENSP00000263710	CLASP1	647	TRRQSSGSATN		hprd;pelm;psite	899
ENSP00000263710	CLASP1	649	RQSSGSATNVA		hprd;pelm;psite	899
ENSP00000263710	CLASP1	651	SSGSATNVAST		hprd;pelm;psite	899
ENSP00000263710	CLASP1	674	SQSQRSRSANP		psite	899
ENSP00000263710	CLASP1	676	SQRSRSANPAG		psite	899
ENSP00000263710	CLASP1	687	AGSRSSSPGKL		psite	899
ENSP00000263710	CLASP1	727	RSQGCSRETSP		psite	899
ENSP00000263710	CLASP1	795	AMRVLSTSTDL		psite	899
ENSP00000263710	CLASP1	798	VLSTSTDLEAA		hprd;pelm;psite	899
ENSP00000263710	CLASP1	1196	KFSFRSQEDLN		hprd;pelm;psite	899
ENSP00000308741	CLOCK	431	HSPTPSASSRS		psite	947
ENSP00000308741	CLOCK	434	TPSASSRSSRK		psite	947
ENSP00000308741	CLOCK	437	ASSRSSRKSSH		psite	947
ENSP00000008527	CRY1	568	GGKRPSQEEDT		psite	977
ENSP00000225387	CRYBA1	127	KESKMTIFEKE		hprd;pelm;psite	401
ENSP00000215939	CRYBB1	12	ASASATVAVNP		psite	424
ENSP00000219599	CRYM	9	VPAFLSAAEVE		psite	505
ENSP00000344456	CTNNB1	33	QSYLDSGIHSG	CHUK;GSK3A;GSK3B;MAPK8	hprd;pelm;psite	971
ENSP00000344456	CTNNB1	37	DSGIHSGATTT	CHUK;GSK3A;GSK3B;MAPK8	hprd;pelm;psite	971
ENSP00000344456	CTNNB1	41	HSGATTTAPSL	CHUK;GSK3A;GSK3B;MAPK8	hprd;pelm;psite	971
ENSP00000344456	CTNNB1	102	AMFPETLDEGM	CSNK2A1;CSNK2A2	hprd;pelm;psite	971
ENSP00000344456	CTNNB1	179	MVHQLSKKEAS		psite	971
ENSP00000344456	CTNNB1	332	IMRTYTYEKLL	CAMK2A	psite	971
ENSP00000344456	CTNNB1	393	LSDAATKQEGM	CSNK2A1	hprd;pelm;psite	971
ENSP00000344456	CTNNB1	472	ALRHLTSRHQE	CAMK2A	psite	971
ENSP00000344456	CTNNB1	552	TQRRTSMGGTQ	AKT1;AKT2;CAMK2A;PRKACA	hprd;pelm;psite	971
ENSP00000344456	CTNNB1	556	TSMGGTQQQFV		hprd;pelm;psite	971
ENSP00000344456	CTNNB1	718	DPSYRSFHSGG	PLK1	psite	971
ENSP00000344456	CTNNB1	721	YRSFHSGGYGQ		psite	971
ENSP00000348965	DYNC1H1	1230	MRRKDSAIQQQ		psite	899
ENSP00000348965	DYNC1H1	2042	RSLAMTKPDRQ		psite	899
ENSP00000348965	DYNC1H1	2099	KSVLVSAGNVK		psite	899
ENSP00000348965	DYNC1H1	2276	NTREWTDGLFT		psite	899
ENSP00000348965	DYNC1H1	4162	MLRTFSSIPVS		psite	899
ENSP00000348965	DYNC1H1	4368	KTRTDSTSDGR		hprd;pelm;psite	899
ENSP00000380308	DYNC1I2	51	PVQEESDLEKK		psite	904
ENSP00000380308	DYNC1I2	90	PMSPSSKSVST		hprd;psite	904
ENSP00000380308	DYNC1I2	92	SPSSKSVSTPS		hprd;psite	904
ENSP00000380308	DYNC1I2	94	SSKSVSTPSEA		hprd;pelm;psite	904
ENSP00000380308	DYNC1I2	97	SVSTPSEAGSQ		hprd;pelm;psite	904
ENSP00000380308	DYNC1I2	101	PSEAGSQDSGD		hprd;pelm;psite	904
ENSP00000380308	DYNC1I2	104	AGSQDSGDGAV		hprd;psite	904
ENSP00000380308	DYNC1I2	209	PPHELTEEEKQ		psite	904
ENSP00000368169	DVL1	93	HSDAGSQGTDS		hprd;psite	883
ENSP00000368169	DVL1	575	AGAGGSGSESD		psite	883
ENSP00000368169	DVL1	579	GSGSESDHTAP		psite	883
ENSP00000368169	DVL1	654	TGSRQSFQKAM		psite	883
ENSP00000005340	DVL2	151	NLEPETETESV		psite	501
ENSP00000005340	DVL2	158	TESVVSLRRER		psite	501
ENSP00000005340	DVL2	169	PRRRDSSEHGA		psite	501
ENSP00000005340	DVL2	170	RRRDSSEHGAG		psite	501
ENSP00000005340	DVL2	211	TSLGDSDEEDT		hprd;psite	501
ENSP00000005340	DVL2	224	RFSSSTEQSSA	CSNK1D;CSNK1E	psite	501
ENSP00000005340	DVL2	592	EGSRSSGSTRS		psite	501
ENSP00000005340	DVL2	594	SRSSGSTRSDG		psite	501
ENSP00000005340	DVL2	595	RSSGSTRSDGG		psite	501
ENSP00000005340	DVL2	597	SGSTRSDGGAG		psite	501
ENSP00000005340	DVL2	630	SSRGGSLRRGG		psite	501
ENSP00000005340	DVL2	720	TASRQSFHMAM		psite	501
ENSP00000316054	DVL3	192	TSFFDSDEDDS		hprd;pelm;psite	655
ENSP00000316054	DVL3	202	STSRFSSSTEQ		psite	655
ENSP00000316054	DVL3	203	TSRFSSSTEQS		psite	655
ENSP00000316054	DVL3	208	SSTEQSSASRL		psite	655
ENSP00000316054	DVL3	700	TASRQSFRMAM		psite	655
ENSP00000364721	MAPRE1	165	PQRPISTQRTA		hprd;psite	899
ENSP00000363559	EIF6	239	TSMRDSLIDSL		hprd;pelm;psite	459
ENSP00000355812	FGFR1OP	169	KTSAQTTPSKI		psite	899
ENSP00000355812	FGFR1OP	209	TSVSLSEPKSK		hprd;psite	899
ENSP00000355812	FGFR1OP	234	FLSNRTLDGKD		psite	899
ENSP00000355812	FGFR1OP	389	TVSQLSDVADY		psite	899
ENSP00000368880	FOXO1	24	RPRSCTWPLPR	AKT1	hprd;pelm;psite	900
ENSP00000368880	FOXO1	256	RRRAASMDNNS	AKT1	hprd;pelm;psite	900
ENSP00000368880	FOXO1	301	PASPGSHSNDD		psite	900
ENSP00000368880	FOXO1	319	RPRTSSNASTI	AKT1	hprd;pelm;psite	900
ENSP00000368880	FOXO1	322	TSSNASTISGR	CSNK1A1;CSNK1G1	hprd;pelm;psite	900
ENSP00000368880	FOXO1	325	NASTISGRLSP	CSNK1A1;GSK3B	hprd;pelm;psite	900
ENSP00000368880	FOXO1	505	PNSVMSTYGSQ		hprd;pelm;psite	900
ENSP00000368880	FOXO1	509	MSTYGSQASHN		hprd;pelm;psite	900
ENSP00000252936	TUBGCP2	594	VLAIETKQEKA		psite	899
ENSP00000261965	TUBGCP3	113	PSKVSSYATLF		psite	899
ENSP00000261965	TUBGCP3	138	YARPQTLPLSY		psite	899
ENSP00000261965	TUBGCP3	290	RSLRDTAVRLS		psite	899
ENSP00000261965	TUBGCP3	899	RVSLGTRGRRS		psite	899
ENSP00000283645	TUBGCP5	535	NASASSGSDQG		pelm;psite	899
ENSP00000283645	TUBGCP5	630	LMKMQSIAESH		psite	899
ENSP00000248846	TUBGCP6	629	ISVIFSLEELK		hprd;pelm;psite	899
ENSP00000248846	TUBGCP6	657	RHSSVSKEEKE		pelm;psite	899
ENSP00000228682	GLI1	84	KKRALSISPLS		psite	803
ENSP00000228682	GLI1	544	LERRSSSSSSI	PRKACA	psite	803
ENSP00000228682	GLI1	560	VSRRSSLASPF	PRKACA	psite	803
ENSP00000228682	GLI1	640	VTRRASDPAQA	PRKACA	psite	803
ENSP00000354586	GLI2	234	RKRALSISPLS		hprd;psite	904
ENSP00000354586	GLI2	242	PLSDASLDLQR		hprd;psite	904
ENSP00000354586	GLI2	808	QERRDSSTSTV		psite	904
ENSP00000354586	GLI2	824	VSRRSSGISPY		psite	904
ENSP00000354586	GLI2	870	RSSEASQCSGG		psite	904
ENSP00000354586	GLI2	941	GPRRGSDGPTY		psite	904
ENSP00000354586	GLI2	970	GARRASDPVRR		psite	904
ENSP00000363779	IKBKAP	1171	FSETSSVVSGS		hprd;pelm;psite	409
ENSP00000363779	IKBKAP	1174	TSSVVSGSEMS		hprd;pelm;psite	409
ENSP00000363779	IKBKAP	1190	SNSRISARSSK		psite	409
ENSP00000360266	JUN	62	NSDLLTSPDVG		hprd;psite	437
ENSP00000360266	JUN	231	KEEPQTVPEMP	CSNK2A1	hprd;pelm;psite	437
ENSP00000356548	LTV1	182	MDIQKSENEDD		hprd;pelm;psite	422
ENSP00000356548	LTV1	188	ENEDDSEWEDV		hprd;pelm;psite	422
ENSP00000356548	LTV1	241	TKSRFTEYSMT		hprd;psite	422
ENSP00000356548	LTV1	248	YSMTSSVMRRN		hprd;psite	422
ENSP00000356548	LTV1	331	NELDESEEEEM		hprd;psite	422
ENSP00000356548	LTV1	355	CESICSTYSNL		psite	422
ENSP00000356548	LTV1	356	ESICSTYSNLY		psite	422
ENSP00000356548	LTV1	358	ICSTYSNLYNH		psite	422
ENSP00000417281	MDM2	124	QESSDSGTSVS	CSNK1D	psite	686
ENSP00000417281	MDM2	127	SDSGTSVSENR	CSNK1D	psite	686
ENSP00000417281	MDM2	163	LVSRPSTSSRR	MAPKAPK2	pelm;psite	686
ENSP00000417281	MDM2	164	VSRPSTSSRRR		psite	686
ENSP00000417281	MDM2	166	RPSTSSRRRAI	AKT1	hprd;psite	686
ENSP00000417281	MDM2	172	RRRAISETEEN	AKT1;CSNK1D;DAPK3;MAPKAPK2;PIM1	hprd;pelm;psite	686
ENSP00000417281	MDM2	182	NSDELSGERQR	CSNK1D	psite	686
ENSP00000417281	MDM2	192	RKRHKSDSISL	AKT1;DAPK3;PIM1	hprd;pelm;psite	686
ENSP00000417281	MDM2	196	KSDSISLSFDE		psite	686
ENSP00000417281	MDM2	198	DSISLSFDESL		psite	686
ENSP00000417281	MDM2	252	VSDQFSVEFEV		pelm;psite	686
ENSP00000417281	MDM2	262	VESLDSEDYSL		psite	686
ENSP00000417281	MDM2	266	DSEDYSLSEEG	CSNK1D;CSNK2A1;PLK1	pelm;psite	686
ENSP00000417281	MDM2	296	ESDTDSFEEDP	CSNK1D	psite	686
ENSP00000417281	MDM2	357	KLENSTQAEEG	CSNK1D	psite	686
ENSP00000417281	MDM2	379	NDSRESCVEEN	CSNK1D	psite	686
ENSP00000417281	MDM2	401	ESEDYSQPSTS	ATM	hprd;pelm;psite	686
ENSP00000417281	MDM2	412	SSIIYSSQEDV		psite	686
ENSP00000417281	MDM2	425	FEREETQDKEE	CSNK1D	psite	686
ENSP00000417281	MDM2	435	ESVESSLPLNA	ATM	psite	686
ENSP00000367207	MYC	82	SPSRRSGLCSP		psite	487
ENSP00000367207	MYC	265	PPTTSSDSEEE	CSNK2A1	psite	487
ENSP00000367207	MYC	267	TTSSDSEEEQE	CSNK2A1	psite	487
ENSP00000367207	MYC	358	NNRKCTSPRSS		psite	487
ENSP00000367207	MYC	362	CTSPRSSDTEE	CSNK2A1	psite	487
ENSP00000367207	MYC	363	TSPRSSDTEEN	CSNK2A1	hprd;psite	487
ENSP00000355966	NEK2	175	TSFAKTFVGTP	NEK2	psite	910
ENSP00000355966	NEK2	304	SSPVLSELKLK		psite	910
ENSP00000355966	NEK2	400	MRSENSESQLT		psite	910
ENSP00000355966	NEK2	406	ESQLTSKSKCK	STK3	psite	910
ENSP00000355966	NEK2	428	RAQALSDIEKN	NEK2	psite	910
ENSP00000278886	NINL	87	PSDEDSSSLES	PLK1	pelm;psite	899
ENSP00000278886	NINL	88	SDEDSSSLESA	PLK1	pelm;psite	899
ENSP00000345892	NDE1	9	SGKTFSSEEEE		psite	899
ENSP00000345892	NDE1	214	TGSVPSTPIAH		hprd;psite	899
ENSP00000345892	NDE1	223	AHRGPSSSLNT		psite	899
ENSP00000345892	NDE1	306	GERRPSSTSVP	PRKACA	hprd;pelm;psite	899
ENSP00000345892	NDE1	307	ERRPSSTSVPL		hprd;pelm;psite	899
ENSP00000345892	NDE1	309	RPSSTSVPLGD		hprd;psite	899
ENSP00000347379	OCLN	305	NVSAGTQDVPS		hprd;pelm;psite	624
ENSP00000347379	OCLN	313	VPSPPSDYVER		hprd;psite	624
ENSP00000347379	OCLN	344	ESSYKSTPVPE		psite	624
ENSP00000347379	OCLN	370	QPRYSSGGNFE		psite	624
ENSP00000347379	OCLN	404	ETDYTTGGESC	CSNK2B;PRKCE	hprd;pelm;psite	624
ENSP00000347379	OCLN	408	TTGGESCDELE	CSNK2B	hprd;pelm;psite	624
ENSP00000344314	OFD1	171	TFNRDSLAEKL		hprd;psite	899
ENSP00000344314	OFD1	391	LIAINSKKEEL		psite	899
ENSP00000344314	OFD1	735	SSRRLSSTPLP		hprd;psite	899
ENSP00000344314	OFD1	736	SRRLSSTPLPK		hprd;psite	899
ENSP00000344314	OFD1	811	DKSEFSDVDKL		psite	899
ENSP00000344314	OFD1	899	EERRQSNLQEV		psite	899
ENSP00000269305	TP53	9	PQSDPSVEPPL	CSNK1A1;CSNK1D;PRKDC	hprd;pelm;psite	936
ENSP00000269305	TP53	18	PLSQETFSDLW	CHEK1;CHEK2;CSNK1A1;CSNK1D;DAPK1;PRKAA1;PRKDC;TTK;VRK1	hprd;pelm;psite	936
ENSP00000269305	TP53	37	LSPLPSQAMDD	ATR;CHEK1;CHEK2;MAPKAPK5;PRKDC	hprd;pelm;psite	936
ENSP00000269305	TP53	99	SSSVPSQKTYQ		hprd;pelm;psite	936
ENSP00000269305	TP53	284	GRDRRTEEENL	AURKB	psite	936
ENSP00000269305	TP53	366	GSRAHSSHLKS	CHEK2	hprd;psite	936
ENSP00000269305	TP53	371	SSHLKSKKGQS	CDK7;PRKCA	hprd;pelm;psite	936
ENSP00000352572	PCNT	44	AKRKGSAVDAS		psite	899
ENSP00000352572	PCNT	514	KTQHESELEQL		psite	899
ENSP00000352572	PCNT	1221	PELDRTLSECA	PLK1	psite	899
ENSP00000352572	PCNT	1289	ARQIHSRFEKE		hprd;psite	899
ENSP00000352572	PCNT	1653	LLRRESEVLDL		psite	899
ENSP00000352572	PCNT	1814	QERRHSQALEA		hprd;psite	899
ENSP00000352572	PCNT	2342	DRSEKSDGSGF		psite	899
ENSP00000352572	PCNT	2355	RLSPGSGGPEA		psite	899
ENSP00000352572	PCNT	2486	LGGHSSLLERL		hprd;psite	899
ENSP00000352572	PCNT	3074	LSRAVSKLEKL		psite	899
ENSP00000352572	PCNT	3302	QDPEHSLTEYI		hprd;psite	899
ENSP00000314420	PER1	161	KGRSGTLATLQ		hprd;psite	991
ENSP00000314420	PER1	812	LDSSSTAPSAL		psite	991
ENSP00000314420	PER1	815	SSTAPSALGER		hprd;pelm;psite	991
ENSP00000314420	PER1	979	FNSRCSSPLQL		hprd;pelm;psite	991
ENSP00000314420	PER1	1103	FGSIDSSEAEA		hprd;psite	991
ENSP00000314420	PER1	1104	GSIDSSEAEAG		hprd;psite	991
ENSP00000254657	PER2	665	AESVASLTSQC	CSNK1D;CSNK1E	hprd;psite	993
ENSP00000254657	PER2	668	VASLTSQCSYS	CSNK1D;CSNK1E	hprd;psite	993
ENSP00000254657	PER2	810	RDSSESTGSGG		psite	993
ENSP00000355031	PER3	755	SSSSNTGSGPR		psite	981
ENSP00000355031	PER3	757	SSNTGSGPRRG		psite	981
ENSP00000265717	PRKAR2B	83	EEPMQSDSEDG		hprd;psite	901
ENSP00000265717	PRKAR2B	114	FTRRASVCAEA	PRKACA;PRKAR2B	hprd;pelm;psite	901
ENSP00000291281	PRKD2	197	RKRRLSSTSLA		hprd;pelm;psite	620
ENSP00000291281	PRKD2	198	KRRLSSTSLAS		hprd;pelm;psite	620
ENSP00000291281	PRKD2	200	RLSSTSLASGH		hprd;pelm;psite	620
ENSP00000291281	PRKD2	203	STSLASGHSVR		hprd;pelm;psite	620
ENSP00000291281	PRKD2	206	LASGHSVRLGT		hprd;pelm;psite	620
ENSP00000291281	PRKD2	227	LSRSTTELLPR		psite	620
ENSP00000291281	PRKD2	236	PRRPPSSSSSS		hprd;psite	620
ENSP00000291281	PRKD2	241	SSSSSSSASSY		psite	620
ENSP00000291281	PRKD2	242	SSSSSSASSYT		psite	620
ENSP00000291281	PRKD2	244	SSSSASSYTGR		psite	620
ENSP00000291281	PRKD2	391	QSVRHTTRKSS		psite	620
ENSP00000291281	PRKD2	392	SVRHTTRKSST		psite	620
ENSP00000291281	PRKD2	396	TTRKSSTTLRE		hprd;psite	620
ENSP00000291281	PRKD2	398	RKSSTTLREGW		psite	620
ENSP00000291281	PRKD2	412	YSNKDTLRKRH		psite	620
ENSP00000291281	PRKD2	529	PHRQASLSISV		psite	620
ENSP00000291281	PRKD2	710	KSFRRSVVGTP	PRKCA;PRKCE;PRKCH	hprd;pelm;psite	620
ENSP00000300093	PLK1	103	MSMEISIHRSL		hprd;psite	903
ENSP00000300093	PLK1	137	LCRRRSLLELH	MAP3K8	pelm;psite	903
ENSP00000300093	PLK1	210	GERKKTLCGTP	AURKA;MAP3K8;STK10	hprd;pelm;psite	903
ENSP00000300093	PLK1	330	FSIAPSSLDPS		hprd;psite	903
ENSP00000300093	PLK1	335	SSLDPSNRKPL		psite	903
ENSP00000300093	PLK1	387	HSVNASKPSER		hprd;pelm;psite	903
ENSP00000300093	PLK1	464	TESYLTVSSHP		hprd;psite	903
ENSP00000300093	PLK1	597	SSRSASNRLKA		psite	903
ENSP00000270861	PLK4	305	TSISGSLFDKR	PLK4	psite	899
ENSP00000270861	PLK4	378	LRRAYSSDRSG		psite	899
ENSP00000270861	PLK4	401	MERCHSAEMLS		hprd;psite	899
ENSP00000270861	PLK4	591	TLRSITSPLVA		psite	899
ENSP00000301242	PPP1R14A	12	GKRVLSKLQSP	DAPK3	pelm;psite	619
ENSP00000301242	PPP1R14A	134	PSHDGSLSPLQ		hprd;pelm;psite	619
ENSP00000361021	PTEN	229	IYSSNSGPTRR	ROCK1	pelm;psite	414
ENSP00000361021	PTEN	232	SNSGPTRREDK	ROCK1	pelm;psite	414
ENSP00000361021	PTEN	370	VTPDVSDNEPD	CSNK2A1;PLK3	hprd;pelm;psite	414
ENSP00000361021	PTEN	383	RYSDTTDSDPE	CSNK2A1;PRKCZ;STK11	hprd;pelm;psite	414
ENSP00000361021	PTEN	385	SDTTDSDPENE	AKT1;CSNK2A1	hprd;pelm;psite	414
ENSP00000304283	RAC3	161	ECSALTQRGLK		psite	619
ENSP00000283109	RIOK2	335	EGSEFSFSDGE		hprd;pelm;psite	437
ENSP00000283109	RIOK2	337	SEFSFSDGEVA		hprd;pelm;psite	437
ENSP00000283109	RIOK2	350	AEVYGSENESE		hprd;pelm;psite	437
ENSP00000283109	RIOK2	380	QIKEDSLSEES		hprd;pelm;psite	437
ENSP00000283109	RIOK2	385	SLSEESADARS		hprd;pelm;psite	437
ENSP00000283109	RIOK2	412	VVENNSVTEFS		hprd;psite	437
ENSP00000283109	RIOK2	483	RTRTLSITSSG		psite	437
ENSP00000283109	RIOK2	486	TLSITSSGSAV		psite	437
ENSP00000283109	RIOK2	487	LSITSSGSAVS		psite	437
ENSP00000283109	RIOK2	489	ITSSGSAVSCS		psite	437
ENSP00000212015	SIRT1	162	FHSCESDEEDR		psite	539
ENSP00000212015	SIRT1	172	RASHASSSDWT		psite	539
ENSP00000212015	SIRT1	173	ASHASSSDWTP		psite	539
ENSP00000212015	SIRT1	333	KFIALSDKEGK		psite	539
ENSP00000212015	SIRT1	538	HVSEDSSSPER		hprd;psite	539
ENSP00000212015	SIRT1	539	VSEDSSSPERT		hprd;psite	539
ENSP00000212015	SIRT1	544	SSPERTSPPDS		psite	539
ENSP00000212015	SIRT1	659	GAEVYSDSEDD	CSNK2A1	psite	539
ENSP00000329357	SP1	42	QARSSSTGSSS		hprd;pelm;psite	494
ENSP00000329357	SP1	651	HLRWHTGERPF		hprd;pelm;psite	494
ENSP00000329357	SP1	681	HKRTHTGEKKF	PRKCZ	psite	494
ENSP00000329357	SP1	702	RSDHLSKHIKT		psite	494
ENSP00000329357	SP1	732	DSGAGSEGSGT		psite	494
ENSP00000310301	SP3	646	HLRWHSGERPF		hprd;pelm;psite	450
ENSP00000310301	SP3	676	HRRTHTGEKKF		psite	450
ENSP00000222584	SP4	672	HLRWHTGERPF		psite	450
ENSP00000222584	SP4	702	HRRTHTGEKRF		psite	450
ENSP00000222584	SP4	770	AISQDSNPATP		psite	450
ENSP00000361066	NCOA3	287	TNSLRSSMRPG		hprd;psite	672
ENSP00000361066	NCOA3	288	NSLRSSMRPGF		hprd;psite	672
ENSP00000361066	NCOA3	509	HSPMASSGNTG		psite	672
ENSP00000361066	NCOA3	563	QPSKVSNQDSK		psite	672
ENSP00000361066	NCOA3	601	KESKESSVEGA	CSNK1D	psite	672
ENSP00000361066	NCOA3	857	YNRAVSLDSPV	CHUK;MAPK6;PRKACA	hprd;pelm;psite	672
ENSP00000361066	NCOA3	1042	LVGPPSNLEGQ	PRKCZ	psite	672
ENSP00000361066	NCOA3	1067	SNTDATGLEEI	PRKCZ	psite	672
ENSP00000223208	CEP41	99	NDSAASDPDAE		psite	899
ENSP00000223208	CEP41	363	NPRSLSSGHLQ		hprd;psite	899
ENSP00000301364	TSR1	630	ASPLFSQHTAA		psite	426
ENSP00000329357	SP1	40	FSQARSSSTGS		hprd;pelm	494
ENSP00000329357	SP1	46	SSTGSSSSTGG		hprd;pelm	494
ENSP00000329357	SP1	48	TGSSSSTGGGG		hprd;pelm	494
ENSP00000329357	SP1	43	ARSSSTGSSSS		hprd;pelm	494
ENSP00000261769	CDH1	851	SSLNSSESDKD	CSNK2A1	hprd;pelm	816
ENSP00000257430	APC	2398	RSESASKGLNQ		hprd;pelm	985
ENSP00000257430	APC	2469	SLSPSSRPASP		hprd;pelm	985
ENSP00000257430	APC	2143	LKSGISLGSPF		hprd;pelm	985
ENSP00000300161	YWHAB	132	YFRYLSEVASG	PRKCZ	hprd;pelm	901
ENSP00000263710	CLASP1	1112	RTSPLTSPTNC		pelm	899
ENSP00000263710	CLASP1	1088	NSSNTSVGSPS		hprd;pelm	899
ENSP00000346566	CKAP5	829	ISKHSTSGTDE		hprd;pelm	899
ENSP00000222584	SP4	138	GSASPTKTKSG		hprd;pelm	450
ENSP00000317156	CEP192	1155	VISSGSKPLSP		pelm	899
ENSP00000262320	AXIN1	213	LEYTRTGSESP		hprd;pelm	997
ENSP00000005340	DVL2	227	SSTEQSSASRL		hprd;pelm	501
ENSP00000310301	SP3	566	QLSGDSTLNTN		hprd;pelm	450
ENSP00000248975	YWHAH	219	DSYKDSTLIMQ		hprd	959
ENSP00000238081	YWHAQ	214	DSYKDSTLIMQ		hprd	899
ENSP00000238081	YWHAQ	95	LRSICTTVLEL		hprd	899
ENSP00000238081	YWHAQ	110	LIANATNPESK		hprd	899
ENSP00000354586	GLI2	239	SISPLSDASLD		hprd	904
ENSP00000257430	APC	2266	PSEGQTATTSP		hprd	985
ENSP00000257430	APC	1044	GRQSPSQNERW		hprd	985
ENSP00000257430	APC	2531	HDIARSHSESP		hprd	985
ENSP00000257430	APC	2537	HSESPSRLPIN		hprd	985
ENSP00000367207	MYC	365	PRSSDTEENVK		hprd	487
ENSP00000348965	DYNC1H1	866	VRSLETCMYDH		hprd	899
ENSP00000348965	DYNC1H1	873	MYDHKTFSEIL		hprd	899
ENSP00000348965	DYNC1H1	1624	LERERSSFPRF		hprd	899
ENSP00000309503	YWHAZ	210	TLSEESYKDST		hprd	899
ENSP00000309503	YWHAZ	205	IAELDTLSEES		hprd	899
ENSP00000361066	NCOA3	863	LDSPVSVGSSP		hprd	672
ENSP00000361066	NCOA3	866	PVSVGSSPPVK		hprd	672
ENSP00000005340	DVL2	222	MSRFSSSTEQS		hprd	501
ENSP00000005340	DVL2	230	EQSSASRLLKR		hprd	501
ENSP00000363559	EIF6	234	PSTIATSMRDS	PRKCB	hprd	459
ENSP00000254657	PER2	671	LTSQCSYSSTI	CSNK1E	hprd	993
ENSP00000254657	PER2	674	QCSYSSTIVHV	CSNK1E	hprd	993
ENSP00000262320	AXIN1	614	AESGKSASTEV	GSK3B	hprd	997
ENSP00000230340	BYSL	86	APRERTTRLGP		hprd	440
ENSP00000230340	BYSL	160	LTEKQTEVETV		hprd	440
ENSP00000348573	AKAP9	718	KSEEMTLQINE		hprd	959
ENSP00000348573	AKAP9	257	RNSTHSSTAAD		hprd	959
ENSP00000348573	AKAP9	255	TLRNSTHSSTA		hprd	959
ENSP00000302625	AXIN2	640	HSAQSTKKAYP		hprd	956
ENSP00000302625	AXIN2	630	ESERQSKPKPH		hprd	956
ENSP00000302625	AXIN2	639	PHSAQSTKKAY		hprd	956
ENSP00000355966	NEK2	299	EKSQDSSPVLS		hprd	910
ENSP00000264335	YWHAE	38	MDVELTVEERN		hprd	899
ENSP00000264335	YWHAE	217	ESYKDSTLIMQ		hprd	899
ENSP00000352572	PCNT	259	LSNMHTAQLEL		hprd	899
ENSP00000352572	PCNT	3063	ALSTVTQEKLE		hprd	899
ENSP00000212015	SIRT1	554	SSVIVTLLDQA		hprd	539
ENSP00000355031	PER3	625	MLSLGSGISQC	CSNK1E	hprd	981
ENSP00000355031	PER3	628	LGSGISQCGYS	CSNK1E	hprd	981
ENSP00000263710	CLASP1	562	SSSQESLNRPL		hprd	899
ENSP00000263710	CLASP1	556	QSDRSSSSSQE		hprd	899
ENSP00000291281	PRKD2	353	GVIPGSHSENA		hprd	620
ENSP00000408910	DCTN2	84	GKTKRTGYESG		hprd	900
ENSP00000343818	CDK5RAP2	1488	SLSRKTVSLEH		hprd	899
ENSP00000343818	CDK5RAP2	466	YKSLLSESNKK		hprd	899
ENSP00000371308	CENPJ	863	RSPPTSELMMK		hprd	899
ENSP00000371308	CENPJ	785	PSRSSSLSLSK		hprd	899
ENSP00000283109	RIOK2	492	SGSAVSCSTIP		hprd	437
ENSP00000283109	RIOK2	495	AVSCSTIPPEL		hprd	437
ENSP00000234626	CDC7	512	QYSGNSFKKGD		hprd	422
ENSP00000355812	FGFR1OP	282	AGSLASLSDAP		hprd	899
ENSP00000356548	LTV1	247	EYSMTSSVMRR		hprd	422
ENSP00000345892	NDE1	195	RTPMPSSVEAE		hprd	899
