name	CSNK2A2
id	ENSP00000262506
type	Serine/threonine kinase
proline+1_removed	Yes
npartners	135
npartners_with_sites	122
nsites	169
//
motif	score	fg_matches	fg_size	bg_matches	bg_size	fold_increase
.S...[ST]D.E..	629.01	11	1415	0	9383	Inf
.....[ST].DE..	319.2	35	1344	28	9321	8.67
.....[ST].EE..	318.69	60	1404	62	9383	6.47
....D[ST]...D.	23.01	20	1309	12	9293	11.83
.....[ST]..EE.	21.79	38	1289	47	9281	5.82
//
prot_id	prot_name	position	flank	kinase	source	string_score
ENSP00000340691	EIF4EBP1	85	GVTSPSSDEPP		hprd;pelm;psite	621
ENSP00000363868	ABCA1	1242	YGISETTLEEI	CSNK2A1	pelm;psite	621
ENSP00000363868	ABCA1	1243	GISETTLEEIF	CSNK2A1	pelm;psite	621
ENSP00000359478	ABCC2	878	TVHDGSEEEDD		hprd;pelm;psite	434
ENSP00000285238	ABCC3	912	LSALSSDGEGQ		psite	434
ENSP00000344789	ACACA	66	VSEDNSEDEIS	CSNK2A1	hprd;pelm;psite	621
ENSP00000344789	ACACA	647	MNRIDTGWLDR		psite	621
ENSP00000372654	AQP4	180	FASCDSKRTDV	PRKCA	psite	733
ENSP00000262053	ATF1	36	QVSSLSESEES	CSNK1A1;CSNK2A1	hprd;pelm;psite	619
ENSP00000264110	ATF2	121	TPIIRSKIEEP	PRKCA;PRKCB	psite	695
ENSP00000264110	ATF2	305	SGLVRTQSEES		psite	695
ENSP00000349467	CALM1	80	RKMKDTDSEEE	CSNK2A1	pelm;psite	627
ENSP00000349467	CALM1	82	MKDTDSEEEIR		psite	627
ENSP00000349467	CALM1	118	LGEKLTDEEVD		psite	627
ENSP00000261448	CASQ2	385	DDDDNSDEEDN	CSNK2A1	hprd;psite	621
ENSP00000261448	CASQ2	393	EDNDDSDDDDD	CSNK2A1	psite	621
ENSP00000256897	CCNH	307	YVSKKSKHEEE		hprd;psite	511
ENSP00000356346	PTPRC	1007	SSDDDSDSEEP	CSNK2A1	hprd;pelm;psite	919
ENSP00000222005	CDC37	13	DHIEVSDDEDE	CSNK2A1;CSNK2A2	hprd;pelm;psite	743
ENSP00000222005	CDC37	118	PWNVDTLSKDG		psite	743
ENSP00000222005	CDC37	300	VEVYESLPEEL		psite	743
ENSP00000222005	CDC37	370	EAVPKTGDEKD		psite	743
ENSP00000395546	CSNK2B	21	ADVKMSSSEEV	CSNK2A1;CSNK2A2	psite	982
ENSP00000410942	CSNK2B	21	ADVKMSSSEEV	CSNK2A1;CSNK2A2	psite	527
ENSP00000415615	CSNK2B	21	ADVKMSSSEEV	CSNK2A1;CSNK2A2	psite	996
ENSP00000395546	CSNK2B	22	DVKMSSSEEVS	CSNK2A1;CSNK2A2	psite	982
ENSP00000410942	CSNK2B	22	DVKMSSSEEVS	CSNK2A1;CSNK2A2	psite	527
ENSP00000415615	CSNK2B	22	DVKMSSSEEVS	CSNK2A1;CSNK2A2	psite	996
ENSP00000246891	CSN1S1	41	PIPLESREEYM		hprd;pelm;psite	758
ENSP00000246891	CSN1S1	89	ESSISSSSEEM		hprd;psite	758
ENSP00000246891	CSN1S1	90	SSISSSSEEMS		hprd;pelm;psite	758
ENSP00000344456	CTNNB1	102	AMFPETLDEGM	CSNK2A1;CSNK2A2	hprd;pelm;psite	824
ENSP00000254079	PPP1R1B	45	RLSEHSSPEEE	CSNK2A1	hprd;psite	621
ENSP00000254079	PPP1R1B	102	NENQASEEEDE	CSNK2A1	hprd;psite	621
ENSP00000313420	PRKDC	875	LLTVTSSDEMM		psite	742
ENSP00000313420	PRKDC	2116	QGEEDSVPRDL		hprd;psite	742
ENSP00000313420	PRKDC	3820	LLNTMSQEEKA		psite	742
ENSP00000005340	DVL2	211	TSLGDSDEEDT		hprd;psite	851
ENSP00000316054	DVL3	192	TSFFDSDEDDS		hprd;pelm;psite	859
ENSP00000236957	EEF1B2	95	SGATDSKDDDD		hprd;pelm;psite	699
ENSP00000236957	EEF1B2	106	IDLFGSDDEEE	CSNK2A1	hprd;pelm;psite	699
ENSP00000273783	EIF2B5	535	EQSMDSEEPDS	GSK3B	hprd;pelm;psite	621
ENSP00000299543	CTDP1	474	SSSSASDGESE		psite	671
ENSP00000299543	CTDP1	575	ESLDQSMEEEE	CSNK2A1	hprd;pelm;psite	671
ENSP00000299543	CTDP1	584	EEEEDTDEDDH	CSNK2A1	psite	671
ENSP00000216330	FKBP3	98	DKPKETKSEET		psite	621
ENSP00000341344	GGA1	270	RLASDTEDNDE		psite	802
ENSP00000311962	GGA2	233	VSKRVSAVEEV		psite	407
ENSP00000311962	GGA2	286	RLASDTTDDDD		psite	407
ENSP00000245541	GGA3	217	TKRLHTLEEVN		psite	779
ENSP00000299767	HSP90B1	44	REGSRTDDEVV		psite	621
ENSP00000299767	HSP90B1	306	EEKEESDDEAA		hprd;psite	621
ENSP00000299767	HSP90B1	786	EMDVGTDEEEE		hprd;pelm;psite	621
ENSP00000362649	HDAC1	393	AIPEESGDEDE		hprd;pelm;psite	654
ENSP00000362649	HDAC1	421	CEEEFSDSEEE	CSNK2A1	hprd;pelm;psite	654
ENSP00000362649	HDAC1	423	EEFSDSEEEGE	CSNK2A1	hprd;pelm;psite	654
ENSP00000362649	HDAC1	445	AKRVKTEDEKE		psite	654
ENSP00000381331	HDAC2	488	AVHEDSGDEDG	CSNK2A1	hprd;pelm;psite	652
ENSP00000381331	HDAC2	518	EEFSDSEDEGE	CSNK2A1	hprd;pelm;psite	652
ENSP00000334061	HDAC6	458	DNVEESEEEGP		psite	621
ENSP00000272937	HES6	183	GDDLCSDLEEA	CSNK2A1	hprd;psite	558
ENSP00000308227	HMGA1	102	GISQESSEEEQ	CSNK2A1	hprd;pelm;psite	621
ENSP00000319690	HNRNPC	233	MKNDKSEEEQS		hprd;pelm;psite	621
ENSP00000319690	HNRNPC	260	GGADDSAEEGD	CSNK1A1;CSNK2A1	hprd;pelm;psite	621
ENSP00000335153	HSP90AA1	353	RDKEVSDDEAE	CSNK2A1	hprd;pelm;psite	622
ENSP00000335153	HSP90AA1	385	IEDVGSDEEEE	CSNK2A1	hprd;pelm;psite	622
ENSP00000335153	HSP90AA1	848	GDDDTSRMEEV		hprd;pelm;psite	622
ENSP00000302935	IL16	743	LQPNASLNEEE	CSNK2A1	hprd;psite	621
ENSP00000302935	IL16	947	LRLLSTQAEES		psite	621
ENSP00000320821	KIF1C	674	RLYADSDSGDD		hprd;pelm;psite	619
ENSP00000314620	MS4A1	231	NIVLLSAEEKK	CSNK2A1	hprd;pelm;psite	621
ENSP00000367207	MYC	265	PPTTSSDSEEE	CSNK2A1	psite	673
ENSP00000367207	MYC	267	TTSSDSEEEQE	CSNK2A1	psite	673
ENSP00000367207	MYC	363	TSPRSSDTEEN	CSNK2A1	hprd;psite	673
ENSP00000379616	MYH11	1546	KRALETQMEEM		psite	469
ENSP00000379616	MYH11	1553	MEEMKTQLEEL		psite	469
ENSP00000379616	MYH11	1674	EDARASRDEIF		psite	469
ENSP00000379616	MYH11	1961	ENADGSEEETD		hprd;psite	469
ENSP00000216181	MYH9	1382	VGCLETAEEVK		psite	479
ENSP00000216181	MYH9	1943	GAGDGSDEEVD	CSNK2A1	hprd;pelm;psite	479
ENSP00000281043	MYCN	263	DTLSDSDDEDD	CSNK2A1	hprd;pelm;psite	621
ENSP00000369915	NAP1L4	125	ESEWHSENEEE		hprd;pelm;psite	619
ENSP00000369915	NAP1L4	304	SGDGESLDEDS		psite	619
ENSP00000359074	L1CAM	1181	YRSLESDNEEK	CSNK2A1	hprd;pelm;psite	899
ENSP00000318195	NCL	28	EVEEDSEDEEM		hprd;pelm;psite	747
ENSP00000318195	NCL	34	EDEEMSEDEED		hprd;pelm;psite	747
ENSP00000318195	NCL	41	DEEDDSSGEEV		hprd;pelm;psite	747
ENSP00000318195	NCL	42	EEDDSSGEEVV		hprd;pelm;psite	747
ENSP00000318195	NCL	145	AKKEDSDEEED		hprd;pelm;psite	747
ENSP00000318195	NCL	184	AAAPASEDEDD		hprd;pelm;psite	747
ENSP00000318195	NCL	206	DEEDDSEEEAM		hprd;pelm;psite	747
ENSP00000318195	NCL	405	LPYKVTQDELK		hprd;psite	747
ENSP00000384273	RELA	529	PNGLLSGDEDF	CSNK2A1	pelm;psite	669
ENSP00000347379	OCLN	408	TTGGESCDELE	CSNK2B	hprd;pelm;psite	800
ENSP00000378517	SPP1	26	QADSGSSEEKQ		psite	619
ENSP00000378517	SPP1	62	PQNAVSSEETN		hprd;psite	619
ENSP00000378517	SPP1	105	QDSIDSNDSDD		psite	619
ENSP00000378517	SPP1	108	IDSNDSDDVDD		psite	619
ENSP00000378517	SPP1	117	DDTDDSHQSDE		psite	619
ENSP00000378517	SPP1	219	PSDWDSRGKDS		hprd;psite	619
ENSP00000378517	SPP1	291	VVDPKSKEEDK		psite	619
ENSP00000229794	MAPK14	175	GLARHTDDEMT		hprd;psite	638
ENSP00000269305	TP53	284	GRDRRTEEENL	AURKB	psite	448
ENSP00000316454	PACS1	278	DIDNYSEEEEE	CSNK2A1	hprd;pelm;psite	585
ENSP00000278568	PAK1	174	AVPPVSEDEDD	CDK19	hprd;psite	619
ENSP00000265073	SUB1	17	SSGSDSDSEVD	CSNK2A1	hprd;pelm;psite	465
ENSP00000357484	GOPC	376	APEVDSDDENV		psite	569
ENSP00000237596	PKD2	812	RSLDDSEEDDD	CSNK2A1	hprd;pelm;psite	611
ENSP00000328178	PPP1R2	121	IQEQESSGEED	CSNK2A1	hprd;pelm;psite	621
ENSP00000328178	PPP1R2	122	QEQESSGEEDS	CSNK2A1	hprd;pelm;psite	621
ENSP00000361021	PTEN	382	YRYSDTTDSDP	CSNK2A1;PRKCZ;STK11	hprd;pelm;psite	766
ENSP00000355899	RRP15	11	PDSRVSEEENL		hprd;psite	773
ENSP00000368572	SAT1	149	GASDLSSEEGW	CSNK2A1	hprd;pelm;psite	621
ENSP00000212015	SIRT1	162	FHSCESDEEDR		psite	757
ENSP00000216297	SUPT16H	982	KESLGSEEESG		hprd;pelm;psite	401
ENSP00000216297	SUPT16H	1004	KADRESRYEEE		psite	401
ENSP00000278412	SSRP1	278	LILLFSKDEDI		hprd;psite	407
ENSP00000278412	SSRP1	437	EGMNPSYDEYA		hprd;pelm;psite	407
ENSP00000278412	SSRP1	667	SKEFVSSDESS		hprd;pelm;psite	407
ENSP00000278412	SSRP1	688	RRSEDSEEEEL	CSNK2A1	hprd;pelm;psite	407
ENSP00000222812	STX1A	14	RTAKDSDDDDD	CSNK2A1	hprd;pelm;psite	663
ENSP00000358404	TCF7L2	82	DKSRESLEEAA		psite	621
ENSP00000406888	TCOF1	87	ISTSESSEEEE		hprd;pelm;psite	622
ENSP00000406888	TCOF1	88	STSESSEEEEE		hprd;pelm;psite	622
ENSP00000406888	TCOF1	171	NTTLVSETEEE		hprd;pelm;psite	622
ENSP00000406888	TCOF1	173	TLVSETEEEGS		hprd;psite	622
ENSP00000406888	TCOF1	272	EEESESSEEGS		psite	622
ENSP00000406888	TCOF1	277	SSEEGSESEEE		psite	622
ENSP00000406888	TCOF1	279	EEGSESEEEAP		psite	622
ENSP00000406888	TCOF1	477	EEDSRSSSEES		hprd;pelm;psite	622
ENSP00000406888	TCOF1	478	EDSRSSSEESD		hprd;pelm;psite	622
ENSP00000406888	TCOF1	610	MDNSESSEESS		hprd;pelm;psite	622
ENSP00000406888	TCOF1	699	SSSEESDSEEE		hprd;psite	622
ENSP00000406888	TCOF1	701	SEESDSEEEKT		hprd;psite	622
ENSP00000406888	TCOF1	764	QEDSESSEEES		hprd;pelm;psite	622
ENSP00000406888	TCOF1	765	EDSESSEEESD		hprd;pelm;psite	622
ENSP00000406888	TCOF1	769	SSEEESDSEEA		hprd;pelm;psite	622
ENSP00000406888	TCOF1	870	EEDSGSSEEES		hprd;pelm;psite	622
ENSP00000406888	TCOF1	871	EDSGSSEEESD		hprd;pelm;psite	622
ENSP00000406888	TCOF1	875	SSEEESDSEEE		hprd;pelm;psite	622
ENSP00000406888	TCOF1	877	EEESDSEEEAE		hprd;pelm;psite	622
ENSP00000406888	TCOF1	934	QDDSGSSSEES		hprd;pelm;psite	622
ENSP00000406888	TCOF1	935	DDSGSSSEESD		hprd;pelm;psite	622
ENSP00000406888	TCOF1	1001	SSSSESEDEDV		hprd;pelm;psite	622
ENSP00000406888	TCOF1	1144	PSRTETLVEET		hprd;pelm;psite	622
ENSP00000263228	UBE2R2	233	YDDDDSGNEES	CSNK2A1	hprd;pelm;psite	782
ENSP00000365891	WAS	483	SRAIHSSDEGE	CSNK2A1	hprd;pelm;psite	619
ENSP00000262887	XRCC1	408	MAGPGSSSEED		hprd;pelm;psite	744
ENSP00000262887	XRCC1	409	AGPGSSSEEDE		hprd;pelm;psite	744
ENSP00000262887	XRCC1	421	SHSGGSGDEAP		hprd;pelm;psite	744
ENSP00000262887	XRCC1	488	EDSGDTEDELR	CSNK2A1;CSNK2A2	hprd;pelm;psite	744
ENSP00000262887	XRCC1	518	DPYAGSTDENT	CSNK2A1;CSNK2A2	hprd;pelm;psite	744
ENSP00000262887	XRCC1	523	STDENTDSEEH	CSNK2A1;CSNK2A2	hprd;pelm;psite	744
ENSP00000270632	SPIB	129	PSPVLSEEEDL	CSNK2A1	hprd;pelm	621
ENSP00000384597	GTF2A1L	356	GSGDTSSNEEI	CSNK2A1	hprd;pelm	727
ENSP00000384597	GTF2A1L	357	SGDTSSNEEIG	CSNK2A1	hprd;pelm	727
ENSP00000265372	CREM	110	IEEERSEEEGT		hprd	619
ENSP00000318195	NCL	496	SNLSYSATEET		hprd	747
ENSP00000406888	TCOF1	694	PAEDSSSSEES		hprd	622
ENSP00000406888	TCOF1	695	AEDSSSSEESD		hprd	622
ENSP00000406888	TCOF1	862	AAQAQTGPEED		hprd	622
ENSP00000406888	TCOF1	198	AGQADSSSEDT		hprd	622
ENSP00000406888	TCOF1	206	EDTSSSSDETD		hprd	622
ENSP00000406888	TCOF1	210	SSSDETDVEGK		hprd	622
ENSP00000406888	TCOF1	412	EEDSQSSSEES		hprd	622
ENSP00000406888	TCOF1	413	EDSQSSSEESD		hprd	622
ENSP00000406888	TCOF1	417	SSSEESDSEEE		hprd	622
ENSP00000406888	TCOF1	419	SEESDSEEEAP		hprd	622
ENSP00000406888	TCOF1	556	ESSDSSDGEVP		hprd	622
