name	DAPK1
id	ENSP00000350785
type	Serine/threonine kinase
proline+1_removed	Yes
npartners	69
npartners_with_sites	63
nsites	129
//
motif	score	fg_matches	fg_size	bg_matches	bg_size	fold_increase
..R..[ST].....	14	67	450	483	9383	2.89
.....[ST]..E..	6.16	52	383	585	8900	2.07
//
prot_id	prot_name	position	flank	kinase	source	string_score
ENSP00000300161	YWHAB	60	GARRSSWRVIS	PRKCD	hprd;pelm;psite	619
ENSP00000238081	YWHAQ	232	LWTSDSAGEEC	BCR;CSNK1A1	hprd;pelm;psite	619
ENSP00000343477	RUNX3	163	SGRGKSFTLTI	PIM1	psite	429
ENSP00000355231	BECN1	38	ILDRVTIQELT		hprd;psite	970
ENSP00000355231	BECN1	57	AKPGETQEEET		hprd;psite	970
ENSP00000355231	BECN1	64	EEETNSGEEPF		hprd;psite	970
ENSP00000355231	BECN1	90	PARMMSTESAN		psite	970
ENSP00000355231	BECN1	234	YQREYSEFKRQ		psite	970
ENSP00000355231	BECN1	295	LGRLPSVPVEW		psite	970
ENSP00000350283	BRCA1	454	SKSVESNIEDK		psite	425
ENSP00000350283	BRCA1	509	RKRRPTSGLHP	AKT1	hprd;pelm;psite	425
ENSP00000350283	BRCA1	510	KRRPTSGLHPE		psite	425
ENSP00000350283	BRCA1	551	MNITNSGHENK		psite	425
ENSP00000350283	BRCA1	615	RLRRKSSTRHI		psite	425
ENSP00000350283	BRCA1	616	LRRKSSTRHIH		psite	425
ENSP00000350283	BRCA1	694	SKRHDSDTFPE	AKT1	hprd;psite	425
ENSP00000350283	BRCA1	1211	AKKLESSEENL		hprd;pelm;psite	425
ENSP00000350283	BRCA1	1218	EENLSSEDEEL		hprd;pelm;psite	425
ENSP00000350283	BRCA1	1328	QMRHQSESQGV		hprd;psite	425
ENSP00000350283	BRCA1	1336	QGVGLSDKELV		hprd;pelm;psite	425
ENSP00000350283	BRCA1	1342	DKELVSDDEER		hprd;pelm;psite	425
ENSP00000350283	BRCA1	1524	NRNYPSQEELI	ATM;ATR	hprd;pelm;psite	425
ENSP00000296452	BSN	933	LRRFKTIELNS		psite	400
ENSP00000296452	BSN	1040	PTIEDSSEEEE		psite	400
ENSP00000296452	BSN	1041	TIEDSSEEEEL		psite	400
ENSP00000296452	BSN	1069	QQRIRSTARKT		psite	400
ENSP00000296452	BSN	2587	DSSVQTDDEDG		psite	400
ENSP00000296452	BSN	2851	LQRSLSDPKPL		psite	400
ENSP00000305422	CEBPB	325	LSRELSTLRNL	CAMK2A	hprd;pelm;psite	902
ENSP00000272298	CALM2	29	GDGTITTKELG		psite	955
ENSP00000291295	CALM3	29	GDGTITTKELG		psite	580
ENSP00000349467	CALM1	29	GDGTITTKELG		psite	579
ENSP00000272298	CALM2	80	RKMKDTDSEEE	CSNK2A1	pelm;psite	955
ENSP00000291295	CALM3	80	RKMKDTDSEEE	CSNK2A1	pelm;psite	580
ENSP00000349467	CALM1	80	RKMKDTDSEEE	CSNK2A1	pelm;psite	579
ENSP00000272298	CALM2	82	MKDTDSEEEIR		psite	955
ENSP00000291295	CALM3	82	MKDTDSEEEIR		psite	580
ENSP00000349467	CALM1	82	MKDTDSEEEIR		psite	579
ENSP00000272298	CALM2	102	GNGYISAAELR		hprd;pelm;psite	955
ENSP00000291295	CALM3	102	GNGYISAAELR		hprd;pelm;psite	580
ENSP00000349467	CALM1	102	GNGYISAAELR		hprd;pelm;psite	579
ENSP00000272298	CALM2	118	LGEKLTDEEVD		psite	955
ENSP00000291295	CALM3	118	LGEKLTDEEVD		psite	580
ENSP00000349467	CALM1	118	LGEKLTDEEVD		psite	579
ENSP00000300213	CCNDBP1	122	LVRGATLDIVD		psite	619
ENSP00000261769	CDH1	838	FDYEGSGSEAA	CSNK2A1	hprd;psite	515
ENSP00000264414	CUL3	442	ARRLLTNKSVS		psite	619
ENSP00000264414	CUL3	478	MFRDMSISNTT		psite	619
ENSP00000264414	CUL3	483	SISNTTMDEFR		psite	619
ENSP00000352516	DNMT1	182	STRQTTITSHF		psite	417
ENSP00000352516	DNMT1	205	SERAKSDESIK		psite	417
ENSP00000352516	DNMT1	224	KRRRVTSRERV		hprd;psite	417
ENSP00000352516	DNMT1	225	RRRVTSRERVA		hprd;psite	417
ENSP00000352516	DNMT1	410	FDANESGFESY		hprd;pelm;psite	417
ENSP00000328547	DNMT3B	52	RGRRSSSRLSK		psite	462
ENSP00000328547	DNMT3B	53	GRRSSSRLSKR		psite	462
ENSP00000328547	DNMT3B	56	SSSRLSKREVS		psite	462
ENSP00000328547	DNMT3B	96	FRETRTRSESP		psite	462
ENSP00000328547	DNMT3B	98	ETRTRSESPAV		psite	462
ENSP00000328547	DNMT3B	112	NNNSVSSRERH		psite	462
ENSP00000328547	DNMT3B	383	KTRRRTADDSA		hprd;psite	462
ENSP00000301838	FADD	41	LERVQSGLDLF		hprd;psite	744
ENSP00000301838	FADD	203	WNSDASTSEAS	AURKA	psite	744
ENSP00000381607	GSTP1	110	ISLIYTNYEAG		psite	611
ENSP00000216218	ST13	75	KADEPSSEESD		hprd;pelm;psite	621
ENSP00000216218	ST13	79	PSSEESDLEID		hprd;pelm;psite	621
ENSP00000335153	HSP90AA1	185	KIRYESLTDPS		psite	619
ENSP00000335153	HSP90AA1	194	PSKLDSGKELH		psite	619
ENSP00000335153	HSP90AA1	212	QDRTLTIVDTG	PRKACA	hprd;psite	619
ENSP00000335153	HSP90AA1	353	RDKEVSDDEAE	CSNK2A1	hprd;pelm;psite	619
ENSP00000335153	HSP90AA1	385	IEDVGSDEEEE	CSNK2A1	hprd;pelm;psite	619
ENSP00000335153	HSP90AA1	688	QEEKKTKFENL		psite	619
ENSP00000335153	HSP90AA1	745	ALRDNSTMGYM		psite	619
ENSP00000335153	HSP90AA1	763	INPDHSIIETL		hprd;psite	619
ENSP00000335153	HSP90AA1	848	GDDDTSRMEEV		hprd;pelm;psite	619
ENSP00000358622	IKBKG	153	LHFQASQREEK	ATM;IKBKB	pelm;psite	429
ENSP00000247986	KIF17	460	NLRKETEAVLQ		psite	427
ENSP00000344668	KRIT1	276	WQRSMSSVTED		psite	619
ENSP00000231790	MLH1	477	RHREDSDVEMV		hprd;pelm;psite	647
ENSP00000360616	GRIN1	896	FKRRRSSKDTS		hprd;pelm;psite	592
ENSP00000360616	GRIN1	897	KRRRSSKDTST		hprd;pelm;psite	592
ENSP00000279593	GRIN2B	1303	LRRQHSYDTFV	CAMK2A;PRKCA	hprd;pelm;psite	588
ENSP00000279593	GRIN2B	1323	APRSVSLKDKG	PRKCA	hprd;pelm;psite	588
ENSP00000354681	OPA1	381	ALFKDSSREFD		psite	430
ENSP00000354681	OPA1	388	REFDLTKEEDL		psite	430
ENSP00000269305	TP53	284	GRDRRTEEENL	AURKB	psite	769
ENSP00000269305	TP53	366	GSRAHSSHLKS	CHEK2	hprd;psite	769
ENSP00000306100	PAM	944	FDRLSTEGSDQ		hprd;psite	569
ENSP00000306100	PAM	947	LSTEGSDQEKE	UHMK1	hprd;pelm;psite	569
ENSP00000306100	PAM	958	DDGSESEEEYS		hprd;pelm;psite	569
ENSP00000247970	PIN1	71	QSRRPSSWRQE		psite	803
ENSP00000247970	PIN1	72	SRRPSSWRQEK		psite	803
ENSP00000370113	PPP2R2A	378	TKRDITLEASR		hprd;psite	621
ENSP00000317836	PRR15	24	NSRKKSKEAAV		psite	649
ENSP00000349547	RASSF1	135	ETPDLSQAEIE	ATM	psite	752
ENSP00000349547	RASSF1	206	SVRRRTSFYLP	AURKA	hprd;psite	752
ENSP00000349547	RASSF1	207	VRRRTSFYLPK	AURKA;AURKB;CDK4;PRKACA	psite	752
ENSP00000349547	RASSF1	179	LVRPVSVPSSK	GSK3B	psite	752
ENSP00000349547	RASSF1	201	PGRGTSVRRRT		psite	752
ENSP00000162749	TNFRSF1A	381	RRLGLSDHEID		psite	679
ENSP00000162749	TNFRSF1A	417	PRREATLELLG		psite	679
ENSP00000341268	TRADD	215	VNRPLSLKDQQ		psite	621
ENSP00000341268	TRADD	296	ENELTSLAEDL		psite	621
ENSP00000298552	TSC1	487	ISRELSEITTA		psite	646
ENSP00000298552	TSC1	1046	SSSELSTPEKP		psite	646
ENSP00000298552	TSC1	1100	LFRNKSESQCD		psite	646
ENSP00000219476	TSC2	937	SFRARSTSLNE		psite	644
ENSP00000219476	TSC2	939	RARSTSLNERP	AKT1	hprd;pelm;psite	644
ENSP00000219476	TSC2	946	NERPKSLRIAR		psite	644
ENSP00000219476	TSC2	981	RCRSISVSEHV	AKT1	hprd;pelm;psite	644
ENSP00000219476	TSC2	1130	RDRVRSMSGGH		hprd;psite	644
ENSP00000219476	TSC2	1132	RVRSMSGGHGL		hprd;pelm;psite	644
ENSP00000219476	TSC2	1338	YSRSSSVSSQE		hprd;pelm;psite	644
ENSP00000219476	TSC2	1340	RSSSVSSQEEK		psite	644
ENSP00000219476	TSC2	1341	SSSVSSQEEKS		hprd;pelm;psite	644
ENSP00000219476	TSC2	1364	IERVVSSEGGR		hprd;psite	644
ENSP00000219476	TSC2	1387	LSKSSSSPELQ		hprd;pelm;psite	644
ENSP00000219476	TSC2	1420	KARSQSGTLDG		hprd;pelm;psite	644
ENSP00000219476	TSC2	1454	SPRSPSGLRPR		psite	644
ENSP00000219476	TSC2	1462	RPRGYTISDSA	AKT1	hprd;pelm;psite	644
ENSP00000219476	TSC2	1798	RKRLISSVEDF	RPS6KA1	hprd;pelm;psite	644
ENSP00000344818	UBC	57	DGRTLSDYNIQ		hprd;psite	857
ENSP00000300161	YWHAB	132	YFRYLSEVASG	PRKCZ	hprd;pelm	619
ENSP00000306100	PAM	956	KEDDGSESEEE		hprd;pelm	569
ENSP00000350283	BRCA1	1164	IKEDTSFAEND		hprd	425
ENSP00000332549	GRIN2A	1291	ISRQHSYDNIV	CAMK2A	hprd	422
ENSP00000238081	YWHAQ	110	LIANATNPESK		hprd	619
ENSP00000311344	PPP2R1B	59	LGVERTRSELL		hprd	640
ENSP00000296452	BSN	143	SGRSPSVSPDR		hprd	400
