name	DMPK
id	ENSP00000345997
type	Serine/threonine kinase
proline+1_removed	Yes
npartners	38
npartners_with_sites	28
nsites	43
//
motif	score	fg_matches	fg_size	bg_matches	bg_size	fold_increase
..RR.[ST].....	18.04	11	246	18	9383	23.31
..R..[ST].....	6.56	32	235	465	9365	2.74
//
prot_id	prot_name	position	flank	kinase	source	string_score
ENSP00000355537	ACTN2	595	NIRISSSNPYS		psite	424
ENSP00000244769	ATXN1	775	RKRRWSAPESR	AKT1;PRKACA	hprd;pelm;psite	579
ENSP00000351409	CELF1	28	VPRTWSEKDLR	AKT1	psite	841
ENSP00000351409	CELF1	52	VLRDRSQNPPQ		psite	841
ENSP00000339867	CLCN1	891	SFRNTTSTRKS		psite	477
ENSP00000282561	GJA1	296	GDRNNSSCRNY		psite	408
ENSP00000282561	GJA1	365	DQRPSSRASSR		hprd;psite	408
ENSP00000282561	GJA1	369	SSRASSRASSR		hprd;psite	408
ENSP00000282561	GJA1	373	SSRASSRPRPD		hprd;psite	408
ENSP00000270223	DMWD	461	LARTRTLPGTP		psite	561
ENSP00000270223	DMWD	495	LSRSNSLPHPA		psite	561
ENSP00000270223	DMWD	525	IGRFATLTLQE		psite	561
ENSP00000270223	DMWD	545	HKRYHSLGNIS		hprd;pelm;psite	561
ENSP00000355296	LDB3	268	WARRSSNLQSR		psite	463
ENSP00000261207	PPP1R12A	472	VTRSASSPRLS	NUAK1	psite	948
ENSP00000261207	PPP1R12A	478	SPRLSSSLDNK		hprd;pelm;psite	948
ENSP00000261207	PPP1R12A	507	PRRLASTSDIE		hprd;pelm;psite	948
ENSP00000261207	PPP1R12A	668	RERRRSYLTPV		hprd;psite	948
ENSP00000261207	PPP1R12A	696	QSRRSTQGVTL	RAF1;ROCK1;ROCK2	hprd;pelm;psite	948
ENSP00000261207	PPP1R12A	716	IGRSRSTRTRE		psite	948
ENSP00000261207	PPP1R12A	802	LNRPNSLVGIT		psite	948
ENSP00000261207	PPP1R12A	853	EKRRSTGVSFW	PRKCQ;ROCK1	hprd;psite	948
ENSP00000261207	PPP1R12A	892	ISRYETSSTSA		psite	948
ENSP00000261207	PPP1R12A	903	GDRYDSLLGRS		psite	948
ENSP00000261207	PPP1R12A	910	LGRSGSYSYLE	NUAK1	hprd;pelm;psite	948
ENSP00000261207	PPP1R12A	995	LERRISEMEEE		psite	948
ENSP00000350132	PLN	16	AIRRASTIEMP	PRKACA	hprd;pelm;psite	932
ENSP00000350132	PLN	17	IRRASTIEMPQ	CAMK2A	hprd;pelm;psite	932
ENSP00000301242	PPP1R14A	12	GKRVLSKLQSP	DAPK3	pelm;psite	447
ENSP00000348461	RAC1	71	RLRPLSYPQTV	AKT1	hprd;psite	629
ENSP00000251849	RAF1	43	YQRRASDDGKL	PRKACA;PRKCA	hprd;pelm;psite	621
ENSP00000251849	RAF1	257	SQRQRSTSTPN		hprd;pelm;psite	621
ENSP00000251849	RAF1	259	RQRSTSTPNVH	AKT1;PRKACA;RAF1	hprd;pelm;psite	621
ENSP00000251849	RAF1	285	AIRSHSESASP		psite	621
ENSP00000251849	RAF1	339	GQRDSSYYWEI	PAK1	hprd;pelm;psite	621
ENSP00000251849	RAF1	357	STRIGSGSFGT		psite	621
ENSP00000251849	RAF1	621	INRSASEPSLH	PRKACA;RAF1	hprd;pelm;psite	621
ENSP00000351342	PTPN5	245	QERRGSNVSLT		psite	424
ENSP00000357292	UBQLN4	139	GSRRSSGGGPS		psite	538
ENSP00000357292	UBQLN4	270	QDRALSNLESI		psite	538
ENSP00000357292	UBQLN4	287	LRRMYTDIQEP		psite	538
ENSP00000355537	ACTN2	495	WDRLGTLTQKR		hprd	424
ENSP00000271348	GJA5	345	DKRRLSKASSK	PRKACA	hprd	425
