name	DYRK1B
id	ENSP00000312789
type	Serine/threonine kinase
proline+1_removed	No
npartners	18
npartners_with_sites	16
nsites	47
//
motif	score	fg_matches	fg_size	bg_matches	bg_size	fold_increase
.....[ST]P....	307.65	46	149	617	10000	5
//
prot_id	prot_name	position	flank	kinase	source	string_score
ENSP00000227507	CCND1	286	VDLACTPTDVR	CHUK;GSK3B	hprd;pelm;psite	849
ENSP00000215832	MAPK1	246	LGILGSPSQED		psite	631
ENSP00000225983	HDAC5	54	GGGGGSPSPVE		psite	658
ENSP00000225983	HDAC5	56	GGGSPSPVELR		psite	658
ENSP00000225983	HDAC5	235	SGPPGTPPSYK		psite	658
ENSP00000225983	HDAC5	280	AERRSSPLLRR	PRKACA	psite	658
ENSP00000225983	HDAC5	672	PGGMKSPPDQP		psite	658
ENSP00000225983	HDAC5	756	LLYGTSPLNRQ		psite	658
ENSP00000225983	HDAC5	1109	AAREHSPRPAE		psite	658
ENSP00000408617	HDAC9	22	GLEPISPLDLR		psite	811
ENSP00000408617	HDAC9	243	AERRSSPLLRR		psite	811
ENSP00000408617	HDAC9	425	PLHPQSPLATK		psite	811
ENSP00000257555	HNF1A	82	DGEDFTPPILK		psite	944
ENSP00000257555	HNF1A	247	IQRGVSPSQAQ		hprd;psite	944
ENSP00000348273	MBP	232	IVTPRTPPPSQ	MAPK1;MAPK3	hprd;pelm;psite	763
ENSP00000382423	MAP3K1	21	GARATSPEAGG		psite	636
ENSP00000382423	MAP3K1	154	PAAEPSPAAAP		psite	636
ENSP00000382423	MAP3K1	232	HLAAESPGEVQ		psite	636
ENSP00000382423	MAP3K1	242	QASAASPASKG		psite	636
ENSP00000382423	MAP3K1	250	SKGRRSPSPGN		psite	636
ENSP00000382423	MAP3K1	252	GRRSPSPGNSP		psite	636
ENSP00000382423	MAP3K1	275	RRKRVSPVPFQ		psite	636
ENSP00000382423	MAP3K1	285	QSGRITPPRRA		psite	636
ENSP00000382423	MAP3K1	292	PRRAPSPDGFS		pelm;psite	636
ENSP00000382423	MAP3K1	297	SPDGFSPYSPE		pelm;psite	636
ENSP00000382423	MAP3K1	300	GFSPYSPEETN		pelm;psite	636
ENSP00000382423	MAP3K1	507	SHELSSPVDSP		pelm;psite	636
ENSP00000382423	MAP3K1	511	SSPVDSPSSLR		pelm;psite	636
ENSP00000382423	MAP3K1	665	AMLVYTPCHSL		psite	636
ENSP00000382423	MAP3K1	1018	RIPSASPQTQR		psite	636
ENSP00000382423	MAP3K1	1043	DSDKLSPVFTQ		psite	636
ENSP00000382423	MAP3K1	1114	DETVFTPVEEK		psite	636
ENSP00000382423	MAP3K1	1157	EVAVLSPEKAE		psite	636
ENSP00000345083	MAP2K3	39	PAPNPTPPRNL		psite	669
ENSP00000244741	CDKN1A	57	DFVTETPLEGD	GSK3B;MAPK1;MAPK14;MAPK8	hprd;pelm;psite	826
ENSP00000244741	CDKN1A	98	RRPGTSPALLQ	MAP3K5	pelm;psite	826
ENSP00000244741	CDKN1A	130	EQAEGSPGGPG	CDK2;CDK6;MAPK1;MAPK14;MAPK8	hprd;pelm;psite	826
ENSP00000228872	CDKN1B	10	RVSNGSPSLER	AKT1;CAMK2A;CDK6;HIPK2;MAPK1;UHMK1	hprd;pelm;psite	851
ENSP00000228872	CDKN1B	178	NVSDGSPNAGS	MAPK1	pelm;psite	851
ENSP00000228872	CDKN1B	187	GSVEQTPKKPG	CDK2;CDK6;MAPK1;MAPK3	hprd;pelm;psite	851
ENSP00000229794	MAPK14	241	LRLVGTPGAEL		psite	631
ENSP00000011619	RANBP9	467	CLGGRSPKSQD		psite	943
ENSP00000011619	RANBP9	477	DSYPVSPRPFS		hprd;pelm;psite	943
ENSP00000011619	RANBP9	483	PRPFSSPSMSP		hprd;pelm;psite	943
ENSP00000011619	RANBP9	487	SSPSMSPSHGM		hprd;pelm;psite	943
ENSP00000348273	MBP	299	DSRSGSPMARR	UHMK1	pelm	763
ENSP00000348273	MBP	229	FKNIVTPRTPP		hprd	763
