name	DYRK4
id	ENSP00000010132
type	Serine/threonine kinase
proline+1_removed	No
npartners	4
npartners_with_sites	3
nsites	19
//
motif	score	fg_matches	fg_size	bg_matches	bg_size	fold_increase
..R..[ST].....	12.18	19	47	519	10000	7.79
//
prot_id	prot_name	position	flank	kinase	source	string_score
ENSP00000386741	CHN1	186	EKRLTSLVRRA		psite	439
ENSP00000386741	CHN1	192	LVRRATLKENE		psite	439
ENSP00000222792	CHN2	171	VSRRLSRSKNE	PRKCD	psite	439
ENSP00000384313	MAST4	96	DGRRWSLASLP		psite	416
ENSP00000384313	MAST4	164	PMRPRSRSLSP		psite	416
ENSP00000384313	MAST4	166	RPRSRSLSPGR		psite	416
ENSP00000384313	MAST4	168	RSRSLSPGRSP		psite	416
ENSP00000384313	MAST4	1181	SGRRKSAGNIP		psite	416
ENSP00000384313	MAST4	1195	LARTPSPTPQP		psite	416
ENSP00000384313	MAST4	1208	PQRSPSPLLGH		psite	416
ENSP00000384313	MAST4	1243	IVRPKSAEPPR		psite	416
ENSP00000384313	MAST4	1278	CSRKHSLEVTQ		psite	416
ENSP00000384313	MAST4	1334	VGRQESVDDLD		psite	416
ENSP00000384313	MAST4	1397	VERSSTFENKA		psite	416
ENSP00000384313	MAST4	1671	SARELSPSSLK		psite	416
ENSP00000384313	MAST4	1808	TCREPSMELCF		psite	416
ENSP00000384313	MAST4	1942	LQRHPSSIPPP		psite	416
ENSP00000384313	MAST4	2253	MKRSPSATGQS		psite	416
ENSP00000384313	MAST4	2363	RDRALSVTATV		psite	416
