name	DYRK1A
id	ENSP00000381932
type	Serine/threonine kinase
proline+1_removed	No
npartners	62
npartners_with_sites	56
nsites	256
//
motif	score	fg_matches	fg_size	bg_matches	bg_size	fold_increase
...S.[ST]RSRS.	1243.96	18	469	0	9383	Inf
R.RS.[ST]....R	642.31	12	451	0	9383	Inf
.SRS.[ST]P....	629.96	10	673	0	10000	Inf
..RS.[ST].S...	324.36	18	439	8	9383	48.09
.....[ST]P....	307.65	194	663	617	10000	4.74
//
prot_id	prot_name	position	flank	kinase	source	string_score
ENSP00000300161	YWHAB	186	YEILNSPEKAC	MAPK8	hprd;pelm;psite	680
ENSP00000344087	AUTS2	941	LARVPSPYVRT		hprd;psite	679
ENSP00000344087	AUTS2	1198	HYPRISPTAGN		psite	679
ENSP00000344087	AUTS2	1211	GLLNKTPPTAA		psite	679
ENSP00000344087	AUTS2	1233	GGRPVSPRRTT		psite	679
ENSP00000344087	AUTS2	1238	SPRRTTPLSAE		psite	679
ENSP00000400401	CADPS2	58	AARSVSPSPSV		hprd;psite	768
ENSP00000400401	CADPS2	60	RSVSPSPSVLS		psite	768
ENSP00000330237	CASP9	125	VLRPETPRPVD	CDK1;MAP2K1;MAPK1;MAPK3	hprd;pelm;psite	828
ENSP00000330237	CASP9	302	EVASTSPEDES		hprd;pelm;psite	828
ENSP00000330237	CASP9	307	SPEDESPGSNP		hprd;pelm;psite	828
ENSP00000227507	CCND1	286	VDLACTPTDVR	CHUK;GSK3B	hprd;pelm;psite	834
ENSP00000383611	CCNL2	330	GTSGFSPAPKL	DYRK1A	hprd;psite	962
ENSP00000383611	CCNL2	338	PKLVESPKEGK	DYRK1A	hprd;psite	962
ENSP00000383611	CCNL2	348	KGSKPSPLSVK		psite	962
ENSP00000383611	CCNL2	369	KAKADSPVNGL	DYRK1A	hprd;pelm;psite	962
ENSP00000383611	CCNL2	423	QSRSRSRSDSP		psite	962
ENSP00000383611	CCNL2	425	RSRSRSDSPPR		psite	962
ENSP00000383611	CCNL2	427	RSRSDSPPRQA		psite	962
ENSP00000269122	CLTC	235	IIEVGTPPTGN		psite	621
ENSP00000269122	CLTC	394	KGILRTPDTIR		hprd;pelm;psite	621
ENSP00000387699	CREB1	271	VVMASSPALPT	HIPK2	psite	757
ENSP00000341947	LIN54	264	QTTQVSPPVIA		hprd;psite	908
ENSP00000341947	LIN54	277	VLSQSTPGTPS		hprd;psite	908
ENSP00000341947	LIN54	280	QSTPGTPSKTI		hprd;psite	908
ENSP00000341947	LIN54	310	NKIAISPLKSP		hprd;psite	908
ENSP00000341947	LIN54	314	ISPLKSPNKAV		hprd;psite	908
ENSP00000341947	LIN54	635	KNFEESPERKT		hprd;psite	908
ENSP00000362014	DNM1	774	PAGRRSPTSSP	CDK5	hprd;pelm;psite	864
ENSP00000362014	DNM1	776	GRRSPTSSPTP		hprd;pelm;psite	864
ENSP00000362014	DNM1	778	RSPTSSPTPQR	CDK5;PRKCA	hprd;pelm;psite	864
ENSP00000362014	DNM1	780	PTSSPTPQRRA	CDK5	hprd;pelm;psite	864
ENSP00000362014	DNM1	822	SRPGASPDPFG		psite	864
ENSP00000362014	DNM1	851	RSGQASPSRPE		psite	864
ENSP00000362014	DNM1	857	PSRPESPRPPF	DYRK1A	pelm;psite	864
ENSP00000368686	E2F4	14	PPPPGTPSRHE		psite	900
ENSP00000368686	E2F4	244	ASRPNSPQLTP		psite	900
ENSP00000368686	E2F4	384	PLLRLSPPPGD		psite	900
ENSP00000398124	E2F5	261	SLTPVTPQKSS		psite	899
ENSP00000368880	FOXO1	24	RPRSCTWPLPR	AKT1	hprd;pelm;psite	931
ENSP00000368880	FOXO1	249	GKSGKSPRRRA	CDK1;CDK2;CDK4	psite	931
ENSP00000368880	FOXO1	287	EGAGDSPGSQF		hprd;pelm;psite	931
ENSP00000368880	FOXO1	298	SKWPASPGSHS		psite	931
ENSP00000368880	FOXO1	329	ISGRLSPIMTE	DYRK1A;NLK	hprd;pelm;psite	931
ENSP00000368880	FOXO1	383	LNLLSSPTSLT		psite	931
ENSP00000368880	FOXO1	394	VSTQSSPGTMM		psite	931
ENSP00000368880	FOXO1	402	TMMQQTPCYSF		psite	931
ENSP00000368880	FOXO1	416	NTSLNSPSPNY		psite	931
ENSP00000368880	FOXO1	418	SLNSPSPNYQK		psite	931
ENSP00000368880	FOXO1	432	GQSSMSPLPQM		hprd;pelm;psite	931
ENSP00000368880	FOXO1	470	LLTSDSPPHND		hprd;pelm;psite	931
ENSP00000334458	GATA4	105	TPPPVSPRFSF		psite	422
ENSP00000334458	GATA4	412	PQGYASPVSQS		psite	422
ENSP00000228682	GLI1	602	RGGGTSPTAAS		psite	676
ENSP00000336747	HIP1	320	PAEASSPDSEP		hprd;psite	824
ENSP00000329102	LIN9	55	SSLQKTPVWKG		psite	906
ENSP00000329102	LIN9	92	QINTRSPKRNQ		psite	906
ENSP00000329102	LIN9	112	TATMSTPDKKA		hprd;pelm;psite	906
ENSP00000329102	LIN9	313	SRFFMTPPRLH		hprd;pelm;psite	906
ENSP00000329102	LIN9	320	PRLHYTPPLQS		hprd;pelm;psite	906
ENSP00000329102	LIN9	325	TPPLQSPIIDN		hprd;pelm;psite	906
ENSP00000329102	LIN9	337	PLLGQSPWRSK		hprd;pelm;psite	906
ENSP00000348273	MBP	232	IVTPRTPPPSQ	MAPK1;MAPK3	hprd;pelm;psite	856
ENSP00000382423	MAP3K1	21	GARATSPEAGG		psite	628
ENSP00000382423	MAP3K1	154	PAAEPSPAAAP		psite	628
ENSP00000382423	MAP3K1	232	HLAAESPGEVQ		psite	628
ENSP00000382423	MAP3K1	242	QASAASPASKG		psite	628
ENSP00000382423	MAP3K1	250	SKGRRSPSPGN		psite	628
ENSP00000382423	MAP3K1	252	GRRSPSPGNSP		psite	628
ENSP00000382423	MAP3K1	275	RRKRVSPVPFQ		psite	628
ENSP00000382423	MAP3K1	285	QSGRITPPRRA		psite	628
ENSP00000382423	MAP3K1	292	PRRAPSPDGFS		pelm;psite	628
ENSP00000382423	MAP3K1	297	SPDGFSPYSPE		pelm;psite	628
ENSP00000382423	MAP3K1	300	GFSPYSPEETN		pelm;psite	628
ENSP00000382423	MAP3K1	507	SHELSSPVDSP		pelm;psite	628
ENSP00000382423	MAP3K1	511	SSPVDSPSSLR		pelm;psite	628
ENSP00000382423	MAP3K1	665	AMLVYTPCHSL		psite	628
ENSP00000382423	MAP3K1	1018	RIPSASPQTQR		psite	628
ENSP00000382423	MAP3K1	1043	DSDKLSPVFTQ		psite	628
ENSP00000382423	MAP3K1	1114	DETVFTPVEEK		psite	628
ENSP00000382423	MAP3K1	1157	EVAVLSPEKAE		psite	628
ENSP00000223023	WASL	457	DGQESTPPTPA		psite	800
ENSP00000223023	WASL	460	ESTPPTPAPTS		psite	800
ENSP00000277541	NOTCH1	2524	QWSSSSPHSNV		psite	828
ENSP00000320017	PHYHIP	79	GHWFLSPRTEY		psite	718
ENSP00000234179	PRKD3	27	VLPAASPCSSP		hprd;pelm;psite	412
ENSP00000234179	PRKD3	31	ASPCSSPKTGL		hprd;pelm;psite	412
ENSP00000234179	PRKD3	364	DTEEPSPPEDK		hprd;pelm;psite	412
ENSP00000234179	PRKD3	391	AVKTISPSTSN		hprd;pelm;psite	412
ENSP00000234179	PRKD3	535	ALMPVTPQASV		hprd;psite	412
ENSP00000234179	PRKD3	543	ASVCTSPGQGK		hprd;psite	412
ENSP00000270861	PLK4	421	NEERYSPTDNN		hprd;pelm;psite	441
ENSP00000270861	PLK4	499	EYDSISPNRDF		hprd;psite	441
ENSP00000270861	PLK4	592	LRSITSPLVAH		hprd;psite	441
ENSP00000270861	PLK4	665	ADRPPSPTDNI		psite	441
ENSP00000270861	PLK4	817	SPKALSPPPSV		hprd;psite	441
ENSP00000386520	RAD54L2	1169	LARPVSPDSPE		hprd;psite	851
ENSP00000386520	RAD54L2	1172	PVSPDSPEIIS		hprd;psite	851
ENSP00000386520	RAD54L2	1260	KRKLATPPAAQ		hprd;psite	851
ENSP00000386520	RAD54L2	1421	YPGYMSPHAGY		psite	851
ENSP00000262133	RBL2	401	ALRISTPLTGV	CDK4;CDK6	hprd;pelm;psite	902
ENSP00000262133	RBL2	413	YIKENSPCVTP	CDK2	hprd;pelm;psite	902
ENSP00000262133	RBL2	417	NSPCVTPVSTA	CDK2	hprd;pelm;psite	902
ENSP00000262133	RBL2	603	AWKPESPLWEK		psite	902
ENSP00000262133	RBL2	639	ICIAGSPLTPR	CDK2	hprd;pelm;psite	902
ENSP00000262133	RBL2	642	AGSPLTPRRVT	CDK2	hprd;pelm;psite	902
ENSP00000262133	RBL2	662	GRSITSPTTLY	CDK2	hprd;pelm;psite	902
ENSP00000262133	RBL2	672	YDRYSSPPAST	CDK4;CDK6	hprd;pelm;psite	902
ENSP00000262133	RBL2	688	FVENDSPSDGG	CDK2	hprd;pelm;psite	902
ENSP00000262133	RBL2	694	PSDGGTPGRMP	CDK2	hprd;pelm;psite	902
ENSP00000262133	RBL2	952	RSHQNSPTELN	CDK2	hprd;pelm;psite	902
ENSP00000262133	RBL2	966	TSRDSSPVMRS		hprd;pelm;psite	902
ENSP00000262133	RBL2	986	SSAPPTPTRLT		hprd;pelm;psite	902
ENSP00000262133	RBL2	1035	DAPPLSPYPFV	CDK4;CDK6	hprd;pelm;psite	902
ENSP00000262133	RBL2	1044	FVRTGSPRRIQ	CDK2	hprd;pelm;psite	902
ENSP00000262133	RBL2	1059	HPVYISPHKNE		psite	902
ENSP00000262133	RBL2	1068	NETMLSPREKI	CDK2	hprd;pelm;psite	902
ENSP00000262133	RBL2	1080	YYFSNSPSKRL	CDK2	hprd;pelm;psite	902
ENSP00000262133	RBL2	1097	IRTGETPTKKR	CDK2	hprd;pelm;psite	902
ENSP00000262133	RBL2	1112	EDGSESPAKRI	CDK2	hprd;pelm;psite	902
ENSP00000362592	RBBP4	144	IIATKTPSSDV		psite	905
ENSP00000362592	RBBP4	355	IGEEQSPEDAE		psite	905
ENSP00000320768	RCAN1	163	KQFLISPPASP	GSK3B;MAP3K3	hprd;pelm;psite	703
ENSP00000320768	RCAN1	167	ISPPASPPVGW	DYRK1A;MAP3K3;MAPK3	hprd;pelm;psite	703
ENSP00000320768	RCAN1	179	QVEDATPVINY		psite	703
ENSP00000320768	RCAN1	208	AATDTTPSVVV		psite	703
ENSP00000320768	RCAN1	247	RRPEYTPIHLS	DYRK1A	psite	703
ENSP00000363516	RCAN3	148	KQFLISPPASP		hprd;psite	465
ENSP00000363516	RCAN3	152	ISPPASPPVGW		hprd;psite	465
ENSP00000311816	REST	864	DLSPPSPPLPK		hprd;pelm;psite	436
ENSP00000258962	SRSF1	199	VDGPRSPSYGR		hprd;pelm;psite	627
ENSP00000258962	SRSF1	207	YGRSRSRSRSR	SRPK1	psite	627
ENSP00000258962	SRSF1	209	RSRSRSRSRSR	SRPK1	psite	627
ENSP00000258962	SRSF1	211	RSRSRSRSRSR	SRPK1	psite	627
ENSP00000258962	SRSF1	213	RSRSRSRSRSR	SRPK1	psite	627
ENSP00000258962	SRSF1	215	RSRSRSRSRSN	SRPK1	psite	627
ENSP00000258962	SRSF1	217	RSRSRSRSNSR	SRPK1	psite	627
ENSP00000258962	SRSF1	219	RSRSRSNSRSR	SRPK1	psite	627
ENSP00000258962	SRSF1	221	RSRSNSRSRSY	SRPK1	psite	627
ENSP00000258962	SRSF1	225	NSRSRSYSPRR	SRPK1	hprd;psite	627
ENSP00000258962	SRSF1	227	RSRSYSPRRSR	SRPK1	hprd;psite	627
ENSP00000258962	SRSF1	234	RRSRGSPRYSP		hprd;pelm;psite	627
ENSP00000258962	SRSF1	238	GSPRYSPRHSR		hprd;pelm;psite	627
ENSP00000335321	SF3B1	129	RTMIISPERLD		hprd;pelm;psite	919
ENSP00000335321	SF3B1	142	ADGGKTPDPKM	CDK2	hprd;psite	919
ENSP00000335321	SF3B1	207	QTADQTPGATP		hprd;pelm;psite	919
ENSP00000335321	SF3B1	211	QTPGATPKKLS	CDK2	hprd;pelm;psite	919
ENSP00000335321	SF3B1	223	WDQAETPGHTP		hprd;pelm;psite	919
ENSP00000335321	SF3B1	227	ETPGHTPSLRW		hprd;pelm;psite	919
ENSP00000335321	SF3B1	235	LRWDETPGRAK		hprd;pelm;psite	919
ENSP00000335321	SF3B1	244	AKGSETPGATP	CDK2	hprd;pelm;psite	919
ENSP00000335321	SF3B1	248	ETPGATPGSKI	CDK2	hprd;pelm;psite	919
ENSP00000335321	SF3B1	257	KIWDPTPSHTP		pelm;psite	919
ENSP00000335321	SF3B1	261	PTPSHTPAGAA	CDK2	hprd;pelm;psite	919
ENSP00000335321	SF3B1	267	PAGAATPGRGD	CDK2	hprd;pelm;psite	919
ENSP00000335321	SF3B1	273	PGRGDTPGHAT	DYRK1A	hprd;pelm;psite	919
ENSP00000335321	SF3B1	278	TPGHATPGHGG		hprd;psite	919
ENSP00000335321	SF3B1	296	NRWDETPKTER		hprd;pelm;psite	919
ENSP00000335321	SF3B1	303	KTERDTPGHGS		hprd;pelm;psite	919
ENSP00000335321	SF3B1	313	SGWAETPRTDR	CDK2	hprd;pelm;psite	919
ENSP00000335321	SF3B1	326	DSIGETPTPGA		hprd;pelm;psite	919
ENSP00000335321	SF3B1	328	IGETPTPGASK		hprd;pelm;psite	919
ENSP00000335321	SF3B1	341	SRWDETPASQM		psite	919
ENSP00000335321	SF3B1	350	QMGGSTPVLTP		hprd;pelm;psite	919
ENSP00000335321	SF3B1	354	STPVLTPGKTP	CDK2	hprd;pelm;psite	919
ENSP00000335321	SF3B1	426	YVPIRTPARKL	CDK2	psite	919
ENSP00000335321	SF3B1	434	RKLTATPTPLG	CDK2;DYRK1A;DYRK1B	hprd;pelm;psite	919
ENSP00000335321	SF3B1	436	LTATPTPLGGM	CDK2	pelm;psite	919
ENSP00000335321	SF3B1	488	DESTLSPEEQK		hprd;pelm;psite	919
ENSP00000335321	SF3B1	1021	LLPRLTPILKN		psite	919
ENSP00000221455	CLASRP	101	LLTTISPEQES		hprd;psite	619
ENSP00000221455	CLASRP	285	RGRKISPPSYA		hprd;pelm;psite	619
ENSP00000221455	CLASRP	294	YARRDSPTYDP		hprd;pelm;psite	619
ENSP00000221455	CLASRP	317	RSRSRSPTPGR		hprd;pelm;psite	619
ENSP00000221455	CLASRP	319	RSRSPTPGREE		hprd;pelm;psite	619
ENSP00000221455	CLASRP	419	HARSRSRSWSR		hprd;psite	619
ENSP00000221455	CLASRP	421	RSRSRSWSRSR		hprd;psite	619
ENSP00000221455	CLASRP	456	HRYSRSPARRG		psite	619
ENSP00000221455	CLASRP	501	SSWSLSPSRSR		hprd;psite	619
ENSP00000221455	CLASRP	503	WSLSPSRSRSL		psite	619
ENSP00000221455	CLASRP	531	RSRSQSPSPSP		hprd;pelm;psite	619
ENSP00000221455	CLASRP	533	RSQSPSPSPAR		pelm;psite	619
ENSP00000221455	CLASRP	535	QSPSPSPAREK		hprd;pelm;psite	619
ENSP00000221455	CLASRP	547	TRPAASPAVGE		hprd;pelm;psite	619
ENSP00000221455	CLASRP	573	AKPKLTPQEKL		psite	619
ENSP00000221455	CLASRP	647	SRQSRSPSPRY		psite	619
ENSP00000221455	CLASRP	649	QSRSPSPRYSR		psite	619
ENSP00000362900	SRSF4	186	RRRSYSRSRSH		psite	627
ENSP00000362900	SRSF4	222	KSRSRSRSGSR		hprd;pelm;psite	627
ENSP00000362900	SRSF4	232	RSRSKSRSRSQ		psite	627
ENSP00000362900	SRSF4	238	RSRSQSRSRSK		psite	627
ENSP00000362900	SRSF4	259	KSRSRSHSAGK		psite	627
ENSP00000362900	SRSF4	290	KPKSRSPSRHK		hprd;psite	627
ENSP00000362900	SRSF4	300	KSKSKSRSRSQ		hprd;pelm;psite	627
ENSP00000362900	SRSF4	446	RSRSRSNSKSK		psite	627
ENSP00000362900	SRSF4	448	RSRSNSKSKPN		hprd;pelm;psite	627
ENSP00000362900	SRSF4	458	NLPSESRSRSK		hprd;pelm;psite	627
ENSP00000362900	SRSF4	462	ESRSRSKSASK		hprd;pelm;psite	627
ENSP00000377892	SRSF5	213	SRKSYSRSRSR		hprd;psite	619
ENSP00000377892	SRSF5	215	KSYSRSRSRSR		hprd;psite	619
ENSP00000377892	SRSF5	227	RSRSKSRSVSR		hprd;psite	619
ENSP00000377892	SRSF5	231	KSRSVSRSPVP		hprd;pelm;psite	619
ENSP00000377892	SRSF5	233	RSVSRSPVPEK		hprd;pelm;psite	619
ENSP00000377892	SRSF5	250	SSRSKSPASVD		hprd;pelm;psite	619
ENSP00000325905	SRSF7	157	GRRSRSASPRR		hprd;psite	427
ENSP00000325905	SRSF7	159	RSRSASPRRSR		hprd;psite	427
ENSP00000325905	SRSF7	165	PRRSRSISLRR		hprd;pelm;psite	427
ENSP00000325905	SRSF7	167	RSRSISLRRSR		hprd;pelm;psite	427
ENSP00000325905	SRSF7	173	LRRSRSASLRR		hprd;psite	427
ENSP00000325905	SRSF7	175	RSRSASLRRSR		hprd;pelm;psite	427
ENSP00000325905	SRSF7	181	LRRSRSGSIKG		hprd;psite	427
ENSP00000325905	SRSF7	183	RSRSGSIKGSR		hprd;pelm;psite	427
ENSP00000325905	SRSF7	192	SRYFQSPSRSR		hprd;pelm;psite	427
ENSP00000325905	SRSF7	194	YFQSPSRSRSR		hprd;pelm;psite	427
ENSP00000325905	SRSF7	196	QSPSRSRSRSR		hprd;pelm;psite	427
ENSP00000325905	SRSF7	198	PSRSRSRSRSI		psite	427
ENSP00000325905	SRSF7	200	RSRSRSRSISR		psite	427
ENSP00000325905	SRSF7	202	RSRSRSISRPR		hprd;psite	427
ENSP00000325905	SRSF7	213	SSRSKSRSPSP		hprd;psite	427
ENSP00000325905	SRSF7	215	RSKSRSPSPKR		hprd;psite	427
ENSP00000325905	SRSF7	217	KSRSPSPKRSR		hprd;psite	427
ENSP00000325905	SRSF7	223	PKRSRSPSGSP		psite	427
ENSP00000325905	SRSF7	225	RSRSPSGSPRR		hprd;pelm;psite	427
ENSP00000325905	SRSF7	227	RSPSGSPRRSA		hprd;pelm;psite	427
ENSP00000325905	SRSF7	233	PRRSASPERMD		hprd;pelm;psite	427
ENSP00000212015	SIRT1	14	LQPGGSPSAAG		hprd;psite	655
ENSP00000212015	SIRT1	27	REAASSPAGEP	MAPK8	hprd;pelm;psite	655
ENSP00000212015	SIRT1	47	PGLERSPGEPG	MAPK8	hprd;pelm;psite	655
ENSP00000212015	SIRT1	530	SELPPTPLHVS	CDK1;MAPK8	hprd;psite	655
ENSP00000212015	SIRT1	540	SEDSSSPERTS	CDK1	psite	655
ENSP00000323588	SOX2	37	GNQKNSPDRVK		psite	422
ENSP00000323588	SOX2	251	SEASSSPPVVT		hprd;psite	422
ENSP00000310301	SP3	73	KIGPPSPGDDE	MAPK1;MAPK3	hprd;pelm;psite	462
ENSP00000364519	TFDP1	23	IDQNLSPGKGV	CHEK1	hprd;pelm;psite	899
ENSP00000411099	TLK1	22	SQLSTSPTPGS		psite	417
ENSP00000411099	TLK1	38	SLLNHTPPSGR		psite	417
ENSP00000411099	TLK1	159	GGNGSSPVRGI		hprd;pelm;psite	417
ENSP00000411099	TLK1	188	SVRPNSPSPTA		psite	417
ENSP00000348273	MBP	299	DSRSGSPMARR	UHMK1	pelm	856
ENSP00000368880	FOXO1	478	HNDIMTPVDPG		hprd;pelm	931
ENSP00000221455	CLASRP	529	RSRSRSQSPSP		pelm	619
ENSP00000221455	CLASRP	527	RSRSRSRSQSP		pelm	619
ENSP00000221455	CLASRP	525	QSRSRSRSRSQ		pelm	619
ENSP00000269122	CLTC	412	QPGQTSPLLQY		hprd	621
ENSP00000348273	MBP	229	FKNIVTPRTPP		hprd	856
ENSP00000277541	NOTCH1	1861	SAMAPTPPQGE		hprd	828
ENSP00000336747	HIP1	1025	EGTEASPPTLQ		hprd	824
ENSP00000234179	PRKD3	739	RSVVGTPAYLA		hprd	412
ENSP00000334458	GATA4	406	SALKLSPQGYA		hprd	422
ENSP00000386520	RAD54L2	1155	RHSASSPKAPD		hprd	851
ENSP00000383611	CCNL2	419	GSKSQSRSRSR		hprd	962
ENSP00000221455	CLASRP	305	YKRSPSESSSE		hprd	619
ENSP00000221455	CLASRP	423	RSRSWSRSRSR		hprd	619
ENSP00000411099	TLK1	179	SHSHSTPSSSV		hprd	417
ENSP00000411099	TLK1	190	RPNSPSPTALA		hprd	417
ENSP00000341947	LIN54	150	LGKSGSPIVLA		hprd	908
