name	DYRK2
id	ENSP00000342105
type	Serine/threonine kinase
proline+1_removed	No
npartners	48
npartners_with_sites	42
nsites	73
//
motif	score	fg_matches	fg_size	bg_matches	bg_size	fold_increase
..RS.[ST]....R	27.48	12	512	4	10000	58.59
..R..[ST].....	7.96	58	500	515	9996	2.25
//
prot_id	prot_name	position	flank	kinase	source	string_score
ENSP00000386741	CHN1	186	EKRLTSLVRRA		psite	439
ENSP00000386741	CHN1	192	LVRRATLKENE		psite	439
ENSP00000222792	CHN2	171	VSRRLSRSKNE	PRKCD	psite	439
ENSP00000278616	ATM	1878	CLRHFSQTSRS		psite	965
ENSP00000278616	ATM	1885	TSRSTTPANLD	ATM	psite	965
ENSP00000278616	ATM	2996	CKRNLSDIDQS	ATM	hprd;psite	965
ENSP00000383611	CCNL2	423	QSRSRSRSDSP		psite	621
ENSP00000383611	CCNL2	425	RSRSRSDSPPR		psite	621
ENSP00000383611	CCNL2	427	RSRSDSPPRQA		psite	621
ENSP00000383611	CCNL2	498	QRRERSRSYER		psite	621
ENSP00000383611	CCNL2	500	RERSRSYERTG		psite	621
ENSP00000341692	DAP3	216	NKRESTEKGSP		psite	481
ENSP00000341692	DAP3	237	RVRNATDAVGI	PRKCD	psite	481
ENSP00000341692	DAP3	252	LKRQSSLGMFH		psite	481
ENSP00000301764	DDB1	645	TFRSLSTTNVF		psite	481
ENSP00000301764	DDB1	1125	MKREATADDLI		psite	481
ENSP00000330054	EEF1A1	269	VGRVETGVLKP		psite	481
ENSP00000354586	GLI2	149	AARGLSPADVA		hprd;psite	837
ENSP00000354586	GLI2	234	RKRALSISPLS		hprd;psite	837
ENSP00000354586	GLI2	388	GLRPASPLALT		psite	837
ENSP00000354586	GLI2	808	QERRDSSTSTV		psite	837
ENSP00000354586	GLI2	824	VSRRSSGISPY		psite	837
ENSP00000354586	GLI2	941	GPRRGSDGPTY		psite	837
ENSP00000354586	GLI2	970	GARRASDPVRR		psite	837
ENSP00000358151	HIST2H2BE	37	RSRKESYSIYV		psite	621
ENSP00000355657	HIST3H3	46	RYRPGTVALRE		psite	621
ENSP00000355657	HIST3H3	87	DLRFQSSAVMA		psite	621
ENSP00000283179	HNRNPU	26	KKRRLSDKGLK		hprd;pelm;psite	481
ENSP00000283179	HNRNPU	271	YSRAKSPQPPV		hprd;pelm;psite	481
ENSP00000227378	HSPA8	158	SQRQATKDAGT		psite	481
ENSP00000227378	HSPA8	265	VRRLRTACERA		psite	481
ENSP00000364802	HSPA1A	265	VRRLRTACERA		psite	481
ENSP00000393087	HSPA1B	265	VRRLRTACERA		psite	481
ENSP00000335153	HSP90AA1	185	KIRYESLTDPS		psite	481
ENSP00000335153	HSP90AA1	212	QDRTLTIVDTG	PRKACA	hprd;psite	481
ENSP00000335153	HSP90AA1	745	ALRDNSTMGYM		psite	481
ENSP00000310219	HSPA6	267	LRRLRTACERA		psite	481
ENSP00000335106	KATNA1	109	VERRPSPGPRK	DYRK2	psite	481
ENSP00000335106	KATNA1	118	RKRQSSQYSDP		psite	481
ENSP00000417281	MDM2	164	VSRPSTSSRRR		psite	704
ENSP00000417281	MDM2	172	RRRAISETEEN	AKT1;CSNK1D;DAPK3;MAPKAPK2;PIM1	hprd;pelm;psite	704
ENSP00000417281	MDM2	192	RKRHKSDSISL	AKT1;DAPK3;PIM1	hprd;pelm;psite	704
ENSP00000417281	MDM2	425	FEREETQDKEE	CSNK1D	psite	704
ENSP00000269305	TP53	366	GSRAHSSHLKS	CHEK2	hprd;psite	985
ENSP00000420405	FSBP	193	MERSLSPSLSS		psite	538
ENSP00000311430	RPL4	339	TMRRNTILRQA		psite	481
ENSP00000361076	RPL7A	106	KYRPETKQEKK		psite	481
ENSP00000325905	SRSF7	32	LERAFSYYGPL		psite	463
ENSP00000325905	SRSF7	157	GRRSRSASPRR		hprd;psite	463
ENSP00000325905	SRSF7	159	RSRSASPRRSR		hprd;psite	463
ENSP00000325905	SRSF7	165	PRRSRSISLRR		hprd;pelm;psite	463
ENSP00000325905	SRSF7	167	RSRSISLRRSR		hprd;pelm;psite	463
ENSP00000325905	SRSF7	173	LRRSRSASLRR		hprd;psite	463
ENSP00000325905	SRSF7	175	RSRSASLRRSR		hprd;pelm;psite	463
ENSP00000325905	SRSF7	181	LRRSRSGSIKG		hprd;psite	463
ENSP00000325905	SRSF7	183	RSRSGSIKGSR		hprd;pelm;psite	463
ENSP00000325905	SRSF7	198	PSRSRSRSRSI		psite	463
ENSP00000325905	SRSF7	200	RSRSRSRSISR		psite	463
ENSP00000325905	SRSF7	202	RSRSRSISRPR		hprd;psite	463
ENSP00000325905	SRSF7	204	RSRSISRPRSS		hprd;psite	463
ENSP00000325905	SRSF7	213	SSRSKSRSPSP		hprd;psite	463
ENSP00000325905	SRSF7	217	KSRSPSPKRSR		hprd;psite	463
ENSP00000325905	SRSF7	223	PKRSRSPSGSP		psite	463
ENSP00000325905	SRSF7	225	RSRSPSGSPRR		hprd;pelm;psite	463
ENSP00000325905	SRSF7	233	PRRSASPERMD		hprd;pelm;psite	463
ENSP00000228318	SLC25A3	33	DLRSSSPGPTG		psite	486
ENSP00000310301	SP3	646	HLRWHSGERPF		hprd;pelm;psite	528
ENSP00000310301	SP3	676	HRRTHTGEKKF		psite	528
ENSP00000301072	TUBA1C	82	EVRTGTYRQLF		psite	481
ENSP00000301072	TUBA1C	232	LNRLISQIVSS		psite	481
ENSP00000382982	TUBA3C	82	EVRTGTYRQLF		psite	481
ENSP00000344818	UBC	57	DGRTLSDYNIQ		hprd;psite	619
ENSP00000383611	CCNL2	406	PKRRKSDSGST		hprd	621
