name	EEF2K
id	ENSP00000263026
type	Serine/threonine kinase
proline+1_removed	Yes
npartners	37
npartners_with_sites	33
nsites	16
//
motif	score	fg_matches	fg_size	bg_matches	bg_size	fold_increase
R.R..[ST].....	17.53	16	358	34	9383	12.33
//
prot_id	prot_name	position	flank	kinase	source	string_score
ENSP00000262056	EIF4B	205	RARPATDSFDD		psite	430
ENSP00000262056	EIF4B	230	RDRYDSDRYRD		psite	430
ENSP00000262056	EIF4B	406	RERHPSWRSEE		hprd;pelm;psite	430
ENSP00000262056	EIF4B	420	RERSRTGSESS		hprd;psite	430
ENSP00000262056	EIF4B	422	RSRTGSESSQT	RPS6KA1;RPS6KB1	hprd;pelm;psite	430
ENSP00000324856	STK11	336	RWRSMTVVPYL	STK11	hprd;psite	430
ENSP00000354558	MTOR	2446	RSRTRTDSYSA	AKT1;RPS6KB1	hprd;pelm;psite	611
ENSP00000354558	MTOR	2448	RTRTDSYSAGQ	AKT1;RPS6KB1	hprd;pelm;psite	611
ENSP00000307272	RPTOR	721	RLRSVSSYGNI	RPS6KA1	psite	427
ENSP00000369757	RPS6	236	RRRLSSLRAST	PAK2;PRKCD;RPS6KA1;RPS6KA3;RPS6KB1	hprd;pelm;psite	543
ENSP00000219476	TSC2	939	RARSTSLNERP	AKT1	hprd;pelm;psite	486
ENSP00000219476	TSC2	981	RCRSISVSEHV	AKT1	hprd;pelm;psite	486
ENSP00000219476	TSC2	1130	RDRVRSMSGGH		hprd;psite	486
ENSP00000219476	TSC2	1132	RVRSMSGGHGL		hprd;pelm;psite	486
ENSP00000219476	TSC2	1462	RPRGYTISDSA	AKT1	hprd;pelm;psite	486
ENSP00000219476	TSC2	1798	RKRLISSVEDF	RPS6KA1	hprd;pelm;psite	486
