name	EGFR
id	ENSP00000275493
type	Tyrosine kinase
proline+1_removed	No
npartners	659
npartners_with_sites	535
nsites	707
//
motif	score	fg_matches	fg_size	bg_matches	bg_size	fold_increase
.....Y..P..	15.65	204	2050	544	10000	1.83
....DY.....	13.12	170	1846	475	9456	1.83
.....YE....	8.27	172	1676	586	8981	1.57
.....YD....	8.01	128	1504	422	8395	1.69
//
prot_id	prot_name	position	flank	kinase	source	string_score
ENSP00000340989	SFN	19	EQAERYEDMAA		psite	692
ENSP00000340989	SFN	127	KMKGDYYRYLA		psite	692
ENSP00000238081	YWHAQ	19	EQAERYDDMAT		psite	484
ENSP00000238081	YWHAQ	82	QLIKDYREKVE		psite	484
ENSP00000238081	YWHAQ	125	KMKGDYFRYLA		psite	484
ENSP00000309503	YWHAZ	125	KMKGDYYRYLA		psite	958
ENSP00000340691	EIF4EBP1	34	LPPGDYSTTPG		hprd;psite	460
ENSP00000340691	EIF4EBP1	54	GTRIIYDRKFL		hprd;psite	460
ENSP00000365312	ABI1	143	RKPIDYTVLDD		psite	925
ENSP00000365312	ABI1	213	TVPNDYMTSPA	ABL1	hprd;pelm;psite	925
ENSP00000365312	ABI1	421	PPPVDYEDEEA		psite	925
ENSP00000365312	ABI1	431	AAVVQYNDPYA		psite	925
ENSP00000365312	ABI1	455	KVVAIYDYTKD		psite	925
ENSP00000365312	ABI1	484	NDDGWYEGVCN		psite	925
ENSP00000361423	ABL1	89	LFVALYDFVAS	FYN;HCK;LYN	psite	421
ENSP00000361423	ABL1	134	WVPSNYITPVN	FYN;HCK;LYN	hprd;pelm;psite	421
ENSP00000361423	ABL1	147	EKHSWYHGPVS	FYN;HCK;LYN	psite	421
ENSP00000361423	ABL1	186	SISLRYEGRVY		psite	421
ENSP00000361423	ABL1	234	ITTLHYPAPKR	FYN;HCK;LYN	psite	421
ENSP00000361423	ABL1	251	GVSPNYDKWEM		hprd;pelm;psite	421
ENSP00000361423	ABL1	276	QYGEVYEGVWK		hprd;pelm;psite	421
ENSP00000361423	ABL1	488	CPEKVYELMRA	ABL1	hprd;pelm;psite	421
ENSP00000371341	TNK2	713	PPPPAYDDVAQ		psite	988
ENSP00000371341	TNK2	905	ASDPKYATPQV		hprd;pelm;psite	988
ENSP00000371341	TNK2	938	SSTHYYLLPER	BMX	hprd;pelm;psite	988
ENSP00000355645	ACTA1	168	HNVPIYEGYAL		psite	668
ENSP00000355645	ACTA1	171	PIYEGYALPHA		psite	668
ENSP00000355645	ACTA1	190	RDLTDYLMKIL		psite	668
ENSP00000355645	ACTA1	242	SLEKSYELPDG		psite	668
ENSP00000355645	ACTA1	364	ITKQEYDEAGP		psite	668
ENSP00000224784	ACTA2	168	HNVPIYEGYAL		psite	739
ENSP00000224784	ACTA2	171	PIYEGYALPHA		psite	739
ENSP00000224784	ACTA2	190	RDLTDYLMKIL		psite	739
ENSP00000224784	ACTA2	242	SLEKSYELPDG		psite	739
ENSP00000224784	ACTA2	364	ISKQEYDEAGP		psite	739
ENSP00000347581	AGK	226	VSKYWYLGPLK		psite	406
ENSP00000391490	AGR2	111	LLNLVYETTDK		psite	425
ENSP00000270202	AKT1	315	CGTPEYLAPEV	PTK6;RET;SRC	hprd;psite	479
ENSP00000270202	AKT1	326	LEDNDYGRAVD	PTK6;SRC	hprd;psite	479
ENSP00000270202	AKT1	417	VWQHVYEKKLS		psite	479
ENSP00000295897	ALB	164	LKKYLYEIARR		hprd;pelm;psite	659
ENSP00000295897	ALB	365	RRHPDYSVVLL		psite	659
ENSP00000295897	ALB	377	RLAKTYETTLE		psite	659
ENSP00000295897	ALB	476	PCAEDYLSVVL		psite	659
ENSP00000305988	ALCAM	80	KKSVQYDDVPE		psite	442
ENSP00000307387	PDCD6IP	223	NQAADYFGDAF		psite	954
ENSP00000257497	ANXA1	207	DARALYEAGER		hprd;pelm;psite	857
ENSP00000314414	AP2B1	276	PKDSDYYNMLL		psite	909
ENSP00000314414	AP2B1	574	SLASVYHKPPN		psite	909
ENSP00000288266	APPL1	522	HPDVVYETMRQ		psite	411
ENSP00000264487	AREG	231	QYVRKYEGEAE		hprd;psite	913
ENSP00000370227	AREGB	231	QYVRKYEGEAE		hprd;psite	786
ENSP00000306010	ARF4	167	QGTGLYEGLDW		psite	921
ENSP00000298316	ARF6	163	SGDGLYEGLTW		psite	939
ENSP00000380942	ARHGEF12	1232	EVGEDYQIAIP		psite	439
ENSP00000273430	AGTR1	319	LQLLKYIPPKA	SRC	hprd;pelm;psite	729
ENSP00000366843	ATXN2	290	KNGGIYEGVFK		psite	665
ENSP00000366843	ATXN2	1105	QTHAMYACPKL		psite	665
ENSP00000278616	ATM	1763	DPMLAYLQPFR		psite	430
ENSP00000295598	ATP1A1	10	VGRDKYEPAAV		hprd;psite	412
ENSP00000303507	BCR	246	GVDGDYEDAEL	FES	hprd;pelm;psite	514
ENSP00000303507	BCR	554	KVPELYEIHKE		psite	514
ENSP00000303507	BCR	561	IHKEFYDGLFP		psite	514
ENSP00000303507	BCR	751	GKTQQYDCKWY		psite	514
ENSP00000303507	BCR	852	LISSDYERAEW		psite	514
ENSP00000259089	BLK	188	DEGGYYISPRI		psite	909
ENSP00000288602	BRAF	566	AQGMDYLHAKS		psite	456
ENSP00000217185	PTK6	114	KPSADYVLSVR		hprd;psite	721
ENSP00000305422	CEBPB	78	IDFSPYLEPLG	ABL1;ABL2	psite	684
ENSP00000272298	CALM2	139	DGQVNYEEFVQ	INSR	hprd;psite	918
ENSP00000291295	CALM3	139	DGQVNYEEFVQ	INSR	hprd;psite	918
ENSP00000349467	CALM1	139	DGQVNYEEFVQ	INSR	hprd;psite	992
ENSP00000381412	CAMK2A	230	IKAGAYDFPSP		psite	621
ENSP00000319060	CAMK2G	14	RFTDDYQLFEE		psite	661
ENSP00000319060	CAMK2G	231	IKAGAYDFPSP		psite	661
ENSP00000351273	CASP8	393	QEAPIYELTSQ		pelm;psite	485
ENSP00000351273	CASP8	507	LTEVNYEVSNK	LYN	psite	485
ENSP00000351273	CASP8	52	KGGADYILLPF		psite	485
ENSP00000339191	CAV1	14	SEGHLYTVPIR	ABL1;FYN;SRC	hprd;pelm;psite	999
ENSP00000339191	CAV1	42	SEKQVYDAHTK		hprd;psite	999
ENSP00000222693	CAV2	27	HSGLEYADPEK		hprd;pelm;psite	565
ENSP00000264033	CBL	141	GKERMYEENSQ		psite	999
ENSP00000264033	CBL	368	VTQEQYELYCE		pelm;psite	999
ENSP00000264033	CBL	455	APSPNYDDDDD		hprd;psite	999
ENSP00000264033	CBL	700	EEDTEYMTPSS	EGFR;FYN;INSR;LCK;SYK;YES1	hprd;pelm;psite	999
ENSP00000264033	CBL	731	IDSCTYEAMYN	EGFR;FYN;LCK;SRC;SYK;YES1	hprd;pelm;psite	999
ENSP00000264033	CBL	774	NEDDGYDVPKP	EGFR;FYN;LCK;SRC;SYK;YES1	hprd;pelm;psite	999
ENSP00000264122	CBLB	92	LILSKYDDNQK		psite	999
ENSP00000264122	CBLB	360	VTQEQYELYCE		psite	999
ENSP00000264122	CBLB	665	LGSEEYDVPPR		psite	999
ENSP00000264122	CBLB	709	EDDDEYKIPSS		psite	999
ENSP00000264122	CBLB	802	RTPSDYDLLIP		psite	999
ENSP00000264122	CBLB	889	RTSQDYDQLPS		pelm;psite	999
ENSP00000265872	CCAR1	870	NNQDEYDPMEA		psite	402
ENSP00000376250	CCDC50	146	ADSYYYEDGDQ		psite	744
ENSP00000376250	CCDC50	350	RDQEWYDAEIA		psite	744
ENSP00000376250	CCDC50	455	GEDADYTHFTN	EGFR;LCK	hprd;psite	744
ENSP00000352264	CD2AP	88	QRISTYGLPAG		hprd;pelm;psite	691
ENSP00000227155	CD82	261	VHSEDYSKVPK		psite	954
ENSP00000222005	CDC37	278	KAMKEYEEEER		psite	921
ENSP00000222005	CDC37	298	DPVEVYESLPE		hprd;pelm;psite	921
ENSP00000314458	CDC42	64	AGQEDYDRLRP	SRC	pelm;psite	950
ENSP00000261769	CDH1	755	DNVYYYDEEGG		psite	978
ENSP00000269141	CDH2	496	VNENPYFAPNP		psite	480
ENSP00000269141	CDH2	785	EEDQDYDLSQL		hprd;pelm;psite	480
ENSP00000269141	CDH2	852	PTAPPYDSLLV	SRC	pelm;psite	480
ENSP00000269141	CDH2	860	LLVFDYEGSGS	SRC	psite	480
ENSP00000269141	CDH2	884	GGEQDYDYLND	SRC	pelm;psite	480
ENSP00000269141	CDH2	886	EQDYDYLNDWG	SRC	psite	480
ENSP00000358131	OTUD7B	779	SYSNGYREPPE		psite	621
ENSP00000352798	COL18A1	1211	GPPGPYGRPGY		psite	412
ENSP00000301843	CTTN	154	ASQKDYSSGFG		psite	430
ENSP00000301843	CTTN	178	AVGFDYQGKTE		psite	430
ENSP00000301843	CTTN	228	ESQKDYVKGFG		psite	430
ENSP00000301843	CTTN	265	ESQKDYKTGFG		psite	430
ENSP00000301843	CTTN	289	AVGFDYKEKLA		hprd;psite	430
ENSP00000301843	CTTN	302	ESQQDYSKGFG		psite	430
ENSP00000301843	CTTN	421	PSSPVYEDAAS	FER	hprd;pelm;psite	430
ENSP00000301843	CTTN	433	KAELSYRGPVS		hprd;psite	430
ENSP00000301843	CTTN	453	MEAADYREASS		hprd;pelm;psite	430
ENSP00000301843	CTTN	470	ATEAVYESAEA	SRC	hprd;pelm;psite	430
ENSP00000301843	CTTN	486	AEDSTYDEYEN	ABL1;SRC	hprd;pelm;psite	430
ENSP00000300574	CRK	221	PEPGPYAQPSV	ABL1;ABL2;EGFR	hprd;pelm;psite	996
ENSP00000300574	CRK	251	RVPNAYDKTAL	ABL1	psite	996
ENSP00000346300	CRKL	48	TCPGDYVLSVS		psite	862
ENSP00000346300	CRKL	132	YVRTLYDFPGN		hprd;psite	862
ENSP00000346300	CRKL	198	RNSNSYGIPEP		hprd;pelm;psite	862
ENSP00000346300	CRKL	207	EPAHAYAQPQT	ABL1	hprd;pelm;psite	862
ENSP00000346300	CRKL	251	RVPCAYDKTAL		hprd;psite	862
ENSP00000220003	CSK	277	GSLVDYLRSRG		psite	912
ENSP00000304669	CTNNA1	563	SEMDNYEPGVY		psite	944
ENSP00000304669	CTNNA1	619	ASRLVYDGIRD		hprd;pelm;psite	944
ENSP00000344456	CTNNB1	64	TSQVLYEWEQG	PTK6	psite	996
ENSP00000344456	CTNNB1	333	MRTYTYEKLLW	PTK6;SRC	psite	996
ENSP00000344456	CTNNB1	489	AVRLHYGLPVV	ABL1	psite	996
ENSP00000344456	CTNNB1	670	DKPQDYKKRLS		psite	996
ENSP00000382004	CTNND1	217	GYSRHYEDGYP		hprd;pelm;psite	998
ENSP00000382004	CTNND1	248	PSMEGYRAPSR		psite	998
ENSP00000382004	CTNND1	291	QRSMGYDDLDY	SRC	hprd;pelm;psite	998
ENSP00000382004	CTNND1	296	YDDLDYGMMSD	SRC	hprd;psite	998
ENSP00000382004	CTNND1	302	GMMSDYGTARR	SRC	hprd;pelm;psite	998
ENSP00000382004	CTNND1	321	RRLRSYEDMIG		hprd;pelm;psite	998
ENSP00000382004	CTNND1	335	PSDQYYWAPLA		psite	998
ENSP00000382004	CTNND1	656	SPARGYELLFQ		psite	998
ENSP00000382004	CTNND1	865	QSSHSYDDSTL		hprd;pelm;psite	998
ENSP00000382004	CTNND1	904	SLDNNYSTPNE		hprd;pelm;psite	998
ENSP00000236671	CTSD	354	LSPEDYTLKVS		psite	513
ENSP00000337915	CYP3A4	347	KAPPTYDTVLQ		psite	425
ENSP00000408236	CYTH2	235	LLRNLYDSIRN		psite	961
ENSP00000408236	CYTH2	380	SVDPFYEMLAA		psite	961
ENSP00000311113	JUP	22	QQTYTYDSGIH		hprd;psite	994
ENSP00000311113	JUP	480	SVRLNYGIPAI		psite	994
ENSP00000311113	JUP	660	DKNPDYRKRVS		hprd;psite	994
ENSP00000311113	JUP	724	DMDGDYPIDTY		psite	994
ENSP00000369127	DNAJA1	52	QISQAYEVLSD		psite	472
ENSP00000369127	DNAJA1	311	EGMPIYRRPYE		psite	472
ENSP00000369127	DNAJA1	381	YNGEAYEDDEH		hprd;pelm;psite	472
ENSP00000260818	DNAJC13	830	IKIGDYYLRLL		psite	621
ENSP00000313420	PRKDC	2935	RSIGEYDVLRG		psite	874
ENSP00000360216	DNTT	477	DNHALYDKTKR		hprd;psite	468
ENSP00000276420	DOK2	192	PGTQLYDWPYR		psite	629
ENSP00000276420	DOK2	271	RPDSPYSRPHD		hprd;pelm;psite	629
ENSP00000276420	DOK2	299	GQEGEYAVPFD		hprd;pelm;psite	629
ENSP00000276420	DOK2	330	LADPLYDSIEE		psite	629
ENSP00000276420	DOK2	345	RPDHIYDEPEG		hprd;pelm;psite	629
ENSP00000276420	DOK2	357	AALSLYDSPQE		psite	629
ENSP00000276420	DOK2	402	QPGTEYDNVVL		psite	629
ENSP00000362014	DNM1	354	DQIDTYELSGG		psite	917
ENSP00000330054	EEF1A1	418	ESFSDYPPLGR		psite	461
ENSP00000204961	EFNB1	317	NYCPHYEKVSG		hprd;psite	482
ENSP00000204961	EFNB1	324	KVSGDYGHPVY		hprd;pelm;psite	482
ENSP00000358140	EIF3A	32	ALDVLYDVMKS		psite	540
ENSP00000358140	EIF3A	382	FNVLQYVVPEV		hprd;pelm;psite	540
ENSP00000352673	ELF3	326	NSNMTYEKLSR		psite	633
ENSP00000320663	EML4	247	SDVDNYDDIRT		psite	514
ENSP00000320663	EML4	297	VVLFNYEERTQ		psite	514
ENSP00000320663	EML4	743	SNSGDYEILYW		psite	514
ENSP00000320663	EML4	954	LGEPLYEEPCN		psite	514
ENSP00000297494	NOS3	81	VGSITYDTLSA		hprd;pelm;psite	461
ENSP00000290100	EPB41	424	GEQEQYESTIG		psite	936
ENSP00000290100	EPB41	678	TKTITYEAAQT		psite	936
ENSP00000351209	EPHA2	588	KPLKTYVDPHT	EPHA2	hprd;pelm;psite	568
ENSP00000351209	EPHA2	594	VDPHTYEDPNQ	EPHA2	hprd;pelm;psite	568
ENSP00000350896	EPHB4	590	HGTKVYIDPFT		hprd;psite	454
ENSP00000350896	EPHB4	596	IDPFTYEDPNE		hprd;psite	454
ENSP00000360798	EPS15	443	SQISTYEEELA		psite	999
ENSP00000248070	EPS15L1	564	RSLEQYDQVLD		psite	928
ENSP00000281172	EPS8	45	SAKALYEQRKN		psite	980
ENSP00000281172	EPS8	525	HIDRNYEPLKT		hprd;pelm;psite	980
ENSP00000281172	EPS8	540	YAKSKYDFVAR		psite	980
ENSP00000281172	EPS8	723	VINITYDSTPE		psite	980
ENSP00000320543	EPN2	83	LTLLDYLIKTG		hprd;psite	805
ENSP00000268933	EPN3	83	LTLLDYLLKTG		psite	800
ENSP00000268933	EPN3	176	RYGEDYSRSRG		psite	800
ENSP00000206249	ESR1	52	SKPAVYNYPEG	ABL1	pelm;psite	997
ENSP00000206249	ESR1	219	QGHNDYMCPAT	ABL1	pelm;psite	997
ENSP00000206249	ESR1	537	NVVPLYDLLLE	LCK;SRC	hprd;pelm;psite	997
ENSP00000343925	ESR2	56	PAVMNYSIPSN		psite	461
ENSP00000263025	MAPK3	210	VATRWYRAPEI		psite	918
ENSP00000215832	MAPK1	43	MVCSAYDNVNK		psite	973
ENSP00000215832	MAPK1	193	VATRWYRAPEI		psite	973
ENSP00000338934	EZR	116	LSDEIYCPPET		psite	950
ENSP00000338934	EZR	354	LRLQDYEEKTK	EGFR	hprd;pelm;psite	950
ENSP00000338934	EZR	478	PPPPVYEPVSY	SRC	pelm;psite	950
ENSP00000341189	PTK2	155	QVKSDYMLEIA		psite	958
ENSP00000341189	PTK2	194	EKKSNYEVLEK	BMX;EGFR;MET;PDGFRB;SRC	psite	958
ENSP00000341189	PTK2	397	SETDDYAEIID	FGR;MET;PTK2;SRC	hprd;pelm;psite	958
ENSP00000341189	PTK2	407	DEEDTYTMPST	MET;PTK2;PTK2B;SRC	hprd;pelm;psite	958
ENSP00000341189	PTK2	441	VHQGIYMSPEN	BMX;SRC	psite	958
ENSP00000341189	PTK2	720	PSRPGYPSPRS		psite	958
ENSP00000347979	FAS	291	GKKEAYDTLIK		pelm;psite	757
ENSP00000281092	FER	200	HQNQYYDITLP		psite	654
ENSP00000281092	FER	402	PPVVNYEEDAR	FER	hprd;pelm;psite	654
ENSP00000281092	FER	615	KILKQYDHPNI	FER	psite	654
ENSP00000363115	FGR	86	LFIALYDYEAR		psite	916
ENSP00000342087	FHIT	114	RNDSIYEELQK	SRC	hprd;pelm;psite	430
ENSP00000322909	FHL2	154	FCVPCYEKQHA		psite	432
ENSP00000378368	FLOT2	158	TIKDVYDKVDY		psite	403
ENSP00000378368	FLOT2	163	YDKVDYLSSLG	FYN	psite	403
ENSP00000378368	FLOT2	241	EAQLAYELQGA		hprd;psite	403
ENSP00000241453	FLT3	572	KKQFRYESQLQ		psite	401
ENSP00000241453	FLT3	597	VDFREYEYDLK	FLT3	hprd;pelm;psite	401
ENSP00000241453	FLT3	599	FREYEYDLKWE	FLT3	hprd;pelm;psite	401
ENSP00000241453	FLT3	768	EDEIEYENQKR		psite	401
ENSP00000306245	FOS	10	GFNADYEASSS		psite	743
ENSP00000306245	FOS	30	DSLSYYHSPAD		psite	743
ENSP00000357656	FYN	91	LFVALYDYEAR		psite	916
ENSP00000312999	GNAI2	168	IAQSDYIPTQQ		psite	624
ENSP00000377192	G6PD	142	YVAGQYDDAAS		psite	817
ENSP00000377192	G6PD	533	RVGFQYEGTYK		hprd;pelm;psite	817
ENSP00000262995	GAB1	183	EDPQDYLLLIN		psite	969
ENSP00000262995	GAB1	242	QQQMIYDSPPS	INSR;SRC	hprd;pelm;psite	969
ENSP00000262995	GAB1	259	VDSSLYNLPRS	SRC	hprd;pelm;psite	969
ENSP00000262995	GAB1	307	HVSISYDIPPT	EGFR;MET	hprd;pelm;psite	969
ENSP00000262995	GAB1	317	TPGNTYQIPRT	SRC	hprd;pelm;psite	969
ENSP00000262995	GAB1	373	DTDSSYCIPTA	EGFR;INSR;MET;SRC	hprd;pelm;psite	969
ENSP00000262995	GAB1	406	SSQDCYDIPRA	EGFR;MET	hprd;pelm;psite	969
ENSP00000262995	GAB1	689	DERVDYVVVDQ	EGFR;INSR;MET	hprd;pelm;psite	969
ENSP00000339186	GRAP2	324	LFPANYVAPMT		psite	885
ENSP00000215909	LGALS1	105	KLPDGYEFKFP		psite	724
ENSP00000254301	LGALS3	79	PAPGVYPGPPS	ABL1;ABL2	psite	875
ENSP00000254301	LGALS3	107	PATGPYGAPAG	ABL1	psite	875
ENSP00000254301	LGALS3	118	PLIVPYNLPLP	ABL1;ABL2	psite	875
ENSP00000229239	GAPDH	49	VYMFQYDSTHG		psite	838
ENSP00000229239	GAPDH	140	VNHEKYDNSLK		psite	838
ENSP00000229239	GAPDH	255	EKPAKYDDIKK		psite	838
ENSP00000229239	GAPDH	314	KLISWYDNEFG		psite	838
ENSP00000313050	GBAS	187	SGPNIYELRSY		psite	461
ENSP00000253408	GFAP	242	EIRTQYEAMAS		psite	489
ENSP00000339007	GRB2	209	MFPRNYVTPVN	EGFR;JAK2	hprd;pelm;psite	999
ENSP00000310771	GRB7	188	KNFAKYELFKS	PTK2	psite	783
ENSP00000312262	ADRBK1	86	PLVEFYEEIKK	SRC	psite	784
ENSP00000312262	ADRBK1	92	EEIKKYEKLET	SRC	psite	784
ENSP00000312262	ADRBK1	356	VGTHGYMAPEV		psite	784
ENSP00000324173	HSPA5	466	VTIKVYEGERP		hprd;pelm;psite	443
ENSP00000335620	GSTA1	147	SHGQDYLVGNK		psite	514
ENSP00000420168	GSTA2	147	SHGQDYLVGNK		psite	514
ENSP00000211122	GSTA3	147	SHGQDYLVGNK		psite	514
ENSP00000381607	GSTP1	112	LIYTNYEAGKD		psite	865
ENSP00000365012	HCK	89	VALYDYEAIHH		psite	909
ENSP00000365012	HCK	209	DNGGFYISPRS	HCK	hprd;pelm;psite	909
ENSP00000381331	HDAC2	428	LPYNDYFEYFG		psite	405
ENSP00000381331	HDAC2	431	NDYFEYFGPDF		psite	405
ENSP00000334061	HDAC6	570	NFDSIYICPST	EGFR	psite	735
ENSP00000269571	ERBB2	1023	VDAEEYLVPQQ	ERBB2	hprd;psite	999
ENSP00000269571	ERBB2	1127	SETDGYVAPLT		psite	999
ENSP00000269571	ERBB2	1196	VENPEYLTPQG	ERBB2	hprd;pelm;psite	999
ENSP00000267101	ERBB3	1159	EDVNGYVMPDT		psite	997
ENSP00000267101	ERBB3	1197	DEDEEYEYMNR		hprd;psite	997
ENSP00000267101	ERBB3	1222	LEELGYEYMDV		hprd;psite	997
ENSP00000267101	ERBB3	1260	TPDEDYEYMNR		hprd;psite	997
ENSP00000267101	ERBB3	1276	GPGGDYAAMGA		hprd;pelm;psite	997
ENSP00000267101	ERBB3	1289	ASEQGYEEMRA		hprd;pelm;psite	997
ENSP00000267101	ERBB3	1328	FDNPDYWHSRL		hprd;pelm;psite	997
ENSP00000342235	ERBB4	1081	GVSVPYRAPTS		psite	641
ENSP00000342235	ERBB4	1150	LDEEGYMTPMR		psite	641
ENSP00000342235	ERBB4	1162	KPKQEYLNPVE		hprd;psite	641
ENSP00000342235	ERBB4	1242	FDNPDYWNHSL		hprd;pelm;psite	641
ENSP00000342235	ERBB4	1258	LQHPDYLQEYS		hprd;psite	641
ENSP00000365439	HNRNPK	72	ALRTDYNASVS	SRC	hprd;psite	448
ENSP00000365439	HNRNPK	225	GRAQPYDPNFY	SRC	hprd;psite	448
ENSP00000365439	HNRNPK	230	YDPNFYDETYD	SRC	hprd;pelm;psite	448
ENSP00000365439	HNRNPK	234	FYDETYDYGGF	SRC	hprd;pelm;psite	448
ENSP00000365439	HNRNPK	236	DETYDYGGFTM	SRC	hprd;pelm;psite	448
ENSP00000365439	HNRNPK	280	PSRRDYDDMSP		hprd;psite	448
ENSP00000365439	HNRNPK	323	GDLMAYDRRGR		psite	448
ENSP00000365439	HNRNPK	333	RPGDRYDGMVG		psite	448
ENSP00000365439	HNRNPK	361	EWQMAYEPQGG		psite	448
ENSP00000365439	HNRNPK	369	QGGSGYDYSYA		psite	448
ENSP00000365439	HNRNPK	371	GSGYDYSYAGG		psite	448
ENSP00000380066	MAP4K1	381	SSDDDYDDVDI	LYN;SYK	hprd;pelm;psite	637
ENSP00000309845	HRAS	32	HFVDEYDPTIE		psite	987
ENSP00000331201	HGS	216	VCEPCYEQLNR		hprd;pelm;psite	995
ENSP00000331201	HGS	308	PASSLYSSPVN		hprd;pelm;psite	995
ENSP00000331201	HGS	467	ERRLYYEGLQD		psite	995
ENSP00000248553	HSPB1	54	SSWPGYVRPLP		psite	468
ENSP00000248553	HSPB1	142	CFTRKYTLPPG		psite	468
ENSP00000340019	HSPD1	385	VTTSEYEKEKL		psite	446
ENSP00000302961	HSPA4	89	KSNLAYDIVQL		pelm;psite	792
ENSP00000302961	HSPA4	626	VEEYVYEMRDK		psite	792
ENSP00000302961	HSPA4	636	KLSGEYEKFVS		psite	792
ENSP00000302961	HSPA4	660	TENWLYEDGED		psite	792
ENSP00000302961	HSPA4	723	NKEDQYDHLDA		psite	792
ENSP00000335153	HSP90AA1	183	LDKIRYESLTD		psite	982
ENSP00000335153	HSP90AA1	560	NYKKFYEQFSK		psite	982
ENSP00000325875	HSP90AB1	56	LDKIRYESLTD		psite	519
ENSP00000297185	HSPA9	46	VSRRDYASEAI		psite	497
ENSP00000297185	HSPA9	128	LIGRRYDDPEV		psite	497
ENSP00000260985	IDH1	42	LDLHSYDLGIE		psite	428
ENSP00000260985	IDH1	219	TILKKYDGRFK		hprd;psite	428
ENSP00000260985	IDH1	231	IFQEIYDKQYK		psite	428
ENSP00000260985	IDH1	391	VQRSDYLNTFE		psite	428
ENSP00000268035	IGF1R	1014	SFGMVYEGVAK		psite	906
ENSP00000268035	IGF1R	1161	MTRDIYETDYY	IGF1R;SRC	hprd;pelm;psite	906
ENSP00000268035	IGF1R	1165	IYETDYYRKGG	IGF1R;SRC	hprd;pelm;psite	906
ENSP00000216797	NFKBIA	42	MKDEEYEQMVK	INSR;LCK;SRC	hprd;pelm;psite	524
ENSP00000216797	NFKBIA	305	EDELPYDDCVF	ABL1	pelm;psite	524
ENSP00000357470	IL6R	457	DPRSPYDISNT		psite	412
ENSP00000268182	IQGAP1	855	KARDDYKTLIN		psite	934
ENSP00000268182	IQGAP1	1114	ASKLPYDVTPE		psite	934
ENSP00000268182	IQGAP1	1526	GEQVDYYKSYI		psite	934
ENSP00000304895	IRS1	47	ARLEYYENEKK		psite	609
ENSP00000304895	IRS1	632	KGSGDYMPMSP	JAK1	hprd;pelm;psite	609
ENSP00000304895	IRS1	989	SSRGDYMTMQM		psite	609
ENSP00000363998	ITCH	356	ESVRNYEQWQL		psite	817
ENSP00000363998	ITCH	548	EEGLDYGGVAR		psite	817
ENSP00000007722	ITGA3	574	IISMNYSLPLR		psite	917
ENSP00000364094	ITGB1	141	KRAEDYPIDLY		psite	921
ENSP00000200181	ITGB4	1343	QSGEDYDSFLM		psite	925
ENSP00000200181	ITGB4	1492	TLTRDYNSLTR		psite	925
ENSP00000200181	ITGB4	1510	TLPRDYSTLTS		hprd;psite	925
ENSP00000343204	JAK1	993	CKGMDYLGSRQ		psite	832
ENSP00000371067	JAK2	221	AKIQDYHILTR	JAK2	hprd;psite	912
ENSP00000371067	JAK2	570	REVGDYGQLHE	JAK2	hprd;pelm;psite	912
ENSP00000371067	JAK2	790	NNCMDYEPDFR		psite	912
ENSP00000371067	JAK2	813	LFTPDYELLTE	JAK2	hprd;pelm;psite	912
ENSP00000371067	JAK2	940	GSLRDYLQKHK		psite	912
ENSP00000252244	KRT1	270	DYRNKYEDEIN		psite	531
ENSP00000252244	KRT1	358	EVKAQYEDIAQ		psite	531
ENSP00000252244	KRT1	377	LYQSKYEELQI		psite	531
ENSP00000167586	KRT14	204	DFRTKYETELN		psite	698
ENSP00000167586	KRT14	291	EMRDQYEKMAE		psite	698
ENSP00000308452	KRT17	260	EMRDQYEKMAE		psite	560
ENSP00000373487	KRT18	168	DFRVKYETELA		psite	431
ENSP00000373487	KRT18	256	DIRAQYDELAR		psite	431
ENSP00000373487	KRT18	363	RQAQEYEALLN		psite	431
ENSP00000355124	KRT19	256	DMRSQYEVMAE		psite	430
ENSP00000252242	KRT5	258	DFKNKYEDEIN		psite	780
ENSP00000252242	KRT5	346	EVKAQYEEIAN		psite	780
ENSP00000252242	KRT5	365	WYQTKYEELQQ		psite	780
ENSP00000369317	KRT6A	253	DFKNKYEDEIN		psite	447
ENSP00000369317	KRT6A	341	EVKAQYEEIAQ		psite	447
ENSP00000369317	KRT6A	360	WYQTKYEELQV		psite	447
ENSP00000329243	KRT7	55	AVRSAYGGPVG		psite	474
ENSP00000329243	KRT7	180	DFKNKYEDEIN		psite	474
ENSP00000329243	KRT7	268	EVKAQYEEMAK		psite	474
ENSP00000293308	KRT8	179	DFKNKYEDEIN		psite	517
ENSP00000293308	KRT8	228	FLRQLYEEEIR		hprd;psite	517
ENSP00000293308	KRT8	267	EVKAQYEDIAN		hprd;pelm;psite	517
ENSP00000293308	KRT8	286	MYQIKYEELQS		psite	517
ENSP00000357643	MKI67	241	PFWKLYESVKK		psite	466
ENSP00000357643	MKI67	340	ASFPLYEPAKM		psite	466
ENSP00000366915	KLF5	377	IHYCDYPGCTK		psite	821
ENSP00000256078	KRAS	32	HFVDEYDPTIE		psite	987
ENSP00000344668	KRIT1	260	LGAPDYSKIQI		psite	621
ENSP00000254770	LANCL2	295	KPSIDYVRHKK		psite	514
ENSP00000337825	LCK	51	DPLVTYEGSNP		psite	912
ENSP00000337825	LCK	192	DNGGFYISPRI	SYK	hprd;pelm;psite	912
ENSP00000337825	LCK	489	RPTFDYLRSVL		psite	912
ENSP00000300417	LRSAM1	256	NRFSDYEKRKE		psite	619
ENSP00000417281	MDM2	400	QESEDYSQPST	ABL1	hprd;pelm;psite	922
ENSP00000317272	MET	745	EDPIVYEIHPT		psite	903
ENSP00000317272	MET	989	SELVRYDARVH		psite	903
ENSP00000317272	MET	1021	NESVDYRATFP		hprd;pelm;psite	903
ENSP00000317272	MET	1248	LARDMYDKEYY	MET	hprd;pelm;psite	903
ENSP00000317272	MET	1331	CPDPLYEVMLK		pelm;psite	903
ENSP00000366702	ERRFI1	395	SSTHYYLLPER		hprd;pelm;psite	999
ENSP00000366702	ERRFI1	407	PYLDKYEKFFR		psite	999
ENSP00000299855	MMP3	42	YLENYYDLKKD		psite	938
ENSP00000354558	MTOR	1880	KTLLMYTVPAV		psite	973
ENSP00000338983	MUC1	236	HTHGRYVPPSS	PDGFRB	pelm;psite	997
ENSP00000338983	MUC1	247	TDRSPYEKVSA	EGFR;SRC	hprd;pelm;psite	997
ENSP00000338983	MUC1	261	GSSLSYTNPAV	ABL1	hprd;pelm;psite	997
ENSP00000367207	MYC	27	FTNRNYDLDYD		psite	542
ENSP00000367207	MYC	31	NYDLDYDSVQP		psite	542
ENSP00000223023	WASL	256	TSKVIYDFIEK	ABL1	hprd;pelm;psite	914
ENSP00000359074	L1CAM	1211	DSLADYGGSVD		psite	935
ENSP00000288986	NCK1	105	PGERLYDLNMP	ABL1	hprd;pelm;psite	997
ENSP00000288986	NCK1	268	PPQCDYIRPSL		hprd;pelm;psite	997
ENSP00000233154	NCK2	110	GADRIYDLNIP		hprd;pelm;psite	997
ENSP00000233154	NCK2	271	APQISYTGPSS		psite	997
ENSP00000253814	NDFIP1	55	AAYFDYKDESG		psite	619
ENSP00000218652	NDFIP2	171	VYGEFYPVPPP	SRC	psite	619
ENSP00000218652	NDFIP2	186	TSLPTYDEAEK		psite	619
ENSP00000383199	NEDD4L	485	PQPSPYNSPKP		psite	845
ENSP00000383199	NEDD4L	660	EKGLDYGGVAR		psite	845
ENSP00000250495	NEDD8	59	KTAADYKILGG		psite	619
ENSP00000364782	NEU1	251	VSGIPYGQPKQ		hprd;pelm;psite	841
ENSP00000263980	SLC9A1	659	LVADPYEEAWN		psite	913
ENSP00000263980	SLC9A1	708	SDPLAYEPKED		psite	913
ENSP00000277541	NOTCH1	2074	AREGSYETAKV		psite	942
ENSP00000256646	NOTCH2	2340	PLPTMYQIPEM		psite	402
ENSP00000263317	NOX4	491	ENRPDYVNIQL		psite	484
ENSP00000358548	NRAS	32	HFVDEYDPTIE		psite	987
ENSP00000349275	NRG1	530	VEDEEYETTQE		psite	979
ENSP00000349275	NRG1	536	ETTQEYEPAQE		psite	979
ENSP00000162330	BCAR1	12	LAKALYDNVAE		psite	593
ENSP00000162330	BCAR1	115	QPDSVYLVPTP	SRC	hprd;psite	593
ENSP00000162330	BCAR1	128	AQQGLYQVPGP	FGFR1;SRC	hprd;pelm;psite	593
ENSP00000162330	BCAR1	165	PATDLYQVPPG	PTK6;SRC	hprd;pelm;psite	593
ENSP00000162330	BCAR1	179	PAQDIYQVPPS	SRC	hprd;psite	593
ENSP00000162330	BCAR1	192	MGHDIYQVPPS	SRC	hprd;psite	593
ENSP00000162330	BCAR1	224	GQGYVYEAAQP		hprd;pelm;psite	593
ENSP00000162330	BCAR1	234	PEQDEYDIPRH	SRC	hprd;pelm;psite	593
ENSP00000162330	BCAR1	249	GPQDIYDVPPV	FGFR1	hprd;pelm;psite	593
ENSP00000162330	BCAR1	267	YGQEVYDTPPM	SRC	hprd;psite	593
ENSP00000162330	BCAR1	287	PLLEVYDVPPS	SRC	hprd;psite	593
ENSP00000162330	BCAR1	306	NHHAVYDVPPS	FGFR1	hprd;pelm;psite	593
ENSP00000162330	BCAR1	327	LREETYDVPPA	FGFR1	hprd;pelm;psite	593
ENSP00000162330	BCAR1	362	PAEDVYDVPPP	SRC	hprd;psite	593
ENSP00000162330	BCAR1	372	PAPDLYDVPPG		hprd;psite	593
ENSP00000162330	BCAR1	387	GPGTLYDVPRE	SRC	hprd;pelm;psite	593
ENSP00000162330	BCAR1	410	VDSGVYAVPPP	FGFR1;PTK2	hprd;pelm;psite	593
ENSP00000162330	BCAR1	653	SPDGQYENSEG	SRC	hprd;pelm;psite	593
ENSP00000162330	BCAR1	664	GWMEDYDYVHL	PTK2;PTK6	hprd;pelm;psite	593
ENSP00000162330	BCAR1	666	MEDYDYVHLQG	PTK2	hprd;psite	593
ENSP00000228872	CDKN1B	74	PLEGKYEWQEV	SRC;YES1	hprd;pelm;psite	632
ENSP00000228872	CDKN1B	88	SLPEFYYRPPR	ABL1;LYN;SRC;YES1	hprd;pelm;psite	632
ENSP00000228872	CDKN1B	89	LPEFYYRPPRP	ABL1;SRC;YES1	pelm;psite	632
ENSP00000229794	MAPK14	323	PVADPYDQSFE	FYN;LCK;ZAP70	pelm;psite	735
ENSP00000264731	TP63	149	TAPSPYAQPSS	ABL1	psite	421
ENSP00000264731	TP63	171	PSNTDYPGPHS	ABL1	psite	421
ENSP00000264731	TP63	290	SVLVPYEPPQV	ABL1	psite	421
ENSP00000367545	TP73	99	PTHSPYAQPSS	ABL1	hprd;pelm;psite	423
ENSP00000220597	PAG1	105	TCMQHYEEVQT		psite	909
ENSP00000220597	PAG1	163	GMEGPYEVLKD		hprd;pelm;psite	909
ENSP00000220597	PAG1	181	VEDCLYETVKE		hprd;pelm;psite	909
ENSP00000220597	PAG1	387	EPEPDYEAIQT		psite	909
ENSP00000220597	PAG1	417	PKENDYESISD		hprd;pelm;psite	909
ENSP00000278568	PAK1	153	KSAEDYNSSNA	JAK2	psite	670
ENSP00000261799	PDGFRB	562	QKKPRYEIRWK	PDGFRB	pelm;psite	708
ENSP00000261799	PDGFRB	581	GHEYIYVDPMQ	PDGFRB	hprd;pelm;psite	708
ENSP00000261799	PDGFRB	692	GDLVDYLHRNK		psite	708
ENSP00000261799	PDGFRB	751	DESVDYVPMLD	PDGFRB	hprd;pelm;psite	708
ENSP00000261799	PDGFRB	771	IESSNYMAPYD	PDGFRB	hprd;pelm;psite	708
ENSP00000261799	PDGFRB	775	NYMAPYDNYVP	PDGFRB	hprd;pelm;psite	708
ENSP00000261799	PDGFRB	934	ASDEIYEIMQK	ABL1	hprd;psite	708
ENSP00000261799	PDGFRB	1021	EGDNDYIIPLP	PDGFRB	hprd;pelm;psite	708
ENSP00000217971	PGRMC1	139	ALKDEYDDLSD		psite	805
ENSP00000265970	PIK3C2A	73	YNKQDYDLMVF		hprd;psite	683
ENSP00000356155	PIK3C2B	34	ALQMEYDALSR		psite	868
ENSP00000356155	PIK3C2B	68	PGVDFYSKPAG		psite	868
ENSP00000356155	PIK3C2B	127	SLSGDYLYIFD		psite	868
ENSP00000356155	PIK3C2B	228	LGSVDYDGIND		psite	868
ENSP00000289153	PIK3CB	246	VSPYDYVLQVS		psite	973
ENSP00000289153	PIK3CB	503	NKKQPYYYPPF		psite	973
ENSP00000289153	PIK3CB	504	KKQPYYYPPFD		psite	973
ENSP00000289153	PIK3CB	962	PFILTYDFIHV		psite	973
ENSP00000366563	PIK3CD	440	GERCLYMWPSV		pelm;psite	946
ENSP00000366563	PIK3CD	524	GSGELYEHEKD		pelm;psite	946
ENSP00000366563	PIK3CD	936	PFILTYDFVHV		psite	946
ENSP00000274335	PIK3R1	12	QYRALYDYKKE		psite	997
ENSP00000274335	PIK3R1	368	KMHGDYTLTLR	INSR	hprd;pelm;psite	997
ENSP00000274335	PIK3R1	463	EKSREYDRLYE		psite	997
ENSP00000274335	PIK3R1	467	EYDRLYEEYTR		hprd;pelm;psite	997
ENSP00000274335	PIK3R1	528	RIMHNYDKLKS		psite	997
ENSP00000222254	PIK3R2	460	DKSREYDQLYE		hprd;psite	970
ENSP00000222254	PIK3R2	464	EYDQLYEEYTR		hprd;pelm;psite	970
ENSP00000262741	PIK3R3	195	EKSKEYDRLYE		psite	840
ENSP00000262741	PIK3R3	199	EYDRLYEEYTR		psite	840
ENSP00000262741	PIK3R3	260	RIMMNYDKLKS		psite	840
ENSP00000262741	PIK3R3	373	AEDLLYGKPDG		psite	840
ENSP00000309591	PRKACA	205	CGTPEYLAPEI		psite	636
ENSP00000309591	PRKACA	331	SNFDDYEEEEI		hprd;psite	636
ENSP00000305355	PRKCB	507	CGTPDYIAPEI		psite	637
ENSP00000331602	PRKCD	64	FDAHIYEGRVI	LYN	hprd;pelm;psite	637
ENSP00000331602	PRKCD	514	CGTPDYIAPEI	LCK	hprd;psite	637
ENSP00000331602	PRKCD	630	KSPRDYSNFDQ		psite	637
ENSP00000333568	PRKD1	749	VGTPAYLAPEV		psite	676
ENSP00000070846	PKP2	108	PVPKTYDMLKA		psite	420
ENSP00000070846	PKP2	119	GTTATYEGRWG		psite	420
ENSP00000070846	PKP2	166	YTHSDYQYSQR		hprd;psite	420
ENSP00000070846	PKP2	597	GTIADYQPDDK		psite	420
ENSP00000244007	PLCG1	186	LSQVNYRVPNM		psite	999
ENSP00000244007	PLCG1	472	AEGSAYEEVPT	EGFR	hprd;pelm;psite	999
ENSP00000244007	PLCG1	771	TAEPDYGALYE	EGFR;LYN;SYK	hprd;pelm;psite	999
ENSP00000244007	PLCG1	775	DYGALYEGRNP		hprd;pelm;psite	999
ENSP00000244007	PLCG1	833	WWRGDYGGKKQ		psite	999
ENSP00000244007	PLCG1	959	SELVVYCRPVP		psite	999
ENSP00000244007	PLCG1	1254	SFESRYQQPFE	EGFR	hprd;pelm;psite	999
ENSP00000352336	PLCG2	753	DINSLYDVSRM	BTK;FYN;LCK;LYN;SRC	hprd;pelm;psite	827
ENSP00000352336	PLCG2	759	DVSRMYVDPSE	BTK;FYN;LCK;LYN;SRC;SYK	hprd;pelm;psite	827
ENSP00000352336	PLCG2	778	TVKALYDYKAK		psite	827
ENSP00000352336	PLCG2	780	KALYDYKAKRS		psite	827
ENSP00000352336	PLCG2	811	WWKGDYGTRIQ		psite	827
ENSP00000352336	PLCG2	936	SDLVVYCKPTS		psite	827
ENSP00000352336	PLCG2	1048	MRTEKYDPMPP		psite	827
ENSP00000352336	PLCG2	1217	NQLFLYDTHQN	BTK;LCK	hprd;pelm;psite	827
ENSP00000342793	PLD1	42	GEEVDYDVSPS		psite	669
ENSP00000263088	PLD2	511	WLGKDYSNLIT	SRC	psite	943
ENSP00000263088	PLD2	573	TTKAKYKTPTY		psite	943
ENSP00000263088	PLD2	580	TPTYPYLLPKS		psite	943
ENSP00000234313	PLEK	277	PAYLHYYDPAG		psite	515
ENSP00000234313	PLEK	278	AYLHYYDPAGA		psite	515
ENSP00000345494	PLSCR1	69	PNQPVYNQPVY	ABL1;SRC	hprd;pelm;psite	860
ENSP00000345494	PLSCR1	74	YNQPVYNQPVG	ABL1;SRC	hprd;pelm;psite	860
ENSP00000368349	POLA1	58	DFTGVYEEVDE		psite	514
ENSP00000368349	POLA1	942	DLILQYDIRQK		psite	514
ENSP00000415481	PROM1	828	DSEDVYDDVET	FYN;SRC	psite	430
ENSP00000357879	PSMD4	326	KEEDDYDVMQD		psite	498
ENSP00000361021	PTEN	336	DKANRYFSPNF	FRK	psite	954
ENSP00000248594	PTPN12	88	SQDSDYINANF		psite	828
ENSP00000248594	PTPN12	301	KQLQLYEIHGA		psite	828
ENSP00000360683	PTPN1	66	QEDNDYINASL	EGFR	hprd;pelm;psite	999
ENSP00000311857	PTPN2	32	NESHDYPHRVA		psite	888
ENSP00000311857	PTPN2	54	RDVSPYDHSRV		psite	888
ENSP00000348812	PTPRD	1392	ANVIAYDHSRV		psite	512
ENSP00000348812	PTPRD	1681	VNIMPYESTRV		psite	512
ENSP00000400010	PTPRJ	1077	NNVLPYDISRV		psite	900
ENSP00000400010	PTPRJ	1225	YLVRDYMKQSP		psite	900
ENSP00000400010	PTPRJ	1320	TAMTIYENLAP		psite	900
ENSP00000357209	PTPRK	832	NFSPRYENHSA		psite	817
ENSP00000357209	PTPRK	923	GNIIAYDHSRV		psite	817
ENSP00000357209	PTPRK	941	DPSSDYINANY		psite	817
ENSP00000349932	PTPRS	556	ESIIKYELLFR		psite	664
ENSP00000349932	PTPRS	1428	ANVIAYDHSRV		psite	664
ENSP00000349932	PTPRS	1717	VNIMPYESTRV		psite	664
ENSP00000349541	PTRF	316	SKTAVYKVPPF		psite	649
ENSP00000228307	PXN	31	SEETPYSYPTG	PTK2;PTK6	hprd;pelm;psite	702
ENSP00000228307	PXN	118	EEEHVYSFPNK	FYN;PTK2;PTK6	hprd;pelm;psite	702
ENSP00000228307	PXN	181	ALSPLYGVPET		hprd;pelm;psite	702
ENSP00000332816	PTK2B	440	FFGEVYEGVYT		psite	794
ENSP00000332816	PTK2B	579	IEDEDYYKASV	PTK2B	hprd;pelm;psite	794
ENSP00000332816	PTK2B	699	ERNARYRTPKI		psite	794
ENSP00000332816	PTK2B	722	PSRPKYRPPPQ		psite	794
ENSP00000332816	PTK2B	756	TSPMEYPSPVN		hprd;psite	794
ENSP00000332816	PTK2B	819	QMVEDYQWLRQ		psite	794
ENSP00000348461	RAC1	64	AGQEDYDRLRP	PTK2;SRC	psite	951
ENSP00000304283	RAC3	64	AGQEDYDRLRP		psite	542
ENSP00000274376	RASA1	164	LDGPEYEEEEV		psite	991
ENSP00000274376	RASA1	239	AMCGDYYIGGR		psite	991
ENSP00000286364	RASA2	785	GTIAVYQGPQK		psite	488
ENSP00000286364	RASA2	795	KEPDDYSNFVI		psite	488
ENSP00000335029	RASA3	757	GSKSVYDGPEQ		psite	488
ENSP00000267163	RB1	321	NLSKRYEEIYL		psite	499
ENSP00000267163	RB1	606	TAADMYLSPVR		hprd;pelm;psite	499
ENSP00000267163	RB1	790	IPRSPYKFPSS		psite	499
ENSP00000267163	RB1	805	PGGNIYISPLK	ABL1	psite	499
ENSP00000219551	RHBDL1	175	VRYVAYEILPC		psite	484
ENSP00000272233	RHOB	66	AGQEDYDRLRP		psite	523
ENSP00000310406	RIN1	36	AQDPLYDVPNA		hprd;pelm;psite	934
ENSP00000310406	RIN1	295	ESSVGYRVPAG		psite	934
ENSP00000310406	RIN1	632	LLRVAYQDPSS		psite	934
ENSP00000259808	RIPK1	426	AQQRPYENFQN		psite	663
ENSP00000360120	ROR1	789	PRYPNYMFPSQ		psite	628
ENSP00000357494	ROS1	2114	IYKNDYYRKRG		psite	650
ENSP00000401802	PSMC6	187	KGCLLYGPPGT		psite	497
ENSP00000401802	PSMC6	342	HGEIDYEAIVK		psite	497
ENSP00000307275	SCAMP3	53	EPPPAYEPPAP		hprd;pelm;psite	920
ENSP00000269886	SH3GL1	315	SCKALYDFEPE	PTK2;SRC	pelm;psite	829
ENSP00000361640	SH3GLB2	77	VEEFLYEKLDR		psite	800
ENSP00000364995	SHC3	406	GSSDIYSTPEG		psite	953
ENSP00000329668	SHC4	424	KCSSVYENCLE		psite	861
ENSP00000298229	INPPL1	663	PPTYRYERGSR		psite	876
ENSP00000298229	INPPL1	831	KSMDGYESYGE		psite	876
ENSP00000298229	INPPL1	886	TRERLYEWISI		hprd;pelm;psite	876
ENSP00000298229	INPPL1	1135	LSEVDYAPAGP		hprd;pelm;psite	876
ENSP00000298229	INPPL1	1162	GLPSDYGRPLS		hprd;pelm;psite	876
ENSP00000298229	INPPL1	1213	IGLERYEEGLV		psite	876
ENSP00000391592	PTPN6	61	NSGDFYDLYGG		hprd;psite	997
ENSP00000391592	PTPN6	301	IPGSDYINANY		psite	997
ENSP00000340944	PTPN11	62	QNTGDYYDLYG		hprd;pelm;psite	999
ENSP00000340944	PTPN11	63	NTGDYYDLYGG		hprd;pelm;psite	999
ENSP00000340944	PTPN11	179	CQELKYDVGGG		psite	999
ENSP00000340944	PTPN11	304	EPVSDYINANI		pelm;psite	999
ENSP00000340944	PTPN11	580	DSARVYENVGL	ALK	hprd;pelm;psite	999
ENSP00000228318	SLC25A3	141	CKFGFYEVFKV		psite	403
ENSP00000228318	SLC25A3	333	LQWFIYDSVKV		psite	403
ENSP00000262435	SMURF2	434	EEGLDYGGVAR		psite	920
ENSP00000368831	SNX2	203	YLHVGYIVPPA		psite	712
ENSP00000330341	SOCS3	204	GHLDSYEKVTQ	JAK2;LCK	pelm;psite	732
ENSP00000384675	SOS1	155	RNIRHYEITKQ		psite	998
ENSP00000384675	SOS1	618	LTYHMYADPNF		psite	998
ENSP00000216373	SOS2	616	LTYHMYADPNF		psite	976
ENSP00000216373	SOS2	679	RFRKEYVQPVQ		psite	976
ENSP00000216373	SOS2	1320	SHPPLYRLPLL		psite	976
ENSP00000244745	SOX4	123	KHMADYPDYKY		psite	828
ENSP00000244745	SOX4	126	ADYPDYKYRPR		psite	828
ENSP00000343785	SPRY1	89	NVNNNYEHRHT		psite	941
ENSP00000366306	SPRY2	191	CKECTYPRPLP		psite	993
ENSP00000366306	SPRY2	215	QNVIDYGTCVC		psite	993
ENSP00000366306	SPRY2	283	LCQGCYDRVNR		psite	993
ENSP00000350941	SRC	522	AFLEDYFTSTE		psite	999
ENSP00000354394	STAT1	170	DLQDEYDFKCK		psite	999
ENSP00000264657	STAT3	686	EAFGKYCRPES		hprd;psite	999
ENSP00000341208	STAT5A	668	LSYLIYVFPDR		psite	965
ENSP00000341208	STAT5A	682	EVFSKYYTPVL		psite	965
ENSP00000341208	STAT5A	694	KAVDGYVKPQI	BTK;JAK2;JAK3;LCK;LYN;SRC;SYK	hprd;pelm;psite	965
ENSP00000293328	STAT5B	392	NTRNDYSGEIL		psite	995
ENSP00000293328	STAT5B	668	LNYLIYVFPDR		hprd;psite	995
ENSP00000293328	STAT5B	682	EVYSKYYTPVP		psite	995
ENSP00000293328	STAT5B	699	KAVDGYVKPQI	EGFR;HCK;PTK6;SRC	hprd;pelm;psite	995
ENSP00000171887	TNS1	327	SVSVDYNTSDP		pelm;psite	530
ENSP00000171887	TNS1	339	IRWDSYDNFSG		pelm;psite	530
ENSP00000171887	TNS1	561	GGGYPYESASR		psite	530
ENSP00000171887	TNS1	796	RSYSPYDYQPC		pelm;psite	530
ENSP00000171887	TNS1	798	YSPYDYQPCLA		psite	530
ENSP00000171887	TNS1	903	ASDGQYENQSP		pelm;psite	530
ENSP00000171887	TNS1	1144	TVGSSYSSPDY		psite	530
ENSP00000171887	TNS1	1149	YSSPDYSLQHF		pelm;psite	530
ENSP00000171887	TNS1	1326	VAYGGYSTPED		pelm;psite	530
ENSP00000171887	TNS1	1345	SSASGYQAPST		psite	530
ENSP00000171887	TNS1	1440	PDFSKYSMPDN		psite	530
ENSP00000312143	TNS3	333	IRWDSYENLSA		hprd;pelm;psite	409
ENSP00000312143	TNS3	549	GMDGPYERERT		psite	409
ENSP00000312143	TNS3	780	LSLGQYDNDAG		hprd;pelm;psite	409
ENSP00000312143	TNS3	802	KAGVDYAPNLP		hprd;psite	409
ENSP00000363089	TLR4	674	RGENIYDAFVI		psite	942
ENSP00000354522	TOP1	125	PEDDGYFVPPK		hprd;psite	435
ENSP00000354522	TOP1	444	KDWQKYETARR		psite	435
ENSP00000354522	TOP1	723	TSKLNYLDPRI		psite	435
ENSP00000411532	TOP2A	328	GRHVDYVADQI		psite	432
ENSP00000343129	TRIM29	474	KRYSMYLTPKG		hprd;psite	408
ENSP00000219476	TSC2	1760	CEEAAYSNPSL		psite	425
ENSP00000219476	TSC2	1788	EPTPGYEVGQR		psite	425
ENSP00000301071	TUBA1A	161	RLSVDYGKKSK		psite	652
ENSP00000301071	TUBA1A	172	LEFSIYPAPQV		psite	652
ENSP00000301071	TUBA1A	210	DNEAIYDICRR		psite	652
ENSP00000301071	TUBA1A	357	KVGINYQPPTV		psite	652
ENSP00000301071	TUBA1A	432	ALEKDYEEVGV		psite	652
ENSP00000401317	TUBB	208	DNEALYDICFR		psite	489
ENSP00000315644	TYMS	153	DMESDYSGQGV		hprd;psite	516
ENSP00000388107	UBA52	59	RTLSDYNIQKE		psite	962
ENSP00000304697	UBB	59	RTLSDYNIQKE		psite	977
ENSP00000344818	UBC	59	RTLSDYNIQKE		psite	999
ENSP00000277575	USP6NL	56	WEDADYLVYKV		psite	928
ENSP00000277575	USP6NL	568	STASQYDNVPG		psite	928
ENSP00000277575	USP6NL	649	AHPPSYSNPPV		psite	928
ENSP00000277575	USP6NL	702	SPEKSYSRPSP		psite	928
ENSP00000277575	USP6NL	746	IPPVDYLPDNR		hprd;pelm;psite	928
ENSP00000277575	USP6NL	821	PSGYPYSGPPP		hprd;psite	928
ENSP00000302239	USP8	717	KLKRSYSSPDI		hprd;pelm;psite	993
ENSP00000360916	VAV2	159	LGEDIYDCVPC	EGFR;LCK	hprd;pelm;psite	998
ENSP00000360916	VAV2	172	GGDDIYEDIIK	EGFR;LCK	hprd;pelm;psite	998
ENSP00000359073	VAV3	173	EGGEVYEDLMK	SRC	psite	876
ENSP00000359073	VAV3	508	NIRPDYADSNF		psite	876
ENSP00000359073	VAV3	667	PKPVDYSCQPW		psite	876
ENSP00000359073	VAV3	797	IAIARYDFCAR		psite	876
ENSP00000282397	FLT1	794	EIKTDYLSIIM		hprd;pelm;psite	441
ENSP00000282397	FLT1	1048	LARDIYKNPDY		hprd;pelm;psite	441
ENSP00000282397	FLT1	1053	YKNPDYVRKGD		hprd;pelm;psite	441
ENSP00000282397	FLT1	1169	QDGKDYIPINA	FLT1	hprd;pelm;psite	441
ENSP00000282397	FLT1	1242	SMFDDYQGDSS	FLT1	hprd;pelm;psite	441
ENSP00000282397	FLT1	1327	SPPPDYNSVVL	FLT1	hprd;pelm;psite	441
ENSP00000282397	FLT1	1333	NSVVLYSTPPI	FLT1	hprd;pelm;psite	441
ENSP00000263923	KDR	951	RQGKDYVGAIP	KDR	hprd;pelm;psite	456
ENSP00000263923	KDR	1054	LARDIYKDPDY	KDR	hprd;pelm;psite	456
ENSP00000263923	KDR	1059	YKDPDYVRKGD	KDR	hprd;pelm;psite	456
ENSP00000263923	KDR	1175	QDGKDYIVLPI	KDR;SRC	hprd;pelm;psite	456
ENSP00000263923	KDR	1214	DPKFHYDNTAG	KDR	hprd;pelm;psite	456
ENSP00000224237	VIM	150	RLGDLYEEEMR		psite	693
ENSP00000224237	VIM	276	DVRQQYESVAA		psite	693
ENSP00000211998	VCL	100	LQSDPYSVPAR	SRC	hprd;psite	429
ENSP00000211998	VCL	107	VPARDYLIDGS		psite	429
ENSP00000211998	VCL	692	GNQAAYEHFET		hprd;pelm;psite	429
ENSP00000327650	VPS33B	312	NLQAQYDRRRG		psite	700
ENSP00000327650	VPS33B	501	RVDGEYDLKVP		psite	700
ENSP00000356602	VTA1	285	GSALQYEDVST		psite	423
ENSP00000365891	WAS	291	TSKLIYDFIED	ABL1;BTK;HCK;LCK;LYN;TNK2	hprd;pelm;psite	686
ENSP00000386156	WIBG	45	EEVPVYENKYV		psite	800
ENSP00000347858	XIAP	139	ETHADYLLRTG		psite	428
ENSP00000282441	YAP1	407	LSMSSYSVPRT	ABL1	hprd;psite	655
ENSP00000361626	YBX1	208	GRRPQYSNPPV		psite	864
ENSP00000324740	YES1	100	IFVALYDYEAR		psite	949
ENSP00000324740	YES1	146	YIPSNYVAPAD		psite	949
ENSP00000314709	ZHX2	705	ADDHGYDAVAR		psite	752
ENSP00000227322	ZNF259	451	MKTEGYEAGLA		psite	687
ENSP00000281537	TJP1	132	NEEDSYDEEIH		hprd;pelm;psite	748
ENSP00000281537	TJP1	588	LASVQYTLPKT		hprd;pelm;psite	748
ENSP00000281537	TJP1	843	RHTSDYEDTDT		hprd;psite	748
ENSP00000281537	TJP1	931	SSPVPYLSPET		psite	748
ENSP00000281537	TJP1	1039	EPNLTYEPQLP		psite	748
ENSP00000281537	TJP1	1061	QPTYRYESSSY		psite	748
ENSP00000281537	TJP1	1074	QFSRNYEHRLR		psite	748
ENSP00000281537	TJP1	1087	DRVPMYEEQWS		psite	748
ENSP00000281537	TJP1	1140	PAPLSYDSRPR		psite	748
ENSP00000281537	TJP1	1146	DSRPRYEQAPR		psite	748
ENSP00000281537	TJP1	1165	QPAPGYDTHGR		psite	748
ENSP00000281537	TJP1	1199	QYSRSYEQVPP		psite	748
ENSP00000281537	TJP1	1324	HDKTLYRIPEP		psite	748
ENSP00000281537	TJP1	1346	VRSNHYDPEED		psite	748
ENSP00000281537	TJP1	1419	FGEKRYEPIQA		hprd;psite	748
ENSP00000281537	TJP1	1435	PLPSQYAQPSQ		hprd;pelm;psite	748
ENSP00000264033	CBL	337	FREGFYLFPDG		pelm	999
ENSP00000344468	SDC3	431	QASVTYQKPDK	EPHB4	hprd;pelm	900
ENSP00000335153	HSP90AA1	789	LVILLYETALL		hprd	982
ENSP00000304895	IRS1	732	PCTGDYMNMSP	JAK1	hprd	609
ENSP00000269571	ERBB2	923	FGAKPYDGIPA		hprd	999
ENSP00000368438	PCNA	250	GHLKYYLAPKI		hprd	859
ENSP00000219476	TSC2	602	HYKHSYTLPIA		hprd	425
ENSP00000256646	NOTCH2	2023	AREGSYEAAKI		hprd	402
ENSP00000342235	ERBB4	1022	MDAEEYLVPQA		hprd	641
ENSP00000380066	MAP4K1	232	MTKSGYQPPRL	ABL1	hprd	637
ENSP00000293328	STAT5B	98	QLQNTYDRCPM		hprd	995
ENSP00000371341	TNK2	596	TQKPTYDPVSE		hprd	988
ENSP00000350512	COPS5	261	LTNADYTTGQV		hprd	406
ENSP00000273221	IQSEC1	407	KRQSAYERSLG		hprd	899
