name	EIF2AK2
id	ENSP00000233057
type	Serine/threonine kinase
proline+1_removed	Yes
npartners	136
npartners_with_sites	109
nsites	123
//
motif	score	fg_matches	fg_size	bg_matches	bg_size	fold_increase
R.R..[ST].....	18.35	23	863	34	9383	7.35
.....[ST]..E..	6.95	97	840	620	9349	1.74
//
prot_id	prot_name	position	flank	kinase	source	string_score
ENSP00000357459	ADAR	1089	VTRDGSAFEDG		psite	477
ENSP00000351908	MAP3K5	83	RGRGSSVGGGS	AKT1;AKT2;PIM1	hprd;pelm;psite	623
ENSP00000351908	MAP3K5	115	SEALQSLREAC		psite	623
ENSP00000351273	CASP8	322	RDRNGTHLDAG		psite	666
ENSP00000369213	DDX58	770	ILRLQTWDEAV	CSNK2A1	psite	615
ENSP00000369213	DDX58	854	KPKQFSSFEKR	CSNK2A1	psite	615
ENSP00000356520	DHX9	452	RISAVSVAERV		hprd;psite	569
ENSP00000343745	DICER1	413	NYVSWSDSEDD		psite	768
ENSP00000236051	EBNA1BP2	9	PPLSDSESESD		hprd;pelm;psite	569
ENSP00000351811	EDC4	809	RHNTPSLLEAA		hprd;pelm;psite	569
ENSP00000351811	EDC4	967	AELRHSQEELL		psite	569
ENSP00000256383	EIF2S1	58	RRRIRSINKLI		hprd;psite	998
ENSP00000373952	FANCA	1149	RSRDPSLMVDF	AKT1	hprd;pelm;psite	424
ENSP00000246802	GLTSCR2	444	RDRFKSFQRRN		psite	569
ENSP00000395772	GNL3	490	EDDKDSDQETV		hprd;psite	569
ENSP00000354040	GTPBP4	468	AGEYDSVSESE		hprd;pelm;psite	569
ENSP00000354040	GTPBP4	470	EYDSVSESEDE		hprd;pelm;psite	569
ENSP00000354040	GTPBP4	472	DSVSESEDEEM		hprd;pelm;psite	569
ENSP00000354040	GTPBP4	558	RKREDSAPPSS		hprd;pelm;psite	569
ENSP00000319690	HNRNPC	31	LVVKKSDVEAI		psite	569
ENSP00000319690	HNRNPC	209	KQKVDSLLENL		psite	569
ENSP00000319690	HNRNPC	233	MKNDKSEEEQS		hprd;pelm;psite	569
ENSP00000319690	HNRNPC	260	GGADDSAEEGD	CSNK1A1;CSNK2A1	hprd;pelm;psite	569
ENSP00000365370	HNRNPCL1	31	LVVKKSDVEAI		hprd;psite	569
ENSP00000365370	HNRNPCL1	196	KQKVDSLLENL		hprd;psite	569
ENSP00000199389	EIF2AK1	258	SLEVLSDQEED		hprd;psite	860
ENSP00000199389	EIF2AK1	295	KRFGESDTENQ		hprd;psite	860
ENSP00000364802	HSPA1A	265	VRRLRTACERA		psite	631
ENSP00000364802	HSPA1A	312	SDLFRSTLEPV		psite	631
ENSP00000364802	HSPA1A	636	SGSGPTIEEVD		hprd;psite	631
ENSP00000302961	HSPA4	415	AEEGSSDCEVF		hprd;psite	824
ENSP00000335153	HSP90AA1	194	PSKLDSGKELH		psite	621
ENSP00000335153	HSP90AA1	353	RDKEVSDDEAE	CSNK2A1	hprd;pelm;psite	621
ENSP00000335153	HSP90AA1	385	IEDVGSDEEEE	CSNK2A1	hprd;pelm;psite	621
ENSP00000335153	HSP90AA1	688	QEEKKTKFENL		psite	621
ENSP00000335153	HSP90AA1	763	INPDHSIIETL		hprd;psite	621
ENSP00000335153	HSP90AA1	848	GDDDTSRMEEV		hprd;pelm;psite	621
ENSP00000216797	NFKBIA	283	QMLPESEDEES	CSNK2A1	hprd;pelm;psite	926
ENSP00000216797	NFKBIA	291	EESYDTESEFT	CSNK2A1	hprd;pelm;psite	926
ENSP00000216797	NFKBIA	299	EFTEFTEDELP	CSNK2A1	psite	926
ENSP00000359424	CHUK	23	RERLGTGGFGN	AKT1;AKT2	hprd;pelm;psite	848
ENSP00000355011	ILF2	52	APDETSFSEAL		psite	621
ENSP00000245414	IRF1	219	VSPMPSTSEAT		psite	844
ENSP00000304895	IRS1	270	RPRSKSQSSSN	ATR;IKBKB;RPS6KB1	hprd;pelm;psite	550
ENSP00000304895	IRS1	303	GLTRRSRTESI		psite	550
ENSP00000304895	IRS1	307	RSRTESITATS	IKBKB;PRKCD;RPS6KB1	hprd;pelm;psite	550
ENSP00000304895	IRS1	330	RVRASSDGEGT	CSNK2B	hprd;psite	550
ENSP00000304895	IRS1	527	RKRTHSAGTSP	IKBKB;RPS6KB1	hprd;pelm;psite	550
ENSP00000304895	IRS1	1101	RRRHSSETFSS	PRKCQ;RPS6KA1;RPS6KB1	hprd;pelm;psite	550
ENSP00000365016	IRS2	306	RPRSKSQSSGS		hprd;pelm;psite	459
ENSP00000365016	IRS2	346	RSRTDSLAATP		hprd;pelm;psite	459
ENSP00000365016	IRS2	363	SCRVRTASEGD		hprd;pelm;psite	459
ENSP00000365016	IRS2	365	RVRTASEGDGG		hprd;pelm;psite	459
ENSP00000365016	IRS2	523	SNTPESIAETP		hprd;pelm;psite	459
ENSP00000365016	IRS2	577	RKRTYSLTTPA		hprd;pelm;psite	459
ENSP00000365016	IRS2	594	QPSSASLDEYT		hprd;pelm;psite	459
ENSP00000365016	IRS2	735	SSPAESSPEDS		hprd;pelm;psite	459
ENSP00000365016	IRS2	1109	GVKRLSLMEQV		hprd;pelm;psite	459
ENSP00000365016	IRS2	1149	RRRHSSETFSS		hprd;pelm;psite	459
ENSP00000343204	JAK1	1030	TKAIETDKEYY		psite	678
ENSP00000343204	JAK1	1107	TRLVNTLKEGK		hprd;psite	678
ENSP00000345917	LYAR	258	KQRKDSASEEE		pelm;psite	569
ENSP00000345917	LYAR	260	RKDSASEEEAH		psite	569
ENSP00000345917	LYAR	276	RKRRHSEVETD		hprd;pelm;psite	569
ENSP00000325312	METAP2	29	EEGAASTAEEA		psite	629
ENSP00000325312	METAP2	63	KESGASVDEVA		hprd;pelm;psite	629
ENSP00000325312	METAP2	74	RQLERSALEDK		hprd;pelm;psite	629
ENSP00000262445	MAP2K4	80	RLRTHSIESSG	AKT1	hprd;pelm;psite	803
ENSP00000404121	ILF3	469	DMGLPTGAEGR		hprd;pelm;psite	990
ENSP00000404121	ILF3	477	EGRDSSKGEDS		hprd;pelm;psite	990
ENSP00000404121	ILF3	482	SKGEDSAEETE		hprd;pelm;psite	990
ENSP00000404121	ILF3	651	RGRGGSIRGRG	AKT1;PRKCB	psite	990
ENSP00000360412	NOC3L	115	LTRDLSSSEPV		hprd;psite	569
ENSP00000360412	NOC3L	227	ASAILSDPENN		hprd;psite	569
ENSP00000382392	NOP2	107	RPAPGSDEEEE		hprd;psite	576
ENSP00000382392	NOP2	177	AGIQWSEEETE		hprd;pelm;psite	576
ENSP00000382392	NOP2	181	WSEEETEDEEE		hprd;pelm;psite	576
ENSP00000382392	NOP2	258	REEGRSRSEYL		hprd;psite	576
ENSP00000296930	NPM1	125	EEDAESEDEEE	ATR	hprd;pelm;psite	846
ENSP00000296930	NPM1	242	TPKGPSSVEDI		hprd;psite	846
ENSP00000296930	NPM1	279	NCFRMTDQEAI		hprd;pelm;psite	846
ENSP00000229794	MAPK14	16	QELNKTIWEVP		hprd;psite	814
ENSP00000229794	MAPK14	175	GLARHTDDEMT		hprd;psite	814
ENSP00000269305	TP53	284	GRDRRTEEENL	AURKB	psite	910
ENSP00000361949	PABPC4	206	EVDDESLKELF		psite	569
ENSP00000361949	PABPC4	341	GFVCFSSPEEA		psite	569
ENSP00000318176	PRKRA	130	LNPIGSLQELA		psite	998
ENSP00000318176	PRKRA	167	ICRLESFMETG		psite	998
ENSP00000261461	PPP2R5A	49	FRSQGSQAELH		psite	621
ENSP00000260045	PRKRIR	141	NAQNPSEEEGE		psite	692
ENSP00000348461	RAC1	71	RLRPLSYPQTV	AKT1	hprd;psite	619
ENSP00000380903	ROBO3	1370	RSRSQSRSQSQ		psite	659
ENSP00000260956	SSB	225	DAEMKSLEEKI		psite	569
ENSP00000260956	SSB	366	KTKFASDDEHD	CSNK2A1	hprd;pelm;psite	569
ENSP00000260956	SSB	389	RAREETDKEEP		psite	569
ENSP00000360922	STAU1	176	VNGRESEEENL		psite	780
ENSP00000360922	STAU1	277	IVKPQTSPEYG		psite	780
ENSP00000360922	STAU1	390	FFEPGSGDENG		hprd;psite	780
ENSP00000358335	MAP3K7	333	SNKSDTNMEQV		psite	633
ENSP00000358335	MAP3K7	393	MSADMSEIEAR		psite	633
ENSP00000262033	PTGES3	151	DDSQDSDDEKM		hprd;pelm;psite	621
ENSP00000354522	TOP1	10	HLHNDSQIEAD	CSNK2A1	hprd;pelm;psite	582
ENSP00000366396	XRN2	499	RKAEDSDSEPE		hprd;pelm;psite	770
ENSP00000366396	XRN2	501	AEDSDSEPEPE		hprd;pelm;psite	770
ENSP00000319690	HNRNPC	100	AGVKRSAAEMY		hprd;pelm	569
ENSP00000381599	MX1	85	SSGKSSVLEAL		hprd	685
ENSP00000304895	IRS1	88	LVALYTRDEHF	CSNK2B	hprd	550
ENSP00000304895	IRS1	99	AIAADSEAEQD	CSNK2B	hprd	550
ENSP00000319690	HNRNPC	107	AEMYGSVTEHP		hprd	569
ENSP00000382392	NOP2	146	GADSNSEDEEE		hprd	576
ENSP00000315768	STAT2	542	SWADFTKRESP		hprd	487
ENSP00000358335	MAP3K7	446	QDLTVTGTEPG		hprd	633
ENSP00000361202	IRS4	877	SPSKPSDHEPP		hprd	459
ENSP00000361202	IRS4	64	ATGSRSDSESE		hprd	459
ENSP00000361202	IRS4	66	GSRSDSESEEE		hprd	459
ENSP00000361202	IRS4	68	RSDSESEEEDL		hprd	459
ENSP00000395772	GNL3	494	DSDQETVDEEV		hprd	569
ENSP00000377344	DDX60	1637	RGRKMSLNAYA		hprd	482
ENSP00000321347	STRBP	465	DIECMSSDEKS		hprd	621
ENSP00000321347	STRBP	470	SSDEKSDNESK		hprd	621
ENSP00000401980	MAVS	407	SAWLDSSSENR		hprd	666
ENSP00000236051	EBNA1BP2	19	DESLVTDRELQ		hprd	569
ENSP00000360860	IFIT5	355	EGGQYSNAEDI		hprd	608
