name	EIF2AK3
id	ENSP00000307235
type	Serine/threonine kinase
proline+1_removed	Yes
npartners	106
npartners_with_sites	94
nsites	127
//
motif	score	fg_matches	fg_size	bg_matches	bg_size	fold_increase
..R..[ST].....	10.3	73	614	483	9383	2.31
.....[ST].D...	6.45	54	541	423	8900	2.1
//
prot_id	prot_name	position	flank	kinase	source	string_score
ENSP00000340691	EIF4EBP1	85	GVTSPSSDEPP		hprd;pelm;psite	412
ENSP00000253792	ACLY	455	PSRTASFSESR	PRKACA	hprd;pelm;psite	803
ENSP00000253792	ACLY	979	GHRVKSINNPD		psite	803
ENSP00000295897	ALB	336	ADFVESKDVCK		psite	534
ENSP00000293288	BAX	140	TIMGWTLDFLR		psite	425
ENSP00000311032	CASP3	26	IHGSESMDSGI		hprd;psite	643
ENSP00000311032	CASP3	150	GDRCRSLTGKP	MAPK14	pelm;psite	643
ENSP00000351273	CASP8	322	RDRNGTHLDAG		psite	430
ENSP00000227507	CCND1	90	LDRFLSLEPVK	PRKACA	hprd;pelm;psite	900
ENSP00000227507	CCND1	234	LTRFLSRVIKC	PRKACA	hprd;pelm;psite	900
ENSP00000216264	CERK	427	LIRKCSRFNFL		psite	428
ENSP00000340671	DDIT3	30	LQEVLSSDENG	CSNK2A1	hprd;pelm;psite	752
ENSP00000387699	CREB1	98	LKRLFSGTQIS	PRKD1	psite	659
ENSP00000387699	CREB1	108	STIAESEDSQE	CSNK1A1;CSNK2A1	psite	659
ENSP00000387699	CREB1	114	EDSQESVDSVT	CSNK1A1	psite	659
ENSP00000387699	CREB1	133	LSRRPSYRKIL	ATM;CAMK4;CAMKK1;DYRK3;MAP3K8;MAPKAPK2;PRKACA;PRKCE;PRKD1;RPS6KA1;RPS6KA2;RPS6KA3;RPS6KA4;RPS6KA5;SGK1;TSSK4	hprd;pelm;psite	659
ENSP00000387699	CREB1	142	ILNDLSSDAPG		hprd;pelm;psite	659
ENSP00000360216	DNTT	132	VRRDYSDSTNP		psite	416
ENSP00000345571	E2F1	364	LSRMGSLRAPV	CHEK1;CHEK2	hprd;pelm;psite	409
ENSP00000256383	EIF2S1	58	RRRIRSINKLI		hprd;psite	998
ENSP00000394869	EIF2B4	211	YSRQNSLTQFM		psite	427
ENSP00000273783	EIF2B5	466	DDGEFSDDSGA	CSNK1A1	hprd;pelm;psite	629
ENSP00000273783	EIF2B5	532	SESEQSMDSEE		hprd;psite	629
ENSP00000336702	EIF5A	39	DLDFETGDAGA		hprd;psite	462
ENSP00000297494	NOS3	495	ITRKKTFKEVA	PRKACA;PRKCA;PRKG2	pelm;psite	478
ENSP00000297494	NOS3	615	KIRFNSISCSD	AKT1;PRKACA	pelm;psite	478
ENSP00000297494	NOS3	633	RKRKESSNTDS	PRKAA1;PRKACA;PRKG2	hprd;pelm;psite	478
ENSP00000297494	NOS3	1175	TSRIRTQSFSL		hprd;psite	478
ENSP00000297494	NOS3	1177	RIRTQSFSLQE	AKT1;PRKAA1;PRKACA;PRKG2	hprd;pelm;psite	478
ENSP00000304592	FASN	1174	IPRDPSQQELP		psite	825
ENSP00000304592	FASN	1183	LPRLLSAACRL		psite	825
ENSP00000304592	FASN	2236	LMRLNSVQSSE		hprd;pelm;psite	825
ENSP00000264498	FGF2	254	RSRKYTSWYVA		pelm;psite	866
ENSP00000306245	FOS	362	AHRKGSSSNEP	PRKACA;RPS6KA1;RPS6KA3	hprd;pelm;psite	546
ENSP00000229239	GAPDH	83	QERDPSKIKWG		hprd;pelm;psite	609
ENSP00000229239	GAPDH	187	TATQKTVDGPS		psite	609
ENSP00000229239	GAPDH	237	AFRVPTANVSV	AKT2	psite	609
ENSP00000334458	GATA4	262	PQRRLSASRRV	PRKACA	pelm;psite	822
ENSP00000324173	HSPA5	229	DLGGGTFDVSL	HSPA5	psite	992
ENSP00000299767	HSP90B1	42	KSREGSRTDDE		psite	807
ENSP00000299767	HSP90B1	44	REGSRTDDEVV		psite	807
ENSP00000299767	HSP90B1	306	EEKEESDDEAA		hprd;psite	807
ENSP00000299767	HSP90B1	468	KLVRKTLDMIK		psite	807
ENSP00000259254	GYPC	104	TEFAESADAAL		psite	803
ENSP00000302961	HSPA4	76	HGRAFSDPFVE		hprd;pelm;psite	430
ENSP00000302961	HSPA4	113	EERNFTTEQVT		hprd;psite	430
ENSP00000302961	HSPA4	393	KVREFSITDVV		psite	430
ENSP00000335153	HSP90AA1	174	ELISNSSDALD		psite	693
ENSP00000335153	HSP90AA1	185	KIRYESLTDPS		psite	693
ENSP00000335153	HSP90AA1	212	QDRTLTIVDTG	PRKACA	hprd;psite	693
ENSP00000335153	HSP90AA1	353	RDKEVSDDEAE	CSNK2A1	hprd;pelm;psite	693
ENSP00000335153	HSP90AA1	374	KEEKESEDKPE		hprd;pelm;psite	693
ENSP00000335153	HSP90AA1	439	FYKSLTNDWED		psite	693
ENSP00000335153	HSP90AA1	513	RGVVDSEDLPL	PNCK	psite	693
ENSP00000335153	HSP90AA1	745	ALRDNSTMGYM		psite	693
ENSP00000270139	IFNAR1	532	YSSQTSQDSGN		psite	814
ENSP00000216797	NFKBIA	32	DDRHDSGLDSM	CHUK;CSNK2A1;IKBKB;IKBKE;RPS6KA1;RPS6KA3;SGK1	hprd;pelm;psite	832
ENSP00000216797	NFKBIA	283	QMLPESEDEES	CSNK2A1	hprd;pelm;psite	832
ENSP00000216797	NFKBIA	288	SEDEESYDTES	CSNK2A1	hprd;pelm;psite	832
ENSP00000216797	NFKBIA	299	EFTEFTEDELP	CSNK2A1	psite	832
ENSP00000304895	IRS1	268	EFRPRSKSQSS	IKBKB	hprd;pelm;psite	428
ENSP00000304895	IRS1	270	RPRSKSQSSSN	ATR;IKBKB;RPS6KB1	hprd;pelm;psite	428
ENSP00000304895	IRS1	305	TRRSRTESITA		psite	428
ENSP00000304895	IRS1	307	RSRTESITATS	IKBKB;PRKCD;RPS6KB1	hprd;pelm;psite	428
ENSP00000304895	IRS1	329	FRVRASSDGEG		psite	428
ENSP00000304895	IRS1	330	RVRASSDGEGT	CSNK2B	hprd;psite	428
ENSP00000304895	IRS1	341	MSRPASVDGSP	IKBKB	hprd;pelm;psite	428
ENSP00000304895	IRS1	527	RKRTHSAGTSP	IKBKB;RPS6KB1	hprd;pelm;psite	428
ENSP00000304895	IRS1	603	HHRPDSSTLHT		psite	428
ENSP00000304895	IRS1	608	SSTLHTDDGYM		psite	428
ENSP00000304895	IRS1	629	SGRKGSGDYMP	AKT1	hprd;pelm;psite	428
ENSP00000304895	IRS1	1100	CRRRHSSETFS		hprd;psite	428
ENSP00000304895	IRS1	1101	RRRHSSETFSS	PRKCQ;RPS6KA1;RPS6KB1	hprd;pelm;psite	428
ENSP00000304895	IRS1	1143	VKRHSSASFEN		hprd;psite	428
ENSP00000304895	IRS1	1223	STRRSSEDLSA		hprd;pelm;psite	428
ENSP00000345083	MAP2K3	222	DSVAKTMDAGC	MAP2K3;MAP3K11	hprd;pelm;psite	813
ENSP00000262445	MAP2K4	78	IERLRTHSIES		psite	827
ENSP00000262445	MAP2K4	80	RLRTHSIESSG	AKT1	hprd;pelm;psite	827
ENSP00000262445	MAP2K4	261	DSIAKTRDAGC	MAP2K4;MAP3K11;MAP3K5	hprd;pelm;psite	827
ENSP00000354558	MTOR	909	GMIDQSRDASA		psite	562
ENSP00000354558	MTOR	1162	HPIVRTLDQSP		hprd;pelm;psite	562
ENSP00000354558	MTOR	1821	KLRHASGANIT		psite	562
ENSP00000354558	MTOR	1870	LQKKVTEDLSK		psite	562
ENSP00000354558	MTOR	2444	NKRSRTRTDSY		hprd;psite	562
ENSP00000354558	MTOR	2446	RSRTRTDSYSA	AKT1;RPS6KB1	hprd;pelm;psite	562
ENSP00000354558	MTOR	2448	RTRTDSYSAGQ	AKT1;RPS6KB1	hprd;pelm;psite	562
ENSP00000229794	MAPK14	123	KCQKLTDDHVQ	ADRBK1	psite	844
ENSP00000229794	MAPK14	175	GLARHTDDEMT		hprd;psite	844
ENSP00000269305	TP53	55	IEQWFTEDPGP	GRK5;MAPK1;TAF1	hprd;pelm;psite	502
ENSP00000269305	TP53	366	GSRAHSSHLKS	CHEK2	hprd;psite	502
ENSP00000355759	PARP1	782	LLRGGSDDSSK		hprd;pelm;psite	430
ENSP00000355759	PARP1	786	GSDDSSKDPID		psite	430
ENSP00000263967	PIK3CA	312	YSRRISTATPY		psite	500
ENSP00000263967	PIK3CA	313	SRRISTATPYM		psite	500
ENSP00000289153	PIK3CB	961	VPFILTYDFIH		psite	462
ENSP00000366563	PIK3CD	520	LERRGSGELYE		psite	430
ENSP00000366563	PIK3CD	935	VPFILTYDFVH		psite	430
ENSP00000366563	PIK3CD	1039	LAHNVSKDNRQ	PIK3CD	hprd;pelm;psite	430
ENSP00000352121	PIK3CG	582	HFRYESLKHPK		psite	430
ENSP00000352121	PIK3CG	746	MLQKVTLDIKS		psite	430
ENSP00000352121	PIK3CG	1024	ALRHHTNLLII		psite	430
ENSP00000326366	PSEN1	310	AQRRVSKNSKY	PRKACA	hprd;pelm;psite	851
ENSP00000326366	PSEN1	324	STERESQDTVA		psite	851
ENSP00000355747	PSEN2	327	EMEEDSYDSFG	CSNK1D	hprd;pelm;psite	835
ENSP00000361021	PTEN	382	YRYSDTTDSDP	CSNK2A1;PRKCZ;STK11	hprd;pelm;psite	497
ENSP00000401802	PSMC6	258	GGRRFSEGTSA		psite	430
ENSP00000265565	SCAP	822	RQRRDSGVGSG		hprd;psite	428
ENSP00000264657	STAT3	691	YCRPESQEHPE		hprd;pelm;psite	516
ENSP00000264657	STAT3	721	TTCSNTIDLPM		psite	516
ENSP00000295987	SYN1	9	LRRRLSDSNFM	PRKACA	hprd;psite	815
ENSP00000295987	SYN1	449	LGRQTSQQPAG		psite	815
ENSP00000295987	SYN1	605	PTRQASQAGPV	CAMK2G	hprd;pelm;psite	815
ENSP00000388107	UBA52	57	DGRTLSDYNIQ		hprd;psite	514
ENSP00000226760	WFS1	235	LERLVSSESKN		psite	868
ENSP00000314709	ZHX2	713	VARKATKPMAE		psite	653
ENSP00000302961	HSPA4	576	KVKTSTVDLPI		hprd;pelm	430
ENSP00000265565	SCAP	904	AVCGRSRDSPG		hprd;pelm	428
ENSP00000232014	BCL6	308	EERPSSEDEIA		hprd	420
ENSP00000335153	HSP90AA1	129	PEETQTQDQPM	PRKDC	hprd	693
ENSP00000335153	HSP90AA1	826	DEDDPTADDTS		hprd	693
ENSP00000304895	IRS1	88	LVALYTRDEHF	CSNK2B	hprd	428
ENSP00000348069	SREBF1	1049	FQRDLSSLRRL		hprd	825
ENSP00000295987	SYN1	568	ATRQTSVSGPA	CAMK2G	hprd	815
ENSP00000304592	FASN	1594	PGKWTSQDSLL		hprd	825
ENSP00000273783	EIF2B5	51	VLVADSFDRRF	CSNK1A1	hprd	629
ENSP00000417229	EIF2A	528	VSQSISGDPEI		hprd	560
ENSP00000356156	PPP1R15B	679	KRIQETEDAIG		hprd	583
