name	EIF2AK1
id	ENSP00000199389
type	Serine/threonine kinase
proline+1_removed	Yes
npartners	60
npartners_with_sites	53
nsites	91
//
motif	score	fg_matches	fg_size	bg_matches	bg_size	fold_increase
.....[ST].D...	7.78	46	389	444	9383	2.5
....D[ST].....	6.11	39	343	430	8939	2.36
//
prot_id	prot_name	position	flank	kinase	source	string_score
ENSP00000313603	ABCF1	108	KLSVPTSDEED		hprd;pelm;psite	455
ENSP00000373082	ABCF1	108	KLSVPTSDEED		hprd;pelm;psite	455
ENSP00000389065	ABCF1	108	KLSVPTSDEED		hprd;pelm;psite	455
ENSP00000411327	ABCF1	108	KLSVPTSDEED		hprd;pelm;psite	455
ENSP00000412553	ABCF1	108	KLSVPTSDEED		hprd;pelm;psite	455
ENSP00000413319	ABCF1	108	KLSVPTSDEED		hprd;pelm;psite	455
ENSP00000414373	ABCF1	108	KLSVPTSDEED		hprd;pelm;psite	455
ENSP00000336790	ATF4	219	PSDNDSGICMS		pelm;psite	411
ENSP00000222005	CDC37	13	DHIEVSDDEDE	CSNK2A1;CSNK2A2	hprd;pelm;psite	950
ENSP00000222005	CDC37	118	PWNVDTLSKDG		psite	950
ENSP00000222005	CDC37	120	NVDTLSKDGFS		psite	950
ENSP00000222005	CDC37	370	EAVPKTGDEKD		psite	950
ENSP00000203001	TRMT6	107	KSQKLTQDDIK		hprd;pelm;psite	404
ENSP00000203001	TRMT6	187	HMRYDTLAQML		psite	404
ENSP00000203001	TRMT6	305	QENEDSMAEAP		psite	404
ENSP00000203001	TRMT6	325	TMETISQDPEH		hprd;psite	404
ENSP00000256383	EIF2S1	281	KVVTDTDETEL		psite	994
ENSP00000273783	EIF2B5	466	DDGEFSDDSGA	CSNK1A1	hprd;pelm;psite	644
ENSP00000273783	EIF2B5	469	EFSDDSGADQE	CSNK1A1	hprd;pelm;psite	644
ENSP00000273783	EIF2B5	532	SESEQSMDSEE		hprd;psite	644
ENSP00000273783	EIF2B5	535	EQSMDSEEPDS	GSK3B	hprd;pelm;psite	644
ENSP00000273783	EIF2B5	540	SEEPDSRGGSP	GSK3B	hprd;psite	644
ENSP00000353575	EIF2B3	260	KKELKSLDIYS		psite	478
ENSP00000216554	EIF5	207	DWGEDTTEEAQ	CSNK2A1	psite	495
ENSP00000216554	EIF5	229	KVLTLSDDLER		hprd;pelm;psite	495
ENSP00000289371	EIF5B	9	KQKNKSEDSTK		hprd;pelm;psite	442
ENSP00000289371	EIF5B	107	KGKKQSFDDND		hprd;pelm;psite	442
ENSP00000289371	EIF5B	113	FDDNDSEELED		hprd;pelm;psite	442
ENSP00000289371	EIF5B	137	EMYSGSDDDDD		hprd;pelm;psite	442
ENSP00000289371	EIF5B	186	NSSGESGDESD		hprd;pelm;psite	442
ENSP00000289371	EIF5B	435	GVEVPSKDSLP		psite	442
ENSP00000289371	EIF5B	438	VPSKDSLPKKR		hprd;psite	442
ENSP00000289371	EIF5B	498	EEEEDTEDAGL		hprd;psite	442
ENSP00000289371	EIF5B	588	PSKEMSSDSEY		hprd;pelm;psite	442
ENSP00000289371	EIF5B	591	EMSSDSEYDSD		hprd;pelm;psite	442
ENSP00000289371	EIF5B	595	DSEYDSDDDRT		hprd;pelm;psite	442
ENSP00000300648	GCN1L1	786	SAQQDSIKKAN		hprd;psite	867
ENSP00000324173	HSPA5	229	DLGGGTFDVSL	HSPA5	psite	438
ENSP00000299767	HSP90B1	44	REGSRTDDEVV		psite	697
ENSP00000299767	HSP90B1	306	EEKEESDDEAA		hprd;psite	697
ENSP00000299767	HSP90B1	468	KLVRKTLDMIK		psite	697
ENSP00000335153	HSP90AA1	174	ELISNSSDALD		psite	744
ENSP00000335153	HSP90AA1	194	PSKLDSGKELH		psite	744
ENSP00000335153	HSP90AA1	216	LTIVDTGIGMT		psite	744
ENSP00000335153	HSP90AA1	353	RDKEVSDDEAE	CSNK2A1	hprd;pelm;psite	744
ENSP00000335153	HSP90AA1	374	KEEKESEDKPE		hprd;pelm;psite	744
ENSP00000335153	HSP90AA1	439	FYKSLTNDWED		psite	744
ENSP00000335153	HSP90AA1	513	RGVVDSEDLPL	PNCK	psite	744
ENSP00000335153	HSP90AA1	575	GIHEDSQNRKK		psite	744
ENSP00000335153	HSP90AA1	847	EGDDDTSRMEE		hprd;pelm;psite	744
ENSP00000216797	NFKBIA	32	DDRHDSGLDSM	CHUK;CSNK2A1;IKBKB;IKBKE;RPS6KA1;RPS6KA3;SGK1	hprd;pelm;psite	800
ENSP00000216797	NFKBIA	36	DSGLDSMKDEE	CHUK;CSNK2A1;IKBKB;IKBKE	hprd;pelm;psite	800
ENSP00000216797	NFKBIA	283	QMLPESEDEES	CSNK2A1	hprd;pelm;psite	800
ENSP00000216797	NFKBIA	288	SEDEESYDTES	CSNK2A1	hprd;pelm;psite	800
ENSP00000216797	NFKBIA	291	EESYDTESEFT	CSNK2A1	hprd;pelm;psite	800
ENSP00000216797	NFKBIA	299	EFTEFTEDELP	CSNK2A1	psite	800
ENSP00000312988	NFKBIB	19	DEWCDSGLGSL	CHUK;RPS6KA1	hprd;pelm;psite	800
ENSP00000303315	JUNB	251	VPEARSRDATP	GSK3B	hprd;pelm;psite	616
ENSP00000325448	KARS	615	VATTDTLESTT		psite	418
ENSP00000345083	MAP2K3	218	GYLVDSVAKTM	MAP2K3;MAP3K11;MAP3K5;MAP3K8	hprd;pelm;psite	800
ENSP00000345083	MAP2K3	222	DSVAKTMDAGC	MAP2K3;MAP3K11	hprd;pelm;psite	800
ENSP00000262445	MAP2K4	257	GQLVDSIAKTR	MAP2K4;MAP3K11	hprd;pelm;psite	800
ENSP00000262445	MAP2K4	261	DSIAKTRDAGC	MAP2K4;MAP3K11;MAP3K5	hprd;pelm;psite	800
ENSP00000381066	MAP2K7	271	GRLVDSKAKTR	MAP3K1	pelm;psite	800
ENSP00000380252	NFE2L2	344	FNDSDSGISLN		psite	809
ENSP00000229794	MAPK14	123	KCQKLTDDHVQ	ADRBK1	psite	884
ENSP00000229794	MAPK14	175	GLARHTDDEMT		hprd;psite	884
ENSP00000215659	MAPK12	180	ARQADSEMTGY		psite	819
ENSP00000233057	EIF2AK2	258	KETKYTVDKRF	EIF2AK2	hprd;pelm;psite	860
ENSP00000326031	PPP1CA	11	KLNLDSIIGRL		hprd;psite	413
ENSP00000310448	SART1	321	YAEDESVDDLA		psite	667
ENSP00000310448	SART1	430	PLGDQTQDGDF		hprd;pelm;psite	667
ENSP00000310448	SART1	463	PQPLPSDDTRV		hprd;pelm;psite	667
ENSP00000310448	SART1	466	LPSDDTRVENM		hprd;pelm;psite	667
ENSP00000310448	SART1	521	QQLRDSGEKVV		hprd;psite	667
ENSP00000310448	SART1	695	EYRGFTQDFKE		hprd;pelm;psite	667
ENSP00000310448	SART1	761	LKKMSSSDTPL		psite	667
ENSP00000374399	TRMT61A	262	PAGSDTSPFRS		psite	411
ENSP00000289371	EIF5B	12	NKSEDSTKDDI		hprd;pelm	442
ENSP00000289371	EIF5B	13	KSEDSTKDDID		hprd;pelm	442
ENSP00000252818	JUND	265	PIDMDTQERIK		hprd;pelm	616
ENSP00000335153	HSP90AA1	129	PEETQTQDQPM	PRKDC	hprd	744
ENSP00000335153	HSP90AA1	826	DEDDPTADDTS		hprd	744
ENSP00000335153	HSP90AA1	830	PTADDTSAAVT		hprd	744
ENSP00000299767	HSP90B1	774	DTTEDTEQDED		hprd	697
ENSP00000299767	HSP90B1	150	LHVTDTGVGMT		hprd	697
ENSP00000351997	MAP2K6	35	PRDLDSKACIS		hprd	800
ENSP00000273783	EIF2B5	51	VLVADSFDRRF	CSNK1A1	hprd	644
ENSP00000289371	EIF5B	121	LEDKDSKSKKT		hprd	442
ENSP00000417229	EIF2A	528	VSQSISGDPEI		hprd	581
ENSP00000300648	GCN1L1	332	RQCSDSSAMES		hprd	867
