name	EIF2AK4
id	ENSP00000263791
type	Serine/threonine kinase
proline+1_removed	Yes
npartners	59
npartners_with_sites	47
nsites	134
//
motif	score	fg_matches	fg_size	bg_matches	bg_size	fold_increase
....D[ST].....	9.72	61	509	459	9383	2.45
.....[ST]..E..	7.67	62	448	580	8924	2.13
//
prot_id	prot_name	position	flank	kinase	source	string_score
ENSP00000411471	ABCF3	161	ASQAGSRKESR		psite	455
ENSP00000362300	AGO1	822	DKEHDSGEGSH		psite	804
ENSP00000336790	ATF4	219	PSDNDSGICMS		pelm;psite	902
ENSP00000330054	EEF1A1	157	VNKMDSTEPPY		psite	832
ENSP00000256383	EIF2S1	281	KVVTDTDETEL		psite	996
ENSP00000273783	EIF2B5	469	EFSDDSGADQE	CSNK1A1	hprd;pelm;psite	777
ENSP00000273783	EIF2B5	525	NMEEESESESE		hprd;psite	777
ENSP00000273783	EIF2B5	527	EEESESESEQS		hprd;psite	777
ENSP00000273783	EIF2B5	535	EQSMDSEEPDS	GSK3B	hprd;pelm;psite	777
ENSP00000273783	EIF2B5	540	SEEPDSRGGSP	GSK3B	hprd;psite	777
ENSP00000332604	EIF3C	9	FFTTGSDSESE		hprd;pelm;psite	524
ENSP00000332604	EIF3C	11	TTGSDSESESS		hprd;pelm;psite	524
ENSP00000332604	EIF3C	18	SESSLSGEELV		hprd;pelm;psite	524
ENSP00000332604	EIF3C	39	QPLLLSEDEED		hprd;pelm;psite	524
ENSP00000332604	EIF3C	45	EDEEDTKRVVR		hprd;psite	524
ENSP00000332604	EIF3C	166	QNPEQSADEDA		hprd;pelm;psite	524
ENSP00000332604	EIF3C	178	KNEEDSEGSSD		hprd;pelm;psite	524
ENSP00000332604	EIF3C	181	EDSEGSSDEDE		hprd;pelm;psite	524
ENSP00000332604	EIF3C	262	LKKAPTTDEDK		psite	524
ENSP00000332604	EIF3C	446	RGCILTLVERM		hprd;psite	524
ENSP00000332604	EIF3C	865	AEKLGSLVENN		psite	524
ENSP00000370258	EIF3CL	9	FFTTGSDSESE		psite	564
ENSP00000370258	EIF3CL	11	TTGSDSESESS		psite	564
ENSP00000370258	EIF3CL	18	SESSLSGEELV		psite	564
ENSP00000370258	EIF3CL	39	QPLLLSEDEED		psite	564
ENSP00000370258	EIF3CL	45	EDEEDTKRVVR		psite	564
ENSP00000370258	EIF3CL	166	QNPEQSADEDA		psite	564
ENSP00000370258	EIF3CL	178	KNEEDSEGSSD		psite	564
ENSP00000370258	EIF3CL	181	EDSEGSSDEDE		psite	564
ENSP00000370258	EIF3CL	262	LKKAPTTDEDK		psite	564
ENSP00000370258	EIF3CL	447	RGCILTLVERM		psite	564
ENSP00000370258	EIF3CL	866	AEKLGSLVENN		psite	564
ENSP00000316879	EIF4G1	1066	SRPIDTSRLTK		psite	429
ENSP00000316879	EIF4G1	1080	PGSIDSNNQLF		hprd;psite	429
ENSP00000316879	EIF4G1	1209	LRKAASLTEDR		hprd;pelm;psite	429
ENSP00000316879	EIF4G1	1238	LKAALSEEELE		hprd;psite	429
ENSP00000216554	EIF5	207	DWGEDTTEEAQ	CSNK2A1	psite	647
ENSP00000216554	EIF5	390	AEEESSGGEEE	CSNK2A1	hprd;pelm;psite	647
ENSP00000289371	EIF5B	113	FDDNDSEELED		hprd;pelm;psite	624
ENSP00000289371	EIF5B	182	RSRINSSGESG		hprd;pelm;psite	624
ENSP00000289371	EIF5B	186	NSSGESGDESD		hprd;pelm;psite	624
ENSP00000289371	EIF5B	214	GPNIESGNEDD		hprd;pelm;psite	624
ENSP00000289371	EIF5B	303	KAETPTAAEDD		psite	624
ENSP00000289371	EIF5B	411	KLLTKSQREAR		psite	624
ENSP00000289371	EIF5B	438	VPSKDSLPKKR		hprd;psite	624
ENSP00000289371	EIF5B	498	EEEEDTEDAGL		hprd;psite	624
ENSP00000289371	EIF5B	511	WEAMASDEETE		hprd;psite	624
ENSP00000289371	EIF5B	547	EEDEESEEEEE		hprd;pelm;psite	624
ENSP00000289371	EIF5B	589	SKEMSSDSEYD		hprd;pelm;psite	624
ENSP00000289371	EIF5B	591	EMSSDSEYDSD		hprd;pelm;psite	624
ENSP00000289371	EIF5B	595	DSEYDSDDDRT		hprd;pelm;psite	624
ENSP00000363559	EIF6	239	TSMRDSLIDSL		hprd;pelm;psite	675
ENSP00000345681	GATA2	216	VKYQVSLTESM		psite	800
ENSP00000300648	GCN1L1	786	SAQQDSIKKAN		hprd;psite	971
ENSP00000300648	GCN1L1	800	ENKAYSFKEQI		psite	971
ENSP00000299767	HSP90B1	44	REGSRTDDEVV		psite	657
ENSP00000299767	HSP90B1	306	EEKEESDDEAA		hprd;psite	657
ENSP00000299767	HSP90B1	786	EMDVGTDEEEE		hprd;pelm;psite	657
ENSP00000366672	DTD1	197	DRSASSGAEGD		hprd;pelm;psite	794
ENSP00000335153	HSP90AA1	194	PSKLDSGKELH		psite	456
ENSP00000335153	HSP90AA1	216	LTIVDTGIGMT		psite	456
ENSP00000335153	HSP90AA1	353	RDKEVSDDEAE	CSNK2A1	hprd;pelm;psite	456
ENSP00000335153	HSP90AA1	385	IEDVGSDEEEE	CSNK2A1	hprd;pelm;psite	456
ENSP00000335153	HSP90AA1	513	RGVVDSEDLPL	PNCK	psite	456
ENSP00000335153	HSP90AA1	575	GIHEDSQNRKK		psite	456
ENSP00000335153	HSP90AA1	688	QEEKKTKFENL		psite	456
ENSP00000335153	HSP90AA1	763	INPDHSIIETL		hprd;psite	456
ENSP00000335153	HSP90AA1	847	EGDDDTSRMEE		hprd;pelm;psite	456
ENSP00000335153	HSP90AA1	848	GDDDTSRMEEV		hprd;pelm;psite	456
ENSP00000325875	HSP90AB1	67	PSKLDSGKELK		psite	443
ENSP00000325875	HSP90AB1	89	LTLVDTGIGMT	PNCK	psite	443
ENSP00000325875	HSP90AB1	226	REKEISDDEAE	CSNK2A1	hprd;pelm;psite	443
ENSP00000325875	HSP90AB1	255	IEDVGSDEEDD	AURKB;CSNK2A1	hprd;pelm;psite	443
ENSP00000325875	HSP90AB1	261	DEEDDSGKDKK		hprd;pelm;psite	443
ENSP00000325875	HSP90AB1	297	NPDDITQEEYG		hprd;pelm;psite	443
ENSP00000325875	HSP90AB1	365	VFIMDSCDELI		psite	443
ENSP00000325875	HSP90AB1	445	GIHEDSTNRRR		hprd;psite	443
ENSP00000325875	HSP90AB1	718	GDEDASRMEEV	PLK3	hprd;psite	443
ENSP00000216797	NFKBIA	32	DDRHDSGLDSM	CHUK;CSNK2A1;IKBKB;IKBKE;RPS6KA1;RPS6KA3;SGK1	hprd;pelm;psite	800
ENSP00000216797	NFKBIA	36	DSGLDSMKDEE	CHUK;CSNK2A1;IKBKB;IKBKE	hprd;pelm;psite	800
ENSP00000216797	NFKBIA	283	QMLPESEDEES	CSNK2A1	hprd;pelm;psite	800
ENSP00000216797	NFKBIA	291	EESYDTESEFT	CSNK2A1	hprd;pelm;psite	800
ENSP00000216797	NFKBIA	299	EFTEFTEDELP	CSNK2A1	psite	800
ENSP00000312988	NFKBIB	19	DEWCDSGLGSL	CHUK;RPS6KA1	hprd;pelm;psite	800
ENSP00000245414	IRF1	219	VSPMPSTSEAT		psite	800
ENSP00000360266	JUN	231	KEEPQTVPEMP	CSNK2A1	hprd;pelm;psite	649
ENSP00000252818	JUND	251	VPDVPSFGESP		hprd;pelm;psite	616
ENSP00000325448	KARS	615	VATTDTLESTT		psite	440
ENSP00000345083	MAP2K3	218	GYLVDSVAKTM	MAP2K3;MAP3K11;MAP3K5;MAP3K8	hprd;pelm;psite	800
ENSP00000262445	MAP2K4	257	GQLVDSIAKTR	MAP2K4;MAP3K11	hprd;pelm;psite	800
ENSP00000381066	MAP2K7	271	GRLVDSKAKTR	MAP3K1	pelm;psite	800
ENSP00000380252	NFE2L2	344	FNDSDSGISLN		psite	800
ENSP00000229794	MAPK14	16	QELNKTIWEVP		hprd;psite	821
ENSP00000229794	MAPK14	175	GLARHTDDEMT		hprd;psite	821
ENSP00000215659	MAPK12	180	ARQADSEMTGY		psite	818
ENSP00000324122	PRPF31	379	QANRMSFGEIE		psite	590
ENSP00000324122	PRPF31	482	QKYFSSMAEFL		hprd;psite	590
ENSP00000310448	SART1	84	HGRERSQAEPS		psite	577
ENSP00000310448	SART1	189	LGKIKTLGEDD		psite	577
ENSP00000310448	SART1	448	GRRRVSEVEEE		hprd;pelm;psite	577
ENSP00000310448	SART1	466	LPSDDTRVENM		hprd;pelm;psite	577
ENSP00000310448	SART1	474	ENMDISDEEEG		hprd;pelm;psite	577
ENSP00000310448	SART1	521	QQLRDSGEKVV		hprd;psite	577
ENSP00000310448	SART1	598	NGGSESDGEEN		hprd;pelm;psite	577
ENSP00000310448	SART1	686	IDDKYSRREEY		psite	577
ENSP00000358770	SLK	189	IQRRDSFIGTP		hprd;pelm;psite	465
ENSP00000358770	SLK	347	DLSIASSEEDK		hprd;pelm;psite	465
ENSP00000358770	SLK	370	EKTERSNSEDK		hprd;psite	465
ENSP00000358770	SLK	518	IQAVDSEVGLT		psite	465
ENSP00000358770	SLK	565	KVDEDSAEDTQ		hprd;psite	465
ENSP00000358770	SLK	569	DSAEDTQSNDG		hprd;pelm;psite	465
ENSP00000358770	SLK	646	EITESSSTEEM		hprd;psite	465
ENSP00000358770	SLK	777	SKTKDSGSISL		hprd;pelm;psite	465
ENSP00000358770	SLK	781	DSGSISLQETR		psite	465
ENSP00000358770	SLK	816	KIVTDSDSKTE		hprd;psite	465
ENSP00000358770	SLK	818	VTDSDSKTEEL		hprd;pelm;psite	465
ENSP00000358770	SLK	1188	RPRKKTLEEEF		psite	465
ENSP00000374399	TRMT61A	262	PAGSDTSPFRS		psite	441
ENSP00000289371	EIF5B	12	NKSEDSTKDDI		hprd;pelm	624
ENSP00000252818	JUND	265	PIDMDTQERIK		hprd;pelm	616
ENSP00000335153	HSP90AA1	830	PTADDTSAAVT		hprd	456
ENSP00000299767	HSP90B1	774	DTTEDTEQDED		hprd	657
ENSP00000299767	HSP90B1	792	DEEEETAKEST		hprd	657
ENSP00000299767	HSP90B1	150	LHVTDTGVGMT		hprd	657
ENSP00000351997	MAP2K6	35	PRDLDSKACIS		hprd	800
ENSP00000216554	EIF5	174	ENGSVSSSETP	CSNK2B	hprd	647
ENSP00000273783	EIF2B5	51	VLVADSFDRRF	CSNK1A1	hprd	777
ENSP00000316879	EIF4G1	1199	SRERPSQPEGL		hprd	429
ENSP00000289371	EIF5B	121	LEDKDSKSKKT		hprd	624
ENSP00000358770	SLK	637	EEPGTTEGEEI		hprd	465
ENSP00000358770	SLK	647	ITESSSTEEME		hprd	465
ENSP00000358770	SLK	750	ENDNDSGTGST		hprd	465
ENSP00000358770	SLK	527	LTKEDTQEKLG		hprd	465
ENSP00000300648	GCN1L1	332	RQCSDSSAMES		hprd	971
