name	EPHA4
id	ENSP00000281821
type	Tyrosine kinase
proline+1_removed	No
npartners	67
npartners_with_sites	53
nsites	15
//
motif	score	fg_matches	fg_size	bg_matches	bg_size	fold_increase
...P.Y...E.	13.42	12	252	27	10000	17.64
//
prot_id	prot_name	position	flank	kinase	source	string_score
ENSP00000361423	ABL1	251	GVSPNYDKWEM		hprd;pelm;psite	816
ENSP00000361423	ABL1	331	REPPFYIITEF		psite	816
ENSP00000259089	BLK	309	TKEPIYIVTEY		psite	899
ENSP00000204961	EFNB1	329	YGHPVYIVQEM		hprd;pelm;psite	947
ENSP00000245323	EFNB2	316	YGHPVYIVQEM		pelm;psite	997
ENSP00000357656	FYN	339	SEEPIYIVTEY		psite	965
ENSP00000357656	FYN	531	ATEPQYQPGEN	CSK	hprd;pelm;psite	965
ENSP00000365012	HCK	330	TKEPIYIITEF		psite	900
ENSP00000394794	PTPN13	363	KMDPIYHTREL		psite	424
ENSP00000274376	RASA1	164	LDGPEYEEEEV		psite	880
ENSP00000350941	SRC	338	SEEPIYIVTEY	SRC	pelm;psite	962
ENSP00000350941	SRC	530	STEPQYQPGEN	CSK;FGR;SRC	hprd;pelm;psite	962
ENSP00000324740	YES1	345	SEEPIYIVTEF		psite	901
ENSP00000324740	YES1	537	ATEPQYQPGEN	CSK	hprd;pelm;psite	901
ENSP00000359958	ZRANB2	93	CNTPKYAKLEE		psite	461
