name	EPHA2
id	ENSP00000351209
type	Tyrosine kinase
proline+1_removed	No
npartners	108
npartners_with_sites	85
nsites	192
//
motif	score	fg_matches	fg_size	bg_matches	bg_size	fold_increase
.....Y.VPP.	328.54	11	537	0	10000	Inf
.....Y..P..	9.82	67	526	544	10000	2.34
.....YE....	6.43	60	459	621	9456	1.99
...P.Y.....	6.08	47	399	483	8835	2.15
//
prot_id	prot_name	position	flank	kinase	source	string_score
ENSP00000361423	ABL1	134	WVPSNYITPVN	FYN;HCK;LYN	hprd;pelm;psite	832
ENSP00000361423	ABL1	147	EKHSWYHGPVS	FYN;HCK;LYN	psite	832
ENSP00000361423	ABL1	186	SISLRYEGRVY		psite	832
ENSP00000361423	ABL1	234	ITTLHYPAPKR	FYN;HCK;LYN	psite	832
ENSP00000361423	ABL1	251	GVSPNYDKWEM		hprd;pelm;psite	832
ENSP00000361423	ABL1	276	QYGEVYEGVWK		hprd;pelm;psite	832
ENSP00000361423	ABL1	331	REPPFYIITEF		psite	832
ENSP00000361423	ABL1	488	CPEKVYELMRA	ABL1	hprd;pelm;psite	832
ENSP00000272065	ACP1	50	AATSGYEIGNP		psite	973
ENSP00000272065	ACP1	133	IEDPYYGNDSD	FYN;LCK	hprd;psite	973
ENSP00000270202	AKT1	315	CGTPEYLAPEV	PTK6;RET;SRC	hprd;psite	424
ENSP00000270202	AKT1	417	VWQHVYEKKLS		psite	424
ENSP00000295897	ALB	164	LKKYLYEIARR		hprd;pelm;psite	411
ENSP00000295897	ALB	365	RRHPDYSVVLL		psite	411
ENSP00000295897	ALB	377	RLAKTYETTLE		psite	411
ENSP00000298316	ARF6	163	SGDGLYEGLTW		psite	906
ENSP00000339826	PIK3AP1	419	EADAVYESMAH		psite	405
ENSP00000339826	PIK3AP1	694	VEFGVYESGPR	ABL1	hprd;psite	405
ENSP00000303507	BCR	177	AEKPFYVNVEF	ABL1;FES;FYN;HCK;LYN	hprd;pelm;psite	659
ENSP00000303507	BCR	231	ASRPPYRGRSS		pelm;psite	659
ENSP00000303507	BCR	246	GVDGDYEDAEL	FES	hprd;pelm;psite	659
ENSP00000303507	BCR	436	GTPPGYGCAAD		hprd;pelm;psite	659
ENSP00000303507	BCR	554	KVPELYEIHKE		psite	659
ENSP00000303507	BCR	852	LISSDYERAEW		psite	659
ENSP00000259089	BLK	188	DEGGYYISPRI		psite	904
ENSP00000259089	BLK	309	TKEPIYIVTEY		psite	904
ENSP00000272298	CALM2	139	DGQVNYEEFVQ	INSR	hprd;psite	462
ENSP00000291295	CALM3	139	DGQVNYEEFVQ	INSR	hprd;psite	462
ENSP00000349467	CALM1	139	DGQVNYEEFVQ	INSR	hprd;psite	461
ENSP00000264033	CBL	141	GKERMYEENSQ		psite	996
ENSP00000264033	CBL	368	VTQEQYELYCE		pelm;psite	996
ENSP00000264033	CBL	455	APSPNYDDDDD		hprd;psite	996
ENSP00000264033	CBL	700	EEDTEYMTPSS	EGFR;FYN;INSR;LCK;SYK;YES1	hprd;pelm;psite	996
ENSP00000264033	CBL	731	IDSCTYEAMYN	EGFR;FYN;LCK;SRC;SYK;YES1	hprd;pelm;psite	996
ENSP00000264033	CBL	774	NEDDGYDVPKP	EGFR;FYN;LCK;SRC;SYK;YES1	hprd;pelm;psite	996
ENSP00000261769	CDH1	797	MSVPRYLPRPA		psite	874
ENSP00000344115	CDH5	725	GDGPPYDTLHI		psite	734
ENSP00000344115	CDH5	733	LHIYGYEGSES		psite	734
ENSP00000300574	CRK	221	PEPGPYAQPSV	ABL1;ABL2;EGFR	hprd;pelm;psite	461
ENSP00000300574	CRK	239	QNGPIYARVIQ		hprd;psite	461
ENSP00000304669	CTNNA1	563	SEMDNYEPGVY		psite	899
ENSP00000344456	CTNNB1	64	TSQVLYEWEQG	PTK6	psite	966
ENSP00000344456	CTNNB1	333	MRTYTYEKLLW	PTK6;SRC	psite	966
ENSP00000344456	CTNNB1	489	AVRLHYGLPVV	ABL1	psite	966
ENSP00000344456	CTNNB1	716	QDDPSYRSFHS		psite	966
ENSP00000382004	CTNND1	217	GYSRHYEDGYP		hprd;pelm;psite	918
ENSP00000382004	CTNND1	248	PSMEGYRAPSR		psite	918
ENSP00000382004	CTNND1	321	RRLRSYEDMIG		hprd;pelm;psite	918
ENSP00000382004	CTNND1	335	PSDQYYWAPLA		psite	918
ENSP00000382004	CTNND1	656	SPARGYELLFQ		psite	918
ENSP00000382004	CTNND1	904	SLDNNYSTPNE		hprd;pelm;psite	918
ENSP00000233668	DOK1	296	SPPALYAEPLD		hprd;pelm;psite	485
ENSP00000233668	DOK1	315	SQDSLYSDPLD		hprd;pelm;psite	485
ENSP00000233668	DOK1	337	RKKPLYWDLYE		hprd;pelm;psite	485
ENSP00000233668	DOK1	341	LYWDLYEHAQQ		hprd;pelm;psite	485
ENSP00000233668	DOK1	362	KEDPIYDEPEG	INSR	hprd;pelm;psite	485
ENSP00000233668	DOK1	377	PPQGLYDLPRE		hprd;pelm;psite	485
ENSP00000233668	DOK1	398	VKEEGYELPYN	INSR;RET	hprd;pelm;psite	485
ENSP00000233668	DOK1	409	PATDDYAVPPP		hprd;pelm;psite	485
ENSP00000276420	DOK2	192	PGTQLYDWPYR		psite	401
ENSP00000276420	DOK2	271	RPDSPYSRPHD		hprd;pelm;psite	401
ENSP00000276420	DOK2	299	GQEGEYAVPFD		hprd;pelm;psite	401
ENSP00000276420	DOK2	330	LADPLYDSIEE		psite	401
ENSP00000276420	DOK2	345	RPDHIYDEPEG		hprd;pelm;psite	401
ENSP00000276420	DOK2	357	AALSLYDSPQE		psite	401
ENSP00000204961	EFNB1	317	NYCPHYEKVSG		hprd;psite	565
ENSP00000204961	EFNB1	324	KVSGDYGHPVY		hprd;pelm;psite	565
ENSP00000204961	EFNB1	329	YGHPVYIVQEM		hprd;pelm;psite	565
ENSP00000245323	EFNB2	304	VFCPHYEKVSG	EPHB2	hprd;pelm;psite	565
ENSP00000245323	EFNB2	311	KVSGDYGHPVY		pelm;psite	565
ENSP00000245323	EFNB2	316	YGHPVYIVQEM		pelm;psite	565
ENSP00000226091	EFNB3	311	PFCPHYEKVSG		psite	462
ENSP00000226091	EFNB3	318	KVSGDYGHPVY		psite	462
ENSP00000226091	EFNB3	323	YGHPVYIVQDG		psite	462
ENSP00000265171	EGF	1170	FHMPSYGTQTL		psite	609
ENSP00000275493	EGFR	1016	VDADEYLIPQQ	ABL1;EGFR;SRC	hprd;pelm;psite	568
ENSP00000275493	EGFR	1092	LPVPEYINQSV	ABL1;EGFR	hprd;pelm;psite	568
ENSP00000275493	EGFR	1110	VQNPVYHNQPL	EGFR	hprd;pelm;psite	568
ENSP00000275493	EGFR	1125	SRDPHYQDPHS	SRC	hprd;pelm;psite	568
ENSP00000275493	EGFR	1138	VGNPEYLNTVQ		hprd;psite	568
ENSP00000275493	EGFR	1172	LDNPDYQQDFF	EGFR	hprd;pelm;psite	568
ENSP00000290246	ELMO2	48	LPNPEYYTLRY		hprd;pelm;psite	800
ENSP00000301607	EVPL	963	EVVEFYRDPQL		psite	429
ENSP00000301607	EVPL	1352	AEDAVYELQSK		psite	429
ENSP00000301607	EVPL	1653	EKDQIYEKERT		psite	429
ENSP00000301607	EVPL	1700	KDMSPYEAYKR		psite	429
ENSP00000275815	EPHA1	605	VDLQAYEDPAQ		psite	989
ENSP00000275815	EPHA1	781	DFDGTYETQGG		hprd;pelm;psite	989
ENSP00000337451	EPHA3	596	PGLRTYVDPHT	EPHA3	hprd;pelm;psite	903
ENSP00000337451	EPHA3	602	VDPHTYEDPTQ	EPHA3	hprd;pelm;psite	903
ENSP00000281821	EPHA4	596	QGVRTYVDPFT	EPHA4	hprd;pelm;psite	933
ENSP00000281821	EPHA4	602	VDPFTYEDPNQ	EPHA4	hprd;pelm;psite	933
ENSP00000358309	EPHA7	608	PGTKTYIDPET		psite	630
ENSP00000358309	EPHA7	614	IDPETYEDPNR		psite	630
ENSP00000341189	PTK2	194	EKKSNYEVLEK	BMX;EGFR;MET;PDGFRB;SRC	psite	689
ENSP00000341189	PTK2	407	DEEDTYTMPST	MET;PTK2;PTK2B;SRC	hprd;pelm;psite	689
ENSP00000341189	PTK2	441	VHQGIYMSPEN	BMX;SRC	psite	689
ENSP00000341189	PTK2	720	PSRPGYPSPRS		psite	689
ENSP00000363115	FGR	523	SAEPQYQPGDQ	CSK	hprd;pelm;psite	910
ENSP00000306245	FOS	10	GFNADYEASSS		psite	429
ENSP00000306245	FOS	30	DSLSYYHSPAD		psite	429
ENSP00000357656	FYN	339	SEEPIYIVTEY		psite	911
ENSP00000357656	FYN	531	ATEPQYQPGEN	CSK	hprd;pelm;psite	911
ENSP00000378338	GIT1	224	LVECQYELTDR		psite	981
ENSP00000378338	GIT1	330	PVNPEYSATRN		psite	981
ENSP00000378338	GIT1	519	QAFSMYEPGSA		hprd;psite	981
ENSP00000378338	GIT1	607	GADSDYENTQS		hprd;pelm;psite	981
ENSP00000378338	GIT1	246	HKNGHYIIPQM		hprd;psite	981
ENSP00000339007	GRB2	160	PQQPTYVQALF	ALK;SRC	hprd;psite	979
ENSP00000339007	GRB2	209	MFPRNYVTPVN	EGFR;JAK2	hprd;pelm;psite	979
ENSP00000385720	ARHGAP35	1087	FDPSDYAEPMD		hprd;pelm;psite	919
ENSP00000385720	ARHGAP35	1105	EEENIYSVPHD	SRC	hprd;pelm;psite	919
ENSP00000385720	ARHGAP35	1207	NAVIPYETDED		psite	919
ENSP00000365012	HCK	51	PHCPVYVPDPT	HCK	hprd;psite	908
ENSP00000365012	HCK	89	VALYDYEAIHH		psite	908
ENSP00000365012	HCK	209	DNGGFYISPRS	HCK	hprd;pelm;psite	908
ENSP00000365012	HCK	330	TKEPIYIITEF		psite	908
ENSP00000378332	TGFB1I1	38	TPPPSYGHQPQ		psite	428
ENSP00000360266	JUN	170	SEPPVYANLSN	ABL1	hprd;pelm;psite	514
ENSP00000337825	LCK	51	DPLVTYEGSNP		psite	913
ENSP00000337825	LCK	192	DNGGFYISPRI	SYK	hprd;pelm;psite	913
ENSP00000288986	NCK1	112	LNMPAYVKFNY		psite	979
ENSP00000288986	NCK1	268	PPQCDYIRPSL		hprd;pelm;psite	979
ENSP00000162330	BCAR1	115	QPDSVYLVPTP	SRC	hprd;psite	925
ENSP00000162330	BCAR1	128	AQQGLYQVPGP	FGFR1;SRC	hprd;pelm;psite	925
ENSP00000162330	BCAR1	165	PATDLYQVPPG	PTK6;SRC	hprd;pelm;psite	925
ENSP00000162330	BCAR1	179	PAQDIYQVPPS	SRC	hprd;psite	925
ENSP00000162330	BCAR1	192	MGHDIYQVPPS	SRC	hprd;psite	925
ENSP00000162330	BCAR1	224	GQGYVYEAAQP		hprd;pelm;psite	925
ENSP00000162330	BCAR1	234	PEQDEYDIPRH	SRC	hprd;pelm;psite	925
ENSP00000162330	BCAR1	249	GPQDIYDVPPV	FGFR1	hprd;pelm;psite	925
ENSP00000162330	BCAR1	267	YGQEVYDTPPM	SRC	hprd;psite	925
ENSP00000162330	BCAR1	287	PLLEVYDVPPS	SRC	hprd;psite	925
ENSP00000162330	BCAR1	306	NHHAVYDVPPS	FGFR1	hprd;pelm;psite	925
ENSP00000162330	BCAR1	327	LREETYDVPPA	FGFR1	hprd;pelm;psite	925
ENSP00000162330	BCAR1	362	PAEDVYDVPPP	SRC	hprd;psite	925
ENSP00000162330	BCAR1	372	PAPDLYDVPPG		hprd;psite	925
ENSP00000162330	BCAR1	387	GPGTLYDVPRE	SRC	hprd;pelm;psite	925
ENSP00000162330	BCAR1	410	VDSGVYAVPPP	FGFR1;PTK2	hprd;pelm;psite	925
ENSP00000162330	BCAR1	653	SPDGQYENSEG	SRC	hprd;pelm;psite	925
ENSP00000289153	PIK3CB	503	NKKQPYYYPPF		psite	515
ENSP00000289153	PIK3CB	504	KKQPYYYPPFD		psite	515
ENSP00000366563	PIK3CD	440	GERCLYMWPSV		pelm;psite	515
ENSP00000366563	PIK3CD	484	APHPVYYPALE		psite	515
ENSP00000366563	PIK3CD	524	GSGELYEHEKD		pelm;psite	515
ENSP00000274335	PIK3R1	467	EYDRLYEEYTR		hprd;pelm;psite	963
ENSP00000222254	PIK3R2	464	EYDQLYEEYTR		hprd;pelm;psite	643
ENSP00000244007	PLCG1	186	LSQVNYRVPNM		psite	468
ENSP00000244007	PLCG1	472	AEGSAYEEVPT	EGFR	hprd;pelm;psite	468
ENSP00000244007	PLCG1	509	EWYPHYFVLTS		psite	468
ENSP00000244007	PLCG1	771	TAEPDYGALYE	EGFR;LYN;SYK	hprd;pelm;psite	468
ENSP00000244007	PLCG1	775	DYGALYEGRNP		hprd;pelm;psite	468
ENSP00000244007	PLCG1	959	SELVVYCRPVP		psite	468
ENSP00000244007	PLCG1	1254	SFESRYQQPFE	EGFR	hprd;pelm;psite	468
ENSP00000248594	PTPN12	301	KQLQLYEIHGA		psite	923
ENSP00000348812	PTPRD	1681	VNIMPYESTRV		psite	541
ENSP00000228307	PXN	31	SEETPYSYPTG	PTK2;PTK6	hprd;pelm;psite	896
ENSP00000228307	PXN	88	SSSPVYGSSAK	CSK;SRC	hprd;pelm;psite	896
ENSP00000228307	PXN	118	EEEHVYSFPNK	FYN;PTK2;PTK6	hprd;pelm;psite	896
ENSP00000228307	PXN	181	ALSPLYGVPET		hprd;pelm;psite	896
ENSP00000274376	RASA1	164	LDGPEYEEEEV		psite	943
ENSP00000347942	RET	826	KVGPGYLGSGG	RET	hprd;pelm;psite	435
ENSP00000347942	RET	900	LSRDVYEEDSY	RET	hprd;pelm;psite	435
ENSP00000347942	RET	1090	TGFPRYPNDSV	RET	hprd;pelm;psite	435
ENSP00000401303	SHC1	428	FDDPSYVNVQN	FLT3;FLT4;MET;SRC;SYK;ZAP70	hprd;pelm;psite	623
ENSP00000298229	INPPL1	661	SFPPTYRYERG		psite	983
ENSP00000298229	INPPL1	663	PPTYRYERGSR		psite	983
ENSP00000298229	INPPL1	831	KSMDGYESYGE		psite	983
ENSP00000298229	INPPL1	886	TRERLYEWISI		hprd;pelm;psite	983
ENSP00000298229	INPPL1	986	FNNPAYYVLEG	SRC	hprd;pelm;psite	983
ENSP00000298229	INPPL1	1162	GLPSDYGRPLS		hprd;pelm;psite	983
ENSP00000298229	INPPL1	1213	IGLERYEEGLV		psite	983
ENSP00000340944	PTPN11	580	DSARVYENVGL	ALK	hprd;pelm;psite	970
ENSP00000046794	LCP2	113	FEEDDYESPND	LCK;SYK;ZAP70	hprd;pelm;psite	844
ENSP00000046794	LCP2	128	EDDGDYESPNE	LCK;SYK;ZAP70	hprd;pelm;psite	844
ENSP00000046794	LCP2	145	EDDADYEPPPS	LCK;TXK;ZAP70	hprd;pelm;psite	844
ENSP00000350941	SRC	338	SEEPIYIVTEY	SRC	pelm;psite	917
ENSP00000350941	SRC	530	STEPQYQPGEN	CSK;FGR;SRC	hprd;pelm;psite	917
ENSP00000286827	TIAM1	384	ARQGVYENFRR		psite	992
ENSP00000286827	TIAM1	1323	HRLSIYEDWDP		psite	992
ENSP00000226225	TNFAIP1	256	LNVLLYETPRV		psite	621
ENSP00000357182	SH2D2A	216	DPNPQYSPIIK		hprd;pelm;psite	527
ENSP00000357182	SH2D2A	260	LPPEVYTIPVP	LCK	psite	527
ENSP00000357182	SH2D2A	280	PSNPIYNEPDE	LCK	hprd;pelm;psite	527
ENSP00000360916	VAV2	172	GGDDIYEDIIK	EGFR;LCK	hprd;pelm;psite	932
ENSP00000359073	VAV3	173	EGGEVYEDLMK	SRC	psite	932
ENSP00000359073	VAV3	508	NIRPDYADSNF		psite	932
ENSP00000324740	YES1	146	YIPSNYVAPAD		psite	905
ENSP00000324740	YES1	336	KLVPLYAVVSE		psite	905
ENSP00000324740	YES1	345	SEEPIYIVTEF		psite	905
ENSP00000324740	YES1	537	ATEPQYQPGEN	CSK	hprd;pelm;psite	905
ENSP00000264033	CBL	337	FREGFYLFPDG		pelm	996
