name	ERBB2
id	ENSP00000269571
type	Tyrosine kinase
proline+1_removed	No
npartners	360
npartners_with_sites	283
nsites	351
//
motif	score	fg_matches	fg_size	bg_matches	bg_size	fold_increase
....DY.....	8.91	110	1195	500	10000	1.84
.....Y..P..	8	106	1085	519	9500	1.79
.....Y..M..	7.1	50	979	198	8981	2.32
.....Y.N...	6.31	72	929	364	8783	1.87
//
prot_id	prot_name	position	flank	kinase	source	string_score
ENSP00000340691	EIF4EBP1	34	LPPGDYSTTPG		hprd;psite	430
ENSP00000361423	ABL1	134	WVPSNYITPVN	FYN;HCK;LYN	hprd;pelm;psite	473
ENSP00000361423	ABL1	147	EKHSWYHGPVS	FYN;HCK;LYN	psite	473
ENSP00000361423	ABL1	234	ITTLHYPAPKR	FYN;HCK;LYN	psite	473
ENSP00000361423	ABL1	339	TEFMTYGNLLD		psite	473
ENSP00000361423	ABL1	488	CPEKVYELMRA	ABL1	hprd;pelm;psite	473
ENSP00000224784	ACTA2	171	PIYEGYALPHA		psite	430
ENSP00000224784	ACTA2	190	RDLTDYLMKIL		psite	430
ENSP00000224784	ACTA2	242	SLEKSYELPDG		psite	430
ENSP00000224784	ACTA2	296	IRKDLYANNVL		psite	430
ENSP00000349960	ACTB	169	PIYEGYALPHA		psite	736
ENSP00000349960	ACTB	188	RDLTDYLMKIL		psite	736
ENSP00000349960	ACTB	240	SLEKSYELPDG		psite	736
ENSP00000349960	ACTB	294	IRKDLYANTVL		hprd;pelm;psite	736
ENSP00000305372	ADRB2	350	SSLKAYGNGYS	INSR	hprd;psite	821
ENSP00000270202	AKT1	315	CGTPEYLAPEV	PTK6;RET;SRC	hprd;psite	463
ENSP00000270202	AKT1	326	LEDNDYGRAVD	PTK6;SRC	hprd;psite	463
ENSP00000295897	ALB	108	TLRETYGEMAD		pelm;psite	569
ENSP00000295897	ALB	365	RRHPDYSVVLL		psite	569
ENSP00000295897	ALB	476	PCAEDYLSVVL		psite	569
ENSP00000375881	ALPP	415	YTVLLYGNGPG		hprd;psite	514
ENSP00000295453	ALPPL2	412	YTVLLYGNGPG		psite	514
ENSP00000380942	ARHGEF12	1232	EVGEDYQIAIP		psite	929
ENSP00000278616	ATM	1717	FIMLTYLNNTL		psite	429
ENSP00000278616	ATM	1763	DPMLAYLQPFR		psite	429
ENSP00000303507	BCR	177	AEKPFYVNVEF	ABL1;FES;FYN;HCK;LYN	hprd;pelm;psite	517
ENSP00000303507	BCR	246	GVDGDYEDAEL	FES	hprd;pelm;psite	517
ENSP00000303507	BCR	852	LISSDYERAEW		psite	517
ENSP00000175756	PTPN18	303	NASPHYQNIKE	TEC	hprd;psite	621
ENSP00000288602	BRAF	566	AQGMDYLHAKS		psite	417
ENSP00000217185	PTK6	114	KPSADYVLSVR		hprd;psite	692
ENSP00000351273	CASP8	439	SEEQPYLEMDL	LYN;SRC	psite	430
ENSP00000351273	CASP8	52	KGGADYILLPF		psite	430
ENSP00000339191	CAV1	14	SEGHLYTVPIR	ABL1;FYN;SRC	hprd;pelm;psite	824
ENSP00000264033	CBL	371	EQYELYCEMGS	INSR	hprd;pelm;psite	514
ENSP00000264033	CBL	700	EEDTEYMTPSS	EGFR;FYN;INSR;LCK;SYK;YES1	hprd;pelm;psite	514
ENSP00000264033	CBL	731	IDSCTYEAMYN	EGFR;FYN;LCK;SRC;SYK;YES1	hprd;pelm;psite	514
ENSP00000264033	CBL	774	NEDDGYDVPKP	EGFR;FYN;LCK;SRC;SYK;YES1	hprd;pelm;psite	514
ENSP00000227155	CD82	261	VHSEDYSKVPK		psite	719
ENSP00000314458	CDC42	64	AGQEDYDRLRP	SRC	pelm;psite	429
ENSP00000269141	CDH2	496	VNENPYFAPNP		psite	429
ENSP00000269141	CDH2	785	EEDQDYDLSQL		hprd;pelm;psite	429
ENSP00000269141	CDH2	860	LLVFDYEGSGS	SRC	psite	429
ENSP00000269141	CDH2	884	GGEQDYDYLND	SRC	pelm;psite	429
ENSP00000269141	CDH2	886	EQDYDYLNDWG	SRC	psite	429
ENSP00000269122	CLTC	1218	AAKLLYNNVSN		psite	669
ENSP00000269122	CLTC	1477	ITEEDYQALRT	SRC	hprd;pelm;psite	669
ENSP00000269122	CLTC	1487	TSIDAYDNFDN		psite	669
ENSP00000269122	CLTC	1634	TQPIVYGQPQL		psite	669
ENSP00000198765	CPNE3	203	LNSLCYGDMDK		psite	805
ENSP00000286301	CSF1R	699	EGGVDYKNIHL	CSF1R	pelm;psite	406
ENSP00000286301	CSF1R	723	QGVDTYVEMRP		hprd;pelm;psite	406
ENSP00000286301	CSF1R	923	RRERDYTNLPS		psite	406
ENSP00000220003	CSK	277	GSLVDYLRSRG		psite	649
ENSP00000344456	CTNNB1	489	AVRLHYGLPVV	ABL1	psite	995
ENSP00000344456	CTNNB1	670	DKPQDYKKRLS		psite	995
ENSP00000382004	CTNND1	248	PSMEGYRAPSR		psite	861
ENSP00000382004	CTNND1	296	YDDLDYGMMSD	SRC	hprd;psite	861
ENSP00000382004	CTNND1	302	GMMSDYGTARR	SRC	hprd;pelm;psite	861
ENSP00000382004	CTNND1	321	RRLRSYEDMIG		hprd;pelm;psite	861
ENSP00000382004	CTNND1	335	PSDQYYWAPLA		psite	861
ENSP00000382004	CTNND1	395	LQHLCYRNDKV		psite	861
ENSP00000382004	CTNND1	904	SLDNNYSTPNE		hprd;pelm;psite	861
ENSP00000382004	CTNND1	962	GGQVSYPSMQK		psite	861
ENSP00000236671	CTSD	354	LSPEDYTLKVS		psite	565
ENSP00000311113	JUP	480	SVRLNYGIPAI		psite	814
ENSP00000311113	JUP	660	DKNPDYRKRVS		hprd;psite	814
ENSP00000311113	JUP	701	DMDATYRPMYS		psite	814
ENSP00000311113	JUP	724	DMDGDYPIDTY		psite	814
ENSP00000340742	DOCK7	876	GGSVHYATMAR		psite	978
ENSP00000226004	DUSP3	138	TLVIAYLMMRQ	SYK;ZAP70	hprd;pelm;psite	808
ENSP00000204961	EFNB1	324	KVSGDYGHPVY		hprd;pelm;psite	928
ENSP00000275493	EGFR	944	CTIDVYMIMVK	SRC	hprd;pelm;psite	999
ENSP00000275493	EGFR	1016	VDADEYLIPQQ	ABL1;EGFR;SRC	hprd;pelm;psite	999
ENSP00000275493	EGFR	1092	LPVPEYINQSV	ABL1;EGFR	hprd;pelm;psite	999
ENSP00000275493	EGFR	1110	VQNPVYHNQPL	EGFR	hprd;pelm;psite	999
ENSP00000275493	EGFR	1125	SRDPHYQDPHS	SRC	hprd;pelm;psite	999
ENSP00000275493	EGFR	1138	VGNPEYLNTVQ		hprd;psite	999
ENSP00000275493	EGFR	1172	LDNPDYQQDFF	EGFR	hprd;pelm;psite	999
ENSP00000358140	EIF3A	32	ALDVLYDVMKS		psite	752
ENSP00000358140	EIF3A	382	FNVLQYVVPEV		hprd;pelm;psite	752
ENSP00000358857	EMD	19	TLLRRYNIPHG	ABL1;SRC	psite	800
ENSP00000358857	EMD	74	GDADMYDLPKK	ABL1;SRC	hprd;pelm;psite	800
ENSP00000358857	EMD	94	GYNDDYYEESY	ABL1;SRC	hprd;psite	800
ENSP00000358857	EMD	105	FTTRTYGEPES	ABL1;SRC	hprd;pelm;psite	800
ENSP00000206249	ESR1	52	SKPAVYNYPEG	ABL1	pelm;psite	988
ENSP00000206249	ESR1	219	QGHNDYMCPAT	ABL1	pelm;psite	988
ENSP00000343925	ESR2	56	PAVMNYSIPSN		psite	894
ENSP00000370330	ERBB2IP	483	GNLKRYPTPYP		hprd;psite	999
ENSP00000370330	ERBB2IP	813	ENGNKYPNLES		psite	999
ENSP00000370330	ERBB2IP	920	SATLLYDQPLQ		hprd;pelm;psite	999
ENSP00000370330	ERBB2IP	972	SAPQIYGPPQY		hprd;pelm;psite	999
ENSP00000370330	ERBB2IP	1104	IPEGDYLSYRE		hprd;pelm;psite	999
ENSP00000370330	ERBB2IP	1252	EQLIDYLMLKV		hprd;psite	999
ENSP00000370330	ERBB2IP	1263	AHQPPYTQPHC		hprd;psite	999
ENSP00000263025	MAPK3	210	VATRWYRAPEI		psite	826
ENSP00000215832	MAPK1	43	MVCSAYDNVNK		psite	835
ENSP00000215832	MAPK1	193	VATRWYRAPEI		psite	835
ENSP00000341189	PTK2	155	QVKSDYMLEIA		psite	971
ENSP00000341189	PTK2	397	SETDDYAEIID	FGR;MET;PTK2;SRC	hprd;pelm;psite	971
ENSP00000341189	PTK2	407	DEEDTYTMPST	MET;PTK2;PTK2B;SRC	hprd;pelm;psite	971
ENSP00000341189	PTK2	441	VHQGIYMSPEN	BMX;SRC	psite	971
ENSP00000341189	PTK2	720	PSRPGYPSPRS		psite	971
ENSP00000304592	FASN	45	WKAGLYGLPRR		psite	877
ENSP00000358165	FCGR1A	138	YNVLYYRNGKA		hprd;pelm;psite	874
ENSP00000306245	FOS	10	GFNADYEASSS		psite	653
ENSP00000306245	FOS	30	DSLSYYHSPAD		psite	653
ENSP00000262995	GAB1	48	DVLEYYKNDHA		psite	419
ENSP00000262995	GAB1	183	EDPQDYLLLIN		psite	419
ENSP00000262995	GAB1	242	QQQMIYDSPPS	INSR;SRC	hprd;pelm;psite	419
ENSP00000262995	GAB1	259	VDSSLYNLPRS	SRC	hprd;pelm;psite	419
ENSP00000262995	GAB1	307	HVSISYDIPPT	EGFR;MET	hprd;pelm;psite	419
ENSP00000262995	GAB1	317	TPGNTYQIPRT	SRC	hprd;pelm;psite	419
ENSP00000262995	GAB1	373	DTDSSYCIPTA	EGFR;INSR;MET;SRC	hprd;pelm;psite	419
ENSP00000262995	GAB1	406	SSQDCYDIPRA	EGFR;MET	hprd;pelm;psite	419
ENSP00000262995	GAB1	447	ELDENYVPMNP	EGFR;INSR;MET	hprd;pelm;psite	419
ENSP00000262995	GAB1	472	IQEANYVPMTP	EGFR;INSR;MET	hprd;pelm;psite	419
ENSP00000262995	GAB1	619	DSEENYVPMNP	EGFR;INSR;MET	hprd;pelm;psite	419
ENSP00000262995	GAB1	689	DERVDYVVVDQ	EGFR;INSR;MET	hprd;pelm;psite	419
ENSP00000339186	GRAP2	324	LFPANYVAPMT		psite	436
ENSP00000229239	GAPDH	140	VNHEKYDNSLK		psite	543
ENSP00000229239	GAPDH	314	KLISWYDNEFG		psite	543
ENSP00000229239	GAPDH	320	DNEFGYSNRVV		psite	543
ENSP00000334458	GATA4	244	NACGLYHKMNG		psite	835
ENSP00000339007	GRB2	52	FIPKNYIEMKP	JAK2	psite	999
ENSP00000339007	GRB2	209	MFPRNYVTPVN	EGFR;JAK2	hprd;pelm;psite	999
ENSP00000299767	HSP90B1	94	IINSLYKNKEI		hprd;psite	694
ENSP00000222330	GSK3A	285	ICSRYYRAPEL		psite	447
ENSP00000267101	ERBB3	1054	SPSSGYMPMNQ		hprd;psite	999
ENSP00000267101	ERBB3	1159	EDVNGYVMPDT		psite	999
ENSP00000267101	ERBB3	1197	DEDEEYEYMNR		hprd;psite	999
ENSP00000267101	ERBB3	1199	DEEYEYMNRRR		hprd;pelm;psite	999
ENSP00000267101	ERBB3	1222	LEELGYEYMDV		hprd;psite	999
ENSP00000267101	ERBB3	1260	TPDEDYEYMNR		hprd;psite	999
ENSP00000267101	ERBB3	1262	DEDYEYMNRQR		hprd;pelm;psite	999
ENSP00000267101	ERBB3	1276	GPGGDYAAMGA		hprd;pelm;psite	999
ENSP00000267101	ERBB3	1289	ASEQGYEEMRA		hprd;pelm;psite	999
ENSP00000267101	ERBB3	1328	FDNPDYWHSRL		hprd;pelm;psite	999
ENSP00000342235	ERBB4	1056	SPPPAYTPMSG	ERBB4	hprd;pelm;psite	987
ENSP00000342235	ERBB4	1081	GVSVPYRAPTS		psite	987
ENSP00000342235	ERBB4	1150	LDEEGYMTPMR		psite	987
ENSP00000342235	ERBB4	1162	KPKQEYLNPVE		hprd;psite	987
ENSP00000342235	ERBB4	1188	LDNPEYHNASN		hprd;pelm;psite	987
ENSP00000342235	ERBB4	1202	KAEDEYVNEPL		hprd;psite	987
ENSP00000342235	ERBB4	1208	VNEPLYLNTFA		hprd;psite	987
ENSP00000342235	ERBB4	1242	FDNPDYWNHSL		hprd;pelm;psite	987
ENSP00000342235	ERBB4	1258	LQHPDYLQEYS		hprd;psite	987
ENSP00000309845	HRAS	64	AGQEEYSAMRD		psite	983
ENSP00000335153	HSP90AA1	160	IINTFYSNKEI		psite	999
ENSP00000385269	ELAVL1	200	LLSQLYHSPAR		hprd;psite	847
ENSP00000268035	IGF1R	1165	IYETDYYRKGG	IGF1R;SRC	hprd;pelm;psite	770
ENSP00000268035	IGF1R	1346	DERQPYAHMNG	IGF1R	hprd;pelm;psite	770
ENSP00000216797	NFKBIA	42	MKDEEYEQMVK	INSR;LCK;SRC	hprd;pelm;psite	478
ENSP00000268182	IQGAP1	855	KARDDYKTLIN		psite	929
ENSP00000268182	IQGAP1	1526	GEQVDYYKSYI		psite	929
ENSP00000304895	IRS1	47	ARLEYYENEKK		psite	493
ENSP00000304895	IRS1	465	EELSNYICMGG		psite	493
ENSP00000304895	IRS1	612	HTDDGYMPMSP	JAK1	hprd;pelm;psite	493
ENSP00000304895	IRS1	632	KGSGDYMPMSP	JAK1	hprd;pelm;psite	493
ENSP00000304895	IRS1	662	VDPNGYMMMSP	JAK1	hprd;pelm;psite	493
ENSP00000304895	IRS1	896	KSPGEYVNIEF	IGF1R	hprd;pelm;psite	493
ENSP00000304895	IRS1	941	TGTEEYMKMDL		hprd;psite	493
ENSP00000304895	IRS1	989	SSRGDYMTMQM		psite	493
ENSP00000200181	ITGB4	1343	QSGEDYDSFLM		psite	720
ENSP00000200181	ITGB4	1492	TLTRDYNSLTR		psite	720
ENSP00000200181	ITGB4	1510	TLPRDYSTLTS		hprd;psite	720
ENSP00000343204	JAK1	993	CKGMDYLGSRQ		psite	854
ENSP00000343204	JAK1	1125	CPDEVYQLMRK		psite	854
ENSP00000371067	JAK2	221	AKIQDYHILTR	JAK2	hprd;psite	974
ENSP00000371067	JAK2	570	REVGDYGQLHE	JAK2	hprd;pelm;psite	974
ENSP00000371067	JAK2	790	NNCMDYEPDFR		psite	974
ENSP00000371067	JAK2	813	LFTPDYELLTE	JAK2	hprd;pelm;psite	974
ENSP00000371067	JAK2	940	GSLRDYLQKHK		psite	974
ENSP00000360266	JUN	170	SEPPVYANLSN	ABL1	hprd;pelm;psite	623
ENSP00000167586	KRT14	291	EMRDQYEKMAE		psite	543
ENSP00000355124	KRT19	256	DMRSQYEVMAE		psite	488
ENSP00000355124	KRT19	391	GQEDHYNNLSA	SRC	psite	488
ENSP00000252242	KRT5	283	DVDAAYMNKVE		psite	750
ENSP00000329243	KRT7	55	AVRSAYGGPVG		psite	516
ENSP00000329243	KRT7	268	EVKAQYEEMAK		psite	516
ENSP00000293308	KRT8	143	NMFESYINNLR		psite	530
ENSP00000293308	KRT8	204	DVDEAYMNKVE		hprd;pelm;psite	530
ENSP00000357643	MKI67	1552	GEKNIYAFMGT		hprd;pelm;psite	537
ENSP00000290158	KPNB1	752	VDKSDYDMVDY		psite	619
ENSP00000256078	KRAS	64	AGQEEYSAMRD		psite	844
ENSP00000325240	LASP1	52	YEKKPYCNAHY		psite	402
ENSP00000325240	LASP1	152	QDGSSYRRPLE		hprd;pelm;psite	402
ENSP00000325240	LASP1	171	TSAPVYQQPQQ	ABL1	hprd;pelm;psite	402
ENSP00000325240	LASP1	186	QSYGGYKEPAA		psite	402
ENSP00000351490	MAX	123	SDNSLYTNAKG		hprd;pelm;psite	919
ENSP00000417281	MDM2	400	QESEDYSQPST	ABL1	hprd;pelm;psite	613
ENSP00000366702	ERRFI1	341	KSLPSYLNGVM		psite	939
ENSP00000366702	ERRFI1	395	SSTHYYLLPER		hprd;pelm;psite	939
ENSP00000286614	MMP16	52	LQKYGYLPPTD		hprd;pelm;psite	700
ENSP00000354558	MTOR	1880	KTLLMYTVPAV		psite	669
ENSP00000338983	MUC1	221	PARDTYHPMSE	PDGFRB	hprd;pelm;psite	959
ENSP00000338983	MUC1	236	HTHGRYVPPSS	PDGFRB	pelm;psite	959
ENSP00000338983	MUC1	261	GSSLSYTNPAV	ABL1	hprd;pelm;psite	959
ENSP00000367207	MYC	31	NYDLDYDSVQP		psite	953
ENSP00000359074	L1CAM	1211	DSLADYGGSVD		psite	861
ENSP00000256646	NOTCH2	2340	PLPTMYQIPEM		psite	425
ENSP00000358548	NRAS	64	AGQEEYSAMRD		psite	978
ENSP00000274276	OSMR	839	KPNYLYLLPTE		psite	638
ENSP00000274276	OSMR	901	ALEKNYMNSLG		psite	638
ENSP00000228872	CDKN1B	88	SLPEFYYRPPR	ABL1;LYN;SRC;YES1	hprd;pelm;psite	649
ENSP00000228872	CDKN1B	89	LPEFYYRPPRP	ABL1;SRC;YES1	pelm;psite	649
ENSP00000278568	PAK1	153	KSAEDYNSSNA	JAK2	psite	668
ENSP00000278568	PAK1	285	ASGTVYTAMDV	JAK2	psite	668
ENSP00000368438	PCNA	211	TFALRYLNFFT	EGFR	psite	615
ENSP00000261799	PDGFRB	581	GHEYIYVDPMQ	PDGFRB	hprd;pelm;psite	420
ENSP00000261799	PDGFRB	692	GDLVDYLHRNK		psite	420
ENSP00000261799	PDGFRB	716	PSAELYSNALP	PDGFRB	hprd;pelm;psite	420
ENSP00000261799	PDGFRB	740	ESDGGYMDMSK	PDGFRB	hprd;pelm;psite	420
ENSP00000261799	PDGFRB	751	DESVDYVPMLD	PDGFRB	hprd;pelm;psite	420
ENSP00000261799	PDGFRB	771	IESSNYMAPYD	PDGFRB	hprd;pelm;psite	420
ENSP00000261799	PDGFRB	775	NYMAPYDNYVP	PDGFRB	hprd;pelm;psite	420
ENSP00000261799	PDGFRB	934	ASDEIYEIMQK	ABL1	hprd;psite	420
ENSP00000261799	PDGFRB	1021	EGDNDYIIPLP	PDGFRB	hprd;pelm;psite	420
ENSP00000362413	PGK1	161	KLGDVYVNDAF		psite	829
ENSP00000265970	PIK3C2A	73	YNKQDYDLMVF		hprd;psite	638
ENSP00000356155	PIK3C2B	68	PGVDFYSKPAG		psite	641
ENSP00000356155	PIK3C2B	127	SLSGDYLYIFD		psite	641
ENSP00000356155	PIK3C2B	228	LGSVDYDGIND		psite	641
ENSP00000356155	PIK3C2B	293	TYASRYGNRKN		psite	641
ENSP00000356155	PIK3C2B	1056	PRDCSYFNSNA		psite	641
ENSP00000263967	PIK3CA	317	STATPYMNGET		psite	946
ENSP00000289153	PIK3CB	246	VSPYDYVLQVS		psite	923
ENSP00000289153	PIK3CB	503	NKKQPYYYPPF		psite	923
ENSP00000289153	PIK3CB	504	KKQPYYYPPFD		psite	923
ENSP00000366563	PIK3CD	440	GERCLYMWPSV		pelm;psite	917
ENSP00000274335	PIK3R1	203	IPAAVYSEMIS	RET	psite	996
ENSP00000274335	PIK3R1	368	KMHGDYTLTLR	INSR	hprd;pelm;psite	996
ENSP00000222254	PIK3R2	605	ETEDQYALMED		hprd;psite	931
ENSP00000262741	PIK3R3	373	AEDLLYGKPDG		psite	825
ENSP00000244007	PLCG1	186	LSQVNYRVPNM		psite	976
ENSP00000244007	PLCG1	771	TAEPDYGALYE	EGFR;LYN;SYK	hprd;pelm;psite	976
ENSP00000244007	PLCG1	833	WWRGDYGGKKQ		psite	976
ENSP00000244007	PLCG1	959	SELVVYCRPVP		psite	976
ENSP00000244007	PLCG1	977	TERACYRDMSS		hprd;pelm;psite	976
ENSP00000244007	PLCG1	991	TKAEKYVNKAK		psite	976
ENSP00000244007	PLCG1	1254	SFESRYQQPFE	EGFR	hprd;pelm;psite	976
ENSP00000352336	PLCG2	759	DVSRMYVDPSE	BTK;FYN;LCK;LYN;SRC;SYK	hprd;pelm;psite	829
ENSP00000352336	PLCG2	780	KALYDYKAKRS		psite	829
ENSP00000352336	PLCG2	811	WWKGDYGTRIQ		psite	829
ENSP00000352336	PLCG2	936	SDLVVYCKPTS		psite	829
ENSP00000352336	PLCG2	1048	MRTEKYDPMPP		psite	829
ENSP00000270861	PLK4	177	CGTPNYISPEI	PLK4	psite	463
ENSP00000361021	PTEN	46	RLEGVYRNNID		psite	752
ENSP00000361021	PTEN	336	DKANRYFSPNF	FRK	psite	752
ENSP00000248594	PTPN12	88	SQDSDYINANF		psite	788
ENSP00000360683	PTPN1	66	QEDNDYINASL	EGFR	hprd;pelm;psite	866
ENSP00000357209	PTPRK	832	NFSPRYENHSA		psite	841
ENSP00000357209	PTPRK	917	RAKNRYGNIIA		psite	841
ENSP00000357209	PTPRK	941	DPSSDYINANY		psite	841
ENSP00000228307	PXN	31	SEETPYSYPTG	PTK2;PTK6	hprd;pelm;psite	422
ENSP00000228307	PXN	118	EEEHVYSFPNK	FYN;PTK2;PTK6	hprd;pelm;psite	422
ENSP00000228307	PXN	181	ALSPLYGVPET		hprd;pelm;psite	422
ENSP00000332816	PTK2B	579	IEDEDYYKASV	PTK2B	hprd;pelm;psite	656
ENSP00000332816	PTK2B	699	ERNARYRTPKI		psite	656
ENSP00000332816	PTK2B	722	PSRPKYRPPPQ		psite	656
ENSP00000332816	PTK2B	756	TSPMEYPSPVN		hprd;psite	656
ENSP00000332816	PTK2B	819	QMVEDYQWLRQ		psite	656
ENSP00000332816	PTK2B	834	LDPMVYMNDKS		hprd;psite	656
ENSP00000332816	PTK2B	881	TDDLVYLNVME	PTK2B	hprd;pelm;psite	656
ENSP00000348461	RAC1	64	AGQEDYDRLRP	PTK2;SRC	psite	987
ENSP00000249071	RAC2	64	AGQEDYDRLRP		psite	917
ENSP00000304283	RAC3	64	AGQEDYDRLRP		psite	884
ENSP00000283195	RANBP2	756	QELEDYSEGGP		psite	650
ENSP00000283195	RANBP2	915	PQQHIYAYPQQ		psite	650
ENSP00000283195	RANBP2	961	PRGDDYFNYNV		psite	650
ENSP00000283195	RANBP2	1247	ICANHYISPDM		psite	650
ENSP00000283195	RANBP2	1271	WHALDYADELP		psite	650
ENSP00000283195	RANBP2	1983	LFSSQYGKMAN		psite	650
ENSP00000283195	RANBP2	2666	KNRPDYVSEEE		hprd;psite	650
ENSP00000286364	RASA2	785	GTIAVYQGPQK		psite	488
ENSP00000286364	RASA2	795	KEPDDYSNFVI		psite	488
ENSP00000335029	RASA3	757	GSKSVYDGPEQ		psite	488
ENSP00000267163	RB1	606	TAADMYLSPVR		hprd;pelm;psite	507
ENSP00000267163	RB1	790	IPRSPYKFPSS		psite	507
ENSP00000267163	RB1	805	PGGNIYISPLK	ABL1	psite	507
ENSP00000272233	RHOB	66	AGQEDYDRLRP		psite	938
ENSP00000401303	SHC1	349	PPDHQYYNDFP	FLT4;SRC;SYK;ZAP70	hprd;pelm;psite	998
ENSP00000401303	SHC1	428	FDDPSYVNVQN	FLT3;FLT4;MET;SRC;SYK;ZAP70	hprd;pelm;psite	998
ENSP00000264554	SHC2	338	SLEHNYYNSIP		psite	887
ENSP00000264554	SHC2	414	HEEHLYVNTQG		psite	887
ENSP00000364995	SHC3	341	GSDHPYYNSIP		psite	879
ENSP00000364995	SHC3	406	GSSDIYSTPEG		psite	879
ENSP00000364995	SHC3	424	GEAPTYVNTQQ		psite	879
ENSP00000329668	SHC4	374	REDHEYYNEIP		psite	839
ENSP00000329668	SHC4	424	KCSSVYENCLE		psite	839
ENSP00000329668	SHC4	465	FDDPCYINTQA		psite	839
ENSP00000340944	PTPN11	62	QNTGDYYDLYG		hprd;pelm;psite	995
ENSP00000340944	PTPN11	279	KNKNRYKNILP		hprd;psite	995
ENSP00000340944	PTPN11	304	EPVSDYINANI		pelm;psite	995
ENSP00000340944	PTPN11	542	RKGHEYTNIKY	ALK;FYN;PDGFRB	hprd;pelm;psite	995
ENSP00000340944	PTPN11	580	DSARVYENVGL	ALK	hprd;pelm;psite	995
ENSP00000384675	SOS1	618	LTYHMYADPNF		psite	973
ENSP00000366306	SPRY2	191	CKECTYPRPLP		psite	813
ENSP00000366306	SPRY2	215	QNVIDYGTCVC		psite	813
ENSP00000350941	SRC	522	AFLEDYFTSTE		psite	999
ENSP00000354394	STAT1	668	PLKYLYPNIDK		psite	521
ENSP00000264657	STAT3	686	EAFGKYCRPES		hprd;psite	995
ENSP00000309968	ADAM17	379	GKKNIYLNSGL		hprd;pelm;psite	933
ENSP00000171887	TNS1	210	PFLRIYQAMQP		psite	434
ENSP00000171887	TNS1	327	SVSVDYNTSDP		pelm;psite	434
ENSP00000171887	TNS1	339	IRWDSYDNFSG		pelm;psite	434
ENSP00000171887	TNS1	798	YSPYDYQPCLA		psite	434
ENSP00000171887	TNS1	903	ASDGQYENQSP		pelm;psite	434
ENSP00000171887	TNS1	1144	TVGSSYSSPDY		psite	434
ENSP00000171887	TNS1	1149	YSSPDYSLQHF		pelm;psite	434
ENSP00000171887	TNS1	1326	VAYGGYSTPED		pelm;psite	434
ENSP00000171887	TNS1	1345	SSASGYQAPST		psite	434
ENSP00000171887	TNS1	1440	PDFSKYSMPDN		psite	434
ENSP00000312143	TNS3	204	PFLKLYQAMQP		psite	507
ENSP00000312143	TNS3	333	IRWDSYENLSA		hprd;pelm;psite	507
ENSP00000312143	TNS3	780	LSLGQYDNDAG		hprd;pelm;psite	507
ENSP00000312143	TNS3	802	KAGVDYAPNLP		hprd;psite	507
ENSP00000354522	TOP1	125	PEDDGYFVPPK		hprd;psite	412
ENSP00000354522	TOP1	723	TSKLNYLDPRI		psite	412
ENSP00000411532	TOP2A	328	GRHVDYVADQI		psite	651
ENSP00000396704	TOP2B	230	FDGEDYTCITF		psite	497
ENSP00000315644	TYMS	146	HFGAEYRDMES		psite	429
ENSP00000315644	TYMS	153	DMESDYSGQGV		hprd;psite	429
ENSP00000388107	UBA52	59	RTLSDYNIQKE		psite	951
ENSP00000304697	UBB	59	RTLSDYNIQKE		psite	966
ENSP00000344818	UBC	59	RTLSDYNIQKE		psite	999
ENSP00000282397	FLT1	794	EIKTDYLSIIM		hprd;pelm;psite	415
ENSP00000282397	FLT1	1048	LARDIYKNPDY		hprd;pelm;psite	415
ENSP00000282397	FLT1	1053	YKNPDYVRKGD		hprd;pelm;psite	415
ENSP00000282397	FLT1	1169	QDGKDYIPINA	FLT1	hprd;pelm;psite	415
ENSP00000282397	FLT1	1213	SDDVRYVNAFK	FLT1	hprd;pelm;psite	415
ENSP00000282397	FLT1	1242	SMFDDYQGDSS	FLT1	hprd;pelm;psite	415
ENSP00000282397	FLT1	1327	SPPPDYNSVVL	FLT1	hprd;pelm;psite	415
ENSP00000282397	FLT1	1333	NSVVLYSTPPI	FLT1	hprd;pelm;psite	415
ENSP00000263923	KDR	951	RQGKDYVGAIP	KDR	hprd;pelm;psite	418
ENSP00000263923	KDR	1054	LARDIYKDPDY	KDR	hprd;pelm;psite	418
ENSP00000263923	KDR	1059	YKDPDYVRKGD	KDR	hprd;pelm;psite	418
ENSP00000263923	KDR	1175	QDGKDYIVLPI	KDR;SRC	hprd;pelm;psite	418
ENSP00000263923	KDR	1214	DPKFHYDNTAG	KDR	hprd;pelm;psite	418
ENSP00000224237	VIM	11	VSSSSYRRMFG		psite	639
ENSP00000386161	WWOX	287	PTKNDYWAMLA	TNK2	psite	854
ENSP00000262238	YY1	251	NSPPDYSEYMT		hprd;pelm;psite	828
ENSP00000264033	CBL	337	FREGFYLFPDG		pelm	514
ENSP00000264657	STAT3	657	EIIMGYKIMDA		hprd	995
ENSP00000396704	TOP2B	1553	ENEGDYNPGRK		hprd	497
ENSP00000396704	TOP2B	973	ALISDYKEYHT		hprd	497
ENSP00000304895	IRS1	732	PCTGDYMNMSP	JAK1	hprd	493
ENSP00000368438	PCNA	250	GHLKYYLAPKI		hprd	615
ENSP00000342235	ERBB4	1022	MDAEEYLVPQA		hprd	987
ENSP00000350512	COPS5	261	LTNADYTTGQV		hprd	875
ENSP00000269582	PNMT	40	YLRNNYAPPRG		hprd	538
