name	ERBB4
id	ENSP00000342235
type	Tyrosine kinase
proline+1_removed	No
npartners	145
npartners_with_sites	115
nsites	101
//
motif	score	fg_matches	fg_size	bg_matches	bg_size	fold_increase
.....Y..P..	8.45	55	425	544	10000	2.38
..D..Y.....	6.81	43	370	459	9456	2.39
//
prot_id	prot_name	position	flank	kinase	source	string_score
ENSP00000230340	BYSL	49	EAEEEYVGPRL		psite	837
ENSP00000339191	CAV1	14	SEGHLYTVPIR	ABL1;FYN;SRC	hprd;pelm;psite	424
ENSP00000264033	CBL	552	PPDRPYSVGAE		hprd;pelm;psite	884
ENSP00000264033	CBL	700	EEDTEYMTPSS	EGFR;FYN;INSR;LCK;SYK;YES1	hprd;pelm;psite	884
ENSP00000264033	CBL	774	NEDDGYDVPKP	EGFR;FYN;LCK;SRC;SYK;YES1	hprd;pelm;psite	884
ENSP00000264122	CBLB	665	LGSEEYDVPPR		psite	986
ENSP00000264122	CBLB	709	EDDDEYKIPSS		psite	986
ENSP00000261769	CDH1	753	TRDNVYYYDEE		psite	515
ENSP00000353656	CDH4	795	EEDQDYDLSQL		psite	621
ENSP00000344456	CTNNB1	86	DIDGQYAMTRA	ABL1;SRC	hprd;pelm;psite	473
ENSP00000344456	CTNNB1	489	AVRLHYGLPVV	ABL1	psite	473
ENSP00000344456	CTNNB1	716	QDDPSYRSFHS		psite	473
ENSP00000345731	DLG1	399	TSDFVYLKVAK		psite	860
ENSP00000363480	DLG3	306	TSDMVYLKVAK		psite	846
ENSP00000355718	DLL1	704	SKDTKYQSVYV		psite	411
ENSP00000262726	EFCAB6	675	MDDDQYALLTT		psite	621
ENSP00000275493	EGFR	764	ILDEAYVMASV	SRC	psite	641
ENSP00000275493	EGFR	1016	VDADEYLIPQQ	ABL1;EGFR;SRC	hprd;pelm;psite	641
ENSP00000275493	EGFR	1125	SRDPHYQDPHS	SRC	hprd;pelm;psite	641
ENSP00000406209	EPN1	222	LKDFQYVDRDG		psite	800
ENSP00000268933	EPN3	111	LKDFQYIDRDG		psite	800
ENSP00000206249	ESR1	52	SKPAVYNYPEG	ABL1	pelm;psite	530
ENSP00000206249	ESR1	219	QGHNDYMCPAT	ABL1	pelm;psite	530
ENSP00000306245	FOS	30	DSLSYYHSPAD		psite	477
ENSP00000339007	GRB2	209	MFPRNYVTPVN	EGFR;JAK2	hprd;pelm;psite	899
ENSP00000269571	ERBB2	772	ILDEAYVMAGV		psite	987
ENSP00000269571	ERBB2	1023	VDAEEYLVPQQ	ERBB2	hprd;psite	987
ENSP00000269571	ERBB2	1127	SETDGYVAPLT		psite	987
ENSP00000269571	ERBB2	1196	VENPEYLTPQG	ERBB2	hprd;pelm;psite	987
ENSP00000269571	ERBB2	1221	AFDNLYYWDQD	ERBB2	hprd;pelm;psite	987
ENSP00000267101	ERBB3	1132	RGDSAYHSQRH		psite	942
ENSP00000267101	ERBB3	1159	EDVNGYVMPDT		psite	942
ENSP00000267101	ERBB3	1197	DEDEEYEYMNR		hprd;psite	942
ENSP00000267101	ERBB3	1260	TPDEDYEYMNR		hprd;psite	942
ENSP00000267101	ERBB3	1262	DEDYEYMNRQR		hprd;pelm;psite	942
ENSP00000309845	HRAS	157	VEDAFYTLVRE		psite	594
ENSP00000259050	MARCH7	315	NSENSYVSPRI		psite	425
ENSP00000417281	MDM2	282	EDDEVYQVTVY	ABL1	psite	837
ENSP00000417281	MDM2	400	QESEDYSQPST	ABL1	hprd;pelm;psite	837
ENSP00000338983	MUC1	236	HTHGRYVPPSS	PDGFRB	pelm;psite	904
ENSP00000338983	MUC1	261	GSSLSYTNPAV	ABL1	hprd;pelm;psite	904
ENSP00000383199	NEDD4L	485	PQPSPYNSPKP		psite	817
ENSP00000358548	NRAS	157	VEDAFYTLVRE		psite	550
ENSP00000349275	NRG1	530	VEDEEYETTQE		psite	999
ENSP00000228872	CDKN1B	88	SLPEFYYRPPR	ABL1;LYN;SRC;YES1	hprd;pelm;psite	444
ENSP00000228872	CDKN1B	89	LPEFYYRPPRP	ABL1;SRC;YES1	pelm;psite	444
ENSP00000263967	PIK3CA	355	DIDKIYVRTGI		psite	977
ENSP00000289153	PIK3CB	503	NKKQPYYYPPF		psite	975
ENSP00000289153	PIK3CB	504	KKQPYYYPPFD		psite	975
ENSP00000366563	PIK3CD	440	GERCLYMWPSV		pelm;psite	974
ENSP00000274335	PIK3R1	467	EYDRLYEEYTR		hprd;pelm;psite	925
ENSP00000222254	PIK3R2	464	EYDQLYEEYTR		hprd;pelm;psite	921
ENSP00000262741	PIK3R3	199	EYDRLYEEYTR		psite	804
ENSP00000262741	PIK3R3	341	DADENYFINEE	INSR	hprd;pelm;psite	804
ENSP00000262741	PIK3R3	373	AEDLLYGKPDG		psite	804
ENSP00000244007	PLCG1	186	LSQVNYRVPNM		psite	969
ENSP00000244007	PLCG1	210	SGDITYGQFAQ		psite	969
ENSP00000244007	PLCG1	959	SELVVYCRPVP		psite	969
ENSP00000244007	PLCG1	1254	SFESRYQQPFE	EGFR	hprd;pelm;psite	969
ENSP00000352336	PLCG2	759	DVSRMYVDPSE	BTK;FYN;LCK;LYN;SRC;SYK	hprd;pelm;psite	800
ENSP00000352336	PLCG2	936	SDLVVYCKPTS		psite	800
ENSP00000263088	PLD2	573	TTKAKYKTPTY		psite	621
ENSP00000263088	PLD2	580	TPTYPYLLPKS		psite	621
ENSP00000371432	PRLR	611	LGGLDYLDPAC		hprd;pelm;psite	837
ENSP00000365272	DLG2	445	LVDDDYTRPPE		psite	620
ENSP00000361021	PTEN	315	DNDKEYLVLTL	LCK	hprd;pelm;psite	429
ENSP00000361021	PTEN	336	DKANRYFSPNF	FRK	psite	429
ENSP00000274376	RASA1	472	TKDAFYKNIVK		psite	950
ENSP00000286364	RASA2	785	GTIAVYQGPQK		psite	488
ENSP00000335029	RASA3	757	GSKSVYDGPEQ		psite	488
ENSP00000307275	SCAMP3	53	EPPPAYEPPAP		hprd;pelm;psite	619
ENSP00000401303	SHC1	349	PPDHQYYNDFP	FLT4;SRC;SYK;ZAP70	hprd;pelm;psite	877
ENSP00000401303	SHC1	428	FDDPSYVNVQN	FLT3;FLT4;MET;SRC;SYK;ZAP70	hprd;pelm;psite	877
ENSP00000364995	SHC3	341	GSDHPYYNSIP		psite	840
ENSP00000364995	SHC3	406	GSSDIYSTPEG		psite	840
ENSP00000329668	SHC4	374	REDHEYYNEIP		psite	817
ENSP00000329668	SHC4	465	FDDPCYINTQA		psite	817
ENSP00000216373	SOS2	616	LTYHMYADPNF		psite	488
ENSP00000216373	SOS2	679	RFRKEYVQPVQ		psite	488
ENSP00000216373	SOS2	1320	SHPPLYRLPLL		psite	488
ENSP00000264657	STAT3	45	SQDWAYAASKE		psite	748
ENSP00000264657	STAT3	686	EAFGKYCRPES		hprd;psite	748
ENSP00000341208	STAT5A	668	LSYLIYVFPDR		psite	988
ENSP00000341208	STAT5A	682	EVFSKYYTPVL		psite	988
ENSP00000341208	STAT5A	694	KAVDGYVKPQI	BTK;JAK2;JAK3;LCK;LYN;SRC;SYK	hprd;pelm;psite	988
ENSP00000293328	STAT5B	665	LGDLNYLIYVF		psite	841
ENSP00000293328	STAT5B	668	LNYLIYVFPDR		hprd;psite	841
ENSP00000293328	STAT5B	682	EVYSKYYTPVP		psite	841
ENSP00000293328	STAT5B	699	KAVDGYVKPQI	EGFR;HCK;PTK6;SRC	hprd;pelm;psite	841
ENSP00000253024	TRIM28	242	HKDHQYQFLED		psite	800
ENSP00000253024	TRIM28	458	SGDDPYSSAEP	LYN	psite	800
ENSP00000272771	TMEFF2	309	DYSVLYVVPGP		psite	462
ENSP00000360916	VAV2	142	NDDDVYRSLEE	EGFR;LCK	hprd;pelm;psite	856
ENSP00000360916	VAV2	172	GGDDIYEDIIK	EGFR;LCK	hprd;pelm;psite	856
ENSP00000282441	YAP1	407	LSMSSYSVPRT	ABL1	hprd;psite	974
ENSP00000314709	ZHX2	705	ADDHGYDAVAR		psite	514
ENSP00000264033	CBL	337	FREGFYLFPDG		pelm	884
ENSP00000293328	STAT5B	679	PKDEVYSKYYT	SRC	hprd;pelm	841
ENSP00000386161	WWOX	61	AGDLPYGWEQE		pelm	942
ENSP00000253024	TRIM28	755	KLSPPYSSPQE		hprd;pelm	800
ENSP00000286332	TAB2	532	SDDAAYTQALL		hprd;pelm	728
