name	ERN1
id	ENSP00000401445
type	Serine/threonine kinase
proline+1_removed	No
npartners	75
npartners_with_sites	55
nsites	65
//
motif	score	fg_matches	fg_size	bg_matches	bg_size	fold_increase
.....[ST]P....	10.85	65	422	617	10000	2.5
//
prot_id	prot_name	position	flank	kinase	source	string_score
ENSP00000258888	ALPK3	1384	DGEATTPEERE		psite	429
ENSP00000258888	ALPK3	1390	PEERESPTVSP		psite	429
ENSP00000258888	ALPK3	1406	SLVPGSPGTPG		psite	429
ENSP00000258888	ALPK3	1865	KKGLPSPQGTR		psite	429
ENSP00000351908	MAP3K5	986	EYGSVSPDTEL		psite	714
ENSP00000351908	MAP3K5	1033	HSAPPSPEEKD		hprd;pelm;psite	714
ENSP00000344352	ATF3	162	AQNGRTPEDER		psite	462
ENSP00000336790	ATF4	224	SGICMSPESYL		psite	788
ENSP00000356919	ATF6	16	MESPFSPGLFH		psite	908
ENSP00000293288	BAX	87	AVDTDSPREVF		hprd;psite	719
ENSP00000247461	CANX	583	EILNRSPRNRK	CDK1;MAPK3	hprd;pelm;psite	631
ENSP00000388566	CASP4	83	NIDQISPNKKA		hprd;pelm;psite	530
ENSP00000340671	DDIT3	79	TSTSQSPHSPD	MAPK14	hprd;pelm;psite	782
ENSP00000340671	DDIT3	82	SQSPHSPDSSQ	MAPK14	hprd;pelm;psite	782
ENSP00000259512	DERL1	202	RNFLSTPQFLY		hprd;pelm;psite	803
ENSP00000158771	DERL2	211	KAIFDTPDEDP		psite	424
ENSP00000256383	EIF2S1	185	INRRLTPQAVK		psite	653
ENSP00000417229	EIF2A	506	ARSDKSPDLAP		hprd;pelm;psite	422
ENSP00000417229	EIF2A	512	PDLAPTPAPQS		hprd;pelm;psite	422
ENSP00000417229	EIF2A	518	PAPQSTPRNTV	CDK2	hprd;pelm;psite	422
ENSP00000368880	FOXO1	249	GKSGKSPRRRA	CDK1;CDK2;CDK4	psite	829
ENSP00000368880	FOXO1	287	EGAGDSPGSQF		hprd;pelm;psite	829
ENSP00000368880	FOXO1	298	SKWPASPGSHS		psite	829
ENSP00000368880	FOXO1	329	ISGRLSPIMTE	DYRK1A;NLK	hprd;pelm;psite	829
ENSP00000368880	FOXO1	383	LNLLSSPTSLT		psite	829
ENSP00000368880	FOXO1	394	VSTQSSPGTMM		psite	829
ENSP00000368880	FOXO1	402	TMMQQTPCYSF		psite	829
ENSP00000368880	FOXO1	416	NTSLNSPSPNY		psite	829
ENSP00000368880	FOXO1	418	SLNSPSPNYQK		psite	829
ENSP00000368880	FOXO1	432	GQSSMSPLPQM		hprd;pelm;psite	829
ENSP00000368880	FOXO1	470	LLTSDSPPHND		hprd;pelm;psite	829
ENSP00000200453	PPP1R15A	143	QRAPLSPSLLI		psite	523
ENSP00000200453	PPP1R15A	540	LKRPETPTHDP		psite	523
ENSP00000302961	HSPA4	384	QCAILSPAFKV		hprd;psite	462
ENSP00000302961	HSPA4	408	SLRWNSPAEEG		psite	462
ENSP00000302961	HSPA4	538	EQQQQTPAENK		hprd;pelm;psite	462
ENSP00000302961	HSPA4	780	LTSTCSPIISK		hprd;psite	462
ENSP00000360266	JUN	63	SDLLTSPDVGL	CDK3;MAPK15;MAPK8;MAPK9;PLK3;PRKD1;VRK1	hprd;pelm;psite	874
ENSP00000360266	JUN	73	LLKLASPELER	CDK3;MAPK15;MAPK8;MAPK9;PLK3;VRK1	hprd;pelm;psite	874
ENSP00000360266	JUN	91	GHITTTPTPTQ	MAPK8	pelm;psite	874
ENSP00000360266	JUN	93	ITTTPTPTQFL	MAPK8;PAK2	pelm;psite	874
ENSP00000360266	JUN	239	EMPGETPPLSP	GSK3A;GSK3B	hprd;pelm;psite	874
ENSP00000360266	JUN	243	ETPPLSPIDME	CSNK2A1;GSK3A;GSK3B	hprd;pelm;psite	874
ENSP00000344223	MBTPS1	616	VKIIPTPPRSK		psite	480
ENSP00000235329	MFN2	27	AEVNASPLKHF	MAPK9	psite	404
ENSP00000307235	EIF2AK3	715	EIIAPSPQRSR		hprd;psite	493
ENSP00000326366	PSEN1	354	GPHRSTPESRA	CDK5	hprd;pelm;psite	953
ENSP00000355747	PSEN2	25	LMSAESPTPRS		hprd;pelm;psite	830
ENSP00000355747	PSEN2	27	SAESPTPRSCQ		hprd;psite	830
ENSP00000357998	SEC63	537	LKKKPTPVLLP		hprd;psite	503
ENSP00000376317	TAOK3	181	NSFVGTPYWMA	SLK	hprd;psite	772
ENSP00000376317	TAOK3	573	NEDHSTPKKEK		psite	772
ENSP00000332468	TRAF3	9	SKKMDSPGALQ		psite	680
ENSP00000332468	TRAF3	29	DRSAGTPVFVP		psite	680
ENSP00000261601	USP14	235	SASAATPSKKK	CDK1	hprd;psite	629
ENSP00000261601	USP14	302	EITKQSPTLQR		psite	629
ENSP00000351777	VCP	509	LKFGMTPSKGV		hprd;psite	424
ENSP00000351777	VCP	664	ANLRKSPVAKD		psite	424
ENSP00000216037	XBP1	47	AQRGASPEAAS		hprd;psite	996
ENSP00000216037	XBP1	68	RLTHLSPEEKA		psite	996
ENSP00000216037	XBP1	181	VQAQLSPLQNI		psite	996
ENSP00000368880	FOXO1	478	HNDIMTPVDPG		hprd;pelm	829
ENSP00000162749	TNFRSF1A	274	PNPSFSPTPGF	MAPK1	hprd	687
ENSP00000162749	TNFRSF1A	280	PTPGFTPTLGF	MAPK1	hprd	687
ENSP00000336790	ATF4	69	VDGLVSPSNNS		hprd	788
