name	ERN2
id	ENSP00000256797
type	Serine/threonine kinase
proline+1_removed	Yes
npartners	11
npartners_with_sites	6
nsites	10
//
motif	score	fg_matches	fg_size	bg_matches	bg_size	fold_increase
....G[ST].....	6.03	10	23	630	9383	6.48
//
prot_id	prot_name	position	flank	kinase	source	string_score
ENSP00000324173	HSPA5	37	GIDLGTTYSCV		psite	436
ENSP00000324173	HSPA5	189	TKDAGTIAGLN		psite	436
ENSP00000324173	HSPA5	229	DLGGGTFDVSL	HSPA5	psite	436
ENSP00000324173	HSPA5	518	AEDKGTGNKNK		hprd;psite	436
ENSP00000282412	PPM1B	195	QRVNGSLAVSR		psite	404
ENSP00000312122	SEC13	309	NKGQGSVSASV		hprd;psite	511
ENSP00000247668	TRAF2	11	VTPPGSLELLQ		hprd;psite	411
ENSP00000247668	TRAF2	26	KTLLGTKLEAK		psite	411
ENSP00000247668	TRAF2	117	CTWKGTLKEYE		psite	411
ENSP00000247668	TRAF2	401	LNGDGTGRGTH		psite	411
