name	FER
id	ENSP00000281092
type	Tyrosine kinase
proline+1_removed	No
npartners	43
npartners_with_sites	32
nsites	37
//
motif	score	fg_matches	fg_size	bg_matches	bg_size	fold_increase
..D..Y.....	6.69	37	299	483	10000	2.56
//
prot_id	prot_name	position	flank	kinase	source	string_score
ENSP00000365312	ABI1	484	NDDGWYEGVCN		psite	583
ENSP00000310036	CD34	330	GEDPYYTENGG		psite	517
ENSP00000261769	CDH1	753	TRDNVYYYDEE		psite	666
ENSP00000269141	CDH2	785	EEDQDYDLSQL		hprd;pelm;psite	925
ENSP00000269141	CDH2	886	EQDYDYLNDWG	SRC	psite	925
ENSP00000301843	CTTN	486	AEDSTYDEYEN	ABL1;SRC	hprd;pelm;psite	988
ENSP00000304669	CTNNA1	245	NRDLIYKQLQQ		psite	900
ENSP00000344456	CTNNB1	86	DIDGQYAMTRA	ABL1;SRC	hprd;pelm;psite	959
ENSP00000344456	CTNNB1	716	QDDPSYRSFHS		psite	959
ENSP00000382004	CTNND1	296	YDDLDYGMMSD	SRC	hprd;psite	993
ENSP00000382004	CTNND1	335	PSDQYYWAPLA		psite	993
ENSP00000382004	CTNND1	904	SLDNNYSTPNE		hprd;pelm;psite	993
ENSP00000311113	JUP	74	QGDLEYQMSTT		psite	961
ENSP00000311113	JUP	701	DMDATYRPMYS		psite	961
ENSP00000311113	JUP	724	DMDGDYPIDTY		psite	961
ENSP00000275493	EGFR	764	ILDEAYVMASV	SRC	psite	654
ENSP00000275493	EGFR	1125	SRDPHYQDPHS	SRC	hprd;pelm;psite	654
ENSP00000289902	FCER1G	65	KSDGVYTGLST		hprd;pelm;psite	899
ENSP00000331504	FES	713	EADGVYAASGG	FES	hprd;pelm;psite	901
ENSP00000304895	IRS1	612	HTDDGYMPMSP	JAK1	hprd;pelm;psite	625
ENSP00000343204	JAK1	217	PKDISYKRYIP		psite	639
ENSP00000343204	JAK1	1034	ETDKEYYTVKD	JAK3	hprd;pelm;psite	639
ENSP00000343204	JAK1	1125	CPDEVYQLMRK		psite	639
ENSP00000371067	JAK2	1007	PQDKEYYKVKE	JAK2	hprd;pelm;psite	426
ENSP00000288135	KIT	823	KNDSNYVVKGN	KIT	pelm;psite	918
ENSP00000296930	NPM1	29	KADKDYHFKVD		psite	502
ENSP00000360683	PTPN1	66	QEDNDYINASL	EGFR	hprd;pelm;psite	914
ENSP00000316460	FYB	625	PDDDIYDGIEE		psite	637
ENSP00000316460	FYB	651	MGDEVYDDVDT	FYN	hprd;pelm;psite	637
ENSP00000264657	STAT3	45	SQDWAYAASKE		psite	951
ENSP00000293328	STAT5B	665	LGDLNYLIYVF		psite	465
ENSP00000364898	SYK	431	QLDNPYIVRMI		psite	902
ENSP00000364898	SYK	525	RADENYYKAQT	SYK	hprd;pelm;psite	902
ENSP00000370912	TEC	130	WTDGSYQCCRQ		psite	904
ENSP00000370912	TEC	519	VLDDQYTSSSG		psite	904
ENSP00000324740	YES1	426	IEDNEYTARQG	YES1	hprd;pelm;psite	800
ENSP00000293328	STAT5B	679	PKDEVYSKYYT	SRC	hprd;pelm	465
