name	FGFR2
id	ENSP00000410294
type	Tyrosine kinase
proline+1_removed	No
npartners	134
npartners_with_sites	99
nsites	47
//
motif	score	fg_matches	fg_size	bg_matches	bg_size	fold_increase
.....Y..P..	6.53	45	363	544	10000	2.28
//
prot_id	prot_name	position	flank	kinase	source	string_score
ENSP00000275248	ARID1B	1362	HMDGMYGPPAK		psite	629
ENSP00000264033	CBL	700	EEDTEYMTPSS	EGFR;FYN;INSR;LCK;SYK;YES1	hprd;pelm;psite	942
ENSP00000264033	CBL	774	NEDDGYDVPKP	EGFR;FYN;LCK;SRC;SYK;YES1	hprd;pelm;psite	942
ENSP00000264122	CBLB	665	LGSEEYDVPPR		psite	800
ENSP00000264122	CBLB	709	EDDDEYKIPSS		psite	800
ENSP00000269141	CDH2	496	VNENPYFAPNP		psite	891
ENSP00000281821	EPHA4	596	QGVRTYVDPFT	EPHA4	hprd;pelm;psite	644
ENSP00000281821	EPHA4	602	VDPFTYEDPNQ	EPHA4	hprd;pelm;psite	644
ENSP00000206249	ESR1	52	SKPAVYNYPEG	ABL1	pelm;psite	429
ENSP00000206249	ESR1	219	QGHNDYMCPAT	ABL1	pelm;psite	429
ENSP00000339007	GRB2	209	MFPRNYVTPVN	EGFR;JAK2	hprd;pelm;psite	990
ENSP00000417281	MDM2	400	QESEDYSQPST	ABL1	hprd;pelm;psite	842
ENSP00000383199	NEDD4L	485	PQPSPYNSPKP		psite	800
ENSP00000264731	TP63	149	TAPSPYAQPSS	ABL1	psite	420
ENSP00000264731	TP63	171	PSNTDYPGPHS	ABL1	psite	420
ENSP00000264731	TP63	290	SVLVPYEPPQV	ABL1	psite	420
ENSP00000289153	PIK3CB	503	NKKQPYYYPPF		psite	876
ENSP00000289153	PIK3CB	504	KKQPYYYPPFD		psite	876
ENSP00000366563	PIK3CD	440	GERCLYMWPSV		pelm;psite	872
ENSP00000262741	PIK3R3	373	AEDLLYGKPDG		psite	817
ENSP00000244007	PLCG1	186	LSQVNYRVPNM		psite	704
ENSP00000244007	PLCG1	959	SELVVYCRPVP		psite	704
ENSP00000244007	PLCG1	1254	SFESRYQQPFE	EGFR	hprd;pelm;psite	704
ENSP00000361021	PTEN	336	DKANRYFSPNF	FRK	psite	409
ENSP00000332816	PTK2B	699	ERNARYRTPKI		psite	624
ENSP00000332816	PTK2B	722	PSRPKYRPPPQ		psite	624
ENSP00000332816	PTK2B	756	TSPMEYPSPVN		hprd;psite	624
ENSP00000300738	RRM1	104	EDLYNYINPHN		psite	419
ENSP00000300738	RRM1	486	IDINYYPVPEA		psite	419
ENSP00000366936	SHB	96	DFEDPYNGPGS		psite	673
ENSP00000366936	SHB	246	TIADDYSDPFD		hprd;pelm;psite	673
ENSP00000366936	SHB	268	GESAGYMEPYE		hprd;psite	673
ENSP00000366936	SHB	297	KGIQLYDTPYE		psite	673
ENSP00000366936	SHB	336	RPADEYDQPWE		hprd;psite	673
ENSP00000384675	SOS1	618	LTYHMYADPNF		psite	821
ENSP00000216373	SOS2	616	LTYHMYADPNF		psite	803
ENSP00000216373	SOS2	679	RFRKEYVQPVQ		psite	803
ENSP00000216373	SOS2	1320	SHPPLYRLPLL		psite	803
ENSP00000366306	SPRY2	191	CKECTYPRPLP		psite	530
ENSP00000264657	STAT3	686	EAFGKYCRPES		hprd;psite	732
ENSP00000341208	STAT5A	668	LSYLIYVFPDR		psite	652
ENSP00000341208	STAT5A	682	EVFSKYYTPVL		psite	652
ENSP00000341208	STAT5A	694	KAVDGYVKPQI	BTK;JAK2;JAK3;LCK;LYN;SRC;SYK	hprd;pelm;psite	652
ENSP00000293328	STAT5B	668	LNYLIYVFPDR		hprd;psite	652
ENSP00000293328	STAT5B	682	EVYSKYYTPVP		psite	652
ENSP00000293328	STAT5B	699	KAVDGYVKPQI	EGFR;HCK;PTK6;SRC	hprd;pelm;psite	652
ENSP00000264033	CBL	337	FREGFYLFPDG		pelm	942
