name	FGR
id	ENSP00000363115
type	Tyrosine kinase
proline+1_removed	No
npartners	200
npartners_with_sites	154
nsites	174
//
motif	score	fg_matches	fg_size	bg_matches	bg_size	fold_increase
.D...YE.P..	331.15	12	807	0	10000	Inf
....DY.....	9.04	82	795	500	10000	2.06
.....Y..P..	8.12	78	713	519	9500	2
//
prot_id	prot_name	position	flank	kinase	source	string_score
ENSP00000238081	YWHAQ	82	QLIKDYREKVE		psite	635
ENSP00000238081	YWHAQ	125	KMKGDYFRYLA		psite	635
ENSP00000365312	ABI1	143	RKPIDYTVLDD		psite	602
ENSP00000365312	ABI1	213	TVPNDYMTSPA	ABL1	hprd;pelm;psite	602
ENSP00000365312	ABI1	421	PPPVDYEDEEA		psite	602
ENSP00000365312	ABI1	431	AAVVQYNDPYA		psite	602
ENSP00000361423	ABL1	134	WVPSNYITPVN	FYN;HCK;LYN	hprd;pelm;psite	906
ENSP00000361423	ABL1	147	EKHSWYHGPVS	FYN;HCK;LYN	psite	906
ENSP00000361423	ABL1	234	ITTLHYPAPKR	FYN;HCK;LYN	psite	906
ENSP00000383623	MLLT4	294	ENPKDYCIARV		psite	899
ENSP00000383623	MLLT4	583	EQQPDYRRQES		psite	899
ENSP00000383623	MLLT4	985	FEGADYESHLL		psite	899
ENSP00000383623	MLLT4	1150	LPWAEYSEPKK		psite	899
ENSP00000383623	MLLT4	1218	PRPEAYPIPTQ		psite	899
ENSP00000383623	MLLT4	1702	PLPRDYEPPSP		hprd;psite	899
ENSP00000270202	AKT1	315	CGTPEYLAPEV	PTK6;RET;SRC	hprd;psite	432
ENSP00000270202	AKT1	326	LEDNDYGRAVD	PTK6;SRC	hprd;psite	432
ENSP00000295897	ALB	365	RRHPDYSVVLL		psite	514
ENSP00000295897	ALB	476	PCAEDYLSVVL		psite	514
ENSP00000269260	ARRB2	48	LVDPDYLKDRK		psite	920
ENSP00000269260	ARRB2	404	MKDDDYDDQLC		psite	920
ENSP00000303507	BCR	246	GVDGDYEDAEL	FES	hprd;pelm;psite	611
ENSP00000303507	BCR	852	LISSDYERAEW		psite	611
ENSP00000259089	BLK	188	DEGGYYISPRI		psite	901
ENSP00000224337	BLNK	72	DFDSDYENPDE	SYK	pelm;psite	911
ENSP00000224337	BLNK	84	SDSEMYVMPAE	SYK	pelm;psite	911
ENSP00000224337	BLNK	96	NADDSYEPPPV	SYK	pelm;psite	911
ENSP00000224337	BLNK	178	EDEADYVVPVE	SYK	pelm;psite	911
ENSP00000224337	BLNK	189	DNDENYIHPTE	SYK	pelm;psite	911
ENSP00000308176	BTK	225	VALYDYMPMNA		hprd;psite	905
ENSP00000347197	C5AR1	11	YTTPDYGHYDD		psite	493
ENSP00000264033	CBL	700	EEDTEYMTPSS	EGFR;FYN;INSR;LCK;SYK;YES1	hprd;pelm;psite	990
ENSP00000264033	CBL	774	NEDDGYDVPKP	EGFR;FYN;LCK;SRC;SYK;YES1	hprd;pelm;psite	990
ENSP00000356346	PTPRC	689	ILPYDYNRVEL		psite	435
ENSP00000356346	PTPRC	790	KRCPDYIIQKL		psite	435
ENSP00000356346	PTPRC	980	VIPYDYNRVPL		psite	435
ENSP00000356436	PLA2G4A	456	DAGSDYQSDNQ		psite	914
ENSP00000286301	CSF1R	699	EGGVDYKNIHL	CSF1R	pelm;psite	659
ENSP00000286301	CSF1R	923	RRERDYTNLPS		psite	659
ENSP00000220003	CSK	277	GSLVDYLRSRG		psite	962
ENSP00000313391	DAB2	342	NGDVDYFGQQF		hprd;psite	631
ENSP00000313391	DAB2	761	VSSEMYRDPFG		psite	631
ENSP00000256935	DOCK2	209	KDQPDYAMYSR		hprd;pelm;psite	916
ENSP00000233668	DOK1	296	SPPALYAEPLD		hprd;pelm;psite	653
ENSP00000233668	DOK1	315	SQDSLYSDPLD		hprd;pelm;psite	653
ENSP00000233668	DOK1	362	KEDPIYDEPEG	INSR	hprd;pelm;psite	653
ENSP00000233668	DOK1	377	PPQGLYDLPRE		hprd;pelm;psite	653
ENSP00000233668	DOK1	398	VKEEGYELPYN	INSR;RET	hprd;pelm;psite	653
ENSP00000233668	DOK1	409	PATDDYAVPPP		hprd;pelm;psite	653
ENSP00000204961	EFNB1	324	KVSGDYGHPVY		hprd;pelm;psite	908
ENSP00000275493	EGFR	1016	VDADEYLIPQQ	ABL1;EGFR;SRC	hprd;pelm;psite	916
ENSP00000275493	EGFR	1125	SRDPHYQDPHS	SRC	hprd;pelm;psite	916
ENSP00000275493	EGFR	1172	LDNPDYQQDFF	EGFR	hprd;pelm;psite	916
ENSP00000275815	EPHA1	605	VDLQAYEDPAQ		psite	902
ENSP00000351209	EPHA2	588	KPLKTYVDPHT	EPHA2	hprd;pelm;psite	910
ENSP00000351209	EPHA2	594	VDPHTYEDPNQ	EPHA2	hprd;pelm;psite	910
ENSP00000337451	EPHA3	596	PGLRTYVDPHT	EPHA3	hprd;pelm;psite	902
ENSP00000337451	EPHA3	602	VDPHTYEDPTQ	EPHA3	hprd;pelm;psite	902
ENSP00000281821	EPHA4	596	QGVRTYVDPFT	EPHA4	hprd;pelm;psite	902
ENSP00000281821	EPHA4	602	VDPFTYEDPNQ	EPHA4	hprd;pelm;psite	902
ENSP00000273854	EPHA5	650	PGVRTYIDPHT		psite	902
ENSP00000273854	EPHA5	656	IDPHTYEDPNQ		psite	902
ENSP00000358309	EPHA7	608	PGTKTYIDPET		psite	902
ENSP00000358309	EPHA7	614	IDPETYEDPNR		psite	902
ENSP00000381097	EPHB1	594	PGMKIYIDPFT	EPHB1	hprd;pelm;psite	900
ENSP00000381097	EPHB1	600	IDPFTYEDPNE		hprd;pelm;psite	900
ENSP00000363763	EPHB2	181	LAFQDYGGCMS		psite	903
ENSP00000363763	EPHB2	597	PGMKIYIDPFT		hprd;psite	903
ENSP00000363763	EPHB2	603	IDPFTYEDPNE	EPHB2	hprd;psite	903
ENSP00000363763	EPHB2	913	RTIPDYTSFNT		psite	903
ENSP00000341189	PTK2	155	QVKSDYMLEIA		psite	925
ENSP00000341189	PTK2	397	SETDDYAEIID	FGR;MET;PTK2;SRC	hprd;pelm;psite	925
ENSP00000341189	PTK2	407	DEEDTYTMPST	MET;PTK2;PTK2B;SRC	hprd;pelm;psite	925
ENSP00000341189	PTK2	441	VHQGIYMSPEN	BMX;SRC	psite	925
ENSP00000341189	PTK2	720	PSRPGYPSPRS		psite	925
ENSP00000271450	FCGR2A	281	ETNNDYETADG	BLK;FYN;LYN;SYK	hprd;pelm;psite	457
ENSP00000355812	FGFR1OP	337	GEDDDYVDDFN		psite	401
ENSP00000355812	FGFR1OP	394	SDVADYLEDVA		psite	401
ENSP00000306245	FOS	10	GFNADYEASSS		psite	428
ENSP00000306245	FOS	30	DSLSYYHSPAD		psite	428
ENSP00000312999	GNAI2	168	IAQSDYIPTQQ		psite	901
ENSP00000365012	HCK	89	VALYDYEAIHH		psite	974
ENSP00000365012	HCK	209	DNGGFYISPRS	HCK	hprd;pelm;psite	974
ENSP00000320176	HCLS1	140	AVGFDYKGEVE		psite	814
ENSP00000320176	HCLS1	153	TSQKDYSRGFG		psite	814
ENSP00000320176	HCLS1	177	ALGYDYKGETE		psite	814
ENSP00000320176	HCLS1	190	ESQRDYAKGFG		psite	814
ENSP00000320176	HCLS1	378	EPENDYEDVEE	LYN;SYK	hprd;pelm;psite	814
ENSP00000320176	HCLS1	397	EPEGDYEEVLE	FGR;LYN;SYK	hprd;pelm;psite	814
ENSP00000304895	IRS1	632	KGSGDYMPMSP	JAK1	hprd;pelm;psite	892
ENSP00000304895	IRS1	989	SSRGDYMTMQM		psite	892
ENSP00000398655	ITK	182	IALYDYQTNDP		psite	904
ENSP00000337825	LCK	192	DNGGFYISPRI	SYK	hprd;pelm;psite	904
ENSP00000337825	LCK	489	RPTFDYLRSVL		psite	904
ENSP00000344871	MYO1F	743	NFVGDYLGLEE		psite	677
ENSP00000347379	OCLN	315	SPPSDYVERVD		psite	848
ENSP00000347379	OCLN	402	HYETDYTTGGE	SRC	psite	848
ENSP00000347379	OCLN	467	KELDDYREESE		psite	848
ENSP00000162330	BCAR1	115	QPDSVYLVPTP	SRC	hprd;psite	935
ENSP00000162330	BCAR1	128	AQQGLYQVPGP	FGFR1;SRC	hprd;pelm;psite	935
ENSP00000162330	BCAR1	165	PATDLYQVPPG	PTK6;SRC	hprd;pelm;psite	935
ENSP00000162330	BCAR1	179	PAQDIYQVPPS	SRC	hprd;psite	935
ENSP00000162330	BCAR1	192	MGHDIYQVPPS	SRC	hprd;psite	935
ENSP00000162330	BCAR1	234	PEQDEYDIPRH	SRC	hprd;pelm;psite	935
ENSP00000162330	BCAR1	249	GPQDIYDVPPV	FGFR1	hprd;pelm;psite	935
ENSP00000162330	BCAR1	267	YGQEVYDTPPM	SRC	hprd;psite	935
ENSP00000162330	BCAR1	287	PLLEVYDVPPS	SRC	hprd;psite	935
ENSP00000162330	BCAR1	306	NHHAVYDVPPS	FGFR1	hprd;pelm;psite	935
ENSP00000162330	BCAR1	327	LREETYDVPPA	FGFR1	hprd;pelm;psite	935
ENSP00000162330	BCAR1	362	PAEDVYDVPPP	SRC	hprd;psite	935
ENSP00000162330	BCAR1	372	PAPDLYDVPPG		hprd;psite	935
ENSP00000162330	BCAR1	387	GPGTLYDVPRE	SRC	hprd;pelm;psite	935
ENSP00000162330	BCAR1	410	VDSGVYAVPPP	FGFR1;PTK2	hprd;pelm;psite	935
ENSP00000162330	BCAR1	664	GWMEDYDYVHL	PTK2;PTK6	hprd;pelm;psite	935
ENSP00000162330	BCAR1	666	MEDYDYVHLQG	PTK2	hprd;psite	935
ENSP00000261799	PDGFRB	581	GHEYIYVDPMQ	PDGFRB	hprd;pelm;psite	910
ENSP00000261799	PDGFRB	692	GDLVDYLHRNK		psite	910
ENSP00000261799	PDGFRB	751	DESVDYVPMLD	PDGFRB	hprd;pelm;psite	910
ENSP00000261799	PDGFRB	771	IESSNYMAPYD	PDGFRB	hprd;pelm;psite	910
ENSP00000261799	PDGFRB	1021	EGDNDYIIPLP	PDGFRB	hprd;pelm;psite	910
ENSP00000289153	PIK3CB	246	VSPYDYVLQVS		psite	859
ENSP00000289153	PIK3CB	503	NKKQPYYYPPF		psite	859
ENSP00000289153	PIK3CB	504	KKQPYYYPPFD		psite	859
ENSP00000366563	PIK3CD	440	GERCLYMWPSV		pelm;psite	873
ENSP00000274335	PIK3R1	368	KMHGDYTLTLR	INSR	hprd;pelm;psite	804
ENSP00000262741	PIK3R3	373	AEDLLYGKPDG		psite	800
ENSP00000331602	PRKCD	514	CGTPDYIAPEI	LCK	hprd;psite	904
ENSP00000331602	PRKCD	630	KSPRDYSNFDQ		psite	904
ENSP00000244007	PLCG1	186	LSQVNYRVPNM		psite	911
ENSP00000244007	PLCG1	771	TAEPDYGALYE	EGFR;LYN;SYK	hprd;pelm;psite	911
ENSP00000244007	PLCG1	833	WWRGDYGGKKQ		psite	911
ENSP00000244007	PLCG1	959	SELVVYCRPVP		psite	911
ENSP00000244007	PLCG1	1254	SFESRYQQPFE	EGFR	hprd;pelm;psite	911
ENSP00000352336	PLCG2	759	DVSRMYVDPSE	BTK;FYN;LCK;LYN;SRC;SYK	hprd;pelm;psite	927
ENSP00000352336	PLCG2	780	KALYDYKAKRS		psite	927
ENSP00000352336	PLCG2	811	WWKGDYGTRIQ		psite	927
ENSP00000352336	PLCG2	936	SDLVVYCKPTS		psite	927
ENSP00000263088	PLD2	511	WLGKDYSNLIT	SRC	psite	433
ENSP00000263088	PLD2	573	TTKAKYKTPTY		psite	433
ENSP00000263088	PLD2	580	TPTYPYLLPKS		psite	433
ENSP00000234313	PLEK	277	PAYLHYYDPAG		psite	795
ENSP00000228307	PXN	31	SEETPYSYPTG	PTK2;PTK6	hprd;pelm;psite	502
ENSP00000228307	PXN	118	EEEHVYSFPNK	FYN;PTK2;PTK6	hprd;pelm;psite	502
ENSP00000228307	PXN	181	ALSPLYGVPET		hprd;pelm;psite	502
ENSP00000332816	PTK2B	579	IEDEDYYKASV	PTK2B	hprd;pelm;psite	908
ENSP00000332816	PTK2B	699	ERNARYRTPKI		psite	908
ENSP00000332816	PTK2B	722	PSRPKYRPPPQ		psite	908
ENSP00000332816	PTK2B	756	TSPMEYPSPVN		hprd;psite	908
ENSP00000332816	PTK2B	819	QMVEDYQWLRQ		psite	908
ENSP00000249071	RAC2	64	AGQEDYDRLRP		psite	447
ENSP00000274376	RASA1	239	AMCGDYYIGGR		psite	912
ENSP00000364995	SHC3	406	GSSDIYSTPEG		psite	808
ENSP00000391592	PTPN6	301	IPGSDYINANY		psite	432
ENSP00000046794	LCP2	113	FEEDDYESPND	LCK;SYK;ZAP70	hprd;pelm;psite	679
ENSP00000046794	LCP2	128	EDDGDYESPNE	LCK;SYK;ZAP70	hprd;pelm;psite	679
ENSP00000046794	LCP2	145	EDDADYEPPPS	LCK;TXK;ZAP70	hprd;pelm;psite	679
ENSP00000338345	SNCA	125	PDNEAYEMPSE	FYN;PTK2B;SRC;SYK	hprd;pelm;psite	959
ENSP00000350941	SRC	522	AFLEDYFTSTE		psite	961
ENSP00000264657	STAT3	686	EAFGKYCRPES		hprd;psite	954
ENSP00000364898	SYK	28	EEAEDYLVQGG		psite	990
ENSP00000364898	SYK	296	SRIKSYSFPKP		hprd;pelm;psite	990
ENSP00000364898	SYK	348	MDTEVYESPYA	SYK	hprd;pelm;psite	990
ENSP00000364898	SYK	352	VYESPYADPEE	SYK	hprd;pelm;psite	990
ENSP00000363031	THEMIS2	632	DDEHDYEEILE		psite	653
ENSP00000344818	UBC	59	RTLSDYNIQKE		psite	638
ENSP00000324740	YES1	146	YIPSNYVAPAD		psite	902
ENSP00000264972	ZAP70	126	AMVRDYVRQTW	ZAP70	hprd;pelm;psite	900
ENSP00000264972	ZAP70	221	DKAGKYCIPEG		psite	900
ENSP00000264972	ZAP70	315	MDTSVYESPYS	ZAP70	hprd;pelm;psite	900
ENSP00000264972	ZAP70	319	VYESPYSDPEE	ABL1;ZAP70	hprd;pelm;psite	900
ENSP00000372322	ZMYM2	557	IGPNGYMEPYC	FGFR1	psite	505
ENSP00000372322	ZMYM2	862	MTKATYCKPHM		psite	505
ENSP00000264033	CBL	337	FREGFYLFPDG		pelm	990
ENSP00000304895	IRS1	732	PCTGDYMNMSP	JAK1	hprd	892
