name	FYN
id	ENSP00000357656
type	Tyrosine kinase
proline+1_removed	No
npartners	420
npartners_with_sites	364
nsites	559
//
motif	score	fg_matches	fg_size	bg_matches	bg_size	fold_increase
.D...YE.P..	624.58	13	1814	0	10000	Inf
.....YD.PP.	622.51	12	1596	0	9500	Inf
....DY.....	307.65	205	1801	500	10000	2.28
.....Y..P..	15.65	169	1584	519	9500	1.95
..D..Y.....	12.41	133	1415	431	8981	1.96
//
prot_id	prot_name	position	flank	kinase	source	string_score
ENSP00000365312	ABI1	143	RKPIDYTVLDD		psite	611
ENSP00000365312	ABI1	213	TVPNDYMTSPA	ABL1	hprd;pelm;psite	611
ENSP00000365312	ABI1	421	PPPVDYEDEEA		psite	611
ENSP00000365312	ABI1	431	AAVVQYNDPYA		psite	611
ENSP00000365312	ABI1	484	NDDGWYEGVCN		psite	611
ENSP00000361423	ABL1	134	WVPSNYITPVN	FYN;HCK;LYN	hprd;pelm;psite	926
ENSP00000361423	ABL1	147	EKHSWYHGPVS	FYN;HCK;LYN	psite	926
ENSP00000361423	ABL1	234	ITTLHYPAPKR	FYN;HCK;LYN	psite	926
ENSP00000310309	ABLIM3	538	ARSSSYADPWT		psite	899
ENSP00000371341	TNK2	347	QNDDHYVMQEH	TNK2	hprd;pelm;psite	872
ENSP00000371341	TNK2	905	ASDPKYATPQV		hprd;pelm;psite	872
ENSP00000371341	TNK2	938	SSTHYYLLPER	BMX	hprd;pelm;psite	872
ENSP00000272065	ACP1	88	FATFDYILCMD		psite	726
ENSP00000272065	ACP1	133	IEDPYYGNDSD	FYN;LCK	hprd;psite	726
ENSP00000377941	ACTN1	12	QQTNDYMQPEE	PTK2	hprd;pelm;psite	903
ENSP00000377941	ACTN1	193	PELIDYGKLRK		hprd;pelm;psite	903
ENSP00000377941	ACTN1	864	AGDKNYITMDE		psite	903
ENSP00000264436	ADD2	31	EDDPEYMRLRN		psite	927
ENSP00000264436	ADD2	489	QFVPLYTDPQE	FYN	psite	927
ENSP00000383623	MLLT4	294	ENPKDYCIARV		psite	914
ENSP00000383623	MLLT4	583	EQQPDYRRQES		psite	914
ENSP00000383623	MLLT4	985	FEGADYESHLL		psite	914
ENSP00000383623	MLLT4	1150	LPWAEYSEPKK		psite	914
ENSP00000383623	MLLT4	1218	PRPEAYPIPTQ		psite	914
ENSP00000383623	MLLT4	1284	REDKAYQLERH		psite	914
ENSP00000383623	MLLT4	1496	RRDLQYITVSK		psite	914
ENSP00000383623	MLLT4	1702	PLPRDYEPPSP		hprd;psite	914
ENSP00000270202	AKT1	315	CGTPEYLAPEV	PTK6;RET;SRC	hprd;psite	930
ENSP00000270202	AKT1	326	LEDNDYGRAVD	PTK6;SRC	hprd;psite	930
ENSP00000270202	AKT1	437	ETDTRYFDEEF		psite	930
ENSP00000295897	ALB	365	RRHPDYSVVLL		psite	540
ENSP00000295897	ALB	476	PCAEDYLSVVL		psite	540
ENSP00000295897	ALB	521	EVDETYVPKEF		hprd;psite	540
ENSP00000284776	SORBS2	118	DDTDMYNTPYT		psite	407
ENSP00000284776	SORBS2	891	KGDTVYILRKI		psite	407
ENSP00000284776	SORBS2	1007	KGAEDYPDPPI		psite	407
ENSP00000315325	ARHGEF2	482	EKDQKYIFPTL		psite	899
ENSP00000315325	ARHGEF2	866	AGDALYLSFNP		hprd;psite	899
ENSP00000269260	ARRB2	48	LVDPDYLKDRK		psite	920
ENSP00000269260	ARRB2	404	MKDDDYDDQLC		psite	920
ENSP00000259089	BLK	188	DEGGYYISPRI		psite	905
ENSP00000259089	BLK	389	IIDSEYTAQEG		psite	905
ENSP00000224337	BLNK	72	DFDSDYENPDE	SYK	pelm;psite	933
ENSP00000224337	BLNK	84	SDSEMYVMPAE	SYK	pelm;psite	933
ENSP00000224337	BLNK	96	NADDSYEPPPV	SYK	pelm;psite	933
ENSP00000224337	BLNK	178	EDEADYVVPVE	SYK	pelm;psite	933
ENSP00000224337	BLNK	189	DNDENYIHPTE	SYK	pelm;psite	933
ENSP00000308176	BTK	225	VALYDYMPMNA		hprd;psite	963
ENSP00000308176	BTK	551	VLDDEYTSSVG	BTK;LYN;SYK	hprd;pelm;psite	963
ENSP00000252456	CNN1	261	RGMTVYGLPRQ	FYN	hprd;psite	621
ENSP00000359225	CNN3	300	ISDSDYQAEYP		psite	621
ENSP00000359225	CNN3	316	EYQDDYPRDYQ		psite	621
ENSP00000359225	CNN3	322	PRDYQYSDQGI		psite	621
ENSP00000368759	NEDD9	92	GQQKLYQVPNP		hprd;psite	753
ENSP00000368759	NEDD9	106	PRDTIYQVPPS		psite	753
ENSP00000368759	NEDD9	118	QNQGIYQVPTG		psite	753
ENSP00000368759	NEDD9	132	QEQEVYQVPPS		psite	753
ENSP00000368759	NEDD9	166	GHGYVYEYPSR		hprd;pelm;psite	753
ENSP00000368759	NEDD9	177	YQKDVYDIPPS		hprd;psite	753
ENSP00000368759	NEDD9	189	TTQGVYDIPPS		hprd;psite	753
ENSP00000368759	NEDD9	214	KPQGVYDIPPT		psite	753
ENSP00000368759	NEDD9	223	PTKGVYAIPPS		psite	753
ENSP00000368759	NEDD9	241	LREKDYDFPPP		psite	753
ENSP00000368759	NEDD9	261	RPEGVYDIPPT		psite	753
ENSP00000368759	NEDD9	317	SQNDAYDVPRG		hprd;pelm;psite	753
ENSP00000368759	NEDD9	345	ERDGVYDVPLH		hprd;pelm;psite	753
ENSP00000368759	NEDD9	629	SWMDDYDYVHL		psite	753
ENSP00000368759	NEDD9	631	MDDYDYVHLQG		psite	753
ENSP00000351273	CASP8	52	KGGADYILLPF		psite	774
ENSP00000339191	CAV1	14	SEGHLYTVPIR	ABL1;FYN;SRC	hprd;pelm;psite	959
ENSP00000222693	CAV2	19	MDDDSYSHHSG	SRC	hprd;pelm;psite	857
ENSP00000222693	CAV2	27	HSGLEYADPEK		hprd;pelm;psite	857
ENSP00000264033	CBL	552	PPDRPYSVGAE		hprd;pelm;psite	999
ENSP00000264033	CBL	700	EEDTEYMTPSS	EGFR;FYN;INSR;LCK;SYK;YES1	hprd;pelm;psite	999
ENSP00000264033	CBL	774	NEDDGYDVPKP	EGFR;FYN;LCK;SRC;SYK;YES1	hprd;pelm;psite	999
ENSP00000264122	CBLB	665	LGSEEYDVPPR		psite	922
ENSP00000264122	CBLB	709	EDDDEYKIPSS		psite	922
ENSP00000264122	CBLB	802	RTPSDYDLLIP		psite	922
ENSP00000264122	CBLB	889	RTSQDYDQLPS		pelm;psite	922
ENSP00000313419	CD19	378	GTAPSYGNPSS	MAPK1	hprd;pelm;psite	769
ENSP00000313419	CD19	409	EEGEGYEEPDS	LYN	hprd;pelm;psite	769
ENSP00000313419	CD19	439	QDGSGYENPED	MAPK1	hprd;pelm;psite	769
ENSP00000313419	CD19	508	MRGILYAAPQL	ABL1	hprd;psite	769
ENSP00000352264	CD2AP	88	QRISTYGLPAG		hprd;pelm;psite	995
ENSP00000352264	CD2AP	541	KKDTCYSPKPS		hprd;psite	995
ENSP00000300692	CD3D	149	RNDQVYQPLRD		hprd;pelm;psite	960
ENSP00000300692	CD3D	160	RDDAQYSHLGG		hprd;pelm;psite	960
ENSP00000354566	CD3E	188	VPNPDYEPIRK	FYN;LCK	hprd;pelm;psite	932
ENSP00000354782	CD247	142	GHDGLYQGLST	LCK	hprd;pelm;psite	976
ENSP00000356346	PTPRC	689	ILPYDYNRVEL		psite	981
ENSP00000356346	PTPRC	790	KRCPDYIIQKL		psite	981
ENSP00000356346	PTPRC	980	VIPYDYNRVPL		psite	981
ENSP00000342681	CD5	453	HVDNEYSQPPR	FYN;LCK	hprd;pelm;psite	950
ENSP00000342681	CD5	487	SSDSDYDLHGA	FYN;LCK	hprd;pelm;psite	950
ENSP00000323280	CD6	662	TDNDDYDDISA		hprd;pelm;psite	441
ENSP00000314458	CDC42	64	AGQEDYDRLRP	SRC	pelm;psite	962
ENSP00000261769	CDH1	753	TRDNVYYYDEE		psite	949
ENSP00000301843	CTTN	154	ASQKDYSSGFG		psite	992
ENSP00000301843	CTTN	178	AVGFDYQGKTE		psite	992
ENSP00000301843	CTTN	228	ESQKDYVKGFG		psite	992
ENSP00000301843	CTTN	265	ESQKDYKTGFG		psite	992
ENSP00000301843	CTTN	289	AVGFDYKEKLA		hprd;psite	992
ENSP00000301843	CTTN	302	ESQQDYSKGFG		psite	992
ENSP00000301843	CTTN	433	KAELSYRGPVS		hprd;psite	992
ENSP00000301843	CTTN	453	MEAADYREASS		hprd;pelm;psite	992
ENSP00000301843	CTTN	486	AEDSTYDEYEN	ABL1;SRC	hprd;pelm;psite	992
ENSP00000300574	CRK	221	PEPGPYAQPSV	ABL1;ABL2;EGFR	hprd;pelm;psite	969
ENSP00000346300	CRKL	48	TCPGDYVLSVS		psite	919
ENSP00000346300	CRKL	132	YVRTLYDFPGN		hprd;psite	919
ENSP00000346300	CRKL	198	RNSNSYGIPEP		hprd;pelm;psite	919
ENSP00000346300	CRKL	207	EPAHAYAQPQT	ABL1	hprd;pelm;psite	919
ENSP00000309539	DPYSL2	479	FPDFVYKRIKA	YES1	psite	911
ENSP00000309539	DPYSL2	499	VPRGLYDGPVC		psite	911
ENSP00000381526	DPYSL3	477	SPFSDYVYKRI		psite	899
ENSP00000381526	DPYSL3	499	VPRGMYDGPVF		psite	899
ENSP00000384053	CSF2RB	593	DFNGPYLGPPH		hprd;pelm;psite	621
ENSP00000384053	CSF2RB	822	QQVGDYCFLPG	LYN	pelm;psite	621
ENSP00000384053	CSF2RB	882	LKQQDYLSLPP	LYN	psite	621
ENSP00000286301	CSF1R	699	EGGVDYKNIHL	CSF1R	pelm;psite	650
ENSP00000286301	CSF1R	809	MNDSNYIVKGN	CSF1R	hprd;pelm;psite	650
ENSP00000286301	CSF1R	923	RRERDYTNLPS		psite	650
ENSP00000220003	CSK	184	AQDEFYRSGWA		hprd;pelm;psite	994
ENSP00000220003	CSK	277	GSLVDYLRSRG		psite	994
ENSP00000303939	CTLA4	60	SFVCEYASPGK		psite	997
ENSP00000303939	CTLA4	218	KQFQPYFIPIN		psite	997
ENSP00000304669	CTNNA1	245	NRDLIYKQLQQ		psite	900
ENSP00000344456	CTNNB1	86	DIDGQYAMTRA	ABL1;SRC	hprd;pelm;psite	993
ENSP00000344456	CTNNB1	489	AVRLHYGLPVV	ABL1	psite	993
ENSP00000344456	CTNNB1	670	DKPQDYKKRLS		psite	993
ENSP00000344456	CTNNB1	716	QDDPSYRSFHS		psite	993
ENSP00000382004	CTNND1	248	PSMEGYRAPSR		psite	998
ENSP00000382004	CTNND1	296	YDDLDYGMMSD	SRC	hprd;psite	998
ENSP00000382004	CTNND1	302	GMMSDYGTARR	SRC	hprd;pelm;psite	998
ENSP00000382004	CTNND1	335	PSDQYYWAPLA		psite	998
ENSP00000382004	CTNND1	904	SLDNNYSTPNE		hprd;pelm;psite	998
ENSP00000307134	CTNND2	292	PEGATYAAPRG		psite	702
ENSP00000307134	CTNND2	424	HIDPIYEDRVY		psite	702
ENSP00000307134	CTNND2	499	GPASNYADPYR		psite	702
ENSP00000307134	CTNND2	1090	ERKTDYECTGS		psite	702
ENSP00000312435	DAG1	863	PNAPPYQPPPP		psite	766
ENSP00000312435	DAG1	886	KNMTPYRSPPP		hprd;psite	766
ENSP00000311113	JUP	74	QGDLEYQMSTT		psite	993
ENSP00000311113	JUP	480	SVRLNYGIPAI		psite	993
ENSP00000311113	JUP	660	DKNPDYRKRVS		hprd;psite	993
ENSP00000311113	JUP	701	DMDATYRPMYS		psite	993
ENSP00000311113	JUP	724	DMDGDYPIDTY		psite	993
ENSP00000345731	DLG1	399	TSDFVYLKVAK		psite	487
ENSP00000345731	DLG1	775	RPKRDYEVDGR		psite	487
ENSP00000345731	DLG1	782	VDGRDYHFVTS		hprd;pelm;psite	487
ENSP00000266037	DOCK3	1203	ERLLDYRDCMK		psite	841
ENSP00000266037	DOCK3	1568	FFDKDYINKHP		psite	841
ENSP00000233668	DOK1	296	SPPALYAEPLD		hprd;pelm;psite	729
ENSP00000233668	DOK1	315	SQDSLYSDPLD		hprd;pelm;psite	729
ENSP00000233668	DOK1	362	KEDPIYDEPEG	INSR	hprd;pelm;psite	729
ENSP00000233668	DOK1	377	PPQGLYDLPRE		hprd;pelm;psite	729
ENSP00000233668	DOK1	398	VKEEGYELPYN	INSR;RET	hprd;pelm;psite	729
ENSP00000233668	DOK1	409	PATDDYAVPPP		hprd;pelm;psite	729
ENSP00000344277	DOK4	255	KGTEHYSYPCT		psite	872
ENSP00000356705	DNM3	559	EKEKKYMLPLD		psite	468
ENSP00000204961	EFNB1	324	KVSGDYGHPVY		hprd;pelm;psite	927
ENSP00000275493	EGFR	764	ILDEAYVMASV	SRC	psite	916
ENSP00000275493	EGFR	1016	VDADEYLIPQQ	ABL1;EGFR;SRC	hprd;pelm;psite	916
ENSP00000275493	EGFR	1125	SRDPHYQDPHS	SRC	hprd;pelm;psite	916
ENSP00000275493	EGFR	1172	LDNPDYQQDFF	EGFR	hprd;pelm;psite	916
ENSP00000275815	EPHA1	605	VDLQAYEDPAQ		psite	904
ENSP00000275815	EPHA1	781	DFDGTYETQGG		hprd;pelm;psite	904
ENSP00000351209	EPHA2	588	KPLKTYVDPHT	EPHA2	hprd;pelm;psite	911
ENSP00000351209	EPHA2	594	VDPHTYEDPNQ	EPHA2	hprd;pelm;psite	911
ENSP00000337451	EPHA3	596	PGLRTYVDPHT	EPHA3	hprd;pelm;psite	961
ENSP00000337451	EPHA3	602	VDPHTYEDPTQ	EPHA3	hprd;pelm;psite	961
ENSP00000337451	EPHA3	742	LSDMGYVHRDL		psite	961
ENSP00000281821	EPHA4	596	QGVRTYVDPFT	EPHA4	hprd;pelm;psite	965
ENSP00000281821	EPHA4	602	VDPFTYEDPNQ	EPHA4	hprd;pelm;psite	965
ENSP00000273854	EPHA5	650	PGVRTYIDPHT		psite	903
ENSP00000273854	EPHA5	656	IDPHTYEDPNQ		psite	903
ENSP00000358309	EPHA7	608	PGTKTYIDPET		psite	902
ENSP00000358309	EPHA7	614	IDPETYEDPNR		psite	902
ENSP00000381097	EPHB1	594	PGMKIYIDPFT	EPHB1	hprd;pelm;psite	905
ENSP00000381097	EPHB1	600	IDPFTYEDPNE		hprd;pelm;psite	905
ENSP00000381097	EPHB1	778	TSDPTYTSSLG		pelm;psite	905
ENSP00000363763	EPHB2	181	LAFQDYGGCMS		psite	906
ENSP00000363763	EPHB2	578	RADSEYTDKLQ		hprd;psite	906
ENSP00000363763	EPHB2	597	PGMKIYIDPFT		hprd;psite	906
ENSP00000363763	EPHB2	603	IDPFTYEDPNE	EPHB2	hprd;psite	906
ENSP00000363763	EPHB2	743	LADMNYVHRDL		hprd;psite	906
ENSP00000363763	EPHB2	781	TSDPTYTSALG		hprd;psite	906
ENSP00000363763	EPHB2	913	RTIPDYTSFNT		psite	906
ENSP00000332118	EPHB3	593	GSDSEYTEKLQ		psite	682
ENSP00000332118	EPHB3	600	EKLQQYIAPGM		hprd;pelm;psite	682
ENSP00000332118	EPHB3	608	PGMKVYIDPFT		hprd;pelm;psite	682
ENSP00000332118	EPHB3	614	IDPFTYEDPNE	EPHB3	hprd;pelm;psite	682
ENSP00000332118	EPHB3	792	PSDPTYTSSLG		hprd;psite	682
ENSP00000332118	EPHB3	924	RTVPDYTTFTT		psite	682
ENSP00000215832	MAPK1	193	VATRWYRAPEI		psite	922
ENSP00000308774	BMX	566	VLDDQYVSSVG	SRC	hprd;pelm;psite	906
ENSP00000338934	EZR	116	LSDEIYCPPET		psite	425
ENSP00000338934	EZR	354	LRLQDYEEKTK	EGFR	hprd;pelm;psite	425
ENSP00000341189	PTK2	155	QVKSDYMLEIA		psite	985
ENSP00000341189	PTK2	397	SETDDYAEIID	FGR;MET;PTK2;SRC	hprd;pelm;psite	985
ENSP00000341189	PTK2	407	DEEDTYTMPST	MET;PTK2;PTK2B;SRC	hprd;pelm;psite	985
ENSP00000341189	PTK2	441	VHQGIYMSPEN	BMX;SRC	psite	985
ENSP00000341189	PTK2	576	MEDSTYYKASK	BMX;FGR;MET;PTK2;RET;SRC	hprd;pelm;psite	985
ENSP00000341189	PTK2	720	PSRPGYPSPRS		psite	985
ENSP00000289902	FCER1G	65	KSDGVYTGLST		hprd;pelm;psite	938
ENSP00000271450	FCGR2A	281	ETNNDYETADG	BLK;FYN;LYN;SYK	hprd;pelm;psite	673
ENSP00000271450	FCGR2A	288	TADGGYMTLNP	BLK;FYN;LYN;SYK	hprd;pelm;psite	673
ENSP00000331504	FES	614	RILKQYSHPNI		psite	914
ENSP00000331504	FES	713	EADGVYAASGG	FES	hprd;pelm;psite	914
ENSP00000410294	FGFR2	467	AGVSEYELPED		psite	645
ENSP00000410294	FGFR2	657	INNIDYYKKTT		psite	645
ENSP00000363115	FGR	412	IKDDEYNPCQG	FGR	hprd;pelm;psite	902
ENSP00000365569	FLOT1	160	HDDQDYLHSLG	FYN	psite	954
ENSP00000372873	FLOT1	160	HDDQDYLHSLG	FYN	psite	888
ENSP00000391438	FLOT1	160	HDDQDYLHSLG	FYN	psite	888
ENSP00000365569	FLOT1	238	QADLAYQLQVA		psite	954
ENSP00000372873	FLOT1	238	QADLAYQLQVA		psite	888
ENSP00000391438	FLOT1	238	QADLAYQLQVA		psite	888
ENSP00000378368	FLOT2	163	YDKVDYLSSLG	FYN	psite	932
ENSP00000306245	FOS	10	GFNADYEASSS		psite	893
ENSP00000306245	FOS	30	DSLSYYHSPAD		psite	893
ENSP00000312999	GNAI2	168	IAQSDYIPTQQ		psite	905
ENSP00000348578	G3BP1	56	PADAVYGQKEI	LCK	hprd;psite	654
ENSP00000399588	GAB3	534	KFSLDYLALDF		psite	648
ENSP00000399588	GAB3	561	EQRVDYVQVDE		psite	648
ENSP00000339186	GRAP2	324	LFPANYVAPMT		psite	911
ENSP00000347464	GIT2	392	NDQPDYDSVAS		hprd;pelm;psite	902
ENSP00000347464	GIT2	592	TPESDYDNTPN		psite	902
ENSP00000339007	GRB2	209	MFPRNYVTPVN	EGFR;JAK2	hprd;pelm;psite	966
ENSP00000385720	ARHGAP35	1087	FDPSDYAEPMD		hprd;pelm;psite	989
ENSP00000385720	ARHGAP35	1105	EEENIYSVPHD	SRC	hprd;pelm;psite	989
ENSP00000335620	GSTA1	147	SHGQDYLVGNK		psite	466
ENSP00000420168	GSTA2	147	SHGQDYLVGNK		psite	466
ENSP00000211122	GSTA3	147	SHGQDYLVGNK		psite	467
ENSP00000365012	HCK	89	VALYDYEAIHH		psite	906
ENSP00000365012	HCK	209	DNGGFYISPRS	HCK	hprd;pelm;psite	906
ENSP00000365012	HCK	411	IEDNEYTAREG	HCK	hprd;pelm;psite	906
ENSP00000261917	HCN4	554	QRIHDYYEHRY		psite	440
ENSP00000338477	HNRNPF	210	QRPGPYDRPGT		psite	802
ENSP00000338477	HNRNPF	266	GRDLSYCLSGM		psite	802
ENSP00000365439	HNRNPK	72	ALRTDYNASVS	SRC	hprd;psite	732
ENSP00000365439	HNRNPK	234	FYDETYDYGGF	SRC	hprd;pelm;psite	732
ENSP00000365439	HNRNPK	236	DETYDYGGFTM	SRC	hprd;pelm;psite	732
ENSP00000365439	HNRNPK	280	PSRRDYDDMSP		hprd;psite	732
ENSP00000365439	HNRNPK	371	GSGYDYSYAGG		psite	732
ENSP00000365439	HNRNPK	373	GYDYSYAGGRG		psite	732
ENSP00000309845	HRAS	157	VEDAFYTLVRE		psite	978
ENSP00000320176	HCLS1	140	AVGFDYKGEVE		psite	543
ENSP00000320176	HCLS1	153	TSQKDYSRGFG		psite	543
ENSP00000320176	HCLS1	177	ALGYDYKGETE		psite	543
ENSP00000320176	HCLS1	190	ESQRDYAKGFG		psite	543
ENSP00000320176	HCLS1	378	EPENDYEDVEE	LYN;SYK	hprd;pelm;psite	543
ENSP00000320176	HCLS1	397	EPEGDYEEVLE	FGR;LYN;SYK	hprd;pelm;psite	543
ENSP00000376544	CD79B	197	EEDHTYEGLDI	FYN;LYN	hprd;pelm;psite	972
ENSP00000216223	IL2RB	418	GEDDAYCTFPS	LCK	hprd;pelm;psite	962
ENSP00000327075	CD300LF	205	EGDLCYADLTL		psite	502
ENSP00000327075	CD300LF	249	KEDISYASLTL		psite	502
ENSP00000304895	IRS1	612	HTDDGYMPMSP	JAK1	hprd;pelm;psite	965
ENSP00000304895	IRS1	632	KGSGDYMPMSP	JAK1	hprd;pelm;psite	965
ENSP00000304895	IRS1	989	SSRGDYMTMQM		psite	965
ENSP00000365016	IRS2	632	PYPEDYGDIEI	INSR	hprd;psite	502
ENSP00000365016	IRS2	653	GADDGYMPMTP		hprd;pelm;psite	502
ENSP00000365016	IRS2	675	CRSDDYMPMSP		hprd;pelm;psite	502
ENSP00000365016	IRS2	742	PEDSGYMRMWC		hprd;pelm;psite	502
ENSP00000365016	IRS2	766	LPNGDYLNVSP		psite	502
ENSP00000365016	IRS2	978	SPLSDYMNLDF		hprd;psite	502
ENSP00000363998	ITCH	548	EEGLDYGGVAR		psite	638
ENSP00000200181	ITGB4	1343	QSGEDYDSFLM		psite	675
ENSP00000200181	ITGB4	1492	TLTRDYNSLTR		psite	675
ENSP00000200181	ITGB4	1510	TLPRDYSTLTS		hprd;psite	675
ENSP00000296181	ITGB5	774	ASNPLYRKPIS		psite	900
ENSP00000398655	ITK	182	IALYDYQTNDP		psite	986
ENSP00000398655	ITK	512	VLDDQYTSSTG	LCK	hprd;pelm;psite	986
ENSP00000343204	JAK1	217	PKDISYKRYIP		psite	911
ENSP00000343204	JAK1	993	CKGMDYLGSRQ		psite	911
ENSP00000343204	JAK1	1034	ETDKEYYTVKD	JAK3	hprd;pelm;psite	911
ENSP00000343204	JAK1	1125	CPDEVYQLMRK		psite	911
ENSP00000371067	JAK2	221	AKIQDYHILTR	JAK2	hprd;psite	969
ENSP00000371067	JAK2	570	REVGDYGQLHE	JAK2	hprd;pelm;psite	969
ENSP00000371067	JAK2	790	NNCMDYEPDFR		psite	969
ENSP00000371067	JAK2	813	LFTPDYELLTE	JAK2	hprd;pelm;psite	969
ENSP00000371067	JAK2	940	GSLRDYLQKHK		psite	969
ENSP00000371067	JAK2	1007	PQDKEYYKVKE	JAK2	hprd;pelm;psite	969
ENSP00000391676	JAK3	785	LISSDYELLSD	JAK3	hprd;pelm;psite	915
ENSP00000391676	JAK3	980	PLDKDYYVVRE	JAK3	hprd;pelm;psite	915
ENSP00000286627	KCNMA1	1028	ALRGGYSTPQT		hprd;pelm;psite	445
ENSP00000352138	KIRREL	625	VLYADYRAPGP		hprd;pelm;psite	984
ENSP00000352138	KIRREL	661	GPASDYGPEPT		psite	984
ENSP00000352138	KIRREL	745	SQHSDYGQRFQ		psite	984
ENSP00000288135	KIT	362	DKWEDYPKSEN		hprd;psite	961
ENSP00000288135	KIT	570	GNNYVYIDPTQ	KIT	hprd;pelm;psite	961
ENSP00000288135	KIT	730	KPGVSYVVPTK		hprd;psite	961
ENSP00000288135	KIT	823	KNDSNYVVKGN	KIT	pelm;psite	961
ENSP00000354119	LAT	45	SSDSLYPRGIQ		psite	970
ENSP00000354119	LAT	156	EDEDDYHNPGY	ZAP70	hprd;psite	970
ENSP00000354119	LAT	200	ESIDDYVNVPE	ZAP70	hprd;psite	970
ENSP00000354119	LAT	255	EGAPDYENLQE	ZAP70	hprd;psite	970
ENSP00000337825	LCK	192	DNGGFYISPRI	SYK	hprd;pelm;psite	907
ENSP00000337825	LCK	394	IEDNEYTAREG	FCGR3A;LCK	hprd;pelm;psite	907
ENSP00000337825	LCK	489	RPTFDYLRSVL		psite	907
ENSP00000353508	MAP2	592	EPGSDYYELSD		psite	980
ENSP00000353508	MAP2	1493	KPAIKYTRPTH		psite	980
ENSP00000237380	MED28	64	LVSQDYVNGTD	LCK	hprd;psite	968
ENSP00000288986	NCK1	268	PPQCDYIRPSL		hprd;pelm;psite	964
ENSP00000233154	NCK2	99	STDAEYPANGS		psite	905
ENSP00000233154	NCK2	110	GADRIYDLNIP		hprd;pelm;psite	905
ENSP00000233154	NCK2	271	APQISYTGPSS		psite	905
ENSP00000233154	NCK2	342	LVDNVYCIGQR		psite	905
ENSP00000294129	NCKIPSD	161	ADGGLYQIPLP	SRC	psite	529
ENSP00000294129	NCKIPSD	227	SLDTLYTSSSP	SRC	psite	529
ENSP00000218652	NDFIP2	171	VYGEFYPVPPP	SRC	psite	619
ENSP00000332549	GRIN2A	1118	PRDKIYTIDGE	FYN	psite	999
ENSP00000358548	NRAS	157	VEDAFYTLVRE		psite	914
ENSP00000347379	OCLN	315	SPPSDYVERVD		psite	415
ENSP00000347379	OCLN	402	HYETDYTTGGE	SRC	psite	415
ENSP00000347379	OCLN	467	KELDDYREESE		psite	415
ENSP00000162330	BCAR1	115	QPDSVYLVPTP	SRC	hprd;psite	999
ENSP00000162330	BCAR1	128	AQQGLYQVPGP	FGFR1;SRC	hprd;pelm;psite	999
ENSP00000162330	BCAR1	165	PATDLYQVPPG	PTK6;SRC	hprd;pelm;psite	999
ENSP00000162330	BCAR1	179	PAQDIYQVPPS	SRC	hprd;psite	999
ENSP00000162330	BCAR1	192	MGHDIYQVPPS	SRC	hprd;psite	999
ENSP00000162330	BCAR1	234	PEQDEYDIPRH	SRC	hprd;pelm;psite	999
ENSP00000162330	BCAR1	249	GPQDIYDVPPV	FGFR1	hprd;pelm;psite	999
ENSP00000162330	BCAR1	267	YGQEVYDTPPM	SRC	hprd;psite	999
ENSP00000162330	BCAR1	287	PLLEVYDVPPS	SRC	hprd;psite	999
ENSP00000162330	BCAR1	306	NHHAVYDVPPS	FGFR1	hprd;pelm;psite	999
ENSP00000162330	BCAR1	327	LREETYDVPPA	FGFR1	hprd;pelm;psite	999
ENSP00000162330	BCAR1	362	PAEDVYDVPPP	SRC	hprd;psite	999
ENSP00000162330	BCAR1	372	PAPDLYDVPPG		hprd;psite	999
ENSP00000162330	BCAR1	387	GPGTLYDVPRE	SRC	hprd;pelm;psite	999
ENSP00000162330	BCAR1	410	VDSGVYAVPPP	FGFR1;PTK2	hprd;pelm;psite	999
ENSP00000162330	BCAR1	653	SPDGQYENSEG	SRC	hprd;pelm;psite	999
ENSP00000162330	BCAR1	664	GWMEDYDYVHL	PTK2;PTK6	hprd;pelm;psite	999
ENSP00000162330	BCAR1	666	MEDYDYVHLQG	PTK2	hprd;psite	999
ENSP00000220597	PAG1	181	VEDCLYETVKE		hprd;pelm;psite	993
ENSP00000220597	PAG1	387	EPEPDYEAIQT		psite	993
ENSP00000220597	PAG1	417	PKENDYESISD		hprd;pelm;psite	993
ENSP00000261799	PDGFRB	581	GHEYIYVDPMQ	PDGFRB	hprd;pelm;psite	997
ENSP00000261799	PDGFRB	692	GDLVDYLHRNK		psite	997
ENSP00000261799	PDGFRB	740	ESDGGYMDMSK	PDGFRB	hprd;pelm;psite	997
ENSP00000261799	PDGFRB	751	DESVDYVPMLD	PDGFRB	hprd;pelm;psite	997
ENSP00000261799	PDGFRB	763	KGDVKYADIES	PDGFRB	hprd;pelm;psite	997
ENSP00000261799	PDGFRB	771	IESSNYMAPYD	PDGFRB	hprd;pelm;psite	997
ENSP00000261799	PDGFRB	857	MRDSNYISKGS	PDGFRB	hprd;pelm;psite	997
ENSP00000261799	PDGFRB	934	ASDEIYEIMQK	ABL1	hprd;psite	997
ENSP00000261799	PDGFRB	1021	EGDNDYIIPLP	PDGFRB	hprd;pelm;psite	997
ENSP00000263967	PIK3CA	355	DIDKIYVRTGI		psite	947
ENSP00000289153	PIK3CB	246	VSPYDYVLQVS		psite	953
ENSP00000289153	PIK3CB	503	NKKQPYYYPPF		psite	953
ENSP00000289153	PIK3CB	504	KKQPYYYPPFD		psite	953
ENSP00000366563	PIK3CD	440	GERCLYMWPSV		pelm;psite	894
ENSP00000274335	PIK3R1	368	KMHGDYTLTLR	INSR	hprd;pelm;psite	984
ENSP00000274335	PIK3R1	467	EYDRLYEEYTR		hprd;pelm;psite	984
ENSP00000222254	PIK3R2	464	EYDQLYEEYTR		hprd;pelm;psite	960
ENSP00000262741	PIK3R3	199	EYDRLYEEYTR		psite	903
ENSP00000262741	PIK3R3	341	DADENYFINEE	INSR	hprd;pelm;psite	903
ENSP00000262741	PIK3R3	373	AEDLLYGKPDG		psite	903
ENSP00000331602	PRKCD	514	CGTPDYIAPEI	LCK	hprd;psite	994
ENSP00000331602	PRKCD	630	KSPRDYSNFDQ		psite	994
ENSP00000306124	PRKCE	434	GKDEVYAVKVL		psite	660
ENSP00000306124	PRKCE	573	CGTPDYIAPEI		psite	660
ENSP00000329127	PRKCH	676	FRNFSYVSPEL		psite	699
ENSP00000263125	PRKCQ	545	CGTPDYIAPEI		psite	621
ENSP00000367830	PRKCZ	417	CGTPNYIAPEI		psite	682
ENSP00000244007	PLCG1	186	LSQVNYRVPNM		psite	968
ENSP00000244007	PLCG1	210	SGDITYGQFAQ		psite	968
ENSP00000244007	PLCG1	771	TAEPDYGALYE	EGFR;LYN;SYK	hprd;pelm;psite	968
ENSP00000244007	PLCG1	833	WWRGDYGGKKQ		psite	968
ENSP00000244007	PLCG1	959	SELVVYCRPVP		psite	968
ENSP00000244007	PLCG1	1254	SFESRYQQPFE	EGFR	hprd;pelm;psite	968
ENSP00000352336	PLCG2	759	DVSRMYVDPSE	BTK;FYN;LCK;LYN;SRC;SYK	hprd;pelm;psite	986
ENSP00000352336	PLCG2	780	KALYDYKAKRS		psite	986
ENSP00000352336	PLCG2	811	WWKGDYGTRIQ		psite	986
ENSP00000352336	PLCG2	936	SDLVVYCKPTS		psite	986
ENSP00000263088	PLD2	511	WLGKDYSNLIT	SRC	psite	993
ENSP00000263088	PLD2	573	TTKAKYKTPTY		psite	993
ENSP00000263088	PLD2	580	TPTYPYLLPKS		psite	993
ENSP00000234313	PLEK	277	PAYLHYYDPAG		psite	532
ENSP00000356000	PLXNA2	1605	KQTSSYNIPAS		psite	905
ENSP00000371432	PRLR	509	AKPLDYVEIHK		psite	432
ENSP00000371432	PRLR	611	LGGLDYLDPAC		hprd;pelm;psite	432
ENSP00000361021	PTEN	315	DNDKEYLVLTL	LCK	hprd;pelm;psite	475
ENSP00000361021	PTEN	336	DKANRYFSPNF	FRK	psite	475
ENSP00000248594	PTPN12	88	SQDSDYINANF		psite	563
ENSP00000360683	PTPN1	66	QEDNDYINASL	EGFR	hprd;pelm;psite	461
ENSP00000394794	PTPN13	363	KMDPIYHTREL		psite	935
ENSP00000330276	PTPN21	569	RPPPPYPPPRP		psite	900
ENSP00000369756	PTPRA	588	EENTDYVNASF		pelm;psite	988
ENSP00000353030	PTPRF	1321	MRRLNYQTPGM		psite	676
ENSP00000400010	PTPRJ	1225	YLVRDYMKQSP		psite	424
ENSP00000400010	PTPRJ	1311	KVDLIYQNTTA		psite	424
ENSP00000377047	PTPRZ1	2179	ATQDDYVLEVR		psite	704
ENSP00000228307	PXN	31	SEETPYSYPTG	PTK2;PTK6	hprd;pelm;psite	862
ENSP00000228307	PXN	118	EEEHVYSFPNK	FYN;PTK2;PTK6	hprd;pelm;psite	862
ENSP00000228307	PXN	181	ALSPLYGVPET		hprd;pelm;psite	862
ENSP00000332816	PTK2B	579	IEDEDYYKASV	PTK2B	hprd;pelm;psite	997
ENSP00000332816	PTK2B	699	ERNARYRTPKI		psite	997
ENSP00000332816	PTK2B	722	PSRPKYRPPPQ		psite	997
ENSP00000332816	PTK2B	756	TSPMEYPSPVN		hprd;psite	997
ENSP00000332816	PTK2B	819	QMVEDYQWLRQ		psite	997
ENSP00000332816	PTK2B	881	TDDLVYLNVME	PTK2B	hprd;pelm;psite	997
ENSP00000005587	SKAP2	11	STSSPYPLPEE		psite	941
ENSP00000005587	SKAP2	75	EDGEEYDDPFA		psite	941
ENSP00000005587	SKAP2	261	IDDEIYEELPE		psite	941
ENSP00000348461	RAC1	64	AGQEDYDRLRP	PTK2;SRC	psite	951
ENSP00000304283	RAC3	64	AGQEDYDRLRP		psite	543
ENSP00000251849	RAF1	232	SSQHRYSTPHA		psite	652
ENSP00000251849	RAF1	340	QRDSSYYWEIE	JAK2;SRC	hprd;pelm;psite	652
ENSP00000251849	RAF1	458	AQGMDYLHAKN		psite	652
ENSP00000361264	RAPGEF1	79	FLPEGYPLPLD		psite	952
ENSP00000361264	RAPGEF1	408	HYDPDYEFLQQ		psite	952
ENSP00000361264	RAPGEF1	579	QLLEDYSEPQP		psite	952
ENSP00000361264	RAPGEF1	588	QPSMFYQTPQN		psite	952
ENSP00000274376	RASA1	239	AMCGDYYIGGR		psite	942
ENSP00000274376	RASA1	472	TKDAFYKNIVK		psite	942
ENSP00000310561	ARHGAP32	1537	LRYNTYVAPGR		psite	971
ENSP00000310561	ARHGAP32	1632	QARSDYHVTQL		psite	971
ENSP00000310561	ARHGAP32	1718	ANVTGYFSPND		psite	971
ENSP00000310561	ARHGAP32	1828	GEDRFYRRHPE		psite	971
ENSP00000310561	ARHGAP32	2029	DNLEDYHSLPQ		hprd;psite	971
ENSP00000310561	ARHGAP32	2048	GGMGTYVPPGF		psite	971
ENSP00000246792	RRAS	58	YFVSDYDPTIE		psite	936
ENSP00000313829	KHDRBS1	375	GYDDTYAEQSY		psite	999
ENSP00000313829	KHDRBS1	396	QGDSEYYDYGH		psite	999
ENSP00000264896	SCARB2	284	ITFSDYESVQG		pelm;psite	878
ENSP00000348685	SH3BP2	174	TDNEDYEHDDE	SYK	hprd;pelm;psite	864
ENSP00000348685	SH3BP2	183	DEDDSYLEPDS	SYK	hprd;pelm;psite	864
ENSP00000348685	SH3BP2	448	DSDEDYEKVPL	SYK	hprd;psite	864
ENSP00000401303	SHC1	349	PPDHQYYNDFP	FLT4;SRC;SYK;ZAP70	hprd;pelm;psite	970
ENSP00000401303	SHC1	428	FDDPSYVNVQN	FLT3;FLT4;MET;SRC;SYK;ZAP70	hprd;pelm;psite	970
ENSP00000364995	SHC3	341	GSDHPYYNSIP		psite	813
ENSP00000364995	SHC3	406	GSSDIYSTPEG		psite	813
ENSP00000329668	SHC4	374	REDHEYYNEIP		psite	802
ENSP00000329668	SHC4	465	FDDPCYINTQA		psite	802
ENSP00000391592	PTPN6	301	IPGSDYINANY		psite	919
ENSP00000340944	PTPN11	62	QNTGDYYDLYG		hprd;pelm;psite	976
ENSP00000340944	PTPN11	304	EPVSDYINANI		pelm;psite	976
ENSP00000259608	SIT1	188	FPDQAYANSQP		hprd;pelm;psite	714
ENSP00000338171	SKAP1	90	PFLSDYQDEGM		psite	997
ENSP00000338171	SKAP1	295	RKGVDYASYYQ	FYN	psite	997
ENSP00000316460	FYB	571	AVEIDYDSLKL	FYN	hprd;pelm;psite	999
ENSP00000316460	FYB	625	PDDDIYDGIEE		psite	999
ENSP00000316460	FYB	651	MGDEVYDDVDT	FYN	hprd;pelm;psite	999
ENSP00000358770	SLK	1225	RISKFYPIPSL		psite	633
ENSP00000046794	LCP2	113	FEEDDYESPND	LCK;SYK;ZAP70	hprd;pelm;psite	995
ENSP00000046794	LCP2	128	EDDGDYESPNE	LCK;SYK;ZAP70	hprd;pelm;psite	995
ENSP00000046794	LCP2	145	EDDADYEPPPS	LCK;TXK;ZAP70	hprd;pelm;psite	995
ENSP00000338345	SNCA	125	PDNEAYEMPSE	FYN;PTK2B;SRC;SYK	hprd;pelm;psite	983
ENSP00000384675	SOS1	618	LTYHMYADPNF		psite	976
ENSP00000357130	SPTA1	548	IGDDHYDSENI		psite	919
ENSP00000357130	SPTA1	1499	TKLGDYANLKQ		psite	919
ENSP00000361824	SPTAN1	601	ATDEAYKDPSN		psite	899
ENSP00000361824	SPTAN1	1411	LAHGHYASPEI		hprd;psite	899
ENSP00000361824	SPTAN1	1579	ASDESYKDPTN		psite	899
ENSP00000361824	SPTAN1	2445	REQADYCVSHM		psite	899
ENSP00000361824	SPTAN1	2467	PTAFDYVEFTR		psite	899
ENSP00000374372	SPTB	1672	QVDKHYAGLKD		psite	900
ENSP00000349259	SPTBN1	1118	NYEEDYQKMRD		psite	899
ENSP00000349259	SPTBN1	1303	AQDMSYDEARN		hprd;psite	899
ENSP00000349259	SPTBN1	1644	QAVEDYAETVH		psite	899
ENSP00000349259	SPTBN1	1680	KVDKLYAGLKD		psite	899
ENSP00000349259	SPTBN1	1730	ELGQDYEHVTM		psite	899
ENSP00000311489	SPTBN2	1676	QVDKLYAGLKE		psite	899
ENSP00000311489	SPTBN2	1726	ELGQDYEHVTM		psite	899
ENSP00000350941	SRC	419	IEDNEYTARQG	PDGFRA;PDGFRB;PRKACA;SRC	hprd;pelm;psite	993
ENSP00000350941	SRC	522	AFLEDYFTSTE		psite	993
ENSP00000354394	STAT1	68	QLDDQYSRFSL		psite	974
ENSP00000264657	STAT3	45	SQDWAYAASKE		psite	954
ENSP00000264657	STAT3	686	EAFGKYCRPES		hprd;psite	954
ENSP00000341208	STAT5A	668	LSYLIYVFPDR		psite	864
ENSP00000341208	STAT5A	682	EVFSKYYTPVL		psite	864
ENSP00000341208	STAT5A	694	KAVDGYVKPQI	BTK;JAK2;JAK3;LCK;LYN;SRC;SYK	hprd;pelm;psite	864
ENSP00000293328	STAT5B	392	NTRNDYSGEIL		psite	859
ENSP00000293328	STAT5B	665	LGDLNYLIYVF		psite	859
ENSP00000293328	STAT5B	668	LNYLIYVFPDR		hprd;psite	859
ENSP00000293328	STAT5B	682	EVYSKYYTPVP		psite	859
ENSP00000293328	STAT5B	699	KAVDGYVKPQI	EGFR;HCK;PTK6;SRC	hprd;pelm;psite	859
ENSP00000364898	SYK	28	EEAEDYLVQGG		psite	966
ENSP00000364898	SYK	296	SRIKSYSFPKP		hprd;pelm;psite	966
ENSP00000364898	SYK	348	MDTEVYESPYA	SYK	hprd;pelm;psite	966
ENSP00000364898	SYK	352	VYESPYADPEE	SYK	hprd;pelm;psite	966
ENSP00000364898	SYK	431	QLDNPYIVRMI		psite	966
ENSP00000364898	SYK	525	RADENYYKAQT	SYK	hprd;pelm;psite	966
ENSP00000316029	TLN1	70	GKALDYYMLRN		hprd;pelm;psite	908
ENSP00000316029	TLN1	570	PAETDYTAVGC		psite	908
ENSP00000316029	TLN1	1737	SQMAQYFEPLT		psite	908
ENSP00000316029	TLN1	1893	QLTSDYGRLAS		psite	908
ENSP00000340820	MAPT	532	GDRSGYSSPGS		psite	986
ENSP00000340820	MAPT	729	GAEIVYKSPVV	ABL1	hprd;psite	986
ENSP00000295756	TRAT1	43	RQDKMYSYSSD		psite	856
ENSP00000277120	NTRK2	722	VYSTDYYRVGG	NTRK2	hprd;psite	626
ENSP00000369003	TRPC4	964	DSSIDYDLNLP		psite	824
ENSP00000369003	TRPC4	977	VTHEDYVTTRL		psite	824
ENSP00000340913	TRPC6	31	NESQDYLLMDS		psite	933
ENSP00000261740	TRPV4	110	DSLFDYGTYRH		psite	652
ENSP00000261740	TRPV4	508	RTTVDYLRLAG		hprd;psite	652
ENSP00000336799	TUBA1B	161	RLSVDYGKKSK		psite	624
ENSP00000336799	TUBA1B	172	LEFSIYPAPQV		psite	624
ENSP00000336799	TUBA1B	357	KVGINYQPPTV		psite	624
ENSP00000336799	TUBA1B	399	KFDLMYAKRAF		psite	624
ENSP00000336799	TUBA1B	432	ALEKDYEEVGV		psite	624
ENSP00000382982	TUBA3C	161	RLSVDYGKKSK		psite	848
ENSP00000382982	TUBA3C	357	KVGINYQPPTV		psite	848
ENSP00000382982	TUBA3C	399	KFDLMYAKRAF		psite	848
ENSP00000248437	TUBA4A	161	RLSVDYGKKSK		hprd;psite	624
ENSP00000248437	TUBA4A	172	LEFSIYPAPQV		psite	624
ENSP00000248437	TUBA4A	357	KVGINYQPPTV		hprd;pelm;psite	624
ENSP00000248437	TUBA4A	399	KFDLMYAKRAF		psite	624
ENSP00000248437	TUBA4A	432	ALEKDYEEVGI	SYK	hprd;psite	624
ENSP00000264316	TXK	420	VLDDEYVSSFG	SRC;TXK	hprd;pelm;psite	644
ENSP00000263798	TYRO3	685	IYSGDYYRQGC		psite	650
ENSP00000263798	TYRO3	828	GRDQPYSGAGD		psite	650
ENSP00000388107	UBA52	59	RTLSDYNIQKE		psite	429
ENSP00000344818	UBC	59	RTLSDYNIQKE		psite	978
ENSP00000360916	VAV2	142	NDDDVYRSLEE	EGFR;LCK	hprd;pelm;psite	917
ENSP00000360916	VAV2	172	GGDDIYEDIIK	EGFR;LCK	hprd;pelm;psite	917
ENSP00000359073	VAV3	508	NIRPDYADSNF		psite	912
ENSP00000359073	VAV3	667	PKPVDYSCQPW		psite	912
ENSP00000282397	FLT1	794	EIKTDYLSIIM		hprd;pelm;psite	710
ENSP00000282397	FLT1	1048	LARDIYKNPDY		hprd;pelm;psite	710
ENSP00000282397	FLT1	1053	YKNPDYVRKGD		hprd;pelm;psite	710
ENSP00000282397	FLT1	1169	QDGKDYIPINA	FLT1	hprd;pelm;psite	710
ENSP00000282397	FLT1	1213	SDDVRYVNAFK	FLT1	hprd;pelm;psite	710
ENSP00000282397	FLT1	1242	SMFDDYQGDSS	FLT1	hprd;pelm;psite	710
ENSP00000282397	FLT1	1327	SPPPDYNSVVL	FLT1	hprd;pelm;psite	710
ENSP00000282397	FLT1	1333	NSVVLYSTPPI	FLT1	hprd;pelm;psite	710
ENSP00000263923	KDR	951	RQGKDYVGAIP	KDR	hprd;pelm;psite	984
ENSP00000263923	KDR	1054	LARDIYKDPDY	KDR	hprd;pelm;psite	984
ENSP00000263923	KDR	1059	YKDPDYVRKGD	KDR	hprd;pelm;psite	984
ENSP00000263923	KDR	1175	QDGKDYIVLPI	KDR;SRC	hprd;pelm;psite	984
ENSP00000211998	VCL	100	LQSDPYSVPAR	SRC	hprd;psite	948
ENSP00000211998	VCL	107	VPARDYLIDGS		psite	948
ENSP00000211998	VCL	822	FLDSGYRILGA		hprd;pelm;psite	948
ENSP00000396211	WASF2	150	EALKFYTDPSY	ABL1	pelm;psite	621
ENSP00000396211	WASF2	155	YTDPSYFFDLW		psite	621
ENSP00000324740	YES1	146	YIPSNYVAPAD		psite	960
ENSP00000324740	YES1	426	IEDNEYTARQG	YES1	hprd;pelm;psite	960
ENSP00000339245	YTHDC1	540	RRPEDYDIHNS		psite	701
ENSP00000339245	YTHDC1	656	KRVHDYDMRVD		psite	701
ENSP00000264972	ZAP70	126	AMVRDYVRQTW	ZAP70	hprd;pelm;psite	962
ENSP00000264972	ZAP70	221	DKAGKYCIPEG		psite	962
ENSP00000264972	ZAP70	315	MDTSVYESPYS	ZAP70	hprd;pelm;psite	962
ENSP00000264972	ZAP70	319	VYESPYSDPEE	ABL1;ZAP70	hprd;pelm;psite	962
ENSP00000264972	ZAP70	397	QLDNPYIVRLI		psite	962
ENSP00000264972	ZAP70	492	GADDSYYTARS	LCK;ZAP70	hprd;pelm;psite	962
ENSP00000264972	ZAP70	493	ADDSYYTARSA	LCK;ZAP70	hprd;pelm;psite	962
ENSP00000314709	ZHX2	705	ADDHGYDAVAR		psite	530
ENSP00000264033	CBL	337	FREGFYLFPDG		pelm	999
ENSP00000293328	STAT5B	679	PKDEVYSKYYT	SRC	hprd;pelm	859
ENSP00000166244	EPHA8	616	AEPHTYEEPGR	EPHA8	hprd;pelm	634
ENSP00000344468	SDC3	431	QASVTYQKPDK	EPHB4	hprd;pelm	965
ENSP00000261740	TRPV4	411	FKDWAYGPVYS		hprd;pelm	652
ENSP00000306157	IL7R	169	MHDVAYRQEKD		hprd	698
ENSP00000304895	IRS1	732	PCTGDYMNMSP	JAK1	hprd	965
ENSP00000353030	PTPRF	217	SAGTRYSAPAN		hprd	676
ENSP00000349259	SPTBN1	1137	QTDAQYMFLRQ		hprd	899
ENSP00000361824	SPTAN1	978	LALYDYQEKSP		hprd	899
ENSP00000365016	IRS2	810	SLPRSYKAPYT		hprd	502
ENSP00000005587	SKAP2	325	RGDVIYILSKE		hprd	941
ENSP00000325660	CNTN1	972	PRDGEYVVEVR		hprd	633
