name	GSK3A
id	ENSP00000222330
type	Serine/threonine kinase
proline+1_removed	No
npartners	75
npartners_with_sites	57
nsites	462
//
motif	score	fg_matches	fg_size	bg_matches	bg_size	fold_increase
.....[ST]PP...	318.98	41	800	35	10000	14.64
.....[ST]P....	307.65	170	759	582	9965	3.83
..R..[ST].....	13.8	79	589	483	9383	2.61
..S..[ST].....	8.5	97	510	919	8900	1.84
.....[ST]...S.	6.19	72	413	768	7981	1.81
//
prot_id	prot_name	position	flank	kinase	source	string_score
ENSP00000270202	AKT1	72	RPRPNTFIIRC	AKT1	psite	987
ENSP00000270202	AKT1	122	EMDFRSGSPSD		hprd;pelm;psite	987
ENSP00000270202	AKT1	124	DFRSGSPSDNS		hprd;pelm;psite	987
ENSP00000270202	AKT1	129	SPSDNSGAEEM	CSNK2A1	hprd;pelm;psite	987
ENSP00000270202	AKT1	246	RERVFSEDRAR	AKT1	psite	987
ENSP00000270202	AKT1	312	KTFCGTPEYLA		psite	987
ENSP00000270202	AKT1	450	QMITITPPDQD	MTOR	hprd;pelm;psite	987
ENSP00000270202	AKT1	473	HFPQFSYSASG	ILK;LRRK2;MAPKAPK2;MTOR;PDK1;PDPK1;PIKFYVE;PRKCA;PRKCB;PRKD1;PRKDC;TBK1	hprd;pelm;psite	987
ENSP00000375892	AKT2	34	LKSDGSFIGYK		psite	840
ENSP00000375892	AKT2	126	DYKCGSPSDSS		hprd;pelm;psite	840
ENSP00000375892	AKT2	313	KTFCGTPEYLA		psite	840
ENSP00000375892	AKT2	451	QSITITPPDRY		hprd;pelm;psite	840
ENSP00000375892	AKT2	458	PDRYDSLGLLE		psite	840
ENSP00000375892	AKT2	474	HFPQFSYSASI	PDPK1	hprd;pelm;psite	840
ENSP00000263826	AKT3	120	ERMNCSPTSQI	PDK1	hprd;pelm;psite	854
ENSP00000263826	AKT3	123	NCSPTSQIDNI		hprd;pelm;psite	854
ENSP00000263826	AKT3	309	KTFCGTPEYLA		psite	854
ENSP00000263826	AKT3	447	QTITITPPEKY		pelm;psite	854
ENSP00000263826	AKT3	472	HFPQFSYSASG	PRKCD	hprd;pelm;psite	854
ENSP00000257430	APC	98	LRSYGSREGSV		psite	907
ENSP00000257430	APC	744	DANIMSPGSSL		hprd;psite	907
ENSP00000257430	APC	780	NIDNLSPKASH		hprd;pelm;psite	907
ENSP00000257430	APC	908	DRSSGSTTELH		psite	907
ENSP00000257430	APC	963	RSSNDSLNSVS		psite	907
ENSP00000257430	APC	1038	DEQLNSGRQSP		psite	907
ENSP00000257430	APC	1042	NSGRQSPSQNE		hprd;pelm;psite	907
ENSP00000257430	APC	1100	QQECVSPYRSR		psite	907
ENSP00000257430	APC	1220	SENTSTPSSNA		psite	907
ENSP00000257430	APC	1279	CSSLSSLSSAE	CSNK1E	hprd;pelm;psite	907
ENSP00000257430	APC	1360	SSGAKSPSKSG	CDK2	hprd;pelm;psite	907
ENSP00000257430	APC	1371	AQTPKSPPEHY		hprd;psite	907
ENSP00000257430	APC	1380	HYVQETPLMFS		psite	907
ENSP00000257430	APC	1385	TPLMFSRCTSV		psite	907
ENSP00000257430	APC	1392	CTSVSSLDSFE	CSNK1E	hprd;pelm;psite	907
ENSP00000257430	APC	1438	PSRSKTPPPPP		hprd;pelm;psite	907
ENSP00000257430	APC	1501	TPDGFSCSSSL	GSK3B	hprd;psite	907
ENSP00000257430	APC	1503	DGFSCSSSLSA	GSK3B	hprd;psite	907
ENSP00000257430	APC	1504	GFSCSSSLSAL	CSNK1A1;CSNK1D;CSNK1E;CSNK1G1	hprd;psite	907
ENSP00000257430	APC	1507	CSSSLSALSLD	CSNK1A1;CSNK1D;CSNK1E;CSNK1G1	hprd;psite	907
ENSP00000257430	APC	1510	SLSALSLDEPF	CSNK1A1;CSNK1D;CSNK1E;CSNK1G1	hprd;psite	907
ENSP00000257430	APC	1610	VARKPSQLPVY		psite	907
ENSP00000257430	APC	1633	KHVSFTPGDDM		psite	907
ENSP00000257430	APC	1774	KKKPTSPVKPI		psite	907
ENSP00000257430	APC	1861	FSRNDSLSSLD		hprd;pelm;psite	907
ENSP00000257430	APC	1864	NDSLSSLDFDD		hprd;pelm;psite	907
ENSP00000257430	APC	2022	TPVCFSRNSSL		psite	907
ENSP00000257430	APC	2034	SLSIDSEDDLL		pelm;psite	907
ENSP00000257430	APC	2088	IQRPDSEHGLS		hprd;pelm;psite	907
ENSP00000257430	APC	2093	SEHGLSPDSEN		hprd;pelm;psite	907
ENSP00000257430	APC	2096	GLSPDSENFDW		hprd;pelm;psite	907
ENSP00000257430	APC	2125	AAACLSRQASS		pelm;psite	907
ENSP00000257430	APC	2129	LSRQASSDSDS		hprd;pelm;psite	907
ENSP00000257430	APC	2130	SRQASSDSDSI		hprd;pelm;psite	907
ENSP00000257430	APC	2146	GISLGSPFHLT		psite	907
ENSP00000257430	APC	2151	SPFHLTPDQEE		hprd;pelm;psite	907
ENSP00000257430	APC	2260	TPASKSPSEGQ		hprd;pelm;psite	907
ENSP00000257430	APC	2270	QTATTSPRGAK		hprd;pelm;psite	907
ENSP00000257430	APC	2283	VKSELSPVARQ		hprd;pelm;psite	907
ENSP00000257430	APC	2290	VARQTSQIGGS		psite	907
ENSP00000257430	APC	2330	GRNSISPGRNG		psite	907
ENSP00000257430	APC	2337	GRNGISPPNKL		psite	907
ENSP00000257430	APC	2368	KMSYTSPGRQM		psite	907
ENSP00000257430	APC	2374	PGRQMSQQNLT		psite	907
ENSP00000257430	APC	2421	LSRMSSTKSSG		psite	907
ENSP00000257430	APC	2442	LVRQSTFIKEA		psite	907
ENSP00000257430	APC	2449	IKEAPSPTLRR		psite	907
ENSP00000257430	APC	2464	SASFESLSPSS		hprd;pelm;psite	907
ENSP00000257430	APC	2473	SSRPASPTRSQ		hprd;pelm;psite	907
ENSP00000257430	APC	2512	LPPNLSPTIEY		psite	907
ENSP00000257430	APC	2533	IARSHSESPSR		hprd;pelm;psite	907
ENSP00000257430	APC	2535	RSHSESPSRLP		hprd;pelm;psite	907
ENSP00000257430	APC	2569	WRRTGSSSSIL		psite	907
ENSP00000257430	APC	2674	PRSGRSPTGNT		hprd;pelm;psite	907
ENSP00000257430	APC	2676	SGRSPTGNTPP		hprd;pelm;psite	907
ENSP00000257430	APC	2679	SPTGNTPPVID		hprd;pelm;psite	907
ENSP00000257430	APC	2724	ENRLNSFIQVD		psite	907
ENSP00000257430	APC	2764	RTPFSSSSSSK		psite	907
ENSP00000257430	APC	2768	SSSSSSKHSSP		psite	907
ENSP00000257430	APC	2772	SSKHSSPSGTV		psite	907
ENSP00000257430	APC	2789	FNYNPSPRKSS		hprd;pelm;psite	907
ENSP00000257430	APC	2793	PSPRKSSADST		psite	907
ENSP00000257430	APC	2828	TESSGTQSPKR		psite	907
ENSP00000284981	APP	679	EFRHDSGYEVH		psite	703
ENSP00000284981	APP	743	VDAAVTPEERH	CDK1;CDK5;GSK3B	hprd;pelm;psite	703
ENSP00000357177	ARHGEF11	16	RLSSLSSLGDS		psite	581
ENSP00000357177	ARHGEF11	27	APERKSPSHHR		psite	581
ENSP00000357177	ARHGEF11	35	HHRQPSDASET		hprd;psite	581
ENSP00000357177	ARHGEF11	38	QPSDASETTGL		psite	581
ENSP00000357177	ARHGEF11	285	RNSVLSDPGLD		hprd;pelm;psite	581
ENSP00000357177	ARHGEF11	291	DPGLDSPRTSP		hprd;pelm;psite	581
ENSP00000357177	ARHGEF11	294	LDSPRTSPVIM		hprd;pelm;psite	581
ENSP00000357177	ARHGEF11	295	DSPRTSPVIMA		hprd;pelm;psite	581
ENSP00000357177	ARHGEF11	311	HRRQGSDAAVP		psite	581
ENSP00000357177	ARHGEF11	596	FHIPLSPVEVK		psite	581
ENSP00000357177	ARHGEF11	632	RLSTGSFPEDL		psite	581
ENSP00000357177	ARHGEF11	654	LGRSESLKGRE		psite	581
ENSP00000357177	ARHGEF11	675	VPRSRSDVDMD		hprd;psite	581
ENSP00000357177	ARHGEF11	703	SLSTRSLENPT		hprd;pelm;psite	581
ENSP00000357177	ARHGEF11	708	SLENPTPPFTP		hprd;pelm;psite	581
ENSP00000357177	ARHGEF11	712	PTPPFTPKMGR		hprd;pelm;psite	581
ENSP00000357177	ARHGEF11	1340	SGIWESPELDR		hprd;pelm;psite	581
ENSP00000357177	ARHGEF11	1453	RRPSRSPPSLA		psite	581
ENSP00000357177	ARHGEF11	1501	ESSGGTTPVGS		hprd;pelm;psite	581
ENSP00000357177	ARHGEF11	1502	SSGGTTPVGSF		hprd;pelm;psite	581
ENSP00000357177	ARHGEF11	1520	TDGSLSPPAKE		hprd;pelm;psite	581
ENSP00000262320	AXIN1	60	ETSTATPRRSD		psite	989
ENSP00000262320	AXIN1	77	PEGSASPTPPY		hprd;pelm;psite	989
ENSP00000262320	AXIN1	79	GSASPTPPYLK		psite	989
ENSP00000262320	AXIN1	160	IVSRQTKPATK		hprd;psite	989
ENSP00000262320	AXIN1	217	RTGSESPKVCS		hprd;pelm;psite	989
ENSP00000262320	AXIN1	481	QRVLRTPGRQS	CDK5	psite	989
ENSP00000262320	AXIN1	486	TPGRQSPGPGH		psite	989
ENSP00000262320	AXIN1	493	GPGHRSPDSGH		hprd;psite	989
ENSP00000164227	BCL3	41	PLRAPSPEPAA		hprd;psite	687
ENSP00000164227	BCL3	374	SQPDPSPDRSA		psite	687
ENSP00000164227	BCL3	402	ASPSSSPSQSP	GSK3A	psite	687
ENSP00000164227	BCL3	406	SSPSQSPPRDP	GSK3A	psite	687
ENSP00000281474	BICD1	304	DYRTPTLRKGE		psite	587
ENSP00000281474	BICD1	548	VTRSGSLKGPD		psite	587
ENSP00000281474	BICD1	569	ARRGVSSPVET		psite	587
ENSP00000281474	BICD1	570	RRGVSSPVETR		psite	587
ENSP00000281474	BICD1	574	SSPVETRTSSE		psite	587
ENSP00000281474	BICD1	601	KTPTISPVITA		hprd;psite	587
ENSP00000281474	BICD1	605	ISPVITAPPSS		hprd;psite	587
ENSP00000281474	BICD1	844	SQGPQTPNIRV		psite	587
ENSP00000281474	BICD1	860	RKRQFSPSLCD		psite	587
ENSP00000356652	CACYBP	72	ITTGYTVKISN		psite	899
ENSP00000356652	CACYBP	183	KPSYDTETDPS		psite	899
ENSP00000295872	SPICE1	45	TVHRATPEDLV		hprd;psite	581
ENSP00000295872	SPICE1	235	TQSQITPPGTP		hprd;psite	581
ENSP00000295872	SPICE1	239	ITPPGTPSSAL		psite	581
ENSP00000295872	SPICE1	317	NISSGSTTSAD		psite	581
ENSP00000295872	SPICE1	320	SGSTTSADLPN		psite	581
ENSP00000295872	SPICE1	329	PNRTNSNLDVL		psite	581
ENSP00000295872	SPICE1	477	RRVMDSPERPV		psite	581
ENSP00000295872	SPICE1	537	PAVLLTPPRQK		psite	581
ENSP00000295872	SPICE1	548	SNLKFSPLQDV		psite	581
ENSP00000295872	SPICE1	640	TQQSRSPTFSE		hprd;psite	581
ENSP00000295872	SPICE1	760	VGLNLSPPMSP		hprd;pelm;psite	581
ENSP00000295872	SPICE1	764	LSPPMSPVQLP		hprd;pelm;psite	581
ENSP00000295872	SPICE1	800	KCSTVSPVSGI		hprd;psite	581
ENSP00000295872	SPICE1	811	NTRRSSGATGN		psite	581
ENSP00000295872	SPICE1	819	TGNSCSPLNAT		psite	581
ENSP00000357013	CD244	329	RKRNHSPSFNS		psite	469
ENSP00000264245	ARHGAP31	476	FQMEPSPRNQR		psite	401
ENSP00000264245	ARHGAP31	1178	TGRRNSAPVSV		psite	401
ENSP00000265372	CREM	87	LSRRPSYRKIL		hprd;psite	619
ENSP00000265372	CREM	226	VVMAASPGSLH		hprd;pelm;psite	619
ENSP00000265372	CREM	229	AASPGSLHSPQ		hprd;pelm;psite	619
ENSP00000265372	CREM	232	PGSLHSPQQLA		hprd;pelm;psite	619
ENSP00000344456	CTNNB1	29	HWQQQSYLDSG	CSNK2A1;CSNK2A2	hprd;psite	936
ENSP00000344456	CTNNB1	33	QSYLDSGIHSG	CHUK;GSK3A;GSK3B;MAPK8	hprd;pelm;psite	936
ENSP00000344456	CTNNB1	41	HSGATTTAPSL	CHUK;GSK3A;GSK3B;MAPK8	hprd;pelm;psite	936
ENSP00000344456	CTNNB1	191	HAIMRSPQMVS	CDK5	hprd;psite	936
ENSP00000344456	CTNNB1	246	VKMLGSPVDSV	CDK5	psite	936
ENSP00000344456	CTNNB1	332	IMRTYTYEKLL	CAMK2A	psite	936
ENSP00000344456	CTNNB1	472	ALRHLTSRHQE	CAMK2A	psite	936
ENSP00000344456	CTNNB1	552	TQRRTSMGGTQ	AKT1;AKT2;CAMK2A;PRKACA	hprd;pelm;psite	936
ENSP00000344456	CTNNB1	718	DPSYRSFHSGG	PLK1	psite	936
ENSP00000344456	CTNNB1	721	YRSFHSGGYGQ		psite	936
ENSP00000401397	DDR1	631	LCEVDSPQDLV		psite	440
ENSP00000371846	DEAF1	171	PAAPLTPGPQS		psite	592
ENSP00000371846	DEAF1	176	TPGPQSPPTPL		hprd;pelm;psite	592
ENSP00000371846	DEAF1	179	PQSPPTPLAPG		hprd;psite	592
ENSP00000371846	DEAF1	211	RCRNISGTLYK		psite	592
ENSP00000371846	DEAF1	312	NELPTTPVKKD		psite	592
ENSP00000371846	DEAF1	318	PVKKDSPKNIT		psite	592
ENSP00000371846	DEAF1	432	AVPPPTPTKAA		psite	592
ENSP00000371846	DEAF1	448	NGLELSEPRSW		psite	592
ENSP00000368169	DVL1	89	AEGAHSDAGSQ		psite	905
ENSP00000368169	DVL1	575	AGAGGSGSESD		psite	905
ENSP00000368169	DVL1	654	TGSRQSFQKAM		psite	905
ENSP00000005340	DVL2	151	NLEPETETESV		psite	899
ENSP00000005340	DVL2	158	TESVVSLRRER		psite	899
ENSP00000005340	DVL2	169	PRRRDSSEHGA		psite	899
ENSP00000005340	DVL2	170	RRRDSSEHGAG		psite	899
ENSP00000005340	DVL2	224	RFSSSTEQSSA	CSNK1D;CSNK1E	psite	899
ENSP00000005340	DVL2	592	EGSRSSGSTRS		psite	899
ENSP00000005340	DVL2	594	SRSSGSTRSDG		psite	899
ENSP00000005340	DVL2	595	RSSGSTRSDGG		psite	899
ENSP00000005340	DVL2	597	SGSTRSDGGAG		psite	899
ENSP00000005340	DVL2	630	SSRGGSLRRGG		psite	899
ENSP00000005340	DVL2	720	TASRQSFHMAM		psite	899
ENSP00000316054	DVL3	202	STSRFSSSTEQ		psite	899
ENSP00000316054	DVL3	203	TSRFSSSTEQS		psite	899
ENSP00000316054	DVL3	204	SRFSSSTEQSS		psite	899
ENSP00000316054	DVL3	346	PRGCFTLPRSE		psite	899
ENSP00000316054	DVL3	700	TASRQSFRMAM		psite	899
ENSP00000236051	EBNA1BP2	9	PPLSDSESESD		hprd;pelm;psite	621
ENSP00000236051	EBNA1BP2	16	SESDESLVTDR		hprd;psite	621
ENSP00000273783	EIF2B5	469	EFSDDSGADQE	CSNK1A1	hprd;pelm;psite	621
ENSP00000273783	EIF2B5	525	NMEEESESESE		hprd;psite	621
ENSP00000273783	EIF2B5	532	SESEQSMDSEE		hprd;psite	621
ENSP00000273783	EIF2B5	535	EQSMDSEEPDS	GSK3B	hprd;pelm;psite	621
ENSP00000273783	EIF2B5	540	SEEPDSRGGSP	GSK3B	hprd;psite	621
ENSP00000273783	EIF2B5	544	DSRGGSPQMDD	GSK3B	hprd;pelm;psite	621
ENSP00000273783	EIF2B5	610	LQQMDSPLDSS		psite	621
ENSP00000363763	EPHB2	576	FERADSEYTDK		psite	421
ENSP00000363763	EPHB2	579	ADSEYTDKLQH		psite	421
ENSP00000363763	EPHB2	591	TSGHMTPGMKI		psite	421
ENSP00000363763	EPHB2	780	DTSDPTYTSAL		hprd;psite	421
ENSP00000334458	GATA4	105	TPPPVSPRFSF		psite	452
ENSP00000334458	GATA4	262	PQRRLSASRRV	PRKACA	pelm;psite	452
ENSP00000334458	GATA4	412	PQGYASPVSQS		psite	452
ENSP00000324806	GSK3B	9	RPRTTSFAESC	AKT1;AURKA;MAP4K5;PRKACA;PRKCA;PRKCB;PRKCD;PRKCG;PRKCH;RPS6KA1;RPS6KA3;RPS6KB1	hprd;pelm;psite	958
ENSP00000324806	GSK3B	21	PVQQPSAFGSM	C8orf44-SGK3;SGK3	hprd;pelm;psite	958
ENSP00000324806	GSK3B	25	PSAFGSMKVSR		psite	958
ENSP00000324806	GSK3B	43	TTVVATPGQGP	MAPK1;MAPK3	pelm;psite	958
ENSP00000324806	GSK3B	215	GEPNVSYICSR		hprd;psite	958
ENSP00000324806	GSK3B	275	IKVLGTPTREQ		hprd;psite	958
ENSP00000324806	GSK3B	403	QAAASTPTNAT		hprd;pelm;psite	958
ENSP00000324806	GSK3B	405	AASTPTNATAA		hprd;pelm;psite	958
ENSP00000334061	HDAC6	22	RQNPQSPPQDS		hprd;pelm;psite	703
ENSP00000334061	HDAC6	30	QDSSVTSKRNI		hprd;pelm;psite	703
ENSP00000334061	HDAC6	1031	STDHQTPPTSP	MAPK1;MAPK3	psite	703
ENSP00000334061	HDAC6	1035	QTPPTSPVQGT	MAPK3	psite	703
ENSP00000334061	HDAC6	1062	ELGSESQGASE		psite	703
ENSP00000269571	ERBB2	686	KIRKYTMRRLL	PRKACA;PRKCA	pelm;psite	447
ENSP00000269571	ERBB2	701	LVEPLTPSGAM		psite	447
ENSP00000269571	ERBB2	998	DLGPASPLDST		hprd;psite	447
ENSP00000269571	ERBB2	1049	HHRHRSSSTRS		psite	447
ENSP00000269571	ERBB2	1050	HRHRSSSTRSG		psite	447
ENSP00000269571	ERBB2	1051	RHRSSSTRSGG		psite	447
ENSP00000269571	ERBB2	1054	SSSTRSGGGDL		hprd;pelm;psite	447
ENSP00000269571	ERBB2	1107	PTHDPSPLQRY		hprd;psite	447
ENSP00000269571	ERBB2	1134	APLTCSPQPEY		hprd;pelm;psite	447
ENSP00000269571	ERBB2	1151	RPQPPSPREGP		hprd;pelm;psite	447
ENSP00000269571	ERBB2	1172	LERPKTLSPGK		pelm;psite	447
ENSP00000269571	ERBB2	1214	PPPAFSPAFDN		psite	447
ENSP00000269571	ERBB2	1240	STFKGTPTAEN		psite	447
ENSP00000264832	ICAM1	521	QAQKGTPMKPN		hprd;pelm;psite	411
ENSP00000255992	KRBA1	101	DGERASPEAAA		psite	581
ENSP00000255992	KRBA1	177	LGGEPSPPTHS		psite	581
ENSP00000255992	KRBA1	180	EPSPPTHSPSR		psite	581
ENSP00000255992	KRBA1	182	SPPTHSPSRRK		psite	581
ENSP00000255992	KRBA1	184	PTHSPSRRKSH		psite	581
ENSP00000255992	KRBA1	229	RHPETSPSFLP		psite	581
ENSP00000255992	KRBA1	253	DLGPGSPPWAV		hprd;psite	581
ENSP00000255992	KRBA1	355	GRQPLSPSATG		psite	581
ENSP00000255992	KRBA1	674	RDRLPSCKPPV		psite	581
ENSP00000255992	KRBA1	682	PPVPLSPCPGG		psite	581
ENSP00000261349	LRP6	1431	VPHPSSLSGSL	CSNK1E	psite	926
ENSP00000261349	LRP6	1475	SSSSSSTKGTY		psite	926
ENSP00000261349	LRP6	1476	SSSSSTKGTYF		psite	926
ENSP00000261349	LRP6	1490	LNPPPSPATER	GSK3B	hprd;psite	926
ENSP00000261349	LRP6	1493	PPSPATERSHY	CSNK1A1	psite	926
ENSP00000261349	LRP6	1508	GYSSNSPSTHR		psite	926
ENSP00000261349	LRP6	1516	THRSYSYRPYS		psite	926
ENSP00000261349	LRP6	1548	PSRRMTSVATA	PRKACA	psite	926
ENSP00000261349	LRP6	1572	VPPPPTPRSQY	GSK3B	hprd;psite	926
ENSP00000261349	LRP6	1607	YPPPPSPCTDS	GSK3B	hprd;psite	926
ENSP00000300417	LRSAM1	234	ENSRDSPDGPT		hprd;pelm;psite	760
ENSP00000300417	LRSAM1	604	LLSQMSPGDLA		hprd;pelm;psite	760
ENSP00000358022	MCL1	64	GSAGASPPSTL	CDK1;CDK2;MAPK8	psite	701
ENSP00000358022	MCL1	92	PDVTATPARLL	CDK1;MAPK3	psite	701
ENSP00000358022	MCL1	121	ADAIMSPEEEL	MAPK8	hprd;pelm;psite	701
ENSP00000358022	MCL1	163	GSLPSTPPPAE	MAPK1;MAPK3;MAPK8	hprd;pelm;psite	701
ENSP00000309597	MAP3K11	11	SLFLKSPLGSW		hprd;psite	701
ENSP00000309597	MAP3K11	35	GRPEGSPKAAG		hprd;psite	701
ENSP00000309597	MAP3K11	277	REWHKTTQMSA	MAP3K11	hprd;pelm;psite	701
ENSP00000309597	MAP3K11	394	RDSFHSMQEGW		psite	701
ENSP00000309597	MAP3K11	507	ITVQASPGLDR		hprd;pelm;psite	701
ENSP00000309597	MAP3K11	524	VGPGDSPTFPR		hprd;pelm;psite	701
ENSP00000309597	MAP3K11	548	AWGRQSPRRLE		hprd;psite	701
ENSP00000309597	MAP3K11	674	RERGESPTTPP	AKT1	hprd;pelm;psite	701
ENSP00000309597	MAP3K11	677	GESPTTPPTPT		psite	701
ENSP00000309597	MAP3K11	693	TEPPPSPLICF		psite	701
ENSP00000309597	MAP3K11	702	CFSLKTPDSPP		hprd;pelm;psite	701
ENSP00000309597	MAP3K11	705	LKTPDSPPTPA		hprd;pelm;psite	701
ENSP00000309597	MAP3K11	708	PDSPPTPAPLL		hprd;pelm;psite	701
ENSP00000309597	MAP3K11	727	QRSAKSPRREE		hprd;pelm;psite	701
ENSP00000309597	MAP3K11	738	EPRGGTVSPPP		hprd;psite	701
ENSP00000309597	MAP3K11	740	RGGTVSPPPGT		hprd;psite	701
ENSP00000309597	MAP3K11	752	RSAPGTPGTPR		hprd;psite	701
ENSP00000309597	MAP3K11	755	PGTPGTPRSPP		hprd;psite	701
ENSP00000309597	MAP3K11	758	PGTPRSPPLGL		hprd;pelm;psite	701
ENSP00000309597	MAP3K11	770	SRPRPSPLRSR		hprd;pelm;psite	701
ENSP00000309597	MAP3K11	789	AGPRPSPLPSP		hprd;pelm;psite	701
ENSP00000309597	MAP3K11	793	PSPLPSPQPAP		hprd;pelm;psite	701
ENSP00000309597	MAP3K11	815	DPFWDSPPANP		hprd;psite	701
ENSP00000367207	MYC	73	FELLPTPPLSP	GSK3A;GSK3B;MAPK1;MAPK10	hprd;pelm;psite	755
ENSP00000367207	MYC	77	PTPPLSPSRRS	CDK5;MAPK1;MAPK10;MAPK8;MAPK9;MTOR	hprd;pelm;psite	755
ENSP00000367207	MYC	82	SPSRRSGLCSP		psite	755
ENSP00000367207	MYC	86	RSGLCSPSYVA	MAPK10;MAPK8;MAPK9	hprd;pelm;psite	755
ENSP00000367207	MYC	176	RKDSGSPNPAR		hprd;psite	755
ENSP00000367207	MYC	267	TTSSDSEEEQE	CSNK2A1	psite	755
ENSP00000367207	MYC	296	RSESGSPSAGG		psite	755
ENSP00000367207	MYC	308	SKPPHSPLVLK		psite	755
ENSP00000367207	MYC	358	NNRKCTSPRSS		psite	755
ENSP00000367207	MYC	359	NRKCTSPRSSD		hprd;psite	755
ENSP00000367207	MYC	362	CTSPRSSDTEE	CSNK2A1	psite	755
ENSP00000343479	NBR1	277	HSKYSTPRLPA		hprd;psite	581
ENSP00000343479	NBR1	625	PDSMVSVKRKA		psite	581
ENSP00000343479	NBR1	658	VIRSLTLDAAP		pelm;psite	581
ENSP00000343479	NBR1	673	PCRQKSLQMTF		hprd;psite	581
ENSP00000348611	PHLPP2	1210	IRRQNSVNSGM		psite	627
ENSP00000309591	PRKACA	11	AAKKGSEQESV		hprd;psite	629
ENSP00000309591	PRKACA	49	FERIKTLGTGS		hprd;psite	629
ENSP00000309591	PRKACA	198	KGRTWTLCGTP	PRKACA	hprd;pelm;psite	629
ENSP00000309591	PRKACA	202	WTLCGTPEYLA		hprd;psite	629
ENSP00000309591	PRKACA	260	KVRFPSHFSSD		psite	629
ENSP00000305355	PRKCB	314	KISQGTKVPEE		psite	631
ENSP00000305355	PRKCB	364	SERKGTDELYA		psite	631
ENSP00000305355	PRKCB	504	KTFCGTPDYIA		pelm;psite	631
ENSP00000305355	PRKCB	634	FDRFFTRHPPV		psite	631
ENSP00000305355	PRKCB	641	HPPVLTPPDQE		hprd;psite	631
ENSP00000305355	PRKCB	660	EFEGFSFVNSE	PRKCB	hprd;psite	631
ENSP00000331602	PRKCD	43	TERGKTLVQKK		hprd;psite	634
ENSP00000331602	PRKCD	218	ANSRDTIFQKE	PRKCD	psite	634
ENSP00000331602	PRKCD	295	ALNQVTQRASR	PRKCD	hprd;psite	634
ENSP00000331602	PRKCD	302	RASRRSDSASS	PRKCD	hprd;pelm;psite	634
ENSP00000331602	PRKCD	304	SRRSDSASSEP	PRKCD	hprd;pelm;psite	634
ENSP00000331602	PRKCD	307	SDSASSEPVGI		hprd;psite	634
ENSP00000331602	PRKCD	506	GESRASTFCGT		hprd;psite	634
ENSP00000331602	PRKCD	507	ESRASTFCGTP	PDK1;PDPK1	hprd;pelm;psite	634
ENSP00000331602	PRKCD	511	STFCGTPDYIA		hprd;psite	634
ENSP00000331602	PRKCD	654	KNLIDSMDQSA		hprd;psite	634
ENSP00000263431	PRKCG	518	RTFCGTPDYIA		hprd;pelm;psite	621
ENSP00000263431	PRKCG	655	AAPALTPPDRL		hprd;pelm;psite	621
ENSP00000367830	PRKCZ	560	EPVQLTPDDED	PRKCZ	hprd;pelm;psite	669
ENSP00000234179	PRKD3	9	NNSPPSAQKSV		hprd;psite	619
ENSP00000234179	PRKD3	27	VLPAASPCSSP		hprd;pelm;psite	619
ENSP00000234179	PRKD3	30	AASPCSSPKTG		hprd;pelm;psite	619
ENSP00000234179	PRKD3	31	ASPCSSPKTGL		hprd;pelm;psite	619
ENSP00000234179	PRKD3	37	PKTGLSARLSN		hprd;psite	619
ENSP00000234179	PRKD3	44	RLSNGSFSAPS		hprd;pelm;psite	619
ENSP00000234179	PRKD3	213	RKRRLSNVSLP		hprd;psite	619
ENSP00000234179	PRKD3	216	RLSNVSLPGPG		hprd;psite	619
ENSP00000234179	PRKD3	252	SKRIPSWSGRP		hprd;psite	619
ENSP00000234179	PRKD3	364	DTEEPSPPEDK		hprd;pelm;psite	619
ENSP00000234179	PRKD3	389	EEAVKTISPST		psite	619
ENSP00000234179	PRKD3	391	AVKTISPSTSN		hprd;pelm;psite	619
ENSP00000234179	PRKD3	415	TKRKSSTMVKE		psite	619
ENSP00000234179	PRKD3	535	ALMPVTPQASV		hprd;psite	619
ENSP00000234179	PRKD3	543	ASVCTSPGQGK		hprd;psite	619
ENSP00000234179	PRKD3	731	IIGEKSFRRSV	PRKCA	hprd;pelm;psite	619
ENSP00000261461	PPP2R5A	38	QRQKRSQGSSQ		psite	899
ENSP00000261461	PPP2R5A	41	KRSQGSSQFRS		hprd;pelm;psite	899
ENSP00000261461	PPP2R5A	42	RSQGSSQFRSQ		hprd;pelm;psite	899
ENSP00000261461	PPP2R5A	49	FRSQGSQAELH		psite	899
ENSP00000228307	PXN	29	FLSEETPYSYP		psite	621
ENSP00000228307	PXN	35	PYSYPTGNHTY		psite	621
ENSP00000228307	PXN	85	QPQSSSPVYGS	CDK5;MAPK14	hprd;pelm;psite	621
ENSP00000228307	PXN	106	QDSVGSPCSRV		hprd;pelm;psite	621
ENSP00000228307	PXN	109	VGSPCSRVGEE		psite	621
ENSP00000228307	PXN	126	PNKQKSAEPSP	MAPK1;MAPK3	hprd;pelm;psite	621
ENSP00000228307	PXN	130	KSAEPSPTVMS	MAPK1;MAPK3	hprd;pelm;psite	621
ENSP00000228307	PXN	178	LPGALSPLYGV	MAPK8	hprd;psite	621
ENSP00000228307	PXN	244	QGEMSSPQRVT		hprd;psite	621
ENSP00000228307	PXN	250	PQRVTSTQQQT		psite	621
ENSP00000228307	PXN	261	RISASSATREL		hprd;pelm;psite	621
ENSP00000228307	PXN	263	SASSATRELDE		psite	621
ENSP00000228307	PXN	303	DGGRSSPGGQD		pelm;psite	621
ENSP00000228307	PXN	322	KTGSSSPPGGP		hprd;pelm;psite	621
ENSP00000228307	PXN	332	PPKPGSQLDSM		hprd;pelm;psite	621
ENSP00000228307	PXN	414	YHNLFSPRCYY		hprd;psite	621
ENSP00000356832	SGK1	169	MNANPSPPPSP		hprd;psite	631
ENSP00000356832	SGK1	173	PSPPPSPSQQI	MAPK7	hprd;pelm;psite	631
ENSP00000356832	SGK1	464	INKKITPPFNP	PRKACA	pelm;psite	631
ENSP00000356832	SGK1	492	EPVPNSIGKSP		hprd;psite	631
ENSP00000356832	SGK1	496	NSIGKSPDSVL		hprd;psite	631
ENSP00000360181	SH2D1A	106	PVEKKSSARST		psite	429
ENSP00000340820	MAPT	46	AGLKESPLQTP	GSK3B;MAPK1;MAPK3	hprd;psite	917
ENSP00000340820	MAPT	50	ESPLQTPTEDG	GSK3B;MAPK1;MAPK3	hprd;psite	917
ENSP00000340820	MAPT	171	ATRQPSGTGPE		psite	917
ENSP00000340820	MAPT	411	NRPCLSPKHPT		psite	917
ENSP00000340820	MAPT	530	KSGDRSGYSSP	PRKACA	hprd;psite	917
ENSP00000340820	MAPT	533	DRSGYSSPGSP	PRKACA	hprd;psite	917
ENSP00000340820	MAPT	534	RSGYSSPGSPG	PRKACA	hprd;psite	917
ENSP00000340820	MAPT	537	YSSPGSPGTPG	CDK5	hprd;pelm;psite	917
ENSP00000340820	MAPT	540	PGSPGTPGSRS	CDK5	hprd;pelm;psite	917
ENSP00000340820	MAPT	547	GSRSRTPSLPT	CDK5	hprd;pelm;psite	917
ENSP00000340820	MAPT	549	RSRTPSLPTPP	CDK5;PRKACA	hprd;pelm;psite	917
ENSP00000340820	MAPT	552	TPSLPTPPTRE	CDK5	hprd;pelm;psite	917
ENSP00000340820	MAPT	566	VAVVRTPPKSP	CDK5;GSK3B	hprd;pelm;psite	917
ENSP00000340820	MAPT	570	RTPPKSPSSAK	CDK5;GSK3B	hprd;pelm;psite	917
ENSP00000340820	MAPT	572	PPKSPSSAKSR	PHKG1	hprd;psite	917
ENSP00000340820	MAPT	573	PKSPSSAKSRL		hprd;psite	917
ENSP00000340820	MAPT	576	PSSAKSRLQTA		hprd;psite	917
ENSP00000340820	MAPT	651	KPVDLSKVTSK		psite	917
ENSP00000340820	MAPT	731	EIVYKSPVVSG	CDK5;GSK3B	hprd;pelm;psite	917
ENSP00000340820	MAPT	735	KSPVVSGDTSP	GSK3B	hprd;psite	917
ENSP00000340820	MAPT	738	VVSGDTSPRHL		hprd;psite	917
ENSP00000340820	MAPT	739	VSGDTSPRHLS	CDK5;GSK3B	hprd;pelm;psite	917
ENSP00000340820	MAPT	744	SPRHLSNVSST	PRKACA	hprd;psite	917
ENSP00000340820	MAPT	747	HLSNVSSTGSI		hprd;psite	917
ENSP00000340820	MAPT	751	VSSTGSIDMVD		hprd;psite	917
ENSP00000340820	MAPT	757	IDMVDSPQLAT		hprd;psite	917
ENSP00000219476	TSC2	540	MARSLSPPPEL	MAPK1	hprd;pelm;psite	508
ENSP00000219476	TSC2	664	TSGPLSPPTGP	MAPK1;MAPK3	hprd;pelm;psite	508
ENSP00000219476	TSC2	927	LSFDDTPEKDS		hprd;pelm;psite	508
ENSP00000219476	TSC2	937	SFRARSTSLNE		psite	508
ENSP00000219476	TSC2	939	RARSTSLNERP	AKT1	hprd;pelm;psite	508
ENSP00000219476	TSC2	946	NERPKSLRIAR		psite	508
ENSP00000219476	TSC2	960	QGLNNSPPVKE		psite	508
ENSP00000219476	TSC2	981	RCRSISVSEHV	AKT1	hprd;pelm;psite	508
ENSP00000219476	TSC2	1097	PESSSSPGVHV		hprd;pelm;psite	508
ENSP00000219476	TSC2	1130	RDRVRSMSGGH		hprd;psite	508
ENSP00000219476	TSC2	1132	RVRSMSGGHGL		hprd;pelm;psite	508
ENSP00000219476	TSC2	1155	LGSATSPGPRT		hprd;pelm;psite	508
ENSP00000219476	TSC2	1337	AYSRSSSVSSQ		hprd;pelm;psite	508
ENSP00000219476	TSC2	1338	YSRSSSVSSQE		hprd;pelm;psite	508
ENSP00000219476	TSC2	1340	RSSSVSSQEEK		psite	508
ENSP00000219476	TSC2	1341	SSSVSSQEEKS		hprd;pelm;psite	508
ENSP00000219476	TSC2	1364	IERVVSSEGGR		hprd;psite	508
ENSP00000219476	TSC2	1371	EGGRPSVDLSF		psite	508
ENSP00000219476	TSC2	1375	PSVDLSFQPSQ		psite	508
ENSP00000219476	TSC2	1379	LSFQPSQPLSK		psite	508
ENSP00000219476	TSC2	1383	PSQPLSKSSSS		psite	508
ENSP00000219476	TSC2	1386	PLSKSSSSPEL		hprd;pelm;psite	508
ENSP00000219476	TSC2	1388	SKSSSSPELQT		hprd;pelm;psite	508
ENSP00000219476	TSC2	1411	DVGRLSPEVKA		hprd;pelm;psite	508
ENSP00000219476	TSC2	1420	KARSQSGTLDG		hprd;pelm;psite	508
ENSP00000219476	TSC2	1448	GPLPSSSPRSP		hprd;pelm;psite	508
ENSP00000219476	TSC2	1449	PLPSSSPRSPS		hprd;pelm;psite	508
ENSP00000219476	TSC2	1452	SSSPRSPSGLR		hprd;pelm;psite	508
ENSP00000219476	TSC2	1454	SPRSPSGLRPR		psite	508
ENSP00000219476	TSC2	1462	RPRGYTISDSA	AKT1	hprd;pelm;psite	508
ENSP00000219476	TSC2	1469	SDSAPSRRGKR		psite	508
ENSP00000219476	TSC2	1764	AYSNPSLPLVH		psite	508
ENSP00000219476	TSC2	1798	RKRLISSVEDF	RPS6KA1	hprd;pelm;psite	508
ENSP00000219476	TSC2	1304	VMEEGSPGEVP		psite	508
ENSP00000251413	TUBG1	32	AEHGISPEGIV		psite	587
ENSP00000251413	TUBG1	80	HSILNSPYAKL	CDK2	psite	587
ENSP00000251413	TUBG1	284	DQSVASVRKTT		hprd;psite	587
ENSP00000251413	TUBG1	364	ALSRKSPYLPS		psite	587
ENSP00000340820	MAPT	593	LKNVKSKIGST	GSK3B;PKN1	hprd;pelm	917
ENSP00000257430	APC	2469	SLSPSSRPASP		hprd;pelm	907
ENSP00000257430	APC	2143	LKSGISLGSPF		hprd;pelm	907
ENSP00000228307	PXN	136	PTVMSTSLGSN		hprd;pelm	621
ENSP00000228307	PXN	318	MAQGKTGSSSP		pelm	621
ENSP00000219476	TSC2	1334	RTDAYSRSSSV		hprd;pelm	508
ENSP00000265372	CREM	83	RREILSRRPSY		hprd;pelm	619
ENSP00000262320	AXIN1	213	LEYTRTGSESP		hprd;pelm	989
ENSP00000340820	MAPT	545	TPGSRSRTPSL		hprd	917
ENSP00000340820	MAPT	492	RIPAKTPPAPK	MAPK1	hprd	917
ENSP00000340820	MAPT	655	LSKVTSKCGSL	PKN1	hprd	917
ENSP00000340820	MAPT	687	KDRVQSKIGSL	PKN1	hprd	917
ENSP00000340820	MAPT	470	KTKIATPRGAA	CDK1	hprd	917
ENSP00000257430	APC	2266	PSEGQTATTSP		hprd	907
ENSP00000257430	APC	2531	HDIARSHSESP		hprd	907
ENSP00000257430	APC	2799	SADSTSARPSQ		hprd	907
ENSP00000257430	APC	2621	KENEFSPTNST		hprd	907
ENSP00000367207	MYC	365	PRSSDTEENVK		hprd	755
ENSP00000005340	DVL2	222	MSRFSSSTEQS		hprd	899
ENSP00000005340	DVL2	230	EQSSASRLLKR		hprd	899
ENSP00000281474	BICD1	585	PVAKESTEASK	GSK3B	hprd	587
ENSP00000281474	BICD1	597	PSPTKTPTISP	GSK3B	hprd	587
ENSP00000228307	PXN	188	VPETNSPLGGK		hprd	621
ENSP00000228307	PXN	170	DEANSSPPLPG		hprd	621
ENSP00000228307	PXN	219	RPSVESLLDEL		hprd	621
ENSP00000228307	PXN	230	ESSVPSPVPAI		hprd	621
ENSP00000262320	AXIN1	614	AESGKSASTEV	GSK3B	hprd	989
ENSP00000302625	AXIN2	639	PHSAQSTKKAY		hprd	911
ENSP00000324806	GSK3B	426	TNNAASASASN		hprd	958
ENSP00000324806	GSK3B	428	NAASASASNST		hprd	958
ENSP00000305777	CSNK1G1	347	VDSGASAITRE		hprd	904
ENSP00000234179	PRKD3	539	VTPQASVCTSP		hprd	619
ENSP00000234179	PRKD3	542	QASVCTSPGQG		hprd	619
ENSP00000234179	PRKD3	739	RSVVGTPAYLA		hprd	619
ENSP00000334458	GATA4	406	SALKLSPQGYA		hprd	452
ENSP00000236051	EBNA1BP2	19	DESLVTDRELQ		hprd	621
