name	GSK3B
id	ENSP00000324806
type	Serine/threonine kinase
proline+1_removed	No
npartners	235
npartners_with_sites	201
nsites	199
//
motif	score	fg_matches	fg_size	bg_matches	bg_size	fold_increase
....I[ST]PP...	630.96	14	2679	0	10000	Inf
..RR.[ST]...T.	630.56	10	2060	0	9383	Inf
...P.[ST]PP...	624.33	14	2539	0	9936	Inf
.....[ST]P..S.	321.15	126	2665	64	10000	7.39
..RR.[ST].....	316.89	33	2050	18	9383	8.39
//
prot_id	prot_name	position	flank	kinase	source	string_score
ENSP00000355777	ACBD3	43	PLPPPSPPGSG		hprd;psite	462
ENSP00000253792	ACLY	447	SGSTSTPAPSR	GSK3B	hprd;pelm;psite	685
ENSP00000025301	AKAP11	448	DSGLFSPIRSS		hprd;pelm;psite	629
ENSP00000025301	AKAP11	981	EESQLTPEKSP		psite	629
ENSP00000025301	AKAP11	1100	NVIPDTPPSTP		hprd;pelm;psite	629
ENSP00000270202	AKT1	450	QMITITPPDQD	MTOR	hprd;pelm;psite	999
ENSP00000375892	AKT2	126	DYKCGSPSDSS		hprd;pelm;psite	964
ENSP00000375892	AKT2	451	QSITITPPDRY		hprd;pelm;psite	964
ENSP00000263826	AKT3	447	QTITITPPEKY		pelm;psite	816
ENSP00000257430	APC	744	DANIMSPGSSL		hprd;psite	991
ENSP00000257430	APC	780	NIDNLSPKASH		hprd;pelm;psite	991
ENSP00000257430	APC	1100	QQECVSPYRSR		psite	991
ENSP00000257430	APC	1360	SSGAKSPSKSG	CDK2	hprd;pelm;psite	991
ENSP00000257430	APC	1371	AQTPKSPPEHY		hprd;psite	991
ENSP00000257430	APC	2337	GRNGISPPNKL		psite	991
ENSP00000257430	APC	2473	SSRPASPTRSQ		hprd;pelm;psite	991
ENSP00000257430	APC	2789	FNYNPSPRKSS		hprd;pelm;psite	991
ENSP00000233607	APC2	2009	LRRRRSELSSA		psite	820
ENSP00000357177	ARHGEF11	291	DPGLDSPRTSP		hprd;pelm;psite	581
ENSP00000357177	ARHGEF11	1502	SSGGTTPVGSF		hprd;pelm;psite	581
ENSP00000216911	AURKA	288	SSRRTTLCGTL	AURKA;PAK1;PRKACA	hprd;pelm;psite	965
ENSP00000262320	AXIN1	60	ETSTATPRRSD		psite	999
ENSP00000246785	BCL2L12	117	GSPVPTPPRSP		hprd;pelm;psite	816
ENSP00000164227	BCL3	374	SQPDPSPDRSA		psite	630
ENSP00000164227	BCL3	402	ASPSSSPSQSP	GSK3A	psite	630
ENSP00000349351	BICD2	608	GDSSPSPGSSL		hprd;psite	587
ENSP00000262367	CREBBP	1763	EPQSKSPQESR		hprd;psite	402
ENSP00000295872	SPICE1	235	TQSQITPPGTP		hprd;psite	581
ENSP00000295872	SPICE1	640	TQQSRSPTFSE		hprd;psite	581
ENSP00000295872	SPICE1	760	VGLNLSPPMSP		hprd;pelm;psite	581
ENSP00000295872	SPICE1	811	NTRRSSGATGN		psite	581
ENSP00000262643	CCNE1	387	EQNRASPLPSG	CDK2	hprd;pelm;psite	861
ENSP00000262643	CCNE1	395	PSGLLTPPQSG	CDK2;GSK3A;GSK3B	hprd;pelm;psite	861
ENSP00000370408	CDX2	283	VPEPLSPVSSL	CDK2;GSK3B;MAPK14	hprd;psite	672
ENSP00000217244	CSNK2A1	344	MPGGSTPVSSA	CDK1	hprd;pelm;psite	423
ENSP00000263710	CLASP1	572	LSAKRSPTGST		hprd;psite	503
ENSP00000263710	CLASP1	646	RTRRQSSGSAT		hprd;pelm;psite	503
ENSP00000263710	CLASP1	1109	TSSRTSPLTSP		psite	503
ENSP00000387699	CREB1	133	LSRRPSYRKIL	ATM;CAMK4;CAMKK1;DYRK3;MAP3K8;MAPKAPK2;PRKACA;PRKCE;PRKD1;RPS6KA1;RPS6KA2;RPS6KA3;RPS6KA4;RPS6KA5;SGK1;TSSK4	hprd;pelm;psite	946
ENSP00000350359	CREB5	137	QQAMPSPQSSS		hprd;psite	800
ENSP00000265372	CREM	87	LSRRPSYRKIL		hprd;psite	653
ENSP00000309539	DPYSL2	304	AAFVTSPPLSP		psite	987
ENSP00000309539	DPYSL2	514	TPKTVTPASSA	GSK3B	hprd;pelm;psite	987
ENSP00000309539	DPYSL2	555	IPRRTTQRIVA	ROCK1;ROCK2	hprd;pelm;psite	987
ENSP00000344456	CTNNB1	246	VKMLGSPVDSV	CDK5	psite	999
ENSP00000344456	CTNNB1	552	TQRRTSMGGTQ	AKT1;AKT2;CAMK2A;PRKACA	hprd;pelm;psite	999
ENSP00000371846	DEAF1	176	TPGPQSPPTPL		hprd;pelm;psite	581
ENSP00000005340	DVL2	169	PRRRDSSEHGA		psite	918
ENSP00000354791	DCTN1	108	TTSPETPDSSA		hprd;pelm;psite	620
ENSP00000408910	DCTN2	203	GKTTGTPPDSS		hprd;psite	587
ENSP00000408910	DCTN2	325	TIQRWSPIAST		psite	587
ENSP00000345571	E2F1	332	SATIVSPPPSS	CDK1	hprd;pelm;psite	672
ENSP00000345571	E2F1	337	SPPPSSPPSSL	CDK1	hprd;pelm;psite	672
ENSP00000273783	EIF2B5	610	LQQMDSPLDSS		psite	649
ENSP00000341189	PTK2	13	PNLNHTPNSST		hprd;psite	625
ENSP00000341189	PTK2	722	RPGYPSPRSSE		hprd;pelm;psite	625
ENSP00000368880	FOXO1	402	TMMQQTPCYSF		psite	724
ENSP00000360060	FRAT1	188	QQRRGSQPETR	GSK3B;PRKACA;PRKCA	psite	994
ENSP00000334458	GATA4	105	TPPPVSPRFSF		psite	487
ENSP00000334458	GATA4	262	PQRRLSASRRV	PRKACA	pelm;psite	487
ENSP00000228682	GLI1	544	LERRSSSSSSI	PRKACA	psite	833
ENSP00000228682	GLI1	560	VSRRSSLASPF	PRKACA	psite	833
ENSP00000228682	GLI1	640	VTRRASDPAQA	PRKACA	psite	833
ENSP00000354586	GLI2	224	SSPRVTPRLSR		psite	932
ENSP00000354586	GLI2	808	QERRDSSTSTV		psite	932
ENSP00000354586	GLI2	824	VSRRSSGISPY		psite	932
ENSP00000354586	GLI2	941	GPRRGSDGPTY		psite	932
ENSP00000354586	GLI2	970	GARRASDPVRR		psite	932
ENSP00000317904	GYS1	645	ASVPPSPSLSR	GSK3B;MAPK11	hprd;pelm;psite	989
ENSP00000317904	GYS1	653	LSRHSSPHQSE	CSNK2A1;GSK3B;MAPK11	hprd;psite	989
ENSP00000317904	GYS1	698	WPRRASCTSST	CSNK2A1	hprd;psite	989
ENSP00000317904	GYS1	727	PSEPLSPTSSL	MAPK11	hprd;pelm;psite	989
ENSP00000334061	HDAC6	22	RQNPQSPPQDS		hprd;pelm;psite	654
ENSP00000334061	HDAC6	1031	STDHQTPPTSP	MAPK1;MAPK3	psite	654
ENSP00000312987	HNF4A	143	STRRSSYEDSS		pelm;psite	540
ENSP00000312987	HNF4A	432	AATPETPQPSP		psite	540
ENSP00000313199	HNRNPD	83	GHSNSSPRHSE	GSK3B	hprd;pelm;psite	621
ENSP00000360266	JUN	239	EMPGETPPLSP	GSK3A;GSK3B	hprd;pelm;psite	994
ENSP00000259154	KCTD3	463	TQPGSTPLASF		psite	651
ENSP00000366915	KLF5	303	TYFPPSPPSSE	GSK3B	psite	850
ENSP00000255992	KRBA1	253	DLGPGSPPWAV		hprd;psite	581
ENSP00000265165	LEF1	208	GVGQITPPLGW		psite	405
ENSP00000324856	STK11	428	KIRRLSACKQQ	PRKCZ;RPS6KA3;STK11	hprd;pelm;psite	672
ENSP00000261349	LRP6	1548	PSRRMTSVATA	PRKACA	psite	994
ENSP00000296755	MAP1B	25	PAASTSPSLSH		hprd;psite	946
ENSP00000296755	MAP1B	1208	SASTISPPSSM		hprd;psite	946
ENSP00000296755	MAP1B	1252	SSEKVSPSKSP		hprd;pelm;psite	946
ENSP00000296755	MAP1B	1256	VSPSKSPSLSP		hprd;pelm;psite	946
ENSP00000296755	MAP1B	1322	TLEVVSPSQSV		hprd;pelm;psite	946
ENSP00000296755	MAP1B	1396	IEKVLSPLRSP		hprd;pelm;psite	946
ENSP00000296755	MAP1B	1620	RPMSISPPDFS		hprd;pelm;psite	946
ENSP00000296755	MAP1B	1653	EFGQESPEQSL		hprd;psite	946
ENSP00000296755	MAP1B	1788	DISPLTPRESS		hprd;pelm;psite	946
ENSP00000296755	MAP1B	1793	TPRESSPLYSP		hprd;pelm;psite	946
ENSP00000296755	MAP1B	1797	SSPLYSPTFSD		hprd;pelm;psite	946
ENSP00000296755	MAP1B	1915	ERTTKSPSDSG		hprd;psite	946
ENSP00000296755	MAP1B	2034	TKTTRTPDTST		hprd;psite	946
ENSP00000358022	MCL1	163	GSLPSTPPPAE	MAPK1;MAPK3;MAPK8	hprd;pelm;psite	674
ENSP00000295600	MITF	498	LLSSVSPGASK		hprd;psite	709
ENSP00000347847	MKL1	450	GSTGSTPPVSP		hprd;pelm;psite	619
ENSP00000347847	MKL1	454	STPPVSPTPSE	MAPK1;MAPK3	hprd;pelm;psite	619
ENSP00000367207	MYC	73	FELLPTPPLSP	GSK3A;GSK3B;MAPK1;MAPK10	hprd;pelm;psite	998
ENSP00000367207	MYC	359	NRKCTSPRSSD		hprd;psite	998
ENSP00000341835	MYOCD	704	KFSIPSPTFSK		psite	757
ENSP00000281043	MYCN	58	FELLPTPPLSP		hprd;pelm;psite	494
ENSP00000228251	YBX3	34	DPAPKSPVGSG		hprd;pelm;psite	619
ENSP00000379330	NFATC2	213	IPAHYSPRTSP		hprd;psite	902
ENSP00000379330	NFATC2	217	YSPRTSPIMSP		hprd;psite	902
ENSP00000379330	NFATC2	221	TSPIMSPRTSL		hprd;psite	902
ENSP00000379330	NFATC2	255	AKRRHSCAEAL		psite	902
ENSP00000379330	NFATC2	326	KMWKTSPDPSP		hprd;pelm;psite	902
ENSP00000379330	NFATC2	363	GERRNSAPESI		hprd;psite	902
ENSP00000327850	NFATC1	159	DPSCLSPASSL	MAPK10;MAPK14;MAPK3	psite	912
ENSP00000327850	NFATC1	220	CTLLGSPRHSP		hprd;psite	912
ENSP00000388910	NFATC4	233	AFFSPSPGSSS	MAPK14	hprd;pelm;psite	811
ENSP00000388910	NFATC4	276	RFGLGSPLPSP	MAPK8;MAPK9	hprd;psite	811
ENSP00000388910	NFATC4	280	GSPLPSPRASP	MAPK8;MAPK9	hprd;psite	811
ENSP00000388910	NFATC4	335	GKRRYSSSGTP		pelm;psite	811
ENSP00000388910	NFATC4	344	TPSSASPALSR	RPS6KA3	psite	811
ENSP00000388910	NFATC4	352	LSRRGSLGEEG	RPS6KA3	hprd;psite	811
ENSP00000388910	NFATC4	397	KTRRTSSEQAV		pelm;psite	811
ENSP00000388910	NFATC4	739	GRRKRSPTQSF	MAPK1;MAPK3;RPS6KA3	pelm;psite	811
ENSP00000300659	NFATC3	165	SSLSPSPASSI	MAPK9	hprd;pelm;psite	802
ENSP00000300659	NFATC3	207	RFTLGSPLTSP	CSNK1A1	hprd;pelm;psite	802
ENSP00000300659	NFATC3	211	GSPLTSPGGSP	CSNK1A1	hprd;pelm;psite	802
ENSP00000300659	NFATC3	277	GKRRHSSAEVC		psite	802
ENSP00000396538	NFAT5	163	TVLYISPPPED		hprd;psite	880
ENSP00000226574	NFKB1	338	QLRRKSDLETS	PRKACA	hprd;pelm;psite	668
ENSP00000226574	NFKB1	852	NAFRLSPAPSK		hprd;psite	668
ENSP00000384273	RELA	276	QLRRPSDRELS	PIM1;PRKACA;RPS6KA4;RPS6KA5	hprd;pelm;psite	676
ENSP00000245441	NIN	254	NGKSLTPSAST		psite	990
ENSP00000380252	NFE2L2	356	SPSVASPEHSV		psite	929
ENSP00000281701	NVL	150	ETTSSTPRISS		psite	623
ENSP00000269305	TP53	33	ENNVLSPLPSQ	CDK5;CDK7;CDK9;MAPK14;PRKDC	hprd;pelm;psite	995
ENSP00000327077	PCM1	65	VTNDISPESSP		hprd;pelm;psite	587
ENSP00000327077	PCM1	431	NNSSSSPQRSV		hprd;pelm;psite	587
ENSP00000327077	PCM1	877	SENLCTPQQSR		hprd;pelm;psite	587
ENSP00000264867	PPARGC1A	299	LTPPTTPPHKA	MAPK14	hprd;pelm;psite	671
ENSP00000263967	PIK3CA	312	YSRRISTATPY		psite	900
ENSP00000366563	PIK3CD	520	LERRGSGELYE		psite	899
ENSP00000274335	PIK3R1	83	GRKKISPPTPK		psite	830
ENSP00000222254	PIK3R2	263	PPPPSSPPPGG		hprd;pelm;psite	819
ENSP00000247970	PIN1	71	QSRRPSSWRQE		psite	910
ENSP00000265563	PRKAR2A	54	VLPAATPRQSL		hprd;pelm;psite	758
ENSP00000265563	PRKAR2A	99	FNRRVSVCAET	PRKAR2A	hprd;pelm;psite	758
ENSP00000326031	PPP1CA	331	GGRPITPPRNS	AKT1;CDK1;CDK2;CDK5;LMTK2	hprd;pelm;psite	654
ENSP00000335084	PPP1CC	311	ATRPVTPPRGM		psite	962
ENSP00000328178	PPP1R2	73	IDEPSTPYHSM	CDK5;GSK3B	hprd;pelm;psite	899
ENSP00000284601	PPP1R3A	46	PSRRGSDSSED	RPS6KA1;RPS6KA3	hprd;psite	905
ENSP00000284601	PPP1R3A	65	GTRRVSFADSF	RPS6KA3	hprd;pelm;psite	905
ENSP00000326366	PSEN1	310	AQRRVSKNSKY	PRKACA	hprd;pelm;psite	991
ENSP00000361021	PTEN	366	SSTSVTPDVSD	CSNK2A1;GSK3B;PLK3	hprd;pelm;psite	485
ENSP00000332816	PTK2B	758	PMEYPSPVNSL		hprd;psite	902
ENSP00000349547	RASSF1	206	SVRRRTSFYLP	AURKA	hprd;psite	651
ENSP00000349547	RASSF1	207	VRRRTSFYLPK	AURKA;AURKB;CDK4;PRKACA	psite	651
ENSP00000320768	RCAN1	163	KQFLISPPASP	GSK3B;MAP3K3	hprd;pelm;psite	722
ENSP00000320768	RCAN1	167	ISPPASPPVGW	DYRK1A;MAP3K3;MAPK3	hprd;pelm;psite	722
ENSP00000221452	RELB	37	LGALGSPDLSS		hprd;pelm;psite	628
ENSP00000356832	SGK1	169	MNANPSPPPSP		hprd;psite	637
ENSP00000356832	SGK1	464	INKKITPPFNP	PRKACA	pelm;psite	637
ENSP00000305769	SMAD1	187	HPFPHSPNSSY	CDK8;CDK9;MAPK1	pelm;psite	687
ENSP00000305769	SMAD1	195	SSYPNSPGSSS	CDK8;CDK9;MAPK1	hprd;pelm;psite	687
ENSP00000305769	SMAD1	206	STYPHSPTSSD	CDK7;CDK8;CDK9;MAPK1	hprd;pelm;psite	687
ENSP00000332973	SMAD3	8	SILPFTPPIVK	CDK2;CDK4	hprd;pelm;psite	867
ENSP00000332973	SMAD3	179	SNIPETPPPGY	CDK2;CDK4;CDK8;CDK9;MAPK1	hprd;pelm;psite	867
ENSP00000332973	SMAD3	204	SMDAGSPNLSP	CDK4;MAPK1	hprd;pelm;psite	867
ENSP00000332973	SMAD3	388	EYRRQTVTSTP		psite	867
ENSP00000244050	SNAI1	104	GSQPPSPPSPA	CSNK1E;GSK3B	pelm;psite	997
ENSP00000244050	SNAI1	107	PPSPPSPAPSS	CSNK1E;GSK3B	pelm;psite	997
ENSP00000261368	SNCAIP	211	PFCVLSPVKSP		psite	930
ENSP00000261368	SNCAIP	239	EETEISPPLVK		psite	930
ENSP00000361066	NCOA3	505	VAGVHSPMASS	MAPK14;MAPK8	hprd;pelm;psite	619
ENSP00000348069	SREBF1	93	GTDPASPDTSS		psite	655
ENSP00000348069	SREBF1	456	VEDTLTPPPSD	GSK3B	psite	655
ENSP00000348069	SREBF1	464	PSDAGSPFQSS	GSK3B	psite	655
ENSP00000358918	SUFU	301	QPRRLSGKDTE		psite	439
ENSP00000340820	MAPT	566	VAVVRTPPKSP	CDK5;GSK3B	hprd;pelm;psite	998
ENSP00000340820	MAPT	731	EIVYKSPVVSG	CDK5;GSK3B	hprd;pelm;psite	998
ENSP00000411532	TOP2A	1361	PKTKTSPKLSN	CDK1;GSK3B;MAPK1;MAPK3	hprd;pelm;psite	651
ENSP00000353785	TPPP	14	KAANRTPPKSP	CDK5	hprd;pelm;psite	621
ENSP00000353785	TPPP	45	EGAAASPELSA		hprd;pelm;psite	621
ENSP00000353785	TPPP	160	TKAISSPTVSR	CDK5;MAPK1	hprd;pelm;psite	621
ENSP00000298552	TSC1	357	VCGMTTPPTSP		psite	963
ENSP00000298552	TSC1	390	GTPLGTPATSP		psite	963
ENSP00000219476	TSC2	664	TSGPLSPPTGP	MAPK1;MAPK3	hprd;pelm;psite	998
ENSP00000370408	CDX2	60	LDSAQSPGPSW		hprd;pelm	672
ENSP00000257430	APC	2621	KENEFSPTNST		hprd	991
ENSP00000272163	LBR	78	SRRRGSRSRSR		hprd	477
ENSP00000262367	CREBBP	1771	ESRRLSIQRCI		hprd	402
ENSP00000379330	NFATC2	168	EPLCLSPASSG		hprd	902
ENSP00000379330	NFATC2	268	LPPGASPQRSR		hprd	902
ENSP00000379330	NFATC2	276	RSRSPSPQPSS		hprd	902
ENSP00000281474	BICD1	597	PSPTKTPTISP	GSK3B	hprd	587
ENSP00000366915	KLF5	116	KYRRDSASVVD		hprd	850
ENSP00000396538	NFAT5	667	NGSFSSPSSSH		hprd	880
ENSP00000341835	MYOCD	455	GSTSSSPPISP	GSK3B	hprd	757
ENSP00000341835	MYOCD	459	SSPPISPASSD	GSK3B	hprd	757
ENSP00000341835	MYOCD	630	SSTFLSPQCSP	GSK3B	hprd	757
ENSP00000341835	MYOCD	634	LSPQCSPQHSP	GSK3B	hprd	757
