name	GUCY2F
id	ENSP00000218006
type	Serine/threonine kinase
proline+1_removed	Yes
npartners	91
npartners_with_sites	61
nsites	61
//
motif	score	fg_matches	fg_size	bg_matches	bg_size	fold_increase
....P[ST]...YS	326.66	10	204	0	9365	Inf
..RR.[ST].....	30.4	19	223	18	9383	44.41
..R..[ST].....	6.35	28	194	465	9365	2.91
//
prot_id	prot_name	position	flank	kinase	source	string_score
ENSP00000222214	GCDH	246	GMRGLSAPRIQ		hprd;psite	720
ENSP00000378890	GCH1	60	GERPRSEEDNE		psite	807
ENSP00000286063	PDE11A	117	LQRRASQKELR	PRKACA	psite	908
ENSP00000286063	PDE11A	162	LLRKASSLPPT	PRKACA	psite	908
ENSP00000379485	PDE1C	469	GQRRSSLNSIS		psite	900
ENSP00000351957	PDE3A	292	KRRRRSSSVVS		psite	899
ENSP00000351957	PDE3A	293	RRRRSSSVVSA		psite	899
ENSP00000351957	PDE3A	294	RRRSSSVVSAE		psite	899
ENSP00000351957	PDE3A	312	SHRRTSLPCIP	PRKACA;PRKCA	hprd;pelm;psite	899
ENSP00000351957	PDE3A	438	LLRRVSSTWTT	PRKCA	psite	899
ENSP00000351957	PDE3A	439	LRRVSSTWTTT		psite	899
ENSP00000351957	PDE3A	463	VRRDRSTSIKL		psite	899
ENSP00000351957	PDE3A	465	RDRSTSIKLQE	PRKCA	psite	899
ENSP00000282096	PDE3B	295	RPRRRSSCVSL	AKT1	hprd;psite	899
ENSP00000282096	PDE3B	296	PRRRSSCVSLG	PRKACA	psite	899
ENSP00000282096	PDE3B	318	IFRRPSLPCIS	PRKACA	hprd;pelm;psite	899
ENSP00000282096	PDE3B	442	QLRRSSGTSGL	AKT1	hprd;pelm;psite	899
ENSP00000270474	PDE4A	13	SERSLSLSLPG		psite	910
ENSP00000270474	PDE4A	145	SQRRESFLYRS	PRKACA	pelm;psite	910
ENSP00000270474	PDE4A	271	LNRELTHLSEM		psite	910
ENSP00000332116	PDE4B	133	SQRRESFLYRS	PRKACA	hprd;pelm;psite	899
ENSP00000332116	PDE4B	140	LYRSDSDYDLS		hprd;psite	899
ENSP00000332116	PDE4B	259	LNRELTHLSEM		psite	899
ENSP00000347689	PDE4C	119	SQRRESFLYRS		pelm;psite	899
ENSP00000347046	PDE5A	102	PTRKISASEFD	PRKACA;PRKG1	hprd;pelm;psite	908
ENSP00000368730	PDE7A	58	SERRGSHPYID		psite	899
ENSP00000368730	PDE7A	87	IRRLLSFQRYL		psite	899
ENSP00000310661	PDE7B	45	AERRGSYPFID		pelm;psite	899
ENSP00000310661	PDE7B	74	VKRLLSFQRYF		psite	899
ENSP00000311453	PDE8A	59	ELRDGSGKKVA		psite	917
ENSP00000311453	PDE8A	359	DRRKGSLDVKA		psite	917
ENSP00000311453	PDE8A	386	MARIHSMTIEA		hprd;pelm;psite	917
ENSP00000311453	PDE8A	457	GLRRLSGNEYV		hprd;pelm;psite	917
ENSP00000339933	PKLR	43	YLRRASVAQLT		psite	899
ENSP00000339933	PKLR	292	FVRKASDVAAV		hprd;psite	899
ENSP00000320171	PKM	95	NVRTATESFAS		psite	899
ENSP00000320171	PKM	249	FIRKASDVHEV		psite	899
ENSP00000263857	POLR1A	1373	NTRRATQRDLD		psite	899
ENSP00000367029	POLR1E	385	SKRRVSVAAGS		hprd;psite	899
ENSP00000314949	POLR2A	607	CIRTHSTHPDD		psite	899
ENSP00000314949	POLR2A	1424	VNRQDTGPLMK		psite	899
ENSP00000314949	POLR2A	1618	PSYSPTSPSYS	CDK9	psite	899
ENSP00000314949	POLR2A	1821	PTYTPSSPSYS		psite	899
ENSP00000314949	POLR2A	1828	PSYSPSSPSYS		psite	899
ENSP00000314949	POLR2A	1842	PKYTPTSPSYS		psite	899
ENSP00000314949	POLR2A	1856	PEYTPTSPKYS		hprd;pelm;psite	899
ENSP00000314949	POLR2A	1863	PKYSPTSPKYS		hprd;psite	899
ENSP00000314949	POLR2A	1877	PKYSPTSPTYS		hprd;psite	899
ENSP00000314949	POLR2A	1884	PTYSPTTPKYS	CDK2	hprd;psite	899
ENSP00000314949	POLR2A	1891	PKYSPTSPTYS		hprd;pelm;psite	899
ENSP00000314949	POLR2A	1905	PVYTPTSPKYS		hprd;pelm;psite	899
ENSP00000314949	POLR2A	1919	PTYSPTSPKYS		pelm;psite	899
ENSP00000361446	POLR3A	1181	TPRENSKSSMY		hprd;psite	899
ENSP00000334564	POLR3C	204	GKRRRSSDEDA		psite	899
ENSP00000334564	POLR3C	205	KRRRSSDEDAA		psite	899
ENSP00000303088	POLR3D	42	PGRLPSIRSRD		psite	899
ENSP00000299853	POLR3E	192	QRRVQSYEFLQ		psite	899
ENSP00000361465	POLR1C	282	NPRLDTFSREI		psite	899
ENSP00000270474	PDE4A	152	LYRSDSDYDMS		pelm	910
ENSP00000243052	PDE1B	466	QWRQPSLDVEV		hprd	899
ENSP00000222214	GCDH	429	LGRAITGIQAF		hprd	720
