name	HCK
id	ENSP00000365012
type	Tyrosine kinase
proline+1_removed	No
npartners	202
npartners_with_sites	161
nsites	255
//
motif	score	fg_matches	fg_size	bg_matches	bg_size	fold_increase
.D...YE.P..	626.07	12	853	0	10000	Inf
.....YD.P..	19.21	17	841	21	10000	9.63
..D..Y.....	8.99	82	824	482	9979	2.06
....DY.....	7.22	72	742	468	9497	1.97
.....Y..P..	6.13	67	670	479	9029	1.88
//
prot_id	prot_name	position	flank	kinase	source	string_score
ENSP00000365312	ABI1	143	RKPIDYTVLDD		psite	583
ENSP00000365312	ABI1	213	TVPNDYMTSPA	ABL1	hprd;pelm;psite	583
ENSP00000365312	ABI1	421	PPPVDYEDEEA		psite	583
ENSP00000365312	ABI1	431	AAVVQYNDPYA		psite	583
ENSP00000365312	ABI1	484	NDDGWYEGVCN		psite	583
ENSP00000361423	ABL1	134	WVPSNYITPVN	FYN;HCK;LYN	hprd;pelm;psite	984
ENSP00000361423	ABL1	147	EKHSWYHGPVS	FYN;HCK;LYN	psite	984
ENSP00000361423	ABL1	234	ITTLHYPAPKR	FYN;HCK;LYN	psite	984
ENSP00000349960	ACTB	169	PIYEGYALPHA		psite	442
ENSP00000349960	ACTB	188	RDLTDYLMKIL		psite	442
ENSP00000349960	ACTB	240	SLEKSYELPDG		psite	442
ENSP00000265727	ADAM22	882	SRKYPYPMPPL		psite	621
ENSP00000383623	MLLT4	294	ENPKDYCIARV		psite	899
ENSP00000383623	MLLT4	583	EQQPDYRRQES		psite	899
ENSP00000383623	MLLT4	985	FEGADYESHLL		psite	899
ENSP00000383623	MLLT4	1150	LPWAEYSEPKK		psite	899
ENSP00000383623	MLLT4	1218	PRPEAYPIPTQ		psite	899
ENSP00000383623	MLLT4	1284	REDKAYQLERH		psite	899
ENSP00000383623	MLLT4	1496	RRDLQYITVSK		psite	899
ENSP00000383623	MLLT4	1702	PLPRDYEPPSP		hprd;psite	899
ENSP00000307387	PDCD6IP	223	NQAADYFGDAF		psite	621
ENSP00000307387	PDCD6IP	319	DNDFIYHDRVP	SRC	hprd;psite	621
ENSP00000269260	ARRB2	48	LVDPDYLKDRK		psite	907
ENSP00000269260	ARRB2	404	MKDDDYDDQLC		psite	907
ENSP00000303507	BCR	246	GVDGDYEDAEL	FES	hprd;pelm;psite	962
ENSP00000303507	BCR	852	LISSDYERAEW		psite	962
ENSP00000259089	BLK	188	DEGGYYISPRI		psite	903
ENSP00000259089	BLK	389	IIDSEYTAQEG		psite	903
ENSP00000224337	BLNK	72	DFDSDYENPDE	SYK	pelm;psite	917
ENSP00000224337	BLNK	84	SDSEMYVMPAE	SYK	pelm;psite	917
ENSP00000224337	BLNK	96	NADDSYEPPPV	SYK	pelm;psite	917
ENSP00000224337	BLNK	178	EDEADYVVPVE	SYK	pelm;psite	917
ENSP00000224337	BLNK	189	DNDENYIHPTE	SYK	pelm;psite	917
ENSP00000308176	BTK	225	VALYDYMPMNA		hprd;psite	964
ENSP00000308176	BTK	551	VLDDEYTSSVG	BTK;LYN;SYK	hprd;pelm;psite	964
ENSP00000295148	C2orf44	249	KDMTPYALPVI		psite	429
ENSP00000264033	CBL	552	PPDRPYSVGAE		hprd;pelm;psite	996
ENSP00000264033	CBL	700	EEDTEYMTPSS	EGFR;FYN;INSR;LCK;SYK;YES1	hprd;pelm;psite	996
ENSP00000264033	CBL	774	NEDDGYDVPKP	EGFR;FYN;LCK;SRC;SYK;YES1	hprd;pelm;psite	996
ENSP00000335544	CCKBR	294	DSDGCYVQLPR		psite	527
ENSP00000352264	CD2AP	88	QRISTYGLPAG		hprd;pelm;psite	441
ENSP00000352264	CD2AP	541	KKDTCYSPKPS		hprd;psite	441
ENSP00000356346	PTPRC	689	ILPYDYNRVEL		psite	877
ENSP00000356346	PTPRC	790	KRCPDYIIQKL		psite	877
ENSP00000356346	PTPRC	980	VIPYDYNRVPL		psite	877
ENSP00000384053	CSF2RB	593	DFNGPYLGPPH		hprd;pelm;psite	655
ENSP00000384053	CSF2RB	822	QQVGDYCFLPG	LYN	pelm;psite	655
ENSP00000384053	CSF2RB	882	LKQQDYLSLPP	LYN	psite	655
ENSP00000286301	CSF1R	699	EGGVDYKNIHL	CSF1R	pelm;psite	700
ENSP00000286301	CSF1R	809	MNDSNYIVKGN	CSF1R	hprd;pelm;psite	700
ENSP00000286301	CSF1R	923	RRERDYTNLPS		psite	700
ENSP00000220003	CSK	184	AQDEFYRSGWA		hprd;pelm;psite	963
ENSP00000220003	CSK	277	GSLVDYLRSRG		psite	963
ENSP00000381565	DIAPH1	424	LVRNDYEARPQ		psite	621
ENSP00000256935	DOCK2	209	KDQPDYAMYSR		hprd;pelm;psite	927
ENSP00000233668	DOK1	296	SPPALYAEPLD		hprd;pelm;psite	647
ENSP00000233668	DOK1	315	SQDSLYSDPLD		hprd;pelm;psite	647
ENSP00000233668	DOK1	362	KEDPIYDEPEG	INSR	hprd;pelm;psite	647
ENSP00000233668	DOK1	377	PPQGLYDLPRE		hprd;pelm;psite	647
ENSP00000233668	DOK1	398	VKEEGYELPYN	INSR;RET	hprd;pelm;psite	647
ENSP00000233668	DOK1	409	PATDDYAVPPP		hprd;pelm;psite	647
ENSP00000276420	DOK2	192	PGTQLYDWPYR		psite	667
ENSP00000276420	DOK2	271	RPDSPYSRPHD		hprd;pelm;psite	667
ENSP00000276420	DOK2	299	GQEGEYAVPFD		hprd;pelm;psite	667
ENSP00000276420	DOK2	330	LADPLYDSIEE		psite	667
ENSP00000276420	DOK2	345	RPDHIYDEPEG		hprd;pelm;psite	667
ENSP00000276420	DOK2	357	AALSLYDSPQE		psite	667
ENSP00000204961	EFNB1	324	KVSGDYGHPVY		hprd;pelm;psite	902
ENSP00000275493	EGFR	764	ILDEAYVMASV	SRC	psite	909
ENSP00000275493	EGFR	1016	VDADEYLIPQQ	ABL1;EGFR;SRC	hprd;pelm;psite	909
ENSP00000275493	EGFR	1125	SRDPHYQDPHS	SRC	hprd;pelm;psite	909
ENSP00000275493	EGFR	1172	LDNPDYQQDFF	EGFR	hprd;pelm;psite	909
ENSP00000275815	EPHA1	605	VDLQAYEDPAQ		psite	901
ENSP00000275815	EPHA1	781	DFDGTYETQGG		hprd;pelm;psite	901
ENSP00000351209	EPHA2	588	KPLKTYVDPHT	EPHA2	hprd;pelm;psite	908
ENSP00000351209	EPHA2	594	VDPHTYEDPNQ	EPHA2	hprd;pelm;psite	908
ENSP00000337451	EPHA3	596	PGLRTYVDPHT	EPHA3	hprd;pelm;psite	901
ENSP00000337451	EPHA3	602	VDPHTYEDPTQ	EPHA3	hprd;pelm;psite	901
ENSP00000337451	EPHA3	742	LSDMGYVHRDL		psite	901
ENSP00000281821	EPHA4	596	QGVRTYVDPFT	EPHA4	hprd;pelm;psite	900
ENSP00000281821	EPHA4	602	VDPFTYEDPNQ	EPHA4	hprd;pelm;psite	900
ENSP00000273854	EPHA5	650	PGVRTYIDPHT		psite	900
ENSP00000273854	EPHA5	656	IDPHTYEDPNQ		psite	900
ENSP00000358309	EPHA7	608	PGTKTYIDPET		psite	900
ENSP00000358309	EPHA7	614	IDPETYEDPNR		psite	900
ENSP00000381097	EPHB1	594	PGMKIYIDPFT	EPHB1	hprd;pelm;psite	901
ENSP00000381097	EPHB1	600	IDPFTYEDPNE		hprd;pelm;psite	901
ENSP00000381097	EPHB1	778	TSDPTYTSSLG		pelm;psite	901
ENSP00000363763	EPHB2	181	LAFQDYGGCMS		psite	902
ENSP00000363763	EPHB2	578	RADSEYTDKLQ		hprd;psite	902
ENSP00000363763	EPHB2	597	PGMKIYIDPFT		hprd;psite	902
ENSP00000363763	EPHB2	603	IDPFTYEDPNE	EPHB2	hprd;psite	902
ENSP00000363763	EPHB2	743	LADMNYVHRDL		hprd;psite	902
ENSP00000363763	EPHB2	781	TSDPTYTSALG		hprd;psite	902
ENSP00000363763	EPHB2	913	RTIPDYTSFNT		psite	902
ENSP00000341189	PTK2	155	QVKSDYMLEIA		psite	806
ENSP00000341189	PTK2	397	SETDDYAEIID	FGR;MET;PTK2;SRC	hprd;pelm;psite	806
ENSP00000341189	PTK2	407	DEEDTYTMPST	MET;PTK2;PTK2B;SRC	hprd;pelm;psite	806
ENSP00000341189	PTK2	441	VHQGIYMSPEN	BMX;SRC	psite	806
ENSP00000341189	PTK2	576	MEDSTYYKASK	BMX;FGR;MET;PTK2;RET;SRC	hprd;pelm;psite	806
ENSP00000341189	PTK2	720	PSRPGYPSPRS		psite	806
ENSP00000289902	FCER1G	65	KSDGVYTGLST		hprd;pelm;psite	581
ENSP00000271450	FCGR2A	281	ETNNDYETADG	BLK;FYN;LYN;SYK	hprd;pelm;psite	954
ENSP00000271450	FCGR2A	288	TADGGYMTLNP	BLK;FYN;LYN;SYK	hprd;pelm;psite	954
ENSP00000363115	FGR	412	IKDDEYNPCQG	FGR	hprd;pelm;psite	974
ENSP00000357656	FYN	420	IEDNEYTARQG	FYN	hprd;pelm;psite	906
ENSP00000312999	GNAI2	168	IAQSDYIPTQQ		psite	899
ENSP00000339007	GRB2	209	MFPRNYVTPVN	EGFR;JAK2	hprd;pelm;psite	909
ENSP00000365439	HNRNPK	72	ALRTDYNASVS	SRC	hprd;psite	474
ENSP00000365439	HNRNPK	234	FYDETYDYGGF	SRC	hprd;pelm;psite	474
ENSP00000365439	HNRNPK	236	DETYDYGGFTM	SRC	hprd;pelm;psite	474
ENSP00000365439	HNRNPK	280	PSRRDYDDMSP		hprd;psite	474
ENSP00000365439	HNRNPK	371	GSGYDYSYAGG		psite	474
ENSP00000365439	HNRNPK	373	GYDYSYAGGRG		psite	474
ENSP00000375629	LILRB2	562	PQDVTYAQLHS		psite	712
ENSP00000398655	ITK	182	IALYDYQTNDP		psite	904
ENSP00000398655	ITK	512	VLDDQYTSSTG	LCK	hprd;pelm;psite	904
ENSP00000343204	JAK1	217	PKDISYKRYIP		psite	907
ENSP00000343204	JAK1	993	CKGMDYLGSRQ		psite	907
ENSP00000343204	JAK1	1034	ETDKEYYTVKD	JAK3	hprd;pelm;psite	907
ENSP00000343204	JAK1	1125	CPDEVYQLMRK		psite	907
ENSP00000288135	KIT	362	DKWEDYPKSEN		hprd;psite	631
ENSP00000288135	KIT	570	GNNYVYIDPTQ	KIT	hprd;pelm;psite	631
ENSP00000288135	KIT	730	KPGVSYVVPTK		hprd;psite	631
ENSP00000288135	KIT	823	KNDSNYVVKGN	KIT	pelm;psite	631
ENSP00000337825	LCK	192	DNGGFYISPRI	SYK	hprd;pelm;psite	905
ENSP00000337825	LCK	394	IEDNEYTAREG	FCGR3A;LCK	hprd;pelm;psite	905
ENSP00000337825	LCK	489	RPTFDYLRSVL		psite	905
ENSP00000237380	MED28	64	LVSQDYVNGTD	LCK	hprd;psite	611
ENSP00000315878	MS4A6A	242	THDCGYEELLT		psite	582
ENSP00000344871	MYO1F	743	NFVGDYLGLEE		psite	530
ENSP00000318195	NCL	473	GQNQDYRGGKN		psite	429
ENSP00000162330	BCAR1	115	QPDSVYLVPTP	SRC	hprd;psite	968
ENSP00000162330	BCAR1	128	AQQGLYQVPGP	FGFR1;SRC	hprd;pelm;psite	968
ENSP00000162330	BCAR1	165	PATDLYQVPPG	PTK6;SRC	hprd;pelm;psite	968
ENSP00000162330	BCAR1	179	PAQDIYQVPPS	SRC	hprd;psite	968
ENSP00000162330	BCAR1	192	MGHDIYQVPPS	SRC	hprd;psite	968
ENSP00000162330	BCAR1	234	PEQDEYDIPRH	SRC	hprd;pelm;psite	968
ENSP00000162330	BCAR1	249	GPQDIYDVPPV	FGFR1	hprd;pelm;psite	968
ENSP00000162330	BCAR1	267	YGQEVYDTPPM	SRC	hprd;psite	968
ENSP00000162330	BCAR1	287	PLLEVYDVPPS	SRC	hprd;psite	968
ENSP00000162330	BCAR1	306	NHHAVYDVPPS	FGFR1	hprd;pelm;psite	968
ENSP00000162330	BCAR1	327	LREETYDVPPA	FGFR1	hprd;pelm;psite	968
ENSP00000162330	BCAR1	362	PAEDVYDVPPP	SRC	hprd;psite	968
ENSP00000162330	BCAR1	372	PAPDLYDVPPG		hprd;psite	968
ENSP00000162330	BCAR1	387	GPGTLYDVPRE	SRC	hprd;pelm;psite	968
ENSP00000162330	BCAR1	410	VDSGVYAVPPP	FGFR1;PTK2	hprd;pelm;psite	968
ENSP00000162330	BCAR1	653	SPDGQYENSEG	SRC	hprd;pelm;psite	968
ENSP00000162330	BCAR1	664	GWMEDYDYVHL	PTK2;PTK6	hprd;pelm;psite	968
ENSP00000162330	BCAR1	666	MEDYDYVHLQG	PTK2	hprd;psite	968
ENSP00000261799	PDGFRB	581	GHEYIYVDPMQ	PDGFRB	hprd;pelm;psite	904
ENSP00000261799	PDGFRB	692	GDLVDYLHRNK		psite	904
ENSP00000261799	PDGFRB	740	ESDGGYMDMSK	PDGFRB	hprd;pelm;psite	904
ENSP00000261799	PDGFRB	751	DESVDYVPMLD	PDGFRB	hprd;pelm;psite	904
ENSP00000261799	PDGFRB	763	KGDVKYADIES	PDGFRB	hprd;pelm;psite	904
ENSP00000261799	PDGFRB	771	IESSNYMAPYD	PDGFRB	hprd;pelm;psite	904
ENSP00000261799	PDGFRB	857	MRDSNYISKGS	PDGFRB	hprd;pelm;psite	904
ENSP00000261799	PDGFRB	934	ASDEIYEIMQK	ABL1	hprd;psite	904
ENSP00000261799	PDGFRB	1021	EGDNDYIIPLP	PDGFRB	hprd;pelm;psite	904
ENSP00000263967	PIK3CA	355	DIDKIYVRTGI		psite	837
ENSP00000289153	PIK3CB	246	VSPYDYVLQVS		psite	905
ENSP00000289153	PIK3CB	503	NKKQPYYYPPF		psite	905
ENSP00000289153	PIK3CB	504	KKQPYYYPPFD		psite	905
ENSP00000366563	PIK3CD	440	GERCLYMWPSV		pelm;psite	845
ENSP00000274335	PIK3R1	368	KMHGDYTLTLR	INSR	hprd;pelm;psite	880
ENSP00000274335	PIK3R1	467	EYDRLYEEYTR		hprd;pelm;psite	880
ENSP00000222254	PIK3R2	464	EYDQLYEEYTR		hprd;pelm;psite	878
ENSP00000262741	PIK3R3	199	EYDRLYEEYTR		psite	800
ENSP00000262741	PIK3R3	341	DADENYFINEE	INSR	hprd;pelm;psite	800
ENSP00000262741	PIK3R3	373	AEDLLYGKPDG		psite	800
ENSP00000331602	PRKCD	514	CGTPDYIAPEI	LCK	hprd;psite	901
ENSP00000331602	PRKCD	630	KSPRDYSNFDQ		psite	901
ENSP00000244007	PLCG1	186	LSQVNYRVPNM		psite	962
ENSP00000244007	PLCG1	210	SGDITYGQFAQ		psite	962
ENSP00000244007	PLCG1	771	TAEPDYGALYE	EGFR;LYN;SYK	hprd;pelm;psite	962
ENSP00000244007	PLCG1	833	WWRGDYGGKKQ		psite	962
ENSP00000244007	PLCG1	959	SELVVYCRPVP		psite	962
ENSP00000244007	PLCG1	1254	SFESRYQQPFE	EGFR	hprd;pelm;psite	962
ENSP00000352336	PLCG2	759	DVSRMYVDPSE	BTK;FYN;LCK;LYN;SRC;SYK	hprd;pelm;psite	969
ENSP00000352336	PLCG2	780	KALYDYKAKRS		psite	969
ENSP00000352336	PLCG2	811	WWKGDYGTRIQ		psite	969
ENSP00000352336	PLCG2	936	SDLVVYCKPTS		psite	969
ENSP00000234313	PLEK	277	PAYLHYYDPAG		psite	793
ENSP00000394794	PTPN13	363	KMDPIYHTREL		psite	908
ENSP00000369756	PTPRA	588	EENTDYVNASF		pelm;psite	463
ENSP00000228307	PXN	31	SEETPYSYPTG	PTK2;PTK6	hprd;pelm;psite	880
ENSP00000228307	PXN	118	EEEHVYSFPNK	FYN;PTK2;PTK6	hprd;pelm;psite	880
ENSP00000228307	PXN	181	ALSPLYGVPET		hprd;pelm;psite	880
ENSP00000332816	PTK2B	579	IEDEDYYKASV	PTK2B	hprd;pelm;psite	901
ENSP00000332816	PTK2B	699	ERNARYRTPKI		psite	901
ENSP00000332816	PTK2B	722	PSRPKYRPPPQ		psite	901
ENSP00000332816	PTK2B	756	TSPMEYPSPVN		hprd;psite	901
ENSP00000332816	PTK2B	819	QMVEDYQWLRQ		psite	901
ENSP00000332816	PTK2B	881	TDDLVYLNVME	PTK2B	hprd;pelm;psite	901
ENSP00000005587	SKAP2	11	STSSPYPLPEE		psite	633
ENSP00000005587	SKAP2	75	EDGEEYDDPFA		psite	633
ENSP00000005587	SKAP2	261	IDDEIYEELPE		psite	633
ENSP00000249071	RAC2	64	AGQEDYDRLRP		psite	875
ENSP00000361264	RAPGEF1	79	FLPEGYPLPLD		psite	908
ENSP00000361264	RAPGEF1	408	HYDPDYEFLQQ		psite	908
ENSP00000361264	RAPGEF1	579	QLLEDYSEPQP		psite	908
ENSP00000361264	RAPGEF1	588	QPSMFYQTPQN		psite	908
ENSP00000274376	RASA1	239	AMCGDYYIGGR		psite	964
ENSP00000274376	RASA1	472	TKDAFYKNIVK		psite	964
ENSP00000335029	RASA3	757	GSKSVYDGPEQ		psite	621
ENSP00000313829	KHDRBS1	375	GYDDTYAEQSY		psite	963
ENSP00000313829	KHDRBS1	396	QGDSEYYDYGH		psite	963
ENSP00000305790	SF3B3	1041	ASLLDYDTVAG		psite	429
ENSP00000401303	SHC1	349	PPDHQYYNDFP	FLT4;SRC;SYK;ZAP70	hprd;pelm;psite	808
ENSP00000401303	SHC1	428	FDDPSYVNVQN	FLT3;FLT4;MET;SRC;SYK;ZAP70	hprd;pelm;psite	808
ENSP00000364995	SHC3	341	GSDHPYYNSIP		psite	807
ENSP00000364995	SHC3	406	GSSDIYSTPEG		psite	807
ENSP00000329668	SHC4	374	REDHEYYNEIP		psite	800
ENSP00000329668	SHC4	465	FDDPCYINTQA		psite	800
ENSP00000340944	PTPN11	62	QNTGDYYDLYG		hprd;pelm;psite	915
ENSP00000340944	PTPN11	304	EPVSDYINANI		pelm;psite	915
ENSP00000046794	LCP2	113	FEEDDYESPND	LCK;SYK;ZAP70	hprd;pelm;psite	699
ENSP00000046794	LCP2	128	EDDGDYESPNE	LCK;SYK;ZAP70	hprd;pelm;psite	699
ENSP00000046794	LCP2	145	EDDADYEPPPS	LCK;TXK;ZAP70	hprd;pelm;psite	699
ENSP00000338345	SNCA	125	PDNEAYEMPSE	FYN;PTK2B;SRC;SYK	hprd;pelm;psite	899
ENSP00000384675	SOS1	618	LTYHMYADPNF		psite	977
ENSP00000350941	SRC	419	IEDNEYTARQG	PDGFRA;PDGFRB;PRKACA;SRC	hprd;pelm;psite	962
ENSP00000350941	SRC	522	AFLEDYFTSTE		psite	962
ENSP00000264657	STAT3	45	SQDWAYAASKE		psite	975
ENSP00000264657	STAT3	686	EAFGKYCRPES		hprd;psite	975
ENSP00000305958	STIP1	54	AKKGDYQKAYE		psite	469
ENSP00000305958	STIP1	354	QERLAYINPDL		hprd;pelm;psite	469
ENSP00000305958	STIP1	444	EAMKDYTKAMD		psite	469
ENSP00000364898	SYK	28	EEAEDYLVQGG		psite	956
ENSP00000364898	SYK	296	SRIKSYSFPKP		hprd;pelm;psite	956
ENSP00000364898	SYK	348	MDTEVYESPYA	SYK	hprd;pelm;psite	956
ENSP00000364898	SYK	352	VYESPYADPEE	SYK	hprd;pelm;psite	956
ENSP00000364898	SYK	431	QLDNPYIVRMI		psite	956
ENSP00000364898	SYK	525	RADENYYKAQT	SYK	hprd;pelm;psite	956
ENSP00000262033	PTGES3	14	YDRRDYVFIEF		psite	556
ENSP00000363031	THEMIS2	632	DDEHDYEEILE		psite	489
ENSP00000261740	TRPV4	110	DSLFDYGTYRH		psite	626
ENSP00000261740	TRPV4	508	RTTVDYLRLAG		hprd;psite	626
ENSP00000344818	UBC	59	RTLSDYNIQKE		psite	653
ENSP00000360916	VAV2	142	NDDDVYRSLEE	EGFR;LCK	hprd;pelm;psite	908
ENSP00000360916	VAV2	172	GGDDIYEDIIK	EGFR;LCK	hprd;pelm;psite	908
ENSP00000282441	YAP1	407	LSMSSYSVPRT	ABL1	hprd;psite	800
ENSP00000324740	YES1	146	YIPSNYVAPAD		psite	902
ENSP00000324740	YES1	426	IEDNEYTARQG	YES1	hprd;pelm;psite	902
ENSP00000264972	ZAP70	126	AMVRDYVRQTW	ZAP70	hprd;pelm;psite	902
ENSP00000264972	ZAP70	221	DKAGKYCIPEG		psite	902
ENSP00000264972	ZAP70	315	MDTSVYESPYS	ZAP70	hprd;pelm;psite	902
ENSP00000264972	ZAP70	319	VYESPYSDPEE	ABL1;ZAP70	hprd;pelm;psite	902
ENSP00000264972	ZAP70	397	QLDNPYIVRLI		psite	902
ENSP00000264972	ZAP70	492	GADDSYYTARS	LCK;ZAP70	hprd;pelm;psite	902
ENSP00000264972	ZAP70	493	ADDSYYTARSA	LCK;ZAP70	hprd;pelm;psite	902
ENSP00000264033	CBL	337	FREGFYLFPDG		pelm	996
ENSP00000338799	IL6ST	683	SKDQMYSDGNF		pelm	963
ENSP00000261740	TRPV4	411	FKDWAYGPVYS		hprd;pelm	626
ENSP00000005587	SKAP2	325	RGDVIYILSKE		hprd	633
