name	HIPK1
id	ENSP00000358571
type	Serine/threonine kinase
proline+1_removed	No
npartners	15
npartners_with_sites	13
nsites	105
//
motif	score	fg_matches	fg_size	bg_matches	bg_size	fold_increase
...P.[ST]P.Y..	625.19	15	270	1	10000	555.56
..P.Y[ST]P....	623.58	13	255	0	9999	Inf
P.Y..[ST]....S	326.53	11	190	0	9383	Inf
.....[ST]P....	14.57	52	242	616	9999	3.49
//
prot_id	prot_name	position	flank	kinase	source	string_score
ENSP00000300305	RUNX1	41	TSRRFTPPSTA		hprd;pelm;psite	622
ENSP00000300305	RUNX1	48	PSTALSPGKMS		hprd;pelm;psite	622
ENSP00000300305	RUNX1	239	TAMRVSPHHPA		psite	622
ENSP00000300305	RUNX1	246	HHPAPTPNPRA		psite	622
ENSP00000300305	RUNX1	276	RQIQPSPPWSY	CDK1;CDK2;CDK6;HIPK2;MAPK1;MAPK3	hprd;psite	622
ENSP00000300305	RUNX1	293	LGSIASPSVHP	CDK1;CDK2;CDK6;MAPK1;MAPK3	psite	622
ENSP00000300305	RUNX1	300	SVHPATPISPG	CDK1;CDK2;CDK6;HIPK2;MAPK1;MAPK3	psite	622
ENSP00000300305	RUNX1	303	PATPISPGRAS	CDK1;CDK2;CDK6;HIPK2;MAPK1;MAPK3	hprd;psite	622
ENSP00000300305	RUNX1	424	VGGERSPPRIL	CDK1	psite	622
ENSP00000300305	RUNX1	462	GSHSNSPTNMA	MAPK1;MAPK3	psite	622
ENSP00000264157	CCNT2	426	GPISTTPGIIP		psite	846
ENSP00000264157	CCNT2	480	SSSVTSPIKMK		hprd;pelm;psite	846
ENSP00000264157	CCNT2	549	KSKHSSPHISR		hprd;psite	846
ENSP00000264157	CCNT2	601	PTVLRSPVGLS		hprd;psite	846
ENSP00000266000	DAXX	178	NTASQSPRTRG		hprd;pelm;psite	964
ENSP00000404623	DAXX	178	NTASQSPRTRG		hprd;pelm;psite	912
ENSP00000266000	DAXX	408	SHSADTPEASL		psite	964
ENSP00000404623	DAXX	408	SHSADTPEASL		psite	912
ENSP00000266000	DAXX	495	KDGDKSPMSSL		hprd;pelm;psite	964
ENSP00000404623	DAXX	495	KDGDKSPMSSL		hprd;pelm;psite	912
ENSP00000266000	DAXX	668	ICTLPSPPSPL		hprd;pelm;psite	964
ENSP00000404623	DAXX	668	ICTLPSPPSPL		hprd;pelm;psite	912
ENSP00000266000	DAXX	671	LPSPPSPLASL		hprd;pelm;psite	964
ENSP00000404623	DAXX	671	LPSPPSPLASL		hprd;pelm;psite	912
ENSP00000266000	DAXX	688	STRVDSPSHGL		hprd;pelm;psite	964
ENSP00000404623	DAXX	688	STRVDSPSHGL		hprd;pelm;psite	912
ENSP00000266000	DAXX	702	SLCIPSPARLS		hprd;pelm;psite	964
ENSP00000404623	DAXX	702	SLCIPSPARLS		hprd;pelm;psite	912
ENSP00000266000	DAXX	709	ARLSQTPHSQP		hprd;pelm;psite	964
ENSP00000404623	DAXX	709	ARLSQTPHSQP		hprd;pelm;psite	912
ENSP00000238647	IRF2BPL	69	FQDGRSPGPPP		hprd;pelm;psite	619
ENSP00000238647	IRF2BPL	215	ELNRQSPNSSS		hprd;pelm;psite	619
ENSP00000238647	IRF2BPL	547	RKRKASPEPPD		hprd;pelm;psite	619
ENSP00000238647	IRF2BPL	639	LGTAHSPKDGS		hprd;psite	619
ENSP00000238647	IRF2BPL	659	RRNSSSPVSPA		hprd;pelm;psite	619
ENSP00000238647	IRF2BPL	662	SSSPVSPASVP		hprd;pelm;psite	619
ENSP00000327758	NKX2-5	78	LGRAPSPAKCA		psite	621
ENSP00000269305	TP53	33	ENNVLSPLPSQ	CDK5;CDK7;CDK9;MAPK14;PRKDC	hprd;pelm;psite	695
ENSP00000269305	TP53	46	DDLMLSPDDIE	ATM;CDK5;DYRK2;HIPK2;MAPK14;PRKCD;PRKDC	hprd;pelm;psite	695
ENSP00000269305	TP53	81	APAAPTPAAPA	MAPK8	hprd;psite	695
ENSP00000269305	TP53	150	LWVDSTPPPGT	CSNK2A1	psite	695
ENSP00000269305	TP53	315	NNTSSSPQPKK	AURKA;CDK1;CDK2;CDK9	hprd;pelm;psite	695
ENSP00000268058	PML	8	PAPARSPRPQQ	HIPK2	pelm;psite	529
ENSP00000268058	PML	36	EGRQPSPSPSP	HIPK2	hprd;pelm;psite	529
ENSP00000268058	PML	38	RQPSPSPSPTE	HIPK2	hprd;pelm;psite	529
ENSP00000268058	PML	40	PSPSPSPTERA	MAPK1;MAPK3	hprd;pelm;psite	529
ENSP00000268058	PML	403	VSKKASPEAAS	MAPK7	hprd;pelm;psite	529
ENSP00000268058	PML	409	PEAASTPRDPI	MAPK7	hprd;pelm;psite	529
ENSP00000268058	PML	505	RLARSSPEQPR		hprd;pelm;psite	529
ENSP00000268058	PML	518	TSKAVSPPHLD		hprd;pelm;psite	529
ENSP00000268058	PML	527	LDGPPSPRSPV	MAPK1;MAPK3	hprd;pelm;psite	529
ENSP00000268058	PML	530	PPSPRSPVIGS	MAPK1;MAPK3	hprd;pelm;psite	529
ENSP00000268058	PML	867	AEGVSTPLAGR		psite	529
ENSP00000314949	POLR2A	27	QFGVLSPDELK		psite	621
ENSP00000314949	POLR2A	217	KKILLSPERVH		psite	621
ENSP00000314949	POLR2A	1616	QSPSYSPTSPS	BRD4;CDK7;CDK9;PRKDC	pelm;psite	621
ENSP00000314949	POLR2A	1618	PSYSPTSPSYS	CDK9	psite	621
ENSP00000314949	POLR2A	1619	SYSPTSPSYSP	CDK7;CDK9;MAPK1;MAPK3	pelm;psite	621
ENSP00000314949	POLR2A	1812	SSPRYTPQSPT		psite	621
ENSP00000314949	POLR2A	1815	RYTPQSPTYTP		psite	621
ENSP00000314949	POLR2A	1819	QSPTYTPSSPS		psite	621
ENSP00000314949	POLR2A	1821	PTYTPSSPSYS		psite	621
ENSP00000314949	POLR2A	1822	TYTPSSPSYSP		psite	621
ENSP00000314949	POLR2A	1828	PSYSPSSPSYS		psite	621
ENSP00000314949	POLR2A	1829	SYSPSSPSYSP		psite	621
ENSP00000314949	POLR2A	1833	SSPSYSPASPK		psite	621
ENSP00000314949	POLR2A	1836	SYSPASPKYTP		psite	621
ENSP00000314949	POLR2A	1842	PKYTPTSPSYS		psite	621
ENSP00000314949	POLR2A	1843	KYTPTSPSYSP		hprd;psite	621
ENSP00000314949	POLR2A	1847	TSPSYSPSSPE		hprd;pelm;psite	621
ENSP00000314949	POLR2A	1850	SYSPSSPEYTP		hprd;pelm;psite	621
ENSP00000314949	POLR2A	1854	SSPEYTPTSPK		psite	621
ENSP00000314949	POLR2A	1856	PEYTPTSPKYS		hprd;pelm;psite	621
ENSP00000314949	POLR2A	1857	EYTPTSPKYSP		hprd;psite	621
ENSP00000314949	POLR2A	1861	TSPKYSPTSPK		hprd;psite	621
ENSP00000314949	POLR2A	1863	PKYSPTSPKYS		hprd;psite	621
ENSP00000314949	POLR2A	1864	KYSPTSPKYSP		hprd;psite	621
ENSP00000314949	POLR2A	1868	TSPKYSPTSPK		hprd;psite	621
ENSP00000314949	POLR2A	1875	TSPKYSPTSPT		hprd;psite	621
ENSP00000314949	POLR2A	1877	PKYSPTSPTYS		hprd;psite	621
ENSP00000314949	POLR2A	1878	KYSPTSPTYSP		hprd;pelm;psite	621
ENSP00000314949	POLR2A	1882	TSPTYSPTTPK	CDK2	hprd;psite	621
ENSP00000314949	POLR2A	1884	PTYSPTTPKYS	CDK2	hprd;psite	621
ENSP00000314949	POLR2A	1885	TYSPTTPKYSP	CDK2	hprd;pelm;psite	621
ENSP00000314949	POLR2A	1889	TTPKYSPTSPT		hprd;psite	621
ENSP00000314949	POLR2A	1891	PKYSPTSPTYS		hprd;pelm;psite	621
ENSP00000314949	POLR2A	1892	KYSPTSPTYSP		hprd;pelm;psite	621
ENSP00000314949	POLR2A	1896	TSPTYSPTSPV		hprd;pelm;psite	621
ENSP00000314949	POLR2A	1899	TYSPTSPVYTP		hprd;psite	621
ENSP00000314949	POLR2A	1903	TSPVYTPTSPK		hprd;psite	621
ENSP00000314949	POLR2A	1905	PVYTPTSPKYS		hprd;pelm;psite	621
ENSP00000314949	POLR2A	1906	VYTPTSPKYSP		hprd;psite	621
ENSP00000314949	POLR2A	1910	TSPKYSPTSPT		psite	621
ENSP00000314949	POLR2A	1913	KYSPTSPTYSP		hprd;pelm;psite	621
ENSP00000314949	POLR2A	1917	TSPTYSPTSPK	CDK2	hprd;pelm;psite	621
ENSP00000314949	POLR2A	1919	PTYSPTSPKYS		pelm;psite	621
ENSP00000314949	POLR2A	1920	TYSPTSPKYSP	CDK1	pelm;psite	621
ENSP00000314949	POLR2A	1931	TSPTYSPTSPK		pelm;psite	621
ENSP00000314949	POLR2A	1933	PTYSPTSPKGS		pelm;psite	621
ENSP00000314949	POLR2A	1934	TYSPTSPKGST	CDK1	hprd;pelm;psite	621
ENSP00000314949	POLR2A	1951	GYSPTSPTYSL		psite	621
ENSP00000324897	UBE2I	71	DDYPSSPPKCK	CDK1	psite	401
ENSP00000347443	RASSF5	182	SRDRPSPESTL		hprd	621
ENSP00000314949	POLR2A	1962	TSPAISPDDSD		hprd	621
ENSP00000238647	IRF2BPL	611	HSNRTTPPESA		hprd	619
