name	HIPK2
id	ENSP00000263551
type	Serine/threonine kinase
proline+1_removed	No
npartners	88
npartners_with_sites	76
nsites	315
//
motif	score	fg_matches	fg_size	bg_matches	bg_size	fold_increase
.....[ST]P....	307.65	232	811	617	10000	4.64
..R..[ST].....	9.83	69	579	483	9383	2.32
//
prot_id	prot_name	position	flank	kinase	source	string_score
ENSP00000300305	RUNX1	41	TSRRFTPPSTA		hprd;pelm;psite	682
ENSP00000300305	RUNX1	48	PSTALSPGKMS		hprd;pelm;psite	682
ENSP00000300305	RUNX1	239	TAMRVSPHHPA		psite	682
ENSP00000300305	RUNX1	246	HHPAPTPNPRA		psite	682
ENSP00000300305	RUNX1	276	RQIQPSPPWSY	CDK1;CDK2;CDK6;HIPK2;MAPK1;MAPK3	hprd;psite	682
ENSP00000300305	RUNX1	293	LGSIASPSVHP	CDK1;CDK2;CDK6;MAPK1;MAPK3	psite	682
ENSP00000300305	RUNX1	300	SVHPATPISPG	CDK1;CDK2;CDK6;HIPK2;MAPK1;MAPK3	psite	682
ENSP00000300305	RUNX1	303	PATPISPGRAS	CDK1;CDK2;CDK6;HIPK2;MAPK1;MAPK3	hprd;psite	682
ENSP00000300305	RUNX1	323	SSRLSTAPDLT		psite	682
ENSP00000300305	RUNX1	424	VGGERSPPRIL	CDK1	psite	682
ENSP00000300305	RUNX1	462	GSHSNSPTNMA	MAPK1;MAPK3	psite	682
ENSP00000262320	AXIN1	60	ETSTATPRRSD		psite	942
ENSP00000262320	AXIN1	77	PEGSASPTPPY		hprd;pelm;psite	942
ENSP00000262320	AXIN1	79	GSASPTPPYLK		psite	942
ENSP00000262320	AXIN1	217	RTGSESPKVCS		hprd;pelm;psite	942
ENSP00000262320	AXIN1	481	QRVLRTPGRQS	CDK5	psite	942
ENSP00000262320	AXIN1	486	TPGRQSPGPGH		psite	942
ENSP00000262320	AXIN1	493	GPGHRSPDSGH		hprd;psite	942
ENSP00000217026	MYBL2	266	LDAVRTPEPLE	CDK2	hprd;pelm;psite	619
ENSP00000217026	MYBL2	282	EDQEGSPPETS		hprd;psite	619
ENSP00000217026	MYBL2	393	ELIPISPSTEV	CDK2	hprd;pelm;psite	619
ENSP00000217026	MYBL2	405	GSGIGTPPSVL	CDK2	hprd;psite	619
ENSP00000217026	MYBL2	421	RRVALSPVTEN		psite	619
ENSP00000217026	MYBL2	452	KTLPFSPSQFL	CDK2	hprd;psite	619
ENSP00000217026	MYBL2	470	TLELESPSLTS		psite	619
ENSP00000217026	MYBL2	476	PSLTSTPVCSQ		psite	619
ENSP00000217026	MYBL2	487	KVVVTTPLHRD	CDK2	hprd;pelm;psite	619
ENSP00000217026	MYBL2	494	LHRDKTPLHQK	CDK2	hprd;pelm;psite	619
ENSP00000217026	MYBL2	505	HAAFVTPDQKY		psite	619
ENSP00000217026	MYBL2	518	DNTPHTPTPFK	CDK2	hprd;psite	619
ENSP00000217026	MYBL2	520	TPHTPTPFKNA	CDK2	hprd;psite	619
ENSP00000217026	MYBL2	538	KPLPQTPHLEE		psite	619
ENSP00000379475	DDX39B	172	HIVVGTPGRIL		hprd;pelm;psite	786
ENSP00000262367	CREBBP	78	LLRGGSGSSIN		psite	751
ENSP00000262367	CREBBP	93	NVSASSPVQQG		psite	751
ENSP00000262367	CREBBP	121	SAMGKSPLSQG		hprd;pelm;psite	751
ENSP00000262367	CREBBP	1076	ASQSTSPSQPR		hprd;psite	751
ENSP00000262367	CREBBP	1763	EPQSKSPQESR		hprd;psite	751
ENSP00000262367	CREBBP	2063	PPRSISPSALQ		hprd;pelm;psite	751
ENSP00000262367	CREBBP	2076	LRTLKSPSSPQ		hprd;pelm;psite	751
ENSP00000262367	CREBBP	2079	LKSPSSPQQQQ		hprd;pelm;psite	751
ENSP00000262367	CREBBP	2351	PAPVQSPRPQS		psite	751
ENSP00000262367	CREBBP	2356	SPRPQSQPPHS		psite	751
ENSP00000262367	CREBBP	2364	PHSSPSPRIQP		psite	751
ENSP00000288207	CCNB2	8	LLRRPTVSSDL		psite	925
ENSP00000288207	CCNB2	92	APKGPSPTPED		hprd;pelm;psite	925
ENSP00000288207	CCNB2	94	KGPSPTPEDVS		hprd;pelm;psite	925
ENSP00000288207	CCNB2	392	VKDLASPLIGR		hprd;psite	925
ENSP00000309181	CCNE2	21	PSQTESPQEAQ		hprd;pelm;psite	927
ENSP00000309181	CCNE2	67	LSGGISPCIII		psite	927
ENSP00000309181	CCNE2	74	CIIIETPHKEI		psite	927
ENSP00000309181	CCNE2	383	KGGQLSPVCNG		hprd;psite	927
ENSP00000309181	CCNE2	392	NGGIMTPPKST		hprd;pelm;psite	927
ENSP00000253475	CHMP1A	65	VPRRRSGLQGA		psite	655
ENSP00000253475	CHMP1A	233	ATLRLSPARPA		hprd;psite	655
ENSP00000297265	CHMP4C	214	RSRAASSQRAE		psite	402
ENSP00000290921	CTBP1	100	IVRIGSGFDNI		psite	457
ENSP00000290921	CTBP1	144	LYRRATWLHQA		psite	457
ENSP00000290921	CTBP1	158	GTRVQSVEQIR	PAK1;PRKAA1	psite	457
ENSP00000290921	CTBP1	422	PPHAPSPGQTV	HIPK2;MAPK8	hprd;psite	457
ENSP00000311825	CTBP2	704	GTRVQSVEQIR		psite	451
ENSP00000311825	CTBP2	185	QSRAASPGRYG		hprd;pelm;psite	451
ENSP00000266000	DAXX	178	NTASQSPRTRG		hprd;pelm;psite	987
ENSP00000404623	DAXX	178	NTASQSPRTRG		hprd;pelm;psite	925
ENSP00000266000	DAXX	408	SHSADTPEASL		psite	987
ENSP00000404623	DAXX	408	SHSADTPEASL		psite	925
ENSP00000266000	DAXX	495	KDGDKSPMSSL		hprd;pelm;psite	987
ENSP00000404623	DAXX	495	KDGDKSPMSSL		hprd;pelm;psite	925
ENSP00000266000	DAXX	654	VERQRSVHEKN		psite	987
ENSP00000404623	DAXX	654	VERQRSVHEKN		psite	925
ENSP00000266000	DAXX	668	ICTLPSPPSPL		hprd;pelm;psite	987
ENSP00000404623	DAXX	668	ICTLPSPPSPL		hprd;pelm;psite	925
ENSP00000266000	DAXX	671	LPSPPSPLASL		hprd;pelm;psite	987
ENSP00000404623	DAXX	671	LPSPPSPLASL		hprd;pelm;psite	925
ENSP00000266000	DAXX	688	STRVDSPSHGL		hprd;pelm;psite	987
ENSP00000404623	DAXX	688	STRVDSPSHGL		hprd;pelm;psite	925
ENSP00000266000	DAXX	702	SLCIPSPARLS		hprd;pelm;psite	987
ENSP00000404623	DAXX	702	SLCIPSPARLS		hprd;pelm;psite	925
ENSP00000266000	DAXX	709	ARLSQTPHSQP		hprd;pelm;psite	987
ENSP00000404623	DAXX	709	ARLSQTPHSQP		hprd;pelm;psite	925
ENSP00000242776	DDX39A	171	HVVVGTPGRIL		hprd;pelm;psite	786
ENSP00000242776	DDX39A	183	LVRNRSFSLKN		psite	786
ENSP00000242776	DDX39A	217	EIFRLTPHEKQ		psite	786
ENSP00000381932	DYRK1A	529	SGRARSDPTHQ	DYRK1A	hprd;psite	647
ENSP00000381932	DYRK1A	555	DCETHSPQVRQ		psite	647
ENSP00000381932	DYRK1A	748	ADREESPMTGV		hprd;psite	647
ENSP00000381932	DYRK1A	758	VCVQQSPVASS		hprd;psite	647
ENSP00000281708	FBXW7	205	VPCSATPTTFG		psite	926
ENSP00000281708	FBXW7	227	RRRITSVQPPT	SGK1	psite	926
ENSP00000281708	FBXW7	349	PGFIHSPWKSA	PLK2	psite	926
ENSP00000358151	HIST2H2BE	37	RSRKESYSIYV		psite	640
ENSP00000338018	HIF1A	641	KILIASPSPTH	MAPK1	psite	838
ENSP00000338018	HIF1A	643	LIASPSPTHIH	MAPK1	psite	838
ENSP00000338018	HIF1A	657	TSATSSPYRDT	PLK3	psite	838
ENSP00000338018	HIF1A	668	QSRTASPNRAG	CDK1	psite	838
ENSP00000308227	HMGA1	36	KQPPVSPGTAL	CDK1;CDK2;HIPK2	hprd;psite	978
ENSP00000308227	HMGA1	53	PSEVPTPKRPR	CDK1;HIPK2	hprd;pelm;psite	978
ENSP00000308227	HMGA1	76	KTRKTTTTPGR		psite	978
ENSP00000308227	HMGA1	78	RKTTTTPGRKP	CDK1;HIPK2	hprd;pelm;psite	978
ENSP00000265165	LEF1	132	SNGSLSPPIPR		psite	879
ENSP00000265165	LEF1	155	AVHPLTPLITY	NLK	hprd;pelm;psite	879
ENSP00000265165	LEF1	166	SDEHFSPGSHP	NLK	hprd;pelm;psite	879
ENSP00000265165	LEF1	200	TFYPLSPGGVG		psite	879
ENSP00000265165	LEF1	208	GVGQITPPLGW		psite	879
ENSP00000302177	MBOAT2	474	QRRKNTHENIQ		psite	500
ENSP00000229854	MCM3	112	GSKHVSPRTLT		psite	925
ENSP00000229854	MCM3	160	IERRYSDLTTL	DAPK1	hprd;pelm;psite	925
ENSP00000229854	MCM3	611	DTARTSPVTAR		psite	925
ENSP00000229854	MCM3	722	MPQVHTPKTAD	CDK2	hprd;pelm;psite	925
ENSP00000417281	MDM2	164	VSRPSTSSRRR		psite	803
ENSP00000417281	MDM2	172	RRRAISETEEN	AKT1;CSNK1D;DAPK3;MAPKAPK2;PIM1	hprd;pelm;psite	803
ENSP00000417281	MDM2	192	RKRHKSDSISL	AKT1;DAPK3;PIM1	hprd;pelm;psite	803
ENSP00000417281	MDM2	425	FEREETQDKEE	CSNK1D	psite	803
ENSP00000356150	MDM4	96	SVKDPSPLYDM	CDK1	psite	408
ENSP00000356150	MDM4	367	CRRTISAPVVR	AKT1;CHEK1;CHEK2	hprd;psite	408
ENSP00000395535	MECP2	92	PEASASPKQRR		hprd;pelm;psite	621
ENSP00000395535	MECP2	228	RVLEKSPGKLL		hprd;psite	621
ENSP00000395535	MECP2	241	MPFQTSPGGKA		hprd;psite	621
ENSP00000395535	MECP2	369	KGRSSSASSPP		psite	621
ENSP00000395535	MECP2	372	SSSASSPPKKE		psite	621
ENSP00000382423	MAP3K1	21	GARATSPEAGG		psite	633
ENSP00000382423	MAP3K1	154	PAAEPSPAAAP		psite	633
ENSP00000382423	MAP3K1	232	HLAAESPGEVQ		psite	633
ENSP00000382423	MAP3K1	242	QASAASPASKG		psite	633
ENSP00000382423	MAP3K1	250	SKGRRSPSPGN		psite	633
ENSP00000382423	MAP3K1	252	GRRSPSPGNSP		psite	633
ENSP00000382423	MAP3K1	275	RRKRVSPVPFQ		psite	633
ENSP00000382423	MAP3K1	285	QSGRITPPRRA		psite	633
ENSP00000382423	MAP3K1	292	PRRAPSPDGFS		pelm;psite	633
ENSP00000382423	MAP3K1	297	SPDGFSPYSPE		pelm;psite	633
ENSP00000382423	MAP3K1	300	GFSPYSPEETN		pelm;psite	633
ENSP00000382423	MAP3K1	507	SHELSSPVDSP		pelm;psite	633
ENSP00000382423	MAP3K1	511	SSPVDSPSSLR		pelm;psite	633
ENSP00000382423	MAP3K1	665	AMLVYTPCHSL		psite	633
ENSP00000382423	MAP3K1	1016	PCRIPSASPQT		psite	633
ENSP00000382423	MAP3K1	1018	RIPSASPQTQR		psite	633
ENSP00000382423	MAP3K1	1026	TQRKFSLQFHR		psite	633
ENSP00000382423	MAP3K1	1043	DSDKLSPVFTQ		psite	633
ENSP00000382423	MAP3K1	1114	DETVFTPVEEK		psite	633
ENSP00000382423	MAP3K1	1157	EVAVLSPEKAE		psite	633
ENSP00000303398	MTBP	635	KTFVLTPELSP		psite	401
ENSP00000303398	MTBP	639	LTPELSPGKLQ		hprd;psite	401
ENSP00000303398	MTBP	703	VPTVLSPLPSP		psite	401
ENSP00000303398	MTBP	707	LSPLPSPVVSS		psite	401
ENSP00000339992	MYB	587	ESSPRTPTPFK		psite	868
ENSP00000339992	MYB	653	KQEVESPTDKS	MAPK1;MAPK3	hprd;pelm;psite	868
ENSP00000339992	MYB	720	NRSLASPLQPC		psite	868
ENSP00000346879	NKX2-1	284	QAQQQSPRRVA		psite	621
ENSP00000327758	NKX2-5	78	LGRAPSPAKCA		psite	621
ENSP00000327758	NKX2-5	164	QQRYLSAPERD	CSNK2A1	hprd;psite	621
ENSP00000370253	NKX3-1	48	GGRTSSQRQRD	PRKCA	psite	621
ENSP00000384625	NLK	298	ESRHMTQEVVT		hprd;psite	656
ENSP00000384625	NLK	522	SEMPPSPLVWE		psite	656
ENSP00000234296	ORC2	116	SELAKTPQKSV	CDK2	hprd;pelm;psite	925
ENSP00000234296	ORC2	226	PVGKETPSKRM	CDK2	hprd;psite	925
ENSP00000234296	ORC2	236	MKRDKTSDLVE		psite	925
ENSP00000234296	ORC2	280	LLSKVSPSFSA		hprd;pelm;psite	925
ENSP00000244741	CDKN1A	57	DFVTETPLEGD	GSK3B;MAPK1;MAPK14;MAPK8	hprd;pelm;psite	941
ENSP00000244741	CDKN1A	98	RRPGTSPALLQ	MAP3K5	pelm;psite	941
ENSP00000244741	CDKN1A	130	EQAEGSPGGPG	CDK2;CDK6;MAPK1;MAPK14;MAPK8	hprd;pelm;psite	941
ENSP00000244741	CDKN1A	145	RKRRQTSMTDF	AKT1;DAPK3;PIM1;PIM2;PRKCA	hprd;pelm;psite	941
ENSP00000244741	CDKN1A	146	KRRQTSMTDFY	AKT1;PIM1;PIM2;PRKCA	hprd;pelm;psite	941
ENSP00000263253	EP300	89	LLRSGSSPNLN	PRKAA1;PRKCA;PRKCD	hprd;pelm;psite	672
ENSP00000263253	EP300	285	LSNNLSPFAMD		hprd;psite	672
ENSP00000263253	EP300	317	QPGLVTPVAQG	MAPK1	psite	672
ENSP00000263253	EP300	831	ALHQNSPSPVP		psite	672
ENSP00000263253	EP300	833	HQNSPSPVPSR		psite	672
ENSP00000263253	EP300	839	PVPSRTPTPHH		psite	672
ENSP00000263253	EP300	841	PSRTPTPHHTP		psite	672
ENSP00000263253	EP300	845	PTPHHTPPSIG		psite	672
ENSP00000263253	EP300	885	PPPRQTPTPPT		hprd;pelm;psite	672
ENSP00000263253	EP300	887	PRQTPTPPTTQ		hprd;psite	672
ENSP00000263253	EP300	938	PPQPATPLSQP	MAPK1	psite	672
ENSP00000263253	EP300	1038	SATQSSPAPGQ		hprd;psite	672
ENSP00000263253	EP300	1295	AKRLPSTRLGT		psite	672
ENSP00000263253	EP300	1726	AAATQSPGDSR		psite	672
ENSP00000263253	EP300	1834	RRRMASMQRTG	AKT1	hprd;pelm;psite	672
ENSP00000263253	EP300	1960	QMPPMTPMAPM	MAPK1	psite	672
ENSP00000263253	EP300	2039	GQVGISPLKPG		psite	672
ENSP00000263253	EP300	2279	QPNPMSPQQHM	MAPK1	psite	672
ENSP00000263253	EP300	2309	SNQVRSPQPVP		psite	672
ENSP00000263253	EP300	2315	PQPVPSPRPQS	MAPK1	psite	672
ENSP00000263253	EP300	2320	SPRPQSQPPHS		psite	672
ENSP00000263253	EP300	2328	PHSSPSPRMQP		psite	672
ENSP00000263253	EP300	2366	QGHFASPDQNS	MAPK1	psite	672
ENSP00000269305	TP53	33	ENNVLSPLPSQ	CDK5;CDK7;CDK9;MAPK14;PRKDC	hprd;pelm;psite	999
ENSP00000269305	TP53	46	DDLMLSPDDIE	ATM;CDK5;DYRK2;HIPK2;MAPK14;PRKCD;PRKDC	hprd;pelm;psite	999
ENSP00000269305	TP53	81	APAAPTPAAPA	MAPK8	hprd;psite	999
ENSP00000269305	TP53	150	LWVDSTPPPGT	CSNK2A1	psite	999
ENSP00000269305	TP53	315	NNTSSSPQPKK	AURKA;CDK1;CDK2;CDK9	hprd;pelm;psite	999
ENSP00000269305	TP53	366	GSRAHSSHLKS	CHEK2	hprd;psite	999
ENSP00000264731	TP63	51	TNEFLSPEVFQ	IKBKB	psite	656
ENSP00000264731	TP63	491	QRNALTPTTIP	CDK2	psite	656
ENSP00000367545	TP73	86	SASPYTPEHAA	CDK1;CDK2	hprd;pelm;psite	929
ENSP00000368401	PAX6	387	SYDTYTPPHMQ	HIPK2	hprd;psite	924
ENSP00000268058	PML	8	PAPARSPRPQQ	HIPK2	pelm;psite	430
ENSP00000268058	PML	36	EGRQPSPSPSP	HIPK2	hprd;pelm;psite	430
ENSP00000268058	PML	38	RQPSPSPSPTE	HIPK2	hprd;pelm;psite	430
ENSP00000268058	PML	40	PSPSPSPTERA	MAPK1;MAPK3	hprd;pelm;psite	430
ENSP00000268058	PML	403	VSKKASPEAAS	MAPK7	hprd;pelm;psite	430
ENSP00000268058	PML	409	PEAASTPRDPI	MAPK7	hprd;pelm;psite	430
ENSP00000268058	PML	480	QKRKCSQTQCP		psite	430
ENSP00000268058	PML	505	RLARSSPEQPR		hprd;pelm;psite	430
ENSP00000268058	PML	518	TSKAVSPPHLD		hprd;pelm;psite	430
ENSP00000268058	PML	527	LDGPPSPRSPV	MAPK1;MAPK3	hprd;pelm;psite	430
ENSP00000268058	PML	530	PPSPRSPVIGS	MAPK1;MAPK3	hprd;pelm;psite	430
ENSP00000268058	PML	867	AEGVSTPLAGR		psite	430
ENSP00000366413	POU4F1	39	RACLPTPPLQS		psite	492
ENSP00000366413	POU4F1	122	LDHISSPSLAL		psite	492
ENSP00000011619	RANBP9	467	CLGGRSPKSQD		psite	644
ENSP00000011619	RANBP9	477	DSYPVSPRPFS		hprd;pelm;psite	644
ENSP00000011619	RANBP9	482	SPRPFSSPSMS		hprd;pelm;psite	644
ENSP00000011619	RANBP9	483	PRPFSSPSMSP		hprd;pelm;psite	644
ENSP00000011619	RANBP9	487	SSPSMSPSHGM		hprd;pelm;psite	644
ENSP00000348577	RANGAP1	409	GEKSATPSRKI	CDK1	pelm;psite	429
ENSP00000348577	RANGAP1	428	APVLSSPPPAD		hprd;pelm;psite	429
ENSP00000348577	RANGAP1	442	FLAFPSPEKLL		hprd;pelm;psite	429
ENSP00000394791	SENP1	102	QWRNSTPSSSS		psite	678
ENSP00000394791	SENP1	157	IKPVPSPSWSG		hprd;pelm;psite	678
ENSP00000394791	SENP1	170	RRSLLSPKKTQ		hprd;psite	678
ENSP00000394791	SENP1	180	QRRHVSTAEET		psite	678
ENSP00000296257	SENP2	32	LKRRRSDSTLF		psite	893
ENSP00000296257	SENP2	34	RRRSDSTLFST		psite	893
ENSP00000296257	SENP2	168	GGRRHSKGNPE		psite	893
ENSP00000296257	SENP2	333	RLRLGSGSNGL		hprd;psite	893
ENSP00000296257	SENP2	344	LRRKVSIIETK	CHEK1	psite	893
ENSP00000322457	SIAH2	26	PQPQHTPSPAA	DYRK2	psite	747
ENSP00000322457	SIAH2	28	PQHTPSPAAPP	DYRK2;HIPK2	psite	747
ENSP00000322457	SIAH2	68	GAGPVSPQHHE	DYRK2	psite	747
ENSP00000322457	SIAH2	119	CRGALTPSIRN	DYRK2	psite	747
ENSP00000322457	SIAH2	167	EYRPYSCPCPG		psite	747
ENSP00000367797	SKI	103	TERCETVLEGE		psite	756
ENSP00000367797	SKI	383	AFRPWSPAVSA		psite	756
ENSP00000367797	SKI	394	SEKELSPHLPA		psite	756
ENSP00000367797	SKI	432	QKVVSSPPCAA		hprd;psite	756
ENSP00000367797	SKI	458	RKRKLTVDTPG	AKT1	psite	756
ENSP00000367797	SKI	515	AKDLGSPGARA		psite	756
ENSP00000305769	SMAD1	132	YKRVESPVLPP		psite	733
ENSP00000305769	SMAD1	187	HPFPHSPNSSY	CDK8;CDK9;MAPK1	pelm;psite	733
ENSP00000305769	SMAD1	195	SSYPNSPGSSS	CDK8;CDK9;MAPK1	hprd;pelm;psite	733
ENSP00000305769	SMAD1	206	STYPHSPTSSD	CDK7;CDK8;CDK9;MAPK1	hprd;pelm;psite	733
ENSP00000305769	SMAD1	214	SSDPGSPFQMP	CDK8;CDK9;MAPK1	hprd;pelm;psite	733
ENSP00000305769	SMAD1	322	VNRNSTIENTR		psite	733
ENSP00000262160	SMAD2	8	SILPFTPPVVK	MAPK3	hprd;pelm;psite	654
ENSP00000262160	SMAD2	172	YQRVETPVLPP		psite	654
ENSP00000262160	SMAD2	220	NYIPETPPPGY	MAPK1;MAPK3	hprd;pelm;psite	654
ENSP00000262160	SMAD2	245	SMDTGSPAELS	MAPK1;MAPK3	hprd;pelm;psite	654
ENSP00000262160	SMAD2	250	SPAELSPTTLS	MAPK1;MAPK3	hprd;pelm;psite	654
ENSP00000262160	SMAD2	255	SPTTLSPVNHS	MAPK1;MAPK3	pelm;psite	654
ENSP00000262160	SMAD2	458	LTQMGSPSVRC		hprd;pelm;psite	654
ENSP00000332973	SMAD3	8	SILPFTPPIVK	CDK2;CDK4	hprd;pelm;psite	619
ENSP00000332973	SMAD3	132	YQRVETPVLPP		psite	619
ENSP00000332973	SMAD3	179	SNIPETPPPGY	CDK2;CDK4;CDK8;CDK9;MAPK1	hprd;pelm;psite	619
ENSP00000332973	SMAD3	204	SMDAGSPNLSP	CDK4;MAPK1	hprd;pelm;psite	619
ENSP00000332973	SMAD3	208	GSPNLSPNPMS	CDK4;CDK8;CDK9;MAPK1;MAPK14	hprd;pelm;psite	619
ENSP00000332973	SMAD3	213	SPNPMSPAHNN	CDK2;CDK4;CDK8;CDK9;MAPK1;MAPK14	hprd;pelm;psite	619
ENSP00000332973	SMAD3	388	EYRRQTVTSTP		psite	619
ENSP00000332973	SMAD3	416	LTQMGSPSIRC		hprd;pelm;psite	619
ENSP00000343023	SP100	18	LNECISPVANE		hprd;pelm;psite	767
ENSP00000343023	SP100	39	LQRMFTEDQGV		psite	767
ENSP00000343023	SP100	221	AKRKDTTSDKD		psite	767
ENSP00000343023	SP100	389	DFRKLSTFRES		psite	767
ENSP00000343023	SP100	445	TWRIPSRKRRF		psite	767
ENSP00000343023	SP100	451	RKRRFSSSDFS		hprd;pelm;psite	767
ENSP00000343023	SP100	452	KRRFSSSDFSD		hprd;pelm;psite	767
ENSP00000405965	SUMO2	38	KIKRHTPLSKL		hprd;psite	744
ENSP00000216160	TAB1	378	SQPTPSPAPAA		psite	908
ENSP00000216160	TAB1	431	TLDEATPTLTN	MAPK14	pelm;psite	908
ENSP00000216160	TAB1	438	TLTNQSPTLTL	MAPK14	pelm;psite	908
ENSP00000286332	TAB2	171	SLSQQTPRFNP		psite	899
ENSP00000286332	TAB2	372	VYIAASPPNTD		hprd;pelm;psite	899
ENSP00000286332	TAB2	423	ASRNMSGQVSM		psite	899
ENSP00000286332	TAB2	450	NNSATSPRVVV		hprd;psite	899
ENSP00000286332	TAB2	524	ETRKLSMGSDD		hprd;psite	899
ENSP00000286332	TAB2	582	LKRSNSISQIP		psite	899
ENSP00000358335	MAP3K7	439	QPRRRSIQDLT		hprd;pelm;psite	959
ENSP00000365682	TLE1	259	NEDPSSPRASP		psite	686
ENSP00000365682	TLE1	263	SSPRASPAHSP		psite	686
ENSP00000365682	TLE1	267	ASPAHSPRENG		psite	686
ENSP00000365682	TLE1	286	KDASSSPASTA		hprd;psite	686
ENSP00000365682	TLE1	312	HEKASTPVLKS		psite	686
ENSP00000365682	TLE1	319	VLKSSTPTPRS		psite	686
ENSP00000341268	TRADD	215	VNRPLSLKDQQ		psite	936
ENSP00000388107	UBA52	57	DGRTLSDYNIQ		hprd;psite	429
ENSP00000324897	UBE2I	71	DDYPSSPPKCK	CDK1	psite	988
ENSP00000344818	UBC	57	DGRTLSDYNIQ		hprd;psite	869
ENSP00000224237	VIM	26	ASRPSSSRSYV	PRKCA	hprd;pelm;psite	800
ENSP00000224237	VIM	39	STRTYSLGSAL	AKT1;MAPKAPK2;PRKACA;PRKCA	hprd;pelm;psite	800
ENSP00000224237	VIM	48	ALRPSTSRSLY		hprd;pelm;psite	800
ENSP00000224237	VIM	56	SLYASSPGGVY	CDK1;CDK2;CDK5;MAPKAPK2;PAK1	hprd;pelm;psite	800
ENSP00000224237	VIM	72	AVRLRSSVPGV	PRKACA;ROCK1	hprd;pelm;psite	800
ENSP00000238497	VPS4B	93	KEGQPSPADEK		hprd;psite	507
ENSP00000394757	ZNF516	116	LDACASPTKSA		hprd;pelm;psite	404
ENSP00000217026	MYBL2	577	PGLRRSPIKKV	CDK2	hprd;pelm	619
ENSP00000217026	MYBL2	444	LTPKSTPVKTL	CDK2	hprd;pelm	619
ENSP00000286332	TAB2	482	SPGVVSPTFEL		hprd;pelm	899
ENSP00000286332	TAB2	477	KPPAVSPGVVS		hprd;pelm	899
ENSP00000268058	PML	513	QPRPSTSKAVS		hprd	430
ENSP00000268058	PML	117	LQRRLSVYRQI		hprd	430
ENSP00000262367	CREBBP	274	ITGNTSPFGQP		hprd	751
ENSP00000262367	CREBBP	1771	ESRRLSIQRCI		hprd	751
ENSP00000262367	CREBBP	2372	IQPQPSPHHVS		hprd	751
ENSP00000262367	CREBBP	2377	SPHHVSPQTGS		hprd	751
ENSP00000262367	CREBBP	2382	SPQTGSPHPGL		hprd	751
ENSP00000234296	ORC2	177	VPRSHSDSESE		hprd	925
ENSP00000217026	MYBL2	440	SCNSLTPKSTP	CDK2	hprd	619
ENSP00000217026	MYBL2	515	YSMDNTPHTPT	CDK2	hprd	619
ENSP00000311825	CTBP2	968	PSQAPSPNQPT		hprd	451
ENSP00000263253	EP300	1857	PATPTTPTGQQ		hprd	672
ENSP00000266000	DAXX	97	QQRAHSLFLAS		hprd	987
ENSP00000404623	DAXX	97	QQRAHSLFLAS		hprd	925
ENSP00000368401	PAX6	295	RQASNTPSHIP	HIPK2	hprd	924
ENSP00000368401	PAX6	318	IPQPTTPVSSF	HIPK2	hprd	924
ENSP00000394757	ZNF516	930	FSRSATPTPTV		hprd	404
ENSP00000394757	ZNF516	852	SKSGSSPLGVV		hprd	404
