name	ICK
id	ENSP00000263043
type	Serine/threonine kinase
proline+1_removed	No
npartners	217
npartners_with_sites	148
nsites	512
//
motif	score	fg_matches	fg_size	bg_matches	bg_size	fold_increase
.....[ST]P....	307.65	222	1013	617	10000	3.55
..R..[ST].....	13	94	791	483	9383	2.31
.....[ST]..E..	8.62	89	697	585	8900	1.94
..S..[ST].....	6.35	102	608	848	8315	1.64
//
prot_id	prot_name	position	flank	kinase	source	string_score
ENSP00000225402	AATF	143	KSRSHSAKTPG	CHEK2	psite	750
ENSP00000225402	AATF	146	SHSAKTPGFSV		psite	750
ENSP00000225402	AATF	153	GFSVQSISDFE		psite	750
ENSP00000225402	AATF	155	SVQSISDFEKF		hprd;pelm;psite	750
ENSP00000225402	AATF	189	DDAEDSQGESE	ATM	psite	750
ENSP00000225402	AATF	366	VYRNRTLQKWH		psite	750
ENSP00000225402	AATF	477	IERKTSSLDPN	CHEK2	psite	750
ENSP00000225402	AATF	510	VDRKASKGRKL	CHEK2	psite	750
ENSP00000265724	ABCB1	661	NDSRSSLIRKR	PRKCA	hprd;pelm;psite	515
ENSP00000265724	ABCB1	667	LIRKRSTRRSV	PRKACA;PRKCA	hprd;pelm;psite	515
ENSP00000265724	ABCB1	683	QDRKLSTKEAL	PRKACA	hprd;pelm;psite	515
ENSP00000296577	ABCE1	42	LCIEVTPQSKI		psite	409
ENSP00000296577	ABCE1	328	RFRDASLVFKV		psite	409
ENSP00000296577	ABCE1	417	KPQKISPKSTG		psite	409
ENSP00000296577	ABCE1	423	PKSTGSVRQLL		hprd;psite	409
ENSP00000296577	ABCE1	550	ANSPQTLLAGM		psite	409
ENSP00000295897	ALB	18	FSSAYSRGVFR		psite	425
ENSP00000295897	ALB	92	DKSLHTLFGDK		psite	425
ENSP00000295897	ALB	107	ATLRETYGEMA		psite	425
ENSP00000295897	ALB	379	AKTYETTLEKC		psite	425
ENSP00000295897	ALB	444	VPQVSTPTLVE		psite	425
ENSP00000295897	ALB	446	QVSTPTLVEVS		psite	425
ENSP00000306185	ANTXR2	113	DLKRVSPVGET		psite	540
ENSP00000296456	APEH	187	LDVSASDDEIA		hprd;pelm;psite	516
ENSP00000278616	ATM	86	NVSASTQASRQ		hprd;pelm;psite	817
ENSP00000278616	ATM	373	QSYTTTQRESS		hprd;pelm;psite	817
ENSP00000278616	ATM	794	NCTKKSPNKIA	CDK5	psite	817
ENSP00000278616	ATM	1403	KTKLKSILEIL	AURKB	psite	817
ENSP00000278616	ATM	1878	CLRHFSQTSRS		psite	817
ENSP00000278616	ATM	1885	TSRSTTPANLD	ATM	psite	817
ENSP00000278616	ATM	1891	PANLDSESEHF		psite	817
ENSP00000278616	ATM	2165	KRSLESVYSLY		psite	817
ENSP00000278616	ATM	2168	LESVYSLYPTL		psite	817
ENSP00000278616	ATM	2996	CKRNLSDIDQS	ATM	hprd;psite	817
ENSP00000338072	AVPR2	255	GRRTGSPGEGA	PRKACA	psite	752
ENSP00000336687	CBX3	95	KRKSLSDSESD		hprd;pelm;psite	429
ENSP00000336687	CBX3	102	SESDDSKSKKK		hprd;pelm;psite	429
ENSP00000336687	CBX3	132	IGATDSSGELM		psite	429
ENSP00000336687	CBX3	176	RLTWHSCPEDE		hprd;pelm;psite	429
ENSP00000276014	CCNB3	1331	HYSGYSISELH		psite	424
ENSP00000256509	CHL1	1166	KGSLRSLNRDM		psite	480
ENSP00000346566	CKAP5	816	KMQGQSPPAPT		hprd;pelm;psite	430
ENSP00000346566	CKAP5	1363	NVCQPTPGKAL		psite	430
ENSP00000064724	CLDN11	198	TAGSSSPTHAK		psite	424
ENSP00000297848	COL14A1	989	KISVYTKLQEI		hprd;psite	750
ENSP00000292476	CPSF4	61	PFRHISGEKTV		psite	540
ENSP00000292476	CPSF4	202	LQRSSSLIQLT		hprd;pelm;psite	540
ENSP00000292476	CPSF4	211	LTSQNSSPNQQ		psite	540
ENSP00000292476	CPSF4	212	TSQNSSPNQQR		hprd;pelm;psite	540
ENSP00000264723	CSPG5	467	KFRTPSELHND		psite	460
ENSP00000308928	CYLD	13	QEKVTSPYWEE		psite	543
ENSP00000308928	CYLD	387	EDPAKSLTEIS		psite	543
ENSP00000308928	CYLD	399	DFDRSSPPLQP		hprd;psite	543
ENSP00000308928	CYLD	418	ENRFHSLPFSL	IKBKB	psite	543
ENSP00000308928	CYLD	436	GSIGHSPLSLS	IKBKB	psite	543
ENSP00000308928	CYLD	439	GHSPLSLSAQS	IKBKB	psite	543
ENSP00000308928	CYLD	444	SLSAQSVMEEL	IKBKB	psite	543
ENSP00000308928	CYLD	547	DSRFASLQPVS		psite	543
ENSP00000301764	DDB1	645	TFRSLSTTNVF		psite	609
ENSP00000301764	DDB1	646	FRSLSTTNVFA		psite	609
ENSP00000301764	DDB1	720	VPLYESPRKIC		psite	609
ENSP00000301764	DDB1	1125	MKREATADDLI		psite	609
ENSP00000319651	DMRTA1	435	PRVGISPLRLA		hprd;psite	540
ENSP00000242317	DNAI1	134	AGSQESVKVIS		psite	504
ENSP00000349076	ATN1	34	SRGRASPGGVS		hprd;pelm;psite	427
ENSP00000349076	ATN1	64	VEEASTPKVNK		psite	427
ENSP00000349076	ATN1	77	RSEEISESESE		hprd;pelm;psite	427
ENSP00000349076	ATN1	79	EEISESESEET		hprd;pelm;psite	427
ENSP00000349076	ATN1	101	LPRPQSPSDLD		hprd;pelm;psite	427
ENSP00000349076	ATN1	168	PLFPPSPQPPD		psite	427
ENSP00000349076	ATN1	632	GYKTASPPGPP		hprd;pelm;psite	427
ENSP00000349076	ATN1	645	GKRAPSPGAYK		hprd;pelm;psite	427
ENSP00000349076	ATN1	653	AYKTATPPGYK		hprd;pelm;psite	427
ENSP00000349076	ATN1	661	GYKPGSPPSFR		hprd;pelm;psite	427
ENSP00000349076	ATN1	669	SFRTGTPPGYR		hprd;pelm;psite	427
ENSP00000349076	ATN1	739	YETPESPVPPA	MAPK10;MAPK8	hprd;pelm;psite	427
ENSP00000349076	ATN1	746	VPPARSPSPPP		hprd;pelm;psite	427
ENSP00000349076	ATN1	748	PARSPSPPPKV		hprd;pelm;psite	427
ENSP00000349076	ATN1	896	RPHVMSPGNRN		hprd;psite	427
ENSP00000250454	EAPP	17	AVEEPSDEEPA		hprd;pelm;psite	466
ENSP00000250454	EAPP	24	EEPALSSSEDE		hprd;pelm;psite	466
ENSP00000250454	EAPP	26	PALSSSEDEVD		hprd;pelm;psite	466
ENSP00000250454	EAPP	55	TGESESSSEDE		hprd;psite	466
ENSP00000250454	EAPP	56	GESESSSEDEF		hprd;psite	466
ENSP00000250454	EAPP	57	ESESSSEDEFE		hprd;psite	466
ENSP00000250454	EAPP	109	DIYFDSDSEDE		hprd;pelm;psite	466
ENSP00000250454	EAPP	111	YFDSDSEDEDR		hprd;pelm;psite	466
ENSP00000302051	ECEL1	32	GARGASLPPGF		psite	540
ENSP00000315011	EDNRA	289	NRRNGSLRIAL		psite	434
ENSP00000315011	EDNRA	396	SKSLMTSVPMN		psite	434
ENSP00000263360	EED	34	SNPDLSGDEND		hprd;psite	659
ENSP00000263360	EED	55	TERPDTPTNTP		hprd;psite	659
ENSP00000352673	ELF3	207	GASRSSHSSDS	PAK1	psite	659
ENSP00000262809	ELL	180	SRKRATPINLA		psite	613
ENSP00000262809	ELL	194	RKSGASAVSGG		psite	613
ENSP00000262809	ELL	200	AVSGGSGVSQR		psite	613
ENSP00000262809	ELL	203	GGSGVSQRPFR		psite	613
ENSP00000262809	ELL	309	DPAASSPPGER	MTOR	hprd;pelm;psite	613
ENSP00000262809	ELL	442	SRPHGSPSRSK		hprd;pelm;psite	613
ENSP00000262809	ELL	561	QLRQLSQGSEE		hprd;pelm;psite	613
ENSP00000362299	ENG	640	SESSSTNHSIG	ACVRL1	psite	424
ENSP00000362299	ENG	646	NHSIGSTQSTP	ACVRL1;TGFBR1	psite	424
ENSP00000362299	ENG	649	IGSTQSTPCST	ACVRL1;TGFBR1	psite	424
ENSP00000362299	ENG	650	GSTQSTPCSTS		psite	424
ENSP00000234590	ENO1	40	VPSGASTGIYE		psite	563
ENSP00000234590	ENO1	263	DLDFKSPDDPS		hprd;psite	563
ENSP00000234590	ENO1	272	PSRYISPDQLA		psite	563
ENSP00000229277	ENO2	40	VPSGASTGIYE		psite	649
ENSP00000229277	ENO2	263	DLDFKSPTDPS		psite	649
ENSP00000229277	ENO2	349	VNQIGSVTEAI		psite	649
ENSP00000388340	CLINT1	166	GVSSDSVGGFR		psite	540
ENSP00000388340	CLINT1	227	KDREDSPERCS		hprd;pelm;psite	540
ENSP00000388340	CLINT1	234	ERCSDSDEEKK		hprd;pelm;psite	540
ENSP00000388340	CLINT1	245	ARRGRSPKGEF		hprd;pelm;psite	540
ENSP00000388340	CLINT1	299	TGDKASPDQNA		hprd;pelm;psite	540
ENSP00000388340	CLINT1	308	NASTHTPQSSV		hprd;psite	540
ENSP00000381891	ERG	32	ECAYGTPHLAK		psite	468
ENSP00000381891	ERG	88	NGSRNSPDECS		psite	468
ENSP00000381891	ERG	222	KALQNSPRLMH		psite	468
ENSP00000381891	ERG	283	KAAQPSPSTVP		psite	468
ENSP00000302707	FPR1	325	LERALTEDSTQ		psite	434
ENSP00000302707	FPR1	331	EDSTQTSDTAT	ADRBK1	hprd;pelm;psite	434
ENSP00000248272	GAN	52	ILAAASPYIRT		psite	562
ENSP00000215567	TECR	28	VEPHATIAEIK		hprd;psite	659
ENSP00000284154	GRAP	157	EPLLKSPGACF		psite	462
ENSP00000335620	GSTA1	202	FLQPGSPRKPP		hprd;psite	428
ENSP00000222115	HAS1	571	LCRRRTGGYRV		psite	562
ENSP00000278715	HMBS	15	TAEENSPKMRV		hprd;psite	499
ENSP00000384026	HMGA2	44	PTGEPSPKRPR	CDK1	hprd;pelm;psite	469
ENSP00000384026	HMGA2	101	ETEETSSQESA		hprd;psite	469
ENSP00000297185	HSPA9	22	ASRGPTAARHQ		psite	430
ENSP00000297185	HSPA9	87	EGARTTPSVVA		psite	430
ENSP00000297185	HSPA9	162	HGKLYSPSQIG		psite	430
ENSP00000297185	HSPA9	205	SQRQATKDAGQ		psite	430
ENSP00000297185	HSPA9	408	FGRAPSKAVNP		psite	430
ENSP00000297185	HSPA9	627	LARKDSETGEN		psite	430
ENSP00000258080	HTRA2	54	RVTYGTPSLWA		psite	562
ENSP00000258080	HTRA2	96	RTREASENSGT		psite	562
ENSP00000258080	HTRA2	142	SPPPASPRSQY	MAPK12	psite	562
ENSP00000258080	HTRA2	212	RVRLLSGDTYE	AKT1;AKT2	psite	562
ENSP00000258080	HTRA2	400	KVILGSPAHRA	CDK5	psite	562
ENSP00000364794	IARS	688	NTVRESPNITD		hprd;psite	429
ENSP00000364794	IARS	1047	KPYPVSPSDKV		hprd;pelm;psite	429
ENSP00000334003	INTU	674	DSLTTSPILSR		hprd;psite	750
ENSP00000355988	IRF6	416	TRSFDSGSVRL		psite	430
ENSP00000368881	KIN	247	KESSQSSTQSK		psite	469
ENSP00000368881	KIN	248	ESSQSSTQSKE		psite	469
ENSP00000328236	KNTC1	735	PELIPSILEKF		psite	669
ENSP00000328236	KNTC1	1034	KHKPGSTPEPI		hprd;psite	669
ENSP00000328236	KNTC1	1035	HKPGSTPEPIA		pelm;psite	669
ENSP00000328236	KNTC1	1045	AAEVRSPSMES		pelm;psite	669
ENSP00000264162	LCT	324	FLSCSSSSKKS		psite	514
ENSP00000264162	LCT	326	SCSSSSKKSMS		psite	514
ENSP00000392466	LDB1	61	GIGRHTPYGNQ		hprd;psite	430
ENSP00000392466	LDB1	261	MSRHKTYSLSP		hprd;psite	430
ENSP00000392466	LDB1	265	KTYSLSPRDCL		psite	430
ENSP00000392466	LDB1	302	RKRKMSGGSTM		hprd;psite	430
ENSP00000392466	LDB1	305	KMSGGSTMSSG		psite	430
ENSP00000392466	LDB1	323	NSKKKSPASTF		psite	430
ENSP00000349085	MAGEA1	57	TDPPQSPQGAS		hprd;psite	621
ENSP00000349085	MAGEA1	77	RQRQPSEGSSS		psite	621
ENSP00000349085	MAGEA1	80	QPSEGSSSREE		psite	621
ENSP00000349085	MAGEA1	81	PSEGSSSREEE		psite	621
ENSP00000349085	MAGEA1	82	SEGSSSREEEG		psite	621
ENSP00000348273	MBP	19	KASTNSETNRG		psite	405
ENSP00000348273	MBP	26	TNRGESEKKRN		psite	405
ENSP00000348273	MBP	39	ELSRTTSEDNE		psite	405
ENSP00000348273	MBP	40	LSRTTSEDNEV		psite	405
ENSP00000348273	MBP	96	LIRLFSRDAPG		hprd;pelm;psite	405
ENSP00000348273	MBP	146	SQRHGSKYLAT	PRKCA	hprd;psite	405
ENSP00000348273	MBP	232	IVTPRTPPPSQ	MAPK1;MAPK3	hprd;pelm;psite	405
ENSP00000348273	MBP	249	SLSRFSWGAEG	PRKCA	hprd;psite	405
ENSP00000358022	MCL1	64	GSAGASPPSTL	CDK1;CDK2;MAPK8	psite	752
ENSP00000358022	MCL1	92	PDVTATPARLL	CDK1;MAPK3	psite	752
ENSP00000358022	MCL1	121	ADAIMSPEEEL	MAPK8	hprd;pelm;psite	752
ENSP00000358022	MCL1	163	GSLPSTPPPAE	MAPK1;MAPK3;MAPK8	hprd;pelm;psite	752
ENSP00000368174	MCM8	90	VYSDSSPLIEK		psite	645
ENSP00000368174	MCM8	630	VARMNSQDSNT		psite	645
ENSP00000244711	MEA1	114	DPPLESEDEDE		hprd;pelm;psite	430
ENSP00000394624	OPRM1	356	ILRLKSVRMLS		psite	540
ENSP00000394624	OPRM1	361	SVRMLSGSKEK	CAMK2A	psite	540
ENSP00000394624	OPRM1	465	RIRQNTRDHPS		hprd;psite	540
ENSP00000225275	MPO	428	HNRLATELKSL		psite	510
ENSP00000279242	MRPL49	135	PLLGKTPVTQV		hprd;psite	752
ENSP00000278823	MTA2	52	RRRDISSSLNS		psite	430
ENSP00000278823	MTA2	406	YGGLKTPTQLE		psite	430
ENSP00000278823	MTA2	435	EAQSLSPYTTS	CDK2	hprd;pelm;psite	430
ENSP00000278823	MTA2	438	SLSPYTTSANR	CDK2	pelm;psite	430
ENSP00000278823	MTA2	505	PKAAKTPLKIH		hprd;pelm;psite	430
ENSP00000278823	MTA2	534	PLKPKTPRGTK		hprd;pelm;psite	430
ENSP00000278823	MTA2	540	PRGTKTPINRN		hprd;psite	430
ENSP00000278823	MTA2	587	GIRSSSQPAAK		psite	430
ENSP00000240922	NAA50	12	ELGDVTPHNIK		hprd;pelm;psite	633
ENSP00000357206	NES	315	NSRLQTPGGGS	CDK1	hprd;pelm;psite	516
ENSP00000357206	NES	338	LQFPRTPEGRR		hprd;pelm;psite	516
ENSP00000357206	NES	346	GRRLGSLLPVL		hprd;psite	516
ENSP00000357206	NES	352	LLPVLSPTSLP		hprd;psite	516
ENSP00000357206	NES	355	VLSPTSLPSPL		hprd;psite	516
ENSP00000357206	NES	358	PTSLPSPLPAT		hprd;psite	516
ENSP00000357206	NES	382	FLQARTPTLAS		hprd;pelm;psite	516
ENSP00000357206	NES	384	QARTPTLASTP		hprd;pelm;psite	516
ENSP00000357206	NES	388	PTLASTPIPPT		hprd;pelm;psite	516
ENSP00000357206	NES	398	TPQAPSPAVDA		hprd;pelm;psite	516
ENSP00000357206	NES	459	ASTGQSPEDHA		hprd;psite	516
ENSP00000357206	NES	471	LAPPLSPDHSS		hprd;pelm;psite	516
ENSP00000357206	NES	475	LSPDHSSLEAK		hprd;pelm;psite	516
ENSP00000357206	NES	491	GSRVFSICRGE		psite	516
ENSP00000357206	NES	548	KETLKSLGEEI		hprd;pelm;psite	516
ENSP00000357206	NES	578	QECPRSLEEDL		hprd;pelm;psite	516
ENSP00000357206	NES	680	QEPLRSPEVGD		hprd;pelm;psite	516
ENSP00000357206	NES	746	HKSLRSLEEQD		hprd;pelm;psite	516
ENSP00000357206	NES	768	QQRRRSLGEQD		hprd;pelm;psite	516
ENSP00000357206	NES	823	VKSLETEILES		psite	516
ENSP00000357206	NES	831	LESLKSAGQEN		psite	516
ENSP00000357206	NES	842	LETLKSPETQA		hprd;pelm;psite	516
ENSP00000357206	NES	845	LKSPETQAPLW		hprd;pelm;psite	516
ENSP00000357206	NES	851	QAPLWTPEEIN		hprd;pelm;psite	516
ENSP00000357206	NES	894	QESLRSLGAWN		psite	516
ENSP00000357206	NES	905	LENLRSPEEVD		hprd;pelm;psite	516
ENSP00000357206	NES	934	QESLRSLEEEG		hprd;psite	516
ENSP00000357206	NES	965	ELAQESPPGMA		hprd;psite	516
ENSP00000357206	NES	1016	EGHPESPEPKE		hprd;psite	516
ENSP00000357206	NES	1175	EGREESEAEAP		psite	516
ENSP00000357206	NES	1282	EEGEESREESE		psite	516
ENSP00000357206	NES	1286	ESREESEEDEL		hprd;psite	516
ENSP00000357206	NES	1310	LRSPTSPRWDP		psite	516
ENSP00000357206	NES	1347	LEAPPSEKEEG		hprd;psite	516
ENSP00000357206	NES	1418	ADEEESGEEGE		hprd;pelm;psite	516
ENSP00000357206	NES	1445	GSSVGSLQALS		hprd;psite	516
ENSP00000357206	NES	1492	TESQDSAEPSG		psite	516
ENSP00000357206	NES	1496	DSAEPSGSEEE		psite	516
ENSP00000357206	NES	1498	AEPSGSEEESD		psite	516
ENSP00000357206	NES	1577	EGDRGSPFQEE		psite	516
ENSP00000245441	NIN	254	NGKSLTPSAST		psite	669
ENSP00000245441	NIN	259	TPSASTPYRQL		psite	669
ENSP00000245441	NIN	269	LKRHLSMQSFD		psite	669
ENSP00000245441	NIN	1145	RRHVLSDLEDD		psite	669
ENSP00000245441	NIN	1550	GTLNGSQEEMW		hprd;pelm;psite	669
ENSP00000245441	NIN	1927	ANRKVSQMNSL		psite	669
ENSP00000245441	NIN	2128	APLTSTPPLRS		psite	669
ENSP00000349275	NRG1	440	TPARMSPVDFH		psite	466
ENSP00000381293	NSF	437	ETKNFSGAELE		psite	466
ENSP00000381293	NSF	569	FIKICSPDKMI		psite	466
ENSP00000329448	NUTM1	1029	LASKLSLSPRE		psite	425
ENSP00000329448	NUTM1	1031	SKLSLSPREHP		psite	425
ENSP00000227868	PDHX	162	SEPRPSPEPQI		hprd;psite	540
ENSP00000354737	ECI2	89	LVSSLSPSLES		psite	424
ENSP00000354737	ECI2	107	TDRKSTGFETL		psite	424
ENSP00000354737	ECI2	256	GCSSYTFPKIM		psite	424
ENSP00000417587	PEG10	252	ARKPRSPPRAL		psite	435
ENSP00000417587	PEG10	282	ARMRLTQEEKE		hprd;psite	435
ENSP00000417587	PEG10	316	KASKSSPAGNS		hprd;psite	435
ENSP00000314420	PER1	161	KGRSGTLATLQ		hprd;psite	463
ENSP00000314420	PER1	592	ALPCQSPDPEL		psite	463
ENSP00000314420	PER1	692	SGEGATPRKEP		psite	463
ENSP00000314420	PER1	704	VGGTLSPLALA		hprd;pelm;psite	463
ENSP00000314420	PER1	757	PGPAPSPAPSP		psite	463
ENSP00000314420	PER1	812	LDSSSTAPSAL		psite	463
ENSP00000314420	PER1	979	FNSRCSSPLQL		hprd;pelm;psite	463
ENSP00000314420	PER1	980	NSRCSSPLQLN		hprd;pelm;psite	463
ENSP00000314420	PER1	1103	FGSIDSSEAEA		hprd;psite	463
ENSP00000314420	PER1	1104	GSIDSSEAEAG		hprd;psite	463
ENSP00000314420	PER1	1279	GRSSSSPALPT		hprd;psite	463
ENSP00000300055	PLIN1	81	VVRRLSTQFTA	PRKACA	hprd;psite	534
ENSP00000300055	PLIN1	299	DHEDQTDTEGE		psite	534
ENSP00000300055	PLIN1	301	EDQTDTEGEDT		psite	534
ENSP00000300055	PLIN1	306	TEGEDTEEEEE		psite	534
ENSP00000300055	PLIN1	382	KGRAMSLSDAL		psite	534
ENSP00000300055	PLIN1	497	PKRRVSDSFFR		psite	534
ENSP00000217971	PGRMC1	57	AASGDSDDDEP		hprd;pelm;psite	536
ENSP00000217971	PGRMC1	74	KRRDFTPAELR		hprd;psite	536
ENSP00000217971	PGRMC1	181	EPTVYSDEEEP		hprd;pelm;psite	536
ENSP00000361021	PTEN	229	IYSSNSGPTRR	ROCK1	pelm;psite	442
ENSP00000361021	PTEN	232	SNSGPTRREDK	ROCK1	pelm;psite	442
ENSP00000361021	PTEN	366	SSTSVTPDVSD	CSNK2A1;GSK3B;PLK3	hprd;pelm;psite	442
ENSP00000361021	PTEN	370	VTPDVSDNEPD	CSNK2A1;PLK3	hprd;pelm;psite	442
ENSP00000361021	PTEN	383	RYSDTTDSDPE	CSNK2A1;PRKCZ;STK11	hprd;pelm;psite	442
ENSP00000361021	PTEN	385	SDTTDSDPENE	AKT1;CSNK2A1	hprd;pelm;psite	442
ENSP00000337761	RAB27A	83	QERFRSLTTAF		psite	542
ENSP00000345689	RAB5C	85	QERYHSLAPMY		psite	540
ENSP00000345689	RAB5C	124	LQRQASPNIVI		psite	540
ENSP00000307272	RPTOR	8	SEMLQSPLLGL	MAPK1;MAPK3	psite	811
ENSP00000307272	RPTOR	696	NYALPSPATTE	CDK1;MAPK1;MAPK3	pelm;psite	811
ENSP00000307272	RPTOR	699	LPSPATTEGGS		psite	811
ENSP00000307272	RPTOR	706	EGGSLTPVRDS	CDK1	pelm;psite	811
ENSP00000307272	RPTOR	711	TPVRDSPCTPR		psite	811
ENSP00000307272	RPTOR	719	TPRLRSVSSYG	RPS6KA1	hprd;pelm;psite	811
ENSP00000307272	RPTOR	721	RLRSVSSYGNI	RPS6KA1	psite	811
ENSP00000307272	RPTOR	722	LRSVSSYGNIR	RPS6KA1	hprd;pelm;psite	811
ENSP00000307272	RPTOR	771	SSTLGSPENEE	MAPK11	psite	811
ENSP00000307272	RPTOR	792	MRRASSYSSLN	PRKAA1	pelm;psite	811
ENSP00000307272	RPTOR	795	ASSYSSLNSLI		psite	811
ENSP00000307272	RPTOR	857	DTSSLTQSAPA		hprd;psite	811
ENSP00000307272	RPTOR	863	QSAPASPTNKG	MAPK1;MAPK11;MAPK3;MTOR	hprd;pelm;psite	811
ENSP00000307272	RPTOR	877	HQAGGSPPASS		hprd;pelm;psite	811
ENSP00000307272	RPTOR	884	PASSTSSSSLT		hprd;psite	811
ENSP00000307272	RPTOR	887	STSSSSLTNDV		psite	811
ENSP00000307272	RPTOR	889	SSSSLTNDVAK		psite	811
ENSP00000307272	RPTOR	908	SGRPGTTGPAG	ICK	psite	811
ENSP00000307272	RPTOR	917	AGAQYTPHSHQ		psite	811
ENSP00000222145	RASIP1	292	RSRAASGGAAL		psite	429
ENSP00000222145	RASIP1	328	LRRSVSELSLQ		hprd;psite	429
ENSP00000222145	RASIP1	331	SVSELSLQGRR		hprd;psite	429
ENSP00000295025	REL	526	NPSCNSVLDPR		psite	429
ENSP00000311816	REST	495	TRTRKSVTEVK		psite	514
ENSP00000311816	REST	864	DLSPPSPPLPK		hprd;pelm;psite	514
ENSP00000265814	RUNX1T1	41	STMPDSPVDVK		psite	516
ENSP00000265814	RUNX1T1	52	TQSRLTPPTMP		psite	516
ENSP00000265814	RUNX1T1	417	HSRQQSPVNPD		hprd;psite	516
ENSP00000265814	RUNX1T1	592	TPRSTTPGTPS		hprd;psite	516
ENSP00000265814	RUNX1T1	595	STTPGTPSTIE		hprd;psite	516
ENSP00000349486	SCRIB	37	YRYSRSLEELL		hprd;psite	540
ENSP00000349486	SCRIB	475	LQRRATPHPSE		psite	540
ENSP00000349486	SCRIB	504	QPDSGSPLPAE		hprd;pelm;psite	540
ENSP00000349486	SCRIB	607	LIRKDTPHYKK		psite	540
ENSP00000349486	SCRIB	668	EEEEGSPQEEE		psite	540
ENSP00000349486	SCRIB	688	EEEEASTEEED		hprd;psite	540
ENSP00000349486	SCRIB	689	EEEASTEEEDK		hprd;psite	540
ENSP00000349486	SCRIB	703	VVSAPSVKGVS		psite	540
ENSP00000349486	SCRIB	749	GGKGSTPYKGD		hprd;pelm;psite	540
ENSP00000349486	SCRIB	826	NAVTITPLRPE		hprd;pelm;psite	540
ENSP00000349486	SCRIB	835	PEDDYSPRERR		hprd;pelm;psite	540
ENSP00000349486	SCRIB	853	LLPPESPGPLR		hprd;pelm;psite	540
ENSP00000349486	SCRIB	883	GGKGSTPYRAG		psite	540
ENSP00000349486	SCRIB	939	LLTAASPTIAL		hprd;pelm;psite	540
ENSP00000349486	SCRIB	1140	FISKVSPTGAA		hprd;pelm;psite	540
ENSP00000349486	SCRIB	1223	RNSLESISSID		hprd;pelm;psite	540
ENSP00000349486	SCRIB	1226	LESISSIDREL		hprd;pelm;psite	540
ENSP00000349486	SCRIB	1232	IDRELSPEGPG		hprd;pelm;psite	540
ENSP00000349486	SCRIB	1279	VPSAGSVQRVP		psite	540
ENSP00000349486	SCRIB	1285	VQRVPSGAAGG		psite	540
ENSP00000349486	SCRIB	1298	AESPCSPSGQQ		hprd;pelm;psite	540
ENSP00000349486	SCRIB	1306	GQQPPSPPSPD		hprd;pelm;psite	540
ENSP00000349486	SCRIB	1309	PPSPPSPDELP		hprd;pelm;psite	540
ENSP00000349486	SCRIB	1342	PAQPPTPGPAA		hprd;pelm;psite	540
ENSP00000349486	SCRIB	1348	PGPAASPEQLS		hprd;pelm;psite	540
ENSP00000349486	SCRIB	1353	SPEQLSFRERQ		hprd;pelm;psite	540
ENSP00000349486	SCRIB	1437	QPPWASPSPTS		hprd;pelm;psite	540
ENSP00000349486	SCRIB	1439	PWASPSPTSRQ		hprd;pelm;psite	540
ENSP00000349486	SCRIB	1442	SPSPTSRQSPA		hprd;pelm;psite	540
ENSP00000349486	SCRIB	1445	PTSRQSPASPP		psite	540
ENSP00000349486	SCRIB	1448	RQSPASPPPLG		hprd;pelm;psite	540
ENSP00000349486	SCRIB	1475	RLRVQSPEPPA		hprd;pelm;psite	540
ENSP00000349486	SCRIB	1486	PERALSPAELR		hprd;pelm;psite	540
ENSP00000349486	SCRIB	1508	AARMKSLEQDA		hprd;pelm;psite	540
ENSP00000349486	SCRIB	1541	LAEAPSPAPTP		psite	540
ENSP00000349486	SCRIB	1547	PAPTPSPTPVE		hprd;pelm;psite	540
ENSP00000349486	SCRIB	1549	PTPSPTPVEDL		psite	540
ENSP00000349486	SCRIB	1606	LEPSPSPGPQE		hprd;psite	540
ENSP00000349486	SCRIB	1561	PQTSTSPGRLP		psite	540
ENSP00000349486	SCRIB	1591	VYDIQSPDFAE		hprd;psite	540
ENSP00000338358	SERPINB6	151	IAELLSPGSVD		hprd;pelm;psite	430
ENSP00000269886	SH3GL1	298	DKPIRTPSRSM		psite	752
ENSP00000348307	SIRPA	467	PASEDTLTYAD		psite	540
ENSP00000348019	SLC17A5	20	ESTDRTPLLPG		hprd;psite	430
ENSP00000222248	SLC5A5	377	KPRLRSLAPRK		psite	563
ENSP00000348984	SON	55	AASARSLPNEE		psite	655
ENSP00000348984	SON	94	KSRCVSVQTDP		hprd;pelm;psite	655
ENSP00000348984	SON	282	KSVESTSPEPS		psite	655
ENSP00000348984	SON	283	SVESTSPEPSK		hprd;pelm;psite	655
ENSP00000348984	SON	910	MLGSKSPDPYR		hprd;pelm;psite	655
ENSP00000348984	SON	959	DPYRLTPDPYR		psite	655
ENSP00000348984	SON	998	LASRRSMMMSY		psite	655
ENSP00000348984	SON	1026	ERSMMSPMAER		psite	655
ENSP00000348984	SON	1035	ERSMMSAYERS		psite	655
ENSP00000348984	SON	1043	ERSMMSAYERS		hprd;psite	655
ENSP00000348984	SON	1051	ERSMMSPMAER		hprd;psite	655
ENSP00000348984	SON	1076	ERSMMSPMADR		hprd;psite	655
ENSP00000348984	SON	1097	MMSSYSAADRS		psite	655
ENSP00000348984	SON	1556	CAAGTSPVGEI		hprd;pelm;psite	655
ENSP00000348984	SON	1651	SPSGGSEADIE		hprd;pelm;psite	655
ENSP00000348984	SON	1697	LAALLSPKESS		hprd;pelm;psite	655
ENSP00000348984	SON	1747	MERLTSLRAGI		psite	655
ENSP00000348984	SON	1766	VGRDRSAASPV		hprd;pelm;psite	655
ENSP00000348984	SON	1769	DRSAASPVVSS		hprd;pelm;psite	655
ENSP00000348984	SON	1774	SPVVSSMPERA		psite	655
ENSP00000348984	SON	1782	ERASESSSEEK		hprd;pelm;psite	655
ENSP00000348984	SON	1783	RASESSSEEKD		hprd;pelm;psite	655
ENSP00000348984	SON	1821	KKRDSSLRSRS		hprd;psite	655
ENSP00000348984	SON	1824	DSSLRSRSKRS		hprd;psite	655
ENSP00000348984	SON	1922	TVRARSRTPSR		hprd;pelm;psite	655
ENSP00000348984	SON	1924	RARSRTPSRRS		hprd;pelm;psite	655
ENSP00000348984	SON	1926	RSRTPSRRSRS		hprd;psite	655
ENSP00000348984	SON	1929	TPSRRSRSHTP		psite	655
ENSP00000348984	SON	1931	SRRSRSHTPSR		psite	655
ENSP00000348984	SON	1933	RSRSHTPSRRR		psite	655
ENSP00000348984	SON	1940	SRRRRSRSVGR		psite	655
ENSP00000348984	SON	1942	RRRSRSVGRRR		psite	655
ENSP00000348984	SON	1948	VGRRRSFSISP		hprd;pelm;psite	655
ENSP00000348984	SON	1950	RRRSFSISPSR		hprd;pelm;psite	655
ENSP00000348984	SON	1952	RSFSISPSRRS		hprd;pelm;psite	655
ENSP00000348984	SON	1957	SPSRRSRTPSR		psite	655
ENSP00000348984	SON	1959	SRRSRTPSRRS		psite	655
ENSP00000348984	SON	1961	RSRTPSRRSRT		psite	655
ENSP00000348984	SON	1964	TPSRRSRTPSR		psite	655
ENSP00000348984	SON	1966	SRRSRTPSRRS		psite	655
ENSP00000348984	SON	1992	TPSRRSRTPSR		psite	655
ENSP00000348984	SON	2001	SRRRRSRSVVR		hprd;psite	655
ENSP00000348984	SON	2003	RRRSRSVVRRR		hprd;psite	655
ENSP00000348984	SON	2009	VVRRRSFSISP		hprd;pelm;psite	655
ENSP00000348984	SON	2011	RRRSFSISPVR		hprd;pelm;psite	655
ENSP00000348984	SON	2013	RSFSISPVRLR		hprd;pelm;psite	655
ENSP00000348984	SON	2022	LRRSRTPLRRR		hprd;psite	655
ENSP00000348984	SON	2029	LRRRFSRSPIR		hprd;pelm;psite	655
ENSP00000348984	SON	2031	RRFSRSPIRRK		hprd;pelm;psite	655
ENSP00000348984	SON	2129	NKPHVSDEEEE		hprd;pelm;psite	655
ENSP00000348984	SON	2163	AAAKPTPPKSQ		hprd;psite	655
ENSP00000348984	SON	2181	PVSSGSQHRKK		hprd;psite	655
ENSP00000332565	SULT4A1	8	ESEAETPSTPG		psite	659
ENSP00000332565	SULT4A1	11	AETPSTPGEFE	MAPK3	psite	659
ENSP00000332565	SULT4A1	205	HRDLVTMVEQL		psite	659
ENSP00000263635	TANC1	66	SMSLPSSPLLP		hprd;psite	506
ENSP00000263635	TANC1	67	MSLPSSPLLPR		hprd;psite	506
ENSP00000263635	TANC1	85	RVNKKSPGPVR		psite	506
ENSP00000263635	TANC1	207	TAANKSPCETI		hprd;psite	506
ENSP00000263635	TANC1	214	CETISSPSSTL		hprd;psite	506
ENSP00000263635	TANC1	270	RADNCSPVAEE		psite	506
ENSP00000263635	TANC1	313	MPRPNSVAATS		psite	506
ENSP00000263635	TANC1	444	QIASNSPGSSP		hprd;psite	506
ENSP00000263635	TANC1	447	SNSPGSSPKTS		hprd;psite	506
ENSP00000263635	TANC1	448	NSPGSSPKTSD		hprd;psite	506
ENSP00000263635	TANC1	465	FTPLLSPSSST		psite	506
ENSP00000263635	TANC1	1485	SSSVPSSYIRN		psite	506
ENSP00000263635	TANC1	1503	KGRPVSPQSRA		psite	506
ENSP00000263635	TANC1	1564	QNPPPSPMPGR	CDK2	psite	506
ENSP00000263635	TANC1	1665	LTSSGSSGSPS		hprd;psite	506
ENSP00000263635	TANC1	1668	SGSSGSPSSSI		hprd;psite	506
ENSP00000263635	TANC1	1687	LTSSSSFSDGF		psite	506
ENSP00000348234	TAT	448	HCAEGSQEECD		hprd;psite	515
ENSP00000266304	TEF	32	GERGLSGSFPL		hprd;psite	429
ENSP00000309572	TERT	227	RRRGGSASRSL	AKT1	hprd;pelm;psite	433
ENSP00000309572	TERT	824	RIRGKSYVQCQ	AKT1	hprd;pelm;psite	433
ENSP00000309572	TERT	1113	PGTTLTALEAA		hprd;pelm;psite	433
ENSP00000304467	THOP1	16	MADAASPCSVV		psite	515
ENSP00000304467	THOP1	19	AASPCSVVNDL		psite	515
ENSP00000304467	THOP1	89	FPQHVSPSKDI		psite	515
ENSP00000331288	TMEM173	358	STSTMSQEPEL	TBK1	psite	429
ENSP00000331288	TMEM173	366	PELLISGMEKP		psite	429
ENSP00000317891	TNIP1	266	SGRPGSPKMEG		hprd;psite	429
ENSP00000317891	TNIP1	350	LQKQVTDLEAE		psite	429
ENSP00000317891	TNIP1	403	LQDQLSPLTRQ		hprd;pelm;psite	429
ENSP00000317891	TNIP1	431	ALSIQTPPSSP		hprd;pelm;psite	429
ENSP00000317891	TNIP1	435	QTPPSSPPTAF		hprd;psite	429
ENSP00000317891	TNIP1	438	PSSPPTAFGSP		hprd;pelm;psite	429
ENSP00000317891	TNIP1	442	PTAFGSPEGAG		hprd;psite	429
ENSP00000317891	TNIP1	627	PTEPESPKNDR		psite	429
ENSP00000268957	TOB1	152	SSVSSSPSPPF	MAPK1;MAPK3;MAPK9	hprd;psite	486
ENSP00000268957	TOB1	154	VSSSPSPPFGH	MAPK1;MAPK3;MAPK9	hprd;psite	486
ENSP00000268957	TOB1	164	HSAAVSPTFMP	MAPK1;MAPK3;MAPK9	hprd;psite	486
ENSP00000268957	TOB1	205	KVARTSPINLG		hprd;pelm;psite	486
ENSP00000262294	TRIM37	454	KSRDLSPPDNH		psite	563
ENSP00000262294	TRIM37	461	PDNHLSPQNDD		psite	563
ENSP00000173898	TRO	155	AQGSQSPTGHE		psite	504
ENSP00000242576	UNG	12	LYSFFSPSPAR	CDK2	hprd;pelm;psite	468
ENSP00000242576	UNG	14	SFFSPSPARKR		hprd;pelm;psite	468
ENSP00000242576	UNG	23	KRHAPSPEPAV		hprd;pelm;psite	468
ENSP00000242576	UNG	60	QEEPGTPPSSP		hprd;pelm;psite	468
ENSP00000242576	UNG	64	GTPPSSPLSAE	CDK1	hprd;pelm;psite	468
ENSP00000242576	UNG	67	PSSPLSAEQLD		hprd;psite	468
ENSP00000265560	USP4	244	RNFTTSPKSSA		psite	420
ENSP00000265560	USP4	445	RLRNDSVIVDT		psite	420
ENSP00000265560	USP4	675	GKEQLSETEGS		hprd;psite	420
ENSP00000386161	WWOX	12	AGLDDTDSEDE		psite	540
ENSP00000386161	WWOX	14	LDDTDSEDELP		hprd;psite	540
ENSP00000349803	ZBTB20	231	ERYLSTTPETT		psite	462
ENSP00000349803	ZBTB20	280	LERNESEECTE		psite	462
ENSP00000349803	ZBTB20	391	QPSVNTSIGQP		psite	462
ENSP00000349803	ZBTB20	617	SASNGTPPAGT		hprd;psite	462
ENSP00000349803	ZBTB20	622	TPPAGTPPGAR		hprd;psite	462
ENSP00000262630	ZBTB32	396	HYRVHTGEKPF		psite	565
ENSP00000311596	ZNF699	131	FKRNDSWFSSL		psite	563
ENSP00000311596	ZNF699	526	HIRTHTGEKPY		psite	563
ENSP00000311596	ZNF699	554	HMRTHTGEKPY		psite	563
ENSP00000309572	TERT	797	IEQSSSLNEAS		pelm	433
ENSP00000348273	MBP	299	DSRSGSPMARR	UHMK1	pelm	405
ENSP00000265724	ABCB1	644	NAADESKSEID		hprd;pelm	515
ENSP00000265724	ABCB1	658	MSSNDSRSSLI		hprd;pelm	515
ENSP00000357206	NES	393	TPIPPTPQAPS		hprd;pelm	516
ENSP00000357206	NES	1299	TLPDSTPLGFY	CDK5	hprd;pelm	516
ENSP00000384026	HMGA2	59	GSKNKSPSKAA	CDK1	hprd;pelm	469
ENSP00000278823	MTA2	57	SSSLNSLADSN		hprd;pelm	430
ENSP00000352673	ELF3	215	SDSGGSDVDLD		hprd;pelm	659
ENSP00000352673	ELF3	212	SHSSDSGGSDV		hprd;pelm	659
ENSP00000295897	ALB	297	QDSISSKLKEC		hprd	425
ENSP00000359790	DST	1177	VASIKTMLPGE		hprd	508
ENSP00000348273	MBP	229	FKNIVTPRTPP		hprd	405
ENSP00000276014	CCNB3	1038	LQESPTCKEDT		hprd	424
ENSP00000367301	NDP	14	SFSMLSLLVIM		hprd	609
ENSP00000394624	OPRM1	275	ALDFRTPRNAK		hprd	540
ENSP00000394624	OPRM1	451	CIPTSSNIEQQ		hprd	540
ENSP00000262809	ELL	145	ETRSRSAIVIK		hprd	613
ENSP00000349803	ZBTB20	358	LETGASSPERS		hprd	462
ENSP00000388340	CLINT1	22	VVMNYSEIESK		hprd	540
ENSP00000278616	ATM	1993	SLSEKSKEETG		hprd	817
ENSP00000306185	ANTXR2	90	FSSQATIILPL		hprd	540
ENSP00000312288	HADH	16	SVSSSSTASAS		hprd	649
ENSP00000312288	HADH	17	VSSSSTASASA		hprd	649
ENSP00000312288	HADH	19	SSSTASASAKK		hprd	649
ENSP00000357206	NES	304	VATYRTLLEAE		hprd	516
ENSP00000357206	NES	366	PATLETPVPAF		hprd	516
ENSP00000317891	TNIP1	99	SNVTASPTAPA		hprd	429
ENSP00000317891	TNIP1	77	LLPPPSPSLGS		hprd	429
ENSP00000263360	EED	46	AVSIESGTNTE		hprd	659
ENSP00000225402	AATF	99	SDEEISDEEGS		hprd	750
ENSP00000225402	AATF	93	QTLPGSSDEEI		hprd	750
ENSP00000225402	AATF	94	TLPGSSDEEIS		hprd	750
ENSP00000225402	AATF	104	SDEEGSGDEDS		hprd	750
ENSP00000250454	EAPP	37	VLLHGTPDQKR		hprd	466
ENSP00000250454	EAPP	85	LSSLGTGSSSG		hprd	466
ENSP00000248929	SGSM3	406	TQRRKSTITAL		hprd	412
ENSP00000248929	SGSM3	409	RKSTITALLFG		hprd	412
ENSP00000330190	POU6F1	173	VGQALTATEGP		hprd	409
