name	IGF1R
id	ENSP00000268035
type	Tyrosine kinase
proline+1_removed	No
npartners	238
npartners_with_sites	187
nsites	98
//
motif	score	fg_matches	fg_size	bg_matches	bg_size	fold_increase
.....Y.VPP.	324.3	11	788	0	10000	Inf
.....YM.M..	23.15	14	777	3	10000	60.06
..D..Y.....	6.79	71	763	482	9997	1.93
//
prot_id	prot_name	position	flank	kinase	source	string_score
ENSP00000270202	AKT1	326	LEDNDYGRAVD	PTK6;SRC	hprd;psite	451
ENSP00000270202	AKT1	437	ETDTRYFDEEF		psite	451
ENSP00000295897	ALB	521	EVDETYVPKEF		hprd;psite	469
ENSP00000269260	ARRB2	48	LVDPDYLKDRK		psite	860
ENSP00000269260	ARRB2	404	MKDDDYDDQLC		psite	860
ENSP00000351908	MAP3K5	718	ERDSRYSQPLH	JAK1;JAK2	psite	659
ENSP00000278616	ATM	2019	EPDSLYGCGGG		psite	854
ENSP00000264033	CBL	552	PPDRPYSVGAE		hprd;pelm;psite	940
ENSP00000264033	CBL	700	EEDTEYMTPSS	EGFR;FYN;INSR;LCK;SYK;YES1	hprd;pelm;psite	940
ENSP00000264033	CBL	774	NEDDGYDVPKP	EGFR;FYN;LCK;SRC;SYK;YES1	hprd;pelm;psite	940
ENSP00000264122	CBLB	665	LGSEEYDVPPR		psite	800
ENSP00000264122	CBLB	709	EDDDEYKIPSS		psite	800
ENSP00000261769	CDH1	753	TRDNVYYYDEE		psite	878
ENSP00000264012	CDH3	713	EEDQDYDITQL		psite	621
ENSP00000265997	CPEB3	573	IMDRLYGGVCY		psite	501
ENSP00000220003	CSK	184	AQDEFYRSGWA		hprd;pelm;psite	637
ENSP00000304669	CTNNA1	245	NRDLIYKQLQQ		psite	902
ENSP00000344456	CTNNB1	86	DIDGQYAMTRA	ABL1;SRC	hprd;pelm;psite	938
ENSP00000344456	CTNNB1	716	QDDPSYRSFHS		psite	938
ENSP00000382004	CTNND1	296	YDDLDYGMMSD	SRC	hprd;psite	912
ENSP00000382004	CTNND1	335	PSDQYYWAPLA		psite	912
ENSP00000382004	CTNND1	904	SLDNNYSTPNE		hprd;pelm;psite	912
ENSP00000275493	EGFR	764	ILDEAYVMASV	SRC	psite	906
ENSP00000275493	EGFR	944	CTIDVYMIMVK	SRC	hprd;pelm;psite	906
ENSP00000275493	EGFR	1125	SRDPHYQDPHS	SRC	hprd;pelm;psite	906
ENSP00000406209	EPN1	222	LKDFQYVDRDG		psite	800
ENSP00000268933	EPN3	111	LKDFQYIDRDG		psite	800
ENSP00000341189	PTK2	576	MEDSTYYKASK	BMX;FGR;MET;PTK2;RET;SRC	hprd;pelm;psite	922
ENSP00000229239	GAPDH	42	FIDLNYMVYMF	SRC	hprd;psite	433
ENSP00000230882	GHR	534	LMDNAYFCEAD		hprd;pelm;psite	609
ENSP00000269571	ERBB2	772	ILDEAYVMAGV		psite	770
ENSP00000269571	ERBB2	1221	AFDNLYYWDQD	ERBB2	hprd;pelm;psite	770
ENSP00000309845	HRAS	157	VEDAFYTLVRE		psite	954
ENSP00000364794	IARS	434	NNDLCYWVPEL		psite	480
ENSP00000304895	IRS1	612	HTDDGYMPMSP	JAK1	hprd;pelm;psite	999
ENSP00000304895	IRS1	632	KGSGDYMPMSP	JAK1	hprd;pelm;psite	999
ENSP00000304895	IRS1	662	VDPNGYMMMSP	JAK1	hprd;pelm;psite	999
ENSP00000304895	IRS1	941	TGTEEYMKMDL		hprd;psite	999
ENSP00000304895	IRS1	989	SSRGDYMTMQM		psite	999
ENSP00000365016	IRS2	542	GEFYGYMTMDR		psite	998
ENSP00000365016	IRS2	653	GADDGYMPMTP		hprd;pelm;psite	998
ENSP00000365016	IRS2	675	CRSDDYMPMSP		hprd;pelm;psite	998
ENSP00000365016	IRS2	742	PEDSGYMRMWC		hprd;pelm;psite	998
ENSP00000361202	IRS4	700	DEDDPYVPMRP		hprd;psite	762
ENSP00000361202	IRS4	743	EDSRGYMMMFP		hprd;psite	762
ENSP00000361202	IRS4	779	DSESDYMFMAP		hprd;psite	762
ENSP00000364094	ITGB1	147	PIDLYYLMDLS		psite	652
ENSP00000343204	JAK1	217	PKDISYKRYIP		psite	669
ENSP00000343204	JAK1	1034	ETDKEYYTVKD	JAK3	hprd;pelm;psite	669
ENSP00000343204	JAK1	1125	CPDEVYQLMRK		psite	669
ENSP00000371067	JAK2	1007	PQDKEYYKVKE	JAK2	hprd;pelm;psite	696
ENSP00000417281	MDM2	282	EDDEVYQVTVY	ABL1	psite	992
ENSP00000367207	MYC	31	NYDLDYDSVQP		psite	539
ENSP00000233154	NCK2	99	STDAEYPANGS		psite	922
ENSP00000233154	NCK2	110	GADRIYDLNIP		hprd;pelm;psite	922
ENSP00000233154	NCK2	342	LVDNVYCIGQR		psite	922
ENSP00000358548	NRAS	157	VEDAFYTLVRE		psite	884
ENSP00000162330	BCAR1	115	QPDSVYLVPTP	SRC	hprd;psite	914
ENSP00000162330	BCAR1	165	PATDLYQVPPG	PTK6;SRC	hprd;pelm;psite	914
ENSP00000162330	BCAR1	179	PAQDIYQVPPS	SRC	hprd;psite	914
ENSP00000162330	BCAR1	192	MGHDIYQVPPS	SRC	hprd;psite	914
ENSP00000162330	BCAR1	249	GPQDIYDVPPV	FGFR1	hprd;pelm;psite	914
ENSP00000162330	BCAR1	287	PLLEVYDVPPS	SRC	hprd;psite	914
ENSP00000162330	BCAR1	306	NHHAVYDVPPS	FGFR1	hprd;pelm;psite	914
ENSP00000162330	BCAR1	327	LREETYDVPPA	FGFR1	hprd;pelm;psite	914
ENSP00000162330	BCAR1	362	PAEDVYDVPPP	SRC	hprd;psite	914
ENSP00000162330	BCAR1	372	PAPDLYDVPPG		hprd;psite	914
ENSP00000162330	BCAR1	410	VDSGVYAVPPP	FGFR1;PTK2	hprd;pelm;psite	914
ENSP00000162330	BCAR1	653	SPDGQYENSEG	SRC	hprd;pelm;psite	914
ENSP00000162330	BCAR1	666	MEDYDYVHLQG	PTK2	hprd;psite	914
ENSP00000269305	TP53	327	PLDGEYFTLQI		psite	957
ENSP00000367545	TP73	28	EPDSTYFDLPQ		psite	804
ENSP00000263967	PIK3CA	355	DIDKIYVRTGI		psite	958
ENSP00000274335	PIK3R1	467	EYDRLYEEYTR		hprd;pelm;psite	997
ENSP00000222254	PIK3R2	464	EYDQLYEEYTR		hprd;pelm;psite	929
ENSP00000262741	PIK3R3	199	EYDRLYEEYTR		psite	995
ENSP00000262741	PIK3R3	341	DADENYFINEE	INSR	hprd;pelm;psite	995
ENSP00000262741	PIK3R3	373	AEDLLYGKPDG		psite	995
ENSP00000244007	PLCG1	210	SGDITYGQFAQ		psite	837
ENSP00000361021	PTEN	315	DNDKEYLVLTL	LCK	hprd;pelm;psite	744
ENSP00000360683	PTPN1	66	QEDNDYINASL	EGFR	hprd;pelm;psite	995
ENSP00000274376	RASA1	472	TKDAFYKNIVK		psite	676
ENSP00000401303	SHC1	349	PPDHQYYNDFP	FLT4;SRC;SYK;ZAP70	hprd;pelm;psite	999
ENSP00000401303	SHC1	428	FDDPSYVNVQN	FLT3;FLT4;MET;SRC;SYK;ZAP70	hprd;pelm;psite	999
ENSP00000364995	SHC3	341	GSDHPYYNSIP		psite	810
ENSP00000329668	SHC4	374	REDHEYYNEIP		psite	800
ENSP00000329668	SHC4	465	FDDPCYINTQA		psite	800
ENSP00000348307	SIRPA	429	TNDITYADLNL		psite	844
ENSP00000350941	SRC	419	IEDNEYTARQG	PDGFRA;PDGFRB;PRKACA;SRC	hprd;pelm;psite	967
ENSP00000264657	STAT3	45	SQDWAYAASKE		psite	803
ENSP00000278968	TAGLN	145	KNDGHYRGDPN		psite	626
ENSP00000171887	TNS1	903	ASDGQYENQSP		pelm;psite	411
ENSP00000314709	ZHX2	705	ADDHGYDAVAR		psite	543
ENSP00000281537	TJP1	520	VGDSFYIRTHF		psite	409
ENSP00000281537	TJP1	550	VVDTLYNGKLG		psite	409
ENSP00000281537	TJP1	1354	EEDEEYYRKQL		psite	409
ENSP00000304895	IRS1	732	PCTGDYMNMSP	JAK1	hprd	999
ENSP00000361202	IRS4	717	VSSSDYMPMAP		hprd	762
