name	IKBKB
id	ENSP00000339151
type	Serine/threonine kinase
proline+1_removed	Yes
npartners	190
npartners_with_sites	164
nsites	218
//
motif	score	fg_matches	fg_size	bg_matches	bg_size	fold_increase
R.R..[ST]...G.	630.96	10	1585	0	9383	Inf
R.R..[ST].....	318	43	1575	34	9383	7.53
..RR.[ST].....	316.13	23	1532	15	9349	9.36
..R..[ST].....	11.7	134	1509	434	9334	1.91
//
prot_id	prot_name	position	flank	kinase	source	string_score
ENSP00000300161	YWHAB	60	GARRSSWRVIS	PRKCD	hprd;pelm;psite	655
ENSP00000331514	ACTG1	186	AGRDLTDYLMK		psite	451
ENSP00000331514	ACTG1	199	TERGYSFTTTA		psite	451
ENSP00000270202	AKT1	72	RPRPNTFIIRC	AKT1	psite	986
ENSP00000270202	AKT1	246	RERVFSEDRAR	AKT1	psite	986
ENSP00000375892	AKT2	458	PDRYDSLGLLE		psite	809
ENSP00000284981	APP	679	EFRHDSGYEVH		psite	914
ENSP00000216911	AURKA	288	SSRRTTLCGTL	AURKA;PAK1;PRKACA	hprd;pelm;psite	628
ENSP00000251973	CARD10	638	VRRVLSGPGSA		psite	569
ENSP00000380150	CARD11	116	PTRRFSTIVVE	CAMK2A	psite	952
ENSP00000380150	CARD11	117	TRRFSTIVVEE		psite	952
ENSP00000380150	CARD11	558	PPRSRSSIMSI	MAP4K1	psite	952
ENSP00000380150	CARD11	644	MFRKFSLERPF		psite	952
ENSP00000344549	CARD14	775	LVRIVSMDKAK		psite	469
ENSP00000351273	CASP8	322	RDRNGTHLDAG		psite	973
ENSP00000262367	CREBBP	78	LLRGGSGSSIN		psite	666
ENSP00000262367	CREBBP	2356	SPRPQSQPPHS		psite	666
ENSP00000229251	COPS7A	255	NQRQPSKKASK		psite	621
ENSP00000263056	MAP3K8	62	DERSKSLLLSG		psite	828
ENSP00000263056	MAP3K8	400	QPRCQSLDSAL	AKT1	hprd;pelm;psite	828
ENSP00000344456	CTNNB1	332	IMRTYTYEKLL	CAMK2A	psite	654
ENSP00000344456	CTNNB1	472	ALRHLTSRHQE	CAMK2A	psite	654
ENSP00000344456	CTNNB1	552	TQRRTSMGGTQ	AKT1;AKT2;CAMK2A;PRKACA	hprd;pelm;psite	654
ENSP00000264414	CUL3	442	ARRLLTNKSVS		psite	651
ENSP00000264414	CUL3	478	MFRDMSISNTT		psite	651
ENSP00000313420	PRKDC	1065	FKRLYSLALHP		psite	654
ENSP00000313420	PRKDC	2598	DWRFRSTVLTP		hprd;psite	654
ENSP00000313420	PRKDC	3289	HCRSRSQGCSE		psite	654
ENSP00000354158	ERC1	37	HRRTNSTGGSS		psite	986
ENSP00000301838	FADD	41	LERVQSGLDLF		hprd;psite	929
ENSP00000373952	FANCA	1149	RSRDPSLMVDF	AKT1	hprd;pelm;psite	670
ENSP00000358866	FLNA	1286	DARALTQTGGP		psite	932
ENSP00000358866	FLNA	2152	RRRAPSVANVG	PAK1;PRKACA;RPS6KA1	hprd;pelm;psite	932
ENSP00000358866	FLNA	2336	DARRLTVSSLQ		hprd;psite	932
ENSP00000358866	FLNA	2523	GPRLVSNHSLH	CAMK2A;CAMK2G	hprd;pelm;psite	932
ENSP00000368880	FOXO1	24	RPRSCTWPLPR	AKT1	hprd;pelm;psite	749
ENSP00000368880	FOXO1	256	RRRAASMDNNS	AKT1	hprd;pelm;psite	749
ENSP00000368880	FOXO1	319	RPRTSSNASTI	AKT1	hprd;pelm;psite	749
ENSP00000339527	FOXO3	30	QSRPRSCTWPL		psite	973
ENSP00000339527	FOXO3	32	RPRSCTWPLQR	AKT1;PIM1;SGK1	hprd;pelm;psite	973
ENSP00000339527	FOXO3	253	RRRAVSMDNSN	AKT1;PIM1;SGK1	hprd;pelm;psite	973
ENSP00000339527	FOXO3	315	RSRTNSNASTV	SGK1	hprd;pelm;psite	973
ENSP00000339527	FOXO3	413	MQRSSSFPYTT	PRKAA2	psite	973
ENSP00000339527	FOXO3	551	GSRALSNSVSN		psite	973
ENSP00000254810	H3F3B	46	RYRPGTVALRE	DYRK1B;DYRK2;DYRK3	psite	422
ENSP00000355778	H3F3A	46	RYRPGTVALRE	DYRK1B;DYRK2;DYRK3	psite	421
ENSP00000283179	HNRNPU	26	KKRRLSDKGLK		hprd;pelm;psite	721
ENSP00000348150	HOMER3	120	LAREKSQDGGE		psite	621
ENSP00000348150	HOMER3	159	LFRSQSADAPG		hprd;pelm;psite	621
ENSP00000302961	HSPA4	76	HGRAFSDPFVE		hprd;pelm;psite	428
ENSP00000302961	HSPA4	113	EERNFTTEQVT		hprd;psite	428
ENSP00000302961	HSPA4	393	KVREFSITDVV		psite	428
ENSP00000335153	HSP90AA1	185	KIRYESLTDPS		psite	789
ENSP00000335153	HSP90AA1	212	QDRTLTIVDTG	PRKACA	hprd;psite	789
ENSP00000335153	HSP90AA1	745	ALRDNSTMGYM		psite	789
ENSP00000325875	HSP90AB1	58	KIRYESLTDPS		psite	464
ENSP00000325875	HSP90AB1	452	NRRRLSELLRY	AURKB	hprd;psite	464
ENSP00000325875	HSP90AB1	459	LLRYHTSQSGD		psite	464
ENSP00000325875	HSP90AB1	615	ALRDNSTMGYM		psite	464
ENSP00000258080	HTRA2	96	RTREASENSGT		psite	540
ENSP00000258080	HTRA2	212	RVRLLSGDTYE	AKT1;AKT2	psite	540
ENSP00000347184	HTT	417	GGRSRSGSIVE		hprd;psite	672
ENSP00000347184	HTT	419	RSRSGSIVELI	AKT1;SGK1	hprd;pelm;psite	672
ENSP00000347184	HTT	640	HCRQPSDSSVD		psite	672
ENSP00000216797	NFKBIA	32	DDRHDSGLDSM	CHUK;CSNK2A1;IKBKB;IKBKE;RPS6KA1;RPS6KA3;SGK1	hprd;pelm;psite	999
ENSP00000359424	CHUK	23	RERLGTGGFGN	AKT1;AKT2	hprd;pelm;psite	999
ENSP00000358997	IRAK1	556	TGRAHSGAAPW		psite	986
ENSP00000310127	IRF3	175	PLRSPSLDNPT	TBK1	hprd;psite	743
ENSP00000304895	IRS1	268	EFRPRSKSQSS	IKBKB	hprd;pelm;psite	978
ENSP00000304895	IRS1	270	RPRSKSQSSSN	ATR;IKBKB;RPS6KB1	hprd;pelm;psite	978
ENSP00000304895	IRS1	305	TRRSRTESITA		psite	978
ENSP00000304895	IRS1	307	RSRTESITATS	IKBKB;PRKCD;RPS6KB1	hprd;pelm;psite	978
ENSP00000304895	IRS1	330	RVRASSDGEGT	CSNK2B	hprd;psite	978
ENSP00000304895	IRS1	341	MSRPASVDGSP	IKBKB	hprd;pelm;psite	978
ENSP00000304895	IRS1	527	RKRTHSAGTSP	IKBKB;RPS6KB1	hprd;pelm;psite	978
ENSP00000304895	IRS1	603	HHRPDSSTLHT		psite	978
ENSP00000304895	IRS1	629	SGRKGSGDYMP	AKT1	hprd;pelm;psite	978
ENSP00000304895	IRS1	1100	CRRRHSSETFS		hprd;psite	978
ENSP00000304895	IRS1	1101	RRRHSSETFSS	PRKCQ;RPS6KA1;RPS6KB1	hprd;pelm;psite	978
ENSP00000304895	IRS1	1143	VKRHSSASFEN		hprd;psite	978
ENSP00000304895	IRS1	1223	STRRSSEDLSA		hprd;pelm;psite	978
ENSP00000365016	IRS2	304	EFRPRSKSQSS		pelm;psite	835
ENSP00000365016	IRS2	306	RPRSKSQSSGS		hprd;pelm;psite	835
ENSP00000365016	IRS2	344	VRRSRTDSLAA		psite	835
ENSP00000365016	IRS2	346	RSRTDSLAATP		hprd;pelm;psite	835
ENSP00000365016	IRS2	363	SCRVRTASEGD		hprd;pelm;psite	835
ENSP00000365016	IRS2	365	RVRTASEGDGG		hprd;pelm;psite	835
ENSP00000365016	IRS2	384	GARPVSVAGSP		hprd;pelm;psite	835
ENSP00000365016	IRS2	404	LSRSHTLSGGC		psite	835
ENSP00000365016	IRS2	550	MDRPLSHCGRS		hprd;pelm;psite	835
ENSP00000365016	IRS2	560	SYRRVSGDAAQ		hprd;pelm;psite	835
ENSP00000365016	IRS2	575	GLRKRTYSLTT		psite	835
ENSP00000365016	IRS2	577	RKRTYSLTTPA		hprd;pelm;psite	835
ENSP00000365016	IRS2	1148	GRRRHSSETFS		hprd;pelm;psite	835
ENSP00000365016	IRS2	1149	RRRHSSETFSS		hprd;pelm;psite	835
ENSP00000365016	IRS2	1174	PKRHNSASVEN		hprd;pelm;psite	835
ENSP00000365016	IRS2	1186	SLRKSSEGGVG		hprd;psite	835
ENSP00000171111	KEAP1	599	VTRMTSGRSGV		psite	863
ENSP00000411397	MARK3	419	KQRRYSDHAGP		hprd;pelm;psite	642
ENSP00000411397	MARK3	438	PKRSQTSTADS		psite	642
ENSP00000411397	MARK3	489	PERKKSSTVPS		psite	642
ENSP00000411397	MARK3	507	MTRRNTYVCSE	PRKACA	pelm;psite	642
ENSP00000411397	MARK3	576	ERRTATYNGPP		psite	642
ENSP00000411397	MARK3	643	SSRNVSAEQKD		psite	642
ENSP00000411397	MARK3	602	RSRGSTNLFSK	MARK3	psite	642
ENSP00000382423	MAP3K1	1016	PCRIPSASPQT		psite	985
ENSP00000382423	MAP3K1	1026	TQRKFSLQFHR		psite	985
ENSP00000354927	MAP3K3	197	RSRHLSVSSQN	PRKACA	hprd;pelm;psite	969
ENSP00000354927	MAP3K3	281	MSRAQSFPDNR		hprd;psite	969
ENSP00000354927	MAP3K3	347	SSRSLSTNGEN		psite	969
ENSP00000354927	MAP3K3	368	RGRLRSADSEN	PRKACA	hprd;pelm;psite	969
ENSP00000354927	MAP3K3	547	SKRLQTICMSG		psite	969
ENSP00000354927	MAP3K3	559	GMRSVTGTPYW		psite	969
ENSP00000309597	MAP3K11	738	EPRGGTVSPPP		hprd;psite	623
ENSP00000354558	MTOR	1821	KLRHASGANIT		psite	435
ENSP00000354558	MTOR	2444	NKRSRTRTDSY		hprd;psite	435
ENSP00000354558	MTOR	2446	RSRTRTDSYSA	AKT1;RPS6KB1	hprd;pelm;psite	435
ENSP00000354558	MTOR	2448	RTRTDSYSAGQ	AKT1;RPS6KB1	hprd;pelm;psite	435
ENSP00000383199	NEDD4L	335	IQREPSSRLRS		psite	621
ENSP00000383199	NEDD4L	340	SSRLRSCSVTD		psite	621
ENSP00000383199	NEDD4L	342	RLRSCSVTDAV	PRKACA;SGK1	hprd;pelm;psite	621
ENSP00000383199	NEDD4L	365	AGRARSSTVTG		psite	621
ENSP00000383199	NEDD4L	367	RARSSTVTGGE	PRKACA;SGK1	pelm;psite	621
ENSP00000383199	NEDD4L	446	IRRPRSLSSPT		hprd;pelm;psite	621
ENSP00000383199	NEDD4L	448	RPRSLSSPTVT	PRKACA;SGK1	hprd;pelm;psite	621
ENSP00000189444	NFKB2	161	RQRLRSRPQGL		psite	969
ENSP00000226574	NFKB1	338	QLRRKSDLETS	PRKACA	hprd;pelm;psite	997
ENSP00000226574	NFKB1	938	SFRKLSFTESL		psite	997
ENSP00000384273	RELA	276	QLRRPSDRELS	PIM1;PRKACA;RPS6KA4;RPS6KA5	hprd;pelm;psite	999
ENSP00000384273	RELA	281	SDRELSEPMEF		psite	999
ENSP00000384273	RELA	505	ITRLVTGAQRP		pelm;psite	999
ENSP00000172229	NGFR	277	FKRWNSCKQNK	PRKCG	psite	902
ENSP00000320447	NR2C2	370	ISRDQSTPIIE		psite	687
ENSP00000263036	OPTN	206	PTRTVSTGTAL		psite	611
ENSP00000263036	OPTN	342	LERKNSAIPSE		hprd;psite	611
ENSP00000244741	CDKN1A	145	RKRRQTSMTDF	AKT1;DAPK3;PIM1;PIM2;PRKCA	hprd;pelm;psite	829
ENSP00000244741	CDKN1A	146	KRRQTSMTDFY	AKT1;PIM1;PIM2;PRKCA	hprd;pelm;psite	829
ENSP00000269305	TP53	366	GSRAHSSHLKS	CHEK2	hprd;psite	975
ENSP00000355759	PARP1	782	LLRGGSDDSSK		hprd;pelm;psite	415
ENSP00000351789	PELI1	86	LSRAQTVVVEY	IRAK1;IRAK4	psite	966
ENSP00000307235	EIF2AK3	555	RQRKESETQCQ		psite	642
ENSP00000307235	EIF2AK3	802	RSRERTSSSIV		psite	642
ENSP00000307235	EIF2AK3	804	RERTSSSIVFE		psite	642
ENSP00000307235	EIF2AK3	1094	RQRSRSLSSSG		psite	642
ENSP00000307235	EIF2AK3	1096	RSRSLSSSGTK		psite	642
ENSP00000305355	PRKCB	364	SERKGTDELYA		psite	962
ENSP00000305355	PRKCB	634	FDRFFTRHPPV		psite	962
ENSP00000331602	PRKCD	43	TERGKTLVQKK		hprd;psite	642
ENSP00000331602	PRKCD	304	SRRSDSASSEP	PRKCD	hprd;pelm;psite	642
ENSP00000331602	PRKCD	507	ESRASTFCGTP	PDK1;PDPK1	hprd;pelm;psite	642
ENSP00000306124	PRKCE	181	YLRQPTYCSHC		psite	964
ENSP00000306124	PRKCE	346	EDRSKSAPTSP	GSK3B	hprd;psite	964
ENSP00000295797	PRKCI	8	TQRDSSTMSHT		hprd;psite	963
ENSP00000263125	PRKCQ	695	MFRNFSFMNPG		hprd;pelm;psite	994
ENSP00000300093	PLK1	137	LCRRRSLLELH	MAP3K8	pelm;psite	641
ENSP00000300093	PLK1	210	GERKKTLCGTP	AURKA;MAP3K8;STK10	hprd;pelm;psite	641
ENSP00000300093	PLK1	597	SSRSASNRLKA		psite	641
ENSP00000216392	PYGL	15	KRRQISIRGIV		hprd;pelm;psite	569
ENSP00000216392	PYGL	430	RLRRMSLIEEE		psite	569
ENSP00000259808	RIPK1	320	VKRMQSLQLDC		hprd;pelm;psite	967
ENSP00000259808	RIPK1	416	RRRRVSHDPFA		psite	967
ENSP00000220751	RIPK2	174	KWRMMSLSQSR		psite	911
ENSP00000220751	RIPK2	531	VSRSPSLNLLQ		hprd;pelm;psite	911
ENSP00000216274	RIPK3	316	SNRRFSIPESG		psite	902
ENSP00000261313	PEBP1	52	KNRPTSISWDG		hprd;pelm;psite	622
ENSP00000315112	RNF31	466	PPRRLSAPLPS		hprd;pelm;psite	631
ENSP00000374455	SQSTM1	24	EIRRFSFCCSP		hprd;psite	960
ENSP00000374455	SQSTM1	49	CERLLSRVAAL		psite	960
ENSP00000350941	SRC	17	SQRRRSLEPAE	PRKACA	hprd;pelm;psite	858
ENSP00000350941	SRC	51	GHRGPSAAFAP		psite	858
ENSP00000361066	NCOA3	857	YNRAVSLDSPV	CHUK;MAPK6;PRKACA	hprd;pelm;psite	853
ENSP00000264657	STAT3	691	YCRPESQEHPE		hprd;pelm;psite	723
ENSP00000286332	TAB2	423	ASRNMSGQVSM		psite	927
ENSP00000286332	TAB2	524	ETRKLSMGSDD		hprd;psite	927
ENSP00000286332	TAB2	582	LKRSNSISQIP		psite	927
ENSP00000288422	TAB3	506	YQRSSSSGSDD		hprd;pelm;psite	906
ENSP00000288422	TAB3	645	KARRISVTSKV		hprd;psite	906
ENSP00000358335	MAP3K7	439	QPRRRSIQDLT		hprd;pelm;psite	999
ENSP00000329967	TBK1	716	LERFGSLTMDG		hprd;psite	877
ENSP00000363089	TLR4	790	LYRLLSRNTYL	PRKD1	psite	938
ENSP00000162749	TNFRSF1A	417	PRREATLELLG		psite	998
ENSP00000300403	TPX2	499	RIRMPTKEDEE		hprd;psite	619
ENSP00000341268	TRADD	215	VNRPLSLKDQQ		psite	937
ENSP00000247668	TRAF2	55	GHRYCSFCLAS	PRKCZ	psite	995
ENSP00000247668	TRAF2	274	LQRCESLEKKT		psite	995
ENSP00000261464	TRAF5	19	FIRQNSGNSIS		psite	665
ENSP00000221132	TNFRSF10A	424	TGRNASIHTLL		hprd;psite	902
ENSP00000298552	TSC1	487	ISRELSEITTA		psite	964
ENSP00000298552	TSC1	1100	LFRNKSESQCD		psite	964
ENSP00000219476	TSC2	937	SFRARSTSLNE		psite	912
ENSP00000219476	TSC2	939	RARSTSLNERP	AKT1	hprd;pelm;psite	912
ENSP00000219476	TSC2	946	NERPKSLRIAR		psite	912
ENSP00000219476	TSC2	981	RCRSISVSEHV	AKT1	hprd;pelm;psite	912
ENSP00000219476	TSC2	1130	RDRVRSMSGGH		hprd;psite	912
ENSP00000219476	TSC2	1132	RVRSMSGGHGL		hprd;pelm;psite	912
ENSP00000219476	TSC2	1338	YSRSSSVSSQE		hprd;pelm;psite	912
ENSP00000219476	TSC2	1364	IERVVSSEGGR		hprd;psite	912
ENSP00000219476	TSC2	1420	KARSQSGTLDG		hprd;pelm;psite	912
ENSP00000219476	TSC2	1454	SPRSPSGLRPR		psite	912
ENSP00000219476	TSC2	1462	RPRGYTISDSA	AKT1	hprd;pelm;psite	912
ENSP00000219476	TSC2	1798	RKRLISSVEDF	RPS6KA1	hprd;pelm;psite	912
ENSP00000242261	TWIST1	42	RKRRSSRRSAG	AKT1	psite	800
ENSP00000242261	TWIST1	123	RQRTQSLNEAF	AKT1	psite	800
ENSP00000388107	UBA52	57	DGRTLSDYNIQ		hprd;psite	939
ENSP00000304697	UBB	57	DGRTLSDYNIQ		hprd;psite	965
ENSP00000344818	UBC	57	DGRTLSDYNIQ		hprd;psite	999
ENSP00000265560	USP4	445	RLRNDSVIVDT		psite	619
ENSP00000300161	YWHAB	132	YFRYLSEVASG	PRKCZ	hprd;pelm	655
ENSP00000263056	MAP3K8	413	RKRLLSRKELE	AKT1	hprd;pelm	828
ENSP00000189444	NFKB2	811	TYRQTTSPSGS		hprd	969
ENSP00000306124	PRKCE	380	EHRAASSPDGQ		hprd	964
ENSP00000262367	CREBBP	1771	ESRRLSIQRCI		hprd	666
ENSP00000254810	H3F3B	87	DLRFQSAAIGA		hprd	422
ENSP00000355778	H3F3A	87	DLRFQSAAIGA		hprd	421
ENSP00000411397	MARK3	391	KVRPSSDLNNS		hprd	642
ENSP00000361202	IRS4	1231	PEREDSDNDDD		hprd	800
ENSP00000361202	IRS4	66	GSRSDSESEEE		hprd	800
ENSP00000307235	EIF2AK3	862	PPRPTTLSLDL		hprd	642
