name	ILK
id	ENSP00000299421
type	Serine/threonine kinase
proline+1_removed	Yes
npartners	123
npartners_with_sites	104
nsites	140
//
motif	score	fg_matches	fg_size	bg_matches	bg_size	fold_increase
..RR.[ST].....	316.23	23	1147	18	9383	10.45
..R..[ST].....	12.97	117	1124	465	9365	2.1
//
prot_id	prot_name	position	flank	kinase	source	string_score
ENSP00000270202	AKT1	72	RPRPNTFIIRC	AKT1	psite	998
ENSP00000270202	AKT1	246	RERVFSEDRAR	AKT1	psite	998
ENSP00000375892	AKT2	458	PDRYDSLGLLE		psite	854
ENSP00000250617	ARHGEF6	124	CGRSSSLSAAN		hprd;psite	965
ENSP00000250617	ARHGEF6	640	TERKPSEEEYV		hprd;psite	965
ENSP00000250617	ARHGEF6	650	VIRKSTAALEE		hprd;psite	965
ENSP00000250617	ARHGEF6	684	STRKDSIPQVL		hprd;pelm;psite	965
ENSP00000364893	ARHGEF7	153	SHRIKSFDSLG		psite	934
ENSP00000364893	ARHGEF7	694	PERKPSDEEFA		hprd;pelm;psite	934
ENSP00000364893	ARHGEF7	704	ASRKSTAALEE		hprd;psite	934
ENSP00000364893	ARHGEF7	761	LGRRSSLSRLE		hprd;psite	934
ENSP00000216911	AURKA	288	SSRRTTLCGTL	AURKA;PAK1;PRKACA	hprd;pelm;psite	902
ENSP00000351273	CASP8	322	RDRNGTHLDAG		psite	700
ENSP00000330237	CASP9	183	RTRTGSNIDCE	AKT1;PRKACA	hprd;pelm;psite	927
ENSP00000330237	CASP9	195	LRRRFSSLHFM	PRKACA	psite	927
ENSP00000330237	CASP9	196	RRRFSSLHFMV	AKT1	hprd;pelm;psite	927
ENSP00000227507	CCND1	90	LDRFLSLEPVK	PRKACA	hprd;pelm;psite	886
ENSP00000227507	CCND1	234	LTRFLSRVIKC	PRKACA	hprd;pelm;psite	886
ENSP00000405798	CDK16	18	IKRQLSMTLRG	PRKACA	hprd;pelm;psite	462
ENSP00000405798	CDK16	116	PPRKISTEDIN	PRKACA	hprd;pelm;psite	462
ENSP00000405798	CDK16	159	RLRRVSLSEIG	PRKACA	hprd;pelm;psite	462
ENSP00000405798	CDK16	486	SLRSSSMPDSG		hprd;pelm;psite	462
ENSP00000301843	CTTN	282	SERQDSAAVGF		hprd;psite	843
ENSP00000301843	CTTN	399	QARAKTQTPPV		hprd;pelm;psite	843
ENSP00000301843	CTTN	417	EERLPSSPVYE		hprd;pelm;psite	843
ENSP00000387699	CREB1	98	LKRLFSGTQIS	PRKD1	psite	911
ENSP00000387699	CREB1	133	LSRRPSYRKIL	ATM;CAMK4;CAMKK1;DYRK3;MAP3K8;MAPKAPK2;PRKACA;PRKCE;PRKD1;RPS6KA1;RPS6KA2;RPS6KA3;RPS6KA4;RPS6KA5;SGK1;TSSK4	hprd;pelm;psite	911
ENSP00000344456	CTNNB1	332	IMRTYTYEKLL	CAMK2A	psite	939
ENSP00000344456	CTNNB1	472	ALRHLTSRHQE	CAMK2A	psite	939
ENSP00000344456	CTNNB1	552	TQRRTSMGGTQ	AKT1;AKT2;CAMK2A;PRKACA	hprd;pelm;psite	939
ENSP00000417078	DHX36	161	RIRNRSYIDRD		hprd;pelm;psite	404
ENSP00000417078	DHX36	283	AERAESCGSGN		psite	404
ENSP00000315011	EDNRA	289	NRRNGSLRIAL		psite	851
ENSP00000290246	ELMO2	503	KLRSLSYSEIL		psite	980
ENSP00000306245	FOS	362	AHRKGSSSNEP	PRKACA;RPS6KA1;RPS6KA3	hprd;pelm;psite	922
ENSP00000347464	GIT2	415	TNRQKSLDSDL		hprd;psite	921
ENSP00000347464	GIT2	506	LKRRPSARGSR		psite	921
ENSP00000347464	GIT2	514	GSRPMSMYETG		psite	921
ENSP00000347464	GIT2	614	KGRQRSMVWPG		hprd;pelm;psite	921
ENSP00000385720	ARHGAP35	1150	RGRKVSIVSKP	ROCK1	hprd;pelm;psite	882
ENSP00000385720	ARHGAP35	1226	SLRRNTKKPKP	PRKCA;ROCK1	psite	882
ENSP00000324806	GSK3B	9	RPRTTSFAESC	AKT1;AURKA;MAP4K5;PRKACA;PRKCA;PRKCB;PRKCD;PRKCG;PRKCH;RPS6KA1;RPS6KA3;RPS6KB1	hprd;pelm;psite	996
ENSP00000378332	TGFB1I1	403	HARRGSLCATC		hprd;psite	875
ENSP00000312987	HNF4A	143	STRRSSYEDSS		pelm;psite	461
ENSP00000312987	HNF4A	166	LSRQITSPVSG		psite	461
ENSP00000312987	HNF4A	313	IKRLRSQVQVS	PRKAA1;PRKAA2	hprd;pelm;psite	461
ENSP00000254654	ILKAP	82	AKRKTSEEEKN		psite	975
ENSP00000279227	FERMT3	218	LPRPSSLSDKT		psite	551
ENSP00000279227	FERMT3	369	RPRKLTLKGYR		psite	551
ENSP00000345708	KCNJ11	180	HRRAETLIFSK		psite	659
ENSP00000345708	KCNJ11	224	VVRKTTSPEGE	CAMK2D	psite	659
ENSP00000366915	KLF5	443	CNRSFSRSDHL		psite	808
ENSP00000405165	LIMS3	46	LQRRHSDVKVY		psite	954
ENSP00000354558	MTOR	1821	KLRHASGANIT		psite	886
ENSP00000354558	MTOR	2444	NKRSRTRTDSY		hprd;psite	886
ENSP00000354558	MTOR	2446	RSRTRTDSYSA	AKT1;RPS6KB1	hprd;pelm;psite	886
ENSP00000354558	MTOR	2448	RTRTDSYSAGQ	AKT1;RPS6KB1	hprd;pelm;psite	886
ENSP00000261207	PPP1R12A	472	VTRSASSPRLS	NUAK1	psite	965
ENSP00000261207	PPP1R12A	478	SPRLSSSLDNK		hprd;pelm;psite	965
ENSP00000261207	PPP1R12A	507	PRRLASTSDIE		hprd;pelm;psite	965
ENSP00000261207	PPP1R12A	668	RERRRSYLTPV		hprd;psite	965
ENSP00000261207	PPP1R12A	696	QSRRSTQGVTL	RAF1;ROCK1;ROCK2	hprd;pelm;psite	965
ENSP00000261207	PPP1R12A	716	IGRSRSTRTRE		psite	965
ENSP00000261207	PPP1R12A	802	LNRPNSLVGIT		psite	965
ENSP00000261207	PPP1R12A	853	EKRRSTGVSFW	PRKCQ;ROCK1	hprd;psite	965
ENSP00000261207	PPP1R12A	892	ISRYETSSTSA		psite	965
ENSP00000261207	PPP1R12A	903	GDRYDSLLGRS		psite	965
ENSP00000261207	PPP1R12A	910	LGRSGSYSYLE	NUAK1	hprd;pelm;psite	965
ENSP00000261207	PPP1R12A	995	LERRISEMEEE		psite	965
ENSP00000233154	NCK2	61	VERKNSLKKGS		psite	972
ENSP00000278568	PAK1	21	PMRNTSTMIGA	PAK1;PRKG1	hprd;psite	454
ENSP00000355759	PARP1	782	LLRGGSDDSSK		hprd;pelm;psite	910
ENSP00000344220	PDPK1	241	QARANSFVGTA	PDK1;PDPK1	hprd;pelm;psite	745
ENSP00000344220	PDPK1	410	PQRSGSNIEQY	PDK1;PDPK1	hprd;pelm;psite	745
ENSP00000263967	PIK3CA	312	YSRRISTATPY		psite	874
ENSP00000263967	PIK3CA	313	SRRISTATPYM		psite	874
ENSP00000366563	PIK3CD	520	LERRGSGELYE		psite	867
ENSP00000352121	PIK3CG	582	HFRYESLKHPK		psite	867
ENSP00000352121	PIK3CG	1024	ALRHHTNLLII		psite	867
ENSP00000274335	PIK3R1	154	LYRTQSSSNLA		psite	805
ENSP00000274335	PIK3R1	265	NARVLSEIFSP		psite	805
ENSP00000343325	PKN1	69	NLRRATTDLGR		psite	455
ENSP00000343325	PKN1	70	LRRATTDLGRS	PKN1	hprd;psite	455
ENSP00000343325	PKN1	246	VLRLLSAAKAP		hprd;psite	455
ENSP00000343325	PKN1	380	YSRSGSLSGRS	PKN1	hprd;psite	455
ENSP00000343325	PKN1	780	GDRTSTFCGTP	PDK1;PDPK1;PKN1	hprd;pelm;psite	455
ENSP00000234313	PLEK	114	FARKSTRRSIR		hprd;pelm;psite	514
ENSP00000301242	PPP1R14A	12	GKRVLSKLQSP	DAPK3	pelm;psite	948
ENSP00000228307	PXN	250	PQRVTSTQQQT		psite	999
ENSP00000348461	RAC1	71	RLRPLSYPQTV	AKT1	hprd;psite	943
ENSP00000349959	RICTOR	21	RGRNDSGEENV		hprd;pelm;psite	975
ENSP00000349959	RICTOR	35	LTREPSDNLRE		psite	975
ENSP00000349959	RICTOR	383	PHRARSRPDLM		psite	975
ENSP00000349959	RICTOR	1035	SSRHNSESESV		psite	975
ENSP00000349959	RICTOR	1133	NRRIRTLTEPS		psite	975
ENSP00000349959	RICTOR	1135	RIRTLTEPSVD	AKT1;RPS6KB1;RPS6KB2;SGK1	psite	975
ENSP00000349959	RICTOR	1219	KIRSQSFNTDT		hprd;psite	975
ENSP00000349959	RICTOR	1302	PRRAQSLKAPS		psite	975
ENSP00000306015	SYNPO2	363	LRRSESLSEKQ		psite	697
ENSP00000306015	SYNPO2	548	SVRTQSSVSKS		psite	697
ENSP00000306015	SYNPO2	610	PTRNMTSPIAD		psite	697
ENSP00000306015	SYNPO2	1091	SGRSLSLPGRS		psite	697
ENSP00000326550	TACC3	315	AGRAMTLSPQE		hprd;pelm;psite	912
ENSP00000326550	TACC3	558	ALRKQSLYLKF	AURKA	hprd;pelm;psite	912
ENSP00000316029	TLN1	1201	LNRCVSCLPGQ		psite	420
ENSP00000358404	TCF7L2	79	SFRDKSRESLE		psite	496
ENSP00000312624	TCAP	157	LRRSLSRSMSQ	TTN	hprd;pelm;psite	778
ENSP00000312624	TCAP	161	LSRSMSQEAQR		hprd;psite	778
ENSP00000171887	TNS1	338	LIRWDSYDNFS		pelm;psite	939
ENSP00000171887	TNS1	445	LDRLLSGFGLE		pelm;psite	939
ENSP00000171887	TNS1	621	MFRSQSFSEAE		pelm;psite	939
ENSP00000171887	TNS1	701	FPRAASQQEIE		psite	939
ENSP00000171887	TNS1	899	RRRAASDGQYE		psite	939
ENSP00000171887	TNS1	1107	GPRTPTQPLLE		psite	939
ENSP00000171887	TNS1	1119	GFRSGSLGQPS		psite	939
ENSP00000171887	TNS1	1184	QARHRTVGTNT		psite	939
ENSP00000171887	TNS1	1335	EDRRPTLSRQS		psite	939
ENSP00000171887	TNS1	1393	EKRRMSVGDRA		psite	939
ENSP00000171887	TNS1	1400	GDRAGSLPNYA		psite	939
ENSP00000312143	TNS3	332	LIRWDSYENLS		hprd;pelm;psite	619
ENSP00000312143	TNS3	361	KVRKKSSSDPG		psite	619
ENSP00000312143	TNS3	571	LLRKPSVSAQM		psite	619
ENSP00000312143	TNS3	638	PTRGTSSRVAV		psite	619
ENSP00000312143	TNS3	776	RLRKLSLGQYD		hprd;pelm;psite	619
ENSP00000312143	TNS3	941	GQRRESSSSAE		psite	619
ENSP00000312143	TNS3	942	QRRESSSSAER		psite	619
ENSP00000344818	UBC	57	DGRTLSDYNIQ		hprd;psite	409
ENSP00000224237	VIM	26	ASRPSSSRSYV	PRKCA	hprd;pelm;psite	432
ENSP00000224237	VIM	39	STRTYSLGSAL	AKT1;MAPKAPK2;PRKACA;PRKCA	hprd;pelm;psite	432
ENSP00000224237	VIM	48	ALRPSTSRSLY		hprd;pelm;psite	432
ENSP00000224237	VIM	72	AVRLRSSVPGV	PRKACA;ROCK1	hprd;pelm;psite	432
ENSP00000211998	VCL	288	WLRDPSASPGD		hprd;psite	914
ENSP00000226218	VTN	386	SQRGHSRGRNQ	PRKCA	psite	942
ENSP00000226218	VTN	397	NSRRPSRATWL	PRKACA;PRKCA	hprd;pelm;psite	942
ENSP00000361626	YBX1	80	INRNDTKEDVF	CHEK1	psite	817
ENSP00000324422	ZYX	170	KARVSSGYVPP		hprd;pelm;psite	956
ENSP00000385720	ARHGAP35	685	KSRESTLGRRD		hprd;pelm	882
ENSP00000225655	PFN1	92	DLRTKSTGGAP		hprd	460
ENSP00000366915	KLF5	116	KYRRDSASVVD		hprd	808
ENSP00000344220	PDPK1	33	MVRTQTESSTP	PDPK1	hprd	745
