name	INSR
id	ENSP00000303830
type	Tyrosine kinase
proline+1_removed	No
npartners	303
npartners_with_sites	246
nsites	96
//
motif	score	fg_matches	fg_size	bg_matches	bg_size	fold_increase
....DY.....	7.39	89	966	500	10000	1.84
//
prot_id	prot_name	position	flank	kinase	source	string_score
ENSP00000300161	YWHAB	127	KMKGDYFRYLS		psite	686
ENSP00000306330	YWHAG	130	KMKGDYYRYLA		psite	621
ENSP00000340691	EIF4EBP1	34	LPPGDYSTTPG		hprd;psite	543
ENSP00000272065	ACP1	88	FATFDYILCMD		psite	735
ENSP00000270202	AKT1	326	LEDNDYGRAVD	PTK6;SRC	hprd;psite	940
ENSP00000375892	AKT2	327	LEDNDYGRAVD		psite	926
ENSP00000295897	ALB	365	RRHPDYSVVLL		psite	659
ENSP00000295897	ALB	476	PCAEDYLSVVL		psite	659
ENSP00000346032	ANXA2	206	GSVIDYELIDQ		hprd;pelm;psite	845
ENSP00000236959	ATIC	192	EAISDYFRKQY		psite	480
ENSP00000332247	ATP6V0A2	163	DSLLDYSCMQR		psite	899
ENSP00000276390	ATP6V1B2	222	KDVVDYSEENF		psite	899
ENSP00000265523	BLVRA	83	SSHEDYIRQFL	BLVRA	pelm;psite	849
ENSP00000264122	CBLB	802	RTPSDYDLLIP		psite	800
ENSP00000264122	CBLB	889	RTSQDYDQLPS		pelm;psite	800
ENSP00000356346	PTPRC	689	ILPYDYNRVEL		psite	731
ENSP00000356346	PTPRC	790	KRCPDYIIQKL		psite	731
ENSP00000356346	PTPRC	980	VIPYDYNRVPL		psite	731
ENSP00000314458	CDC42	64	AGQEDYDRLRP	SRC	pelm;psite	428
ENSP00000346300	CRKL	48	TCPGDYVLSVS		psite	719
ENSP00000220003	CSK	277	GSLVDYLRSRG		psite	646
ENSP00000233668	DOK1	409	PATDDYAVPPP		hprd;pelm;psite	699
ENSP00000206249	ESR1	219	QGHNDYMCPAT	ABL1	pelm;psite	469
ENSP00000256104	FABP4	20	ENFDDYMKEVG	INSR	hprd;pelm;psite	724
ENSP00000341189	PTK2	155	QVKSDYMLEIA		psite	637
ENSP00000341189	PTK2	397	SETDDYAEIID	FGR;MET;PTK2;SRC	hprd;pelm;psite	637
ENSP00000358866	FLNA	1862	QFYVDYVNCGH		psite	820
ENSP00000358866	FLNA	1932	VLPGDYSILVK		psite	820
ENSP00000358866	FLNA	2305	QEPGDYEVSVK		psite	820
ENSP00000306245	FOS	10	GFNADYEASSS		psite	666
ENSP00000262995	GAB1	183	EDPQDYLLLIN		psite	760
ENSP00000262995	GAB1	689	DERVDYVVVDQ	EGFR;INSR;MET	hprd;pelm;psite	760
ENSP00000335620	GSTA1	147	SHGQDYLVGNK		psite	429
ENSP00000420168	GSTA2	147	SHGQDYLVGNK		psite	430
ENSP00000211122	GSTA3	147	SHGQDYLVGNK		psite	429
ENSP00000364794	IARS	273	KLESDYEILER		psite	513
ENSP00000268035	IGF1R	1165	IYETDYYRKGG	IGF1R;SRC	hprd;pelm;psite	639
ENSP00000304895	IRS1	632	KGSGDYMPMSP	JAK1	hprd;pelm;psite	999
ENSP00000304895	IRS1	989	SSRGDYMTMQM		psite	999
ENSP00000365016	IRS2	632	PYPEDYGDIEI	INSR	hprd;psite	999
ENSP00000365016	IRS2	675	CRSDDYMPMSP		hprd;pelm;psite	999
ENSP00000365016	IRS2	766	LPNGDYLNVSP		psite	999
ENSP00000365016	IRS2	978	SPLSDYMNLDF		hprd;psite	999
ENSP00000361202	IRS4	779	DSESDYMFMAP		hprd;psite	906
ENSP00000361202	IRS4	921	DSSSDYVNMDF		psite	906
ENSP00000316338	BAIAP2	310	PDGEDYSPWAD		hprd;pelm;psite	461
ENSP00000316338	BAIAP2	505	QGLDDYGARSM		psite	461
ENSP00000005260	BAIAP2L1	274	VVRKDYDTLSK		psite	429
ENSP00000005260	BAIAP2L1	439	IPPPDYLECLS		psite	429
ENSP00000343204	JAK1	993	CKGMDYLGSRQ		psite	691
ENSP00000371067	JAK2	221	AKIQDYHILTR	JAK2	hprd;psite	906
ENSP00000371067	JAK2	570	REVGDYGQLHE	JAK2	hprd;pelm;psite	906
ENSP00000371067	JAK2	790	NNCMDYEPDFR		psite	906
ENSP00000371067	JAK2	813	LFTPDYELLTE	JAK2	hprd;pelm;psite	906
ENSP00000371067	JAK2	940	GSLRDYLQKHK		psite	906
ENSP00000367207	MYC	31	NYDLDYDSVQP		psite	551
ENSP00000358635	SYNCRIP	373	KKLKDYAFIHF	FGFR1	pelm;psite	655
ENSP00000358635	SYNCRIP	474	YYGYDYHNYRG		psite	655
ENSP00000289153	PIK3CB	246	VSPYDYVLQVS		psite	653
ENSP00000274335	PIK3R1	368	KMHGDYTLTLR	INSR	hprd;pelm;psite	999
ENSP00000331602	PRKCD	514	CGTPDYIAPEI	LCK	hprd;psite	852
ENSP00000331602	PRKCD	630	KSPRDYSNFDQ		psite	852
ENSP00000295797	PRKCI	430	LRGEDYGFSVD		psite	904
ENSP00000263125	PRKCQ	545	CGTPDYIAPEI		psite	641
ENSP00000244007	PLCG1	771	TAEPDYGALYE	EGFR;LYN;SYK	hprd;pelm;psite	952
ENSP00000244007	PLCG1	833	WWRGDYGGKKQ		psite	952
ENSP00000248594	PTPN12	88	SQDSDYINANF		psite	833
ENSP00000360683	PTPN1	66	QEDNDYINASL	EGFR	hprd;pelm;psite	999
ENSP00000311857	PTPN2	32	NESHDYPHRVA		psite	888
ENSP00000369756	PTPRA	588	EENTDYVNASF		pelm;psite	914
ENSP00000216962	PYGB	263	FNVGDYIEAVL		psite	463
ENSP00000216392	PYGL	778	KVFADYEAYVK		psite	462
ENSP00000251849	RAF1	458	AQGMDYLHAKN		psite	627
ENSP00000274376	RASA1	239	AMCGDYYIGGR		psite	898
ENSP00000272233	RHOB	66	AGQEDYDRLRP		psite	636
ENSP00000238738	RHOQ	70	AGQEDYDRLRP		psite	500
ENSP00000298229	INPPL1	1135	LSEVDYAPAGP		hprd;pelm;psite	911
ENSP00000298229	INPPL1	1162	GLPSDYGRPLS		hprd;pelm;psite	911
ENSP00000391592	PTPN6	301	IPGSDYINANY		psite	901
ENSP00000340944	PTPN11	62	QNTGDYYDLYG		hprd;pelm;psite	999
ENSP00000340944	PTPN11	304	EPVSDYINANI		pelm;psite	999
ENSP00000355136	SORBS1	722	FIPADYLESTE		psite	973
ENSP00000355136	SORBS1	937	KNPVDYMDLPF		psite	973
ENSP00000350941	SRC	522	AFLEDYFTSTE		psite	682
ENSP00000293328	STAT5B	392	NTRNDYSGEIL		psite	980
ENSP00000171887	TNS1	327	SVSVDYNTSDP		pelm;psite	405
ENSP00000171887	TNS1	798	YSPYDYQPCLA		psite	405
ENSP00000171887	TNS1	1149	YSSPDYSLQHF		pelm;psite	405
ENSP00000298552	TSC1	406	CHSDDYVHISL		psite	592
ENSP00000388107	UBA52	59	RTLSDYNIQKE		psite	514
ENSP00000344818	UBC	59	RTLSDYNIQKE		psite	882
ENSP00000359073	VAV3	508	NIRPDYADSNF		psite	686
ENSP00000359073	VAV3	667	PKPVDYSCQPW		psite	686
ENSP00000304895	IRS1	732	PCTGDYMNMSP	JAK1	hprd	999
ENSP00000361202	IRS4	717	VSSSDYMPMAP		hprd	906
ENSP00000316338	BAIAP2	471	IPPPDYGAASR		hprd	461
