name	IRAK1
id	ENSP00000358997
type	Serine/threonine kinase
proline+1_removed	Yes
npartners	210
npartners_with_sites	172
nsites	335
//
motif	score	fg_matches	fg_size	bg_matches	bg_size	fold_increase
..R..[ST].....	307.65	133	1146	483	9383	2.25
.....[ST]..D..	7.64	90	1013	425	8900	1.86
.....[ST]..E..	7.33	109	923	585	8475	1.71
//
prot_id	prot_name	position	flank	kinase	source	string_score
ENSP00000363868	ABCA1	1042	MQRKLSVALAF	PRKACA	hprd;pelm;psite	811
ENSP00000363868	ABCA1	1242	YGISETTLEEI	CSNK2A1	pelm;psite	811
ENSP00000363868	ABCA1	1243	GISETTLEEIF	CSNK2A1	pelm;psite	811
ENSP00000363868	ABCA1	1255	KVAEESGVDAE	CSNK2A1	pelm;psite	811
ENSP00000363868	ABCA1	2054	NKRKLSTAMAL	PRKACA	hprd;pelm;psite	811
ENSP00000270202	AKT1	72	RPRPNTFIIRC	AKT1	psite	771
ENSP00000270202	AKT1	129	SPSDNSGAEEM	CSNK2A1	hprd;pelm;psite	771
ENSP00000270202	AKT1	146	PKHRVTMNEFE		psite	771
ENSP00000270202	AKT1	246	RERVFSEDRAR	AKT1	psite	771
ENSP00000366244	ARAF	157	QQFYHSVQDLS		psite	522
ENSP00000366244	ARAF	212	LQRIRSTSTPN		hprd;pelm;psite	522
ENSP00000366244	ARAF	214	RIRSTSTPNVH		hprd;pelm;psite	522
ENSP00000366244	ARAF	250	GSRGGSDGTPR		psite	522
ENSP00000366244	ARAF	283	QRERKSLADDK		psite	522
ENSP00000366244	ARAF	318	LKRIGTGSFGT		psite	522
ENSP00000366244	ARAF	547	MRRLLSDCLKF		psite	522
ENSP00000366244	ARAF	580	PKIERSASEPS		hprd;psite	522
ENSP00000366244	ARAF	582	IERSASEPSLH		hprd;pelm;psite	522
ENSP00000366244	ARAF	589	PSLHRTQADEL		psite	522
ENSP00000358081	BAG3	274	SVQGASSREGS		hprd;pelm;psite	798
ENSP00000308176	BTK	51	RGRRGSKKGSI		psite	976
ENSP00000308176	BTK	495	RHRFQTQQLLE		psite	976
ENSP00000308176	BTK	602	PYERFTNSETA		psite	976
ENSP00000312741	CAMKK2	100	SGRKLSLQERS		psite	585
ENSP00000312741	CAMKK2	145	LPRRPTVESHH		psite	585
ENSP00000312741	CAMKK2	495	MIRKRSFGNPF		hprd;psite	585
ENSP00000312741	CAMKK2	511	EERSLSAPGNL	DAPK1	hprd;pelm;psite	585
ENSP00000359300	CETN2	138	LGENLTDEELQ		psite	434
ENSP00000353073	CLN3	12	SRRRFSDSEGE		hprd;pelm;psite	532
ENSP00000353073	CLN3	14	RRFSDSEGEET		hprd;pelm;psite	532
ENSP00000353073	CLN3	19	SEGEETVPEPR		hprd;psite	532
ENSP00000362456	PBDC1	181	EKRADSGEEEN		hprd;psite	460
ENSP00000362456	PBDC1	197	EKGADSGEEKE		hprd;pelm;psite	460
ENSP00000369213	DDX58	770	ILRLQTWDEAV	CSNK2A1	psite	534
ENSP00000369213	DDX58	854	KPKQFSSFEKR	CSNK2A1	psite	534
ENSP00000358563	DKC1	21	KKERKSLPEED		hprd;pelm;psite	526
ENSP00000358563	DKC1	451	KRKRESESESD		hprd;pelm;psite	526
ENSP00000358563	DKC1	453	KRESESESDET		hprd;pelm;psite	526
ENSP00000358563	DKC1	485	KAGLESGAEPG		hprd;pelm;psite	526
ENSP00000363559	EIF6	235	STIATSMRDSL	PRKCA	hprd;pelm;psite	619
ENSP00000363559	EIF6	239	TSMRDSLIDSL		hprd;pelm;psite	619
ENSP00000247161	ELK1	303	GGHAASSPEIS		psite	523
ENSP00000358857	EMD	8	NYADLSDTELT		hprd;pelm;psite	756
ENSP00000358857	EMD	60	AASSYSFSDLN		hprd;pelm;psite	756
ENSP00000358857	EMD	67	SDLNSTRGDAD		hprd;pelm;psite	756
ENSP00000358857	EMD	104	YFTTRTYGEPE		psite	756
ENSP00000358857	EMD	141	DDDLLSSSEEE		hprd;psite	756
ENSP00000358857	EMD	142	DDLLSSSEEEC		hprd;psite	756
ENSP00000358857	EMD	143	DLLSSSEEECK		hprd;psite	756
ENSP00000358857	EMD	171	HYRPVSASRSS		hprd;pelm;psite	756
ENSP00000358857	EMD	175	VSASRSSLDLS		hprd;pelm;psite	756
ENSP00000354158	ERC1	37	HRRTNSTGGSS		psite	914
ENSP00000354158	ERC1	75	GPMYLSDHENV		psite	914
ENSP00000301838	FADD	41	LERVQSGLDLF		hprd;psite	941
ENSP00000301838	FADD	203	WNSDASTSEAS	AURKA	psite	941
ENSP00000377225	FAM50A	118	AKRKISSLSFT		psite	687
ENSP00000377225	FAM50A	123	SSLSFTLEEEE		psite	687
ENSP00000377225	FAM50A	276	KARGKSGPLFN		psite	687
ENSP00000358866	FLNA	31	AEMPATEKDLA		hprd;psite	478
ENSP00000358866	FLNA	377	VYVDKSQGDAS		psite	478
ENSP00000358866	FLNA	915	QFSGLTKGDAV		psite	478
ENSP00000358866	FLNA	1286	DARALTQTGGP		psite	478
ENSP00000358866	FLNA	2152	RRRAPSVANVG	PAK1;PRKACA;RPS6KA1	hprd;pelm;psite	478
ENSP00000358866	FLNA	2158	VANVGSHCDLS		hprd;pelm;psite	478
ENSP00000358866	FLNA	2284	SKAEISFEDRK		hprd;psite	478
ENSP00000358866	FLNA	2336	DARRLTVSSLQ		hprd;psite	478
ENSP00000358866	FLNA	2381	EECYVTEIDQD		psite	478
ENSP00000358866	FLNA	2523	GPRLVSNHSLH	CAMK2A;CAMK2G	hprd;pelm;psite	478
ENSP00000326948	FTSJ1	302	ISRVDTFPQPL		hprd;psite	754
ENSP00000358510	FUNDC2	10	APRAGSQVVAT		psite	540
ENSP00000358510	FUNDC2	31	DPLRVSSRDKL		psite	540
ENSP00000377192	G6PD	106	ARSRLTVADIR		psite	529
ENSP00000377192	G6PD	26	GRRRRSADSVM		hprd;psite	529
ENSP00000377192	G6PD	266	ACVILTFKEPF	PRKCD	psite	529
ENSP00000381793	GRB10	426	STPVRSVSENS		psite	504
ENSP00000381793	GRB10	428	PVRSVSENSLV	MTOR	psite	504
ENSP00000254810	H3F3B	46	RYRPGTVALRE	DYRK1B;DYRK2;DYRK3	psite	861
ENSP00000355778	H3F3A	46	RYRPGTVALRE	DYRK1B;DYRK2;DYRK3	psite	861
ENSP00000168216	HSD17B10	45	LDLPNSGGEAQ		psite	563
ENSP00000359393	HMGB3	98	PKRPPSGFFLF		psite	462
ENSP00000309845	HRAS	35	DEYDPTIEDSY		pelm;psite	653
ENSP00000335153	HSP90AA1	185	KIRYESLTDPS		psite	621
ENSP00000335153	HSP90AA1	194	PSKLDSGKELH		psite	621
ENSP00000335153	HSP90AA1	212	QDRTLTIVDTG	PRKACA	hprd;psite	621
ENSP00000335153	HSP90AA1	353	RDKEVSDDEAE	CSNK2A1	hprd;pelm;psite	621
ENSP00000335153	HSP90AA1	385	IEDVGSDEEEE	CSNK2A1	hprd;pelm;psite	621
ENSP00000335153	HSP90AA1	598	GDEMVSLKDYC		psite	621
ENSP00000335153	HSP90AA1	688	QEEKKTKFENL		psite	621
ENSP00000335153	HSP90AA1	745	ALRDNSTMGYM		psite	621
ENSP00000335153	HSP90AA1	763	INPDHSIIETL		hprd;psite	621
ENSP00000335153	HSP90AA1	848	GDDDTSRMEEV		hprd;pelm;psite	621
ENSP00000216797	NFKBIA	32	DDRHDSGLDSM	CHUK;CSNK2A1;IKBKB;IKBKE;RPS6KA1;RPS6KA3;SGK1	hprd;pelm;psite	491
ENSP00000216797	NFKBIA	36	DSGLDSMKDEE	CHUK;CSNK2A1;IKBKB;IKBKE	hprd;pelm;psite	491
ENSP00000216797	NFKBIA	283	QMLPESEDEES	CSNK2A1	hprd;pelm;psite	491
ENSP00000216797	NFKBIA	291	EESYDTESEFT	CSNK2A1	hprd;pelm;psite	491
ENSP00000216797	NFKBIA	299	EFTEFTEDELP	CSNK2A1	psite	491
ENSP00000359424	CHUK	23	RERLGTGGFGN	AKT1;AKT2	hprd;pelm;psite	985
ENSP00000358622	IKBKG	153	LHFQASQREEK	ATM;IKBKB	pelm;psite	998
ENSP00000072516	IL1RAP	556	SPRRSSSDEQG		hprd;pelm;psite	985
ENSP00000072516	IL1RAP	557	PRRSSSDEQGL		hprd;pelm;psite	985
ENSP00000261233	IRAK3	510	TPFECSQSEVM		psite	992
ENSP00000310127	IRF3	14	LPWLVSQLDLG		psite	508
ENSP00000310127	IRF3	135	GSTSDTQEDIL	PRKDC	psite	508
ENSP00000310127	IRF3	175	PLRSPSLDNPT	TBK1	hprd;psite	508
ENSP00000310127	IRF3	385	RVGGASSLENT	TBK1	hprd;pelm;psite	508
ENSP00000370343	IRF4	177	PPLDRSWRDYV		psite	802
ENSP00000349770	IRF5	462	IRLQISNPDLK		psite	896
ENSP00000329411	IRF7	484	QREGVSSLDSS	IKBKE;TBK1	psite	999
ENSP00000329411	IRF7	500	LSSANSLYDDI		psite	999
ENSP00000360266	JUN	8	AKMETTFYDDA	PAK2	psite	748
ENSP00000360266	JUN	62	NSDLLTSPDVG		hprd;psite	748
ENSP00000360266	JUN	231	KEEPQTVPEMP	CSNK2A1	hprd;pelm;psite	748
ENSP00000363944	LAS1L	441	NARRFSAGQWE		psite	443
ENSP00000363944	LAS1L	560	QEEQGSVNDVK		hprd;psite	443
ENSP00000348273	MBP	26	TNRGESEKKRN		psite	700
ENSP00000348273	MBP	39	ELSRTTSEDNE		psite	700
ENSP00000348273	MBP	40	LSRTTSEDNEV		psite	700
ENSP00000348273	MBP	96	LIRLFSRDAPG		hprd;pelm;psite	700
ENSP00000348273	MBP	146	SQRHGSKYLAT	PRKCA	hprd;psite	700
ENSP00000348273	MBP	153	YLATASTMDHA		psite	700
ENSP00000395535	MECP2	369	KGRSSSASSPP		psite	913
ENSP00000363193	MED12	1269	GGRNISVETAS		hprd;psite	539
ENSP00000382423	MAP3K1	20	PGARATSPEAG		psite	907
ENSP00000382423	MAP3K1	923	TKLSASSEDIS		psite	907
ENSP00000382423	MAP3K1	1016	PCRIPSASPQT		psite	907
ENSP00000382423	MAP3K1	1026	TQRKFSLQFHR		psite	907
ENSP00000354927	MAP3K3	178	IKASQSAGDIN		psite	916
ENSP00000354927	MAP3K3	197	RSRHLSVSSQN	PRKACA	hprd;pelm;psite	916
ENSP00000354927	MAP3K3	281	MSRAQSFPDNR		hprd;psite	916
ENSP00000354927	MAP3K3	347	SSRSLSTNGEN		psite	916
ENSP00000354927	MAP3K3	348	SRSLSTNGENM		psite	916
ENSP00000354927	MAP3K3	368	RGRLRSADSEN	PRKACA	hprd;pelm;psite	916
ENSP00000354927	MAP3K3	547	SKRLQTICMSG		psite	916
ENSP00000354927	MAP3K3	559	GMRSVTGTPYW		psite	916
ENSP00000359417	MTMR1	43	GSRQPSVETLD		psite	571
ENSP00000417763	NAA10	205	LAAEDSGGDSK		hprd;pelm;psite	639
ENSP00000384273	RELA	276	QLRRPSDRELS	PIM1;PRKACA;RPS6KA4;RPS6KA5	hprd;pelm;psite	406
ENSP00000384273	RELA	281	SDRELSEPMEF		psite	406
ENSP00000384273	RELA	435	QAGEGTLSEAL	MAPK1	pelm;psite	406
ENSP00000384273	RELA	505	ITRLVTGAQRP		pelm;psite	406
ENSP00000384273	RELA	529	PNGLLSGDEDF	CSNK2A1	pelm;psite	406
ENSP00000384273	RELA	536	DEDFSSIADMD	CAMK4;CHUK;IKBKB;IKBKE;TBK1	hprd;pelm;psite	406
ENSP00000172229	NGFR	277	FKRWNSCKQNK	PRKCG	psite	930
ENSP00000172229	NGFR	313	SVDSQSLHDQQ		hprd;psite	930
ENSP00000360464	NKAP	15	PDREASGSGGR		psite	460
ENSP00000360464	NKAP	80	RSRSRSRERPS		psite	460
ENSP00000360464	NKAP	178	TSASTSEEEKK		psite	460
ENSP00000360464	NKAP	213	KYSEDSDSDSD		psite	460
ENSP00000360464	NKAP	261	KSRKESSDSSS		hprd;pelm;psite	460
ENSP00000360464	NKAP	265	ESSDSSSKESQ		hprd;pelm;psite	460
ENSP00000360464	NKAP	269	SSSKESQEEFL		hprd;pelm;psite	460
ENSP00000360464	NKAP	375	ENQIYSADEKR		psite	460
ENSP00000304803	NKRF	35	QKRHLSTCDGQ		psite	452
ENSP00000304803	NKRF	67	FVASSSKDERQ		psite	452
ENSP00000304803	NKRF	618	YARSESHTDLT		psite	452
ENSP00000156084	OTUD5	177	GAGYNSEDEYE		hprd;pelm;psite	679
ENSP00000156084	OTUD5	431	QPRKASATCSS		psite	679
ENSP00000156084	OTUD5	457	SPRQRSSASSP		psite	679
ENSP00000156084	OTUD5	460	QRSSASSPEHP		psite	679
ENSP00000229794	MAPK14	16	QELNKTIWEVP		hprd;psite	888
ENSP00000229794	MAPK14	175	GLARHTDDEMT		hprd;psite	888
ENSP00000287295	AIFM1	116	KKAALSASEGE		psite	427
ENSP00000287295	AIFM1	118	AALSASEGEEV		psite	427
ENSP00000287295	AIFM1	268	TPRSLSAIDRA		hprd;pelm;psite	427
ENSP00000287295	AIFM1	519	QDNPKSATEQS		psite	427
ENSP00000351789	PELI1	70	AAKAISNKDQH	IRAK1;IRAK4	psite	999
ENSP00000351789	PELI1	86	LSRAQTVVVEY	IRAK1;IRAK4	psite	999
ENSP00000362413	PGK1	256	MEIGTSLFDEE		psite	515
ENSP00000338868	PHF8	615	EFDLDSDDELQ		psite	480
ENSP00000338868	PHF8	669	IEEDYTTDEDM		hprd;pelm;psite	480
ENSP00000338868	PHF8	670	EEDYTTDEDMV		hprd;pelm;psite	480
ENSP00000338868	PHF8	790	YWRTESEEEEE		hprd;psite	480
ENSP00000338868	PHF8	798	EEENASLDEQD		psite	480
ENSP00000338868	PHF8	821	YPSLESDDDDP		hprd;pelm;psite	480
ENSP00000338868	PHF8	868	GTRVASIETGL	CHEK1	psite	480
ENSP00000338868	PHF8	985	TQRRPSVGSQS		psite	480
ENSP00000247970	PIN1	71	QSRRPSSWRQE		psite	921
ENSP00000247970	PIN1	72	SRRPSSWRQEK		psite	921
ENSP00000355014	PJA1	277	KIFFDTDDDDD		psite	569
ENSP00000355014	PJA1	312	RGRGESSSGYP		psite	569
ENSP00000295797	PRKCI	8	TQRDSSTMSHT		hprd;psite	959
ENSP00000295797	PRKCI	222	IPYNPSSHESL		psite	959
ENSP00000295797	PRKCI	591	NPLLMSAEECV		hprd;psite	959
ENSP00000367830	PRKCZ	223	SRKHDSIKDDS		hprd;pelm;psite	961
ENSP00000358696	PLXNA3	958	LTISGSSLDAG		psite	488
ENSP00000358696	PLXNA3	1596	FTRSLSRYESL		psite	488
ENSP00000322304	PORCN	93	LCRHSSHRGVF		psite	417
ENSP00000370113	PPP2R2A	378	TKRDITLEASR		hprd;psite	800
ENSP00000378306	PPP3CB	421	MARVFSVLREE		psite	590
ENSP00000378306	PPP3CB	479	PHRICSFEEAK		psite	590
ENSP00000359645	RBMX	116	GGRGGSGGTRG		psite	502
ENSP00000359645	RBMX	175	PVRSSSGMGGR		hprd;psite	502
ENSP00000359645	RBMX	215	RDDGYSTKDSY		hprd;pelm;psite	502
ENSP00000359645	RBMX	221	TKDSYSSRDYP		psite	502
ENSP00000359645	RBMX	242	PPRDYTYRDYG		psite	502
ENSP00000359645	RBMX	250	DYGHSSSRDDY		psite	502
ENSP00000359645	RBMX	251	YGHSSSRDDYP		hprd;pelm;psite	502
ENSP00000359645	RBMX	261	PSRGYSDRDGY		hprd;psite	502
ENSP00000359645	RBMX	273	RDRDYSDHPSG		psite	502
ENSP00000359645	RBMX	280	HPSGGSYRDSY		hprd;pelm;psite	502
ENSP00000359645	RBMX	308	SYGGSSRYDDY		psite	502
ENSP00000359645	RBMX	315	YDDYSSSRDGY		hprd;psite	502
ENSP00000359645	RBMX	330	DSYSSSRSDLY		hprd;pelm;psite	502
ENSP00000359645	RBMX	337	SDLYSSGRDRV		hprd;pelm;psite	502
ENSP00000339090	RBMX2	144	RTPSPSLSESS		psite	434
ENSP00000339090	RBMX2	148	PSLSESSEDEK		psite	434
ENSP00000339090	RBMX2	149	SLSESSEDEKP		psite	434
ENSP00000339090	RBMX2	272	RDRGRSSDAHS		psite	434
ENSP00000339090	RBMX2	314	RERESSNPSDR		hprd;psite	434
ENSP00000220751	RIPK2	174	KWRMMSLSQSR		psite	964
ENSP00000220751	RIPK2	531	VSRSPSLNLLQ		hprd;pelm;psite	964
ENSP00000357721	S100A8	11	EKALNSIIDVY		psite	934
ENSP00000357721	S100A8	86	AAHKKSHEESH		psite	934
ENSP00000357727	S100A9	68	MEDLDTNADKQ		psite	933
ENSP00000391592	PTPN6	10	FHRDLSGLDAE		psite	837
ENSP00000391592	PTPN6	186	LETFDSLTDLV		psite	837
ENSP00000330320	SLC9A7	693	SRRTKSSSEEV		psite	414
ENSP00000363392	SNX12	14	TRRLNSKPQDL		psite	512
ENSP00000363392	SNX12	73	VRRRYSDFEWL		hprd;pelm;psite	512
ENSP00000374455	SQSTM1	24	EIRRFSFCCSP		hprd;psite	983
ENSP00000374455	SQSTM1	49	CERLLSRVAAL		psite	983
ENSP00000374455	SQSTM1	276	VSPESSSTEEK		hprd;pelm;psite	983
ENSP00000374455	SQSTM1	277	SPESSSTEEKS		hprd;pelm;psite	983
ENSP00000374455	SQSTM1	332	ESDNCSGGDDD		hprd;pelm;psite	983
ENSP00000374455	SQSTM1	342	DWTHLSSKEVD		hprd;psite	983
ENSP00000374455	SQSTM1	349	KEVDPSTGELQ		psite	983
ENSP00000374455	SQSTM1	365	ESEGPSSLDPS		hprd;pelm;psite	983
ENSP00000264657	STAT3	181	YKTLKSQGDMQ		psite	941
ENSP00000264657	STAT3	691	YCRPESQEHPE		hprd;pelm;psite	941
ENSP00000376076	SUMO1	9	QEAKPSTEDLG		hprd;psite	621
ENSP00000216160	TAB1	16	SEQQPSWTDDL		psite	955
ENSP00000286332	TAB2	423	ASRNMSGQVSM		psite	994
ENSP00000286332	TAB2	524	ETRKLSMGSDD		hprd;psite	994
ENSP00000286332	TAB2	582	LKRSNSISQIP		psite	994
ENSP00000288422	TAB3	492	SVIPGSGGEKG		hprd;pelm;psite	914
ENSP00000288422	TAB3	506	YQRSSSSGSDD		hprd;pelm;psite	914
ENSP00000288422	TAB3	645	KARRISVTSKV		hprd;psite	914
ENSP00000358335	MAP3K7	178	ICDFGTACDIQ	MAP3K7	psite	985
ENSP00000358335	MAP3K7	333	SNKSDTNMEQV		psite	985
ENSP00000358335	MAP3K7	393	MSADMSEIEAR		psite	985
ENSP00000358335	MAP3K7	439	QPRRRSIQDLT		hprd;pelm;psite	985
ENSP00000218364	HTATSF1	30	GKDGDTQTDAG		psite	490
ENSP00000218364	HTATSF1	387	LRRSDSVSASE		hprd;pelm;psite	490
ENSP00000218364	HTATSF1	403	RARHFSEHPST		hprd;psite	490
ENSP00000218364	HTATSF1	452	NNAKESSPEKE		hprd;pelm;psite	490
ENSP00000218364	HTATSF1	481	FEGSCSQKESE		hprd;pelm;psite	490
ENSP00000218364	HTATSF1	494	NPVRGSEEDSP		hprd;pelm;psite	490
ENSP00000218364	HTATSF1	521	GLAKESEDDLN		hprd;psite	490
ENSP00000218364	HTATSF1	529	DLNKESEEEVG		hprd;psite	490
ENSP00000218364	HTATSF1	561	QSEDGSEREFE		hprd;psite	490
ENSP00000218364	HTATSF1	579	LDEEGSEKELH		hprd;pelm;psite	490
ENSP00000218364	HTATSF1	600	NDSENSEFEDD		hprd;pelm;psite	490
ENSP00000218364	HTATSF1	616	LDEEGSEREFD		hprd;pelm;psite	490
ENSP00000218364	HTATSF1	747	SSFILSSDDDD		hprd;psite	490
ENSP00000218364	HTATSF1	748	SFILSSDDDDD		hprd;psite	490
ENSP00000329967	TBK1	716	LERFGSLTMDG		hprd;psite	562
ENSP00000240185	TARDBP	116	LPWKTTEQDLK	CSNK1A1	psite	800
ENSP00000240185	TARDBP	183	PNSKQSQDEPL	CSNK1A1	psite	800
ENSP00000240185	TARDBP	403	NGGFGSSMDSK	CSNK1A1	psite	800
ENSP00000314129	TFE3	548	PLRAASDPLLS		hprd;psite	583
ENSP00000314129	TFE3	568	SSRRSSFSMEE		hprd;psite	583
ENSP00000354932	TLR1	678	FVPGKSIVENI		psite	943
ENSP00000363089	TLR4	175	YFSNLTNLEHL		psite	999
ENSP00000363089	TLR4	790	LYRLLSRNTYL	PRKD1	psite	999
ENSP00000361138	TMEM164	64	HILRQTKEDGR		hprd;psite	436
ENSP00000361138	TMEM164	74	RGSPGSQPEQV		hprd;psite	436
ENSP00000331288	TMEM173	366	PELLISGMEKP		psite	765
ENSP00000162749	TNFRSF1A	381	RRLGLSDHEID		psite	667
ENSP00000162749	TNFRSF1A	417	PRREATLELLG		psite	667
ENSP00000237289	TNFAIP3	381	SVPQLSLMDVK		psite	718
ENSP00000284320	TOMM70A	434	RLRPESALAQA		hprd;psite	573
ENSP00000341268	TRADD	215	VNRPLSLKDQQ		psite	412
ENSP00000341268	TRADD	296	ENELTSLAEDL		psite	412
ENSP00000262395	TRAF4	426	GTWRGSLDESS	CHUK	hprd;pelm;psite	660
ENSP00000200457	TRIP6	92	GLRPGSLDAEI		hprd;pelm;psite	808
ENSP00000200457	TRIP6	189	PRRGASQASGP		psite	808
ENSP00000362026	TRMT2B	235	TVRTNSQGHTM		psite	469
ENSP00000362026	TRMT2B	251	HPQKLSQEELH		psite	469
ENSP00000317123	SNRNP200	26	LQADRSLIDRT		hprd;pelm;psite	788
ENSP00000317123	SNRNP200	207	NVQFESDEEEG		hprd;psite	788
ENSP00000317123	SNRNP200	225	VREEASDDDME		hprd;pelm;psite	788
ENSP00000317123	SNRNP200	389	QSRMDTDLETM		psite	788
ENSP00000317123	SNRNP200	756	FLREGSASTEV		hprd;pelm;psite	788
ENSP00000317123	SNRNP200	934	MLRSPTLYGIS		psite	788
ENSP00000317123	SNRNP200	1572	KQTRLTAIDIL		psite	788
ENSP00000317123	SNRNP200	1794	VEQTLSDLEQS		psite	788
ENSP00000317123	SNRNP200	2131	VKEAETDSDSD		hprd;pelm;psite	788
ENSP00000388107	UBA52	57	DGRTLSDYNIQ		hprd;psite	429
ENSP00000344818	UBC	57	DGRTLSDYNIQ		hprd;psite	999
ENSP00000227471	UNC93B1	549	DNSDESDAEGE		hprd;pelm;psite	805
ENSP00000377944	UTP14A	14	SLLALSQQEEL		hprd;psite	544
ENSP00000377944	UTP14A	29	KDYLLSESEDE		hprd;pelm;psite	544
ENSP00000377944	UTP14A	31	YLLSESEDEGD		hprd;pelm;psite	544
ENSP00000377944	UTP14A	389	TKEAATQEDPE		hprd;psite	544
ENSP00000377944	UTP14A	405	EAHGVSESEGE		hprd;pelm;psite	544
ENSP00000377944	UTP14A	407	HGVSESEGEER		hprd;pelm;psite	544
ENSP00000377944	UTP14A	434	SLRKRSELSQD		hprd;pelm;psite	544
ENSP00000377944	UTP14A	510	PERVQTLEELE		psite	544
ENSP00000218056	WDR13	79	SARAYSNSIVR		hprd;psite	412
ENSP00000218056	WDR13	113	HRRSVSRGSYQ		hprd;psite	412
ENSP00000161863	YTHDC2	1090	IPNDSSDSEME		hprd;psite	798
ENSP00000161863	YTHDC2	1092	NDSSDSEMEDK		hprd;pelm;psite	798
ENSP00000161863	YTHDC2	1183	RPRPMSSEELP		psite	798
ENSP00000161863	YTHDC2	1201	NNSRKSSADTE		hprd;psite	798
ENSP00000161863	YTHDC2	1202	NSRKSSADTEF		hprd;psite	798
ENSP00000161863	YTHDC2	1212	FSDECTTAERV		psite	798
ENSP00000322845	ZMYM3	263	ESIPVSDEDSD		hprd;pelm;psite	491
ENSP00000363868	ABCA1	1286	CLRPFTEDDAA		pelm	811
ENSP00000395535	MECP2	178	GRGSPSRREQK		pelm	913
ENSP00000417763	NAA10	189	GNSPPSSGEAC		hprd;pelm	639
ENSP00000335153	HSP90AA1	826	DEDDPTADDTS		hprd	621
ENSP00000335153	HSP90AA1	799	LSSGFSLEDPQ		hprd	621
ENSP00000263339	IL1A	87	KKRRLSLSQSI		hprd	919
ENSP00000348273	MBP	190	APKRGSGKDSH	PRKCA	hprd	700
ENSP00000358866	FLNA	2170	KIPEISIQDMT		hprd	478
ENSP00000363193	MED12	1778	GAAPPSTEERK		hprd	539
ENSP00000359729	SLC9A6	656	RFMGNSSEDAL		hprd	494
ENSP00000218364	HTATSF1	539	GPTKESEEDDS		hprd	490
ENSP00000218364	HTATSF1	544	SEEDDSEKESD		hprd	490
ENSP00000358857	EMD	123	RQSVTSFPDAD		hprd	756
ENSP00000377192	G6PD	153	YQRLNSHMNAL		hprd	529
ENSP00000368349	POLA1	212	IASPVSRKEPP		hprd	409
ENSP00000314129	TFE3	257	TIGSSSEKEID		hprd	583
ENSP00000363868	ABCA1	1582	LGRFMTGLDTK		hprd	811
ENSP00000254810	H3F3B	87	DLRFQSAAIGA		hprd	861
ENSP00000355778	H3F3A	87	DLRFQSAAIGA		hprd	861
ENSP00000353483	MAPK8	258	QPTVRTYVENR		hprd	430
ENSP00000363095	TRIM32	321	ASTSVTFREMD		hprd	569
ENSP00000358335	MAP3K7	446	QDLTVTGTEPG		hprd	985
ENSP00000311344	PPP2R1B	59	LGVERTRSELL		hprd	800
ENSP00000363944	LAS1L	404	LERMLSELPAL		hprd	443
ENSP00000363944	LAS1L	90	PLAVASTADLI		hprd	443
ENSP00000377944	UTP14A	51	LLEAISSLDGK		hprd	544
ENSP00000273221	IQSEC1	925	SALSSSLRDLS		hprd	788
ENSP00000401980	MAVS	407	SAWLDSSSENR		hprd	427
