name	ITK
id	ENSP00000398655
type	Tyrosine kinase
proline+1_removed	No
npartners	105
npartners_with_sites	83
nsites	65
//
motif	score	fg_matches	fg_size	bg_matches	bg_size	fold_increase
.....YDY...	14.7	12	440	19	10000	14.35
..D..Y.....	7.54	49	428	481	9981	2.38
//
prot_id	prot_name	position	flank	kinase	source	string_score
ENSP00000365312	ABI1	455	KVVAIYDYTKD		psite	583
ENSP00000365312	ABI1	484	NDDGWYEGVCN		psite	583
ENSP00000259089	BLK	389	IIDSEYTAQEG		psite	901
ENSP00000224337	BLNK	72	DFDSDYENPDE	SYK	pelm;psite	973
ENSP00000224337	BLNK	96	NADDSYEPPPV	SYK	pelm;psite	973
ENSP00000224337	BLNK	189	DNDENYIHPTE	SYK	pelm;psite	973
ENSP00000308176	BTK	223	KVVALYDYMPM	ABL1;BTK;ITK;LYN;TEC	hprd;pelm;psite	962
ENSP00000308176	BTK	551	VLDDEYTSSVG	BTK;LYN;SYK	hprd;pelm;psite	962
ENSP00000264033	CBL	552	PPDRPYSVGAE		hprd;pelm;psite	978
ENSP00000264033	CBL	700	EEDTEYMTPSS	EGFR;FYN;INSR;LCK;SYK;YES1	hprd;pelm;psite	978
ENSP00000264033	CBL	774	NEDDGYDVPKP	EGFR;FYN;LCK;SRC;SYK;YES1	hprd;pelm;psite	978
ENSP00000300692	CD3D	149	RNDQVYQPLRD		hprd;pelm;psite	973
ENSP00000300692	CD3D	160	RDDAQYSHLGG		hprd;pelm;psite	973
ENSP00000354782	CD247	142	GHDGLYQGLST	LCK	hprd;pelm;psite	963
ENSP00000356346	PTPRC	687	VDILPYDYNRV		psite	626
ENSP00000356346	PTPRC	978	SNVIPYDYNRV		psite	626
ENSP00000342681	CD5	453	HVDNEYSQPPR	FYN;LCK	hprd;pelm;psite	534
ENSP00000342681	CD5	487	SSDSDYDLHGA	FYN;LCK	hprd;pelm;psite	534
ENSP00000283285	CD96	579	ESDLPYHEMET		psite	427
ENSP00000220003	CSK	184	AQDEFYRSGWA		hprd;pelm;psite	808
ENSP00000308774	BMX	566	VLDDQYVSSVG	SRC	hprd;pelm;psite	649
ENSP00000289902	FCER1G	65	KSDGVYTGLST		hprd;pelm;psite	899
ENSP00000363115	FGR	86	LFIALYDYEAR		psite	904
ENSP00000363115	FGR	412	IKDDEYNPCQG	FGR	hprd;pelm;psite	904
ENSP00000357656	FYN	91	LFVALYDYEAR		psite	986
ENSP00000357656	FYN	420	IEDNEYTARQG	FYN	hprd;pelm;psite	986
ENSP00000348578	G3BP1	56	PADAVYGQKEI	LCK	hprd;psite	619
ENSP00000365012	HCK	411	IEDNEYTAREG	HCK	hprd;pelm;psite	904
ENSP00000365439	HNRNPK	234	FYDETYDYGGF	SRC	hprd;pelm;psite	648
ENSP00000365439	HNRNPK	369	QGGSGYDYSYA		psite	648
ENSP00000365439	HNRNPK	373	GYDYSYAGGRG		psite	648
ENSP00000216223	IL2RB	418	GEDDAYCTFPS	LCK	hprd;pelm;psite	575
ENSP00000354119	LAT	45	SSDSLYPRGIQ		psite	986
ENSP00000337825	LCK	394	IEDNEYTAREG	FCGR3A;LCK	hprd;pelm;psite	985
ENSP00000263967	PIK3CA	355	DIDKIYVRTGI		psite	833
ENSP00000274335	PIK3R1	12	QYRALYDYKKE		psite	809
ENSP00000274335	PIK3R1	467	EYDRLYEEYTR		hprd;pelm;psite	809
ENSP00000222254	PIK3R2	464	EYDQLYEEYTR		hprd;pelm;psite	802
ENSP00000262741	PIK3R3	199	EYDRLYEEYTR		psite	800
ENSP00000262741	PIK3R3	341	DADENYFINEE	INSR	hprd;pelm;psite	800
ENSP00000262741	PIK3R3	373	AEDLLYGKPDG		psite	800
ENSP00000244007	PLCG1	210	SGDITYGQFAQ		psite	986
ENSP00000352336	PLCG2	778	TVKALYDYKAK		psite	962
ENSP00000325589	PTPRCAP	115	EQDTDYDHVAD		psite	475
ENSP00000313829	KHDRBS1	375	GYDDTYAEQSY		psite	976
ENSP00000313829	KHDRBS1	396	QGDSEYYDYGH		psite	976
ENSP00000313829	KHDRBS1	397	GDSEYYDYGHG		psite	976
ENSP00000316460	FYB	625	PDDDIYDGIEE		psite	521
ENSP00000316460	FYB	651	MGDEVYDDVDT	FYN	hprd;pelm;psite	521
ENSP00000046794	LCP2	128	EDDGDYESPNE	LCK;SYK;ZAP70	hprd;pelm;psite	999
ENSP00000046794	LCP2	145	EDDADYEPPPS	LCK;TXK;ZAP70	hprd;pelm;psite	999
ENSP00000350941	SRC	419	IEDNEYTARQG	PDGFRA;PDGFRB;PRKACA;SRC	hprd;pelm;psite	963
ENSP00000351255	STAT4	693	RGDKGYVPSVF		hprd;pelm;psite	501
ENSP00000364898	SYK	431	QLDNPYIVRMI		psite	916
ENSP00000364898	SYK	525	RADENYYKAQT	SYK	hprd;pelm;psite	916
ENSP00000295756	TRAT1	43	RQDKMYSYSSD		psite	594
ENSP00000264316	TXK	420	VLDDEYVSSFG	SRC;TXK	hprd;pelm;psite	544
ENSP00000360916	VAV2	142	NDDDVYRSLEE	EGFR;LCK	hprd;pelm;psite	848
ENSP00000360916	VAV2	172	GGDDIYEDIIK	EGFR;LCK	hprd;pelm;psite	848
ENSP00000324740	YES1	100	IFVALYDYEAR		psite	901
ENSP00000324740	YES1	426	IEDNEYTARQG	YES1	hprd;pelm;psite	901
ENSP00000264972	ZAP70	397	QLDNPYIVRLI		psite	936
ENSP00000264972	ZAP70	492	GADDSYYTARS	LCK;ZAP70	hprd;pelm;psite	936
ENSP00000264972	ZAP70	493	ADDSYYTARSA	LCK;ZAP70	hprd;pelm;psite	936
ENSP00000306157	IL7R	169	MHDVAYRQEKD		hprd	493
