name	JAK2
id	ENSP00000371067
type	Tyrosine kinase
proline+1_removed	No
npartners	377
npartners_with_sites	272
nsites	213
//
motif	score	fg_matches	fg_size	bg_matches	bg_size	fold_increase
.....YM.M..	18.84	11	856	2	8997	57.81
..D..Y.....	9.08	98	1050	483	10000	1.93
.....Y..P..	7.98	96	952	520	9517	1.85
//
prot_id	prot_name	position	flank	kinase	source	string_score
ENSP00000361423	ABL1	134	WVPSNYITPVN	FYN;HCK;LYN	hprd;pelm;psite	713
ENSP00000361423	ABL1	147	EKHSWYHGPVS	FYN;HCK;LYN	psite	713
ENSP00000361423	ABL1	234	ITTLHYPAPKR	FYN;HCK;LYN	psite	713
ENSP00000270202	AKT1	315	CGTPEYLAPEV	PTK6;RET;SRC	hprd;psite	410
ENSP00000270202	AKT1	326	LEDNDYGRAVD	PTK6;SRC	hprd;psite	410
ENSP00000270202	AKT1	437	ETDTRYFDEEF		psite	410
ENSP00000295897	ALB	521	EVDETYVPKEF		hprd;psite	562
ENSP00000273430	AGTR1	319	LQLLKYIPPKA	SRC	hprd;pelm;psite	733
ENSP00000310275	BANF1	43	GFDKAYVVLGQ		psite	429
ENSP00000303507	BCR	246	GVDGDYEDAEL	FES	hprd;pelm;psite	843
ENSP00000308176	BTK	225	VALYDYMPMNA		hprd;psite	911
ENSP00000308176	BTK	551	VLDDEYTSSVG	BTK;LYN;SYK	hprd;pelm;psite	911
ENSP00000381412	CAMK2A	230	IKAGAYDFPSP		psite	899
ENSP00000258682	CAMK2B	231	IKAGAYDFPSP		psite	907
ENSP00000339740	CAMK2D	231	IKAGAYDFPSP		psite	899
ENSP00000264033	CBL	552	PPDRPYSVGAE		hprd;pelm;psite	948
ENSP00000264033	CBL	700	EEDTEYMTPSS	EGFR;FYN;INSR;LCK;SYK;YES1	hprd;pelm;psite	948
ENSP00000264033	CBL	774	NEDDGYDVPKP	EGFR;FYN;LCK;SRC;SYK;YES1	hprd;pelm;psite	948
ENSP00000264122	CBLB	665	LGSEEYDVPPR		psite	800
ENSP00000264122	CBLB	709	EDDDEYKIPSS		psite	800
ENSP00000310036	CD34	330	GEDPYYTENGG		psite	563
ENSP00000301843	CTTN	433	KAELSYRGPVS		hprd;psite	834
ENSP00000301843	CTTN	486	AEDSTYDEYEN	ABL1;SRC	hprd;pelm;psite	834
ENSP00000346300	CRKL	132	YVRTLYDFPGN		hprd;psite	939
ENSP00000346300	CRKL	198	RNSNSYGIPEP		hprd;pelm;psite	939
ENSP00000346300	CRKL	207	EPAHAYAQPQT	ABL1	hprd;pelm;psite	939
ENSP00000384053	CSF2RB	593	DFNGPYLGPPH		hprd;pelm;psite	999
ENSP00000303939	CTLA4	60	SFVCEYASPGK		psite	701
ENSP00000303939	CTLA4	218	KQFQPYFIPIN		psite	701
ENSP00000275493	EGFR	764	ILDEAYVMASV	SRC	psite	912
ENSP00000275493	EGFR	944	CTIDVYMIMVK	SRC	hprd;pelm;psite	912
ENSP00000275493	EGFR	1016	VDADEYLIPQQ	ABL1;EGFR;SRC	hprd;pelm;psite	912
ENSP00000275493	EGFR	1125	SRDPHYQDPHS	SRC	hprd;pelm;psite	912
ENSP00000301607	EVPL	963	EVVEFYRDPQL		psite	411
ENSP00000301607	EVPL	1352	AEDAVYELQSK		psite	411
ENSP00000301607	EVPL	1653	EKDQIYEKERT		psite	411
ENSP00000222139	EPOR	485	LSDGPYSNPYE	JAK2	hprd;psite	999
ENSP00000206249	ESR1	52	SKPAVYNYPEG	ABL1	pelm;psite	878
ENSP00000206249	ESR1	219	QGHNDYMCPAT	ABL1	pelm;psite	878
ENSP00000263025	MAPK3	210	VATRWYRAPEI		psite	912
ENSP00000215832	MAPK1	193	VATRWYRAPEI		psite	918
ENSP00000341189	PTK2	407	DEEDTYTMPST	MET;PTK2;PTK2B;SRC	hprd;pelm;psite	857
ENSP00000341189	PTK2	441	VHQGIYMSPEN	BMX;SRC	psite	857
ENSP00000341189	PTK2	576	MEDSTYYKASK	BMX;FGR;MET;PTK2;RET;SRC	hprd;pelm;psite	857
ENSP00000341189	PTK2	720	PSRPGYPSPRS		psite	857
ENSP00000281092	FER	615	KILKQYDHPNI	FER	psite	426
ENSP00000331504	FES	614	RILKQYSHPNI		psite	668
ENSP00000331504	FES	713	EADGVYAASGG	FES	hprd;pelm;psite	668
ENSP00000336752	FIP1L1	27	EEEWLYGGPWD		psite	466
ENSP00000306245	FOS	30	DSLSYYHSPAD		psite	992
ENSP00000357656	FYN	420	IEDNEYTARQG	FYN	hprd;pelm;psite	969
ENSP00000348578	G3BP1	56	PADAVYGQKEI	LCK	hprd;psite	623
ENSP00000229239	GAPDH	42	FIDLNYMVYMF	SRC	hprd;psite	540
ENSP00000230882	GHR	534	LMDNAYFCEAD		hprd;pelm;psite	999
ENSP00000339007	GRB2	209	MFPRNYVTPVN	EGFR;JAK2	hprd;pelm;psite	999
ENSP00000322542	GTF2I	248	SEDPDYYQYNI	BTK;SRC	hprd;pelm;psite	976
ENSP00000322542	GTF2I	519	RSPSWYGIPRL		psite	976
ENSP00000322542	GTF2I	652	ELVISYLPPGM	SRC	hprd;psite	976
ENSP00000269571	ERBB2	772	ILDEAYVMAGV		psite	974
ENSP00000269571	ERBB2	1023	VDAEEYLVPQQ	ERBB2	hprd;psite	974
ENSP00000269571	ERBB2	1127	SETDGYVAPLT		psite	974
ENSP00000269571	ERBB2	1196	VENPEYLTPQG	ERBB2	hprd;pelm;psite	974
ENSP00000269571	ERBB2	1221	AFDNLYYWDQD	ERBB2	hprd;pelm;psite	974
ENSP00000267101	ERBB3	1054	SPSSGYMPMNQ		hprd;psite	922
ENSP00000267101	ERBB3	1132	RGDSAYHSQRH		psite	922
ENSP00000267101	ERBB3	1159	EDVNGYVMPDT		psite	922
ENSP00000267101	ERBB3	1197	DEDEEYEYMNR		hprd;psite	922
ENSP00000267101	ERBB3	1260	TPDEDYEYMNR		hprd;psite	922
ENSP00000267101	ERBB3	1262	DEDYEYMNRQR		hprd;pelm;psite	922
ENSP00000309845	HRAS	157	VEDAFYTLVRE		psite	948
ENSP00000343957	IFNAR2	318	VWDYNYDDESD		psite	957
ENSP00000356713	IFNGR1	457	PTSFGYDKPHV	JAK1	hprd;pelm;psite	999
ENSP00000216797	NFKBIA	42	MKDEEYEQMVK	INSR;LCK;SRC	hprd;pelm;psite	970
ENSP00000263379	IL27RA	613	PLDSGYEKHFL		psite	925
ENSP00000216223	IL2RB	418	GEDDAYCTFPS	LCK	hprd;pelm;psite	971
ENSP00000304895	IRS1	612	HTDDGYMPMSP	JAK1	hprd;pelm;psite	999
ENSP00000304895	IRS1	632	KGSGDYMPMSP	JAK1	hprd;pelm;psite	999
ENSP00000304895	IRS1	662	VDPNGYMMMSP	JAK1	hprd;pelm;psite	999
ENSP00000304895	IRS1	941	TGTEEYMKMDL		hprd;psite	999
ENSP00000304895	IRS1	989	SSRGDYMTMQM		psite	999
ENSP00000365016	IRS2	542	GEFYGYMTMDR		psite	983
ENSP00000365016	IRS2	653	GADDGYMPMTP		hprd;pelm;psite	983
ENSP00000365016	IRS2	675	CRSDDYMPMSP		hprd;pelm;psite	983
ENSP00000365016	IRS2	742	PEDSGYMRMWC		hprd;pelm;psite	983
ENSP00000007722	ITGA3	574	IISMNYSLPLR		psite	899
ENSP00000343204	JAK1	217	PKDISYKRYIP		psite	908
ENSP00000343204	JAK1	1034	ETDKEYYTVKD	JAK3	hprd;pelm;psite	908
ENSP00000343204	JAK1	1125	CPDEVYQLMRK		psite	908
ENSP00000391676	JAK3	980	PLDKDYYVVRE	JAK3	hprd;pelm;psite	639
ENSP00000288135	KIT	570	GNNYVYIDPTQ	KIT	hprd;pelm;psite	990
ENSP00000288135	KIT	721	DSTNEYMDMKP	KIT	hprd;pelm;psite	990
ENSP00000288135	KIT	730	KPGVSYVVPTK		hprd;psite	990
ENSP00000288135	KIT	823	KNDSNYVVKGN	KIT	pelm;psite	990
ENSP00000337825	LCK	192	DNGGFYISPRI	SYK	hprd;pelm;psite	916
ENSP00000337825	LCK	394	IEDNEYTAREG	FCGR3A;LCK	hprd;pelm;psite	916
ENSP00000345492	SH2B3	555	ARDSDYEMDSS		psite	985
ENSP00000354558	MTOR	1880	KTLLMYTVPAV		psite	514
ENSP00000367207	MYC	31	NYDLDYDSVQP		psite	425
ENSP00000315602	CHRNA3	221	KHDIKYNCCEE		hprd;pelm;psite	800
ENSP00000226574	NFKB1	241	VSDAIYDSKAP		psite	913
ENSP00000226574	NFKB1	410	YSFPHYGFPTY		psite	913
ENSP00000358548	NRAS	157	VEDAFYTLVRE		psite	933
ENSP00000274276	OSMR	839	KPNYLYLLPTE		psite	950
ENSP00000162330	BCAR1	115	QPDSVYLVPTP	SRC	hprd;psite	910
ENSP00000162330	BCAR1	128	AQQGLYQVPGP	FGFR1;SRC	hprd;pelm;psite	910
ENSP00000162330	BCAR1	165	PATDLYQVPPG	PTK6;SRC	hprd;pelm;psite	910
ENSP00000162330	BCAR1	179	PAQDIYQVPPS	SRC	hprd;psite	910
ENSP00000162330	BCAR1	192	MGHDIYQVPPS	SRC	hprd;psite	910
ENSP00000162330	BCAR1	234	PEQDEYDIPRH	SRC	hprd;pelm;psite	910
ENSP00000162330	BCAR1	249	GPQDIYDVPPV	FGFR1	hprd;pelm;psite	910
ENSP00000162330	BCAR1	267	YGQEVYDTPPM	SRC	hprd;psite	910
ENSP00000162330	BCAR1	287	PLLEVYDVPPS	SRC	hprd;psite	910
ENSP00000162330	BCAR1	306	NHHAVYDVPPS	FGFR1	hprd;pelm;psite	910
ENSP00000162330	BCAR1	327	LREETYDVPPA	FGFR1	hprd;pelm;psite	910
ENSP00000162330	BCAR1	362	PAEDVYDVPPP	SRC	hprd;psite	910
ENSP00000162330	BCAR1	372	PAPDLYDVPPG		hprd;psite	910
ENSP00000162330	BCAR1	387	GPGTLYDVPRE	SRC	hprd;pelm;psite	910
ENSP00000162330	BCAR1	410	VDSGVYAVPPP	FGFR1;PTK2	hprd;pelm;psite	910
ENSP00000162330	BCAR1	653	SPDGQYENSEG	SRC	hprd;pelm;psite	910
ENSP00000162330	BCAR1	666	MEDYDYVHLQG	PTK2	hprd;psite	910
ENSP00000228872	CDKN1B	88	SLPEFYYRPPR	ABL1;LYN;SRC;YES1	hprd;pelm;psite	729
ENSP00000228872	CDKN1B	89	LPEFYYRPPRP	ABL1;SRC;YES1	pelm;psite	729
ENSP00000269305	TP53	327	PLDGEYFTLQI		psite	424
ENSP00000261799	PDGFRB	581	GHEYIYVDPMQ	PDGFRB	hprd;pelm;psite	967
ENSP00000261799	PDGFRB	740	ESDGGYMDMSK	PDGFRB	hprd;pelm;psite	967
ENSP00000261799	PDGFRB	763	KGDVKYADIES	PDGFRB	hprd;pelm;psite	967
ENSP00000261799	PDGFRB	771	IESSNYMAPYD	PDGFRB	hprd;pelm;psite	967
ENSP00000261799	PDGFRB	857	MRDSNYISKGS	PDGFRB	hprd;pelm;psite	967
ENSP00000261799	PDGFRB	934	ASDEIYEIMQK	ABL1	hprd;psite	967
ENSP00000261799	PDGFRB	1021	EGDNDYIIPLP	PDGFRB	hprd;pelm;psite	967
ENSP00000263967	PIK3CA	355	DIDKIYVRTGI		psite	960
ENSP00000289153	PIK3CB	503	NKKQPYYYPPF		psite	933
ENSP00000289153	PIK3CB	504	KKQPYYYPPFD		psite	933
ENSP00000366563	PIK3CD	440	GERCLYMWPSV		pelm;psite	921
ENSP00000274335	PIK3R1	467	EYDRLYEEYTR		hprd;pelm;psite	971
ENSP00000222254	PIK3R2	464	EYDQLYEEYTR		hprd;pelm;psite	813
ENSP00000262741	PIK3R3	199	EYDRLYEEYTR		psite	819
ENSP00000262741	PIK3R3	341	DADENYFINEE	INSR	hprd;pelm;psite	819
ENSP00000262741	PIK3R3	373	AEDLLYGKPDG		psite	819
ENSP00000366488	PRKACG	205	CGTPEYLAPEI		psite	899
ENSP00000331602	PRKCD	514	CGTPDYIAPEI	LCK	hprd;psite	904
ENSP00000244007	PLCG1	186	LSQVNYRVPNM		psite	944
ENSP00000244007	PLCG1	210	SGDITYGQFAQ		psite	944
ENSP00000244007	PLCG1	959	SELVVYCRPVP		psite	944
ENSP00000244007	PLCG1	1254	SFESRYQQPFE	EGFR	hprd;pelm;psite	944
ENSP00000352336	PLCG2	759	DVSRMYVDPSE	BTK;FYN;LCK;LYN;SRC;SYK	hprd;pelm;psite	661
ENSP00000352336	PLCG2	936	SDLVVYCKPTS		psite	661
ENSP00000234313	PLEK	277	PAYLHYYDPAG		psite	429
ENSP00000371432	PRLR	611	LGGLDYLDPAC		hprd;pelm;psite	999
ENSP00000361021	PTEN	315	DNDKEYLVLTL	LCK	hprd;pelm;psite	412
ENSP00000361021	PTEN	336	DKANRYFSPNF	FRK	psite	412
ENSP00000248594	PTPN12	88	SQDSDYINANF		psite	954
ENSP00000360683	PTPN1	66	QEDNDYINASL	EGFR	hprd;pelm;psite	999
ENSP00000394794	PTPN13	363	KMDPIYHTREL		psite	450
ENSP00000228307	PXN	31	SEETPYSYPTG	PTK2;PTK6	hprd;pelm;psite	571
ENSP00000228307	PXN	118	EEEHVYSFPNK	FYN;PTK2;PTK6	hprd;pelm;psite	571
ENSP00000228307	PXN	181	ALSPLYGVPET		hprd;pelm;psite	571
ENSP00000332816	PTK2B	579	IEDEDYYKASV	PTK2B	hprd;pelm;psite	647
ENSP00000332816	PTK2B	699	ERNARYRTPKI		psite	647
ENSP00000332816	PTK2B	722	PSRPKYRPPPQ		psite	647
ENSP00000332816	PTK2B	756	TSPMEYPSPVN		hprd;psite	647
ENSP00000332816	PTK2B	881	TDDLVYLNVME	PTK2B	hprd;pelm;psite	647
ENSP00000251849	RAF1	232	SSQHRYSTPHA		psite	853
ENSP00000251849	RAF1	340	QRDSSYYWEIE	JAK2;SRC	hprd;pelm;psite	853
ENSP00000361264	RAPGEF1	79	FLPEGYPLPLD		psite	837
ENSP00000361264	RAPGEF1	408	HYDPDYEFLQQ		psite	837
ENSP00000361264	RAPGEF1	579	QLLEDYSEPQP		psite	837
ENSP00000361264	RAPGEF1	588	QPSMFYQTPQN		psite	837
ENSP00000295025	REL	597	VQDSQYSGIGS		psite	420
ENSP00000296474	MST1R	1238	ILDREYYSVQQ	MST1R	hprd;pelm;psite	675
ENSP00000296474	MST1R	1317	CPDSLYQVMQQ		psite	675
ENSP00000313829	KHDRBS1	375	GYDDTYAEQSY		psite	833
ENSP00000313829	KHDRBS1	396	QGDSEYYDYGH		psite	833
ENSP00000337163	SH2B1	55	ASHPQYAGPGA		psite	999
ENSP00000401303	SHC1	349	PPDHQYYNDFP	FLT4;SRC;SYK;ZAP70	hprd;pelm;psite	984
ENSP00000401303	SHC1	428	FDDPSYVNVQN	FLT3;FLT4;MET;SRC;SYK;ZAP70	hprd;pelm;psite	984
ENSP00000348307	SIRPA	429	TNDITYADLNL		psite	934
ENSP00000261024	SLC40A1	303	GWVSYYNQPVF		psite	422
ENSP00000384675	SOS1	618	LTYHMYADPNF		psite	925
ENSP00000350941	SRC	419	IEDNEYTARQG	PDGFRA;PDGFRB;PRKACA;SRC	hprd;pelm;psite	970
ENSP00000366746	STAM	381	NEDPMYSMYAK		hprd;psite	953
ENSP00000354394	STAT1	68	QLDDQYSRFSL		psite	999
ENSP00000264657	STAT3	45	SQDWAYAASKE		psite	999
ENSP00000264657	STAT3	686	EAFGKYCRPES		hprd;psite	999
ENSP00000351255	STAT4	693	RGDKGYVPSVF		hprd;pelm;psite	942
ENSP00000341208	STAT5A	668	LSYLIYVFPDR		psite	999
ENSP00000341208	STAT5A	682	EVFSKYYTPVL		psite	999
ENSP00000341208	STAT5A	694	KAVDGYVKPQI	BTK;JAK2;JAK3;LCK;LYN;SRC;SYK	hprd;pelm;psite	999
ENSP00000293328	STAT5B	665	LGDLNYLIYVF		psite	999
ENSP00000293328	STAT5B	668	LNYLIYVFPDR		hprd;psite	999
ENSP00000293328	STAT5B	682	EVYSKYYTPVP		psite	999
ENSP00000293328	STAT5B	699	KAVDGYVKPQI	EGFR;HCK;PTK6;SRC	hprd;pelm;psite	999
ENSP00000177694	TBX21	220	PGNRLYVHPDS		psite	914
ENSP00000370912	TEC	130	WTDGSYQCCRQ		psite	988
ENSP00000370912	TEC	519	VLDDQYTSSSG		psite	988
ENSP00000360916	VAV2	142	NDDDVYRSLEE	EGFR;LCK	hprd;pelm;psite	911
ENSP00000360916	VAV2	172	GGDDIYEDIIK	EGFR;LCK	hprd;pelm;psite	911
ENSP00000351777	VCP	110	CPDVKYGKRIH		psite	629
ENSP00000351777	VCP	244	RGILLYGPPGT		psite	629
ENSP00000324740	YES1	146	YIPSNYVAPAD		psite	961
ENSP00000324740	YES1	426	IEDNEYTARQG	YES1	hprd;pelm;psite	961
ENSP00000314709	ZHX2	705	ADDHGYDAVAR		psite	916
ENSP00000264033	CBL	337	FREGFYLFPDG		pelm	948
ENSP00000338799	IL6ST	683	SKDQMYSDGNF		pelm	976
ENSP00000293328	STAT5B	679	PKDEVYSKYYT	SRC	hprd;pelm	999
ENSP00000322542	GTF2I	318	IEDDDYSPPSK		pelm	976
ENSP00000345492	SH2B3	273	MPDNLYTFVLK	LCK;ZAP70	hprd;pelm	985
ENSP00000306157	IL7R	169	MHDVAYRQEKD		hprd	857
ENSP00000304895	IRS1	732	PCTGDYMNMSP	JAK1	hprd	999
ENSP00000265773	SMARCA2	642	ESDSDYEEEDE		hprd	454
ENSP00000365016	IRS2	810	SLPRSYKAPYT		hprd	983
ENSP00000301607	EVPL	360	NLDAKYSPAPG		hprd	411
ENSP00000315602	CHRNA3	233	YPDITYSLYIR		hprd	800
