name	JAK3
id	ENSP00000391676
type	Tyrosine kinase
proline+1_removed	No
npartners	185
npartners_with_sites	133
nsites	124
//
motif	score	fg_matches	fg_size	bg_matches	bg_size	fold_increase
....DY.....	6.42	57	528	500	9462	2.04
....EY.....	6.25	62	590	538	10000	1.95
//
prot_id	prot_name	position	flank	kinase	source	string_score
ENSP00000270202	AKT1	315	CGTPEYLAPEV	PTK6;RET;SRC	hprd;psite	932
ENSP00000270202	AKT1	326	LEDNDYGRAVD	PTK6;SRC	hprd;psite	932
ENSP00000295897	ALB	365	RRHPDYSVVLL		psite	480
ENSP00000295897	ALB	425	EQLGEYKFQNA		psite	480
ENSP00000295897	ALB	476	PCAEDYLSVVL		psite	480
ENSP00000373700	ALK	1078	LQSPEYKLSKL		hprd;pelm;psite	840
ENSP00000373700	ALK	1092	TIMTDYNPNYC		hprd;pelm;psite	840
ENSP00000303507	BCR	246	GVDGDYEDAEL	FES	hprd;pelm;psite	609
ENSP00000303507	BCR	276	WPPLEYQPYQS	FES	hprd;pelm;psite	609
ENSP00000303507	BCR	852	LISSDYERAEW		psite	609
ENSP00000264033	CBL	700	EEDTEYMTPSS	EGFR;FYN;INSR;LCK;SYK;YES1	hprd;pelm;psite	935
ENSP00000264122	CBLB	106	LSENEYFKIYI		psite	919
ENSP00000264122	CBLB	665	LGSEEYDVPPR		psite	919
ENSP00000264122	CBLB	709	EDDDEYKIPSS		psite	919
ENSP00000264122	CBLB	802	RTPSDYDLLIP		psite	919
ENSP00000264122	CBLB	889	RTSQDYDQLPS		pelm;psite	919
ENSP00000354566	CD3E	188	VPNPDYEPIRK	FYN;LCK	hprd;pelm;psite	674
ENSP00000354782	CD247	83	GRREEYDVLDK		hprd;pelm;psite	693
ENSP00000356346	PTPRC	689	ILPYDYNRVEL		psite	769
ENSP00000356346	PTPRC	763	NKCAEYWPSME		psite	769
ENSP00000356346	PTPRC	790	KRCPDYIIQKL		psite	769
ENSP00000356346	PTPRC	980	VIPYDYNRVPL		psite	769
ENSP00000384053	CSF2RB	628	PGSLEYLCLPA		hprd;pelm;psite	800
ENSP00000384053	CSF2RB	822	QQVGDYCFLPG	LYN	pelm;psite	800
ENSP00000384053	CSF2RB	882	LKQQDYLSLPP	LYN	psite	800
ENSP00000276420	DOK2	299	GQEGEYAVPFD		hprd;pelm;psite	899
ENSP00000276420	DOK2	402	QPGTEYDNVVL		psite	899
ENSP00000222139	EPOR	426	AASFEYTILDP	JAK2	hprd;pelm;psite	896
ENSP00000222139	EPOR	468	GISTDYSSGDS	JAK2	hprd;psite	896
ENSP00000263025	MAPK3	204	GFLTEYVATRW	JAK2;MAP2K1;MAP2K2;MAPK3;RET	hprd;pelm;psite	908
ENSP00000215832	MAPK1	187	GFLTEYVATRW	JAK2;MAP2K1;MAPK1;RET	hprd;pelm;psite	912
ENSP00000331504	FES	261	QPEAEYQGFLR		psite	963
ENSP00000306245	FOS	10	GFNADYEASSS		psite	507
ENSP00000357656	FYN	420	IEDNEYTARQG	FYN	hprd;pelm;psite	915
ENSP00000309845	HRAS	32	HFVDEYDPTIE		psite	933
ENSP00000309845	HRAS	64	AGQEEYSAMRD		psite	933
ENSP00000270139	IFNAR1	481	SSIDEYFSEQP	TYK2	hprd;pelm;psite	945
ENSP00000343957	IFNAR2	316	KKVWDYNYDDE		psite	936
ENSP00000343957	IFNAR2	411	FPEEDYSSTEG		pelm;psite	936
ENSP00000256452	IL5RA	65	NVNLEYQVKIN		psite	856
ENSP00000370343	IRF4	62	AGKQDYNREED		psite	910
ENSP00000370343	IRF4	181	RSWRDYVPDQP		psite	910
ENSP00000370343	IRF4	440	SNPEDYHRSIR		psite	910
ENSP00000304895	IRS1	46	PARLEYYENEK		hprd;pelm;psite	995
ENSP00000304895	IRS1	632	KGSGDYMPMSP	JAK1	hprd;pelm;psite	995
ENSP00000304895	IRS1	896	KSPGEYVNIEF	IGF1R	hprd;pelm;psite	995
ENSP00000304895	IRS1	941	TGTEEYMKMDL		hprd;psite	995
ENSP00000304895	IRS1	989	SSRGDYMTMQM		psite	995
ENSP00000365016	IRS2	75	PPRLEYYESEK		hprd;pelm;psite	976
ENSP00000365016	IRS2	598	ASLDEYTLMRA		psite	976
ENSP00000365016	IRS2	632	PYPEDYGDIEI	INSR	hprd;psite	976
ENSP00000365016	IRS2	675	CRSDDYMPMSP		hprd;pelm;psite	976
ENSP00000365016	IRS2	766	LPNGDYLNVSP		psite	976
ENSP00000365016	IRS2	978	SPLSDYMNLDF		hprd;psite	976
ENSP00000343204	JAK1	993	CKGMDYLGSRQ		psite	963
ENSP00000343204	JAK1	1034	ETDKEYYTVKD	JAK3	hprd;pelm;psite	963
ENSP00000371067	JAK2	221	AKIQDYHILTR	JAK2	hprd;psite	639
ENSP00000371067	JAK2	570	REVGDYGQLHE	JAK2	hprd;pelm;psite	639
ENSP00000371067	JAK2	790	NNCMDYEPDFR		psite	639
ENSP00000371067	JAK2	813	LFTPDYELLTE	JAK2	hprd;pelm;psite	639
ENSP00000371067	JAK2	931	KLIMEYLPYGS		psite	639
ENSP00000371067	JAK2	940	GSLRDYLQKHK		psite	639
ENSP00000371067	JAK2	966	CKGMEYLGTKR		psite	639
ENSP00000371067	JAK2	1007	PQDKEYYKVKE	JAK2	hprd;pelm;psite	639
ENSP00000298622	JAKMIP3	728	DEELDYRKQAL		psite	619
ENSP00000337825	LCK	394	IEDNEYTAREG	FCGR3A;LCK	hprd;pelm;psite	965
ENSP00000337825	LCK	489	RPTFDYLRSVL		psite	965
ENSP00000361548	MPL	591	QAQMDYRRLQP		psite	859
ENSP00000367207	MYC	31	NYDLDYDSVQP		psite	925
ENSP00000358548	NRAS	32	HFVDEYDPTIE		psite	922
ENSP00000358548	NRAS	64	AGQEEYSAMRD		psite	922
ENSP00000347379	OCLN	315	SPPSDYVERVD		psite	808
ENSP00000347379	OCLN	402	HYETDYTTGGE	SRC	psite	808
ENSP00000347379	OCLN	443	TGLQEYKSLQS		psite	808
ENSP00000347379	OCLN	467	KELDDYREESE		psite	808
ENSP00000347379	OCLN	474	EESEEYMAAAD		psite	808
ENSP00000347379	OCLN	481	AAADEYNRLKQ		psite	808
ENSP00000274276	OSMR	945	PHCSEYKMQMA		psite	842
ENSP00000263967	PIK3CA	246	LCVLEYQGKYI		psite	930
ENSP00000263967	PIK3CA	1038	QEALEYFMKQM		psite	930
ENSP00000289153	PIK3CB	246	VSPYDYVLQVS		psite	866
ENSP00000274335	PIK3R1	76	GTYVEYIGRKK		psite	963
ENSP00000274335	PIK3R1	368	KMHGDYTLTLR	INSR	hprd;pelm;psite	963
ENSP00000274335	PIK3R1	452	KKLHEYNTQFQ		hprd;pelm;psite	963
ENSP00000274335	PIK3R1	463	EKSREYDRLYE		psite	963
ENSP00000274335	PIK3R1	470	RLYEEYTRTSQ		psite	963
ENSP00000274335	PIK3R1	508	RYSKEYIEKFK		psite	963
ENSP00000274335	PIK3R1	556	KQAAEYREIDK		hprd;pelm;psite	963
ENSP00000222254	PIK3R2	365	KIQGEYTLTLR		hprd;pelm;psite	800
ENSP00000222254	PIK3R2	460	DKSREYDQLYE		hprd;psite	800
ENSP00000222254	PIK3R2	467	QLYEEYTRTSQ		hprd;pelm;psite	800
ENSP00000262741	PIK3R3	184	KKLQEYHSQYQ		psite	800
ENSP00000262741	PIK3R3	195	EKSKEYDRLYE		psite	800
ENSP00000262741	PIK3R3	202	RLYEEYTRTSQ		psite	800
ENSP00000305355	PRKCB	507	CGTPDYIAPEI		psite	900
ENSP00000306124	PRKCE	573	CGTPDYIAPEI		psite	899
ENSP00000367830	PRKCZ	428	LRGEEYGFSVD		psite	902
ENSP00000371432	PRLR	509	AKPLDYVEIHK		psite	854
ENSP00000371432	PRLR	611	LGGLDYLDPAC		hprd;pelm;psite	854
ENSP00000319169	PRMT5	286	LQYLEYLSQNR		psite	625
ENSP00000319169	PRMT5	307	KGYEDYLQSPL	JAK2	psite	625
ENSP00000311857	PTPN2	32	NESHDYPHRVA		psite	724
ENSP00000332816	PTK2B	579	IEDEDYYKASV	PTK2B	hprd;pelm;psite	963
ENSP00000332816	PTK2B	756	TSPMEYPSPVN		hprd;psite	963
ENSP00000332816	PTK2B	819	QMVEDYQWLRQ		psite	963
ENSP00000313829	KHDRBS1	369	ETYEEYGYDDT		psite	712
ENSP00000313829	KHDRBS1	396	QGDSEYYDYGH		psite	712
ENSP00000366936	SHB	114	MCRLDYCGGSG		hprd;psite	642
ENSP00000366936	SHB	246	TIADDYSDPFD		hprd;pelm;psite	642
ENSP00000366936	SHB	336	RPADEYDQPWE		hprd;psite	642
ENSP00000391592	PTPN6	301	IPGSDYINANY		psite	994
ENSP00000391592	PTPN6	390	HDTTEYKLRTL		psite	994
ENSP00000391592	PTPN6	536	GQESEYGNITY	ABL1;INSR;LCK;SRC	hprd;pelm;psite	994
ENSP00000340944	PTPN11	62	QNTGDYYDLYG		hprd;pelm;psite	987
ENSP00000340944	PTPN11	304	EPVSDYINANI		pelm;psite	987
ENSP00000340944	PTPN11	542	RKGHEYTNIKY	ALK;FYN;PDGFRB	hprd;pelm;psite	987
ENSP00000354394	STAT1	170	DLQDEYDFKCK		psite	992
ENSP00000293328	STAT5B	392	NTRNDYSGEIL		psite	993
ENSP00000364898	SYK	28	EEAEDYLVQGG		psite	916
ENSP00000372322	ZMYM2	502	SCVSEYKQVGS	FGFR1	psite	420
ENSP00000372322	ZMYM2	683	VTYCEYCQEEK	FGFR1	psite	420
ENSP00000365016	IRS2	919	KSPGEYINIDF		hprd;pelm	976
ENSP00000304895	IRS1	732	PCTGDYMNMSP	JAK1	hprd	995
ENSP00000364898	SYK	131	NLIREYVKQTW	LYN	hprd	916
