name	KDR
id	ENSP00000263923
type	Tyrosine kinase
proline+1_removed	No
npartners	203
npartners_with_sites	163
nsites	175
//
motif	score	fg_matches	fg_size	bg_matches	bg_size	fold_increase
.....Y..P..	7.01	68	631	544	10000	1.98
.....Y.N...	6.35	51	563	400	9456	2.14
.....YD....	6.22	52	512	439	9056	2.1
//
prot_id	prot_name	position	flank	kinase	source	string_score
ENSP00000272065	ACP1	120	ELLGSYDPQKQ		psite	621
ENSP00000272065	ACP1	133	IEDPYYGNDSD	FYN;LCK	hprd;psite	621
ENSP00000270202	AKT1	315	CGTPEYLAPEV	PTK6;RET;SRC	hprd;psite	451
ENSP00000296511	ANXA5	91	KPSRLYDAYEL		psite	705
ENSP00000263574	APLP2	750	MQNHGYENPTY		hprd;pelm;psite	430
ENSP00000351407	ARNT	561	RFSEIYHNINA		psite	919
ENSP00000343741	ATR	291	DQLKLYEEPLS	ABL1	psite	691
ENSP00000343741	ATR	310	FEAEAYRNIEP	ABL1	psite	691
ENSP00000343741	ATR	317	NIEPVYLNMLL		psite	691
ENSP00000339191	CAV1	14	SEGHLYTVPIR	ABL1;FYN;SRC	hprd;pelm;psite	746
ENSP00000339191	CAV1	42	SEKQVYDAHTK		hprd;psite	746
ENSP00000264033	CBL	455	APSPNYDDDDD		hprd;psite	986
ENSP00000264033	CBL	700	EEDTEYMTPSS	EGFR;FYN;INSR;LCK;SYK;YES1	hprd;pelm;psite	986
ENSP00000264033	CBL	774	NEDDGYDVPKP	EGFR;FYN;LCK;SRC;SYK;YES1	hprd;pelm;psite	986
ENSP00000264122	CBLB	92	LILSKYDDNQK		psite	800
ENSP00000264122	CBLB	665	LGSEEYDVPPR		psite	800
ENSP00000264122	CBLB	709	EDDDEYKIPSS		psite	800
ENSP00000264122	CBLB	802	RTPSDYDLLIP		psite	800
ENSP00000264122	CBLB	889	RTSQDYDQLPS		pelm;psite	800
ENSP00000314458	CDC42	64	AGQEDYDRLRP	SRC	pelm;psite	927
ENSP00000344115	CDH5	658	MDTTSYDVSVL	SRC	hprd;psite	998
ENSP00000344115	CDH5	725	GDGPPYDTLHI		psite	998
ENSP00000352798	COL18A1	1211	GPPGPYGRPGY		psite	842
ENSP00000300574	CRK	221	PEPGPYAQPSV	ABL1;ABL2;EGFR	hprd;pelm;psite	692
ENSP00000300574	CRK	251	RVPNAYDKTAL	ABL1	psite	692
ENSP00000384053	CSF2RB	593	DFNGPYLGPPH		hprd;pelm;psite	621
ENSP00000304669	CTNNA1	619	ASRLVYDGIRD		hprd;pelm;psite	899
ENSP00000344456	CTNNB1	489	AVRLHYGLPVV	ABL1	psite	977
ENSP00000275493	EGFR	1016	VDADEYLIPQQ	ABL1;EGFR;SRC	hprd;pelm;psite	456
ENSP00000275493	EGFR	1092	LPVPEYINQSV	ABL1;EGFR	hprd;pelm;psite	456
ENSP00000275493	EGFR	1110	VQNPVYHNQPL	EGFR	hprd;pelm;psite	456
ENSP00000275493	EGFR	1125	SRDPHYQDPHS	SRC	hprd;pelm;psite	456
ENSP00000275493	EGFR	1138	VGNPEYLNTVQ		hprd;psite	456
ENSP00000297494	NOS3	81	VGSITYDTLSA		hprd;pelm;psite	659
ENSP00000206249	ESR1	52	SKPAVYNYPEG	ABL1	pelm;psite	461
ENSP00000206249	ESR1	219	QGHNDYMCPAT	ABL1	pelm;psite	461
ENSP00000206249	ESR1	537	NVVPLYDLLLE	LCK;SRC	hprd;pelm;psite	461
ENSP00000308774	BMX	216	TSLAQYDSNSK	BTK;ITK;TEC	hprd;pelm;psite	658
ENSP00000341189	PTK2	407	DEEDTYTMPST	MET;PTK2;PTK2B;SRC	hprd;pelm;psite	829
ENSP00000341189	PTK2	441	VHQGIYMSPEN	BMX;SRC	psite	829
ENSP00000341189	PTK2	720	PSRPGYPSPRS		psite	829
ENSP00000331504	FES	614	RILKQYSHPNI		psite	901
ENSP00000299293	FRS2	196	EQVHTYVNTTG		psite	657
ENSP00000299293	FRS2	290	EWDTGYDSDER		psite	657
ENSP00000299293	FRS2	306	VNKLVYENING		psite	657
ENSP00000299293	FRS2	349	TALLNYENLPS		psite	657
ENSP00000299293	FRS2	392	DPMHNYVNTEN		psite	657
ENSP00000357656	FYN	91	LFVALYDYEAR		psite	984
ENSP00000078429	GNA11	80	FTKLVYQNIFT		psite	622
ENSP00000254301	LGALS3	79	PAPGVYPGPPS	ABL1;ABL2	psite	804
ENSP00000254301	LGALS3	107	PATGPYGAPAG	ABL1	psite	804
ENSP00000254301	LGALS3	118	PLIVPYNLPLP	ABL1;ABL2	psite	804
ENSP00000229239	GAPDH	49	VYMFQYDSTHG		psite	462
ENSP00000229239	GAPDH	140	VNHEKYDNSLK		psite	462
ENSP00000229239	GAPDH	255	EKPAKYDDIKK		psite	462
ENSP00000229239	GAPDH	314	KLISWYDNEFG		psite	462
ENSP00000229239	GAPDH	320	DNEFGYSNRVV		psite	462
ENSP00000381793	GRB10	404	YGMLLYQNYRI		hprd;pelm;psite	785
ENSP00000339007	GRB2	209	MFPRNYVTPVN	EGFR;JAK2	hprd;pelm;psite	988
ENSP00000322542	GTF2I	519	RSPSWYGIPRL		psite	828
ENSP00000322542	GTF2I	652	ELVISYLPPGM	SRC	hprd;psite	828
ENSP00000269571	ERBB2	1023	VDAEEYLVPQQ	ERBB2	hprd;psite	418
ENSP00000269571	ERBB2	1127	SETDGYVAPLT		psite	418
ENSP00000269571	ERBB2	1139	SPQPEYVNQPD	ERBB2	hprd;pelm;psite	418
ENSP00000269571	ERBB2	1196	VENPEYLTPQG	ERBB2	hprd;pelm;psite	418
ENSP00000309845	HRAS	32	HFVDEYDPTIE		psite	559
ENSP00000335153	HSP90AA1	160	IINTFYSNKEI		psite	931
ENSP00000268182	IQGAP1	1114	ASKLPYDVTPE		psite	972
ENSP00000363998	ITCH	379	NQRFIYGNQDL	FYN	pelm;psite	800
ENSP00000296181	ITGB5	774	ASNPLYRKPIS		psite	427
ENSP00000256078	KRAS	32	HFVDEYDPTIE		psite	479
ENSP00000417281	MDM2	400	QESEDYSQPST	ABL1	hprd;pelm;psite	836
ENSP00000317272	MET	989	SELVRYDARVH		psite	701
ENSP00000317272	MET	1248	LARDMYDKEYY	MET	hprd;pelm;psite	701
ENSP00000317272	MET	1374	HVNATYVNVKC	ABL1;MET;MST1R	hprd;pelm;psite	701
ENSP00000354558	MTOR	1880	KTLLMYTVPAV		psite	575
ENSP00000352208	MYOF	1369	PKEELYMPPLV		psite	934
ENSP00000288986	NCK1	105	PGERLYDLNMP	ABL1	hprd;pelm;psite	983
ENSP00000288986	NCK1	268	PPQCDYIRPSL		hprd;pelm;psite	983
ENSP00000233154	NCK2	110	GADRIYDLNIP		hprd;pelm;psite	899
ENSP00000233154	NCK2	271	APQISYTGPSS		psite	899
ENSP00000383199	NEDD4L	485	PQPSPYNSPKP		psite	800
ENSP00000358548	NRAS	32	HFVDEYDPTIE		psite	479
ENSP00000314067	PAK2	130	DVLKFYDSNTV	SRC	hprd;pelm;psite	901
ENSP00000314067	PAK2	443	EGEPPYLNENP		psite	901
ENSP00000263967	PIK3CA	317	STATPYMNGET		psite	875
ENSP00000289153	PIK3CB	503	NKKQPYYYPPF		psite	869
ENSP00000289153	PIK3CB	504	KKQPYYYPPFD		psite	869
ENSP00000289153	PIK3CB	962	PFILTYDFIHV		psite	869
ENSP00000366563	PIK3CD	440	GERCLYMWPSV		pelm;psite	868
ENSP00000366563	PIK3CD	936	PFILTYDFVHV		psite	868
ENSP00000274335	PIK3R1	12	QYRALYDYKKE		psite	820
ENSP00000274335	PIK3R1	463	EKSREYDRLYE		psite	820
ENSP00000274335	PIK3R1	528	RIMHNYDKLKS		psite	820
ENSP00000222254	PIK3R2	460	DKSREYDQLYE		hprd;psite	803
ENSP00000262741	PIK3R3	195	EKSKEYDRLYE		psite	822
ENSP00000262741	PIK3R3	260	RIMMNYDKLKS		psite	822
ENSP00000262741	PIK3R3	373	AEDLLYGKPDG		psite	822
ENSP00000244007	PLCG1	186	LSQVNYRVPNM		psite	994
ENSP00000244007	PLCG1	959	SELVVYCRPVP		psite	994
ENSP00000244007	PLCG1	991	TKAEKYVNKAK		psite	994
ENSP00000244007	PLCG1	1254	SFESRYQQPFE	EGFR	hprd;pelm;psite	994
ENSP00000352336	PLCG2	753	DINSLYDVSRM	BTK;FYN;LCK;LYN;SRC	hprd;pelm;psite	923
ENSP00000352336	PLCG2	759	DVSRMYVDPSE	BTK;FYN;LCK;LYN;SRC;SYK	hprd;pelm;psite	923
ENSP00000352336	PLCG2	778	TVKALYDYKAK		psite	923
ENSP00000352336	PLCG2	936	SDLVVYCKPTS		psite	923
ENSP00000352336	PLCG2	1048	MRTEKYDPMPP		psite	923
ENSP00000352336	PLCG2	1217	NQLFLYDTHQN	BTK;LCK	hprd;pelm;psite	923
ENSP00000270861	PLK4	177	CGTPNYISPEI	PLK4	psite	477
ENSP00000415481	PROM1	828	DSEDVYDDVET	FYN;SRC	psite	752
ENSP00000311857	PTPN2	54	RDVSPYDHSRV		psite	809
ENSP00000334928	PTPRB	2199	PLFPIYENVNP		psite	844
ENSP00000400010	PTPRJ	1071	RGKNRYNNVLP		psite	977
ENSP00000400010	PTPRJ	1077	NNVLPYDISRV		psite	977
ENSP00000400010	PTPRJ	1311	KVDLIYQNTTA		psite	977
ENSP00000400010	PTPRJ	1320	TAMTIYENLAP		psite	977
ENSP00000228307	PXN	31	SEETPYSYPTG	PTK2;PTK6	hprd;pelm;psite	906
ENSP00000228307	PXN	118	EEEHVYSFPNK	FYN;PTK2;PTK6	hprd;pelm;psite	906
ENSP00000228307	PXN	181	ALSPLYGVPET		hprd;pelm;psite	906
ENSP00000332816	PTK2B	699	ERNARYRTPKI		psite	910
ENSP00000332816	PTK2B	722	PSRPKYRPPPQ		psite	910
ENSP00000332816	PTK2B	756	TSPMEYPSPVN		hprd;psite	910
ENSP00000332816	PTK2B	834	LDPMVYMNDKS		hprd;psite	910
ENSP00000332816	PTK2B	881	TDDLVYLNVME	PTK2B	hprd;pelm;psite	910
ENSP00000348461	RAC1	64	AGQEDYDRLRP	PTK2;SRC	psite	864
ENSP00000304283	RAC3	64	AGQEDYDRLRP		psite	864
ENSP00000274376	RASA1	472	TKDAFYKNIVK		psite	675
ENSP00000274376	RASA1	615	HFTNPYCNIYL		hprd;pelm;psite	675
ENSP00000269886	SH3GL1	315	SCKALYDFEPE	PTK2;SRC	pelm;psite	800
ENSP00000366936	SHB	96	DFEDPYNGPGS		psite	971
ENSP00000366936	SHB	246	TIADDYSDPFD		hprd;pelm;psite	971
ENSP00000366936	SHB	268	GESAGYMEPYE		hprd;psite	971
ENSP00000366936	SHB	297	KGIQLYDTPYE		psite	971
ENSP00000366936	SHB	336	RPADEYDQPWE		hprd;psite	971
ENSP00000401303	SHC1	349	PPDHQYYNDFP	FLT4;SRC;SYK;ZAP70	hprd;pelm;psite	994
ENSP00000401303	SHC1	428	FDDPSYVNVQN	FLT3;FLT4;MET;SRC;SYK;ZAP70	hprd;pelm;psite	994
ENSP00000264554	SHC2	338	SLEHNYYNSIP		psite	993
ENSP00000264554	SHC2	414	HEEHLYVNTQG		psite	993
ENSP00000364995	SHC3	341	GSDHPYYNSIP		psite	800
ENSP00000364995	SHC3	406	GSSDIYSTPEG		psite	800
ENSP00000364995	SHC3	424	GEAPTYVNTQQ		psite	800
ENSP00000329668	SHC4	374	REDHEYYNEIP		psite	800
ENSP00000329668	SHC4	424	KCSSVYENCLE		psite	800
ENSP00000329668	SHC4	465	FDDPCYINTQA		psite	800
ENSP00000391592	PTPN6	61	NSGDFYDLYGG		hprd;psite	996
ENSP00000391592	PTPN6	276	KGKNRYKNILP		psite	996
ENSP00000391592	PTPN6	301	IPGSDYINANY		psite	996
ENSP00000391592	PTPN6	536	GQESEYGNITY	ABL1;INSR;LCK;SRC	hprd;pelm;psite	996
ENSP00000340944	PTPN11	63	NTGDYYDLYGG		hprd;pelm;psite	993
ENSP00000340944	PTPN11	179	CQELKYDVGGG		psite	993
ENSP00000340944	PTPN11	279	KNKNRYKNILP		hprd;psite	993
ENSP00000340944	PTPN11	304	EPVSDYINANI		pelm;psite	993
ENSP00000340944	PTPN11	542	RKGHEYTNIKY	ALK;FYN;PDGFRB	hprd;pelm;psite	993
ENSP00000340944	PTPN11	580	DSARVYENVGL	ALK	hprd;pelm;psite	993
ENSP00000354394	STAT1	170	DLQDEYDFKCK		psite	673
ENSP00000354394	STAT1	668	PLKYLYPNIDK		psite	673
ENSP00000264657	STAT3	686	EAFGKYCRPES		hprd;psite	561
ENSP00000260356	THBS1	319	RPPLCYHNGVQ		psite	540
ENSP00000357182	SH2D2A	260	LPPEVYTIPVP	LCK	psite	967
ENSP00000357182	SH2D2A	280	PSNPIYNEPDE	LCK	hprd;pelm;psite	967
ENSP00000282397	FLT1	1048	LARDIYKNPDY		hprd;pelm;psite	985
ENSP00000282397	FLT1	1213	SDDVRYVNAFK	FLT1	hprd;pelm;psite	985
ENSP00000282397	FLT1	1333	NSVVLYSTPPI	FLT1	hprd;pelm;psite	985
ENSP00000261937	FLT4	833	CEYLSYDASQW	SRC	psite	997
ENSP00000261937	FLT4	1063	LARDIYKDPDY	SRC	pelm;psite	997
ENSP00000261937	FLT4	1230	SLAARYYNWVS	KDR	hprd;pelm;psite	997
ENSP00000324740	YES1	100	IFVALYDYEAR		psite	629
ENSP00000324740	YES1	146	YIPSNYVAPAD		psite	629
ENSP00000314709	ZHX2	705	ADDHGYDAVAR		psite	504
ENSP00000275493	EGFR	915	FGSKPYDGIPA	SRC	hprd;pelm	456
ENSP00000264033	CBL	337	FREGFYLFPDG		pelm	986
ENSP00000322542	GTF2I	318	IEDDDYSPPSK		pelm	828
ENSP00000331736	SELE	603	ESDGSYQKPSY		hprd	430
ENSP00000269571	ERBB2	923	FGAKPYDGIPA		hprd	418
ENSP00000261023	ITGAV	225	EIVSKYDPNVY		hprd	927
