name	KSR1
id	ENSP00000268763
type	Serine/threonine kinase
proline+1_removed	Yes
npartners	41
npartners_with_sites	34
nsites	48
//
motif	score	fg_matches	fg_size	bg_matches	bg_size	fold_increase
..R..[ST].....	10.68	46	293	483	9383	3.05
//
prot_id	prot_name	position	flank	kinase	source	string_score
ENSP00000300161	YWHAB	60	GARRSSWRVIS	PRKCD	hprd;pelm;psite	920
ENSP00000264335	YWHAE	64	SWRIISSIEQK		hprd;psite	908
ENSP00000248975	YWHAH	59	GARRSSWRVIS		pelm;psite	917
ENSP00000306330	YWHAG	59	GARRSSWRVIS	LATS2	psite	931
ENSP00000309503	YWHAZ	58	GARRSSWRVVS	AKT1;MAPKAPK2;PRKACA	hprd;pelm;psite	962
ENSP00000309503	YWHAZ	63	SWRVVSSIEQK		psite	962
ENSP00000288602	BRAF	363	GQRDRSSSAPN		hprd;psite	952
ENSP00000288602	BRAF	365	RDRSSSAPNVH	AKT1;AKT3	hprd;pelm;psite	952
ENSP00000288602	BRAF	429	RERKSSSSSED	AKT1;AKT3	hprd;pelm;psite	952
ENSP00000288602	BRAF	440	RNRMKTLGRRD		hprd;pelm;psite	952
ENSP00000288602	BRAF	446	LGRRDSSDDWE	PAK1	hprd;pelm;psite	952
ENSP00000288602	BRAF	447	GRRDSSDDWEI		hprd;pelm;psite	952
ENSP00000288602	BRAF	465	GQRIGSGSFGT		psite	952
ENSP00000288602	BRAF	729	IHRSASEPSLN		hprd;pelm;psite	952
ENSP00000321656	CDC25C	38	LERDTSFTVCP		hprd;pelm;psite	460
ENSP00000321656	CDC25C	216	LYRSPSMPENL	BRSK1;CHEK1;CHEK2;MAPK14;MAPKAPK2;MARK3	hprd;pelm;psite	460
ENSP00000321656	CDC25C	449	LLRCRSQSKVQ		psite	460
ENSP00000354609	CNKSR1	300	HQRSPSLSLAP		hprd;pelm;psite	790
ENSP00000363763	EPHB2	576	FERADSEYTDK		psite	621
ENSP00000308383	LSP1	204	IDRTESLNRSI	MAPKAPK2	hprd;pelm;psite	809
ENSP00000308383	LSP1	252	LARQASIELPS	MAPKAPK2	hprd;pelm;psite	809
ENSP00000411397	MARK3	419	KQRRYSDHAGP		hprd;pelm;psite	800
ENSP00000411397	MARK3	438	PKRSQTSTADS		psite	800
ENSP00000411397	MARK3	489	PERKKSSTVPS		psite	800
ENSP00000411397	MARK3	507	MTRRNTYVCSE	PRKACA	pelm;psite	800
ENSP00000411397	MARK3	576	ERRTATYNGPP		psite	800
ENSP00000411397	MARK3	643	SSRNVSAEQKD		psite	800
ENSP00000411397	MARK3	602	RSRGSTNLFSK	MARK3	psite	800
ENSP00000302486	MAP2K1	298	PGRPLSSYGMD	PAK1	hprd;pelm;psite	996
ENSP00000262948	MAP2K2	306	PGRPVSGHGMD		psite	770
ENSP00000370113	PPP2R2A	378	TKRDITLEASR		hprd;psite	905
ENSP00000251849	RAF1	43	YQRRASDDGKL	PRKACA;PRKCA	hprd;pelm;psite	967
ENSP00000251849	RAF1	257	SQRQRSTSTPN		hprd;pelm;psite	967
ENSP00000251849	RAF1	259	RQRSTSTPNVH	AKT1;PRKACA;RAF1	hprd;pelm;psite	967
ENSP00000251849	RAF1	285	AIRSHSESASP		psite	967
ENSP00000251849	RAF1	339	GQRDSSYYWEI	PAK1	hprd;pelm;psite	967
ENSP00000251849	RAF1	357	STRIGSGSFGT		psite	967
ENSP00000251849	RAF1	621	INRSASEPSLH	PRKACA;RAF1	hprd;pelm;psite	967
ENSP00000361264	RAPGEF1	329	MSRATSGSSLP		hprd;psite	874
ENSP00000361264	RAPGEF1	353	AQRRLSGGSHS		psite	874
ENSP00000361264	RAPGEF1	1085	KPRNITRRKTD		psite	874
ENSP00000361264	RAPGEF1	1089	ITRRKTDREEK		psite	874
ENSP00000358464	SHOC2	85	GTRKKSSNAEV		psite	677
ENSP00000340944	PTPN11	576	EMREDSARVYE	PRKCA;PRKCB;PRKCH	hprd;psite	433
ENSP00000342381	VRK2	449	KSRSPSWYKYT		psite	866
ENSP00000314709	ZHX2	713	VARKATKPMAE		psite	909
ENSP00000300161	YWHAB	132	YFRYLSEVASG	PRKCZ	hprd;pelm	920
ENSP00000411397	MARK3	391	KVRPSSDLNNS		hprd	800
