name	LATS1
id	ENSP00000253339
type	Serine/threonine kinase
proline+1_removed	Yes
npartners	55
npartners_with_sites	46
nsites	95
//
motif	score	fg_matches	fg_size	bg_matches	bg_size	fold_increase
..R..[ST].....	307.65	95	502	483	9383	3.68
//
prot_id	prot_name	position	flank	kinase	source	string_score
ENSP00000300161	YWHAB	60	GARRSSWRVIS	PRKCD	hprd;pelm;psite	899
ENSP00000290378	ACTC1	188	AGRDLTDYLMK		psite	636
ENSP00000290378	ACTC1	201	TERGYSFVTTA		psite	636
ENSP00000387739	AMOTL1	241	VNRANSGQAHK		hprd;psite	913
ENSP00000387739	AMOTL1	724	HSRNGSYGESS		psite	913
ENSP00000387739	AMOTL1	809	HSRQTSLTSSQ		hprd;psite	913
ENSP00000387739	AMOTL1	901	RGRLSTTPAHS		hprd;psite	913
ENSP00000249883	AMOTL2	159	HVRSLSERLLQ		psite	903
ENSP00000249883	AMOTL2	760	SQRAASLDSVA		hprd;psite	903
ENSP00000311032	CASP3	150	GDRCRSLTGKP	MAPK14	pelm;psite	910
ENSP00000366997	DIS3	599	QLRIDSANMND		psite	400
ENSP00000005340	DVL2	169	PRRRDSSEHGA		psite	899
ENSP00000005340	DVL2	170	RRRDSSEHGAG		psite	899
ENSP00000005340	DVL2	630	SSRGGSLRRGG		psite	899
ENSP00000376652	EVL	160	LERRTSATGPI		hprd;psite	434
ENSP00000376652	EVL	333	WERSNSVEKPV		hprd;pelm;psite	434
ENSP00000376652	EVL	347	LSRTPSVAKSP		hprd;pelm;psite	434
ENSP00000369600	FRY	1983	HQRSFSVPKKF		psite	452
ENSP00000351113	FRYL	101	RPRSSTKSKGD		psite	443
ENSP00000351113	FRYL	1915	ANRKSTGQLNL		psite	443
ENSP00000351113	FRYL	1941	NARSNSLRLSL		psite	443
ENSP00000351113	FRYL	1957	GDRRRSNTLDI		psite	443
ENSP00000351113	FRYL	1959	RRRSNTLDIMD		pelm;psite	443
ENSP00000351113	FRYL	1978	LARTRSLSSLR		hprd;psite	443
ENSP00000351113	FRYL	2332	VTRSTSSTSSG		psite	443
ENSP00000351113	FRYL	2454	GVRRRSLDSID		psite	443
ENSP00000335153	HSP90AA1	185	KIRYESLTDPS		psite	633
ENSP00000335153	HSP90AA1	212	QDRTLTIVDTG	PRKACA	hprd;psite	633
ENSP00000335153	HSP90AA1	745	ALRDNSTMGYM		psite	633
ENSP00000258080	HTRA2	96	RTREASENSGT		psite	640
ENSP00000258080	HTRA2	212	RVRLLSGDTYE	AKT1;AKT2	psite	640
ENSP00000363998	ITCH	344	FTRTTTWQRPT	SGK3	psite	845
ENSP00000363998	ITCH	409	EKRTDSNGRVY	SGK3	psite	845
ENSP00000265293	WWC1	929	IIRSKTFSPGP		hprd;pelm;psite	993
ENSP00000265293	WWC1	947	LNRSDSDSSTL		hprd;pelm;psite	993
ENSP00000265293	WWC1	975	MKRPSSVKSLR	PRKCZ	hprd;psite	993
ENSP00000372035	LATS2	172	VTRRPSFEGTG	CHEK2	psite	961
ENSP00000372035	LATS2	380	LARRDSLQKPG	AURKA;CHEK2	hprd;pelm;psite	961
ENSP00000372035	LATS2	408	PSRTNSFNSHQ	CHEK1;CHEK2	psite	961
ENSP00000372035	LATS2	835	HVRQDSMEPSD		psite	961
ENSP00000336740	LIMK1	298	VLRSCSIDRSP	LIMK1	hprd;pelm;psite	651
ENSP00000336740	LIMK1	323	LGRSESLRVVC	MAPKAPK2	psite	651
ENSP00000336740	LIMK1	637	YRRGESGLPAH		psite	651
ENSP00000318089	LPP	116	EERRSSLDAEI		hprd;pelm;psite	503
ENSP00000354671	MAST2	74	LFRKLSNPDIF		hprd;pelm;psite	619
ENSP00000354671	MAST2	92	LQRQLSQDDCK		psite	619
ENSP00000354671	MAST2	144	RMRNQSLGQSA		psite	619
ENSP00000354671	MAST2	230	DGRRWSLASLP		psite	619
ENSP00000354671	MAST2	297	AMRPRSRSLSP		psite	619
ENSP00000354671	MAST2	299	RPRSRSLSPGR		hprd;psite	619
ENSP00000354671	MAST2	876	TKRSLSEEKED		psite	619
ENSP00000354671	MAST2	895	KGRDRSWVIGS		psite	619
ENSP00000354671	MAST2	931	VRRRCSGLLDA		psite	619
ENSP00000354671	MAST2	1032	RHRLLSGDSTE		psite	619
ENSP00000354671	MAST2	1256	LNRSLSSGESG		psite	619
ENSP00000354671	MAST2	1337	SPRRKSAGSIP		psite	619
ENSP00000354671	MAST2	1393	LSRPKSAEPPR		psite	619
ENSP00000354671	MAST2	1429	TSRKHSLDLPH		psite	619
ENSP00000417281	MDM2	164	VSRPSTSSRRR		psite	651
ENSP00000417281	MDM2	172	RRRAISETEEN	AKT1;CSNK1D;DAPK3;MAPKAPK2;PIM1	hprd;pelm;psite	651
ENSP00000417281	MDM2	192	RKRHKSDSISL	AKT1;DAPK3;PIM1	hprd;pelm;psite	651
ENSP00000417281	MDM2	425	FEREETQDKEE	CSNK1D	psite	651
ENSP00000361892	STK4	120	RLRNKTLTEDE	AKT1	psite	964
ENSP00000361892	STK4	307	LKRQESQQREV		psite	964
ENSP00000361892	STK4	387	KRRDETMQPAK		psite	964
ENSP00000390500	STK3	117	RLRNKTLIEDE	AKT1	psite	982
ENSP00000390500	STK3	384	MKRNATSPQVQ	AKT1	hprd;pelm;psite	982
ENSP00000261402	NUAK1	600	RQRIRSCVSAE	AKT1	pelm;psite	632
ENSP00000202556	PPP1R13B	687	PLRYQSDADLE		psite	704
ENSP00000348461	RAC1	71	RLRPLSYPQTV	AKT1	hprd;psite	465
ENSP00000349547	RASSF1	206	SVRRRTSFYLP	AURKA	hprd;psite	733
ENSP00000349547	RASSF1	207	VRRRTSFYLPK	AURKA;AURKB;CDK4;PRKACA	psite	733
ENSP00000349547	RASSF1	179	LVRPVSVPSSK	GSK3B	psite	733
ENSP00000349547	RASSF1	201	PGRGTSVRRRT		psite	733
ENSP00000353847	WWTR1	66	HSRQSSTDSSG		psite	977
ENSP00000353847	WWTR1	89	HVRSHSSPASL		hprd;psite	977
ENSP00000353847	WWTR1	117	HLRQQSYDVTD		hprd;psite	977
ENSP00000353847	WWTR1	311	HSREQSTDSGL		psite	977
ENSP00000200457	TRIP6	92	GLRPGSLDAEI		hprd;pelm;psite	456
ENSP00000200457	TRIP6	189	PRRGASQASGP		psite	456
ENSP00000344818	UBC	57	DGRTLSDYNIQ		hprd;psite	856
ENSP00000331327	WT1	433	CERRFSRSDQL	PRKACA	hprd;pelm;psite	540
ENSP00000331327	WT1	461	CQRKFSRSDHL	PRKACA	hprd;pelm;psite	540
ENSP00000282441	YAP1	61	HVRGDSETDLE	LATS1	hprd;pelm;psite	999
ENSP00000282441	YAP1	109	HSRQASTDAGT	LATS1	hprd;pelm;psite	999
ENSP00000282441	YAP1	127	HVRAHSSPASL	AKT1;LATS1;LATS2;STK3	hprd;pelm;psite	999
ENSP00000282441	YAP1	164	HLRQSSFEIPD	LATS1	hprd;pelm;psite	999
ENSP00000282441	YAP1	397	HSRDESTDSGL	LATS1	hprd;pelm;psite	999
ENSP00000324422	ZYX	170	KARVSSGYVPP		hprd;pelm;psite	748
ENSP00000300161	YWHAB	132	YFRYLSEVASG	PRKCZ	hprd;pelm	899
ENSP00000005340	DVL2	222	MSRFSSSTEQS		hprd	899
ENSP00000324729	SAV1	90	IMRRESNRLSA		hprd	985
ENSP00000265293	WWC1	923	FLRGSTIIRSK		hprd	993
ENSP00000387739	AMOTL1	51	SGRHETSALTV		hprd	913
ENSP00000249883	AMOTL2	597	AQRDTTLIRHS		hprd	903
