name	LATS2
id	ENSP00000372035
type	Serine/threonine kinase
proline+1_removed	Yes
npartners	50
npartners_with_sites	43
nsites	78
//
motif	score	fg_matches	fg_size	bg_matches	bg_size	fold_increase
..R..[ST].....	14.51	77	549	483	9383	2.72
//
prot_id	prot_name	position	flank	kinase	source	string_score
ENSP00000300161	YWHAB	60	GARRSSWRVIS	PRKCD	hprd;pelm;psite	899
ENSP00000264335	YWHAE	64	SWRIISSIEQK		hprd;psite	899
ENSP00000306330	YWHAG	59	GARRSSWRVIS	LATS2	psite	621
ENSP00000387739	AMOTL1	241	VNRANSGQAHK		hprd;psite	912
ENSP00000387739	AMOTL1	724	HSRNGSYGESS		psite	912
ENSP00000387739	AMOTL1	809	HSRQTSLTSSQ		hprd;psite	912
ENSP00000387739	AMOTL1	901	RGRLSTTPAHS		hprd;psite	912
ENSP00000249883	AMOTL2	159	HVRSLSERLLQ		psite	981
ENSP00000249883	AMOTL2	760	SQRAASLDSVA		hprd;psite	981
ENSP00000216911	AURKA	288	SSRRTTLCGTL	AURKA;PAK1;PRKACA	hprd;pelm;psite	628
ENSP00000311032	CASP3	150	GDRCRSLTGKP	MAPK14	pelm;psite	912
ENSP00000372023	CHEK2	163	FGRDKSCEYCF	CHEK2	psite	640
ENSP00000372023	CHEK2	183	KYRTYSKKHFR	CHEK2	psite	640
ENSP00000263209	DGCR8	367	EEREQSSDLTP		psite	675
ENSP00000366997	DIS3	599	QLRIDSANMND		psite	400
ENSP00000005340	DVL2	169	PRRRDSSEHGA		psite	899
ENSP00000005340	DVL2	170	RRRDSSEHGAG		psite	899
ENSP00000005340	DVL2	630	SSRGGSLRRGG		psite	899
ENSP00000369600	FRY	1983	HQRSFSVPKKF		psite	443
ENSP00000351113	FRYL	101	RPRSSTKSKGD		psite	443
ENSP00000351113	FRYL	1915	ANRKSTGQLNL		psite	443
ENSP00000351113	FRYL	1941	NARSNSLRLSL		psite	443
ENSP00000351113	FRYL	1957	GDRRRSNTLDI		psite	443
ENSP00000351113	FRYL	1959	RRRSNTLDIMD		pelm;psite	443
ENSP00000351113	FRYL	1978	LARTRSLSSLR		hprd;psite	443
ENSP00000351113	FRYL	2332	VTRSTSSTSSG		psite	443
ENSP00000351113	FRYL	2454	GVRRRSLDSID		psite	443
ENSP00000335153	HSP90AA1	185	KIRYESLTDPS		psite	621
ENSP00000335153	HSP90AA1	212	QDRTLTIVDTG	PRKACA	hprd;psite	621
ENSP00000335153	HSP90AA1	745	ALRDNSTMGYM		psite	621
ENSP00000262713	AJUBA	159	GSRPCSNRTSG		psite	946
ENSP00000265293	WWC1	929	IIRSKTFSPGP		hprd;pelm;psite	968
ENSP00000265293	WWC1	947	LNRSDSDSSTL		hprd;pelm;psite	968
ENSP00000265293	WWC1	975	MKRPSSVKSLR	PRKCZ	hprd;psite	968
ENSP00000357283	LMNA	10	SQRRATRSGAQ		hprd;pelm;psite	621
ENSP00000357283	LMNA	51	IDRVRSLETEN		hprd;psite	621
ENSP00000357283	LMNA	224	KRRHETRLVEI		psite	621
ENSP00000357283	LMNA	301	RIRIDSLSAQL		hprd;pelm;psite	621
ENSP00000357283	LMNA	404	RGRASSHSSQT	PRKCA	hprd;pelm;psite	621
ENSP00000357283	LMNA	458	RLRNKSNEDQS		hprd;pelm;psite	621
ENSP00000357283	LMNA	548	LVRSVTVVEDD		psite	621
ENSP00000357283	LMNA	585	NLRSRTVLCGT		psite	621
ENSP00000253339	LATS1	17	QMRPKTFPASN		psite	961
ENSP00000253339	LATS1	177	VNRKQSWKGSK		psite	961
ENSP00000253339	LATS1	464	PVRSNSFNNPL	NUAK1;NUAK2	hprd;pelm;psite	961
ENSP00000253339	LATS1	633	ESRIQSYSPQA		pelm;psite	961
ENSP00000253339	LATS1	872	HPRQDSMDFSN	STK3	psite	961
ENSP00000361892	STK4	120	RLRNKTLTEDE	AKT1	psite	935
ENSP00000361892	STK4	307	LKRQESQQREV		psite	935
ENSP00000361892	STK4	387	KRRDETMQPAK		psite	935
ENSP00000390500	STK3	117	RLRNKTLIEDE	AKT1	psite	708
ENSP00000390500	STK3	384	MKRNATSPQVQ	AKT1	hprd;pelm;psite	708
ENSP00000202556	PPP1R13B	687	PLRYQSDADLE		psite	744
ENSP00000267163	RB1	624	TTRVNSTANAE		psite	527
ENSP00000267163	RB1	778	STRPPTLSPIP		psite	527
ENSP00000262133	RBL2	973	VMRSSSTLPVP		hprd;pelm;psite	675
ENSP00000244050	SNAI1	11	LVRKPSDPNRK	PRKACA;PRKD1	psite	623
ENSP00000244050	SNAI1	203	HVRTHTGEKPF	LATS2	psite	623
ENSP00000244050	SNAI1	246	CARTFSRMSLL	PAK1	pelm;psite	623
ENSP00000353847	WWTR1	66	HSRQSSTDSSG		psite	942
ENSP00000353847	WWTR1	89	HVRSHSSPASL		hprd;psite	942
ENSP00000353847	WWTR1	117	HLRQQSYDVTD		hprd;psite	942
ENSP00000353847	WWTR1	311	HSREQSTDSGL		psite	942
ENSP00000200457	TRIP6	92	GLRPGSLDAEI		hprd;pelm;psite	407
ENSP00000200457	TRIP6	189	PRRGASQASGP		psite	407
ENSP00000344818	UBC	57	DGRTLSDYNIQ		hprd;psite	619
ENSP00000282441	YAP1	61	HVRGDSETDLE	LATS1	hprd;pelm;psite	999
ENSP00000282441	YAP1	109	HSRQASTDAGT	LATS1	hprd;pelm;psite	999
ENSP00000282441	YAP1	127	HVRAHSSPASL	AKT1;LATS1;LATS2;STK3	hprd;pelm;psite	999
ENSP00000282441	YAP1	164	HLRQSSFEIPD	LATS1	hprd;pelm;psite	999
ENSP00000282441	YAP1	397	HSRDESTDSGL	LATS1	hprd;pelm;psite	999
ENSP00000357283	LMNA	199	ENRLQTMKEEL		pelm	621
ENSP00000300161	YWHAB	132	YFRYLSEVASG	PRKCZ	hprd;pelm	899
ENSP00000005340	DVL2	222	MSRFSSSTEQS		hprd	899
ENSP00000324729	SAV1	90	IMRRESNRLSA		hprd	968
ENSP00000265293	WWC1	923	FLRGSTIIRSK		hprd	968
ENSP00000387739	AMOTL1	51	SGRHETSALTV		hprd	912
ENSP00000249883	AMOTL2	597	AQRDTTLIRHS		hprd	981
