name	LCK
id	ENSP00000337825
type	Tyrosine kinase
proline+1_removed	No
npartners	349
npartners_with_sites	275
nsites	326
//
motif	score	fg_matches	fg_size	bg_matches	bg_size	fold_increase
.D...YE.P..	625.62	13	1362	0	10000	Inf
.....YD.PP.	326.7	13	1349	1	10000	96.37
..D..Y.....	307.65	144	1336	483	9999	2.23
....DY.....	14.95	127	1192	469	9516	2.16
.....YDY...	13.92	15	952	15	8550	8.98
//
prot_id	prot_name	position	flank	kinase	source	string_score
ENSP00000365312	ABI1	143	RKPIDYTVLDD		psite	583
ENSP00000365312	ABI1	213	TVPNDYMTSPA	ABL1	hprd;pelm;psite	583
ENSP00000365312	ABI1	421	PPPVDYEDEEA		psite	583
ENSP00000365312	ABI1	455	KVVAIYDYTKD		psite	583
ENSP00000365312	ABI1	484	NDDGWYEGVCN		psite	583
ENSP00000272065	ACP1	88	FATFDYILCMD		psite	631
ENSP00000272065	ACP1	133	IEDPYYGNDSD	FYN;LCK	hprd;psite	631
ENSP00000383623	MLLT4	294	ENPKDYCIARV		psite	899
ENSP00000383623	MLLT4	583	EQQPDYRRQES		psite	899
ENSP00000383623	MLLT4	985	FEGADYESHLL		psite	899
ENSP00000383623	MLLT4	1284	REDKAYQLERH		psite	899
ENSP00000383623	MLLT4	1496	RRDLQYITVSK		psite	899
ENSP00000383623	MLLT4	1702	PLPRDYEPPSP		hprd;psite	899
ENSP00000270202	AKT1	326	LEDNDYGRAVD	PTK6;SRC	hprd;psite	925
ENSP00000270202	AKT1	437	ETDTRYFDEEF		psite	925
ENSP00000295897	ALB	365	RRHPDYSVVLL		psite	540
ENSP00000295897	ALB	476	PCAEDYLSVVL		psite	540
ENSP00000295897	ALB	521	EVDETYVPKEF		hprd;psite	540
ENSP00000293350	ALDH16A1	482	GPDGLYEYLRP		psite	462
ENSP00000289968	ARHGAP17	124	IVDPLYGIAEV		psite	621
ENSP00000289968	ARHGAP17	314	HLDEFYSDPHA		psite	621
ENSP00000301178	AXL	702	IYNGDYYRQGR		hprd;psite	627
ENSP00000301178	AXL	726	LADRVYTSKSD		psite	627
ENSP00000301178	AXL	759	ENSEIYDYLRQ		psite	627
ENSP00000301178	AXL	779	CLDGLYALMSR	AXL	hprd;pelm;psite	627
ENSP00000303507	BCR	246	GVDGDYEDAEL	FES	hprd;pelm;psite	429
ENSP00000303507	BCR	852	LISSDYERAEW		psite	429
ENSP00000259089	BLK	389	IIDSEYTAQEG		psite	904
ENSP00000224337	BLNK	72	DFDSDYENPDE	SYK	pelm;psite	928
ENSP00000224337	BLNK	96	NADDSYEPPPV	SYK	pelm;psite	928
ENSP00000224337	BLNK	178	EDEADYVVPVE	SYK	pelm;psite	928
ENSP00000224337	BLNK	189	DNDENYIHPTE	SYK	pelm;psite	928
ENSP00000308176	BTK	223	KVVALYDYMPM	ABL1;BTK;ITK;LYN;TEC	hprd;pelm;psite	905
ENSP00000308176	BTK	225	VALYDYMPMNA		hprd;psite	905
ENSP00000308176	BTK	551	VLDDEYTSSVG	BTK;LYN;SYK	hprd;pelm;psite	905
ENSP00000368759	NEDD9	106	PRDTIYQVPPS		psite	646
ENSP00000368759	NEDD9	177	YQKDVYDIPPS		hprd;psite	646
ENSP00000368759	NEDD9	189	TTQGVYDIPPS		hprd;psite	646
ENSP00000368759	NEDD9	214	KPQGVYDIPPT		psite	646
ENSP00000368759	NEDD9	241	LREKDYDFPPP		psite	646
ENSP00000368759	NEDD9	261	RPEGVYDIPPT		psite	646
ENSP00000368759	NEDD9	345	ERDGVYDVPLH		hprd;pelm;psite	646
ENSP00000368759	NEDD9	629	SWMDDYDYVHL		psite	646
ENSP00000368759	NEDD9	631	MDDYDYVHLQG		psite	646
ENSP00000264033	CBL	552	PPDRPYSVGAE		hprd;pelm;psite	999
ENSP00000264033	CBL	700	EEDTEYMTPSS	EGFR;FYN;INSR;LCK;SYK;YES1	hprd;pelm;psite	999
ENSP00000264033	CBL	774	NEDDGYDVPKP	EGFR;FYN;LCK;SRC;SYK;YES1	hprd;pelm;psite	999
ENSP00000264122	CBLB	665	LGSEEYDVPPR		psite	800
ENSP00000264122	CBLB	709	EDDDEYKIPSS		psite	800
ENSP00000264122	CBLB	802	RTPSDYDLLIP		psite	800
ENSP00000264122	CBLB	889	RTSQDYDQLPS		pelm;psite	800
ENSP00000313419	CD19	439	QDGSGYENPED	MAPK1	hprd;pelm;psite	907
ENSP00000085219	CD22	807	RQVGDYENVIP		pelm;psite	428
ENSP00000085219	CD22	842	QENVDYVILKH		pelm;psite	428
ENSP00000324890	CD28	191	LLHSDYMNMTP	ITK;LCK	hprd;pelm;psite	962
ENSP00000310036	CD34	330	GEDPYYTENGG		psite	513
ENSP00000300692	CD3D	149	RNDQVYQPLRD		hprd;pelm;psite	983
ENSP00000300692	CD3D	160	RDDAQYSHLGG		hprd;pelm;psite	983
ENSP00000354566	CD3E	188	VPNPDYEPIRK	FYN;LCK	hprd;pelm;psite	994
ENSP00000354782	CD247	142	GHDGLYQGLST	LCK	hprd;pelm;psite	999
ENSP00000356346	PTPRC	687	VDILPYDYNRV		psite	999
ENSP00000356346	PTPRC	689	ILPYDYNRVEL		psite	999
ENSP00000356346	PTPRC	790	KRCPDYIIQKL		psite	999
ENSP00000356346	PTPRC	978	SNVIPYDYNRV		psite	999
ENSP00000356346	PTPRC	980	VIPYDYNRVPL		psite	999
ENSP00000342681	CD5	453	HVDNEYSQPPR	FYN;LCK	hprd;pelm;psite	990
ENSP00000342681	CD5	487	SSDSDYDLHGA	FYN;LCK	hprd;pelm;psite	990
ENSP00000323280	CD6	662	TDNDDYDDISA		hprd;pelm;psite	618
ENSP00000314458	CDC42	64	AGQEDYDRLRP	SRC	pelm;psite	977
ENSP00000219150	CORO1A	25	KADQCYEDVRV		psite	423
ENSP00000219150	CORO1A	180	HPDTIYSVDWS		psite	423
ENSP00000301843	CTTN	154	ASQKDYSSGFG		psite	570
ENSP00000301843	CTTN	178	AVGFDYQGKTE		psite	570
ENSP00000301843	CTTN	228	ESQKDYVKGFG		psite	570
ENSP00000301843	CTTN	265	ESQKDYKTGFG		psite	570
ENSP00000301843	CTTN	289	AVGFDYKEKLA		hprd;psite	570
ENSP00000301843	CTTN	302	ESQQDYSKGFG		psite	570
ENSP00000301843	CTTN	453	MEAADYREASS		hprd;pelm;psite	570
ENSP00000301843	CTTN	486	AEDSTYDEYEN	ABL1;SRC	hprd;pelm;psite	570
ENSP00000384053	CSF2RB	822	QQVGDYCFLPG	LYN	pelm;psite	621
ENSP00000384053	CSF2RB	882	LKQQDYLSLPP	LYN	psite	621
ENSP00000220003	CSK	184	AQDEFYRSGWA		hprd;pelm;psite	964
ENSP00000220003	CSK	277	GSLVDYLRSRG		psite	964
ENSP00000382004	CTNND1	296	YDDLDYGMMSD	SRC	hprd;psite	648
ENSP00000382004	CTNND1	302	GMMSDYGTARR	SRC	hprd;pelm;psite	648
ENSP00000382004	CTNND1	335	PSDQYYWAPLA		psite	648
ENSP00000382004	CTNND1	904	SLDNNYSTPNE		hprd;pelm;psite	648
ENSP00000307134	CTNND2	424	HIDPIYEDRVY		psite	619
ENSP00000307134	CTNND2	1090	ERKTDYECTGS		psite	619
ENSP00000345731	DLG1	399	TSDFVYLKVAK		psite	940
ENSP00000345731	DLG1	775	RPKRDYEVDGR		psite	940
ENSP00000345731	DLG1	782	VDGRDYHFVTS		hprd;pelm;psite	940
ENSP00000233668	DOK1	315	SQDSLYSDPLD		hprd;pelm;psite	934
ENSP00000233668	DOK1	362	KEDPIYDEPEG	INSR	hprd;pelm;psite	934
ENSP00000233668	DOK1	409	PATDDYAVPPP		hprd;pelm;psite	934
ENSP00000276420	DOK2	271	RPDSPYSRPHD		hprd;pelm;psite	967
ENSP00000276420	DOK2	330	LADPLYDSIEE		psite	967
ENSP00000276420	DOK2	345	RPDHIYDEPEG		hprd;pelm;psite	967
ENSP00000204961	EFNB1	324	KVSGDYGHPVY		hprd;pelm;psite	980
ENSP00000275493	EGFR	764	ILDEAYVMASV	SRC	psite	912
ENSP00000275493	EGFR	1125	SRDPHYQDPHS	SRC	hprd;pelm;psite	912
ENSP00000275493	EGFR	1172	LDNPDYQQDFF	EGFR	hprd;pelm;psite	912
ENSP00000275815	EPHA1	605	VDLQAYEDPAQ		psite	901
ENSP00000275815	EPHA1	781	DFDGTYETQGG		hprd;pelm;psite	901
ENSP00000351209	EPHA2	594	VDPHTYEDPNQ	EPHA2	hprd;pelm;psite	913
ENSP00000337451	EPHA3	602	VDPHTYEDPTQ	EPHA3	hprd;pelm;psite	901
ENSP00000337451	EPHA3	742	LSDMGYVHRDL		psite	901
ENSP00000281821	EPHA4	602	VDPFTYEDPNQ	EPHA4	hprd;pelm;psite	902
ENSP00000273854	EPHA5	656	IDPHTYEDPNQ		psite	901
ENSP00000358309	EPHA7	614	IDPETYEDPNR		psite	900
ENSP00000381097	EPHB1	600	IDPFTYEDPNE		hprd;pelm;psite	901
ENSP00000381097	EPHB1	778	TSDPTYTSSLG		pelm;psite	901
ENSP00000363763	EPHB2	181	LAFQDYGGCMS		psite	902
ENSP00000363763	EPHB2	578	RADSEYTDKLQ		hprd;psite	902
ENSP00000363763	EPHB2	603	IDPFTYEDPNE	EPHB2	hprd;psite	902
ENSP00000363763	EPHB2	743	LADMNYVHRDL		hprd;psite	902
ENSP00000363763	EPHB2	781	TSDPTYTSALG		hprd;psite	902
ENSP00000363763	EPHB2	913	RTIPDYTSFNT		psite	902
ENSP00000206249	ESR1	219	QGHNDYMCPAT	ABL1	pelm;psite	717
ENSP00000338934	EZR	116	LSDEIYCPPET		psite	950
ENSP00000338934	EZR	354	LRLQDYEEKTK	EGFR	hprd;pelm;psite	950
ENSP00000341189	PTK2	155	QVKSDYMLEIA		psite	635
ENSP00000341189	PTK2	397	SETDDYAEIID	FGR;MET;PTK2;SRC	hprd;pelm;psite	635
ENSP00000341189	PTK2	576	MEDSTYYKASK	BMX;FGR;MET;PTK2;RET;SRC	hprd;pelm;psite	635
ENSP00000289902	FCER1G	65	KSDGVYTGLST		hprd;pelm;psite	908
ENSP00000363115	FGR	86	LFIALYDYEAR		psite	904
ENSP00000363115	FGR	412	IKDDEYNPCQG	FGR	hprd;pelm;psite	904
ENSP00000358866	FLNA	538	LGDGVYGFEYY		psite	828
ENSP00000358866	FLNA	1604	NHDGTYTVAYV		hprd;pelm;psite	828
ENSP00000358866	FLNA	1862	QFYVDYVNCGH		psite	828
ENSP00000358866	FLNA	1932	VLPGDYSILVK		psite	828
ENSP00000358866	FLNA	2305	QEPGDYEVSVK		psite	828
ENSP00000295956	FLNB	704	RMDGTYACSYT		psite	800
ENSP00000295956	FLNB	902	DIIDNYDYSHT		psite	800
ENSP00000295956	FLNB	904	IDNYDYSHTVK		psite	800
ENSP00000295956	FLNB	1020	AVDVTYDGHPV		hprd;pelm;psite	800
ENSP00000295956	FLNB	1576	NKDGTYAVTYI		psite	800
ENSP00000306245	FOS	10	GFNADYEASSS		psite	504
ENSP00000357656	FYN	91	LFVALYDYEAR		psite	907
ENSP00000357656	FYN	420	IEDNEYTARQG	FYN	hprd;pelm;psite	907
ENSP00000312999	GNAI2	168	IAQSDYIPTQQ		psite	899
ENSP00000348578	G3BP1	56	PADAVYGQKEI	LCK	hprd;psite	648
ENSP00000229239	GAPDH	42	FIDLNYMVYMF	SRC	hprd;psite	409
ENSP00000335620	GSTA1	147	SHGQDYLVGNK		psite	430
ENSP00000420168	GSTA2	147	SHGQDYLVGNK		psite	430
ENSP00000211122	GSTA3	147	SHGQDYLVGNK		psite	430
ENSP00000365012	HCK	89	VALYDYEAIHH		psite	905
ENSP00000365012	HCK	411	IEDNEYTAREG	HCK	hprd;pelm;psite	905
ENSP00000365439	HNRNPK	72	ALRTDYNASVS	SRC	hprd;psite	838
ENSP00000365439	HNRNPK	234	FYDETYDYGGF	SRC	hprd;pelm;psite	838
ENSP00000365439	HNRNPK	236	DETYDYGGFTM	SRC	hprd;pelm;psite	838
ENSP00000365439	HNRNPK	280	PSRRDYDDMSP		hprd;psite	838
ENSP00000365439	HNRNPK	369	QGGSGYDYSYA		psite	838
ENSP00000365439	HNRNPK	371	GSGYDYSYAGG		psite	838
ENSP00000365439	HNRNPK	373	GYDYSYAGGRG		psite	838
ENSP00000380066	MAP4K1	381	SSDDDYDDVDI	LYN;SYK	hprd;pelm;psite	953
ENSP00000309845	HRAS	157	VEDAFYTLVRE		psite	939
ENSP00000320176	HCLS1	140	AVGFDYKGEVE		psite	738
ENSP00000320176	HCLS1	153	TSQKDYSRGFG		psite	738
ENSP00000320176	HCLS1	175	KAALGYDYKGE		psite	738
ENSP00000320176	HCLS1	177	ALGYDYKGETE		psite	738
ENSP00000320176	HCLS1	190	ESQRDYAKGFG		psite	738
ENSP00000320176	HCLS1	378	EPENDYEDVEE	LYN;SYK	hprd;pelm;psite	738
ENSP00000320176	HCLS1	397	EPEGDYEEVLE	FGR;LYN;SYK	hprd;pelm;psite	738
ENSP00000376544	CD79B	197	EEDHTYEGLDI	FYN;LYN	hprd;pelm;psite	760
ENSP00000216797	NFKBIA	42	MKDEEYEQMVK	INSR;LCK;SRC	hprd;pelm;psite	987
ENSP00000216223	IL2RB	418	GEDDAYCTFPS	LCK	hprd;pelm;psite	976
ENSP00000304895	IRS1	612	HTDDGYMPMSP	JAK1	hprd;pelm;psite	924
ENSP00000304895	IRS1	632	KGSGDYMPMSP	JAK1	hprd;pelm;psite	924
ENSP00000304895	IRS1	989	SSRGDYMTMQM		psite	924
ENSP00000365016	IRS2	632	PYPEDYGDIEI	INSR	hprd;psite	910
ENSP00000365016	IRS2	653	GADDGYMPMTP		hprd;pelm;psite	910
ENSP00000365016	IRS2	675	CRSDDYMPMSP		hprd;pelm;psite	910
ENSP00000365016	IRS2	742	PEDSGYMRMWC		hprd;pelm;psite	910
ENSP00000365016	IRS2	766	LPNGDYLNVSP		psite	910
ENSP00000365016	IRS2	978	SPLSDYMNLDF		hprd;psite	910
ENSP00000398655	ITK	180	VVIALYDYQTN	BTK;ITK;TEC	hprd;pelm;psite	985
ENSP00000398655	ITK	182	IALYDYQTNDP		psite	985
ENSP00000398655	ITK	512	VLDDQYTSSTG	LCK	hprd;pelm;psite	985
ENSP00000343204	JAK1	217	PKDISYKRYIP		psite	911
ENSP00000343204	JAK1	993	CKGMDYLGSRQ		psite	911
ENSP00000343204	JAK1	1034	ETDKEYYTVKD	JAK3	hprd;pelm;psite	911
ENSP00000343204	JAK1	1125	CPDEVYQLMRK		psite	911
ENSP00000371067	JAK2	221	AKIQDYHILTR	JAK2	hprd;psite	916
ENSP00000371067	JAK2	570	REVGDYGQLHE	JAK2	hprd;pelm;psite	916
ENSP00000371067	JAK2	790	NNCMDYEPDFR		psite	916
ENSP00000371067	JAK2	813	LFTPDYELLTE	JAK2	hprd;pelm;psite	916
ENSP00000371067	JAK2	940	GSLRDYLQKHK		psite	916
ENSP00000371067	JAK2	1007	PQDKEYYKVKE	JAK2	hprd;pelm;psite	916
ENSP00000391676	JAK3	785	LISSDYELLSD	JAK3	hprd;pelm;psite	965
ENSP00000391676	JAK3	980	PLDKDYYVVRE	JAK3	hprd;pelm;psite	965
ENSP00000288135	KIT	362	DKWEDYPKSEN		hprd;psite	962
ENSP00000288135	KIT	823	KNDSNYVVKGN	KIT	pelm;psite	962
ENSP00000354119	LAT	45	SSDSLYPRGIQ		psite	996
ENSP00000354119	LAT	156	EDEDDYHNPGY	ZAP70	hprd;psite	996
ENSP00000354119	LAT	200	ESIDDYVNVPE	ZAP70	hprd;psite	996
ENSP00000354119	LAT	255	EGAPDYENLQE	ZAP70	hprd;psite	996
ENSP00000309521	LIME1	200	QVDVLYSRVCK		hprd;pelm;psite	728
ENSP00000309521	LIME1	235	AGDLAYQTLPL		psite	728
ENSP00000345492	SH2B3	555	ARDSDYEMDSS		psite	911
ENSP00000237380	MED28	64	LVSQDYVNGTD	LCK	hprd;psite	968
ENSP00000295408	MERTK	753	IYSGDYYRQGR	MERTK	hprd;pelm;psite	622
ENSP00000367207	MYC	31	NYDLDYDSVQP		psite	932
ENSP00000226574	NFKB1	241	VSDAIYDSKAP		psite	912
ENSP00000358548	NRAS	157	VEDAFYTLVRE		psite	919
ENSP00000162330	BCAR1	115	QPDSVYLVPTP	SRC	hprd;psite	969
ENSP00000162330	BCAR1	249	GPQDIYDVPPV	FGFR1	hprd;pelm;psite	969
ENSP00000162330	BCAR1	267	YGQEVYDTPPM	SRC	hprd;psite	969
ENSP00000162330	BCAR1	287	PLLEVYDVPPS	SRC	hprd;psite	969
ENSP00000162330	BCAR1	306	NHHAVYDVPPS	FGFR1	hprd;pelm;psite	969
ENSP00000162330	BCAR1	327	LREETYDVPPA	FGFR1	hprd;pelm;psite	969
ENSP00000162330	BCAR1	362	PAEDVYDVPPP	SRC	hprd;psite	969
ENSP00000162330	BCAR1	372	PAPDLYDVPPG		hprd;psite	969
ENSP00000162330	BCAR1	653	SPDGQYENSEG	SRC	hprd;pelm;psite	969
ENSP00000162330	BCAR1	664	GWMEDYDYVHL	PTK2;PTK6	hprd;pelm;psite	969
ENSP00000162330	BCAR1	666	MEDYDYVHLQG	PTK2	hprd;psite	969
ENSP00000220597	PAG1	181	VEDCLYETVKE		hprd;pelm;psite	977
ENSP00000220597	PAG1	387	EPEPDYEAIQT		psite	977
ENSP00000220597	PAG1	417	PKENDYESISD		hprd;pelm;psite	977
ENSP00000261799	PDGFRB	692	GDLVDYLHRNK		psite	905
ENSP00000261799	PDGFRB	740	ESDGGYMDMSK	PDGFRB	hprd;pelm;psite	905
ENSP00000261799	PDGFRB	751	DESVDYVPMLD	PDGFRB	hprd;pelm;psite	905
ENSP00000261799	PDGFRB	763	KGDVKYADIES	PDGFRB	hprd;pelm;psite	905
ENSP00000261799	PDGFRB	857	MRDSNYISKGS	PDGFRB	hprd;pelm;psite	905
ENSP00000261799	PDGFRB	934	ASDEIYEIMQK	ABL1	hprd;psite	905
ENSP00000261799	PDGFRB	1021	EGDNDYIIPLP	PDGFRB	hprd;pelm;psite	905
ENSP00000263967	PIK3CA	355	DIDKIYVRTGI		psite	995
ENSP00000289153	PIK3CB	246	VSPYDYVLQVS		psite	933
ENSP00000274335	PIK3R1	12	QYRALYDYKKE		psite	994
ENSP00000274335	PIK3R1	368	KMHGDYTLTLR	INSR	hprd;pelm;psite	994
ENSP00000274335	PIK3R1	467	EYDRLYEEYTR		hprd;pelm;psite	994
ENSP00000222254	PIK3R2	464	EYDQLYEEYTR		hprd;pelm;psite	938
ENSP00000262741	PIK3R3	199	EYDRLYEEYTR		psite	907
ENSP00000262741	PIK3R3	341	DADENYFINEE	INSR	hprd;pelm;psite	907
ENSP00000262741	PIK3R3	373	AEDLLYGKPDG		psite	907
ENSP00000309591	PRKACA	331	SNFDDYEEEEI		hprd;psite	621
ENSP00000305355	PRKCB	368	GTDELYAVKIL		psite	915
ENSP00000305355	PRKCB	507	CGTPDYIAPEI		psite	915
ENSP00000331602	PRKCD	514	CGTPDYIAPEI	LCK	hprd;psite	959
ENSP00000331602	PRKCD	630	KSPRDYSNFDQ		psite	959
ENSP00000306124	PRKCE	434	GKDEVYAVKVL		psite	911
ENSP00000306124	PRKCE	573	CGTPDYIAPEI		psite	911
ENSP00000263125	PRKCQ	545	CGTPDYIAPEI		psite	986
ENSP00000244007	PLCG1	210	SGDITYGQFAQ		psite	969
ENSP00000244007	PLCG1	771	TAEPDYGALYE	EGFR;LYN;SYK	hprd;pelm;psite	969
ENSP00000244007	PLCG1	833	WWRGDYGGKKQ		psite	969
ENSP00000352336	PLCG2	778	TVKALYDYKAK		psite	964
ENSP00000352336	PLCG2	780	KALYDYKAKRS		psite	964
ENSP00000352336	PLCG2	811	WWKGDYGTRIQ		psite	964
ENSP00000263088	PLD2	511	WLGKDYSNLIT	SRC	psite	640
ENSP00000248594	PTPN12	88	SQDSDYINANF		psite	637
ENSP00000394794	PTPN13	363	KMDPIYHTREL		psite	911
ENSP00000325589	PTPRCAP	115	EQDTDYDHVAD		psite	785
ENSP00000400010	PTPRJ	1225	YLVRDYMKQSP		psite	870
ENSP00000400010	PTPRJ	1311	KVDLIYQNTTA		psite	870
ENSP00000332816	PTK2B	579	IEDEDYYKASV	PTK2B	hprd;pelm;psite	960
ENSP00000332816	PTK2B	819	QMVEDYQWLRQ		psite	960
ENSP00000332816	PTK2B	881	TDDLVYLNVME	PTK2B	hprd;pelm;psite	960
ENSP00000005587	SKAP2	261	IDDEIYEELPE		psite	503
ENSP00000348461	RAC1	64	AGQEDYDRLRP	PTK2;SRC	psite	943
ENSP00000249071	RAC2	64	AGQEDYDRLRP		psite	531
ENSP00000304283	RAC3	64	AGQEDYDRLRP		psite	465
ENSP00000251849	RAF1	340	QRDSSYYWEIE	JAK2;SRC	hprd;pelm;psite	626
ENSP00000251849	RAF1	458	AQGMDYLHAKN		psite	626
ENSP00000274376	RASA1	239	AMCGDYYIGGR		psite	990
ENSP00000274376	RASA1	472	TKDAFYKNIVK		psite	990
ENSP00000313829	KHDRBS1	375	GYDDTYAEQSY		psite	999
ENSP00000313829	KHDRBS1	396	QGDSEYYDYGH		psite	999
ENSP00000313829	KHDRBS1	397	GDSEYYDYGHG		psite	999
ENSP00000348685	SH3BP2	174	TDNEDYEHDDE	SYK	hprd;pelm;psite	962
ENSP00000348685	SH3BP2	183	DEDDSYLEPDS	SYK	hprd;pelm;psite	962
ENSP00000348685	SH3BP2	448	DSDEDYEKVPL	SYK	hprd;psite	962
ENSP00000401303	SHC1	349	PPDHQYYNDFP	FLT4;SRC;SYK;ZAP70	hprd;pelm;psite	962
ENSP00000401303	SHC1	428	FDDPSYVNVQN	FLT3;FLT4;MET;SRC;SYK;ZAP70	hprd;pelm;psite	962
ENSP00000391592	PTPN6	301	IPGSDYINANY		psite	998
ENSP00000340944	PTPN11	62	QNTGDYYDLYG		hprd;pelm;psite	970
ENSP00000340944	PTPN11	304	EPVSDYINANI		pelm;psite	970
ENSP00000259608	SIT1	188	FPDQAYANSQP		hprd;pelm;psite	819
ENSP00000338171	SKAP1	90	PFLSDYQDEGM		psite	985
ENSP00000338171	SKAP1	295	RKGVDYASYYQ	FYN	psite	985
ENSP00000316460	FYB	571	AVEIDYDSLKL	FYN	hprd;pelm;psite	962
ENSP00000316460	FYB	625	PDDDIYDGIEE		psite	962
ENSP00000316460	FYB	651	MGDEVYDDVDT	FYN	hprd;pelm;psite	962
ENSP00000046794	LCP2	113	FEEDDYESPND	LCK;SYK;ZAP70	hprd;pelm;psite	998
ENSP00000046794	LCP2	128	EDDGDYESPNE	LCK;SYK;ZAP70	hprd;pelm;psite	998
ENSP00000046794	LCP2	145	EDDADYEPPPS	LCK;TXK;ZAP70	hprd;pelm;psite	998
ENSP00000338345	SNCA	125	PDNEAYEMPSE	FYN;PTK2B;SRC;SYK	hprd;pelm;psite	914
ENSP00000374455	SQSTM1	148	SVCPDYDLCSV		pelm;psite	938
ENSP00000350941	SRC	419	IEDNEYTARQG	PDGFRA;PDGFRB;PRKACA;SRC	hprd;pelm;psite	908
ENSP00000350941	SRC	522	AFLEDYFTSTE		psite	908
ENSP00000366746	STAM	381	NEDPMYSMYAK		hprd;psite	906
ENSP00000354394	STAT1	68	QLDDQYSRFSL		psite	975
ENSP00000264657	STAT3	45	SQDWAYAASKE		psite	996
ENSP00000293328	STAT5B	392	NTRNDYSGEIL		psite	861
ENSP00000293328	STAT5B	665	LGDLNYLIYVF		psite	861
ENSP00000364898	SYK	28	EEAEDYLVQGG		psite	999
ENSP00000364898	SYK	348	MDTEVYESPYA	SYK	hprd;pelm;psite	999
ENSP00000364898	SYK	431	QLDNPYIVRMI		psite	999
ENSP00000364898	SYK	525	RADENYYKAQT	SYK	hprd;pelm;psite	999
ENSP00000295756	TRAT1	43	RQDKMYSYSSD		psite	904
ENSP00000261740	TRPV4	110	DSLFDYGTYRH		psite	619
ENSP00000261740	TRPV4	508	RTTVDYLRLAG		hprd;psite	619
ENSP00000388107	UBA52	59	RTLSDYNIQKE		psite	430
ENSP00000381045	UBE3A	127	FKDVTYLTEEK		psite	642
ENSP00000381045	UBE3A	720	NLYSDYILNKS		psite	642
ENSP00000344818	UBC	59	RTLSDYNIQKE		psite	960
ENSP00000360916	VAV2	142	NDDDVYRSLEE	EGFR;LCK	hprd;pelm;psite	915
ENSP00000360916	VAV2	172	GGDDIYEDIIK	EGFR;LCK	hprd;pelm;psite	915
ENSP00000359073	VAV3	508	NIRPDYADSNF		psite	938
ENSP00000359073	VAV3	667	PKPVDYSCQPW		psite	938
ENSP00000307491	WDR48	338	RASGDYDNDCT		psite	530
ENSP00000324740	YES1	100	IFVALYDYEAR		psite	902
ENSP00000324740	YES1	426	IEDNEYTARQG	YES1	hprd;pelm;psite	902
ENSP00000264972	ZAP70	126	AMVRDYVRQTW	ZAP70	hprd;pelm;psite	999
ENSP00000264972	ZAP70	315	MDTSVYESPYS	ZAP70	hprd;pelm;psite	999
ENSP00000264972	ZAP70	397	QLDNPYIVRLI		psite	999
ENSP00000264972	ZAP70	492	GADDSYYTARS	LCK;ZAP70	hprd;pelm;psite	999
ENSP00000264972	ZAP70	493	ADDSYYTARSA	LCK;ZAP70	hprd;pelm;psite	999
ENSP00000314709	ZHX2	705	ADDHGYDAVAR		psite	517
ENSP00000293328	STAT5B	679	PKDEVYSKYYT	SRC	hprd;pelm	861
ENSP00000261740	TRPV4	411	FKDWAYGPVYS		hprd;pelm	619
ENSP00000345492	SH2B3	273	MPDNLYTFVLK	LCK;ZAP70	hprd;pelm	911
ENSP00000306157	IL7R	169	MHDVAYRQEKD		hprd	530
ENSP00000304895	IRS1	732	PCTGDYMNMSP	JAK1	hprd	924
ENSP00000295956	FLNB	2032	TRDAGYGGISL		hprd	800
ENSP00000005587	SKAP2	325	RGDVIYILSKE		hprd	503
