name	LIMK1
id	ENSP00000336740
type	Serine/threonine kinase
proline+1_removed	Yes
npartners	68
npartners_with_sites	63
nsites	97
//
motif	score	fg_matches	fg_size	bg_matches	bg_size	fold_increase
..R..[ST].....	307.65	96	595	483	9383	3.13
//
prot_id	prot_name	position	flank	kinase	source	string_score
ENSP00000309503	YWHAZ	58	GARRSSWRVVS	AKT1;MAPKAPK2;PRKACA	hprd;pelm;psite	850
ENSP00000309503	YWHAZ	63	SWRVVSSIEQK		psite	850
ENSP00000363868	ABCA1	1042	MQRKLSVALAF	PRKACA	hprd;pelm;psite	621
ENSP00000363868	ABCA1	2054	NKRKLSTAMAL	PRKACA	hprd;pelm;psite	621
ENSP00000261822	BCL7A	173	VDRQPSGDSGL		psite	429
ENSP00000363708	BMPR2	757	PKRPTSLPLNT		hprd;pelm;psite	787
ENSP00000288602	BRAF	363	GQRDRSSSAPN		hprd;psite	859
ENSP00000288602	BRAF	365	RDRSSSAPNVH	AKT1;AKT3	hprd;pelm;psite	859
ENSP00000288602	BRAF	429	RERKSSSSSED	AKT1;AKT3	hprd;pelm;psite	859
ENSP00000288602	BRAF	440	RNRMKTLGRRD		hprd;pelm;psite	859
ENSP00000288602	BRAF	446	LGRRDSSDDWE	PAK1	hprd;pelm;psite	859
ENSP00000288602	BRAF	447	GRRDSSDDWEI		hprd;pelm;psite	859
ENSP00000288602	BRAF	465	GQRIGSGSFGT		psite	859
ENSP00000288602	BRAF	729	IHRSASEPSLN		hprd;pelm;psite	859
ENSP00000311032	CASP3	150	GDRCRSLTGKP	MAPK14	pelm;psite	909
ENSP00000320886	MLXIPL	196	RLRKPSREDDL		hprd;psite	462
ENSP00000320886	MLXIPL	614	SERRLSGDLSS		hprd;psite	462
ENSP00000309629	CFL1	24	KVRKSSTPEEV	PRKCA	hprd;psite	999
ENSP00000381565	DIAPH1	54	LERFTSMRIKK		psite	657
ENSP00000265753	EIF4H	13	DDRAYSSFGGG		hprd;psite	730
ENSP00000265753	EIF4H	201	DFREPTEEERA		psite	730
ENSP00000331504	FES	409	DDRHSTSSSEQ		psite	900
ENSP00000331504	FES	423	GGRTPTLEILK		psite	900
ENSP00000357656	FYN	21	EERDGSLNQSS	PRKACA	hprd;pelm;psite	902
ENSP00000244573	HIST1H1A	166	ATRKSSKNPKK		hprd;psite	619
ENSP00000302961	HSPA4	76	HGRAFSDPFVE		hprd;pelm;psite	626
ENSP00000302961	HSPA4	113	EERNFTTEQVT		hprd;psite	626
ENSP00000302961	HSPA4	393	KVREFSITDVV		psite	626
ENSP00000335153	HSP90AA1	185	KIRYESLTDPS		psite	800
ENSP00000335153	HSP90AA1	212	QDRTLTIVDTG	PRKACA	hprd;psite	800
ENSP00000335153	HSP90AA1	745	ALRDNSTMGYM		psite	800
ENSP00000253339	LATS1	17	QMRPKTFPASN		psite	651
ENSP00000253339	LATS1	177	VNRKQSWKGSK		psite	651
ENSP00000253339	LATS1	464	PVRSNSFNNPL	NUAK1;NUAK2	hprd;pelm;psite	651
ENSP00000253339	LATS1	633	ESRIQSYSPQA		pelm;psite	651
ENSP00000253339	LATS1	872	HPRQDSMDFSN	STK3	psite	651
ENSP00000348273	MBP	26	TNRGESEKKRN		psite	653
ENSP00000348273	MBP	40	LSRTTSEDNEV		psite	653
ENSP00000348273	MBP	96	LIRLFSRDAPG		hprd;pelm;psite	653
ENSP00000348273	MBP	146	SQRHGSKYLAT	PRKCA	hprd;psite	653
ENSP00000355731	CDC42BPA	1532	NKRRYSFRVPE		hprd;pelm;psite	625
ENSP00000355731	CDC42BPA	1616	PGRSMSASSGL		psite	625
ENSP00000355731	CDC42BPA	1638	LKREFSGGSYS		hprd;psite	625
ENSP00000388464	NSUN5	167	QGRASSLDDLR		psite	536
ENSP00000413720	CDKN1C	282	AKRKRSAPEKS	AKT1	psite	931
ENSP00000278568	PAK1	21	PMRNTSTMIGA	PAK1;PRKG1	hprd;psite	971
ENSP00000314067	PAK2	20	PVRMSSTIFST	PAK2;PRKAA2	hprd;psite	960
ENSP00000353864	PAK3	50	KARLRSIFPGG		psite	818
ENSP00000353864	PAK3	280	RQRKKSKMTDE		psite	818
ENSP00000351049	PAK4	99	VTRSNSLRRDS	PAK4	hprd;pelm;psite	978
ENSP00000351049	PAK4	167	SSREGSGGPQE	PAK4	hprd;pelm;psite	978
ENSP00000351049	PAK4	181	DKRPLSGPDVG		hprd;pelm;psite	978
ENSP00000351049	PAK4	474	VPRRKSLVGTP	PAK4	hprd;pelm;psite	978
ENSP00000260404	PAK6	113	RRRAQSLGLLG		psite	814
ENSP00000309591	PRKACA	49	FERIKTLGTGS		hprd;psite	624
ENSP00000309591	PRKACA	198	KGRTWTLCGTP	PRKACA	hprd;pelm;psite	624
ENSP00000309591	PRKACA	260	KVRFPSHFSSD		psite	624
ENSP00000343325	PKN1	69	NLRRATTDLGR		psite	411
ENSP00000343325	PKN1	70	LRRATTDLGRS	PKN1	hprd;psite	411
ENSP00000343325	PKN1	246	VLRLLSAAKAP		hprd;psite	411
ENSP00000343325	PKN1	380	YSRSGSLSGRS	PKN1	hprd;psite	411
ENSP00000343325	PKN1	780	GDRTSTFCGTP	PDK1;PDPK1;PKN1	hprd;pelm;psite	411
ENSP00000358696	PLXNA3	1596	FTRSLSRYESL		psite	899
ENSP00000228307	PXN	250	PQRVTSTQQQT		psite	690
ENSP00000348461	RAC1	71	RLRPLSYPQTV	AKT1	hprd;psite	939
ENSP00000272233	RHOB	185	QKRYGSQNGCI	CSNK1A1	psite	934
ENSP00000253571	RLIM	347	RTRSRSQTPNN		psite	919
ENSP00000382697	ROCK1	407	NRRYLSSANPN		psite	765
ENSP00000382697	ROCK1	1180	HVRPVTQGDVY		hprd;pelm;psite	765
ENSP00000382697	ROCK1	1189	VYRAETEEIPK		psite	765
ENSP00000382697	ROCK1	1333	SPRTLSTRSTA		psite	765
ENSP00000317985	ROCK2	1212	HVRPVTQTDVY		psite	936
ENSP00000317985	ROCK2	1379	SIRRPSRQLAP		psite	936
ENSP00000265354	SRF	103	LKRSLSEMEIG	CAMK2A;MAPKAPK2;RPS6KA1;RPS6KA5	hprd;pelm;psite	465
ENSP00000265354	SRF	159	KLRRYTTFSKR	DMPK;PRKACA;PRKCA;PRKG1	pelm;psite	465
ENSP00000315713	SSH1	402	VSRSASTVIAY	PRKD1	psite	982
ENSP00000315713	SSH1	441	FMRQLSEYEGI		psite	982
ENSP00000315713	SSH1	462	LWRQQTDSSLQ		psite	982
ENSP00000315713	SSH1	515	CFRRLSDPLLP		hprd;psite	982
ENSP00000315713	SSH1	834	LERLKSVPADP		psite	982
ENSP00000315713	SSH1	937	LTRSSSSDSIH	PRKD1;PRKD2	hprd;pelm;psite	982
ENSP00000315713	SSH1	978	LKRSHSLAKLG	PRKD1;PRKD2	pelm;psite	982
ENSP00000269033	SSH2	401	VSRSASTVIAY		psite	792
ENSP00000269033	SSH2	461	LWRSHSDSDLS		hprd;pelm;psite	792
ENSP00000269033	SSH2	870	SVRRATLEFEE		psite	792
ENSP00000269033	SSH2	1297	FLRTDSGMHAM		psite	792
ENSP00000312081	SSH3	37	LQRRQSFAVLR	AURKB	hprd;pelm;psite	917
ENSP00000312081	SSH3	649	VVRQASVHDSG		hprd;pelm;psite	917
ENSP00000353785	TPPP	92	DGRNVTVTDVD	PRKACA	psite	817
ENSP00000327994	TRIM50	327	AQRRASQPERF		psite	524
ENSP00000344818	UBC	57	DGRTLSDYNIQ		hprd;psite	619
ENSP00000298159	CFL2	24	KVRKSSTQEEI		pelm	977
ENSP00000363868	ABCA1	1286	CLRPFTEDDAA		pelm	621
ENSP00000363868	ABCA1	1582	LGRFMTGLDTK		hprd	621
ENSP00000265354	SRF	160	LRRYTTFSKRK	CAMK2A	hprd	465
ENSP00000363708	BMPR2	513	WERNKSVSPTV		hprd	787
ENSP00000320886	MLXIPL	653	ENRRITHISAE		hprd	462
