name	LIMK2
id	ENSP00000339916
type	Serine/threonine kinase
proline+1_removed	Yes
npartners	23
npartners_with_sites	22
nsites	84
//
motif	score	fg_matches	fg_size	bg_matches	bg_size	fold_increase
..RRR[ST].S...	1230.61	14	672	0	9383	Inf
...RR[ST]RS...	1230.61	10	658	0	9383	Inf
R.RS.[ST].T...	1230.61	16	648	0	9383	Inf
R..S.[ST]SP...	1230.61	19	571	0	9330	Inf
.RR..[ST].SS..	934.03	14	632	0	9383	Inf
//
prot_id	prot_name	position	flank	kinase	source	string_score
ENSP00000301740	SRRM2	250	RKRSRSTTPAP		hprd;pelm;psite	609
ENSP00000301740	SRRM2	497	RGRSRSRTPTK		psite	609
ENSP00000301740	SRRM2	575	RGRSRSRTPAR		hprd;pelm;psite	609
ENSP00000301740	SRRM2	586	RGRSRSRTPAR		psite	609
ENSP00000301740	SRRM2	594	PARRRSRSRTP		hprd;psite	609
ENSP00000301740	SRRM2	596	RRRSRSRTPTR		hprd;psite	609
ENSP00000301740	SRRM2	604	PTRRRSRSRTP		psite	609
ENSP00000301740	SRRM2	606	RRRSRSRTPAR		psite	609
ENSP00000301740	SRRM2	660	RGRSRSRTPAR		psite	609
ENSP00000301740	SRRM2	671	RGRSRSRTPAR		psite	609
ENSP00000301740	SRRM2	694	RGRSRSRTPRR		psite	609
ENSP00000301740	SRRM2	715	RGRSHSRTPQR		hprd;psite	609
ENSP00000301740	SRRM2	741	TSQRRSRSNSS		hprd;psite	609
ENSP00000301740	SRRM2	745	RSRSNSSPEMK		hprd;pelm;psite	609
ENSP00000301740	SRRM2	759	ISSRRSRSLSS		hprd;pelm;psite	609
ENSP00000301740	SRRM2	761	SRRSRSLSSPR		hprd;pelm;psite	609
ENSP00000301740	SRRM2	763	RSRSLSSPRSK		hprd;pelm;psite	609
ENSP00000301740	SRRM2	780	LRRSLSGSSPC		hprd;pelm;psite	609
ENSP00000301740	SRRM2	782	RSLSGSSPCPK		hprd;pelm;psite	609
ENSP00000301740	SRRM2	797	TPPRRSRSGSS		psite	609
ENSP00000301740	SRRM2	819	RSRSSSSPPPK		hprd;psite	609
ENSP00000301740	SRRM2	856	RQGSITSPQAN		hprd;pelm;psite	609
ENSP00000301740	SRRM2	950	TTPRRSRSVSP		hprd;pelm;psite	609
ENSP00000301740	SRRM2	1423	RSSSASSPEMK		hprd;pelm;psite	609
ENSP00000301740	SRRM2	1439	TPSRRSRSGSS		hprd;psite	609
ENSP00000301740	SRRM2	1441	SRRSRSGSSPG		hprd;pelm;psite	609
ENSP00000301740	SRRM2	1443	RSRSGSSPGLR		hprd;pelm;psite	609
ENSP00000301740	SRRM2	1501	RSRSPSSPELN		hprd;pelm;psite	609
ENSP00000301740	SRRM2	1561	RSESDSSPDSK		psite	609
ENSP00000301740	SRRM2	1581	RSRSGSSPEVD		hprd;pelm;psite	609
ENSP00000301740	SRRM2	1596	LSPRRSRSGSS		hprd;pelm;psite	609
ENSP00000301740	SRRM2	1598	PRRSRSGSSPE		hprd;pelm;psite	609
ENSP00000301740	SRRM2	1600	RSRSGSSPEVK		hprd;pelm;psite	609
ENSP00000301740	SRRM2	1636	ALPRRSRSGSS		hprd;pelm;psite	609
ENSP00000301740	SRRM2	1638	PRRSRSGSSSK		hprd;pelm;psite	609
ENSP00000301740	SRRM2	1674	RRGSRSSPEPK		hprd;pelm;psite	609
ENSP00000301740	SRRM2	1691	PRRRSSRSSPE		hprd;pelm;psite	609
ENSP00000301740	SRRM2	1693	RRSSRSSPELT		hprd;pelm;psite	609
ENSP00000301740	SRRM2	1707	RLSRRSRSASS		hprd;psite	609
ENSP00000301740	SRRM2	1709	SRRSRSASSSP		psite	609
ENSP00000301740	SRRM2	1729	HRRSPSVSSPE		hprd;pelm;psite	609
ENSP00000301740	SRRM2	1731	RSPSVSSPEPA		hprd;pelm;psite	609
ENSP00000301740	SRRM2	1747	SRRRRSASSPR		hprd;pelm;psite	609
ENSP00000301740	SRRM2	1791	RRRDRSGSSQS		psite	609
ENSP00000301740	SRRM2	1854	RKRSRSRTSPA		hprd;pelm;psite	609
ENSP00000301740	SRRM2	1856	RSRSRTSPAPW		hprd;pelm;psite	609
ENSP00000301740	SRRM2	1876	ATHRRSRSRTP		hprd;pelm;psite	609
ENSP00000301740	SRRM2	1888	ISRRRSRSRTS		hprd;psite	609
ENSP00000301740	SRRM2	1890	RRRSRSRTSPV		hprd;psite	609
ENSP00000301740	SRRM2	1892	RSRSRTSPVSR		hprd;pelm;psite	609
ENSP00000301740	SRRM2	1900	VSRRRSRSRTS		hprd;psite	609
ENSP00000301740	SRRM2	1902	RRRSRSRTSVT		hprd;psite	609
ENSP00000301740	SRRM2	1911	VTRRRSRSRAS		hprd;psite	609
ENSP00000301740	SRRM2	1923	VSRRRSRSRTP		hprd;pelm;psite	609
ENSP00000301740	SRRM2	1925	RRRSRSRTPPV		hprd;pelm;psite	609
ENSP00000301740	SRRM2	1935	VTRRRSRSRTP		hprd;psite	609
ENSP00000301740	SRRM2	1937	RRRSRSRTPTT		hprd;pelm;psite	609
ENSP00000301740	SRRM2	1946	TTRRRSRSRTP		psite	609
ENSP00000301740	SRRM2	1948	RRRSRSRTPPV		psite	609
ENSP00000301740	SRRM2	1958	VTRRRSRSRTP		pelm;psite	609
ENSP00000301740	SRRM2	1960	RRRSRSRTPPV		pelm;psite	609
ENSP00000301740	SRRM2	1970	VTRRRSRSRTS		hprd;pelm;psite	609
ENSP00000301740	SRRM2	1972	RRRSRSRTSPI		hprd;pelm;psite	609
ENSP00000301740	SRRM2	1974	RSRSRTSPITR		hprd;pelm;psite	609
ENSP00000301740	SRRM2	1982	ITRRRSRSRTS		psite	609
ENSP00000301740	SRRM2	1984	RRRSRSRTSPV		hprd;pelm;psite	609
ENSP00000301740	SRRM2	1986	RSRSRTSPVTR		hprd;pelm;psite	609
ENSP00000301740	SRRM2	1994	VTRRRSRSRTS		psite	609
ENSP00000301740	SRRM2	1996	RRRSRSRTSPV		psite	609
ENSP00000301740	SRRM2	2018	VTRRRSRSRTP		hprd;pelm;psite	609
ENSP00000301740	SRRM2	2020	RRRSRSRTPPA		hprd;pelm;psite	609
ENSP00000301740	SRRM2	2030	AIRRRSRSRTP		hprd;pelm;psite	609
ENSP00000301740	SRRM2	2032	RRRSRSRTPLL		hprd;pelm;psite	609
ENSP00000301740	SRRM2	2054	AIRRRSRSRTP		psite	609
ENSP00000301740	SRRM2	2056	RRRSRSRTPRT		psite	609
ENSP00000301740	SRRM2	2079	AIRRRSASGSS		psite	609
ENSP00000301740	SRRM2	2534	ERRSSSSSSSS		psite	609
ENSP00000301740	SRRM2	2609	KRRSSSSSSSS		psite	609
ENSP00000301740	SRRM2	2675	PGERRSRSPRK		hprd;pelm;psite	609
ENSP00000301740	SRRM2	1749	RRRSASSPRTK		pelm	609
ENSP00000363921	PARD3	1176	EDRRRTYSFEQ		hprd	845
ENSP00000301740	SRRM2	724	QRRGRSGSSSE		hprd	609
ENSP00000301740	SRRM2	743	QRRSRSNSSPE		hprd	609
ENSP00000301740	SRRM2	817	PRRSRSSSSPP		hprd	609
