name	LRRK1
id	ENSP00000373600
type	Serine/threonine kinase
proline+1_removed	Yes
npartners	7
npartners_with_sites	7
nsites	22
//
motif	score	fg_matches	fg_size	bg_matches	bg_size	fold_increase
..R..[ST].....	8.1	22	101	483	9383	4.23
//
prot_id	prot_name	position	flank	kinase	source	string_score
ENSP00000361423	ABL1	69	AARWNSKENLL		hprd;psite	621
ENSP00000361423	ABL1	197	HYRINTASDGK	LATS2	psite	621
ENSP00000361423	ABL1	408	LSRLMTGDTYT		psite	621
ENSP00000361423	ABL1	639	PKRSSSFREMD		hprd;psite	621
ENSP00000361423	ABL1	719	SSRLATGEEEG		psite	621
ENSP00000361423	ABL1	737	FLRSCSASCVP		hprd;psite	621
ENSP00000361423	ABL1	754	EWRSVTLPRDL	CLK1;CLK4;MAP3K8;STK3;STK4;TTK	hprd;pelm;psite	621
ENSP00000361423	ABL1	842	LRRQVTVAPAS		psite	621
ENSP00000361423	ABL1	16	DQRRPSLPALH		psite	621
ENSP00000380793	ALG3	11	RKRGRSGSAAQ		hprd;psite	546
ENSP00000380793	ALG3	13	RGRSGSAAQAE		hprd;pelm;psite	546
ENSP00000303507	BCR	130	KARPGTARRPG		psite	621
ENSP00000303507	BCR	202	SDRISSLGSQA		psite	621
ENSP00000303507	BCR	215	MERKKSQHGAG		psite	621
ENSP00000303507	BCR	235	PYRGRSSESSC		psite	621
ENSP00000303507	BCR	301	LLRSQSTSEQE		psite	621
ENSP00000303507	BCR	698	TPRRQSMTVKK		psite	621
ENSP00000303507	BCR	1049	PSRKQTGVFGV		psite	621
ENSP00000279281	VPS51	649	SKRTFSVYSSS		psite	400
ENSP00000264839	RIMS1	500	MLRNDSLSSDQ		psite	422
ENSP00000380019	ZNF384	234	RCRMCSLTFYS		psite	571
ENSP00000380019	ZNF384	368	HTRIHTGDRPY		psite	571
