name	LRRK2
id	ENSP00000298910
type	Serine/threonine kinase
proline+1_removed	Yes
npartners	54
npartners_with_sites	46
nsites	58
//
motif	score	fg_matches	fg_size	bg_matches	bg_size	fold_increase
..R..[ST].....	8.68	57	466	483	9383	2.38
//
prot_id	prot_name	position	flank	kinase	source	string_score
ENSP00000220592	AGO2	153	SGRLPSVPFET		psite	841
ENSP00000220592	AGO2	387	LMRSASFNTDP	AKT3;MAPKAPK2	hprd;psite	841
ENSP00000220592	AGO2	798	CTRSVSIPAPA		psite	841
ENSP00000270202	AKT1	72	RPRPNTFIIRC	AKT1	psite	650
ENSP00000270202	AKT1	246	RERVFSEDRAR	AKT1	psite	650
ENSP00000364893	ARHGEF7	153	SHRIKSFDSLG		psite	801
ENSP00000364893	ARHGEF7	694	PERKPSDEEFA		hprd;pelm;psite	801
ENSP00000364893	ARHGEF7	704	ASRKSTAALEE		hprd;psite	801
ENSP00000364893	ARHGEF7	761	LGRRSSLSRLE		hprd;psite	801
ENSP00000366843	ATXN2	431	LERDNSEEFLK		psite	401
ENSP00000366843	ATXN2	530	PSRSTSHTSDF		psite	401
ENSP00000219548	STUB1	149	KKRWNSIEERR		psite	860
ENSP00000270349	SLC6A3	613	EVRQFTLRHWL		psite	514
ENSP00000005340	DVL2	169	PRRRDSSEHGA		psite	428
ENSP00000005340	DVL2	170	RRRDSSEHGAG		psite	428
ENSP00000005340	DVL2	630	SSRGGSLRRGG		psite	428
ENSP00000316054	DVL3	203	TSRFSSSTEQS		psite	523
ENSP00000262982	CSE1L	945	PGRVPSMVSTS		psite	619
ENSP00000302961	HSPA4	76	HGRAFSDPFVE		hprd;pelm;psite	844
ENSP00000302961	HSPA4	113	EERNFTTEQVT		hprd;psite	844
ENSP00000302961	HSPA4	393	KVREFSITDVV		psite	844
ENSP00000335153	HSP90AA1	185	KIRYESLTDPS		psite	621
ENSP00000335153	HSP90AA1	212	QDRTLTIVDTG	PRKACA	hprd;psite	621
ENSP00000335153	HSP90AA1	745	ALRDNSTMGYM		psite	621
ENSP00000258080	HTRA2	96	RTREASENSGT		psite	429
ENSP00000258080	HTRA2	212	RVRLLSGDTYE	AKT1;AKT2	psite	429
ENSP00000336712	TNPO1	352	FHRSRTVAQQH		psite	619
ENSP00000358861	LCA5	87	GFRSQSLNREP		psite	816
ENSP00000353408	MSN	384	RKRAQSEAEKL		psite	919
ENSP00000379330	NFATC2	243	VPRPASRSSSP		hprd;psite	675
ENSP00000379330	NFATC2	255	AKRRHSCAEAL		psite	675
ENSP00000379330	NFATC2	363	GERRNSAPESI		hprd;psite	675
ENSP00000379330	NFATC2	585	VERQDTDSCLV		hprd;pelm;psite	675
ENSP00000379330	NFATC2	757	YQRSKSLSPSL		hprd;psite	675
ENSP00000261712	PSMD11	14	FQRAQSLLSTD		hprd;psite	619
ENSP00000261712	PSMD11	23	TDREASIDILH		psite	619
ENSP00000261716	TAOK1	9	TNRAGSLKDPE		hprd;pelm;psite	442
ENSP00000261716	TAOK1	445	TIRTASLVTRQ		hprd;pelm;psite	442
ENSP00000261716	TAOK1	974	LRRTASGGRTE		psite	442
ENSP00000261716	TAOK1	987	MSRSTSVTSQI		psite	442
ENSP00000340820	MAPT	171	ATRQPSGTGPE		psite	567
ENSP00000340820	MAPT	549	RSRTPSLPTPP	CDK5;PRKACA	hprd;pelm;psite	567
ENSP00000340820	MAPT	744	SPRHLSNVSST	PRKACA	hprd;psite	567
ENSP00000370571	TH	19	FRRAVSELDAK	CAMK2A;CAMK2G;MAPKAPK2	hprd;pelm;psite	430
ENSP00000370571	TH	71	IGRRQSLIEDA	CAMK2A;MAPKAPK2;PRKACA;RPS6KA3	hprd;pelm;psite	430
ENSP00000387170	GIGYF2	19	WLRALSSGGSI		hprd;pelm;psite	460
ENSP00000387170	GIGYF2	160	MHRSQSWEERG		hprd;pelm;psite	460
ENSP00000387170	GIGYF2	223	FIRSESENWRI		hprd;psite	460
ENSP00000387170	GIGYF2	295	YRRVRSGSGSI		psite	460
ENSP00000387170	GIGYF2	297	RVRSGSGSIDD		psite	460
ENSP00000387170	GIGYF2	1054	RARNNTHSNLH		psite	460
ENSP00000247668	TRAF2	55	GHRYCSFCLAS	PRKCZ	psite	806
ENSP00000247668	TRAF2	274	LQRCESLEKKT		psite	806
ENSP00000388107	UBA52	57	DGRTLSDYNIQ		hprd;psite	530
ENSP00000344818	UBC	57	DGRTLSDYNIQ		hprd;psite	693
ENSP00000340820	MAPT	687	KDRVQSKIGSL	PKN1	hprd	567
ENSP00000005340	DVL2	222	MSRFSSSTEQS		hprd	428
ENSP00000261716	TAOK1	959	VPRGSSMGVRN		hprd	442
