name	LYN
id	ENSP00000376688
type	Tyrosine kinase
proline+1_removed	No
npartners	291
npartners_with_sites	243
nsites	299
//
motif	score	fg_matches	fg_size	bg_matches	bg_size	fold_increase
.D...YE.P..	627.81	13	1268	0	10000	Inf
....VYD.P..	627.54	10	1255	0	10000	Inf
....DY.....	307.65	139	1245	500	10000	2.23
.....YD.P..	20.18	18	1106	19	9500	8.14
..D..Y.....	11.14	106	1088	452	9481	2.04
//
prot_id	prot_name	position	flank	kinase	source	string_score
ENSP00000238081	YWHAQ	82	QLIKDYREKVE		psite	817
ENSP00000238081	YWHAQ	125	KMKGDYFRYLA		psite	817
ENSP00000365312	ABI1	143	RKPIDYTVLDD		psite	585
ENSP00000365312	ABI1	213	TVPNDYMTSPA	ABL1	hprd;pelm;psite	585
ENSP00000365312	ABI1	421	PPPVDYEDEEA		psite	585
ENSP00000365312	ABI1	484	NDDGWYEGVCN		psite	585
ENSP00000349960	ACTB	188	RDLTDYLMKIL		psite	654
ENSP00000383623	MLLT4	294	ENPKDYCIARV		psite	900
ENSP00000383623	MLLT4	583	EQQPDYRRQES		psite	900
ENSP00000383623	MLLT4	985	FEGADYESHLL		psite	900
ENSP00000383623	MLLT4	1284	REDKAYQLERH		psite	900
ENSP00000383623	MLLT4	1496	RRDLQYITVSK		psite	900
ENSP00000383623	MLLT4	1702	PLPRDYEPPSP		hprd;psite	900
ENSP00000270202	AKT1	326	LEDNDYGRAVD	PTK6;SRC	hprd;psite	938
ENSP00000270202	AKT1	437	ETDTRYFDEEF		psite	938
ENSP00000295897	ALB	365	RRHPDYSVVLL		psite	515
ENSP00000295897	ALB	476	PCAEDYLSVVL		psite	515
ENSP00000295897	ALB	521	EVDETYVPKEF		hprd;psite	515
ENSP00000346032	ANXA2	206	GSVIDYELIDQ		hprd;pelm;psite	835
ENSP00000346032	ANXA2	293	FADRLYDSMKG		psite	835
ENSP00000269260	ARRB2	48	LVDPDYLKDRK		psite	899
ENSP00000269260	ARRB2	404	MKDDDYDDQLC		psite	899
ENSP00000303507	BCR	246	GVDGDYEDAEL	FES	hprd;pelm;psite	565
ENSP00000303507	BCR	852	LISSDYERAEW		psite	565
ENSP00000259089	BLK	389	IIDSEYTAQEG		psite	904
ENSP00000224337	BLNK	72	DFDSDYENPDE	SYK	pelm;psite	973
ENSP00000224337	BLNK	96	NADDSYEPPPV	SYK	pelm;psite	973
ENSP00000224337	BLNK	178	EDEADYVVPVE	SYK	pelm;psite	973
ENSP00000224337	BLNK	189	DNDENYIHPTE	SYK	pelm;psite	973
ENSP00000308176	BTK	225	VALYDYMPMNA		hprd;psite	985
ENSP00000308176	BTK	551	VLDDEYTSSVG	BTK;LYN;SYK	hprd;pelm;psite	985
ENSP00000368759	NEDD9	106	PRDTIYQVPPS		psite	648
ENSP00000368759	NEDD9	177	YQKDVYDIPPS		hprd;psite	648
ENSP00000368759	NEDD9	189	TTQGVYDIPPS		hprd;psite	648
ENSP00000368759	NEDD9	214	KPQGVYDIPPT		psite	648
ENSP00000368759	NEDD9	241	LREKDYDFPPP		psite	648
ENSP00000368759	NEDD9	261	RPEGVYDIPPT		psite	648
ENSP00000368759	NEDD9	317	SQNDAYDVPRG		hprd;pelm;psite	648
ENSP00000368759	NEDD9	345	ERDGVYDVPLH		hprd;pelm;psite	648
ENSP00000368759	NEDD9	629	SWMDDYDYVHL		psite	648
ENSP00000368759	NEDD9	631	MDDYDYVHLQG		psite	648
ENSP00000351273	CASP8	52	KGGADYILLPF		psite	887
ENSP00000330237	CASP9	153	NADLAYILSME	ABL1	hprd;pelm;psite	658
ENSP00000264033	CBL	552	PPDRPYSVGAE		hprd;pelm;psite	999
ENSP00000264033	CBL	700	EEDTEYMTPSS	EGFR;FYN;INSR;LCK;SYK;YES1	hprd;pelm;psite	999
ENSP00000264033	CBL	774	NEDDGYDVPKP	EGFR;FYN;LCK;SRC;SYK;YES1	hprd;pelm;psite	999
ENSP00000264122	CBLB	665	LGSEEYDVPPR		psite	908
ENSP00000264122	CBLB	709	EDDDEYKIPSS		psite	908
ENSP00000264122	CBLB	802	RTPSDYDLLIP		psite	908
ENSP00000264122	CBLB	889	RTSQDYDQLPS		pelm;psite	908
ENSP00000313419	CD19	439	QDGSGYENPED	MAPK1	hprd;pelm;psite	995
ENSP00000085219	CD22	807	RQVGDYENVIP		pelm;psite	999
ENSP00000085219	CD22	842	QENVDYVILKH		pelm;psite	999
ENSP00000325708	CD37	274	NLDHVYNRLAR		psite	693
ENSP00000356346	PTPRC	689	ILPYDYNRVEL		psite	992
ENSP00000356346	PTPRC	790	KRCPDYIIQKL		psite	992
ENSP00000356346	PTPRC	980	VIPYDYNRVPL		psite	992
ENSP00000342681	CD5	453	HVDNEYSQPPR	FYN;LCK	hprd;pelm;psite	412
ENSP00000342681	CD5	487	SSDSDYDLHGA	FYN;LCK	hprd;pelm;psite	412
ENSP00000314458	CDC42	64	AGQEDYDRLRP	SRC	pelm;psite	430
ENSP00000395546	CSNK2B	127	QGDFGYCPRVY		psite	789
ENSP00000415615	CSNK2B	127	QGDFGYCPRVY		psite	789
ENSP00000301843	CTTN	154	ASQKDYSSGFG		psite	599
ENSP00000301843	CTTN	178	AVGFDYQGKTE		psite	599
ENSP00000301843	CTTN	228	ESQKDYVKGFG		psite	599
ENSP00000301843	CTTN	265	ESQKDYKTGFG		psite	599
ENSP00000301843	CTTN	289	AVGFDYKEKLA		hprd;psite	599
ENSP00000301843	CTTN	302	ESQQDYSKGFG		psite	599
ENSP00000301843	CTTN	453	MEAADYREASS		hprd;pelm;psite	599
ENSP00000301843	CTTN	486	AEDSTYDEYEN	ABL1;SRC	hprd;pelm;psite	599
ENSP00000356436	PLA2G4A	456	DAGSDYQSDNQ		psite	922
ENSP00000346300	CRKL	48	TCPGDYVLSVS		psite	768
ENSP00000346300	CRKL	132	YVRTLYDFPGN		hprd;psite	768
ENSP00000384053	CSF2RB	822	QQVGDYCFLPG	LYN	pelm;psite	984
ENSP00000384053	CSF2RB	882	LKQQDYLSLPP	LYN	psite	984
ENSP00000286301	CSF1R	699	EGGVDYKNIHL	CSF1R	pelm;psite	673
ENSP00000286301	CSF1R	809	MNDSNYIVKGN	CSF1R	hprd;pelm;psite	673
ENSP00000286301	CSF1R	923	RRERDYTNLPS		psite	673
ENSP00000220003	CSK	184	AQDEFYRSGWA		hprd;pelm;psite	963
ENSP00000220003	CSK	277	GSLVDYLRSRG		psite	963
ENSP00000313420	PRKDC	2439	CLDIIYKMMPK		psite	931
ENSP00000256935	DOCK2	209	KDQPDYAMYSR		hprd;pelm;psite	914
ENSP00000233668	DOK1	315	SQDSLYSDPLD		hprd;pelm;psite	974
ENSP00000233668	DOK1	362	KEDPIYDEPEG	INSR	hprd;pelm;psite	974
ENSP00000233668	DOK1	377	PPQGLYDLPRE		hprd;pelm;psite	974
ENSP00000233668	DOK1	409	PATDDYAVPPP		hprd;pelm;psite	974
ENSP00000276420	DOK2	192	PGTQLYDWPYR		psite	922
ENSP00000276420	DOK2	271	RPDSPYSRPHD		hprd;pelm;psite	922
ENSP00000276420	DOK2	330	LADPLYDSIEE		psite	922
ENSP00000276420	DOK2	345	RPDHIYDEPEG		hprd;pelm;psite	922
ENSP00000276420	DOK2	357	AALSLYDSPQE		psite	922
ENSP00000204961	EFNB1	324	KVSGDYGHPVY		hprd;pelm;psite	906
ENSP00000216733	EFS	128	SPDLIYKIPRA		psite	524
ENSP00000216733	EFS	148	DALEVYDVPPT		psite	524
ENSP00000216733	EFS	163	PSSGPYDCPAS		psite	524
ENSP00000216733	EFS	188	EDDAPYDVPLT		psite	524
ENSP00000216733	EFS	383	AEEYDYVHLKG		psite	524
ENSP00000275493	EGFR	764	ILDEAYVMASV	SRC	psite	945
ENSP00000275493	EGFR	1125	SRDPHYQDPHS	SRC	hprd;pelm;psite	945
ENSP00000275493	EGFR	1172	LDNPDYQQDFF	EGFR	hprd;pelm;psite	945
ENSP00000275815	EPHA1	605	VDLQAYEDPAQ		psite	901
ENSP00000275815	EPHA1	781	DFDGTYETQGG		hprd;pelm;psite	901
ENSP00000351209	EPHA2	594	VDPHTYEDPNQ	EPHA2	hprd;pelm;psite	910
ENSP00000337451	EPHA3	602	VDPHTYEDPTQ	EPHA3	hprd;pelm;psite	901
ENSP00000337451	EPHA3	742	LSDMGYVHRDL		psite	901
ENSP00000281821	EPHA4	602	VDPFTYEDPNQ	EPHA4	hprd;pelm;psite	915
ENSP00000273854	EPHA5	656	IDPHTYEDPNQ		psite	901
ENSP00000358309	EPHA7	614	IDPETYEDPNR		psite	900
ENSP00000381097	EPHB1	600	IDPFTYEDPNE		hprd;pelm;psite	901
ENSP00000381097	EPHB1	778	TSDPTYTSSLG		pelm;psite	901
ENSP00000363763	EPHB2	181	LAFQDYGGCMS		psite	902
ENSP00000363763	EPHB2	578	RADSEYTDKLQ		hprd;psite	902
ENSP00000363763	EPHB2	603	IDPFTYEDPNE	EPHB2	hprd;psite	902
ENSP00000363763	EPHB2	743	LADMNYVHRDL		hprd;psite	902
ENSP00000363763	EPHB2	781	TSDPTYTSALG		hprd;psite	902
ENSP00000363763	EPHB2	913	RTIPDYTSFNT		psite	902
ENSP00000222139	EPOR	468	GISTDYSSGDS	JAK2	hprd;psite	994
ENSP00000222139	EPOR	485	LSDGPYSNPYE	JAK2	hprd;psite	994
ENSP00000341189	PTK2	155	QVKSDYMLEIA		psite	968
ENSP00000341189	PTK2	397	SETDDYAEIID	FGR;MET;PTK2;SRC	hprd;pelm;psite	968
ENSP00000341189	PTK2	576	MEDSTYYKASK	BMX;FGR;MET;PTK2;RET;SRC	hprd;pelm;psite	968
ENSP00000278888	MS4A2	219	PEDRVYEELNI		pelm;psite	939
ENSP00000289902	FCER1G	65	KSDGVYTGLST		hprd;pelm;psite	984
ENSP00000271450	FCGR2A	281	ETNNDYETADG	BLK;FYN;LYN;SYK	hprd;pelm;psite	978
ENSP00000271450	FCGR2A	288	TADGGYMTLNP	BLK;FYN;LYN;SYK	hprd;pelm;psite	978
ENSP00000281092	FER	615	KILKQYDHPNI	FER	psite	901
ENSP00000410294	FGFR2	657	INNIDYYKKTT		psite	686
ENSP00000363115	FGR	412	IKDDEYNPCQG	FGR	hprd;pelm;psite	914
ENSP00000306245	FOS	10	GFNADYEASSS		psite	938
ENSP00000357656	FYN	420	IEDNEYTARQG	FYN	hprd;pelm;psite	907
ENSP00000312999	GNAI2	168	IAQSDYIPTQQ		psite	902
ENSP00000399588	GAB3	534	KFSLDYLALDF		psite	653
ENSP00000399588	GAB3	561	EQRVDYVQVDE		psite	653
ENSP00000230882	GHR	534	LMDNAYFCEAD		hprd;pelm;psite	916
ENSP00000360302	GRIA3	460	CVDLAYEIAKH		psite	919
ENSP00000211122	GSTA3	147	SHGQDYLVGNK		psite	411
ENSP00000365012	HCK	89	VALYDYEAIHH		psite	919
ENSP00000365012	HCK	411	IEDNEYTAREG	HCK	hprd;pelm;psite	919
ENSP00000365439	HNRNPK	72	ALRTDYNASVS	SRC	hprd;psite	700
ENSP00000365439	HNRNPK	234	FYDETYDYGGF	SRC	hprd;pelm;psite	700
ENSP00000365439	HNRNPK	236	DETYDYGGFTM	SRC	hprd;pelm;psite	700
ENSP00000365439	HNRNPK	280	PSRRDYDDMSP		hprd;psite	700
ENSP00000365439	HNRNPK	371	GSGYDYSYAGG		psite	700
ENSP00000365439	HNRNPK	373	GYDYSYAGGRG		psite	700
ENSP00000380066	MAP4K1	381	SSDDDYDDVDI	LYN;SYK	hprd;pelm;psite	739
ENSP00000309845	HRAS	157	VEDAFYTLVRE		psite	937
ENSP00000320176	HCLS1	140	AVGFDYKGEVE		psite	997
ENSP00000320176	HCLS1	153	TSQKDYSRGFG		psite	997
ENSP00000320176	HCLS1	177	ALGYDYKGETE		psite	997
ENSP00000320176	HCLS1	190	ESQRDYAKGFG		psite	997
ENSP00000320176	HCLS1	378	EPENDYEDVEE	LYN;SYK	hprd;pelm;psite	997
ENSP00000320176	HCLS1	397	EPEGDYEEVLE	FGR;LYN;SYK	hprd;pelm;psite	997
ENSP00000376544	CD79B	197	EEDHTYEGLDI	FYN;LYN	hprd;pelm;psite	996
ENSP00000216223	IL2RB	418	GEDDAYCTFPS	LCK	hprd;pelm;psite	642
ENSP00000304895	IRS1	612	HTDDGYMPMSP	JAK1	hprd;pelm;psite	904
ENSP00000304895	IRS1	632	KGSGDYMPMSP	JAK1	hprd;pelm;psite	904
ENSP00000304895	IRS1	989	SSRGDYMTMQM		psite	904
ENSP00000365016	IRS2	632	PYPEDYGDIEI	INSR	hprd;psite	517
ENSP00000365016	IRS2	653	GADDGYMPMTP		hprd;pelm;psite	517
ENSP00000365016	IRS2	675	CRSDDYMPMSP		hprd;pelm;psite	517
ENSP00000365016	IRS2	742	PEDSGYMRMWC		hprd;pelm;psite	517
ENSP00000365016	IRS2	766	LPNGDYLNVSP		psite	517
ENSP00000365016	IRS2	978	SPLSDYMNLDF		hprd;psite	517
ENSP00000361202	IRS4	700	DEDDPYVPMRP		hprd;psite	400
ENSP00000361202	IRS4	779	DSESDYMFMAP		hprd;psite	400
ENSP00000361202	IRS4	921	DSSSDYVNMDF		psite	400
ENSP00000364094	ITGB1	141	KRAEDYPIDLY		psite	897
ENSP00000364094	ITGB1	147	PIDLYYLMDLS		psite	897
ENSP00000398655	ITK	182	IALYDYQTNDP		psite	905
ENSP00000398655	ITK	512	VLDDQYTSSTG	LCK	hprd;pelm;psite	905
ENSP00000371067	JAK2	221	AKIQDYHILTR	JAK2	hprd;psite	965
ENSP00000371067	JAK2	570	REVGDYGQLHE	JAK2	hprd;pelm;psite	965
ENSP00000371067	JAK2	790	NNCMDYEPDFR		psite	965
ENSP00000371067	JAK2	813	LFTPDYELLTE	JAK2	hprd;pelm;psite	965
ENSP00000371067	JAK2	940	GSLRDYLQKHK		psite	965
ENSP00000371067	JAK2	1007	PQDKEYYKVKE	JAK2	hprd;pelm;psite	965
ENSP00000288135	KIT	362	DKWEDYPKSEN		hprd;psite	984
ENSP00000288135	KIT	823	KNDSNYVVKGN	KIT	pelm;psite	984
ENSP00000275635	LAT2	193	EESEDYQNSAS	SYK	hprd;pelm;psite	496
ENSP00000275635	LAT2	233	DGEPDYVNGEV	SYK	pelm;psite	496
ENSP00000354119	LAT	45	SSDSLYPRGIQ		psite	569
ENSP00000354119	LAT	156	EDEDDYHNPGY	ZAP70	hprd;psite	569
ENSP00000354119	LAT	200	ESIDDYVNVPE	ZAP70	hprd;psite	569
ENSP00000354119	LAT	255	EGAPDYENLQE	ZAP70	hprd;psite	569
ENSP00000337825	LCK	394	IEDNEYTAREG	FCGR3A;LCK	hprd;pelm;psite	905
ENSP00000337825	LCK	489	RPTFDYLRSVL		psite	905
ENSP00000309521	LIME1	200	QVDVLYSRVCK		hprd;pelm;psite	727
ENSP00000309521	LIME1	235	AGDLAYQTLPL		psite	727
ENSP00000226574	NFKB1	241	VSDAIYDSKAP		psite	909
ENSP00000358548	NRAS	157	VEDAFYTLVRE		psite	914
ENSP00000162330	BCAR1	115	QPDSVYLVPTP	SRC	hprd;psite	987
ENSP00000162330	BCAR1	234	PEQDEYDIPRH	SRC	hprd;pelm;psite	987
ENSP00000162330	BCAR1	249	GPQDIYDVPPV	FGFR1	hprd;pelm;psite	987
ENSP00000162330	BCAR1	267	YGQEVYDTPPM	SRC	hprd;psite	987
ENSP00000162330	BCAR1	287	PLLEVYDVPPS	SRC	hprd;psite	987
ENSP00000162330	BCAR1	306	NHHAVYDVPPS	FGFR1	hprd;pelm;psite	987
ENSP00000162330	BCAR1	327	LREETYDVPPA	FGFR1	hprd;pelm;psite	987
ENSP00000162330	BCAR1	362	PAEDVYDVPPP	SRC	hprd;psite	987
ENSP00000162330	BCAR1	372	PAPDLYDVPPG		hprd;psite	987
ENSP00000162330	BCAR1	387	GPGTLYDVPRE	SRC	hprd;pelm;psite	987
ENSP00000162330	BCAR1	653	SPDGQYENSEG	SRC	hprd;pelm;psite	987
ENSP00000162330	BCAR1	664	GWMEDYDYVHL	PTK2;PTK6	hprd;pelm;psite	987
ENSP00000162330	BCAR1	666	MEDYDYVHLQG	PTK2	hprd;psite	987
ENSP00000269305	TP53	327	PLDGEYFTLQI		psite	744
ENSP00000220597	PAG1	181	VEDCLYETVKE		hprd;pelm;psite	993
ENSP00000220597	PAG1	387	EPEPDYEAIQT		psite	993
ENSP00000220597	PAG1	417	PKENDYESISD		hprd;pelm;psite	993
ENSP00000261799	PDGFRB	692	GDLVDYLHRNK		psite	906
ENSP00000261799	PDGFRB	740	ESDGGYMDMSK	PDGFRB	hprd;pelm;psite	906
ENSP00000261799	PDGFRB	751	DESVDYVPMLD	PDGFRB	hprd;pelm;psite	906
ENSP00000261799	PDGFRB	763	KGDVKYADIES	PDGFRB	hprd;pelm;psite	906
ENSP00000261799	PDGFRB	857	MRDSNYISKGS	PDGFRB	hprd;pelm;psite	906
ENSP00000261799	PDGFRB	934	ASDEIYEIMQK	ABL1	hprd;psite	906
ENSP00000261799	PDGFRB	1021	EGDNDYIIPLP	PDGFRB	hprd;pelm;psite	906
ENSP00000263967	PIK3CA	355	DIDKIYVRTGI		psite	985
ENSP00000289153	PIK3CB	246	VSPYDYVLQVS		psite	986
ENSP00000274335	PIK3R1	368	KMHGDYTLTLR	INSR	hprd;pelm;psite	928
ENSP00000274335	PIK3R1	467	EYDRLYEEYTR		hprd;pelm;psite	928
ENSP00000222254	PIK3R2	464	EYDQLYEEYTR		hprd;pelm;psite	919
ENSP00000262741	PIK3R3	199	EYDRLYEEYTR		psite	909
ENSP00000262741	PIK3R3	341	DADENYFINEE	INSR	hprd;pelm;psite	909
ENSP00000262741	PIK3R3	373	AEDLLYGKPDG		psite	909
ENSP00000305355	PRKCB	368	GTDELYAVKIL		psite	806
ENSP00000305355	PRKCB	507	CGTPDYIAPEI		psite	806
ENSP00000331602	PRKCD	514	CGTPDYIAPEI	LCK	hprd;psite	964
ENSP00000331602	PRKCD	630	KSPRDYSNFDQ		psite	964
ENSP00000263431	PRKCG	521	CGTPDYIAPEI		psite	800
ENSP00000263125	PRKCQ	545	CGTPDYIAPEI		psite	621
ENSP00000244007	PLCG1	210	SGDITYGQFAQ		psite	969
ENSP00000244007	PLCG1	771	TAEPDYGALYE	EGFR;LYN;SYK	hprd;pelm;psite	969
ENSP00000244007	PLCG1	833	WWRGDYGGKKQ		psite	969
ENSP00000352336	PLCG2	780	KALYDYKAKRS		psite	995
ENSP00000352336	PLCG2	811	WWKGDYGTRIQ		psite	995
ENSP00000248594	PTPN12	88	SQDSDYINANF		psite	466
ENSP00000394794	PTPN13	363	KMDPIYHTREL		psite	918
ENSP00000332816	PTK2B	579	IEDEDYYKASV	PTK2B	hprd;pelm;psite	961
ENSP00000332816	PTK2B	819	QMVEDYQWLRQ		psite	961
ENSP00000332816	PTK2B	881	TDDLVYLNVME	PTK2B	hprd;pelm;psite	961
ENSP00000005587	SKAP2	75	EDGEEYDDPFA		psite	744
ENSP00000005587	SKAP2	261	IDDEIYEELPE		psite	744
ENSP00000348461	RAC1	64	AGQEDYDRLRP	PTK2;SRC	psite	939
ENSP00000304283	RAC3	64	AGQEDYDRLRP		psite	430
ENSP00000274376	RASA1	239	AMCGDYYIGGR		psite	966
ENSP00000274376	RASA1	472	TKDAFYKNIVK		psite	966
ENSP00000313829	KHDRBS1	375	GYDDTYAEQSY		psite	977
ENSP00000313829	KHDRBS1	396	QGDSEYYDYGH		psite	977
ENSP00000264896	SCARB2	284	ITFSDYESVQG		pelm;psite	424
ENSP00000401303	SHC1	349	PPDHQYYNDFP	FLT4;SRC;SYK;ZAP70	hprd;pelm;psite	990
ENSP00000401303	SHC1	428	FDDPSYVNVQN	FLT3;FLT4;MET;SRC;SYK;ZAP70	hprd;pelm;psite	990
ENSP00000364995	SHC3	341	GSDHPYYNSIP		psite	860
ENSP00000329668	SHC4	374	REDHEYYNEIP		psite	800
ENSP00000329668	SHC4	465	FDDPCYINTQA		psite	800
ENSP00000391592	PTPN6	301	IPGSDYINANY		psite	996
ENSP00000340944	PTPN11	62	QNTGDYYDLYG		hprd;pelm;psite	925
ENSP00000340944	PTPN11	304	EPVSDYINANI		pelm;psite	925
ENSP00000345243	SIGLEC10	597	STILDYINVVP	ITK;JAK3;LCK	pelm;psite	823
ENSP00000345243	SIGLEC10	691	GTQADYAEVKF	JAK3;LCK	pelm;psite	823
ENSP00000338171	SKAP1	90	PFLSDYQDEGM		psite	750
ENSP00000338171	SKAP1	295	RKGVDYASYYQ	FYN	psite	750
ENSP00000316460	FYB	571	AVEIDYDSLKL	FYN	hprd;pelm;psite	544
ENSP00000316460	FYB	625	PDDDIYDGIEE		psite	544
ENSP00000316460	FYB	651	MGDEVYDDVDT	FYN	hprd;pelm;psite	544
ENSP00000262418	SLC4A1	8	ELQDDYEDMME	LYN;SYK	hprd;pelm;psite	655
ENSP00000262418	SLC4A1	46	ATATDYHTTSH		hprd;pelm;psite	655
ENSP00000046794	LCP2	113	FEEDDYESPND	LCK;SYK;ZAP70	hprd;pelm;psite	971
ENSP00000046794	LCP2	128	EDDGDYESPNE	LCK;SYK;ZAP70	hprd;pelm;psite	971
ENSP00000046794	LCP2	145	EDDADYEPPPS	LCK;TXK;ZAP70	hprd;pelm;psite	971
ENSP00000338345	SNCA	125	PDNEAYEMPSE	FYN;PTK2B;SRC;SYK	hprd;pelm;psite	959
ENSP00000350941	SRC	419	IEDNEYTARQG	PDGFRA;PDGFRB;PRKACA;SRC	hprd;pelm;psite	959
ENSP00000350941	SRC	522	AFLEDYFTSTE		psite	959
ENSP00000354394	STAT1	68	QLDDQYSRFSL		psite	938
ENSP00000264657	STAT3	45	SQDWAYAASKE		psite	946
ENSP00000348128	SVIL	132	EADSEYLSRYT		psite	646
ENSP00000364898	SYK	28	EEAEDYLVQGG		psite	988
ENSP00000364898	SYK	348	MDTEVYESPYA	SYK	hprd;pelm;psite	988
ENSP00000364898	SYK	431	QLDNPYIVRMI		psite	988
ENSP00000364898	SYK	525	RADENYYKAQT	SYK	hprd;pelm;psite	988
ENSP00000370912	TEC	130	WTDGSYQCCRQ		psite	984
ENSP00000370912	TEC	519	VLDDQYTSSSG		psite	984
ENSP00000295756	TRAT1	43	RQDKMYSYSSD		psite	836
ENSP00000261740	TRPV4	110	DSLFDYGTYRH		psite	753
ENSP00000261740	TRPV4	508	RTTVDYLRLAG		hprd;psite	753
ENSP00000304697	UBB	59	RTLSDYNIQKE		psite	644
ENSP00000344818	UBC	59	RTLSDYNIQKE		psite	954
ENSP00000360916	VAV2	142	NDDDVYRSLEE	EGFR;LCK	hprd;pelm;psite	913
ENSP00000360916	VAV2	172	GGDDIYEDIIK	EGFR;LCK	hprd;pelm;psite	913
ENSP00000324740	YES1	426	IEDNEYTARQG	YES1	hprd;pelm;psite	902
ENSP00000264972	ZAP70	126	AMVRDYVRQTW	ZAP70	hprd;pelm;psite	903
ENSP00000264972	ZAP70	315	MDTSVYESPYS	ZAP70	hprd;pelm;psite	903
ENSP00000264972	ZAP70	397	QLDNPYIVRLI		psite	903
ENSP00000264972	ZAP70	492	GADDSYYTARS	LCK;ZAP70	hprd;pelm;psite	903
ENSP00000264972	ZAP70	493	ADDSYYTARSA	LCK;ZAP70	hprd;pelm;psite	903
ENSP00000314709	ZHX2	705	ADDHGYDAVAR		psite	481
ENSP00000261740	TRPV4	411	FKDWAYGPVYS		hprd;pelm	753
ENSP00000348128	SVIL	1317	YRSVDYNMPRS		hprd;pelm	646
ENSP00000306157	IL7R	169	MHDVAYRQEKD		hprd	654
ENSP00000304895	IRS1	732	PCTGDYMNMSP	JAK1	hprd	904
ENSP00000361202	IRS4	717	VSSSDYMPMAP		hprd	400
ENSP00000005587	SKAP2	325	RGDVIYILSKE		hprd	744
