name	MAK
id	ENSP00000313021
type	Serine/threonine kinase
proline+1_removed	No
npartners	9
npartners_with_sites	7
nsites	27
//
motif	score	fg_matches	fg_size	bg_matches	bg_size	fold_increase
.....[ST]P....	11.12	27	93	617	10000	4.71
//
prot_id	prot_name	position	flank	kinase	source	string_score
ENSP00000301607	EVPL	23	SPAKGSPKGSP		psite	778
ENSP00000301607	EVPL	1263	VRHERSPEVLR		hprd;psite	778
ENSP00000301607	EVPL	1698	TGKDMSPYEAY		psite	778
ENSP00000301607	EVPL	1799	SIISKSPLASP		hprd;psite	778
ENSP00000301607	EVPL	2025	CYRSASPTVPR		hprd;pelm;psite	778
ENSP00000378529	FZR1	32	MRRTLTPASSP		hprd;pelm;psite	643
ENSP00000378529	FZR1	36	LTPASSPVSSP		hprd;pelm;psite	643
ENSP00000378529	FZR1	40	SSPVSSPSKHG	CDK5	hprd;pelm;psite	643
ENSP00000378529	FZR1	70	NENEKSPSQNR		pelm;psite	643
ENSP00000378529	FZR1	121	RLQPSTPEKKG	CDK5	psite	643
ENSP00000378529	FZR1	138	STKRSSPDDGN		hprd;pelm;psite	643
ENSP00000378529	FZR1	146	DGNDVSPYSLS		hprd;pelm;psite	643
ENSP00000378529	FZR1	151	SPYSLSPVSNK	CDK2	hprd;pelm;psite	643
ENSP00000378529	FZR1	163	QKLLRSPRKPT	CDK2;CDK5	hprd;pelm;psite	643
ENSP00000361066	NCOA3	24	KLPCDTPGQGL	MAPK8	hprd;pelm;psite	630
ENSP00000361066	NCOA3	214	EDINASPEMRQ		hprd;pelm;psite	630
ENSP00000361066	NCOA3	505	VAGVHSPMASS	MAPK14;MAPK8	hprd;pelm;psite	630
ENSP00000361066	NCOA3	543	LSTLSSPGPKL	MAPK14;MAPK8	hprd;pelm;psite	630
ENSP00000361066	NCOA3	551	PKLDNSPNMNI		hprd;pelm;psite	630
ENSP00000361066	NCOA3	569	NQDSKSPLGFY		psite	630
ENSP00000361066	NCOA3	694	LQNGNSPAEVA		hprd;psite	630
ENSP00000361066	NCOA3	728	KQEQLSPKKKE	CDK1	hprd;pelm;psite	630
ENSP00000361066	NCOA3	860	AVSLDSPVSVG	MAPK14;MAPK8	hprd;pelm;psite	630
ENSP00000361066	NCOA3	867	VSVGSSPPVKN	CDK1;MAPK14;MAPK8	hprd;pelm;psite	630
ENSP00000361066	NCOA3	1330	FGRVSSPPNAM		hprd;pelm;psite	630
ENSP00000301607	EVPL	18	GSPKGSPAKGS		hprd	778
ENSP00000301607	EVPL	1813	STSFFSPSFSL		hprd	778
