name	MAP2K3
id	ENSP00000345083
type	Serine/threonine kinase
proline+1_removed	Yes
npartners	70
npartners_with_sites	59
nsites	82
//
motif	score	fg_matches	fg_size	bg_matches	bg_size	fold_increase
..R..[ST].....	307.65	82	471	483	9383	3.38
//
prot_id	prot_name	position	flank	kinase	source	string_score
ENSP00000351908	MAP3K5	83	RGRGSSVGGGS	AKT1;AKT2;PIM1	hprd;pelm;psite	985
ENSP00000351908	MAP3K5	966	YLRSISLPVPV	MAP3K5;PDPK1	hprd;pelm;psite	985
ENSP00000264110	ATF2	62	PARNDSVIVAD	VRK1	pelm;psite	581
ENSP00000264110	ATF2	307	LVRTQSEESRP		psite	581
ENSP00000288602	BRAF	363	GQRDRSSSAPN		hprd;psite	910
ENSP00000288602	BRAF	365	RDRSSSAPNVH	AKT1;AKT3	hprd;pelm;psite	910
ENSP00000288602	BRAF	429	RERKSSSSSED	AKT1;AKT3	hprd;pelm;psite	910
ENSP00000288602	BRAF	440	RNRMKTLGRRD		hprd;pelm;psite	910
ENSP00000288602	BRAF	446	LGRRDSSDDWE	PAK1	hprd;pelm;psite	910
ENSP00000288602	BRAF	447	GRRDSSDDWEI		hprd;pelm;psite	910
ENSP00000288602	BRAF	465	GQRIGSGSFGT		psite	910
ENSP00000288602	BRAF	729	IHRSASEPSLN		hprd;pelm;psite	910
ENSP00000258682	CAMK2B	287	MHRQETVECLK	CAMK2B	hprd;psite	903
ENSP00000370503	CCM2	414	HRRALSTTSSS		psite	952
ENSP00000245960	CDC25B	151	IRRFQSMPVRL		psite	442
ENSP00000245960	CDC25B	167	VLRNITNSQAP		psite	442
ENSP00000245960	CDC25B	178	DGRRKSEAGSG		psite	442
ENSP00000245960	CDC25B	230	AQRPSSAPDLM	CHEK1	pelm;psite	442
ENSP00000245960	CDC25B	323	LFRSPSMPCSV	MAPKAPK2;MELK	pelm;psite	442
ENSP00000245960	CDC25B	353	NKRRRSVTPPE	AURKA;MAPKAPK2;RPS6KA1	hprd;pelm;psite	442
ENSP00000245960	CDC25B	375	VLRSKSLCHDE	BRSK1;MAPKAPK2	hprd;pelm;psite	442
ENSP00000369213	DDX58	770	ILRLQTWDEAV	CSNK2A1	psite	800
ENSP00000354791	DCTN1	1153	LYRKTSQLLET		psite	621
ENSP00000306245	FOS	362	AHRKGSSSNEP	PRKACA;RPS6KA1;RPS6KA3	hprd;pelm;psite	542
ENSP00000310170	FOSL1	252	AHRKSSSSSGD		psite	479
ENSP00000263791	EIF2AK4	254	RERQYSVCNSE		psite	800
ENSP00000263791	EIF2AK4	572	SNRLPSAAFFS		psite	800
ENSP00000365439	HNRNPK	302	GGRGGSRARNL	PRKCD	hprd;pelm;psite	686
ENSP00000320821	KIF1C	1033	HPRRNSLDGGG		hprd;pelm;psite	462
ENSP00000320821	KIF1C	1092	MRRQRSAPDLK	CSNK2A1	hprd;pelm;psite	462
ENSP00000330572	MAPK8IP2	246	GGRRSSQELSS		psite	621
ENSP00000382423	MAP3K1	1016	PCRIPSASPQT		psite	907
ENSP00000382423	MAP3K1	1026	TQRKFSLQFHR		psite	907
ENSP00000343463	MAP3K2	163	TSRDRSSPPPG		hprd;pelm;psite	825
ENSP00000343463	MAP3K2	239	MPRAQSYPDNH		hprd;pelm;psite	825
ENSP00000343463	MAP3K2	331	IRRRGSDIDNP		hprd;pelm;psite	825
ENSP00000354927	MAP3K3	197	RSRHLSVSSQN	PRKACA	hprd;pelm;psite	919
ENSP00000354927	MAP3K3	281	MSRAQSFPDNR		hprd;psite	919
ENSP00000354927	MAP3K3	347	SSRSLSTNGEN		psite	919
ENSP00000354927	MAP3K3	368	RGRLRSADSEN	PRKACA	hprd;pelm;psite	919
ENSP00000354927	MAP3K3	547	SKRLQTICMSG		psite	919
ENSP00000354927	MAP3K3	559	GMRSVTGTPYW		psite	919
ENSP00000375986	MAP3K4	499	LERLESEDDSL		hprd;psite	969
ENSP00000350195	MAP3K6	964	PKRCLSYGGTS		hprd;psite	815
ENSP00000279488	DUSP6	174	GLRISSDSSSD	MAPK3	psite	464
ENSP00000253055	MAP3K10	498	DKRKGSDGASP		psite	910
ENSP00000253055	MAP3K10	830	HRRTPSDGALG		psite	910
ENSP00000307235	EIF2AK3	555	RQRKESETQCQ		psite	813
ENSP00000307235	EIF2AK3	802	RSRERTSSSIV		psite	813
ENSP00000307235	EIF2AK3	804	RERTSSSIVFE		psite	813
ENSP00000307235	EIF2AK3	1094	RQRSRSLSSSG		psite	813
ENSP00000307235	EIF2AK3	1096	RSRSLSSSGTK		psite	813
ENSP00000343325	PKN1	69	NLRRATTDLGR		psite	962
ENSP00000343325	PKN1	70	LRRATTDLGRS	PKN1	hprd;psite	962
ENSP00000343325	PKN1	246	VLRLLSAAKAP		hprd;psite	962
ENSP00000343325	PKN1	380	YSRSGSLSGRS	PKN1	hprd;psite	962
ENSP00000343325	PKN1	780	GDRTSTFCGTP	PDK1;PDPK1;PKN1	hprd;pelm;psite	962
ENSP00000260402	PLCB2	601	NKRQMSRIYPK		pelm;psite	921
ENSP00000012443	PPP5C	105	YRRAASNMALG		psite	460
ENSP00000348461	RAC1	71	RLRPLSYPQTV	AKT1	hprd;psite	937
ENSP00000259808	RIPK1	320	VKRMQSLQLDC		hprd;pelm;psite	903
ENSP00000259808	RIPK1	416	RRRRVSHDPFA		psite	903
ENSP00000262158	SMAD7	121	ESRGGTRTACL		psite	793
ENSP00000286332	TAB2	423	ASRNMSGQVSM		psite	918
ENSP00000286332	TAB2	524	ETRKLSMGSDD		hprd;psite	918
ENSP00000286332	TAB2	582	LKRSNSISQIP		psite	918
ENSP00000358335	MAP3K7	439	QPRRRSIQDLT		hprd;pelm;psite	923
ENSP00000261716	TAOK1	9	TNRAGSLKDPE		hprd;pelm;psite	964
ENSP00000261716	TAOK1	445	TIRTASLVTRQ		hprd;pelm;psite	964
ENSP00000261716	TAOK1	974	LRRTASGGRTE		psite	964
ENSP00000261716	TAOK1	987	MSRSTSVTSQI		psite	964
ENSP00000310094	TAOK2	9	GGRAGSLKDPD		hprd;psite	985
ENSP00000310094	TAOK2	344	MHRAGTLTSLE		psite	985
ENSP00000310094	TAOK2	473	TIRTASLVSRQ		hprd;psite	985
ENSP00000376317	TAOK3	437	RERFATIKSAS		psite	901
ENSP00000162749	TNFRSF1A	417	PRREATLELLG		psite	917
ENSP00000341268	TRADD	215	VNRPLSLKDQQ		psite	914
ENSP00000344818	UBC	57	DGRTLSDYNIQ		hprd;psite	720
ENSP00000314709	ZHX2	713	VARKATKPMAE		psite	661
ENSP00000365439	HNRNPK	417	QIRHESGASIK		hprd	686
ENSP00000307235	EIF2AK3	862	PPRPTTLSLDL		hprd	813
ENSP00000261716	TAOK1	959	VPRGSSMGVRN		hprd	964
