name	MAP2K4
id	ENSP00000262445
type	Serine/threonine kinase
proline+1_removed	Yes
npartners	135
npartners_with_sites	110
nsites	117
//
motif	score	fg_matches	fg_size	bg_matches	bg_size	fold_increase
..R..[ST].....	307.65	116	961	483	9383	2.34
//
prot_id	prot_name	position	flank	kinase	source	string_score
ENSP00000270202	AKT1	72	RPRPNTFIIRC	AKT1	psite	947
ENSP00000270202	AKT1	246	RERVFSEDRAR	AKT1	psite	947
ENSP00000375892	AKT2	458	PDRYDSLGLLE		psite	834
ENSP00000264110	ATF2	62	PARNDSVIVAD	VRK1	pelm;psite	602
ENSP00000264110	ATF2	307	LVRTQSEESRP		psite	602
ENSP00000311032	CASP3	150	GDRCRSLTGKP	MAPK14	pelm;psite	515
ENSP00000351273	CASP8	322	RDRNGTHLDAG		psite	430
ENSP00000263056	MAP3K8	62	DERSKSLLLSG		psite	968
ENSP00000263056	MAP3K8	400	QPRCQSLDSAL	AKT1	hprd;pelm;psite	968
ENSP00000300574	CRK	41	LVRDSSTSPGD		hprd;psite	941
ENSP00000300574	CRK	125	RSRQGSGVILR		hprd;psite	941
ENSP00000300574	CRK	194	KYRPASASVSA		hprd;psite	941
ENSP00000346300	CRKL	42	LVRDSSTCPGD		hprd;psite	836
ENSP00000369213	DDX58	770	ILRLQTWDEAV	CSNK2A1	psite	800
ENSP00000358866	FLNA	1286	DARALTQTGGP		psite	952
ENSP00000358866	FLNA	2152	RRRAPSVANVG	PAK1;PRKACA;RPS6KA1	hprd;pelm;psite	952
ENSP00000358866	FLNA	2336	DARRLTVSSLQ		hprd;psite	952
ENSP00000358866	FLNA	2523	GPRLVSNHSLH	CAMK2A;CAMK2G	hprd;pelm;psite	952
ENSP00000295956	FLNB	1259	DSRPLTQVGGD		psite	962
ENSP00000295956	FLNB	1916	DSRRCSQVKLG		psite	962
ENSP00000295956	FLNB	2013	YGRGLSEGRTF		psite	962
ENSP00000295956	FLNB	2107	TSRAPSVATVG		hprd;pelm;psite	962
ENSP00000295956	FLNB	2291	DARRLTVMSLQ		psite	962
ENSP00000327145	FLNC	2179	LTRTFTRSSHT		psite	927
ENSP00000327145	FLNC	2233	RERLGSFGSIT	AKT1;AKT2	hprd;psite	927
ENSP00000327145	FLNC	2412	DARRLTVTSLQ		psite	927
ENSP00000327145	FLNC	2624	SSRGSSYSSIP		psite	927
ENSP00000306245	FOS	362	AHRKGSSSNEP	PRKACA;RPS6KA1;RPS6KA3	hprd;pelm;psite	567
ENSP00000229239	GAPDH	83	QERDPSKIKWG		hprd;pelm;psite	410
ENSP00000229239	GAPDH	237	AFRVPTANVSV	AKT2	psite	410
ENSP00000294066	MAP4K2	8	LLRDVSLQDPR		psite	662
ENSP00000294066	MAP4K2	328	AERTPSEIQFH		pelm;psite	662
ENSP00000263791	EIF2AK4	254	RERQYSVCNSE		psite	800
ENSP00000263791	EIF2AK4	572	SNRLPSAAFFS		psite	800
ENSP00000262493	GNAO1	182	RTRVKTTGIVE		psite	528
ENSP00000404524	HSPA1A	265	VRRLRTACERA		psite	478
ENSP00000406359	HSPA1A	265	VRRLRTACERA		psite	480
ENSP00000302961	HSPA4	76	HGRAFSDPFVE		hprd;pelm;psite	853
ENSP00000302961	HSPA4	113	EERNFTTEQVT		hprd;psite	853
ENSP00000302961	HSPA4	393	KVREFSITDVV		psite	853
ENSP00000302935	IL16	834	HIRASSSSSSI		psite	800
ENSP00000302935	IL16	845	RQRISSFETFG	MAPK1;MAPK3	pelm;psite	800
ENSP00000302935	IL16	946	LLRLLSTQAEE		hprd;psite	800
ENSP00000302935	IL16	966	SQRARSFPLTR		psite	800
ENSP00000302935	IL16	974	LTRSQSCETKL		psite	800
ENSP00000302935	IL16	1320	VIRRKSLQSKE		psite	800
ENSP00000363998	ITCH	344	FTRTTTWQRPT	SGK3	psite	620
ENSP00000363998	ITCH	409	EKRTDSNGRVY	SGK3	psite	620
ENSP00000250894	MAPK8IP3	364	LDRTGSSPTQG	ROCK1	psite	979
ENSP00000262013	SPAG9	203	KERPISLGIFP		hprd;pelm;psite	821
ENSP00000262013	SPAG9	329	ETRNVSTGSAE		hprd;pelm;psite	821
ENSP00000262013	SPAG9	595	KKRSSTLSQLP		hprd;pelm;psite	821
ENSP00000262013	SPAG9	730	KQRSASQSSLD		hprd;pelm;psite	821
ENSP00000262013	SPAG9	1188	GNRPGSVIRVY		psite	821
ENSP00000394085	JMJD6	381	KRRTCSMVGNG		psite	412
ENSP00000348273	MBP	26	TNRGESEKKRN		psite	543
ENSP00000348273	MBP	40	LSRTTSEDNEV		psite	543
ENSP00000348273	MBP	96	LIRLFSRDAPG		hprd;pelm;psite	543
ENSP00000348273	MBP	146	SQRHGSKYLAT	PRKCA	hprd;psite	543
ENSP00000302486	MAP2K1	298	PGRPLSSYGMD	PAK1	hprd;pelm;psite	930
ENSP00000382423	MAP3K1	1016	PCRIPSASPQT		psite	999
ENSP00000382423	MAP3K1	1026	TQRKFSLQFHR		psite	999
ENSP00000343463	MAP3K2	163	TSRDRSSPPPG		hprd;pelm;psite	871
ENSP00000343463	MAP3K2	239	MPRAQSYPDNH		hprd;pelm;psite	871
ENSP00000343463	MAP3K2	331	IRRRGSDIDNP		hprd;pelm;psite	871
ENSP00000375986	MAP3K4	499	LERLESEDDSL		hprd;psite	866
ENSP00000279488	DUSP6	174	GLRISSDSSSD	MAPK3	psite	495
ENSP00000253055	MAP3K10	498	DKRKGSDGASP		psite	675
ENSP00000253055	MAP3K10	830	HRRTPSDGALG		psite	675
ENSP00000309597	MAP3K11	738	EPRGGTVSPPP		hprd;psite	742
ENSP00000322716	GLYR1	113	KNRRNSSEERS		psite	559
ENSP00000322716	GLYR1	114	NRRNSSEERSR		hprd;psite	559
ENSP00000322716	GLYR1	122	RSRPNSGDEKR		psite	559
ENSP00000322716	GLYR1	130	EKRKLSLSEGK		hprd;pelm;psite	559
ENSP00000322716	GLYR1	149	KKRVSSGSSER		psite	559
ENSP00000226574	NFKB1	338	QLRRKSDLETS	PRKACA	hprd;pelm;psite	907
ENSP00000226574	NFKB1	938	SFRKLSFTESL		psite	907
ENSP00000162330	BCAR1	326	LLREETYDVPP		hprd;psite	903
ENSP00000278568	PAK1	21	PMRNTSTMIGA	PAK1;PRKG1	hprd;psite	829
ENSP00000314067	PAK2	20	PVRMSSTIFST	PAK2;PRKAA2	hprd;psite	809
ENSP00000353864	PAK3	50	KARLRSIFPGG		psite	804
ENSP00000353864	PAK3	280	RQRKKSKMTDE		psite	804
ENSP00000351049	PAK4	99	VTRSNSLRRDS	PAK4	hprd;pelm;psite	818
ENSP00000351049	PAK4	167	SSREGSGGPQE	PAK4	hprd;pelm;psite	818
ENSP00000351049	PAK4	181	DKRPLSGPDVG		hprd;pelm;psite	818
ENSP00000351049	PAK4	474	VPRRKSLVGTP	PAK4	hprd;pelm;psite	818
ENSP00000260404	PAK6	113	RRRAQSLGLLG		psite	803
ENSP00000355759	PARP1	782	LLRGGSDDSSK		hprd;pelm;psite	409
ENSP00000307235	EIF2AK3	555	RQRKESETQCQ		psite	827
ENSP00000307235	EIF2AK3	802	RSRERTSSSIV		psite	827
ENSP00000307235	EIF2AK3	804	RERTSSSIVFE		psite	827
ENSP00000307235	EIF2AK3	1094	RQRSRSLSSSG		psite	827
ENSP00000307235	EIF2AK3	1096	RSRSLSSSGTK		psite	827
ENSP00000331602	PRKCD	43	TERGKTLVQKK		hprd;psite	900
ENSP00000331602	PRKCD	304	SRRSDSASSEP	PRKCD	hprd;pelm;psite	900
ENSP00000331602	PRKCD	507	ESRASTFCGTP	PDK1;PDPK1	hprd;pelm;psite	900
ENSP00000012443	PPP5C	105	YRRAASNMALG		psite	428
ENSP00000348461	RAC1	71	RLRPLSYPQTV	AKT1	hprd;psite	958
ENSP00000317985	ROCK2	1212	HVRPVTQTDVY		psite	900
ENSP00000317985	ROCK2	1379	SIRRPSRQLAP		psite	900
ENSP00000401802	PSMC6	258	GGRRFSEGTSA		psite	421
ENSP00000252115	POLDIP3	383	PRRVNSASSSN	RPS6KB1	pelm;psite	517
ENSP00000350941	SRC	17	SQRRRSLEPAE	PRKACA	hprd;pelm;psite	441
ENSP00000350941	SRC	51	GHRGPSAAFAP		psite	441
ENSP00000358335	MAP3K7	439	QPRRRSIQDLT		hprd;pelm;psite	969
ENSP00000341268	TRADD	215	VNRPLSLKDQQ		psite	412
ENSP00000247668	TRAF2	55	GHRYCSFCLAS	PRKCZ	psite	423
ENSP00000247668	TRAF2	274	LQRCESLEKKT		psite	423
ENSP00000344818	UBC	57	DGRTLSDYNIQ		hprd;psite	630
ENSP00000364361	MLTK	302	LERDLSFKEQE		hprd;psite	664
ENSP00000364361	MLTK	567	GSRSDSSADCQ		psite	664
ENSP00000364361	MLTK	593	LQRSQSNPILG		hprd;pelm;psite	664
ENSP00000314709	ZHX2	713	VARKATKPMAE		psite	692
ENSP00000324422	ZYX	170	KARVSSGYVPP		hprd;pelm;psite	424
ENSP00000262013	SPAG9	244	QPRSHTSLKVS		pelm	821
ENSP00000263056	MAP3K8	413	RKRLLSRKELE	AKT1	hprd;pelm	968
ENSP00000307235	EIF2AK3	862	PPRPTTLSLDL		hprd	827
