name	MAP2K1
id	ENSP00000302486
type	Serine/threonine kinase
proline+1_removed	Yes
npartners	137
npartners_with_sites	114
nsites	133
//
motif	score	fg_matches	fg_size	bg_matches	bg_size	fold_increase
..RR.[ST].....	314.72	20	974	18	9383	10.7
..R..[ST].....	15.18	110	954	465	9365	2.32
//
prot_id	prot_name	position	flank	kinase	source	string_score
ENSP00000300161	YWHAB	60	GARRSSWRVIS	PRKCD	hprd;pelm;psite	993
ENSP00000264335	YWHAE	64	SWRIISSIEQK		hprd;psite	987
ENSP00000248975	YWHAH	59	GARRSSWRVIS		pelm;psite	906
ENSP00000306330	YWHAG	59	GARRSSWRVIS	LATS2	psite	899
ENSP00000309503	YWHAZ	58	GARRSSWRVVS	AKT1;MAPKAPK2;PRKACA	hprd;pelm;psite	983
ENSP00000309503	YWHAZ	63	SWRVVSSIEQK		psite	983
ENSP00000251535	ALOX12	246	LRRSTSLPSRL		hprd;psite	407
ENSP00000366244	ARAF	212	LQRIRSTSTPN		hprd;pelm;psite	989
ENSP00000366244	ARAF	214	RIRSTSTPNVH		hprd;pelm;psite	989
ENSP00000366244	ARAF	250	GSRGGSDGTPR		psite	989
ENSP00000366244	ARAF	318	LKRIGTGSFGT		psite	989
ENSP00000366244	ARAF	547	MRRLLSDCLKF		psite	989
ENSP00000366244	ARAF	582	IERSASEPSLH		hprd;pelm;psite	989
ENSP00000309103	BAD	75	RSRHSSYPAGT	ARAF;BRAF;PAK1;PIM3;PRKACA;PRKCE;PRKCI;PRKCQ;PRKD1;RAF1;RPS6KA1;RPS6KA3	hprd;pelm;psite	820
ENSP00000309103	BAD	97	PFRGRSRSAPP		psite	820
ENSP00000309103	BAD	99	RGRSRSAPPNL	AKT1;ARAF;BRAF;PAK1;PRKACA;PRKCE;PRKCI;PRKCQ;PRKD1;RAF1;RPS6KA3	hprd;pelm;psite	820
ENSP00000309103	BAD	118	ELRRMSDEFVD	ARAF;BRAF;PAK1;PRKACA;PRKCE;PRKCI;PRKD1;RAF1;RPS6KA1	hprd;pelm;psite	820
ENSP00000309103	BAD	134	LPRPKSAGTAT		hprd;psite	820
ENSP00000393596	BIRC6	453	DSRRPTLAWLE		psite	619
ENSP00000393596	BIRC6	1248	VVRLPSLKHQS		psite	619
ENSP00000393596	BIRC6	3937	PPRPPSRRGRT		psite	619
ENSP00000288602	BRAF	363	GQRDRSSSAPN		hprd;psite	997
ENSP00000288602	BRAF	365	RDRSSSAPNVH	AKT1;AKT3	hprd;pelm;psite	997
ENSP00000288602	BRAF	429	RERKSSSSSED	AKT1;AKT3	hprd;pelm;psite	997
ENSP00000288602	BRAF	440	RNRMKTLGRRD		hprd;pelm;psite	997
ENSP00000288602	BRAF	446	LGRRDSSDDWE	PAK1	hprd;pelm;psite	997
ENSP00000288602	BRAF	447	GRRDSSDDWEI		hprd;pelm;psite	997
ENSP00000288602	BRAF	465	GQRIGSGSFGT		psite	997
ENSP00000288602	BRAF	729	IHRSASEPSLN		hprd;pelm;psite	997
ENSP00000265523	BLVRA	21	VGRAGSVRMRD		psite	744
ENSP00000265523	BLVRA	230	RNRYLSFHFKS	MAPK3	hprd;pelm;psite	744
ENSP00000330237	CASP9	183	RTRTGSNIDCE	AKT1;PRKACA	hprd;pelm;psite	699
ENSP00000330237	CASP9	195	LRRRFSSLHFM	PRKACA	psite	699
ENSP00000330237	CASP9	196	RRRFSSLHFMV	AKT1	hprd;pelm;psite	699
ENSP00000227507	CCND1	90	LDRFLSLEPVK	PRKACA	hprd;pelm;psite	866
ENSP00000227507	CCND1	234	LTRFLSRVIKC	PRKACA	hprd;pelm;psite	866
ENSP00000303706	CDC25A	76	LQRMGSSESTD	CHEK1;GSK3B	hprd;pelm;psite	419
ENSP00000303706	CDC25A	107	MRRIHSLPQKL		psite	419
ENSP00000303706	CDC25A	124	LKRSHSDSLDH	CHEK1;CHEK2	hprd;pelm;psite	419
ENSP00000303706	CDC25A	178	TQRQNSAPARM	CHEK1;CHEK2	hprd;pelm;psite	419
ENSP00000303706	CDC25A	293	TKRRKSMSGAS	CHEK1;CHEK2;RPS6KA1	hprd;pelm;psite	419
ENSP00000263056	MAP3K8	62	DERSKSLLLSG		psite	966
ENSP00000263056	MAP3K8	400	QPRCQSLDSAL	AKT1	hprd;pelm;psite	966
ENSP00000226091	EFNB3	274	FGRGGSLGLGG		psite	899
ENSP00000275493	EGFR	678	IVRKRTLRRLL	PKN1;PKN3;PRKCA;PRKCD	hprd;pelm;psite	662
ENSP00000275493	EGFR	1071	LQRYSSDPTGA	CAMK2G	hprd;pelm;psite	662
ENSP00000353344	ETS2	246	KSRLSSVSVTY	CAMK2A	psite	400
ENSP00000353344	ETS2	310	VQRVPSFESFE	CAMK2A	psite	400
ENSP00000306245	FOS	362	AHRKGSSSNEP	PRKACA;RPS6KA1;RPS6KA3	hprd;pelm;psite	430
ENSP00000354586	GLI2	234	RKRALSISPLS		hprd;psite	900
ENSP00000354586	GLI2	808	QERRDSSTSTV		psite	900
ENSP00000354586	GLI2	824	VSRRSSGISPY		psite	900
ENSP00000354586	GLI2	941	GPRRGSDGPTY		psite	900
ENSP00000354586	GLI2	970	GARRASDPVRR		psite	900
ENSP00000381793	GRB10	428	PVRSVSENSLV	MTOR	psite	669
ENSP00000269571	ERBB2	686	KIRKYTMRRLL	PRKACA;PRKCA	pelm;psite	908
ENSP00000269571	ERBB2	1049	HHRHRSSSTRS		psite	908
ENSP00000269571	ERBB2	1051	RHRSSSTRSGG		psite	908
ENSP00000269571	ERBB2	1172	LERPKTLSPGK		pelm;psite	908
ENSP00000267101	ERBB3	686	LERGESIEPLD		hprd;psite	905
ENSP00000227378	HSPA8	158	SQRQATKDAGT		psite	845
ENSP00000227378	HSPA8	265	VRRLRTACERA		psite	845
ENSP00000406359	HSPA1A	265	VRRLRTACERA		psite	861
ENSP00000391676	JAK3	17	PQRSCSLLSTE		psite	905
ENSP00000250894	MAPK8IP3	364	LDRTGSSPTQG	ROCK1	psite	892
ENSP00000339952	KSR2	474	LVRTESVPCDI		psite	711
ENSP00000339952	KSR2	939	RNRRLSHPGHF		psite	711
ENSP00000337825	LCK	42	LIRNGSEVRDP	MAPK1;MAPK3;PRKACA;PRKCA	hprd;pelm;psite	906
ENSP00000337825	LCK	210	LVRHYTNASDG		psite	906
ENSP00000348273	MBP	26	TNRGESEKKRN		psite	432
ENSP00000348273	MBP	40	LSRTTSEDNEV		psite	432
ENSP00000348273	MBP	96	LIRLFSRDAPG		hprd;pelm;psite	432
ENSP00000348273	MBP	146	SQRHGSKYLAT	PRKCA	hprd;psite	432
ENSP00000262948	MAP2K2	306	PGRPVSGHGMD		psite	637
ENSP00000382423	MAP3K1	1016	PCRIPSASPQT		psite	985
ENSP00000382423	MAP3K1	1026	TQRKFSLQFHR		psite	985
ENSP00000375986	MAP3K4	499	LERLESEDDSL		hprd;psite	655
ENSP00000262445	MAP2K4	78	IERLRTHSIES		psite	930
ENSP00000262445	MAP2K4	80	RLRTHSIESSG	AKT1	hprd;pelm;psite	930
ENSP00000333896	RPS6KA4	196	KERTFSFCGTI	MAP2K1;MAPK14;RPS6KA4	hprd;pelm;psite	629
ENSP00000367207	MYC	358	NNRKCTSPRSS		psite	693
ENSP00000226574	NFKB1	338	QLRRKSDLETS	PRKACA	hprd;pelm;psite	910
ENSP00000226574	NFKB1	938	SFRKLSFTESL		psite	910
ENSP00000263253	EP300	89	LLRSGSSPNLN	PRKAA1;PRKCA;PRKCD	hprd;pelm;psite	621
ENSP00000263253	EP300	1295	AKRLPSTRLGT		psite	621
ENSP00000263253	EP300	1834	RRRMASMQRTG	AKT1	hprd;pelm;psite	621
ENSP00000263253	EP300	2320	SPRPQSQPPHS		psite	621
ENSP00000278568	PAK1	21	PMRNTSTMIGA	PAK1;PRKG1	hprd;psite	932
ENSP00000314067	PAK2	20	PVRMSSTIFST	PAK2;PRKAA2	hprd;psite	813
ENSP00000353864	PAK3	50	KARLRSIFPGG		psite	817
ENSP00000353864	PAK3	280	RQRKKSKMTDE		psite	817
ENSP00000351049	PAK4	99	VTRSNSLRRDS	PAK4	hprd;pelm;psite	819
ENSP00000351049	PAK4	167	SSREGSGGPQE	PAK4	hprd;pelm;psite	819
ENSP00000351049	PAK4	181	DKRPLSGPDVG		hprd;pelm;psite	819
ENSP00000351049	PAK4	474	VPRRKSLVGTP	PAK4	hprd;pelm;psite	819
ENSP00000260404	PAK6	113	RRRAQSLGLLG		psite	801
ENSP00000263967	PIK3CA	312	YSRRISTATPY		psite	933
ENSP00000263967	PIK3CA	313	SRRISTATPYM		psite	933
ENSP00000366563	PIK3CD	520	LERRGSGELYE		psite	854
ENSP00000352121	PIK3CG	582	HFRYESLKHPK		psite	854
ENSP00000352121	PIK3CG	1024	ALRHHTNLLII		psite	854
ENSP00000274335	PIK3R1	154	LYRTQSSSNLA		psite	912
ENSP00000274335	PIK3R1	265	NARVLSEIFSP		psite	912
ENSP00000331602	PRKCD	43	TERGKTLVQKK		hprd;psite	908
ENSP00000331602	PRKCD	304	SRRSDSASSEP	PRKCD	hprd;pelm;psite	908
ENSP00000331602	PRKCD	507	ESRASTFCGTP	PDK1;PDPK1	hprd;pelm;psite	908
ENSP00000295797	PRKCI	8	TQRDSSTMSHT		hprd;psite	620
ENSP00000228307	PXN	250	PQRVTSTQQQT		psite	470
ENSP00000251849	RAF1	43	YQRRASDDGKL	PRKACA;PRKCA	hprd;pelm;psite	999
ENSP00000251849	RAF1	257	SQRQRSTSTPN		hprd;pelm;psite	999
ENSP00000251849	RAF1	259	RQRSTSTPNVH	AKT1;PRKACA;RAF1	hprd;pelm;psite	999
ENSP00000251849	RAF1	285	AIRSHSESASP		psite	999
ENSP00000251849	RAF1	339	GQRDSSYYWEI	PAK1	hprd;pelm;psite	999
ENSP00000251849	RAF1	357	STRIGSGSFGT		psite	999
ENSP00000251849	RAF1	621	INRSASEPSLH	PRKACA;RAF1	hprd;pelm;psite	999
ENSP00000261313	PEBP1	52	KNRPTSISWDG		hprd;pelm;psite	696
ENSP00000401303	SHC1	139	WTRHGSFVNKP	PRKCA	hprd;pelm;psite	912
ENSP00000340944	PTPN11	576	EMREDSARVYE	PRKCA;PRKCB;PRKCH	hprd;psite	949
ENSP00000332973	SMAD3	388	EYRRQTVTSTP		psite	831
ENSP00000339769	SMEK2	46	LVRAESDGSLL		psite	581
ENSP00000384675	SOS1	1134	GPRSASVSSIS		hprd;pelm;psite	921
ENSP00000384675	SOS1	1161	RRRPESAPAES		psite	921
ENSP00000350941	SRC	17	SQRRRSLEPAE	PRKACA	hprd;pelm;psite	929
ENSP00000350941	SRC	51	GHRGPSAAFAP		psite	929
ENSP00000264657	STAT3	691	YCRPESQEHPE		hprd;pelm;psite	927
ENSP00000358335	MAP3K7	439	QPRRRSIQDLT		hprd;pelm;psite	808
ENSP00000320493	TRIP10	296	MNRAPSDSSLG		hprd;pelm;psite	402
ENSP00000320493	TRIP10	426	SNRGDSLSRHA		hprd;pelm;psite	402
ENSP00000344818	UBC	57	DGRTLSDYNIQ		hprd;psite	631
ENSP00000342381	VRK2	449	KSRSPSWYKYT		psite	850
ENSP00000314709	ZHX2	713	VARKATKPMAE		psite	567
ENSP00000300161	YWHAB	132	YFRYLSEVASG	PRKCZ	hprd;pelm	993
ENSP00000263056	MAP3K8	413	RKRLLSRKELE	AKT1	hprd;pelm	966
