name	MAP2K7
id	ENSP00000381066
type	Serine/threonine kinase
proline+1_removed	Yes
npartners	71
npartners_with_sites	62
nsites	129
//
motif	score	fg_matches	fg_size	bg_matches	bg_size	fold_increase
..R..[ST].....	15.05	77	537	483	9383	2.79
...R.[ST].....	7.35	49	460	404	8900	2.35
//
prot_id	prot_name	position	flank	kinase	source	string_score
ENSP00000373700	ALK	211	AAIRASQPRLL		hprd;pelm;psite	506
ENSP00000315325	ARHGEF2	94	IRERPSSAIYP		psite	899
ENSP00000315325	ARHGEF2	95	RERPSSAIYPS		psite	899
ENSP00000315325	ARHGEF2	106	DSFRQSLLGSR		psite	899
ENSP00000315325	ARHGEF2	115	SRRGRSSLSLA		psite	899
ENSP00000315325	ARHGEF2	116	RRGRSSLSLAK		hprd;psite	899
ENSP00000315325	ARHGEF2	145	LRRILSQSTDS	CHEK1	hprd;psite	899
ENSP00000315325	ARHGEF2	157	NMRNRTLSVES		psite	899
ENSP00000315325	ARHGEF2	159	RNRTLSVESLI		psite	899
ENSP00000315325	ARHGEF2	267	HTRFLSQLLER		psite	899
ENSP00000315325	ARHGEF2	617	LFRSESLESPR		hprd;pelm;psite	899
ENSP00000315325	ARHGEF2	691	LCRADSDSSQR		psite	899
ENSP00000315325	ARHGEF2	754	LCRANSRDGEA		hprd;psite	899
ENSP00000315325	ARHGEF2	802	GEERATEAGSL		psite	899
ENSP00000315325	ARHGEF2	858	DPRRRSLPAGD	MARK2;PAK1;PAK4	hprd;psite	899
ENSP00000351908	MAP3K5	83	RGRGSSVGGGS	AKT1;AKT2;PIM1	hprd;pelm;psite	985
ENSP00000351908	MAP3K5	966	YLRSISLPVPV	MAP3K5;PDPK1	hprd;pelm;psite	985
ENSP00000312664	CASP2	157	KKLRLSTDTVE	CSNK2A1	hprd;psite	899
ENSP00000351273	CASP8	322	RDRNGTHLDAG		psite	902
ENSP00000354609	CNKSR1	300	HQRSPSLSLAP		hprd;pelm;psite	619
ENSP00000344456	CTNNB1	332	IMRTYTYEKLL	CAMK2A	psite	509
ENSP00000344456	CTNNB1	472	ALRHLTSRHQE	CAMK2A	psite	509
ENSP00000344456	CTNNB1	551	DTQRRTSMGGT		hprd;pelm;psite	509
ENSP00000344456	CTNNB1	552	TQRRTSMGGTQ	AKT1;AKT2;CAMK2A;PRKACA	hprd;pelm;psite	509
ENSP00000344456	CTNNB1	675	YKKRLSVELTS	PAK4;PRKACA	hprd;pelm;psite	509
ENSP00000369213	DDX58	8	TEQRRSLQAFQ		psite	800
ENSP00000369213	DDX58	770	ILRLQTWDEAV	CSNK2A1	psite	800
ENSP00000311113	JUP	54	CGRQYTLKKTT		psite	509
ENSP00000311113	JUP	463	ALRHLTSRHPE		psite	509
ENSP00000311113	JUP	665	YRKRVSVELTN		hprd;pelm;psite	509
ENSP00000346160	DUSP19	24	QCTRVTTLTGK		psite	990
ENSP00000368169	DVL1	654	TGSRQSFQKAM		psite	416
ENSP00000005340	DVL2	169	PRRRDSSEHGA		psite	416
ENSP00000005340	DVL2	170	RRRDSSEHGAG		psite	416
ENSP00000005340	DVL2	592	EGSRSSGSTRS		psite	416
ENSP00000005340	DVL2	630	SSRGGSLRRGG		psite	416
ENSP00000005340	DVL2	720	TASRQSFHMAM		psite	416
ENSP00000316054	DVL3	202	STSRFSSSTEQ		psite	416
ENSP00000316054	DVL3	203	TSRFSSSTEQS		psite	416
ENSP00000316054	DVL3	700	TASRQSFRMAM		psite	416
ENSP00000301838	FADD	41	LERVQSGLDLF		hprd;psite	899
ENSP00000357656	FYN	21	EERDGSLNQSS	PRKACA	hprd;pelm;psite	924
ENSP00000263791	EIF2AK4	254	RERQYSVCNSE		psite	800
ENSP00000263791	EIF2AK4	572	SNRLPSAAFFS		psite	800
ENSP00000263791	EIF2AK4	991	PAKRPTATELL		psite	800
ENSP00000313644	MAP4K4	187	VGRRNTFIGTP		psite	443
ENSP00000313644	MAP4K4	643	VSRSHSFSDPS		psite	443
ENSP00000313644	MAP4K4	733	AGQRNSTSSIE		psite	443
ENSP00000313644	MAP4K4	734	GQRNSTSSIEP		psite	443
ENSP00000313644	MAP4K4	786	RFRVRSSSKSE		psite	443
ENSP00000313644	MAP4K4	787	FRVRSSSKSEG		psite	443
ENSP00000313644	MAP4K4	788	RVRSSSKSEGS		psite	443
ENSP00000313644	MAP4K4	881	DTRAASSLNLS		psite	443
ENSP00000241014	MAPK8IP1	193	WQDRVSRSSSP		hprd;pelm;psite	997
ENSP00000241014	MAPK8IP1	196	RVSRSSSPLKT		hprd;pelm;psite	997
ENSP00000241014	MAPK8IP1	240	SPCRRSTATQM		psite	997
ENSP00000241014	MAPK8IP1	241	PCRRSTATQMA		psite	997
ENSP00000241014	MAPK8IP1	355	GGWRGSLGEPP		hprd;pelm;psite	997
ENSP00000241014	MAPK8IP1	366	PPPRASLSSDT		pelm;psite	997
ENSP00000241014	MAPK8IP1	471	SGRSRSSSAES		pelm;psite	997
ENSP00000241014	MAPK8IP1	472	GRSRSSSAESF		pelm;psite	997
ENSP00000241014	MAPK8IP1	473	RSRSSSAESFG		pelm;psite	997
ENSP00000250894	MAPK8IP3	314	REKRDSRNMEV	ROCK1	psite	970
ENSP00000250894	MAPK8IP3	364	LDRTGSSPTQG	ROCK1	psite	970
ENSP00000262713	AJUBA	39	GKGRLSGLGGP		hprd;psite	581
ENSP00000262713	AJUBA	79	RNQRGSFEAPR		psite	581
ENSP00000262713	AJUBA	159	GSRPCSNRTSG		psite	581
ENSP00000262713	AJUBA	230	QESRHSYPPAL		psite	581
ENSP00000262713	AJUBA	263	QPGRHSVTGYG		hprd;pelm;psite	581
ENSP00000303634	LRP8	870	VYRKTTEEEDE		psite	899
ENSP00000330572	MAPK8IP2	246	GGRRSSQELSS		psite	971
ENSP00000382423	MAP3K1	20	PGARATSPEAG		psite	993
ENSP00000382423	MAP3K1	1016	PCRIPSASPQT		psite	993
ENSP00000382423	MAP3K1	1026	TQRKFSLQFHR		psite	993
ENSP00000343463	MAP3K2	153	RKKRLSIIGPT		hprd;pelm;psite	875
ENSP00000343463	MAP3K2	163	TSRDRSSPPPG		hprd;pelm;psite	875
ENSP00000343463	MAP3K2	239	MPRAQSYPDNH		hprd;pelm;psite	875
ENSP00000343463	MAP3K2	290	PRARRTQGTSL		psite	875
ENSP00000343463	MAP3K2	331	IRRRGSDIDNP		hprd;pelm;psite	875
ENSP00000262445	MAP2K4	78	IERLRTHSIES		psite	963
ENSP00000262445	MAP2K4	80	RLRTHSIESSG	AKT1	hprd;pelm;psite	963
ENSP00000309597	MAP3K11	493	GGERISMPLDF		hprd;psite	985
ENSP00000309597	MAP3K11	738	EPRGGTVSPPP		hprd;psite	985
ENSP00000229794	MAPK14	175	GLARHTDDEMT		hprd;psite	734
ENSP00000278568	PAK1	21	PMRNTSTMIGA	PAK1;PRKG1	hprd;psite	813
ENSP00000278568	PAK1	423	QSKRSTMVGTP	PAK1;PDK1;PDPK1	hprd;pelm;psite	813
ENSP00000314067	PAK2	19	PPVRMSSTIFS	PAK2	hprd;psite	800
ENSP00000314067	PAK2	20	PVRMSSTIFST	PAK2;PRKAA2	hprd;psite	800
ENSP00000314067	PAK2	402	QSKRSTMVGTP	PAK2	hprd;psite	800
ENSP00000353864	PAK3	50	KARLRSIFPGG		psite	809
ENSP00000353864	PAK3	280	RQRKKSKMTDE		psite	809
ENSP00000353864	PAK3	457	QSKRSTMVGTP	PAK3	hprd;psite	809
ENSP00000351049	PAK4	99	VTRSNSLRRDS	PAK4	hprd;pelm;psite	808
ENSP00000351049	PAK4	167	SSREGSGGPQE	PAK4	hprd;pelm;psite	808
ENSP00000351049	PAK4	181	DKRPLSGPDVG		hprd;pelm;psite	808
ENSP00000351049	PAK4	474	VPRRKSLVGTP	PAK4	hprd;pelm;psite	808
ENSP00000322957	PAK7	602	VPKRKSLVGTP		psite	800
ENSP00000260404	PAK6	113	RRRAQSLGLLG		psite	800
ENSP00000260404	PAK6	560	VPKRKSLVGTP		hprd;pelm;psite	800
ENSP00000307235	EIF2AK3	555	RQRKESETQCQ		psite	802
ENSP00000307235	EIF2AK3	802	RSRERTSSSIV		psite	802
ENSP00000307235	EIF2AK3	804	RERTSSSIVFE		psite	802
ENSP00000307235	EIF2AK3	982	AYARHTGQVGT		pelm;psite	802
ENSP00000307235	EIF2AK3	1094	RQRSRSLSSSG		psite	802
ENSP00000307235	EIF2AK3	1096	RSRSLSSSGTK		psite	802
ENSP00000348461	RAC1	71	RLRPLSYPQTV	AKT1	hprd;psite	938
ENSP00000005257	RALA	194	KKKRKSLAKRI	AURKA	psite	579
ENSP00000259808	RIPK1	320	VKRMQSLQLDC		hprd;pelm;psite	899
ENSP00000259808	RIPK1	416	RRRRVSHDPFA		psite	899
ENSP00000358335	MAP3K7	367	ESGRLSLGASR		psite	973
ENSP00000358335	MAP3K7	389	EGKRMSADMSE		hprd;pelm;psite	973
ENSP00000358335	MAP3K7	439	QPRRRSIQDLT		hprd;pelm;psite	973
ENSP00000162749	TNFRSF1A	417	PRREATLELLG		psite	904
ENSP00000341268	TRADD	215	VNRPLSLKDQQ		psite	899
ENSP00000344818	UBC	57	DGRTLSDYNIQ		hprd;psite	711
ENSP00000342381	VRK2	449	KSRSPSWYKYT		psite	622
ENSP00000364361	MLTK	302	LERDLSFKEQE		hprd;psite	974
ENSP00000364361	MLTK	567	GSRSDSSADCQ		psite	974
ENSP00000364361	MLTK	593	LQRSQSNPILG		hprd;pelm;psite	974
ENSP00000364361	MLTK	636	NQSRSSSPTQY	MLTK	hprd;psite	974
ENSP00000364361	MLTK	685	KYGRGSISLNS		psite	974
ENSP00000364361	MLTK	718	KFYRVSQSALN		hprd;psite	974
ENSP00000357656	FYN	512	PEERPTFEYLQ		hprd	924
ENSP00000229794	MAPK14	298	SDKRITAAQAL		hprd	734
ENSP00000312664	CASP2	158	KLRLSTDTVEH		hprd	899
ENSP00000005340	DVL2	222	MSRFSSSTEQS		hprd	416
ENSP00000307235	EIF2AK3	861	SPPRPTTLSLD		hprd	802
ENSP00000307235	EIF2AK3	862	PPRPTTLSLDL		hprd	802
ENSP00000354609	CNKSR1	385	LATRLSRRRVS	NME1;NME2	hprd	619
