name	MAP2K2
id	ENSP00000262948
type	Serine/threonine kinase
proline+1_removed	Yes
npartners	52
npartners_with_sites	44
nsites	64
//
motif	score	fg_matches	fg_size	bg_matches	bg_size	fold_increase
..R..[ST].....	307.65	64	373	483	9383	3.33
//
prot_id	prot_name	position	flank	kinase	source	string_score
ENSP00000300161	YWHAB	60	GARRSSWRVIS	PRKCD	hprd;pelm;psite	621
ENSP00000251535	ALOX12	246	LRRSTSLPSRL		hprd;psite	462
ENSP00000366244	ARAF	212	LQRIRSTSTPN		hprd;pelm;psite	944
ENSP00000366244	ARAF	214	RIRSTSTPNVH		hprd;pelm;psite	944
ENSP00000366244	ARAF	250	GSRGGSDGTPR		psite	944
ENSP00000366244	ARAF	318	LKRIGTGSFGT		psite	944
ENSP00000366244	ARAF	547	MRRLLSDCLKF		psite	944
ENSP00000366244	ARAF	582	IERSASEPSLH		hprd;pelm;psite	944
ENSP00000288602	BRAF	363	GQRDRSSSAPN		hprd;psite	998
ENSP00000288602	BRAF	365	RDRSSSAPNVH	AKT1;AKT3	hprd;pelm;psite	998
ENSP00000288602	BRAF	429	RERKSSSSSED	AKT1;AKT3	hprd;pelm;psite	998
ENSP00000288602	BRAF	440	RNRMKTLGRRD		hprd;pelm;psite	998
ENSP00000288602	BRAF	446	LGRRDSSDDWE	PAK1	hprd;pelm;psite	998
ENSP00000288602	BRAF	447	GRRDSSDDWEI		hprd;pelm;psite	998
ENSP00000288602	BRAF	465	GQRIGSGSFGT		psite	998
ENSP00000288602	BRAF	729	IHRSASEPSLN		hprd;pelm;psite	998
ENSP00000330237	CASP9	183	RTRTGSNIDCE	AKT1;PRKACA	hprd;pelm;psite	619
ENSP00000330237	CASP9	195	LRRRFSSLHFM	PRKACA	psite	619
ENSP00000330237	CASP9	196	RRRFSSLHFMV	AKT1	hprd;pelm;psite	619
ENSP00000303706	CDC25A	76	LQRMGSSESTD	CHEK1;GSK3B	hprd;pelm;psite	430
ENSP00000303706	CDC25A	107	MRRIHSLPQKL		psite	430
ENSP00000303706	CDC25A	124	LKRSHSDSLDH	CHEK1;CHEK2	hprd;pelm;psite	430
ENSP00000303706	CDC25A	178	TQRQNSAPARM	CHEK1;CHEK2	hprd;pelm;psite	430
ENSP00000303706	CDC25A	293	TKRRKSMSGAS	CHEK1;CHEK2;RPS6KA1	hprd;pelm;psite	430
ENSP00000245960	CDC25B	151	IRRFQSMPVRL		psite	437
ENSP00000245960	CDC25B	167	VLRNITNSQAP		psite	437
ENSP00000245960	CDC25B	178	DGRRKSEAGSG		psite	437
ENSP00000245960	CDC25B	230	AQRPSSAPDLM	CHEK1	pelm;psite	437
ENSP00000245960	CDC25B	323	LFRSPSMPCSV	MAPKAPK2;MELK	pelm;psite	437
ENSP00000245960	CDC25B	353	NKRRRSVTPPE	AURKA;MAPKAPK2;RPS6KA1	hprd;pelm;psite	437
ENSP00000245960	CDC25B	375	VLRSKSLCHDE	BRSK1;MAPKAPK2	hprd;pelm;psite	437
ENSP00000354609	CNKSR1	300	HQRSPSLSLAP		hprd;pelm;psite	621
ENSP00000263056	MAP3K8	62	DERSKSLLLSG		psite	825
ENSP00000263056	MAP3K8	400	QPRCQSLDSAL	AKT1	hprd;pelm;psite	825
ENSP00000345731	DLG1	657	RARLKTVKFNS		psite	621
ENSP00000279281	VPS51	649	SKRTFSVYSSS		psite	432
ENSP00000302486	MAP2K1	298	PGRPLSSYGMD	PAK1	hprd;pelm;psite	637
ENSP00000382423	MAP3K1	1016	PCRIPSASPQT		psite	927
ENSP00000382423	MAP3K1	1026	TQRKFSLQFHR		psite	927
ENSP00000278568	PAK1	21	PMRNTSTMIGA	PAK1;PRKG1	hprd;psite	814
ENSP00000263967	PIK3CA	312	YSRRISTATPY		psite	814
ENSP00000263967	PIK3CA	313	SRRISTATPYM		psite	814
ENSP00000366563	PIK3CD	520	LERRGSGELYE		psite	805
ENSP00000352121	PIK3CG	582	HFRYESLKHPK		psite	842
ENSP00000352121	PIK3CG	1024	ALRHHTNLLII		psite	842
ENSP00000331602	PRKCD	43	TERGKTLVQKK		hprd;psite	819
ENSP00000331602	PRKCD	304	SRRSDSASSEP	PRKCD	hprd;pelm;psite	819
ENSP00000331602	PRKCD	507	ESRASTFCGTP	PDK1;PDPK1	hprd;pelm;psite	819
ENSP00000270586	PSMB6	203	MERDGSSGGVI		psite	432
ENSP00000348461	RAC1	71	RLRPLSYPQTV	AKT1	hprd;psite	400
ENSP00000251849	RAF1	43	YQRRASDDGKL	PRKACA;PRKCA	hprd;pelm;psite	999
ENSP00000251849	RAF1	257	SQRQRSTSTPN		hprd;pelm;psite	999
ENSP00000251849	RAF1	259	RQRSTSTPNVH	AKT1;PRKACA;RAF1	hprd;pelm;psite	999
ENSP00000251849	RAF1	285	AIRSHSESASP		psite	999
ENSP00000251849	RAF1	339	GQRDSSYYWEI	PAK1	hprd;pelm;psite	999
ENSP00000251849	RAF1	357	STRIGSGSFGT		psite	999
ENSP00000251849	RAF1	621	INRSASEPSLH	PRKACA;RAF1	hprd;pelm;psite	999
ENSP00000339381	RGS12	934	LCRRESQGSVS		hprd;pelm;psite	619
ENSP00000340944	PTPN11	576	EMREDSARVYE	PRKCA;PRKCB;PRKCH	hprd;psite	520
ENSP00000344818	UBC	57	DGRTLSDYNIQ		hprd;psite	719
ENSP00000300161	YWHAB	132	YFRYLSEVASG	PRKCZ	hprd;pelm	621
ENSP00000263056	MAP3K8	413	RKRLLSRKELE	AKT1	hprd;pelm	825
ENSP00000345731	DLG1	232	LERGNSGLGFS	CAMK2A	hprd;pelm	621
ENSP00000226004	DUSP3	133	YSRSPTLVIAY		hprd	623
