name	MAP2K6
id	ENSP00000351997
type	Serine/threonine kinase
proline+1_removed	Yes
npartners	106
npartners_with_sites	81
nsites	116
//
motif	score	fg_matches	fg_size	bg_matches	bg_size	fold_increase
..R..[ST].....	307.65	116	717	483	9383	3.14
//
prot_id	prot_name	position	flank	kinase	source	string_score
ENSP00000361423	ABL1	69	AARWNSKENLL		hprd;psite	900
ENSP00000361423	ABL1	197	HYRINTASDGK	LATS2	psite	900
ENSP00000361423	ABL1	408	LSRLMTGDTYT		psite	900
ENSP00000361423	ABL1	639	PKRSSSFREMD		hprd;psite	900
ENSP00000361423	ABL1	719	SSRLATGEEEG		psite	900
ENSP00000361423	ABL1	737	FLRSCSASCVP		hprd;psite	900
ENSP00000361423	ABL1	754	EWRSVTLPRDL	CLK1;CLK4;MAP3K8;STK3;STK4;TTK	hprd;pelm;psite	900
ENSP00000361423	ABL1	842	LRRQVTVAPAS		psite	900
ENSP00000361423	ABL1	16	DQRRPSLPALH		psite	900
ENSP00000351908	MAP3K5	83	RGRGSSVGGGS	AKT1;AKT2;PIM1	hprd;pelm;psite	994
ENSP00000351908	MAP3K5	966	YLRSISLPVPV	MAP3K5;PDPK1	hprd;pelm;psite	994
ENSP00000264110	ATF2	62	PARNDSVIVAD	VRK1	pelm;psite	680
ENSP00000264110	ATF2	307	LVRTQSEESRP		psite	680
ENSP00000267859	BNIP2	235	VIRKGSITEYT		hprd;pelm;psite	905
ENSP00000288602	BRAF	363	GQRDRSSSAPN		hprd;psite	910
ENSP00000288602	BRAF	365	RDRSSSAPNVH	AKT1;AKT3	hprd;pelm;psite	910
ENSP00000288602	BRAF	429	RERKSSSSSED	AKT1;AKT3	hprd;pelm;psite	910
ENSP00000288602	BRAF	440	RNRMKTLGRRD		hprd;pelm;psite	910
ENSP00000288602	BRAF	446	LGRRDSSDDWE	PAK1	hprd;pelm;psite	910
ENSP00000288602	BRAF	447	GRRDSSDDWEI		hprd;pelm;psite	910
ENSP00000288602	BRAF	465	GQRIGSGSFGT		psite	910
ENSP00000288602	BRAF	729	IHRSASEPSLN		hprd;pelm;psite	910
ENSP00000258682	CAMK2B	287	MHRQETVECLK	CAMK2B	hprd;psite	906
ENSP00000360797	CARD9	231	VERKHTLKLRH		psite	899
ENSP00000311032	CASP3	150	GDRCRSLTGKP	MAPK14	pelm;psite	412
ENSP00000304669	CTNNA1	654	DVRSRTSVQTE		hprd;pelm;psite	899
ENSP00000344456	CTNNB1	332	IMRTYTYEKLL	CAMK2A	psite	901
ENSP00000344456	CTNNB1	472	ALRHLTSRHQE	CAMK2A	psite	901
ENSP00000344456	CTNNB1	552	TQRRTSMGGTQ	AKT1;AKT2;CAMK2A;PRKACA	hprd;pelm;psite	901
ENSP00000369213	DDX58	770	ILRLQTWDEAV	CSNK2A1	psite	814
ENSP00000354791	DCTN1	1153	LYRKTSQLLET		psite	920
ENSP00000306245	FOS	362	AHRKGSSSNEP	PRKACA;RPS6KA1;RPS6KA3	hprd;pelm;psite	915
ENSP00000229239	GAPDH	83	QERDPSKIKWG		hprd;pelm;psite	411
ENSP00000229239	GAPDH	237	AFRVPTANVSV	AKT2	psite	411
ENSP00000263791	EIF2AK4	254	RERQYSVCNSE		psite	800
ENSP00000263791	EIF2AK4	572	SNRLPSAAFFS		psite	800
ENSP00000252809	GDF15	146	LRRQLSLARPQ		psite	802
ENSP00000338799	IL6ST	782	FSRSESTQPLL		hprd;pelm;psite	900
ENSP00000338799	IL6ST	890	VERFETVGMEA	PRKCD	hprd;pelm;psite	900
ENSP00000365439	HNRNPK	302	GGRGGSRARNL	PRKCD	hprd;pelm;psite	701
ENSP00000358997	IRAK1	556	TGRAHSGAAPW		psite	911
ENSP00000262013	SPAG9	203	KERPISLGIFP		hprd;pelm;psite	939
ENSP00000262013	SPAG9	329	ETRNVSTGSAE		hprd;pelm;psite	939
ENSP00000262013	SPAG9	595	KKRSSTLSQLP		hprd;pelm;psite	939
ENSP00000262013	SPAG9	730	KQRSASQSSLD		hprd;pelm;psite	939
ENSP00000262013	SPAG9	1188	GNRPGSVIRVY		psite	939
ENSP00000348273	MBP	26	TNRGESEKKRN		psite	469
ENSP00000348273	MBP	40	LSRTTSEDNEV		psite	469
ENSP00000348273	MBP	96	LIRLFSRDAPG		hprd;pelm;psite	469
ENSP00000348273	MBP	146	SQRHGSKYLAT	PRKCA	hprd;psite	469
ENSP00000396219	MEF2C	82	ESRTNSDIVET		psite	461
ENSP00000382423	MAP3K1	1016	PCRIPSASPQT		psite	907
ENSP00000382423	MAP3K1	1026	TQRKFSLQFHR		psite	907
ENSP00000343463	MAP3K2	163	TSRDRSSPPPG		hprd;pelm;psite	823
ENSP00000343463	MAP3K2	239	MPRAQSYPDNH		hprd;pelm;psite	823
ENSP00000343463	MAP3K2	331	IRRRGSDIDNP		hprd;pelm;psite	823
ENSP00000354927	MAP3K3	197	RSRHLSVSSQN	PRKACA	hprd;pelm;psite	829
ENSP00000354927	MAP3K3	281	MSRAQSFPDNR		hprd;psite	829
ENSP00000354927	MAP3K3	347	SSRSLSTNGEN		psite	829
ENSP00000354927	MAP3K3	368	RGRLRSADSEN	PRKACA	hprd;pelm;psite	829
ENSP00000354927	MAP3K3	547	SKRLQTICMSG		psite	829
ENSP00000354927	MAP3K3	559	GMRSVTGTPYW		psite	829
ENSP00000375986	MAP3K4	499	LERLESEDDSL		hprd;psite	985
ENSP00000350195	MAP3K6	964	PKRCLSYGGTS		hprd;psite	909
ENSP00000279488	DUSP6	174	GLRISSDSSSD	MAPK3	psite	528
ENSP00000253055	MAP3K10	498	DKRKGSDGASP		psite	908
ENSP00000253055	MAP3K10	830	HRRTPSDGALG		psite	908
ENSP00000316950	MYEF2	233	AGRLGSTIFVA		psite	402
ENSP00000322716	GLYR1	113	KNRRNSSEERS		psite	675
ENSP00000322716	GLYR1	114	NRRNSSEERSR		hprd;psite	675
ENSP00000322716	GLYR1	122	RSRPNSGDEKR		psite	675
ENSP00000322716	GLYR1	130	EKRKLSLSEGK		hprd;pelm;psite	675
ENSP00000322716	GLYR1	149	KKRVSSGSSER		psite	675
ENSP00000384273	RELA	276	QLRRPSDRELS	PIM1;PRKACA;RPS6KA4;RPS6KA5	hprd;pelm;psite	701
ENSP00000384273	RELA	281	SDRELSEPMEF		psite	701
ENSP00000384273	RELA	505	ITRLVTGAQRP		pelm;psite	701
ENSP00000307235	EIF2AK3	555	RQRKESETQCQ		psite	817
ENSP00000307235	EIF2AK3	802	RSRERTSSSIV		psite	817
ENSP00000307235	EIF2AK3	804	RERTSSSIVFE		psite	817
ENSP00000307235	EIF2AK3	1094	RQRSRSLSSSG		psite	817
ENSP00000307235	EIF2AK3	1096	RSRSLSSSGTK		psite	817
ENSP00000343325	PKN1	69	NLRRATTDLGR		psite	963
ENSP00000343325	PKN1	70	LRRATTDLGRS	PKN1	hprd;psite	963
ENSP00000343325	PKN1	246	VLRLLSAAKAP		hprd;psite	963
ENSP00000343325	PKN1	380	YSRSGSLSGRS	PKN1	hprd;psite	963
ENSP00000343325	PKN1	780	GDRTSTFCGTP	PDK1;PDPK1;PKN1	hprd;pelm;psite	963
ENSP00000260402	PLCB2	601	NKRQMSRIYPK		pelm;psite	621
ENSP00000012443	PPP5C	105	YRRAASNMALG		psite	583
ENSP00000348461	RAC1	71	RLRPLSYPQTV	AKT1	hprd;psite	430
ENSP00000220751	RIPK2	174	KWRMMSLSQSR		psite	904
ENSP00000220751	RIPK2	531	VSRSPSLNLLQ		hprd;pelm;psite	904
ENSP00000262158	SMAD7	121	ESRGGTRTACL		psite	780
ENSP00000286332	TAB2	423	ASRNMSGQVSM		psite	921
ENSP00000286332	TAB2	524	ETRKLSMGSDD		hprd;psite	921
ENSP00000286332	TAB2	582	LKRSNSISQIP		psite	921
ENSP00000288422	TAB3	506	YQRSSSSGSDD		hprd;pelm;psite	899
ENSP00000288422	TAB3	645	KARRISVTSKV		hprd;psite	899
ENSP00000358335	MAP3K7	439	QPRRRSIQDLT		hprd;pelm;psite	999
ENSP00000261716	TAOK1	9	TNRAGSLKDPE		hprd;pelm;psite	913
ENSP00000261716	TAOK1	445	TIRTASLVTRQ		hprd;pelm;psite	913
ENSP00000261716	TAOK1	974	LRRTASGGRTE		psite	913
ENSP00000261716	TAOK1	987	MSRSTSVTSQI		psite	913
ENSP00000310094	TAOK2	9	GGRAGSLKDPD		hprd;psite	985
ENSP00000310094	TAOK2	344	MHRAGTLTSLE		psite	985
ENSP00000310094	TAOK2	473	TIRTASLVSRQ		hprd;psite	985
ENSP00000376317	TAOK3	437	RERFATIKSAS		psite	901
ENSP00000344818	UBC	57	DGRTLSDYNIQ		hprd;psite	661
ENSP00000364361	MLTK	302	LERDLSFKEQE		hprd;psite	964
ENSP00000364361	MLTK	567	GSRSDSSADCQ		psite	964
ENSP00000364361	MLTK	593	LQRSQSNPILG		hprd;pelm;psite	964
ENSP00000314709	ZHX2	713	VARKATKPMAE		psite	660
ENSP00000396219	MEF2C	192	THRPPSAGNTG	RPS6KA3	pelm	461
ENSP00000262013	SPAG9	244	QPRSHTSLKVS		pelm	939
ENSP00000365439	HNRNPK	417	QIRHESGASIK		hprd	701
ENSP00000307235	EIF2AK3	862	PPRPTTLSLDL		hprd	817
ENSP00000261716	TAOK1	959	VPRGSSMGVRN		hprd	913
