name	MAP3K8
id	ENSP00000263056
type	Serine/threonine kinase
proline+1_removed	Yes
npartners	33
npartners_with_sites	27
nsites	47
//
motif	score	fg_matches	fg_size	bg_matches	bg_size	fold_increase
..R..[ST].....	10.11	47	315	483	9383	2.9
//
prot_id	prot_name	position	flank	kinase	source	string_score
ENSP00000270202	AKT1	72	RPRPNTFIIRC	AKT1	psite	962
ENSP00000270202	AKT1	246	RERVFSEDRAR	AKT1	psite	962
ENSP00000375892	AKT2	458	PDRYDSLGLLE		psite	800
ENSP00000364893	ARHGEF7	153	SHRIKSFDSLG		psite	414
ENSP00000364893	ARHGEF7	694	PERKPSDEEFA		hprd;pelm;psite	414
ENSP00000364893	ARHGEF7	704	ASRKSTAALEE		hprd;psite	414
ENSP00000364893	ARHGEF7	761	LGRRSSLSRLE		hprd;psite	414
ENSP00000363708	BMPR2	757	PKRPTSLPLNT		hprd;pelm;psite	587
ENSP00000357804	THEM4	37	ELRSFSSEEVI		psite	899
ENSP00000216797	NFKBIA	32	DDRHDSGLDSM	CHUK;CSNK2A1;IKBKB;IKBKE;RPS6KA1;RPS6KA3;SGK1	hprd;pelm;psite	403
ENSP00000359424	CHUK	23	RERLGTGGFGN	AKT1;AKT2	hprd;pelm;psite	920
ENSP00000339952	KSR2	474	LVRTESVPCDI		psite	722
ENSP00000339952	KSR2	939	RNRRLSHPGHF		psite	722
ENSP00000302486	MAP2K1	298	PGRPLSSYGMD	PAK1	hprd;pelm;psite	966
ENSP00000262948	MAP2K2	306	PGRPVSGHGMD		psite	825
ENSP00000262445	MAP2K4	78	IERLRTHSIES		psite	968
ENSP00000262445	MAP2K4	80	RLRTHSIESSG	AKT1	hprd;pelm;psite	968
ENSP00000354558	MTOR	1821	KLRHASGANIT		psite	900
ENSP00000354558	MTOR	2444	NKRSRTRTDSY		hprd;psite	900
ENSP00000354558	MTOR	2446	RSRTRTDSYSA	AKT1;RPS6KB1	hprd;pelm;psite	900
ENSP00000354558	MTOR	2448	RTRTDSYSAGQ	AKT1;RPS6KB1	hprd;pelm;psite	900
ENSP00000379330	NFATC2	243	VPRPASRSSSP		hprd;psite	899
ENSP00000379330	NFATC2	255	AKRRHSCAEAL		psite	899
ENSP00000379330	NFATC2	363	GERRNSAPESI		hprd;psite	899
ENSP00000379330	NFATC2	585	VERQDTDSCLV		hprd;pelm;psite	899
ENSP00000379330	NFATC2	757	YQRSKSLSPSL		hprd;psite	899
ENSP00000189444	NFKB2	161	RQRLRSRPQGL		psite	408
ENSP00000226574	NFKB1	338	QLRRKSDLETS	PRKACA	hprd;pelm;psite	997
ENSP00000226574	NFKB1	938	SFRKLSFTESL		psite	997
ENSP00000384273	RELA	276	QLRRPSDRELS	PIM1;PRKACA;RPS6KA4;RPS6KA5	hprd;pelm;psite	761
ENSP00000384273	RELA	281	SDRELSEPMEF		psite	761
ENSP00000384273	RELA	505	ITRLVTGAQRP		pelm;psite	761
ENSP00000349959	RICTOR	21	RGRNDSGEENV		hprd;pelm;psite	899
ENSP00000349959	RICTOR	35	LTREPSDNLRE		psite	899
ENSP00000349959	RICTOR	383	PHRARSRPDLM		psite	899
ENSP00000349959	RICTOR	1035	SSRHNSESESV		psite	899
ENSP00000349959	RICTOR	1133	NRRIRTLTEPS		psite	899
ENSP00000349959	RICTOR	1135	RIRTLTEPSVD	AKT1;RPS6KB1;RPS6KB2;SGK1	psite	899
ENSP00000349959	RICTOR	1219	KIRSQSFNTDT		hprd;psite	899
ENSP00000349959	RICTOR	1302	PRRAQSLKAPS		psite	899
ENSP00000259808	RIPK1	320	VKRMQSLQLDC		hprd;pelm;psite	636
ENSP00000259808	RIPK1	416	RRRRVSHDPFA		psite	636
ENSP00000247668	TRAF2	55	GHRYCSFCLAS	PRKCZ	psite	852
ENSP00000247668	TRAF2	274	LQRCESLEKKT		psite	852
ENSP00000366527	ZSCAN16	315	HQRIHTGEKPY		psite	659
ENSP00000189444	NFKB2	811	TYRQTTSPSGS		hprd	408
ENSP00000363708	BMPR2	513	WERNKSVSPTV		hprd	587
