name	MAP3K5
id	ENSP00000351908
type	Serine/threonine kinase
proline+1_removed	Yes
npartners	120
npartners_with_sites	103
nsites	115
//
motif	score	fg_matches	fg_size	bg_matches	bg_size	fold_increase
..R..[ST].....	307.65	106	760	483	9383	2.71
//
prot_id	prot_name	position	flank	kinase	source	string_score
ENSP00000300161	YWHAB	60	GARRSSWRVIS	PRKCD	hprd;pelm;psite	856
ENSP00000264335	YWHAE	64	SWRIISSIEQK		hprd;psite	694
ENSP00000248975	YWHAH	59	GARRSSWRVIS		pelm;psite	857
ENSP00000306330	YWHAG	59	GARRSSWRVIS	LATS2	psite	621
ENSP00000309503	YWHAZ	58	GARRSSWRVVS	AKT1;MAPKAPK2;PRKACA	hprd;pelm;psite	974
ENSP00000309503	YWHAZ	63	SWRVVSSIEQK		psite	974
ENSP00000270202	AKT1	72	RPRPNTFIIRC	AKT1	psite	971
ENSP00000270202	AKT1	246	RERVFSEDRAR	AKT1	psite	971
ENSP00000375892	AKT2	458	PDRYDSLGLLE		psite	816
ENSP00000360290	PRKAA2	491	PQRSCSAAGLH		psite	760
ENSP00000360290	PRKAA2	500	LHRPRSSFDST		hprd;psite	760
ENSP00000254101	PRKAB2	182	SCRDLSSSPPG		hprd;pelm;psite	565
ENSP00000284981	APP	679	EFRHDSGYEVH		psite	640
ENSP00000258682	CAMK2B	287	MHRQETVECLK	CAMK2B	hprd;psite	908
ENSP00000311032	CASP3	150	GDRCRSLTGKP	MAPK14	pelm;psite	540
ENSP00000351273	CASP8	322	RDRNGTHLDAG		psite	943
ENSP00000262367	CREBBP	78	LLRGGSGSSIN		psite	416
ENSP00000262367	CREBBP	2356	SPRPQSQPPHS		psite	416
ENSP00000303706	CDC25A	76	LQRMGSSESTD	CHEK1;GSK3B	hprd;pelm;psite	705
ENSP00000303706	CDC25A	107	MRRIHSLPQKL		psite	705
ENSP00000303706	CDC25A	124	LKRSHSDSLDH	CHEK1;CHEK2	hprd;pelm;psite	705
ENSP00000303706	CDC25A	178	TQRQNSAPARM	CHEK1;CHEK2	hprd;pelm;psite	705
ENSP00000303706	CDC25A	293	TKRRKSMSGAS	CHEK1;CHEK2;RPS6KA1	hprd;pelm;psite	705
ENSP00000219548	STUB1	149	KKRWNSIEERR		psite	949
ENSP00000333873	CIB1	78	ICRVFSTSPAK		psite	647
ENSP00000259371	DAB2IP	700	PARSSSYSEAN	RIPK1	pelm;psite	945
ENSP00000259371	DAB2IP	867	ARRQMSLTEKG		psite	945
ENSP00000259371	DAB2IP	943	RLRQQSSSSKG		psite	945
ENSP00000259371	DAB2IP	1003	RDRLRSKDELS		psite	945
ENSP00000259371	DAB2IP	1080	ISRLMSVEEEL		psite	945
ENSP00000259371	DAB2IP	1112	EKRIASLDAAN		psite	945
ENSP00000259371	DAB2IP	1122	NARLMSALTQL		psite	945
ENSP00000266000	DAXX	654	VERQRSVHEKN		psite	998
ENSP00000404623	DAXX	654	VERQRSVHEKN		psite	929
ENSP00000410772	DAXX	654	VERQRSVHEKN		psite	847
ENSP00000238647	IRF2BPL	334	GKRPGSVSSTD		hprd;pelm;psite	621
ENSP00000238647	IRF2BPL	519	LSRAPSAPPGT		psite	621
ENSP00000238647	IRF2BPL	657	SARRNSSSPVS		hprd;pelm;psite	621
ENSP00000238647	IRF2BPL	658	ARRNSSSPVSP		hprd;pelm;psite	621
ENSP00000301838	FADD	41	LERVQSGLDLF		hprd;psite	936
ENSP00000275364	GNA12	40	EARRRSRDIDA		psite	619
ENSP00000400717	GNA13	43	LSREKTYVKRL		hprd;psite	619
ENSP00000400717	GNA13	203	LARRPTKGIHE	PRKACA	hprd;pelm;psite	619
ENSP00000381793	GRB10	428	PVRSVSENSLV	MTOR	psite	429
ENSP00000364802	HSPA1A	265	VRRLRTACERA		psite	749
ENSP00000404524	HSPA1A	265	VRRLRTACERA		psite	882
ENSP00000406359	HSPA1A	265	VRRLRTACERA		psite	885
ENSP00000302961	HSPA4	76	HGRAFSDPFVE		hprd;pelm;psite	717
ENSP00000302961	HSPA4	113	EERNFTTEQVT		hprd;psite	717
ENSP00000302961	HSPA4	393	KVREFSITDVV		psite	717
ENSP00000268035	IGF1R	1278	GFREVSFYYSE		hprd;psite	659
ENSP00000250894	MAPK8IP3	364	LDRTGSSPTQG	ROCK1	psite	623
ENSP00000262013	SPAG9	203	KERPISLGIFP		hprd;pelm;psite	829
ENSP00000262013	SPAG9	329	ETRNVSTGSAE		hprd;pelm;psite	829
ENSP00000262013	SPAG9	595	KKRSSTLSQLP		hprd;pelm;psite	829
ENSP00000262013	SPAG9	730	KQRSASQSSLD		hprd;pelm;psite	829
ENSP00000262013	SPAG9	1188	GNRPGSVIRVY		psite	829
ENSP00000348273	MBP	26	TNRGESEKKRN		psite	859
ENSP00000348273	MBP	40	LSRTTSEDNEV		psite	859
ENSP00000348273	MBP	96	LIRLFSRDAPG		hprd;pelm;psite	859
ENSP00000348273	MBP	146	SQRHGSKYLAT	PRKCA	hprd;psite	859
ENSP00000343463	MAP3K2	163	TSRDRSSPPPG		hprd;pelm;psite	668
ENSP00000343463	MAP3K2	239	MPRAQSYPDNH		hprd;pelm;psite	668
ENSP00000343463	MAP3K2	331	IRRRGSDIDNP		hprd;pelm;psite	668
ENSP00000354927	MAP3K3	197	RSRHLSVSSQN	PRKACA	hprd;pelm;psite	655
ENSP00000354927	MAP3K3	281	MSRAQSFPDNR		hprd;psite	655
ENSP00000354927	MAP3K3	347	SSRSLSTNGEN		psite	655
ENSP00000354927	MAP3K3	368	RGRLRSADSEN	PRKACA	hprd;pelm;psite	655
ENSP00000354927	MAP3K3	547	SKRLQTICMSG		psite	655
ENSP00000354927	MAP3K3	559	GMRSVTGTPYW		psite	655
ENSP00000350195	MAP3K6	964	PKRCLSYGGTS		hprd;psite	993
ENSP00000244741	CDKN1A	145	RKRRQTSMTDF	AKT1;DAPK3;PIM1;PIM2;PRKCA	hprd;pelm;psite	946
ENSP00000244741	CDKN1A	146	KRRQTSMTDFY	AKT1;PIM1;PIM2;PRKCA	hprd;pelm;psite	946
ENSP00000287295	AIFM1	268	TPRSLSAIDRA		hprd;pelm;psite	555
ENSP00000263967	PIK3CA	312	YSRRISTATPY		psite	839
ENSP00000263967	PIK3CA	313	SRRISTATPYM		psite	839
ENSP00000012443	PPP5C	105	YRRAASNMALG		psite	953
ENSP00000307567	QARS	70	DTRRLSFLVSY		hprd;pelm;psite	691
ENSP00000251849	RAF1	43	YQRRASDDGKL	PRKACA;PRKCA	hprd;pelm;psite	660
ENSP00000251849	RAF1	257	SQRQRSTSTPN		hprd;pelm;psite	660
ENSP00000251849	RAF1	259	RQRSTSTPNVH	AKT1;PRKACA;RAF1	hprd;pelm;psite	660
ENSP00000251849	RAF1	285	AIRSHSESASP		psite	660
ENSP00000251849	RAF1	339	GQRDSSYYWEI	PAK1	hprd;pelm;psite	660
ENSP00000251849	RAF1	357	STRIGSGSFGT		psite	660
ENSP00000251849	RAF1	621	INRSASEPSLH	PRKACA;RAF1	hprd;pelm;psite	660
ENSP00000267163	RB1	624	TTRVNSTANAE		psite	808
ENSP00000267163	RB1	778	STRPPTLSPIP		psite	808
ENSP00000025008	RB1CC1	222	LGRLDSLPEHE		hprd;psite	621
ENSP00000025008	RB1CC1	1482	NQRLMSQSMSS		psite	621
ENSP00000259808	RIPK1	320	VKRMQSLQLDC		hprd;pelm;psite	915
ENSP00000259808	RIPK1	416	RRRRVSHDPFA		psite	915
ENSP00000261303	PSMC1	297	TKRYDSNSGGE		psite	619
ENSP00000157812	PSMC4	25	VSRPQTGLSFL		hprd;pelm;psite	619
ENSP00000157812	PSMC4	84	VKRIQSIPLVI		psite	619
ENSP00000157812	PSMC4	117	YVRILSTIDRE		hprd;psite	619
ENSP00000157812	PSMC4	316	TNRADTLDPAL		psite	619
ENSP00000310572	PSMC5	120	ALRNDSYTLHK	PRKACA	psite	619
ENSP00000370083	SMN1	25	LFRRGTGQSDD		hprd;pelm;psite	687
ENSP00000370119	SMN2	25	LFRRGTGQSDD		hprd;pelm;psite	680
ENSP00000358335	MAP3K7	439	QPRRRSIQDLT		hprd;pelm;psite	703
ENSP00000162749	TNFRSF1A	417	PRREATLELLG		psite	933
ENSP00000341268	TRADD	215	VNRPLSLKDQQ		psite	933
ENSP00000247668	TRAF2	55	GHRYCSFCLAS	PRKCZ	psite	999
ENSP00000247668	TRAF2	274	LQRCESLEKKT		psite	999
ENSP00000261464	TRAF5	19	FIRQNSGNSIS		psite	891
ENSP00000344818	UBC	57	DGRTLSDYNIQ		hprd;psite	995
ENSP00000310042	ZNF622	174	HDRDPSEKPPR		psite	918
ENSP00000324422	ZYX	170	KARVSSGYVPP		hprd;pelm;psite	501
ENSP00000300161	YWHAB	132	YFRYLSEVASG	PRKCZ	hprd;pelm	856
ENSP00000262013	SPAG9	244	QPRSHTSLKVS		pelm	829
ENSP00000262367	CREBBP	1771	ESRRLSIQRCI		hprd	416
ENSP00000312664	CASP2	158	KLRLSTDTVEH		hprd	899
ENSP00000266000	DAXX	97	QQRAHSLFLAS		hprd	998
ENSP00000404623	DAXX	97	QQRAHSLFLAS		hprd	929
ENSP00000410772	DAXX	97	QQRAHSLFLAS		hprd	847
