name	MAP3K3
id	ENSP00000354927
type	Serine/threonine kinase
proline+1_removed	Yes
npartners	68
npartners_with_sites	61
nsites	86
//
motif	score	fg_matches	fg_size	bg_matches	bg_size	fold_increase
..R..[ST].....	13.43	86	681	483	9383	2.45
//
prot_id	prot_name	position	flank	kinase	source	string_score
ENSP00000300161	YWHAB	60	GARRSSWRVIS	PRKCD	hprd;pelm;psite	648
ENSP00000264335	YWHAE	64	SWRIISSIEQK		hprd;psite	956
ENSP00000361423	ABL1	69	AARWNSKENLL		hprd;psite	402
ENSP00000361423	ABL1	197	HYRINTASDGK	LATS2	psite	402
ENSP00000361423	ABL1	408	LSRLMTGDTYT		psite	402
ENSP00000361423	ABL1	639	PKRSSSFREMD		hprd;psite	402
ENSP00000361423	ABL1	719	SSRLATGEEEG		psite	402
ENSP00000361423	ABL1	737	FLRSCSASCVP		hprd;psite	402
ENSP00000361423	ABL1	754	EWRSVTLPRDL	CLK1;CLK4;MAP3K8;STK3;STK4;TTK	hprd;pelm;psite	402
ENSP00000361423	ABL1	842	LRRQVTVAPAS		psite	402
ENSP00000361423	ABL1	16	DQRRPSLPALH		psite	402
ENSP00000351908	MAP3K5	83	RGRGSSVGGGS	AKT1;AKT2;PIM1	hprd;pelm;psite	655
ENSP00000351908	MAP3K5	966	YLRSISLPVPV	MAP3K5;PDPK1	hprd;pelm;psite	655
ENSP00000350283	BRCA1	509	RKRRPTSGLHP	AKT1	hprd;pelm;psite	647
ENSP00000350283	BRCA1	510	KRRPTSGLHPE		psite	647
ENSP00000350283	BRCA1	615	RLRRKSSTRHI		psite	647
ENSP00000350283	BRCA1	616	LRRKSSTRHIH		psite	647
ENSP00000350283	BRCA1	694	SKRHDSDTFPE	AKT1	hprd;psite	647
ENSP00000350283	BRCA1	1328	QMRHQSESQGV		hprd;psite	647
ENSP00000370503	CCM2	414	HRRALSTTSSS		psite	992
ENSP00000227507	CCND1	90	LDRFLSLEPVK	PRKACA	hprd;pelm;psite	837
ENSP00000227507	CCND1	234	LTRFLSRVIKC	PRKACA	hprd;pelm;psite	837
ENSP00000286301	CSF1R	713	YVRRDSGFSSQ		psite	433
ENSP00000354158	ERC1	37	HRRTNSTGGSS		psite	914
ENSP00000262995	GAB1	251	PSRAPSASVDS		psite	734
ENSP00000262995	GAB1	266	LPRSYSHDVLP		hprd;pelm;psite	734
ENSP00000262995	GAB1	304	QMRHVSISYDI		psite	734
ENSP00000262995	GAB1	387	PSRSNTISTVD		psite	734
ENSP00000262995	GAB1	419	SDRSSSLEGFH		psite	734
ENSP00000262995	GAB1	714	DGRQSTESETP		psite	734
ENSP00000262995	GAB1	547	LERTDSQTIGD		hprd;psite	734
ENSP00000335153	HSP90AA1	185	KIRYESLTDPS		psite	924
ENSP00000335153	HSP90AA1	212	QDRTLTIVDTG	PRKACA	hprd;psite	924
ENSP00000335153	HSP90AA1	745	ALRDNSTMGYM		psite	924
ENSP00000247207	HSPA2	268	VRRLRTACERA		psite	653
ENSP00000347504	ITGB1BP1	38	LSRSSTVASLD	CAMK2A	hprd;pelm;psite	461
ENSP00000216797	NFKBIA	32	DDRHDSGLDSM	CHUK;CSNK2A1;IKBKB;IKBKE;RPS6KA1;RPS6KA3;SGK1	hprd;pelm;psite	704
ENSP00000359424	CHUK	23	RERLGTGGFGN	AKT1;AKT2	hprd;pelm;psite	908
ENSP00000358997	IRAK1	556	TGRAHSGAAPW		psite	916
ENSP00000262013	SPAG9	203	KERPISLGIFP		hprd;pelm;psite	754
ENSP00000262013	SPAG9	329	ETRNVSTGSAE		hprd;pelm;psite	754
ENSP00000262013	SPAG9	595	KKRSSTLSQLP		hprd;pelm;psite	754
ENSP00000262013	SPAG9	730	KQRSASQSSLD		hprd;pelm;psite	754
ENSP00000262013	SPAG9	1188	GNRPGSVIRVY		psite	754
ENSP00000344668	KRIT1	276	WQRSMSSVTED		psite	497
ENSP00000396219	MEF2C	82	ESRTNSDIVET		psite	411
ENSP00000375986	MAP3K4	499	LERLESEDDSL		hprd;psite	412
ENSP00000278568	PAK1	21	PMRNTSTMIGA	PAK1;PRKG1	hprd;psite	849
ENSP00000314067	PAK2	20	PVRMSSTIFST	PAK2;PRKAA2	hprd;psite	847
ENSP00000309591	PRKACA	49	FERIKTLGTGS		hprd;psite	622
ENSP00000309591	PRKACA	198	KGRTWTLCGTP	PRKACA	hprd;pelm;psite	622
ENSP00000309591	PRKACA	260	KVRFPSHFSSD		psite	622
ENSP00000305355	PRKCB	364	SERKGTDELYA		psite	815
ENSP00000305355	PRKCB	634	FDRFFTRHPPV		psite	815
ENSP00000331602	PRKCD	43	TERGKTLVQKK		hprd;psite	815
ENSP00000331602	PRKCD	304	SRRSDSASSEP	PRKCD	hprd;pelm;psite	815
ENSP00000331602	PRKCD	507	ESRASTFCGTP	PDK1;PDPK1	hprd;pelm;psite	815
ENSP00000348461	RAC1	71	RLRPLSYPQTV	AKT1	hprd;psite	947
ENSP00000259808	RIPK1	320	VKRMQSLQLDC		hprd;pelm;psite	974
ENSP00000259808	RIPK1	416	RRRRVSHDPFA		psite	974
ENSP00000374455	SQSTM1	24	EIRRFSFCCSP		hprd;psite	964
ENSP00000374455	SQSTM1	49	CERLLSRVAAL		psite	964
ENSP00000286332	TAB2	423	ASRNMSGQVSM		psite	909
ENSP00000286332	TAB2	524	ETRKLSMGSDD		hprd;psite	909
ENSP00000286332	TAB2	582	LKRSNSISQIP		psite	909
ENSP00000358335	MAP3K7	439	QPRRRSIQDLT		hprd;pelm;psite	965
ENSP00000363089	TLR4	790	LYRLLSRNTYL	PRKD1	psite	856
ENSP00000162749	TNFRSF1A	417	PRREATLELLG		psite	938
ENSP00000341268	TRADD	215	VNRPLSLKDQQ		psite	939
ENSP00000247668	TRAF2	55	GHRYCSFCLAS	PRKCZ	psite	428
ENSP00000247668	TRAF2	274	LQRCESLEKKT		psite	428
ENSP00000318944	TRAF7	61	HCRTPSSSSTL		psite	838
ENSP00000318944	TRAF7	88	PRRSDSAISVR		hprd;pelm;psite	838
ENSP00000344818	UBC	57	DGRTLSDYNIQ		hprd;psite	651
ENSP00000313059	WNK1	60	RRRRHTMDKDS	AKT1;RPS6KA5;SGK1	hprd;pelm;psite	734
ENSP00000313059	WNK1	167	KDRPVSQPSLV		hprd;pelm;psite	734
ENSP00000313059	WNK1	185	PARSGSGGGSA		psite	734
ENSP00000313059	WNK1	1110	SVRSRSRHEKT		psite	734
ENSP00000313059	WNK1	2128	RRRRPTKSKGS		psite	734
ENSP00000313059	WNK1	2245	SSRKGTFTDDL		hprd;psite	734
ENSP00000313059	WNK1	2270	SGRRGSKGHMN		psite	734
ENSP00000313059	WNK1	2286	MARKFSAPGQL		psite	734
ENSP00000314709	ZHX2	713	VARKATKPMAE		psite	412
ENSP00000300161	YWHAB	132	YFRYLSEVASG	PRKCZ	hprd;pelm	648
ENSP00000396219	MEF2C	192	THRPPSAGNTG	RPS6KA3	pelm	411
ENSP00000262013	SPAG9	244	QPRSHTSLKVS		pelm	754
