name	MAP3K7
id	ENSP00000358335
type	Serine/threonine kinase
proline+1_removed	Yes
npartners	146
npartners_with_sites	126
nsites	121
//
motif	score	fg_matches	fg_size	bg_matches	bg_size	fold_increase
..R..[ST].....	307.65	119	911	483	9383	2.54
//
prot_id	prot_name	position	flank	kinase	source	string_score
ENSP00000351908	MAP3K5	83	RGRGSSVGGGS	AKT1;AKT2;PIM1	hprd;pelm;psite	703
ENSP00000351908	MAP3K5	966	YLRSISLPVPV	MAP3K5;PDPK1	hprd;pelm;psite	703
ENSP00000278616	ATM	1878	CLRHFSQTSRS		psite	627
ENSP00000278616	ATM	2996	CKRNLSDIDQS	ATM	hprd;psite	627
ENSP00000245451	BMP4	116	ASRANTVRSFH		psite	914
ENSP00000363708	BMPR2	757	PKRPTSLPLNT		hprd;pelm;psite	902
ENSP00000381412	CAMK2A	286	MHRQETVDCLK	CAMK2A	hprd;pelm;psite	899
ENSP00000381412	CAMK2A	314	ATRNFSGGKSG		psite	899
ENSP00000381412	CAMK2A	333	KKRKSSSSVQL		psite	899
ENSP00000380150	CARD11	116	PTRRFSTIVVE	CAMK2A	psite	985
ENSP00000380150	CARD11	117	TRRFSTIVVEE		psite	985
ENSP00000380150	CARD11	558	PPRSRSSIMSI	MAP4K1	psite	985
ENSP00000380150	CARD11	644	MFRKFSLERPF		psite	985
ENSP00000262367	CREBBP	78	LLRGGSGSSIN		psite	803
ENSP00000262367	CREBBP	2356	SPRPQSQPPHS		psite	803
ENSP00000352264	CD2AP	87	VQRISTYGLPA		psite	424
ENSP00000352264	CD2AP	231	KLRTRTSSSET		hprd;psite	424
ENSP00000352264	CD2AP	233	RTRTSSSETEE		hprd;pelm;psite	424
ENSP00000352264	CD2AP	458	PLRPKSVDFDS		hprd;pelm;psite	424
ENSP00000300574	CRK	41	LVRDSSTSPGD		hprd;psite	899
ENSP00000300574	CRK	125	RSRQGSGVILR		hprd;psite	899
ENSP00000300574	CRK	194	KYRPASASVSA		hprd;psite	899
ENSP00000346300	CRKL	42	LVRDSSTCPGD		hprd;psite	899
ENSP00000308928	CYLD	418	ENRFHSLPFSL	IKBKB	psite	624
ENSP00000308928	CYLD	547	DSRFASLQPVS		psite	624
ENSP00000247170	DAAM1	34	RLRNDSNFALQ		psite	569
ENSP00000359290	DR1	105	KRRKASSRLEN		hprd;psite	737
ENSP00000363763	EPHB2	576	FERADSEYTDK		psite	904
ENSP00000354158	ERC1	37	HRRTNSTGGSS		psite	959
ENSP00000306245	FOS	362	AHRKGSSSNEP	PRKACA;RPS6KA1;RPS6KA3	hprd;pelm;psite	663
ENSP00000339186	GRAP2	187	MNRKLSDHPPT		psite	899
ENSP00000339186	GRAP2	236	ERRGGSLDIND		psite	899
ENSP00000339186	GRAP2	262	MHRRHTDPVQL		hprd;pelm;psite	899
ENSP00000313644	MAP4K4	187	VGRRNTFIGTP		psite	661
ENSP00000313644	MAP4K4	643	VSRSHSFSDPS		psite	661
ENSP00000313644	MAP4K4	734	GQRNSTSSIEP		psite	661
ENSP00000313644	MAP4K4	786	RFRVRSSSKSE		psite	661
ENSP00000313644	MAP4K4	788	RVRSSSKSEGS		psite	661
ENSP00000313644	MAP4K4	881	DTRAASSLNLS		psite	661
ENSP00000380066	MAP4K1	171	LARRLSFIGTP	PRKD1	pelm;psite	961
ENSP00000380066	MAP4K1	320	PRRIRSTHRSS		psite	961
ENSP00000380066	MAP4K1	326	THRSSSLGIPD		psite	961
ENSP00000380066	MAP4K1	407	KFRSPSDEGPG	MAP4K1	hprd;pelm;psite	961
ENSP00000380066	MAP4K1	430	LVRCASGPPPN		psite	961
ENSP00000331201	HGS	284	RLRQKSTYTSY		psite	621
ENSP00000335153	HSP90AA1	185	KIRYESLTDPS		psite	931
ENSP00000335153	HSP90AA1	212	QDRTLTIVDTG	PRKACA	hprd;psite	931
ENSP00000335153	HSP90AA1	745	ALRDNSTMGYM		psite	931
ENSP00000216797	NFKBIA	32	DDRHDSGLDSM	CHUK;CSNK2A1;IKBKB;IKBKE;RPS6KA1;RPS6KA3;SGK1	hprd;pelm;psite	837
ENSP00000359424	CHUK	23	RERLGTGGFGN	AKT1;AKT2	hprd;pelm;psite	997
ENSP00000358997	IRAK1	556	TGRAHSGAAPW		psite	985
ENSP00000363998	ITCH	344	FTRTTTWQRPT	SGK3	psite	899
ENSP00000363998	ITCH	409	EKRTDSNGRVY	SGK3	psite	899
ENSP00000241014	MAPK8IP1	241	PCRRSTATQMA		psite	940
ENSP00000241014	MAPK8IP1	471	SGRSRSSSAES		pelm;psite	940
ENSP00000241014	MAPK8IP1	473	RSRSSSAESFG		pelm;psite	940
ENSP00000324444	MBIP	12	LNRPSSGDRNL		hprd;psite	838
ENSP00000302486	MAP2K1	298	PGRPLSSYGMD	PAK1	hprd;pelm;psite	808
ENSP00000382423	MAP3K1	1016	PCRIPSASPQT		psite	907
ENSP00000382423	MAP3K1	1026	TQRKFSLQFHR		psite	907
ENSP00000354927	MAP3K3	197	RSRHLSVSSQN	PRKACA	hprd;pelm;psite	965
ENSP00000354927	MAP3K3	281	MSRAQSFPDNR		hprd;psite	965
ENSP00000354927	MAP3K3	347	SSRSLSTNGEN		psite	965
ENSP00000354927	MAP3K3	368	RGRLRSADSEN	PRKACA	hprd;pelm;psite	965
ENSP00000354927	MAP3K3	547	SKRLQTICMSG		psite	965
ENSP00000354927	MAP3K3	559	GMRSVTGTPYW		psite	965
ENSP00000262445	MAP2K4	78	IERLRTHSIES		psite	969
ENSP00000262445	MAP2K4	80	RLRTHSIESSG	AKT1	hprd;pelm;psite	969
ENSP00000261207	PPP1R12A	472	VTRSASSPRLS	NUAK1	psite	414
ENSP00000261207	PPP1R12A	478	SPRLSSSLDNK		hprd;pelm;psite	414
ENSP00000261207	PPP1R12A	507	PRRLASTSDIE		hprd;pelm;psite	414
ENSP00000261207	PPP1R12A	668	RERRRSYLTPV		hprd;psite	414
ENSP00000261207	PPP1R12A	696	QSRRSTQGVTL	RAF1;ROCK1;ROCK2	hprd;pelm;psite	414
ENSP00000261207	PPP1R12A	716	IGRSRSTRTRE		psite	414
ENSP00000261207	PPP1R12A	802	LNRPNSLVGIT		psite	414
ENSP00000261207	PPP1R12A	853	EKRRSTGVSFW	PRKCQ;ROCK1	hprd;psite	414
ENSP00000261207	PPP1R12A	892	ISRYETSSTSA		psite	414
ENSP00000261207	PPP1R12A	903	GDRYDSLLGRS		psite	414
ENSP00000261207	PPP1R12A	910	LGRSGSYSYLE	NUAK1	hprd;pelm;psite	414
ENSP00000261207	PPP1R12A	995	LERRISEMEEE		psite	414
ENSP00000226574	NFKB1	338	QLRRKSDLETS	PRKACA	hprd;pelm;psite	826
ENSP00000226574	NFKB1	938	SFRKLSFTESL		psite	826
ENSP00000384273	RELA	276	QLRRPSDRELS	PIM1;PRKACA;RPS6KA4;RPS6KA5	hprd;pelm;psite	930
ENSP00000384273	RELA	281	SDRELSEPMEF		psite	930
ENSP00000384273	RELA	505	ITRLVTGAQRP		pelm;psite	930
ENSP00000384625	NLK	298	ESRHMTQEVVT		hprd;psite	924
ENSP00000263125	PRKCQ	695	MFRNFSFMNPG		hprd;pelm;psite	919
ENSP00000012443	PPP5C	105	YRRAASNMALG		psite	595
ENSP00000259808	RIPK1	320	VKRMQSLQLDC		hprd;pelm;psite	993
ENSP00000259808	RIPK1	416	RRRRVSHDPFA		psite	993
ENSP00000220751	RIPK2	174	KWRMMSLSQSR		psite	961
ENSP00000220751	RIPK2	531	VSRSPSLNLLQ		hprd;pelm;psite	961
ENSP00000261313	PEBP1	52	KNRPTSISWDG		hprd;pelm;psite	926
ENSP00000332973	SMAD3	388	EYRRQTVTSTP		psite	748
ENSP00000262158	SMAD7	121	ESRGGTRTACL		psite	963
ENSP00000264657	STAT3	691	YCRPESQEHPE		hprd;pelm;psite	859
ENSP00000286332	TAB2	423	ASRNMSGQVSM		psite	999
ENSP00000286332	TAB2	524	ETRKLSMGSDD		hprd;psite	999
ENSP00000286332	TAB2	582	LKRSNSISQIP		psite	999
ENSP00000288422	TAB3	506	YQRSSSSGSDD		hprd;pelm;psite	999
ENSP00000288422	TAB3	645	KARRISVTSKV		hprd;psite	999
ENSP00000351905	TGFBR2	578	SGRSCSEEKIP		hprd;psite	913
ENSP00000363089	TLR4	790	LYRLLSRNTYL	PRKD1	psite	793
ENSP00000162749	TNFRSF1A	417	PRREATLELLG		psite	986
ENSP00000341268	TRADD	215	VNRPLSLKDQQ		psite	918
ENSP00000247668	TRAF2	55	GHRYCSFCLAS	PRKCZ	psite	944
ENSP00000247668	TRAF2	274	LQRCESLEKKT		psite	944
ENSP00000318944	TRAF7	61	HCRTPSSSSTL		psite	502
ENSP00000318944	TRAF7	88	PRRSDSAISVR		hprd;pelm;psite	502
ENSP00000388107	UBA52	57	DGRTLSDYNIQ		hprd;psite	916
ENSP00000304697	UBB	57	DGRTLSDYNIQ		hprd;psite	899
ENSP00000344818	UBC	57	DGRTLSDYNIQ		hprd;psite	999
ENSP00000358283	UFL1	426	RRRKATEGSGS		hprd;psite	542
ENSP00000265560	USP4	445	RLRNDSVIVDT		psite	619
ENSP00000342381	VRK2	449	KSRSPSWYKYT		psite	859
ENSP00000347858	XIAP	32	FNRLKTFANFP		psite	988
ENSP00000306983	YEATS2	409	LERTPTKMTTS		hprd;psite	798
ENSP00000306983	YEATS2	480	LPRTPTSTPVH		psite	798
ENSP00000359837	ZZZ3	89	RKRGLSSSEKD		hprd;pelm;psite	430
ENSP00000262367	CREBBP	1771	ESRRLSIQRCI		hprd	803
ENSP00000363708	BMPR2	513	WERNKSVSPTV		hprd	902
