name	MAP3K1
id	ENSP00000382423
type	Serine/threonine kinase
proline+1_removed	Yes
npartners	113
npartners_with_sites	95
nsites	182
//
motif	score	fg_matches	fg_size	bg_matches	bg_size	fold_increase
..R..[ST].....	307.65	117	811	483	9383	2.8
...R.[ST].....	6.96	64	694	404	8900	2.03
//
prot_id	prot_name	position	flank	kinase	source	string_score
ENSP00000264335	YWHAE	64	SWRIISSIEQK		hprd;psite	651
ENSP00000377941	ACTN1	842	FMSRETADTDT		psite	631
ENSP00000373700	ALK	211	AAIRASQPRLL		hprd;pelm;psite	506
ENSP00000203786	ARHGAP4	83	GGRLGSSREHQ		psite	619
ENSP00000203786	ARHGAP4	217	PLRKSSLKKGG		psite	619
ENSP00000203786	ARHGAP4	498	QPRPSSQYNQR		psite	619
ENSP00000262320	AXIN1	160	IVSRQTKPATK		hprd;psite	996
ENSP00000288602	BRAF	363	GQRDRSSSAPN		hprd;psite	839
ENSP00000288602	BRAF	364	QRDRSSSAPNV		hprd;pelm;psite	839
ENSP00000288602	BRAF	365	RDRSSSAPNVH	AKT1;AKT3	hprd;pelm;psite	839
ENSP00000288602	BRAF	428	QRERKSSSSSE		psite	839
ENSP00000288602	BRAF	429	RERKSSSSSED	AKT1;AKT3	hprd;pelm;psite	839
ENSP00000288602	BRAF	440	RNRMKTLGRRD		hprd;pelm;psite	839
ENSP00000288602	BRAF	446	LGRRDSSDDWE	PAK1	hprd;pelm;psite	839
ENSP00000288602	BRAF	447	GRRDSSDDWEI		hprd;pelm;psite	839
ENSP00000288602	BRAF	465	GQRIGSGSFGT		psite	839
ENSP00000288602	BRAF	605	VKSRWSGSHQF		psite	839
ENSP00000288602	BRAF	729	IHRSASEPSLN		hprd;pelm;psite	839
ENSP00000308176	BTK	51	RGRRGSKKGSI		psite	902
ENSP00000308176	BTK	184	SSHRKTKKPLP		psite	902
ENSP00000308176	BTK	495	RHRFQTQQLLE		psite	902
ENSP00000308176	BTK	602	PYERFTNSETA		psite	902
ENSP00000311032	CASP3	150	GDRCRSLTGKP	MAPK14	pelm;psite	911
ENSP00000300574	CRK	40	FLVRDSSTSPG		hprd;psite	903
ENSP00000300574	CRK	41	LVRDSSTSPGD		hprd;psite	903
ENSP00000300574	CRK	125	RSRQGSGVILR		hprd;psite	903
ENSP00000300574	CRK	194	KYRPASASVSA		hprd;psite	903
ENSP00000346300	CRKL	42	LVRDSSTCPGD		hprd;psite	899
ENSP00000346300	CRKL	195	HGNRNSNSYGI		hprd;psite	899
ENSP00000308928	CYLD	418	ENRFHSLPFSL	IKBKB	psite	420
ENSP00000308928	CYLD	547	DSRFASLQPVS		psite	420
ENSP00000394352	DIXDC1	186	RQRNSSMDEEI		hprd;pelm;psite	461
ENSP00000257600	DTX1	215	STRAASNAILA		psite	621
ENSP00000005340	DVL2	169	PRRRDSSEHGA		psite	621
ENSP00000005340	DVL2	170	RRRDSSEHGAG		psite	621
ENSP00000005340	DVL2	592	EGSRSSGSTRS		psite	621
ENSP00000005340	DVL2	630	SSRGGSLRRGG		psite	621
ENSP00000005340	DVL2	720	TASRQSFHMAM		psite	621
ENSP00000381932	DYRK1A	529	SGRARSDPTHQ	DYRK1A	hprd;psite	628
ENSP00000381932	DYRK1A	538	HQHRHSGGHFT		psite	628
ENSP00000206249	ESR1	154	FYRPNSDNRRQ		pelm;psite	703
ENSP00000206249	ESR1	167	RERLASTNDKG	AKT1;AKT2;CSNK2A1;IKBKE;RPS6KA1;RPS6KA3;RPS6KB1	hprd;pelm;psite	703
ENSP00000206249	ESR1	236	KNRRKSCQACR	PRKACA	pelm;psite	703
ENSP00000301838	FADD	41	LERVQSGLDLF		hprd;psite	910
ENSP00000295956	FLNB	1259	DSRPLTQVGGD		psite	619
ENSP00000295956	FLNB	1609	YRIRATQTGDA		psite	619
ENSP00000295956	FLNB	1916	DSRRCSQVKLG		psite	619
ENSP00000295956	FLNB	2013	YGRGLSEGRTF		psite	619
ENSP00000295956	FLNB	2107	TSRAPSVATVG		hprd;pelm;psite	619
ENSP00000295956	FLNB	2291	DARRLTVMSLQ		psite	619
ENSP00000339186	GRAP2	187	MNRKLSDHPPT		psite	899
ENSP00000339186	GRAP2	236	ERRGGSLDIND		psite	899
ENSP00000339186	GRAP2	262	MHRRHTDPVQL		hprd;pelm;psite	899
ENSP00000294066	MAP4K2	8	LLRDVSLQDPR		psite	989
ENSP00000294066	MAP4K2	170	VAKRRSFIGTP		psite	989
ENSP00000294066	MAP4K2	328	AERTPSEIQFH		pelm;psite	989
ENSP00000294066	MAP4K2	578	PTNRLTQRIIP		psite	989
ENSP00000339007	GRB2	88	FLIRESESAPG		psite	664
ENSP00000313644	MAP4K4	187	VGRRNTFIGTP		psite	962
ENSP00000313644	MAP4K4	643	VSRSHSFSDPS		psite	962
ENSP00000313644	MAP4K4	733	AGQRNSTSSIE		psite	962
ENSP00000313644	MAP4K4	734	GQRNSTSSIEP		psite	962
ENSP00000313644	MAP4K4	786	RFRVRSSSKSE		psite	962
ENSP00000313644	MAP4K4	787	FRVRSSSKSEG		psite	962
ENSP00000313644	MAP4K4	788	RVRSSSKSEGS		psite	962
ENSP00000313644	MAP4K4	881	DTRAASSLNLS		psite	962
ENSP00000380066	MAP4K1	171	LARRLSFIGTP	PRKD1	pelm;psite	911
ENSP00000380066	MAP4K1	320	PRRIRSTHRSS		psite	911
ENSP00000380066	MAP4K1	325	STHRSSSLGIP		psite	911
ENSP00000380066	MAP4K1	326	THRSSSLGIPD		psite	911
ENSP00000380066	MAP4K1	407	KFRSPSDEGPG	MAP4K1	hprd;pelm;psite	911
ENSP00000380066	MAP4K1	430	LVRCASGPPPN		psite	911
ENSP00000356713	IFNGR1	295	VVRSATLETKP		psite	899
ENSP00000356713	IFNGR1	378	PIERESSSPLS		psite	899
ENSP00000359424	CHUK	23	RERLGTGGFGN	AKT1;AKT2	hprd;pelm;psite	907
ENSP00000358622	IKBKG	136	DAIRQSNQILR	IKBKB	psite	983
ENSP00000358997	IRAK1	209	EISRGTHNFSE	IRAK1	pelm;psite	907
ENSP00000358997	IRAK1	387	QTVRGTLAYLP	IRAK1;IRAK4	hprd;pelm;psite	907
ENSP00000358997	IRAK1	556	TGRAHSGAAPW		psite	907
ENSP00000250894	MAPK8IP3	314	REKRDSRNMEV	ROCK1	psite	949
ENSP00000250894	MAPK8IP3	364	LDRTGSSPTQG	ROCK1	psite	949
ENSP00000262013	SPAG9	203	KERPISLGIFP		hprd;pelm;psite	552
ENSP00000262013	SPAG9	329	ETRNVSTGSAE		hprd;pelm;psite	552
ENSP00000262013	SPAG9	594	VKKRSSTLSQL		hprd;pelm;psite	552
ENSP00000262013	SPAG9	595	KKRSSTLSQLP		hprd;pelm;psite	552
ENSP00000262013	SPAG9	730	KQRSASQSSLD		hprd;pelm;psite	552
ENSP00000262013	SPAG9	1188	GNRPGSVIRVY		psite	552
ENSP00000263881	MAP4K3	24	IQRIGSGTYGD		psite	965
ENSP00000263881	MAP4K3	170	IAKRKSFIGTP	MAP4K3	psite	965
ENSP00000308383	LSP1	204	IDRTESLNRSI	MAPKAPK2	hprd;pelm;psite	565
ENSP00000308383	LSP1	252	LARQASIELPS	MAPKAPK2	hprd;pelm;psite	565
ENSP00000302486	MAP2K1	298	PGRPLSSYGMD	PAK1	hprd;pelm;psite	985
ENSP00000262948	MAP2K2	306	PGRPVSGHGMD		psite	927
ENSP00000262445	MAP2K4	78	IERLRTHSIES		psite	999
ENSP00000262445	MAP2K4	80	RLRTHSIESSG	AKT1	hprd;pelm;psite	999
ENSP00000309597	MAP3K11	493	GGERISMPLDF		hprd;psite	907
ENSP00000309597	MAP3K11	738	EPRGGTVSPPP		hprd;psite	907
ENSP00000300659	NFATC3	204	AAARFTLGSPL	CSNK1A1	hprd;pelm;psite	899
ENSP00000300659	NFATC3	268	PSSRPTSPCGK		psite	899
ENSP00000300659	NFATC3	277	GKRRHSSAEVC		psite	899
ENSP00000300659	NFATC3	344	KTRKTSEDQAA		psite	899
ENSP00000300659	NFATC3	371	SPARETSIDDG		psite	899
ENSP00000300659	NFATC3	372	PARETSIDDGL		psite	899
ENSP00000300659	NFATC3	415	PIFRTSSLPPL		psite	899
ENSP00000300659	NFATC3	416	IFRTSSLPPLD		psite	899
ENSP00000300659	NFATC3	546	LKLRNSDIELR		psite	899
ENSP00000300659	NFATC3	730	QTQRPSSDSGC		psite	899
ENSP00000300659	NFATC3	731	TQRPSSDSGCS		psite	899
ENSP00000300659	NFATC3	1045	IGRDMSQISVS		psite	899
ENSP00000226574	NFKB1	338	QLRRKSDLETS	PRKACA	hprd;pelm;psite	829
ENSP00000226574	NFKB1	938	SFRKLSFTESL		psite	829
ENSP00000384273	RELA	276	QLRRPSDRELS	PIM1;PRKACA;RPS6KA4;RPS6KA5	hprd;pelm;psite	839
ENSP00000384273	RELA	281	SDRELSEPMEF		psite	839
ENSP00000384273	RELA	505	ITRLVTGAQRP		pelm;psite	839
ENSP00000229794	MAPK14	175	GLARHTDDEMT		hprd;psite	906
ENSP00000314067	PAK2	19	PPVRMSSTIFS	PAK2	hprd;psite	911
ENSP00000314067	PAK2	20	PVRMSSTIFST	PAK2;PRKAA2	hprd;psite	911
ENSP00000314067	PAK2	402	QSKRSTMVGTP	PAK2	hprd;psite	911
ENSP00000305355	PRKCB	364	SERKGTDELYA		psite	803
ENSP00000305355	PRKCB	634	FDRFFTRHPPV		psite	803
ENSP00000331602	PRKCD	43	TERGKTLVQKK		hprd;psite	800
ENSP00000331602	PRKCD	218	ANSRDTIFQKE	PRKCD	psite	800
ENSP00000331602	PRKCD	299	VTQRASRRSDS	PRKCD	hprd;pelm;psite	800
ENSP00000331602	PRKCD	302	RASRRSDSASS	PRKCD	hprd;pelm;psite	800
ENSP00000331602	PRKCD	304	SRRSDSASSEP	PRKCD	hprd;pelm;psite	800
ENSP00000331602	PRKCD	451	ELYRATFYAAE		psite	800
ENSP00000331602	PRKCD	506	GESRASTFCGT		hprd;psite	800
ENSP00000331602	PRKCD	507	ESRASTFCGTP	PDK1;PDPK1	hprd;pelm;psite	800
ENSP00000331602	PRKCD	645	EKARLSYSDKN	PRKCD	hprd;pelm;psite	800
ENSP00000348461	RAC1	71	RLRPLSYPQTV	AKT1	hprd;psite	914
ENSP00000251849	RAF1	43	YQRRASDDGKL	PRKACA;PRKCA	hprd;pelm;psite	633
ENSP00000251849	RAF1	220	RRMRESVSRMP		psite	633
ENSP00000251849	RAF1	233	SQHRYSTPHAF	PRKACA	hprd;pelm;psite	633
ENSP00000251849	RAF1	257	SQRQRSTSTPN		hprd;pelm;psite	633
ENSP00000251849	RAF1	258	QRQRSTSTPNV		hprd;pelm;psite	633
ENSP00000251849	RAF1	259	RQRSTSTPNVH	AKT1;PRKACA;RAF1	hprd;pelm;psite	633
ENSP00000251849	RAF1	285	AIRSHSESASP		psite	633
ENSP00000251849	RAF1	338	RGQRDSSYYWE	MAP2K1;PAK1;PAK3;RAF1	hprd;pelm;psite	633
ENSP00000251849	RAF1	339	GQRDSSYYWEI	PAK1	hprd;pelm;psite	633
ENSP00000251849	RAF1	357	STRIGSGSFGT		psite	633
ENSP00000251849	RAF1	497	VKSRWSGSQQV		psite	633
ENSP00000251849	RAF1	621	INRSASEPSLH	PRKACA;RAF1	hprd;pelm;psite	633
ENSP00000259808	RIPK1	320	VKRMQSLQLDC		hprd;pelm;psite	906
ENSP00000259808	RIPK1	416	RRRRVSHDPFA		psite	906
ENSP00000262160	SMAD2	417	CTIRMSFVKGW		psite	906
ENSP00000358335	MAP3K7	367	ESGRLSLGASR		psite	907
ENSP00000358335	MAP3K7	389	EGKRMSADMSE		hprd;pelm;psite	907
ENSP00000358335	MAP3K7	439	QPRRRSIQDLT		hprd;pelm;psite	907
ENSP00000379612	TAX1BP1	123	FQFRASSPVEE		psite	555
ENSP00000379612	TAX1BP1	225	FKKRFSDATSK		hprd;psite	555
ENSP00000379612	TAX1BP1	666	PVRVPSWGLED		psite	555
ENSP00000379612	TAX1BP1	683	PARNFSRPDGL		psite	555
ENSP00000399511	TNIK	187	VGRRNTFIGTP		psite	899
ENSP00000399511	TNIK	560	VANRISDPNLP		hprd;psite	899
ENSP00000399511	TNIK	570	PPRSESFSISG		psite	899
ENSP00000399511	TNIK	640	MPRQNSDPTSE	TNIK	hprd;pelm;psite	899
ENSP00000399511	TNIK	677	VPQRTTSISPA		hprd;psite	899
ENSP00000399511	TNIK	678	PQRTTSISPAL		hprd;pelm;psite	899
ENSP00000399511	TNIK	701	GPRLGSQPIRA		hprd;psite	899
ENSP00000399511	TNIK	707	QPIRASNPDLR		hprd;psite	899
ENSP00000399511	TNIK	764	RVRANSKSEGS		hprd;pelm;psite	899
ENSP00000399511	TNIK	795	PSRPASYKKAI		psite	899
ENSP00000399511	TNIK	902	ISREGTLMIRE		psite	899
ENSP00000341268	TRADD	215	VNRPLSLKDQQ		psite	918
ENSP00000247668	TRAF2	55	GHRYCSFCLAS	PRKCZ	psite	972
ENSP00000247668	TRAF2	274	LQRCESLEKKT		psite	972
ENSP00000261464	TRAF5	19	FIRQNSGNSIS		psite	478
ENSP00000221132	TNFRSF10A	424	TGRNASIHTLL		hprd;psite	899
ENSP00000344818	UBC	57	DGRTLSDYNIQ		hprd;psite	879
ENSP00000347858	XIAP	32	FNRLKTFANFP		psite	430
ENSP00000262013	SPAG9	244	QPRSHTSLKVS		pelm	552
ENSP00000394352	DIXDC1	185	YRQRNSSMDEE		hprd;pelm	461
ENSP00000226574	NFKB1	922	DELRDSDSVCD	CHUK	hprd	829
ENSP00000347858	XIAP	356	CLVRTTEKTPS		hprd	430
ENSP00000229794	MAPK14	298	SDKRITAAQAL		hprd	906
ENSP00000346300	CRKL	41	FLVRDSSTCPG		hprd	899
ENSP00000005340	DVL2	222	MSRFSSSTEQS		hprd	621
ENSP00000302625	AXIN2	630	ESERQSKPKPH		hprd	413
ENSP00000263881	MAP4K3	661	LPRKFSVSAKI		hprd	965
ENSP00000399511	TNIK	726	PLQRTSSGSSS		hprd	899
ENSP00000399511	TNIK	547	RLNRQSSPAMP		hprd	899
ENSP00000399511	TNIK	1034	NIRPHSDTPEI		hprd	899
