name	MAP3K11
id	ENSP00000309597
type	Serine/threonine kinase
proline+1_removed	Yes
npartners	65
npartners_with_sites	53
nsites	151
//
motif	score	fg_matches	fg_size	bg_matches	bg_size	fold_increase
....V[ST].P.V.	36.17	12	503	2	9383	111.92
K..K.[ST].P...	30.13	13	423	2	8898	136.73
..R..[ST].....	12.66	68	491	483	9381	2.69
.....[ST]....K	6.3	48	410	479	8896	2.17
//
prot_id	prot_name	position	flank	kinase	source	string_score
ENSP00000367263	AHNAK	135	KPRLKSEDGVE		hprd;psite	792
ENSP00000367263	AHNAK	158	VTRRVTAYTVD	AURKB	psite	792
ENSP00000367263	AHNAK	176	KDIDISSPEFK		psite	792
ENSP00000367263	AHNAK	210	VIRLPSGSGAA		hprd;psite	792
ENSP00000367263	AHNAK	332	AGLRVSAPEVS		psite	792
ENSP00000367263	AHNAK	590	GGVDVTLPRVE		hprd;psite	792
ENSP00000367263	AHNAK	637	KMPTFSTPGAK		psite	792
ENSP00000367263	AHNAK	658	PKGDISISGPK		psite	792
ENSP00000367263	AHNAK	758	KMPKFSVPGFK		psite	792
ENSP00000367263	AHNAK	819	KVPKISMPDVD		psite	792
ENSP00000367263	AHNAK	839	GEYDVTMPKVE		psite	792
ENSP00000367263	AHNAK	886	KMPKFSMPGFK		psite	792
ENSP00000367263	AHNAK	1007	KMPKFSMPSLK		hprd;psite	792
ENSP00000367263	AHNAK	1158	ADVVVSGPKVD		psite	792
ENSP00000367263	AHNAK	1196	KTPKISMPDVD		psite	792
ENSP00000367263	AHNAK	1263	KMPKFSMPGFK		psite	792
ENSP00000367263	AHNAK	1286	ADIDVSGPKVD		psite	792
ENSP00000367263	AHNAK	1391	KMPKFSMPGFK		psite	792
ENSP00000367263	AHNAK	1445	KMPEMSIKPQK		psite	792
ENSP00000367263	AHNAK	1472	GDYDVTVPKVE		psite	792
ENSP00000367263	AHNAK	1654	KAPKISMPDVD		psite	792
ENSP00000367263	AHNAK	1674	GDMDVSVPKVE		psite	792
ENSP00000367263	AHNAK	2080	ADVVVSGPKVD		psite	792
ENSP00000367263	AHNAK	2580	KAPKISMPDFD		psite	792
ENSP00000367263	AHNAK	2670	ADIDVSGPKVD		psite	792
ENSP00000367263	AHNAK	2708	KAPKISMPDID		psite	792
ENSP00000367263	AHNAK	2775	KMPKISMPGFK		psite	792
ENSP00000367263	AHNAK	2845	IDLNLTGPKIK		hprd;psite	792
ENSP00000367263	AHNAK	3054	ADLDVSGPKVD		hprd;psite	792
ENSP00000367263	AHNAK	3112	GDMDVSLPKVE		psite	792
ENSP00000367263	AHNAK	3182	ADLDVSGPKVD		psite	792
ENSP00000367263	AHNAK	3220	KAPKISMPDLD		psite	792
ENSP00000367263	AHNAK	3409	KMPFLSISSPK		hprd;psite	792
ENSP00000367263	AHNAK	3483	KMPKFSVSGLK		psite	792
ENSP00000367263	AHNAK	3746	KAPKISMPDID		psite	792
ENSP00000367263	AHNAK	4092	ADIDVSGPKVD		psite	792
ENSP00000367263	AHNAK	4684	ADIDVSGPKVD		hprd;psite	792
ENSP00000367263	AHNAK	4715	KMPEMSIKAPK		psite	792
ENSP00000367263	AHNAK	4722	KAPKISMPDID		psite	792
ENSP00000367263	AHNAK	4850	KAPKISIPDVD		psite	792
ENSP00000367263	AHNAK	4870	GDFDVSVPKVE		psite	792
ENSP00000367263	AHNAK	4900	PDAKLSGPSLK		hprd;psite	792
ENSP00000367263	AHNAK	5031	PKIHMSGPKIK		hprd;psite	792
ENSP00000367263	AHNAK	5195	SAPQVSIPDVN		psite	792
ENSP00000367263	AHNAK	5237	KFPKFSMPKIG		psite	792
ENSP00000367263	AHNAK	5318	GDLDASVPSMK		psite	792
ENSP00000367263	AHNAK	5332	PGLNLSGVGGK		hprd;psite	792
ENSP00000367263	AHNAK	5369	TLRGPSLQGDL		psite	792
ENSP00000367263	AHNAK	5400	EASEGSIKLPK		hprd;psite	792
ENSP00000367263	AHNAK	5519	PTGQISGPEIK		hprd;psite	792
ENSP00000367263	AHNAK	5657	GSGKVTFPKMK		psite	792
ENSP00000367263	AHNAK	5720	PKFNFSKPKGK		psite	792
ENSP00000367263	AHNAK	5735	GSPEASISGSK		hprd;pelm;psite	792
ENSP00000367263	AHNAK	5739	ASISGSKGDLK		hprd;pelm;psite	792
ENSP00000367263	AHNAK	5762	AEAEASSPKGK		hprd;psite	792
ENSP00000367263	AHNAK	5769	PKGKFSLFKSK		hprd;psite	792
ENSP00000367263	AHNAK	5780	KPRHRSNSFSD		hprd;pelm;psite	792
ENSP00000367263	AHNAK	5782	RHRSNSFSDER		hprd;pelm;psite	792
ENSP00000367263	AHNAK	5790	DEREFSGPSTP		hprd;psite	792
ENSP00000367263	AHNAK	5854	QGSGVSLASKK		hprd;psite	792
ENSP00000367263	AHNAK	5864	KSRLSSSSSND		hprd;psite	792
ENSP00000270202	AKT1	72	RPRPNTFIIRC	AKT1	psite	729
ENSP00000270202	AKT1	246	RERVFSEDRAR	AKT1	psite	729
ENSP00000315325	ARHGEF2	95	RERPSSAIYPS		psite	899
ENSP00000315325	ARHGEF2	115	SRRGRSSLSLA		psite	899
ENSP00000315325	ARHGEF2	116	RRGRSSLSLAK		hprd;psite	899
ENSP00000315325	ARHGEF2	145	LRRILSQSTDS	CHEK1	hprd;psite	899
ENSP00000315325	ARHGEF2	157	NMRNRTLSVES		psite	899
ENSP00000315325	ARHGEF2	159	RNRTLSVESLI		psite	899
ENSP00000315325	ARHGEF2	267	HTRFLSQLLER		psite	899
ENSP00000315325	ARHGEF2	617	LFRSESLESPR		hprd;pelm;psite	899
ENSP00000315325	ARHGEF2	691	LCRADSDSSQR		psite	899
ENSP00000315325	ARHGEF2	754	LCRANSRDGEA		hprd;psite	899
ENSP00000315325	ARHGEF2	858	DPRRRSLPAGD	MARK2;PAK1;PAK4	hprd;psite	899
ENSP00000305422	CEBPB	288	IAVRKSRDKAK	PRKACA	hprd;pelm;psite	899
ENSP00000305422	CEBPB	325	LSRELSTLRNL	CAMK2A	hprd;pelm;psite	899
ENSP00000279247	CAPN1	379	TWRRGSTAGGC		pelm;psite	420
ENSP00000309629	CFL1	8	SGVAVSDGVIK		hprd;psite	427
ENSP00000309629	CFL1	24	KVRKSSTPEEV	PRKCA	hprd;psite	427
ENSP00000309629	CFL1	91	DATYETKESKK		psite	427
ENSP00000286301	CSF1R	713	YVRRDSGFSSQ		psite	409
ENSP00000310935	FKBP2	23	AVATATGAEGK		psite	792
ENSP00000310170	FOSL1	252	AHRKSSSSSGD		psite	790
ENSP00000357656	FYN	21	EERDGSLNQSS	PRKACA	hprd;pelm;psite	902
ENSP00000294066	MAP4K2	8	LLRDVSLQDPR		psite	707
ENSP00000294066	MAP4K2	328	AERTPSEIQFH		pelm;psite	707
ENSP00000204726	GOLGA3	185	KTRLFSTLDPE		psite	844
ENSP00000204726	GOLGA3	389	RSRRDSICSSV		hprd;psite	844
ENSP00000204726	GOLGA3	465	QQRQDSLSSEV		psite	844
ENSP00000204726	GOLGA3	878	RKRLDSELKEL		psite	844
ENSP00000204726	GOLGA3	983	MRRLGSDLTSA		psite	844
ENSP00000222330	GSK3A	19	SGRARTSSFAE		hprd;pelm;psite	701
ENSP00000222330	GSK3A	21	RARTSSFAEPG	AKT1;PRKACA;PRKCA;PRKCB;PRKCD;PRKCG;PRKCH;RPS6KA3	hprd;pelm;psite	701
ENSP00000380066	MAP4K1	171	LARRLSFIGTP	PRKD1	pelm;psite	980
ENSP00000380066	MAP4K1	320	PRRIRSTHRSS		psite	980
ENSP00000380066	MAP4K1	326	THRSSSLGIPD		psite	980
ENSP00000380066	MAP4K1	366	PRDLRSSSPRK		hprd;pelm;psite	980
ENSP00000380066	MAP4K1	407	KFRSPSDEGPG	MAP4K1	hprd;pelm;psite	980
ENSP00000380066	MAP4K1	430	LVRCASGPPPN		psite	980
ENSP00000356713	IFNGR1	295	VVRSATLETKP		psite	899
ENSP00000356713	IFNGR1	298	SATLETKPESK		psite	899
ENSP00000359424	CHUK	23	RERLGTGGFGN	AKT1;AKT2	hprd;pelm;psite	621
ENSP00000343204	JAK1	333	KPNVVSVEKEK		psite	899
ENSP00000343204	JAK1	1107	TRLVNTLKEGK		hprd;psite	899
ENSP00000241014	MAPK8IP1	195	DRVSRSSSPLK		hprd;pelm;psite	989
ENSP00000241014	MAPK8IP1	241	PCRRSTATQMA		psite	989
ENSP00000241014	MAPK8IP1	471	SGRSRSSSAES		pelm;psite	989
ENSP00000241014	MAPK8IP1	473	RSRSSSAESFG		pelm;psite	989
ENSP00000250894	MAPK8IP3	364	LDRTGSSPTQG	ROCK1	psite	918
ENSP00000250894	MAPK8IP3	1004	KDSVLSLVHVK		psite	918
ENSP00000360266	JUN	249	PIDMESQERIK	CSNK2A1;PRKDC	hprd;pelm;psite	603
ENSP00000247986	KIF17	460	NLRKETEAVLQ		psite	587
ENSP00000368020	KIF3A	687	GRRKRSAKPET		hprd;pelm;psite	587
ENSP00000364864	KIF3B	157	IRDLLSKDQTK		psite	587
ENSP00000354560	KIFAP3	60	IIRLKSLNANT		hprd;psite	587
ENSP00000303634	LRP8	870	VYRKTTEEEDE		psite	899
ENSP00000330572	MAPK8IP2	246	GGRRSSQELSS		psite	953
ENSP00000382423	MAP3K1	1016	PCRIPSASPQT		psite	907
ENSP00000382423	MAP3K1	1026	TQRKFSLQFHR		psite	907
ENSP00000337088	MEN1	492	GPRRESKPEEP		hprd;psite	675
ENSP00000337088	MEN1	557	EGPVLTFQSEK		psite	675
ENSP00000337088	MEN1	588	QLTAQSQVQMK		psite	675
ENSP00000344666	NF2	10	IASRMSFSSLK	PRKACA	psite	931
ENSP00000344666	NF2	518	DMKRLSMEIEK	PAK1;PAK2;PRKACA	hprd;pelm;psite	931
ENSP00000344666	NF2	581	TIKKLTLQSAK		psite	931
ENSP00000262445	MAP2K4	78	IERLRTHSIES		psite	742
ENSP00000262445	MAP2K4	80	RLRTHSIESSG	AKT1	hprd;pelm;psite	742
ENSP00000384273	RELA	276	QLRRPSDRELS	PIM1;PRKACA;RPS6KA4;RPS6KA5	hprd;pelm;psite	734
ENSP00000384273	RELA	281	SDRELSEPMEF		psite	734
ENSP00000384273	RELA	505	ITRLVTGAQRP		pelm;psite	734
ENSP00000270861	PLK4	378	LRRAYSSDRSG		psite	419
ENSP00000270861	PLK4	401	MERCHSAEMLS		hprd;psite	419
ENSP00000270861	PLK4	591	TLRSITSPLVA		psite	419
ENSP00000348461	RAC1	180	ECSALTQRGLK		psite	974
ENSP00000348461	RAC1	71	RLRPLSYPQTV	AKT1	hprd;psite	974
ENSP00000304283	RAC3	161	ECSALTQRGLK		psite	467
ENSP00000366607	SF1	20	KKRKRSRWNQD	PRKG1	hprd;pelm;psite	404
ENSP00000247668	TRAF2	22	PGFSKTLLGTK		hprd;psite	682
ENSP00000247668	TRAF2	26	KTLLGTKLEAK		psite	682
ENSP00000247668	TRAF2	55	GHRYCSFCLAS	PRKCZ	psite	682
ENSP00000247668	TRAF2	274	LQRCESLEKKT		psite	682
ENSP00000344818	UBC	57	DGRTLSDYNIQ		hprd;psite	718
ENSP00000367263	AHNAK	5397	LSLEASEGSIK		hprd;pelm	792
ENSP00000279247	CAPN1	380	WRRGSTAGGCR		pelm	420
ENSP00000279247	CAPN1	360	PDALKSRTIRK		pelm	420
ENSP00000337088	MEN1	598	KKQKVSTPSDY		hprd	675
ENSP00000367263	AHNAK	1123	QGLDWSLKIPK		hprd	792
ENSP00000367263	AHNAK	613	PKVDVSAPDVE		hprd	792
ENSP00000367263	AHNAK	508	QDVDLSLGSPK		hprd	792
ENSP00000367263	AHNAK	5807	EGGEVSLEGGK		hprd	792
ENSP00000284637	SH3RF1	567	AAHIQTSPQAK		hprd	703
