name	MAP4K1
id	ENSP00000380066
type	Serine/threonine kinase
proline+1_removed	Yes
npartners	43
npartners_with_sites	37
nsites	61
//
motif	score	fg_matches	fg_size	bg_matches	bg_size	fold_increase
..R..[ST].....	13.3	61	400	483	9383	2.96
//
prot_id	prot_name	position	flank	kinase	source	string_score
ENSP00000361423	ABL1	69	AARWNSKENLL		hprd;psite	875
ENSP00000361423	ABL1	197	HYRINTASDGK	LATS2	psite	875
ENSP00000361423	ABL1	408	LSRLMTGDTYT		psite	875
ENSP00000361423	ABL1	639	PKRSSSFREMD		hprd;psite	875
ENSP00000361423	ABL1	719	SSRLATGEEEG		psite	875
ENSP00000361423	ABL1	737	FLRSCSASCVP		hprd;psite	875
ENSP00000361423	ABL1	754	EWRSVTLPRDL	CLK1;CLK4;MAP3K8;STK3;STK4;TTK	hprd;pelm;psite	875
ENSP00000361423	ABL1	842	LRRQVTVAPAS		psite	875
ENSP00000361423	ABL1	16	DQRRPSLPALH		psite	875
ENSP00000380150	CARD11	116	PTRRFSTIVVE	CAMK2A	psite	681
ENSP00000380150	CARD11	117	TRRFSTIVVEE		psite	681
ENSP00000380150	CARD11	558	PPRSRSSIMSI	MAP4K1	psite	681
ENSP00000380150	CARD11	644	MFRKFSLERPF		psite	681
ENSP00000311032	CASP3	150	GDRCRSLTGKP	MAPK14	pelm;psite	668
ENSP00000011653	CD4	440	IKRLLSEKKTC	PRKCA	psite	910
ENSP00000300574	CRK	41	LVRDSSTSPGD		hprd;psite	999
ENSP00000300574	CRK	125	RSRQGSGVILR		hprd;psite	999
ENSP00000300574	CRK	194	KYRPASASVSA		hprd;psite	999
ENSP00000346300	CRKL	42	LVRDSSTCPGD		hprd;psite	999
ENSP00000292385	DBN1	322	NHRPGSHLDSH		psite	581
ENSP00000292385	DBN1	341	PTRSPSDSSTA		hprd;pelm;psite	581
ENSP00000275493	EGFR	678	IVRKRTLRRLL	PKN1;PKN3;PRKCA;PRKCD	hprd;pelm;psite	637
ENSP00000275493	EGFR	1071	LQRYSSDPTGA	CAMK2G	hprd;pelm;psite	637
ENSP00000339186	GRAP2	187	MNRKLSDHPPT		psite	997
ENSP00000339186	GRAP2	236	ERRGGSLDIND		psite	997
ENSP00000339186	GRAP2	262	MHRRHTDPVQL		hprd;pelm;psite	997
ENSP00000241014	MAPK8IP1	241	PCRRSTATQMA		psite	821
ENSP00000241014	MAPK8IP1	471	SGRSRSSSAES		pelm;psite	821
ENSP00000241014	MAPK8IP1	473	RSRSSSAESFG		pelm;psite	821
ENSP00000354119	LAT	96	SHRTPSSRRDS		psite	683
ENSP00000354119	LAT	101	SSRRDSDGANS		hprd;pelm;psite	683
ENSP00000337825	LCK	42	LIRNGSEVRDP	MAPK1;MAPK3;PRKACA;PRKCA	hprd;pelm;psite	953
ENSP00000337825	LCK	210	LVRHYTNASDG		psite	953
ENSP00000330572	MAPK8IP2	246	GGRRSSQELSS		psite	805
ENSP00000382423	MAP3K1	1016	PCRIPSASPQT		psite	911
ENSP00000382423	MAP3K1	1026	TQRKFSLQFHR		psite	911
ENSP00000226951	CLNK	338	LVRDCSTKSKE		psite	842
ENSP00000309597	MAP3K11	738	EPRGGTVSPPP		hprd;psite	980
ENSP00000288986	NCK1	61	VERKNSARKAS		psite	951
ENSP00000288986	NCK1	66	SARKASIVKNL		psite	951
ENSP00000288986	NCK1	85	VKRKPSVPDSA		hprd;pelm;psite	951
ENSP00000288986	NCK1	347	GQRKFSTMEEL		psite	951
ENSP00000233154	NCK2	61	VERKNSLKKGS		psite	577
ENSP00000280154	PDCD4	67	RLRKNSSRDSG	AKT1;RPS6KB1	pelm;psite	864
ENSP00000280154	PDCD4	76	SGRGDSVSDSG		hprd;pelm;psite	864
ENSP00000280154	PDCD4	313	GKRKDSVWGSG		hprd;psite	864
ENSP00000280154	PDCD4	457	RKRFVSEGDGG	AKT1	hprd;pelm;psite	864
ENSP00000333568	PRKD1	205	RRRRLSNVSLT	PKD1;PRKD1	hprd;pelm;psite	423
ENSP00000333568	PRKD1	219	TIRTSSAELST		pelm;psite	423
ENSP00000333568	PRKD1	249	EKRSNSQSYIG		hprd;pelm;psite	423
ENSP00000333568	PRKD1	421	TKRKSSTVMKE		psite	423
ENSP00000333568	PRKD1	448	YWRLDSKCITL		psite	423
ENSP00000334564	POLR3C	204	GKRRRSSDEDA		psite	899
ENSP00000334564	POLR3C	205	KRRRSSDEDAA		psite	899
ENSP00000401303	SHC1	139	WTRHGSFVNKP	PRKCA	hprd;pelm;psite	619
ENSP00000364898	SYK	178	ISREESEQIVL		psite	672
ENSP00000364898	SYK	295	ISRIKSYSFPK	CHEK1	psite	672
ENSP00000358335	MAP3K7	439	QPRRRSIQDLT		hprd;pelm;psite	961
ENSP00000344818	UBC	57	DGRTLSDYNIQ		hprd;psite	708
ENSP00000360916	VAV2	779	ASRASSRSPAS		pelm;psite	629
ENSP00000264972	ZAP70	286	QRRIDTLNSDG		psite	914
