name	MAPK13
id	ENSP00000211287
type	Serine/threonine kinase
proline+1_removed	No
npartners	119
npartners_with_sites	101
nsites	501
//
motif	score	fg_matches	fg_size	bg_matches	bg_size	fold_increase
...AK[ST]P.K..	636.94	14	1163	0	10000	Inf
..RR.[ST].....	316.2	21	793	18	9383	13.8
.....[ST]P....	307.65	356	1149	617	10000	5.02
..R..[ST].S...	22.14	29	772	51	9365	6.9
..R..[ST].....	8.48	68	674	414	8910	2.17
//
prot_id	prot_name	position	flank	kinase	source	string_score
ENSP00000219919	AQP9	222	PARDLSPRLFT	PRKCZ	hprd;pelm;psite	416
ENSP00000366244	ARAF	181	LNELLTPQGPS		hprd;psite	803
ENSP00000366244	ARAF	186	TPQGPSPRTQH		hprd;pelm;psite	803
ENSP00000366244	ARAF	212	LQRIRSTSTPN		hprd;pelm;psite	803
ENSP00000366244	ARAF	214	RIRSTSTPNVH		hprd;pelm;psite	803
ENSP00000366244	ARAF	215	IRSTSTPNVHM		hprd;pelm;psite	803
ENSP00000366244	ARAF	250	GSRGGSDGTPR		psite	803
ENSP00000366244	ARAF	253	GGSDGTPRGSP		hprd;psite	803
ENSP00000366244	ARAF	257	GTPRGSPSPAS		hprd;pelm;psite	803
ENSP00000366244	ARAF	259	PRGSPSPASVS		hprd;psite	803
ENSP00000366244	ARAF	269	SSGRKSPHSKS		hprd;psite	803
ENSP00000366244	ARAF	274	SPHSKSPAEQR		psite	803
ENSP00000366244	ARAF	318	LKRIGTGSFGT		psite	803
ENSP00000366244	ARAF	528	GRGYLSPDLSK		psite	803
ENSP00000366244	ARAF	547	MRRLLSDCLKF		psite	803
ENSP00000366244	ARAF	582	IERSASEPSLH		hprd;pelm;psite	803
ENSP00000262053	ATF1	63	LARRPSYRKIL	CAMK2G;CDK3;RPS6KA5	hprd;pelm;psite	736
ENSP00000262053	ATF1	198	TVVMTSPVTLT		hprd;pelm;psite	736
ENSP00000264110	ATF2	62	PARNDSVIVAD	VRK1	pelm;psite	974
ENSP00000264110	ATF2	69	IVADQTPTPTR	MAPK14;MAPK3;MAPK8;MAPK9;PLK3	hprd;pelm;psite	974
ENSP00000264110	ATF2	71	ADQTPTPTRFL	MAPK1;MAPK14;MAPK3;MAPK8;MAPK9;PLK3	hprd;pelm;psite	974
ENSP00000264110	ATF2	90	FNELASPFENE	MAPK14;MAPK8;MAPK9	hprd;psite	974
ENSP00000264110	ATF2	112	MPLDLSPLATP		hprd;pelm;psite	974
ENSP00000264110	ATF2	116	LSPLATPIIRS	CDK2	hprd;pelm;psite	974
ENSP00000264110	ATF2	136	TTHQDSPLPHP		psite	974
ENSP00000264110	ATF2	307	LVRTQSEESRP		psite	974
ENSP00000264110	ATF2	328	TETPASPAHTT		pelm;psite	974
ENSP00000264110	ATF2	333	SPAHTTPQTQS		psite	974
ENSP00000288602	BRAF	151	RSNPKSPQKPI	BRAF	hprd;pelm;psite	801
ENSP00000288602	BRAF	333	PQILTSPSPSK		hprd;pelm;psite	801
ENSP00000288602	BRAF	363	GQRDRSSSAPN		hprd;psite	801
ENSP00000288602	BRAF	365	RDRSSSAPNVH	AKT1;AKT3	hprd;pelm;psite	801
ENSP00000288602	BRAF	401	TGLSATPPASL	MAPK1;MAPK3	hprd;pelm;psite	801
ENSP00000288602	BRAF	419	KALQKSPGPQR	BRAF	hprd;pelm;psite	801
ENSP00000288602	BRAF	429	RERKSSSSSED	AKT1;AKT3	hprd;pelm;psite	801
ENSP00000288602	BRAF	440	RNRMKTLGRRD		hprd;pelm;psite	801
ENSP00000288602	BRAF	446	LGRRDSSDDWE	PAK1	hprd;pelm;psite	801
ENSP00000288602	BRAF	447	GRRDSSDDWEI		hprd;pelm;psite	801
ENSP00000288602	BRAF	465	GQRIGSGSFGT		psite	801
ENSP00000288602	BRAF	729	IHRSASEPSLN		hprd;pelm;psite	801
ENSP00000288602	BRAF	750	LYACASPKTPI	BRAF	hprd;pelm;psite	801
ENSP00000288602	BRAF	753	CASPKTPIQAG	MAPK1;MAPK3	psite	801
ENSP00000263168	CAPZA1	63	NMDQFTPVKIE		psite	659
ENSP00000356828	RCSD1	17	VDNSASPSVAQ		psite	732
ENSP00000356828	RCSD1	68	NGEEKSPPNAS		hprd;psite	732
ENSP00000356828	RCSD1	83	FKVKSSPLIEK		psite	732
ENSP00000356828	RCSD1	105	LLPGASPKSPG		psite	732
ENSP00000356828	RCSD1	108	GASPKSPGLKA		psite	732
ENSP00000356828	RCSD1	116	LKAMVSPFHSP		hprd;psite	732
ENSP00000356828	RCSD1	120	VSPFHSPPSTP		hprd;psite	732
ENSP00000356828	RCSD1	124	HSPPSTPSSPG		hprd;psite	732
ENSP00000356828	RCSD1	127	PSTPSSPGVRS		hprd;psite	732
ENSP00000356828	RCSD1	171	KRRPPSRRFRR		psite	732
ENSP00000356828	RCSD1	179	FRRSQSDCGEL	MAPKAPK2	hprd;psite	732
ENSP00000356828	RCSD1	216	SKAPGSPLSSE		hprd;psite	732
ENSP00000356828	RCSD1	242	PPLRRSPSRTE		psite	732
ENSP00000356828	RCSD1	244	LRRSPSRTEKQ	MAPKAPK2	psite	732
ENSP00000356828	RCSD1	268	KARRSSEEVDG		hprd;psite	732
ENSP00000356828	RCSD1	284	EEVPESPQTSG		psite	732
ENSP00000356828	RCSD1	298	ENRCGSPREEK		psite	732
ENSP00000356828	RCSD1	351	KETPHSPPGGV		hprd;psite	732
ENSP00000360797	CARD9	231	VERKHTLKLRH		psite	800
ENSP00000360797	CARD9	277	KLDRSSPYIQV		psite	800
ENSP00000360797	CARD9	460	LAGGGSPKQPF		hprd;pelm;psite	800
ENSP00000245960	CDC25B	42	HGLLGSPVRAA		psite	810
ENSP00000245960	CDC25B	50	RAAASSPVTTL		psite	810
ENSP00000245960	CDC25B	151	IRRFQSMPVRL		psite	810
ENSP00000245960	CDC25B	160	RLLGHSPVLRN	CDK1	hprd;pelm;psite	810
ENSP00000245960	CDC25B	167	VLRNITNSQAP		psite	810
ENSP00000245960	CDC25B	178	DGRRKSEAGSG		psite	810
ENSP00000245960	CDC25B	230	AQRPSSAPDLM	CHEK1	pelm;psite	810
ENSP00000245960	CDC25B	238	DLMCLSPDRKM		psite	810
ENSP00000245960	CDC25B	249	EVEELSPLALG	MAPK11	pelm;psite	810
ENSP00000245960	CDC25B	321	QRLFRSPSMPC	CDK1;MELK	hprd;psite	810
ENSP00000245960	CDC25B	323	LFRSPSMPCSV	MAPKAPK2;MELK	pelm;psite	810
ENSP00000245960	CDC25B	353	NKRRRSVTPPE	AURKA;MAPKAPK2;RPS6KA1	hprd;pelm;psite	810
ENSP00000245960	CDC25B	355	RRRSVTPPEEQ	RPS6KA1	hprd;pelm;psite	810
ENSP00000245960	CDC25B	375	VLRSKSLCHDE	BRSK1;MAPKAPK2	hprd;pelm;psite	810
ENSP00000245960	CDC25B	470	SFLLKSPIAPC		psite	810
ENSP00000245960	CDC25B	115	GLCMDSPSPMD	MAPK8	psite	810
ENSP00000245960	CDC25B	117	CMDSPSPMDPH	MAPK8	psite	810
ENSP00000340671	DDIT3	79	TSTSQSPHSPD	MAPK14	hprd;pelm;psite	838
ENSP00000340671	DDIT3	82	SQSPHSPDSSQ	MAPK14	hprd;pelm;psite	838
ENSP00000345281	DUSP22	58	IPAADSPSQNL		psite	847
ENSP00000358596	DUSP5	321	EILPSTPNPQP	MAPK1;MAPK3	psite	803
ENSP00000358596	DUSP5	346	HLQTLSPDMQG	MAPK1;MAPK3	psite	803
ENSP00000358596	DUSP5	376	SELSRSPVATA	MAPK1;MAPK3	psite	803
ENSP00000296483	DUSP7	315	VKRKKSNISPN		hprd;pelm;psite	801
ENSP00000296483	DUSP7	318	KKSNISPNFNF		pelm;psite	801
ENSP00000329539	DUSP8	395	LKRSFSLDIKS		psite	869
ENSP00000345853	DUSP9	16	LRRELSPPRPR		psite	864
ENSP00000345853	DUSP9	237	YILNVTPNLPN		psite	864
ENSP00000345853	DUSP9	325	VKRKKSNISPN		hprd;pelm;psite	864
ENSP00000345853	DUSP9	328	KKSNISPNFNF		pelm;psite	864
ENSP00000263026	EEF2K	18	VDGGQSPRAGH		hprd;pelm;psite	978
ENSP00000263026	EEF2K	74	YSSSGSPANSF	MTOR	hprd;pelm;psite	978
ENSP00000263026	EEF2K	359	EEKCGSPQVRT	CDK1;MAPK13	psite	978
ENSP00000263026	EEF2K	366	QVRTLSGSRPP	RPS6KA1;RPS6KB1;RPS6KB2	psite	978
ENSP00000263026	EEF2K	377	LLRPLSENSGD	MAPKAPK2;MAPKAPK3	hprd;pelm;psite	978
ENSP00000263026	EEF2K	396	DSLPSSPSSAT	EEF2K;MAPK11;MAPK13;MAPK14	hprd;pelm;psite	978
ENSP00000263026	EEF2K	401	SPSSATPHSQK		psite	978
ENSP00000247161	ELK1	304	GHAASSPEISQ		hprd;pelm;psite	800
ENSP00000247161	ELK1	324	LELPLSPSLLG		hprd;pelm;psite	800
ENSP00000247161	ELK1	353	PGPALTPSLLP		psite	800
ENSP00000247161	ELK1	363	PTHTLTPVLLT		psite	800
ENSP00000247161	ELK1	368	TPVLLTPSSLP		psite	800
ENSP00000247161	ELK1	383	FWSTLSPIAPR	MAPK1;MAPK14;MAPK3;RPS6KA5	hprd;pelm;psite	800
ENSP00000247161	ELK1	389	PIAPRSPAKLS	MAPK14;MAPK3	hprd;pelm;psite	800
ENSP00000247161	ELK1	417	VDGLSTPVVLS	PRPF4;PRPF4B	pelm;psite	800
ENSP00000247161	ELK1	422	TPVVLSPGPQK		psite	800
ENSP00000350681	ELK4	180	LAEKKSPQEPT		psite	800
ENSP00000350681	ELK4	185	SPQEPTPSVIK		psite	800
ENSP00000350681	ELK4	215	IGPSISPSSEE		hprd;psite	800
ENSP00000350681	ELK4	230	LETLVSPKLPS		psite	800
ENSP00000350681	ELK4	381	FWSTLSPVAPL		psite	800
ENSP00000350681	ELK4	387	PVAPLSPARLQ		psite	800
ENSP00000350681	ELK4	420	LDGPSTPGPFS		psite	800
ENSP00000350681	ELK4	425	TPGPFSPDLQK		psite	800
ENSP00000271450	FCGR2A	297	NPRAPTDDDKN		psite	800
ENSP00000306245	FOS	32	LSYYHSPADSF	MAPK7	psite	880
ENSP00000306245	FOS	232	LPEVATPESEE	MAPK1;MAPK3;MAPK7	hprd;pelm;psite	880
ENSP00000306245	FOS	325	LEPLCTPVVTC	MAPK1;MAPK3	hprd;pelm;psite	880
ENSP00000306245	FOS	331	PVVTCTPSCTA	MAPK1;MAPK3	hprd;pelm;psite	880
ENSP00000306245	FOS	362	AHRKGSSSNEP	PRKACA;RPS6KA1;RPS6KA3	hprd;pelm;psite	880
ENSP00000306245	FOS	374	SDSLSSPTLLA	MAPK1	hprd;pelm;psite	880
ENSP00000302707	FPR1	325	LERALTEDSTQ		psite	621
ENSP00000310170	FOSL1	74	TYPQYSPPQPR		pelm;psite	824
ENSP00000310170	FOSL1	101	PCEQISPEEEE		psite	824
ENSP00000310170	FOSL1	217	PEALHTPTLMT		psite	824
ENSP00000310170	FOSL1	223	PTLMTTPSLTP		psite	824
ENSP00000310170	FOSL1	230	SLTPFTPSLVF		psite	824
ENSP00000310170	FOSL1	240	FTYPSTPEPCA		psite	824
ENSP00000310170	FOSL1	252	AHRKSSSSSGD		psite	824
ENSP00000310170	FOSL1	265	SDPLGSPTLLA		hprd;psite	824
ENSP00000264716	FOSL2	19	RGSSGSPAHAE		hprd;pelm;psite	851
ENSP00000264716	FOSL2	83	RSHPYSPLPGL		hprd;pelm;psite	851
ENSP00000264716	FOSL2	120	RDEQLSPEEEE		hprd;pelm;psite	851
ENSP00000264716	FOSL2	200	PEERRSPPAPG		hprd;pelm;psite	851
ENSP00000264716	FOSL2	230	PLEEDSPSSSS		hprd;pelm;psite	851
ENSP00000264716	FOSL2	308	AHRRSSSSGDQ		hprd;pelm;psite	851
ENSP00000264716	FOSL2	320	SDSLNSPTLLA		hprd;psite	851
ENSP00000263791	EIF2AK4	230	ILHGGSPDFVG		hprd;pelm;psite	820
ENSP00000263791	EIF2AK4	254	RERQYSVCNSE		psite	820
ENSP00000263791	EIF2AK4	261	CNSEDSPGSCE		psite	820
ENSP00000263791	EIF2AK4	551	PLVEQSPEDSE		psite	820
ENSP00000263791	EIF2AK4	572	SNRLPSAAFFS		psite	820
ENSP00000263791	EIF2AK4	667	PAGPGTPPPDS		hprd;pelm;psite	820
ENSP00000356248	PTPN7	83	QERRGSNVALM	PRKACA	hprd;pelm;psite	800
ENSP00000356248	PTPN7	105	ICSVNTPREVT	MAPK1;MAPK14	hprd;pelm;psite	800
ENSP00000356248	PTPN7	132	QRQPPSPKQLE	MAPK1;MAPK14	hprd;pelm;psite	800
ENSP00000356248	PTPN7	149	PSNFVSPEDLD		psite	800
ENSP00000356248	PTPN7	182	LGRAQSQEDGD		psite	800
ENSP00000262013	SPAG9	203	KERPISLGIFP		hprd;pelm;psite	611
ENSP00000262013	SPAG9	217	GDGLLTPDAQK		hprd;pelm;psite	611
ENSP00000262013	SPAG9	226	QKGGETPGSEQ		hprd;pelm;psite	611
ENSP00000262013	SPAG9	251	LKVSNSPEPQK		psite	611
ENSP00000262013	SPAG9	292	TIPTDTPLKEE		hprd;pelm;psite	611
ENSP00000262013	SPAG9	329	ETRNVSTGSAE		hprd;pelm;psite	611
ENSP00000262013	SPAG9	348	AIIESTPELDM		hprd;psite	611
ENSP00000262013	SPAG9	365	YKGSSTPTKGI		hprd;psite	611
ENSP00000262013	SPAG9	586	PTSHVTPSVKK	CDK2	hprd;pelm;psite	611
ENSP00000262013	SPAG9	595	KKRSSTLSQLP		hprd;pelm;psite	611
ENSP00000262013	SPAG9	730	KQRSASQSSLD		hprd;pelm;psite	611
ENSP00000262013	SPAG9	1188	GNRPGSVIRVY		psite	611
ENSP00000262013	SPAG9	1238	PGQVISPQSSS		psite	611
ENSP00000262013	SPAG9	1264	EPGSQTPLKSM		hprd;pelm;psite	611
ENSP00000360266	JUN	63	SDLLTSPDVGL	CDK3;MAPK15;MAPK8;MAPK9;PLK3;PRKD1;VRK1	hprd;pelm;psite	860
ENSP00000360266	JUN	73	LLKLASPELER	CDK3;MAPK15;MAPK8;MAPK9;PLK3;VRK1	hprd;pelm;psite	860
ENSP00000360266	JUN	91	GHITTTPTPTQ	MAPK8	pelm;psite	860
ENSP00000360266	JUN	93	ITTTPTPTQFL	MAPK8;PAK2	pelm;psite	860
ENSP00000360266	JUN	239	EMPGETPPLSP	GSK3A;GSK3B	hprd;pelm;psite	860
ENSP00000360266	JUN	243	ETPPLSPIDME	CSNK2A1;GSK3A;GSK3B	hprd;pelm;psite	860
ENSP00000303315	JUNB	102	GVITTTPTPPG	MAPK14;MAPK8	hprd;pelm;psite	806
ENSP00000303315	JUNB	104	ITTTPTPPGQY	MAPK14;MAPK8	hprd;pelm;psite	806
ENSP00000303315	JUNB	255	RSRDATPPVSP	GSK3B	hprd;pelm;psite	806
ENSP00000303315	JUNB	259	ATPPVSPINME		hprd;pelm;psite	806
ENSP00000252818	JUND	71	AAPPPTPLRAD		psite	810
ENSP00000252818	JUND	90	DGLLASPDLGL		psite	810
ENSP00000252818	JUND	100	LLKLASPELER	MAPK8	hprd;pelm;psite	810
ENSP00000252818	JUND	117	GLVTTTPTSSQ		hprd;psite	810
ENSP00000252818	JUND	255	PSFGESPPLSP		hprd;pelm;psite	810
ENSP00000252818	JUND	259	ESPPLSPIDMD		hprd;pelm;psite	810
ENSP00000330572	MAPK8IP2	246	GGRRSSQELSS		psite	852
ENSP00000356070	MAPKAPK2	9	NSQGQSPPVPF	MAPK1	pelm;psite	921
ENSP00000356070	MAPKAPK2	25	PPQPPTPALPH	MAPK1;MAPK14	hprd;pelm;psite	921
ENSP00000356070	MAPKAPK2	222	HNSLTTPCYTP	MAPK1;MAPK14	hprd;pelm;psite	921
ENSP00000356070	MAPKAPK2	226	TTPCYTPYYVA		psite	921
ENSP00000356070	MAPKAPK2	272	HGLAISPGMKT	MAPK1;MAPK14	hprd;pelm;psite	921
ENSP00000356070	MAPKAPK2	334	TKVPQTPLHTS	MAPK1;MAPK14	hprd;pelm;psite	921
ENSP00000350639	MAPKAPK3	201	QNALQTPCYTP		psite	968
ENSP00000350639	MAPKAPK3	205	QTPCYTPYYVA		psite	968
ENSP00000350639	MAPKAPK3	251	TGQAISPGMKR		hprd;psite	968
ENSP00000350639	MAPKAPK3	313	MVVPQTPLHTA		psite	968
ENSP00000348273	MBP	26	TNRGESEKKRN		psite	690
ENSP00000348273	MBP	40	LSRTTSEDNEV		psite	690
ENSP00000348273	MBP	96	LIRLFSRDAPG		hprd;pelm;psite	690
ENSP00000348273	MBP	146	SQRHGSKYLAT	PRKCA	hprd;psite	690
ENSP00000348273	MBP	232	IVTPRTPPPSQ	MAPK1;MAPK3	hprd;pelm;psite	690
ENSP00000346389	MEF2A	98	HRGCDSPDPDT	MAPK14	hprd;pelm;psite	409
ENSP00000346389	MEF2A	108	TSYVLTPHTEE	MAPK14	hprd;pelm;psite	409
ENSP00000346389	MEF2A	192	LHRNVSPGAPQ	MAPK14	psite	409
ENSP00000346389	MEF2A	223	NGAGSSPVGNG	MAPK14	psite	409
ENSP00000346389	MEF2A	235	VNSRASPNLIG		hprd;pelm;psite	409
ENSP00000346389	MEF2A	255	VMPTKSPPPPG		hprd;pelm;psite	409
ENSP00000346389	MEF2A	304	TQPLATPVVSV	MAPK14;MAPK7	hprd;pelm;psite	409
ENSP00000346389	MEF2A	311	VVSVTTPSLPP	MAPK14;MAPK7	hprd;pelm;psite	409
ENSP00000346389	MEF2A	347	LQGFNSPGMLS	MAPK7	hprd;pelm;psite	409
ENSP00000346389	MEF2A	400	KSEPISPPRDR	CDK5;MAPK14	hprd;pelm;psite	409
ENSP00000346389	MEF2A	471	RGDFHSPIVLG	MAPK14	psite	409
ENSP00000346389	MEF2A	486	TEDRESPSVKR	MAPK14	psite	409
ENSP00000396219	MEF2C	82	ESRTNSDIVET		psite	889
ENSP00000396219	MEF2C	98	LNGCDSPDPDA		psite	889
ENSP00000396219	MEF2C	110	DSVGHSPESED		psite	889
ENSP00000396219	MEF2C	222	GNPRNSPGLLV		hprd;psite	889
ENSP00000396219	MEF2C	228	PGLLVSPGNLN		psite	889
ENSP00000396219	MEF2C	240	NMQAKSPPPMN		hprd;psite	889
ENSP00000396219	MEF2C	396	KSEPVSPPRDR	CDK1	hprd;pelm;psite	889
ENSP00000396219	MEF2C	445	RNEFHSPIGLT		psite	889
ENSP00000382423	MAP3K1	21	GARATSPEAGG		psite	802
ENSP00000382423	MAP3K1	154	PAAEPSPAAAP		psite	802
ENSP00000382423	MAP3K1	232	HLAAESPGEVQ		psite	802
ENSP00000382423	MAP3K1	242	QASAASPASKG		psite	802
ENSP00000382423	MAP3K1	250	SKGRRSPSPGN		psite	802
ENSP00000382423	MAP3K1	252	GRRSPSPGNSP		psite	802
ENSP00000382423	MAP3K1	275	RRKRVSPVPFQ		psite	802
ENSP00000382423	MAP3K1	285	QSGRITPPRRA		psite	802
ENSP00000382423	MAP3K1	292	PRRAPSPDGFS		pelm;psite	802
ENSP00000382423	MAP3K1	297	SPDGFSPYSPE		pelm;psite	802
ENSP00000382423	MAP3K1	300	GFSPYSPEETN		pelm;psite	802
ENSP00000382423	MAP3K1	507	SHELSSPVDSP		pelm;psite	802
ENSP00000382423	MAP3K1	511	SSPVDSPSSLR		pelm;psite	802
ENSP00000382423	MAP3K1	665	AMLVYTPCHSL		psite	802
ENSP00000382423	MAP3K1	1016	PCRIPSASPQT		psite	802
ENSP00000382423	MAP3K1	1018	RIPSASPQTQR		psite	802
ENSP00000382423	MAP3K1	1026	TQRKFSLQFHR		psite	802
ENSP00000382423	MAP3K1	1043	DSDKLSPVFTQ		psite	802
ENSP00000382423	MAP3K1	1114	DETVFTPVEEK		psite	802
ENSP00000382423	MAP3K1	1157	EVAVLSPEKAE		psite	802
ENSP00000375986	MAP3K4	63	DSACKSPESDL		psite	632
ENSP00000375986	MAP3K4	84	NLYGTSPPSTP		psite	632
ENSP00000375986	MAP3K4	431	VFEIPSPRPSK		hprd;psite	632
ENSP00000375986	MAP3K4	499	LERLESEDDSL		hprd;psite	632
ENSP00000375986	MAP3K4	1252	LSRHSSPTEER		psite	632
ENSP00000345083	MAP2K3	39	PAPNPTPPRNL		psite	919
ENSP00000351997	MAP2K6	28	PQTSSTPPRDL		hprd;pelm;psite	937
ENSP00000239223	DUSP1	296	RRSIISPNFSF	MAPK1	hprd;pelm;psite	850
ENSP00000239223	DUSP1	323	SAEAGSPAMAV	MAPK1	hprd;pelm;psite	850
ENSP00000239223	DUSP1	359	LSYLQSPITTS	MAPK1	hprd;pelm;psite	850
ENSP00000240100	DUSP4	359	GKTPATPTSQF		psite	841
ENSP00000240100	DUSP4	386	LPYLHSPITTS		psite	841
ENSP00000279488	DUSP6	159	SCSSSSPPLPV	MAPK1;MAPK3	hprd;pelm;psite	823
ENSP00000279488	DUSP6	174	GLRISSDSSSD	MAPK3	psite	823
ENSP00000279488	DUSP6	197	TDSDGSPLSNS	MAPK1;MAPK3	hprd;psite	823
ENSP00000279488	DUSP6	331	KKSNISPNFNF		hprd;pelm;psite	823
ENSP00000279488	DUSP6	351	TLGLSSPCDNR		hprd;psite	823
ENSP00000228862	DUSP16	401	LKRSFSLDIKS		psite	908
ENSP00000228862	DUSP16	446	KLCQFSPVQEL	MAPK1	hprd;pelm;psite	908
ENSP00000228862	DUSP16	501	QRSLLSPLHRS		hprd;pelm;psite	908
ENSP00000261991	RPS6KA5	212	TERAYSFCGTI	RPS6KA5	pelm;psite	836
ENSP00000261991	RPS6KA5	360	MDPTYSPAALP	MAPK1;MAPK14;MAPK3	pelm;psite	836
ENSP00000261991	RPS6KA5	581	NQPLKTPCFTL	MAPK1;MAPK14;MAPK3	hprd;pelm;psite	836
ENSP00000261991	RPS6KA5	700	SNPLMTPDILG		psite	836
ENSP00000261991	RPS6KA5	759	ETRSSSSESSH	CSNK2A1	psite	836
ENSP00000333896	RPS6KA4	196	KERTFSFCGTI	MAP2K1;MAPK14;RPS6KA4	hprd;pelm;psite	800
ENSP00000333896	RPS6KA4	343	LEPVYSPPGSP	MAP2K1;MAPK14	hprd;pelm;psite	800
ENSP00000333896	RPS6KA4	347	YSPPGSPPPGD	MAP2K1;MAPK14	hprd;pelm;psite	800
ENSP00000333896	RPS6KA4	542	LYADDTPGAPV		psite	800
ENSP00000333896	RPS6KA4	568	GVPMQTPCFTL	MAP2K1;MAPK14	hprd;pelm;psite	800
ENSP00000333896	RPS6KA4	682	GSARSSPPLRT		hprd;pelm;psite	800
ENSP00000333896	RPS6KA4	687	SPPLRTPDVLE	RPS6KA4	hprd;pelm;psite	800
ENSP00000333896	RPS6KA4	745	ASRRGSPAPAN		hprd;psite	800
ENSP00000262300	PKMYT1	17	MPTEGTPPPLS		hprd;pelm;psite	404
ENSP00000262300	PKMYT1	48	RPRGLSRSLPP		hprd;psite	404
ENSP00000262300	PKMYT1	71	LFPPRTPGWHQ		psite	404
ENSP00000262300	PKMYT1	94	SETLQSPGYDP		hprd;pelm;psite	404
ENSP00000262300	PKMYT1	143	VKRSMSPFRGP		hprd;pelm;psite	404
ENSP00000262300	PKMYT1	412	LGPPATPPGSP		psite	404
ENSP00000262300	PKMYT1	416	ATPPGSPPCSL		psite	404
ENSP00000262300	PKMYT1	441	LGPSLSPEAVL		psite	404
ENSP00000262300	PKMYT1	455	VGSTSTPRSRC		psite	404
ENSP00000262300	PKMYT1	461	PRSRCTPRDAL		psite	404
ENSP00000343479	NBR1	277	HSKYSTPRLPA		hprd;psite	433
ENSP00000343479	NBR1	658	VIRSLTLDAAP		pelm;psite	433
ENSP00000343479	NBR1	673	PCRQKSLQMTF		hprd;psite	433
ENSP00000379330	NFATC2	53	AHKVASPPSGP		psite	800
ENSP00000379330	NFATC2	110	GASGLSPRIEI		psite	800
ENSP00000379330	NFATC2	116	PRIEITPSHEL		psite	800
ENSP00000379330	NFATC2	148	AGVAASPRFTL		psite	800
ENSP00000379330	NFATC2	213	IPAHYSPRTSP		hprd;psite	800
ENSP00000379330	NFATC2	217	YSPRTSPIMSP		hprd;psite	800
ENSP00000379330	NFATC2	221	TSPIMSPRTSL		hprd;psite	800
ENSP00000379330	NFATC2	236	CLGRHSPVPRP		hprd;psite	800
ENSP00000379330	NFATC2	243	VPRPASRSSSP		hprd;psite	800
ENSP00000379330	NFATC2	247	ASRSSSPGAKR		psite	800
ENSP00000379330	NFATC2	255	AKRRHSCAEAL		psite	800
ENSP00000379330	NFATC2	326	KMWKTSPDPSP		hprd;pelm;psite	800
ENSP00000379330	NFATC2	330	TSPDPSPVSAA		hprd;pelm;psite	800
ENSP00000379330	NFATC2	363	GERRNSAPESI		hprd;psite	800
ENSP00000379330	NFATC2	585	VERQDTDSCLV		hprd;pelm;psite	800
ENSP00000379330	NFATC2	757	YQRSKSLSPSL		hprd;psite	800
ENSP00000379330	NFATC2	759	RSKSLSPSLLG		hprd;psite	800
ENSP00000379330	NFATC2	856	QGQRLSPGSYP		psite	800
ENSP00000327850	NFATC1	159	DPSCLSPASSL	MAPK10;MAPK14;MAPK3	psite	847
ENSP00000327850	NFATC1	220	CTLLGSPRHSP		hprd;psite	847
ENSP00000327850	NFATC1	248	SSRPASPCNKR		psite	847
ENSP00000327850	NFATC1	256	NKRKYSLNGRQ	PRKACA;PRKCA	hprd;pelm;psite	847
ENSP00000327850	NFATC1	657	NQRITSPVHVS		psite	847
ENSP00000388910	NFATC4	231	GGAFFSPSPGS	MAPK14	hprd;pelm;psite	800
ENSP00000388910	NFATC4	233	AFFSPSPGSSS	MAPK14	hprd;pelm;psite	800
ENSP00000388910	NFATC4	276	RFGLGSPLPSP	MAPK8;MAPK9	hprd;psite	800
ENSP00000388910	NFATC4	280	GSPLPSPRASP	MAPK8;MAPK9	hprd;psite	800
ENSP00000388910	NFATC4	289	SPRPWTPEDPW		psite	800
ENSP00000388910	NFATC4	327	SPRPASPCGKR		psite	800
ENSP00000388910	NFATC4	335	GKRRYSSSGTP		pelm;psite	800
ENSP00000388910	NFATC4	344	TPSSASPALSR	RPS6KA3	psite	800
ENSP00000388910	NFATC4	352	LSRRGSLGEEG	RPS6KA3	hprd;psite	800
ENSP00000388910	NFATC4	397	KTRRTSSEQAV		pelm;psite	800
ENSP00000388910	NFATC4	398	TRRTSSEQAVA		pelm;psite	800
ENSP00000388910	NFATC4	739	GRRKRSPTQSF	MAPK1;MAPK3;RPS6KA3	pelm;psite	800
ENSP00000300659	NFATC3	163	RESSLSPSPAS	MAPK9	hprd;pelm;psite	800
ENSP00000300659	NFATC3	165	SSLSPSPASSI	MAPK9	hprd;pelm;psite	800
ENSP00000300659	NFATC3	207	RFTLGSPLTSP	CSNK1A1	hprd;pelm;psite	800
ENSP00000300659	NFATC3	211	GSPLTSPGGSP	CSNK1A1	hprd;pelm;psite	800
ENSP00000300659	NFATC3	215	TSPGGSPGGCP	CSNK1A1	hprd;pelm;psite	800
ENSP00000300659	NFATC3	269	SSRPTSPCGKR		psite	800
ENSP00000300659	NFATC3	277	GKRRHSSAEVC		psite	800
ENSP00000300659	NFATC3	344	KTRKTSEDQAA		psite	800
ENSP00000300659	NFATC3	366	DQGSLSPARET		hprd;psite	800
ENSP00000300659	NFATC3	372	PARETSIDDGL		psite	800
ENSP00000300659	NFATC3	416	IFRTSSLPPLD		psite	800
ENSP00000300659	NFATC3	731	TQRPSSDSGCS		psite	800
ENSP00000300659	NFATC3	1045	IGRDMSQISVS		psite	800
ENSP00000300659	NFATC3	1063	QAPLPSPESLD		psite	800
ENSP00000396538	NFAT5	17	DLDLESPKSLY		hprd;psite	812
ENSP00000396538	NFAT5	138	SNRGVSEKQLT		psite	812
ENSP00000396538	NFAT5	153	QQHPSTPKRHT	CDK5	hprd;psite	812
ENSP00000396538	NFAT5	163	TVLYISPPPED		hprd;psite	812
ENSP00000396538	NFAT5	579	KKEISSPARPC		psite	812
ENSP00000311997	NEFH	61	SSVSASPSRFR		psite	800
ENSP00000311997	NEFH	503	EEETKSPPAEE	GSK3B	hprd;psite	800
ENSP00000311997	NEFH	511	AEEAASPEKEA		hprd;psite	800
ENSP00000311997	NEFH	518	EKEAKSPVKEE	MAPK1	hprd;psite	800
ENSP00000311997	NEFH	526	KEEAKSPAEAK	MAPK1	hprd;psite	800
ENSP00000311997	NEFH	532	PAEAKSPEKEE	MAPK1	hprd;psite	800
ENSP00000311997	NEFH	540	KEEAKSPAEVK		psite	800
ENSP00000311997	NEFH	546	PAEVKSPEKAK		hprd;psite	800
ENSP00000311997	NEFH	552	PEKAKSPAKEE		psite	800
ENSP00000311997	NEFH	560	KEEAKSPPEAK		psite	800
ENSP00000311997	NEFH	566	PPEAKSPEKEE		psite	800
ENSP00000311997	NEFH	594	KEEAKSPAEAK		psite	800
ENSP00000311997	NEFH	600	PAEAKSPEKAK		psite	800
ENSP00000311997	NEFH	606	PEKAKSPVKEE		hprd;psite	800
ENSP00000311997	NEFH	620	PAEAKSPVKEE		hprd;psite	800
ENSP00000311997	NEFH	628	KEEAKSPAEVK		hprd;psite	800
ENSP00000311997	NEFH	640	PEKAKSPTKEE		hprd;psite	800
ENSP00000311997	NEFH	648	KEEAKSPEKAK		hprd;psite	800
ENSP00000311997	NEFH	654	PEKAKSPEKEE		hprd;psite	800
ENSP00000311997	NEFH	662	KEEAKSPEKAK		hprd;psite	800
ENSP00000311997	NEFH	668	PEKAKSPVKAE		hprd;psite	800
ENSP00000311997	NEFH	676	KAEAKSPEKAK		hprd;psite	800
ENSP00000311997	NEFH	704	KEEAKSPEKAK		hprd;psite	800
ENSP00000311997	NEFH	732	KEEAKTPEKAK		hprd;psite	800
ENSP00000311997	NEFH	738	PEKAKSPVKEE		psite	800
ENSP00000311997	NEFH	752	PEKAKSPEKAK		hprd;psite	800
ENSP00000311997	NEFH	763	TLDVKSPEAKT		hprd;psite	800
ENSP00000311997	NEFH	776	KEEARSPADKF		psite	800
ENSP00000311997	NEFH	787	PEKAKSPVKEE		hprd;pelm;psite	800
ENSP00000311997	NEFH	795	KEEVKSPEKAK		hprd;pelm;psite	800
ENSP00000311997	NEFH	822	KEEVKSPVKEE		hprd;psite	800
ENSP00000311997	NEFH	905	KKKVPTPEKEA		psite	800
ENSP00000229794	MAPK14	241	LRLVGTPGAEL		psite	906
ENSP00000333685	MAPK11	243	VVGTPSPEVLA		hprd;psite	907
ENSP00000269305	TP53	33	ENNVLSPLPSQ	CDK5;CDK7;CDK9;MAPK14;PRKDC	hprd;pelm;psite	810
ENSP00000269305	TP53	46	DDLMLSPDDIE	ATM;CDK5;DYRK2;HIPK2;MAPK14;PRKCD;PRKDC	hprd;pelm;psite	810
ENSP00000269305	TP53	81	APAAPTPAAPA	MAPK8	hprd;psite	810
ENSP00000269305	TP53	150	LWVDSTPPPGT	CSNK2A1	psite	810
ENSP00000269305	TP53	315	NNTSSSPQPKK	AURKA;CDK1;CDK2;CDK9	hprd;pelm;psite	810
ENSP00000269305	TP53	366	GSRAHSSHLKS	CHEK2	hprd;psite	810
ENSP00000356505	NCF2	233	PPRPKTPEIFR	MAPK1	hprd;psite	899
ENSP00000307235	EIF2AK3	555	RQRKESETQCQ		psite	818
ENSP00000307235	EIF2AK3	715	EIIAPSPQRSR		hprd;psite	818
ENSP00000307235	EIF2AK3	802	RSRERTSSSIV		psite	818
ENSP00000307235	EIF2AK3	804	RERTSSSIVFE		psite	818
ENSP00000307235	EIF2AK3	1094	RQRSRSLSSSG		psite	818
ENSP00000307235	EIF2AK3	1096	RSRSLSSSGTK		psite	818
ENSP00000233057	EIF2AK2	83	EKKAVSPLLLT	EIF2AK2	hprd;pelm;psite	802
ENSP00000233057	EIF2AK2	456	TLRYMSPEQIS		hprd;pelm;psite	802
ENSP00000233057	EIF2AK2	542	TVWKKSPEKNE		hprd;psite	802
ENSP00000418447	PPP2CA	304	HVTRRTPDYFL		pelm;psite	850
ENSP00000221138	PPP2CB	304	HVTRRTPDYFL		psite	850
ENSP00000370113	PPP2R2A	167	LMVEASPRRIF		hprd;psite	806
ENSP00000370113	PPP2R2A	378	TKRDITLEASR		hprd;psite	806
ENSP00000325120	PGR	20	AGGPPSPEVGS		pelm;psite	800
ENSP00000325120	PGR	102	GGSSSSPPEKD		pelm;psite	800
ENSP00000325120	PGR	130	GQSQPSPPACE		pelm;psite	800
ENSP00000325120	PGR	162	TQRVLSPLMSR	CDK2	hprd;pelm;psite	800
ENSP00000325120	PGR	190	LPRGLSPARQL	CDK2	pelm;psite	800
ENSP00000325120	PGR	213	APVKPSPQAAA	CDK2	pelm;psite	800
ENSP00000325120	PGR	294	MAPGRSPLATT	CDK2;MAPK1;MAPK3	pelm;psite	800
ENSP00000325120	PGR	345	APPRSSPCASS		pelm;psite	800
ENSP00000325120	PGR	400	EASARSPRSYL	CDK2	pelm;psite	800
ENSP00000325120	PGR	549	YLRPDSEASQS		psite	800
ENSP00000325120	PGR	554	SEASQSPQYSF		psite	800
ENSP00000325120	PGR	676	QRFTFSPGQDI	CDK2	pelm;psite	800
ENSP00000283228	PTPRR	361	FVSIPTPREKV	MAPK1	hprd;psite	803
ENSP00000348461	RAC1	127	HHCPNTPIILV		psite	911
ENSP00000348461	RAC1	71	RLRPLSYPQTV	AKT1	hprd;psite	911
ENSP00000251849	RAF1	29	GSSCISPTIVQ	MAPK1	hprd;pelm;psite	800
ENSP00000251849	RAF1	43	YQRRASDDGKL	PRKACA;PRKCA	hprd;pelm;psite	800
ENSP00000251849	RAF1	234	QHRYSTPHAFT		psite	800
ENSP00000251849	RAF1	244	TFNTSSPSSEG		hprd;psite	800
ENSP00000251849	RAF1	257	SQRQRSTSTPN		hprd;pelm;psite	800
ENSP00000251849	RAF1	259	RQRSTSTPNVH	AKT1;PRKACA;RAF1	hprd;pelm;psite	800
ENSP00000251849	RAF1	260	QRSTSTPNVHM		hprd;pelm;psite	800
ENSP00000251849	RAF1	285	AIRSHSESASP		psite	800
ENSP00000251849	RAF1	289	HSESASPSALS	MAPK1;MAPK3	hprd;pelm;psite	800
ENSP00000251849	RAF1	296	SALSSSPNNLS	MAPK1;MAPK3	hprd;pelm;psite	800
ENSP00000251849	RAF1	301	SPNNLSPTGWS	MAPK1;MAPK3	hprd;pelm;psite	800
ENSP00000251849	RAF1	310	WSQPKTPVPAQ		psite	800
ENSP00000251849	RAF1	339	GQRDSSYYWEI	PAK1	hprd;pelm;psite	800
ENSP00000251849	RAF1	357	STRIGSGSFGT		psite	800
ENSP00000251849	RAF1	621	INRSASEPSLH	PRKACA;RAF1	hprd;pelm;psite	800
ENSP00000251849	RAF1	642	CTLTTSPRLPV	MAPK1	hprd;pelm;psite	800
ENSP00000220751	RIPK2	174	KWRMMSLSQSR		psite	801
ENSP00000220751	RIPK2	357	HENSGSPETSR		psite	801
ENSP00000220751	RIPK2	529	LVVSRSPSLNL		hprd;psite	801
ENSP00000220751	RIPK2	531	VSRSPSLNLLQ		hprd;pelm;psite	801
ENSP00000265960	MAPKAP1	84	GIRRRSNTAQR		psite	507
ENSP00000265960	MAPKAP1	86	RRRSNTAQRLE		psite	507
ENSP00000265960	MAPKAP1	270	VEKYSSPGLTS		hprd;psite	507
ENSP00000265960	MAPKAP1	510	LNRRTSFSFQK		hprd;pelm;psite	507
ENSP00000351342	PTPN5	245	QERRGSNVSLT		psite	800
ENSP00000351342	PTPN5	255	TLDMCTPGCNE		psite	800
ENSP00000351342	PTPN5	268	FGYLMSPREES		psite	800
ENSP00000410452	STMN1	25	FELILSPRSKE	CDK1;CDK2;MAPK13;MAPK3;PRKCB	hprd;pelm;psite	899
ENSP00000410452	STMN1	38	PEFPLSPPKKK	CDK1;CDK2;MAPK13;MAPK3;PAK1;PRKCB;UHMK1	hprd;pelm;psite	899
ENSP00000410452	STMN1	63	EERRKSHEAEV	CSNK2A1;PRKACA	hprd;pelm;psite	899
ENSP00000216160	TAB1	378	SQPTPSPAPAA		psite	824
ENSP00000216160	TAB1	431	TLDEATPTLTN	MAPK14	pelm;psite	824
ENSP00000216160	TAB1	438	TLTNQSPTLTL	MAPK14	pelm;psite	824
ENSP00000286332	TAB2	171	SLSQQTPRFNP		psite	800
ENSP00000286332	TAB2	372	VYIAASPPNTD		hprd;pelm;psite	800
ENSP00000286332	TAB2	423	ASRNMSGQVSM		psite	800
ENSP00000286332	TAB2	450	NNSATSPRVVV		hprd;psite	800
ENSP00000286332	TAB2	524	ETRKLSMGSDD		hprd;psite	800
ENSP00000286332	TAB2	582	LKRSNSISQIP		psite	800
ENSP00000288422	TAB3	60	YMEYHSPDDNR		hprd;pelm;psite	800
ENSP00000288422	TAB3	385	INRSPSPISNQ		psite	800
ENSP00000288422	TAB3	404	LYTATTPPSSS		hprd;psite	800
ENSP00000288422	TAB3	409	TPPSSSPSRGI		psite	800
ENSP00000288422	TAB3	444	CTPSPSPRVIP		psite	800
ENSP00000288422	TAB3	506	YQRSSSSGSDD		hprd;pelm;psite	800
ENSP00000288422	TAB3	645	KARRISVTSKV		hprd;psite	800
ENSP00000358335	MAP3K7	439	QPRRRSIQDLT		hprd;pelm;psite	810
ENSP00000345772	TEAD3	11	WNASSSPGEAR		psite	441
ENSP00000345772	TEAD3	148	KFSPPSPLPQA		hprd;psite	441
ENSP00000295314	TMOD4	55	RQRDQTKKSPT		psite	722
ENSP00000295314	TMOD4	58	DQTKKSPTGPL		psite	722
ENSP00000219473	USP10	14	IFGDFSPDEFN		hprd;psite	483
ENSP00000219473	USP10	24	NQFFVTPRSSV		hprd;psite	483
ENSP00000219473	USP10	74	DTLPRTPSYSI		hprd;psite	483
ENSP00000219473	USP10	76	LPRTPSYSISS		psite	483
ENSP00000219473	USP10	100	TASKITPDGIT		hprd;pelm;psite	483
ENSP00000219473	USP10	205	MPPSVTPRTCN		hprd;pelm;psite	483
ENSP00000219473	USP10	211	PRTCNSPQNST		hprd;pelm;psite	483
ENSP00000219473	USP10	226	DIVPDSPFPGA		hprd;pelm;psite	483
ENSP00000219473	USP10	355	KPSSSSPVAYV		hprd;pelm;psite	483
ENSP00000219473	USP10	365	VETKYSPPAIS		hprd;pelm;psite	483
ENSP00000219473	USP10	370	SPPAISPLVSE		hprd;pelm;psite	483
ENSP00000219473	USP10	547	LKKLLSPSNEK		hprd;psite	483
ENSP00000219473	USP10	718	SKELLSPGVKN		hprd;psite	483
ENSP00000264972	ZAP70	286	QRRIDTLNSDG		psite	815
ENSP00000264972	ZAP70	293	NSDGYTPEPAR		hprd;psite	815
ENSP00000264972	ZAP70	301	PARITSPDKPR		psite	815
ENSP00000264972	ZAP70	317	TSVYESPYSDP		psite	815
ENSP00000348273	MBP	299	DSRSGSPMARR	UHMK1	pelm	690
ENSP00000396219	MEF2C	192	THRPPSAGNTG	RPS6KA3	pelm	889
ENSP00000396219	MEF2C	293	AQSLATPVVSV	MAPK14	hprd;pelm	889
ENSP00000396219	MEF2C	300	VVSVATPTLPG	MAPK14	hprd;pelm	889
ENSP00000262300	PKMYT1	24	PPLSGTPIPVP		hprd;pelm	404
ENSP00000262013	SPAG9	276	GSKATTPASTA		hprd;pelm	611
ENSP00000262013	SPAG9	244	QPRSHTSLKVS		pelm	611
ENSP00000346389	MEF2A	445	QEMGRSPVDSL	MAPK14	hprd;pelm	409
ENSP00000288602	BRAF	335	ILTSPSPSKSI		hprd;pelm	801
ENSP00000264716	FOSL2	309	HRRSSSSGDQS		hprd;pelm	851
ENSP00000286332	TAB2	482	SPGVVSPTFEL		hprd;pelm	800
ENSP00000286332	TAB2	477	KPPAVSPGVVS		hprd;pelm	800
ENSP00000345853	DUSP9	372	PSFFTTPTSDG		hprd;pelm	864
ENSP00000348273	MBP	229	FKNIVTPRTPP		hprd	690
ENSP00000226004	DUSP3	133	YSRSPTLVIAY		hprd	800
ENSP00000379330	NFATC2	168	EPLCLSPASSG		hprd	800
ENSP00000379330	NFATC2	268	LPPGASPQRSR		hprd	800
ENSP00000379330	NFATC2	274	PQRSRSPSPQP		hprd	800
ENSP00000379330	NFATC2	276	RSRSPSPQPSS		hprd	800
ENSP00000264716	FOSL2	17	SSRGSSGSPAH		hprd	851
ENSP00000283228	PTPRR	339	QERRGSNVSLT	PRKACA	hprd	803
ENSP00000345772	TEAD3	145	LQNKFSPPSPL		hprd	441
ENSP00000307235	EIF2AK3	862	PPRPTTLSLDL		hprd	818
ENSP00000396538	NFAT5	667	NGSFSSPSSSH		hprd	812
ENSP00000388910	NFATC4	284	PSPRASPRPWT		hprd	800
ENSP00000263791	EIF2AK4	1040	FSQRISPAIDY		hprd	820
