name	MAPK3
id	ENSP00000263025
type	Serine/threonine kinase
proline+1_removed	No
npartners	373
npartners_with_sites	305
nsites	213
//
motif	score	fg_matches	fg_size	bg_matches	bg_size	fold_increase
...P.[ST]P..Q.	629.3	13	3404	0	10000	Inf
...P.[ST]PP...	333.84	23	3391	1	10000	67.83
..RR.[ST].....	319.62	46	2576	18	9383	9.31
..R..[ST].S...	317	74	2530	51	9365	5.37
R.R..[ST].....	313.82	39	2456	28	9314	5.28
//
prot_id	prot_name	position	flank	kinase	source	string_score
ENSP00000300161	YWHAB	60	GARRSSWRVIS	PRKCD	hprd;pelm;psite	907
ENSP00000248975	YWHAH	59	GARRSSWRVIS		pelm;psite	923
ENSP00000306330	YWHAG	59	GARRSSWRVIS	LATS2	psite	919
ENSP00000309503	YWHAZ	58	GARRSSWRVVS	AKT1;MAPKAPK2;PRKACA	hprd;pelm;psite	920
ENSP00000366244	ARAF	212	LQRIRSTSTPN		hprd;pelm;psite	816
ENSP00000366244	ARAF	214	RIRSTSTPNVH		hprd;pelm;psite	816
ENSP00000366244	ARAF	318	LKRIGTGSFGT		psite	816
ENSP00000295598	ATP1A1	943	KTRRNSVFQQG	PRKACA	psite	687
ENSP00000262030	ATP5B	21	ALRRLTPSASL		hprd;psite	619
ENSP00000309103	BAD	75	RSRHSSYPAGT	ARAF;BRAF;PAK1;PIM3;PRKACA;PRKCE;PRKCI;PRKCQ;PRKD1;RAF1;RPS6KA1;RPS6KA3	hprd;pelm;psite	912
ENSP00000309103	BAD	97	PFRGRSRSAPP		psite	912
ENSP00000309103	BAD	99	RGRSRSAPPNL	AKT1;ARAF;BRAF;PAK1;PRKACA;PRKCE;PRKCI;PRKCQ;PRKD1;RAF1;RPS6KA3	hprd;pelm;psite	912
ENSP00000309103	BAD	118	ELRRMSDEFVD	ARAF;BRAF;PAK1;PRKACA;PRKCE;PRKCI;PRKD1;RAF1;RPS6KA1	hprd;pelm;psite	912
ENSP00000288602	BRAF	363	GQRDRSSSAPN		hprd;psite	961
ENSP00000288602	BRAF	365	RDRSSSAPNVH	AKT1;AKT3	hprd;pelm;psite	961
ENSP00000288602	BRAF	429	RERKSSSSSED	AKT1;AKT3	hprd;pelm;psite	961
ENSP00000288602	BRAF	440	RNRMKTLGRRD		hprd;pelm;psite	961
ENSP00000288602	BRAF	446	LGRRDSSDDWE	PAK1	hprd;pelm;psite	961
ENSP00000288602	BRAF	465	GQRIGSGSFGT		psite	961
ENSP00000265523	BLVRA	230	RNRYLSFHFKS	MAPK3	hprd;pelm;psite	936
ENSP00000354826	CALD1	546	RRRGETESEEF		hprd;psite	837
ENSP00000295006	CAPN2	369	NWRRGSTAGGC	PRKACA	pelm;psite	918
ENSP00000295006	CAPN2	464	RERSDTFINLR		psite	918
ENSP00000381412	CAMK2A	333	KKRKSSSSVQL		psite	814
ENSP00000282356	CAMK4	341	SSRLGSASSSH	CAMK4	hprd;pelm;psite	800
ENSP00000160740	CIC	173	KRRTQSLSALP	RPS6KA1;RPS6KA3	hprd;pelm;psite	477
ENSP00000160740	CIC	277	KDRKKSSSEAK		hprd;psite	477
ENSP00000160740	CIC	299	ETRERSMSETG		hprd;psite	477
ENSP00000160740	CIC	301	RERSMSETGTA		hprd;psite	477
ENSP00000160740	CIC	356	RPRAFSHSGVH		psite	477
ENSP00000160740	CIC	605	RKRPESVGGLE		psite	477
ENSP00000351273	CASP8	322	RDRNGTHLDAG		psite	969
ENSP00000330237	CASP9	183	RTRTGSNIDCE	AKT1;PRKACA	hprd;pelm;psite	694
ENSP00000330237	CASP9	195	LRRRFSSLHFM	PRKACA	psite	694
ENSP00000330237	CASP9	196	RRRFSSLHFMV	AKT1	hprd;pelm;psite	694
ENSP00000263102	CCDC6	323	LCRQLSESESS		hprd;psite	621
ENSP00000263102	CCDC6	349	GLRPRTVSSPI		hprd;pelm;psite	621
ENSP00000263102	CCDC6	351	RPRTVSSPIPY		hprd;pelm;psite	621
ENSP00000321656	CDC25C	449	LLRCRSQSKVQ		psite	773
ENSP00000264245	ARHGAP31	1178	TGRRNSAPVSV		psite	841
ENSP00000316328	CIITA	286	PDRPGSTSPFA		psite	619
ENSP00000387699	CREB1	133	LSRRPSYRKIL	ATM;CAMK4;CAMKK1;DYRK3;MAP3K8;MAPKAPK2;PRKACA;PRKCE;PRKD1;RPS6KA1;RPS6KA2;RPS6KA3;RPS6KA4;RPS6KA5;SGK1;TSSK4	hprd;pelm;psite	986
ENSP00000265372	CREM	87	LSRRPSYRKIL		hprd;psite	654
ENSP00000282561	GJA1	282	PLSPMSPPGYK	MAPK1;MAPK14	hprd;pelm;psite	930
ENSP00000261891	DAPK2	299	MVRRESVVNLE		hprd;psite	800
ENSP00000301264	DAPK3	50	KKRRLSSSRRG		psite	800
ENSP00000301264	DAPK3	265	PKRRMTIAQSL	DAPK3;ROCK1	pelm;psite	800
ENSP00000301264	DAPK3	299	RRRLKTTRLKE	DAPK3;ROCK1	pelm;psite	800
ENSP00000252137	DGCR14	379	ALRRVTENLAS		psite	577
ENSP00000358596	DUSP5	321	EILPSTPNPQP	MAPK1;MAPK3	psite	931
ENSP00000305416	S1PR1	236	RSRRLTFRKNI	AKT1	hprd;pelm;psite	905
ENSP00000239938	EGR1	378	CMRNFSRSDHL	CSNK2A1	hprd;pelm;psite	928
ENSP00000256383	EIF2S1	58	RRRIRSINKLI		hprd;psite	452
ENSP00000256383	EIF2S1	185	INRRLTPQAVK		psite	452
ENSP00000228741	ELK3	245	SSRSPSLSPNS		hprd;pelm;psite	851
ENSP00000350681	ELK4	425	TPGPFSPDLQK		psite	849
ENSP00000206249	ESR1	167	RERLASTNDKG	AKT1;AKT2;CSNK2A1;IKBKE;RPS6KA1;RPS6KA3;RPS6KB1	hprd;pelm;psite	781
ENSP00000206249	ESR1	236	KNRRKSCQACR	PRKACA	pelm;psite	781
ENSP00000353344	ETS2	246	KSRLSSVSVTY	CAMK2A	psite	824
ENSP00000341189	PTK2	695	RMRMESRRQAT		psite	805
ENSP00000341189	PTK2	700	SRRQATVSWDS		psite	805
ENSP00000264498	FGF2	254	RSRKYTSWYVA		pelm;psite	424
ENSP00000306245	FOS	362	AHRKGSSSNEP	PRKACA;RPS6KA1;RPS6KA3	hprd;pelm;psite	948
ENSP00000299293	FRS2	327	RGRLTSTSTSD		psite	913
ENSP00000299293	FRS2	458	PKTPTTPLPQT		psite	913
ENSP00000262995	GAB1	251	PSRAPSASVDS		psite	708
ENSP00000262995	GAB1	304	QMRHVSISYDI		psite	708
ENSP00000262995	GAB1	387	PSRSNTISTVD		psite	708
ENSP00000262995	GAB1	714	DGRQSTESETP		psite	708
ENSP00000365858	GATA1	310	RNRKASGKGKK	AKT1	hprd;pelm;psite	621
ENSP00000334458	GATA4	262	PQRRLSASRRV	PRKACA	pelm;psite	687
ENSP00000350757	GMFB	27	RFRKETNNAAI	PRKACA;RPS6KA1	hprd;pelm;psite	621
ENSP00000262493	GNAO1	182	RTRVKTTGIVE		psite	920
ENSP00000322542	GTF2I	412	PFRRPSTYGIP	PRKG1	hprd;psite	676
ENSP00000322542	GTF2I	722	RGREFSFEAWN		psite	676
ENSP00000322542	GTF2I	784	PFRRPSTFGIP	PRKG1	hprd;psite	676
ENSP00000264606	HDAC4	266	AERRSSPLLRR		hprd;psite	621
ENSP00000356248	PTPN7	83	QERRGSNVALM	PRKACA	hprd;pelm;psite	997
ENSP00000269571	ERBB2	1049	HHRHRSSSTRS		psite	826
ENSP00000269571	ERBB2	1051	RHRSSSTRSGG		psite	826
ENSP00000269571	ERBB2	1172	LERPKTLSPGK		pelm;psite	826
ENSP00000312987	HNF4A	143	STRRSSYEDSS		pelm;psite	683
ENSP00000244289	LIPE	951	HPRRSSQGATQ	PRKACA	hprd;pelm;psite	638
ENSP00000412283	IER3	31	GPRRGSGPEIF		hprd;pelm;psite	623
ENSP00000304895	IRS1	268	EFRPRSKSQSS	IKBKB	hprd;pelm;psite	933
ENSP00000304895	IRS1	270	RPRSKSQSSSN	ATR;IKBKB;RPS6KB1	hprd;pelm;psite	933
ENSP00000304895	IRS1	305	TRRSRTESITA		psite	933
ENSP00000304895	IRS1	307	RSRTESITATS	IKBKB;PRKCD;RPS6KB1	hprd;pelm;psite	933
ENSP00000304895	IRS1	330	RVRASSDGEGT	CSNK2B	hprd;psite	933
ENSP00000304895	IRS1	527	RKRTHSAGTSP	IKBKB;RPS6KB1	hprd;pelm;psite	933
ENSP00000304895	IRS1	1100	CRRRHSSETFS		hprd;psite	933
ENSP00000304895	IRS1	1101	RRRHSSETFSS	PRKCQ;RPS6KA1;RPS6KB1	hprd;pelm;psite	933
ENSP00000304895	IRS1	1143	VKRHSSASFEN		hprd;psite	933
ENSP00000304895	IRS1	1223	STRRSSEDLSA		hprd;pelm;psite	933
ENSP00000365016	IRS2	304	EFRPRSKSQSS		pelm;psite	921
ENSP00000365016	IRS2	306	RPRSKSQSSGS		hprd;pelm;psite	921
ENSP00000365016	IRS2	344	VRRSRTDSLAA		psite	921
ENSP00000365016	IRS2	346	RSRTDSLAATP		hprd;pelm;psite	921
ENSP00000365016	IRS2	363	SCRVRTASEGD		hprd;pelm;psite	921
ENSP00000365016	IRS2	365	RVRTASEGDGG		hprd;pelm;psite	921
ENSP00000365016	IRS2	404	LSRSHTLSGGC		psite	921
ENSP00000365016	IRS2	560	SYRRVSGDAAQ		hprd;pelm;psite	921
ENSP00000365016	IRS2	575	GLRKRTYSLTT		psite	921
ENSP00000365016	IRS2	577	RKRTYSLTTPA		hprd;pelm;psite	921
ENSP00000365016	IRS2	1148	GRRRHSSETFS		hprd;pelm;psite	921
ENSP00000365016	IRS2	1149	RRRHSSETFSS		hprd;pelm;psite	921
ENSP00000365016	IRS2	1174	PKRHNSASVEN		hprd;pelm;psite	921
ENSP00000371067	JAK2	523	SDVPTSPTLQR	JAK2	psite	912
ENSP00000293308	KRT8	35	GSRISSSSFSR		hprd;pelm;psite	631
ENSP00000339952	KSR2	276	VTPPGTPPMRK		psite	665
ENSP00000339952	KSR2	290	LKPPGTPPPSS		psite	665
ENSP00000339952	KSR2	939	RNRRLSHPGHF		psite	665
ENSP00000348273	MBP	232	IVTPRTPPPSQ	MAPK1;MAPK3	hprd;pelm;psite	838
ENSP00000265343	AFF4	549	RGRQKSPAQSD		hprd;pelm;psite	509
ENSP00000265343	AFF4	694	RQRMFSPMEEK		hprd;pelm;psite	509
ENSP00000265343	AFF4	834	GSRKRTISQSS		psite	509
ENSP00000265343	AFF4	836	RKRTISQSSSL		hprd;psite	509
ENSP00000382423	MAP3K1	1016	PCRIPSASPQT		psite	642
ENSP00000240100	DUSP4	359	GKTPATPTSQF		psite	988
ENSP00000279488	DUSP6	174	GLRISSDSSSD	MAPK3	psite	992
ENSP00000333896	RPS6KA4	347	YSPPGSPPPGD	MAP2K1;MAPK14	hprd;pelm;psite	960
ENSP00000333896	RPS6KA4	745	ASRRGSPAPAN		hprd;psite	960
ENSP00000354558	MTOR	2446	RSRTRTDSYSA	AKT1;RPS6KB1	hprd;pelm;psite	538
ENSP00000354558	MTOR	2448	RTRTDSYSAGQ	AKT1;RPS6KB1	hprd;pelm;psite	538
ENSP00000294129	NCKIPSD	181	RAAPTTPPPPV		hprd;pelm;psite	619
ENSP00000226574	NFKB1	338	QLRRKSDLETS	PRKACA	hprd;pelm;psite	910
ENSP00000384273	RELA	276	QLRRPSDRELS	PIM1;PRKACA;RPS6KA4;RPS6KA5	hprd;pelm;psite	921
ENSP00000262077	NUP153	217	AERSHSLSQHT		hprd;psite	675
ENSP00000331602	PRKCD	304	SRRSDSASSEP	PRKCD	hprd;pelm;psite	960
ENSP00000306124	PRKCE	350	KSAPTSPCDQE	MAPK11;MAPK14	hprd;psite	638
ENSP00000244007	PLCG1	1249	RAREGSFESRY	AKT1;PRKACA;PRKCA;PRKD1	hprd;pelm;psite	914
ENSP00000263088	PLD2	175	LNRLLTMSFYR		psite	908
ENSP00000326031	PPP1CA	331	GGRPITPPRNS	AKT1;CDK1;CDK2;CDK5;LMTK2	hprd;pelm;psite	853
ENSP00000348461	RAC1	71	RLRPLSYPQTV	AKT1	hprd;psite	406
ENSP00000251849	RAF1	43	YQRRASDDGKL	PRKACA;PRKCA	hprd;pelm;psite	984
ENSP00000251849	RAF1	257	SQRQRSTSTPN		hprd;pelm;psite	984
ENSP00000251849	RAF1	259	RQRSTSTPNVH	AKT1;PRKACA;RAF1	hprd;pelm;psite	984
ENSP00000251849	RAF1	285	AIRSHSESASP		psite	984
ENSP00000251849	RAF1	357	STRIGSGSFGT		psite	984
ENSP00000361264	RAPGEF1	329	MSRATSGSSLP		hprd;psite	422
ENSP00000361264	RAPGEF1	353	AQRRLSGGSHS		psite	422
ENSP00000361264	RAPGEF1	1089	ITRRKTDREEK		psite	422
ENSP00000320768	RCAN1	167	ISPPASPPVGW	DYRK1A;MAP3K3;MAPK3	hprd;pelm;psite	687
ENSP00000347942	RET	696	GARRPSLDSME	PRKACA	pelm;psite	642
ENSP00000220751	RIPK2	174	KWRMMSLSQSR		psite	818
ENSP00000317985	ROCK2	1379	SIRRPSRQLAP		psite	807
ENSP00000349486	SCRIB	475	LQRRATPHPSE		psite	621
ENSP00000349486	SCRIB	1298	AESPCSPSGQQ		hprd;pelm;psite	621
ENSP00000349486	SCRIB	1306	GQQPPSPPSPD		hprd;pelm;psite	621
ENSP00000349486	SCRIB	1448	RQSPASPPPLG		hprd;pelm;psite	621
ENSP00000349486	SCRIB	1475	RLRVQSPEPPA		hprd;pelm;psite	621
ENSP00000262160	SMAD2	8	SILPFTPPVVK	MAPK3	hprd;pelm;psite	967
ENSP00000262160	SMAD2	220	NYIPETPPPGY	MAPK1;MAPK3	hprd;pelm;psite	967
ENSP00000348551	NCOR2	67	QRRRPSLLSEF		hprd;psite	899
ENSP00000348551	NCOR2	149	KLEPVSPPSPP		hprd;pelm;psite	899
ENSP00000348551	NCOR2	152	PVSPPSPPHTD		hprd;pelm;psite	899
ENSP00000348551	NCOR2	215	PEKPVSPPPIE		hprd;pelm;psite	899
ENSP00000348551	NCOR2	493	RRRGKSQQQQQ		psite	899
ENSP00000348551	NCOR2	1022	SPRGKSRSPAP		hprd;psite	899
ENSP00000348551	NCOR2	1226	STRVPSDSAIT		psite	899
ENSP00000348551	NCOR2	1868	QHSPISPRTQD		hprd;psite	899
ENSP00000348551	NCOR2	2230	GIEPVSPPEGM		hprd;psite	899
ENSP00000348551	NCOR2	2433	GDRPPSVSSVH	CAMK2A	hprd;psite	899
ENSP00000384675	SOS1	1134	GPRSASVSSIS		hprd;pelm;psite	912
ENSP00000384675	SOS1	1161	RRRPESAPAES		psite	912
ENSP00000384675	SOS1	1210	SDPPESPPLLP		hprd;pelm;psite	912
ENSP00000384675	SOS1	1257	SPSPFTPPPPQ		psite	912
ENSP00000374455	SQSTM1	24	EIRRFSFCCSP		hprd;psite	644
ENSP00000320940	NCOA1	1179	GTNPGTPPAST	MAPK1;MAPK3	hprd;pelm;psite	817
ENSP00000320940	NCOA1	1426	TSGPQTPQAQQ		psite	817
ENSP00000354476	SREBF2	469	KDEPDSPPVAL		psite	628
ENSP00000265354	SRF	159	KLRRYTTFSKR	DMPK;PRKACA;PRKCA;PRKG1	pelm;psite	545
ENSP00000265354	SRF	224	LNSPDSPPRSD		hprd;pelm;psite	545
ENSP00000351342	PTPN5	245	QERRGSNVSLT		psite	920
ENSP00000410452	STMN1	38	PEFPLSPPKKK	CDK1;CDK2;MAPK13;MAPK3;PAK1;PRKCB;UHMK1	hprd;pelm;psite	921
ENSP00000410452	STMN1	63	EERRKSHEAEV	CSNK2A1;PRKACA	hprd;pelm;psite	921
ENSP00000364898	SYK	295	ISRIKSYSFPK	CHEK1	psite	649
ENSP00000295987	SYN1	9	LRRRLSDSNFM	PRKACA	hprd;psite	647
ENSP00000295987	SYN1	427	RQRDASPGRGS		pelm;psite	647
ENSP00000295987	SYN1	551	ARPPASPSPQR	CDK5	hprd;pelm;psite	647
ENSP00000286332	TAB2	582	LKRSNSISQIP		psite	800
ENSP00000288422	TAB3	645	KARRISVTSKV		hprd;psite	800
ENSP00000358335	MAP3K7	439	QPRRRSIQDLT		hprd;pelm;psite	811
ENSP00000294339	TAL1	90	RHRVPTTELCR	AKT1	pelm;psite	621
ENSP00000294339	TAL1	172	VKRRPSPYEME	PRKACA	hprd;pelm;psite	621
ENSP00000345772	TEAD3	148	KFSPPSPLPQA		hprd;psite	422
ENSP00000370571	TH	71	IGRRQSLIEDA	CAMK2A;MAPKAPK2;PRKACA;RPS6KA3	hprd;pelm;psite	667
ENSP00000396704	TOP2B	1545	KKRKASGSENE		hprd;pelm;psite	619
ENSP00000298552	TSC1	1100	LFRNKSESQCD		psite	899
ENSP00000219476	TSC2	664	TSGPLSPPTGP	MAPK1;MAPK3	hprd;pelm;psite	966
ENSP00000219476	TSC2	937	SFRARSTSLNE		psite	966
ENSP00000219476	TSC2	939	RARSTSLNERP	AKT1	hprd;pelm;psite	966
ENSP00000219476	TSC2	981	RCRSISVSEHV	AKT1	hprd;pelm;psite	966
ENSP00000219476	TSC2	1130	RDRVRSMSGGH		hprd;psite	966
ENSP00000219476	TSC2	1132	RVRSMSGGHGL		hprd;pelm;psite	966
ENSP00000219476	TSC2	1338	YSRSSSVSSQE		hprd;pelm;psite	966
ENSP00000219476	TSC2	1462	RPRGYTISDSA	AKT1	hprd;pelm;psite	966
ENSP00000219476	TSC2	1798	RKRLISSVEDF	RPS6KA1	hprd;pelm;psite	966
ENSP00000248673	ZFP36	197	SGRRTSPPPPG		pelm;psite	913
ENSP00000248673	ZFP36	257	SCRRATPISVW		psite	913
ENSP00000354877	ULK2	148	NRRKSSVSGIR		psite	524
ENSP00000342434	BAZ1B	189	EGRRESINDRA		hprd;pelm;psite	621
ENSP00000342434	BAZ1B	1342	SSRRQSLELQK		hprd;pelm;psite	621
ENSP00000295987	SYN1	568	ATRQTSVSGPA	CAMK2G	hprd	647
ENSP00000265354	SRF	160	LRRYTTFSKRK	CAMK2A	hprd	545
ENSP00000348551	NCOR2	2263	PSRMGSKSPGN		hprd	899
ENSP00000348551	NCOR2	1857	SSRPASHSHAH		hprd	899
ENSP00000283228	PTPRR	339	QERRGSNVSLT	PRKACA	hprd	987
ENSP00000361202	IRS4	66	GSRSDSESEEE		hprd	809
ENSP00000262995	GAB1	454	PMNPNSPPRQH	MAPK1	hprd	708
ENSP00000220876	STMN2	97	EERRKSQEAQV	PRKACA	hprd	621
ENSP00000263102	CCDC6	431	PTPPPSPNTQT		hprd	621
ENSP00000240123	SORBS3	366	STRDPSASNGG		hprd	621
