name	MAPK8
id	ENSP00000353483
type	Serine/threonine kinase
proline+1_removed	No
npartners	336
npartners_with_sites	274
nsites	973
//
motif	score	fg_matches	fg_size	bg_matches	bg_size	fold_increase
..RR.[ST].....	615.31	53	2539	18	9383	10.88
...P.[ST]PP...	327.08	17	3379	1	10000	50.31
.....[ST]P...K	315.25	57	3362	19	9999	8.92
..R..[ST].S...	314.06	63	2486	51	9365	4.65
.....[ST]P....	307.65	766	3305	597	9980	3.87
//
prot_id	prot_name	position	flank	kinase	source	string_score
ENSP00000309503	YWHAZ	58	GARRSSWRVVS	AKT1;MAPKAPK2;PRKACA	hprd;pelm;psite	653
ENSP00000309503	YWHAZ	184	YEILNSPEKAC	AKT1;MAPK8	hprd;pelm;psite	653
ENSP00000383623	MLLT4	561	SDRVSSASSTA		psite	422
ENSP00000383623	MLLT4	654	YRPDISPTERT		psite	422
ENSP00000383623	MLLT4	1106	LLNQPSPMMQR		hprd;pelm;psite	422
ENSP00000383623	MLLT4	1139	STQNGSPESPQ		hprd;psite	422
ENSP00000383623	MLLT4	1142	NGSPESPQLPW		psite	422
ENSP00000383623	MLLT4	1172	ADHRSSPNVAN		hprd;pelm;psite	422
ENSP00000383623	MLLT4	1181	ANQPPSPGGKS		hprd;pelm;psite	422
ENSP00000383623	MLLT4	1210	CTEEQTPPPRP		psite	422
ENSP00000383623	MLLT4	1329	SSKSVTPASTL		hprd;psite	422
ENSP00000383623	MLLT4	1351	AAIPATPVAVS	CDK2	psite	422
ENSP00000383623	MLLT4	1454	NPAPFSPLTAQ		psite	422
ENSP00000383623	MLLT4	1511	SGDSLSPDPWK		hprd;psite	422
ENSP00000383623	MLLT4	1706	DYEPPSPSPAP		hprd;psite	422
ENSP00000383623	MLLT4	1708	EPPSPSPAPGA		hprd;pelm;psite	422
ENSP00000383623	MLLT4	1731	KTQVLSPDSLF		hprd;psite	422
ENSP00000383623	MLLT4	1789	SQDADSPGSSG		hprd;psite	422
ENSP00000270202	AKT1	124	DFRSGSPSDNS		hprd;pelm;psite	406
ENSP00000270202	AKT1	312	KTFCGTPEYLA		psite	406
ENSP00000270202	AKT1	450	QMITITPPDQD	MTOR	hprd;pelm;psite	406
ENSP00000295897	ALB	444	VPQVSTPTLVE		psite	532
ENSP00000366244	ARAF	181	LNELLTPQGPS		hprd;psite	809
ENSP00000366244	ARAF	186	TPQGPSPRTQH		hprd;pelm;psite	809
ENSP00000366244	ARAF	212	LQRIRSTSTPN		hprd;pelm;psite	809
ENSP00000366244	ARAF	215	IRSTSTPNVHM		hprd;pelm;psite	809
ENSP00000366244	ARAF	253	GGSDGTPRGSP		hprd;psite	809
ENSP00000366244	ARAF	257	GTPRGSPSPAS		hprd;pelm;psite	809
ENSP00000366244	ARAF	259	PRGSPSPASVS		hprd;psite	809
ENSP00000366244	ARAF	269	SSGRKSPHSKS		hprd;psite	809
ENSP00000366244	ARAF	274	SPHSKSPAEQR		psite	809
ENSP00000366244	ARAF	318	LKRIGTGSFGT		psite	809
ENSP00000366244	ARAF	528	GRGYLSPDLSK		psite	809
ENSP00000264110	ATF2	69	IVADQTPTPTR	MAPK14;MAPK3;MAPK8;MAPK9;PLK3	hprd;pelm;psite	999
ENSP00000264110	ATF2	71	ADQTPTPTRFL	MAPK1;MAPK14;MAPK3;MAPK8;MAPK9;PLK3	hprd;pelm;psite	999
ENSP00000264110	ATF2	90	FNELASPFENE	MAPK14;MAPK8;MAPK9	hprd;psite	999
ENSP00000264110	ATF2	112	MPLDLSPLATP		hprd;pelm;psite	999
ENSP00000264110	ATF2	116	LSPLATPIIRS	CDK2	hprd;pelm;psite	999
ENSP00000264110	ATF2	136	TTHQDSPLPHP		psite	999
ENSP00000264110	ATF2	328	TETPASPAHTT		pelm;psite	999
ENSP00000264110	ATF2	333	SPAHTTPQTQS		psite	999
ENSP00000344352	ATF3	162	AQNGRTPEDER		psite	867
ENSP00000356919	ATF6	16	MESPFSPGLFH		psite	427
ENSP00000309103	BAD	25	RGLGPSPAGDG		hprd;psite	674
ENSP00000309103	BAD	91	MGEEPSPFRGR	CDK1	psite	674
ENSP00000309103	BAD	97	PFRGRSRSAPP		psite	674
ENSP00000309103	BAD	118	ELRRMSDEFVD	ARAF;BRAF;PAK1;PRKACA;PRKCE;PRKCI;PRKD1;RAF1;RPS6KA1	hprd;pelm;psite	674
ENSP00000293288	BAX	87	AVDTDSPREVF		hprd;psite	536
ENSP00000329623	BCL2	56	SQPGHTPHPAA	CDK1;MAPK1;MAPK14;MAPK3	hprd;pelm;psite	980
ENSP00000329623	BCL2	70	PVARTSPLQTP	MAPK8;PRKCA	hprd;pelm;psite	980
ENSP00000329623	BCL2	74	TSPLQTPAAPG	MAPK1;MAPK3	hprd;pelm;psite	980
ENSP00000329623	BCL2	87	AGPALSPVPPV	MAPK1;MAPK14;MAPK3;MAPK8	hprd;pelm;psite	980
ENSP00000302564	BCL2L1	47	ESEMETPSAIN	MAPK8;MAPK9	pelm;psite	950
ENSP00000302564	BCL2L1	62	WHLADSPAVNG	GSK3A;GSK3B;MAPK14;MAPK8;MAPK9;MAPKAPK2;PLK1	pelm;psite	950
ENSP00000302564	BCL2L1	115	SQLHITPGTAY	MAPK8;MAPK9	pelm;psite	950
ENSP00000346697	BMF	74	ATQTLSPASPS	MAPK1;MAPK8	hprd;psite	936
ENSP00000346697	BMF	77	TLSPASPSQGV	MAPK1;MAPK8	hprd;psite	936
ENSP00000363708	BMPR2	515	RNKSVSPTVNP		psite	522
ENSP00000363708	BMPR2	575	HSMSSTPLTIG		psite	522
ENSP00000363708	BMPR2	863	LNINSSPDEHE		hprd;psite	522
ENSP00000363708	BMPR2	977	KKRVKTPYSLK		psite	522
ENSP00000288602	BRAF	151	RSNPKSPQKPI	BRAF	hprd;pelm;psite	804
ENSP00000288602	BRAF	333	PQILTSPSPSK		hprd;pelm;psite	804
ENSP00000288602	BRAF	363	GQRDRSSSAPN		hprd;psite	804
ENSP00000288602	BRAF	401	TGLSATPPASL	MAPK1;MAPK3	hprd;pelm;psite	804
ENSP00000288602	BRAF	419	KALQKSPGPQR	BRAF	hprd;pelm;psite	804
ENSP00000288602	BRAF	429	RERKSSSSSED	AKT1;AKT3	hprd;pelm;psite	804
ENSP00000288602	BRAF	446	LGRRDSSDDWE	PAK1	hprd;pelm;psite	804
ENSP00000288602	BRAF	465	GQRIGSGSFGT		psite	804
ENSP00000288602	BRAF	750	LYACASPKTPI	BRAF	hprd;pelm;psite	804
ENSP00000288602	BRAF	753	CASPKTPIQAG	MAPK1;MAPK3	psite	804
ENSP00000356828	RCSD1	17	VDNSASPSVAQ		psite	400
ENSP00000356828	RCSD1	68	NGEEKSPPNAS		hprd;psite	400
ENSP00000356828	RCSD1	83	FKVKSSPLIEK		psite	400
ENSP00000356828	RCSD1	105	LLPGASPKSPG		psite	400
ENSP00000356828	RCSD1	108	GASPKSPGLKA		psite	400
ENSP00000356828	RCSD1	116	LKAMVSPFHSP		hprd;psite	400
ENSP00000356828	RCSD1	120	VSPFHSPPSTP		hprd;psite	400
ENSP00000356828	RCSD1	124	HSPPSTPSSPG		hprd;psite	400
ENSP00000356828	RCSD1	127	PSTPSSPGVRS		hprd;psite	400
ENSP00000356828	RCSD1	216	SKAPGSPLSSE		hprd;psite	400
ENSP00000356828	RCSD1	242	PPLRRSPSRTE		psite	400
ENSP00000356828	RCSD1	268	KARRSSEEVDG		hprd;psite	400
ENSP00000356828	RCSD1	284	EEVPESPQTSG		psite	400
ENSP00000356828	RCSD1	298	ENRCGSPREEK		psite	400
ENSP00000356828	RCSD1	351	KETPHSPPGGV		hprd;psite	400
ENSP00000360797	CARD9	277	KLDRSSPYIQV		psite	828
ENSP00000360797	CARD9	460	LAGGGSPKQPF		hprd;pelm;psite	828
ENSP00000286186	CASP10	198	AIQIVTPPVDK		psite	626
ENSP00000351273	CASP8	270	MTISDSPREQD		psite	807
ENSP00000351273	CASP8	446	EMDLSSPQTRY	CDK1	psite	807
ENSP00000330237	CASP9	125	VLRPETPRPVD	CDK1;MAP2K1;MAPK1;MAPK3	hprd;pelm;psite	462
ENSP00000330237	CASP9	195	LRRRFSSLHFM	PRKACA	psite	462
ENSP00000330237	CASP9	302	EVASTSPEDES		hprd;pelm;psite	462
ENSP00000330237	CASP9	307	SPEDESPGSNP		hprd;pelm;psite	462
ENSP00000264033	CBL	452	AEGAPSPNYDD		hprd;pelm;psite	876
ENSP00000264033	CBL	483	VERPPSPFSMA		hprd;psite	876
ENSP00000264033	CBL	568	RPLPCTPGDCP		psite	876
ENSP00000264033	CBL	702	DTEYMTPSSRP		psite	876
ENSP00000264033	CBL	900	FVSISSPAHVA		hprd;pelm;psite	876
ENSP00000227507	CCND1	286	VDLACTPTDVR	CHUK;GSK3B	hprd;pelm;psite	896
ENSP00000245960	CDC25B	42	HGLLGSPVRAA		psite	652
ENSP00000245960	CDC25B	50	RAAASSPVTTL		psite	652
ENSP00000245960	CDC25B	160	RLLGHSPVLRN	CDK1	hprd;pelm;psite	652
ENSP00000245960	CDC25B	167	VLRNITNSQAP		psite	652
ENSP00000245960	CDC25B	178	DGRRKSEAGSG		psite	652
ENSP00000245960	CDC25B	238	DLMCLSPDRKM		psite	652
ENSP00000245960	CDC25B	249	EVEELSPLALG	MAPK11	pelm;psite	652
ENSP00000245960	CDC25B	321	QRLFRSPSMPC	CDK1;MELK	hprd;psite	652
ENSP00000245960	CDC25B	353	NKRRRSVTPPE	AURKA;MAPKAPK2;RPS6KA1	hprd;pelm;psite	652
ENSP00000245960	CDC25B	355	RRRSVTPPEEQ	RPS6KA1	hprd;pelm;psite	652
ENSP00000245960	CDC25B	470	SFLLKSPIAPC		psite	652
ENSP00000245960	CDC25B	115	GLCMDSPSPMD	MAPK8	psite	652
ENSP00000245960	CDC25B	117	CMDSPSPMDPH	MAPK8	psite	652
ENSP00000301019	CDT1	29	KLACRTPSPAR	CDK2;MAPK8	hprd;pelm;psite	621
ENSP00000301019	CDT1	31	ACRTPSPARPA	CDK2	hprd;pelm;psite	621
ENSP00000301019	CDT1	82	VSSPSTPEAPD		psite	621
ENSP00000301019	CDT1	93	IPACPSPGQKI		psite	621
ENSP00000301019	CDT1	318	FLASLSPAMVV		hprd;pelm;psite	621
ENSP00000301019	CDT1	372	ARNLISPRMEK		hprd;pelm;psite	621
ENSP00000301019	CDT1	391	SAAPSSPGSPR		psite	621
ENSP00000301019	CDT1	394	PSSPGSPRPAL		hprd;pelm;psite	621
ENSP00000301019	CDT1	402	PALPATPPATP		psite	621
ENSP00000301019	CDT1	406	ATPPATPPAAS		psite	621
ENSP00000301019	CDT1	411	TPPAASPSALK		psite	621
ENSP00000301019	CDT1	491	CCTIMSPGEME		psite	621
ENSP00000340671	DDIT3	79	TSTSQSPHSPD	MAPK14	hprd;pelm;psite	506
ENSP00000340671	DDIT3	82	SQSPHSPDSSQ	MAPK14	hprd;pelm;psite	506
ENSP00000387699	CREB1	133	LSRRPSYRKIL	ATM;CAMK4;CAMKK1;DYRK3;MAP3K8;MAPKAPK2;PRKACA;PRKCE;PRKD1;RPS6KA1;RPS6KA2;RPS6KA3;RPS6KA4;RPS6KA5;SGK1;TSSK4	hprd;pelm;psite	514
ENSP00000387699	CREB1	271	VVMASSPALPT	HIPK2	psite	514
ENSP00000300574	CRK	41	LVRDSSTSPGD		hprd;psite	978
ENSP00000300574	CRK	43	RDSSTSPGDYV		psite	978
ENSP00000300574	CRK	74	PPVPPSPAQPP		hprd;pelm;psite	978
ENSP00000300574	CRK	83	PPPGVSPSRLR		hprd;pelm;psite	978
ENSP00000300574	CRK	194	KYRPASASVSA		hprd;psite	978
ENSP00000300574	CRK	228	QPSVNTPLPNL		psite	978
ENSP00000346300	CRKL	107	APRYPSPPMGS		hprd;psite	932
ENSP00000346300	CRKL	214	QPQTTTPLPAV		psite	932
ENSP00000346300	CRKL	222	PAVSGSPGAAI		hprd;psite	932
ENSP00000346300	CRKL	228	PGAAITPLPST		psite	932
ENSP00000344456	CTNNB1	191	HAIMRSPQMVS	CDK5	hprd;psite	552
ENSP00000344456	CTNNB1	246	VKMLGSPVDSV	CDK5	psite	552
ENSP00000344456	CTNNB1	552	TQRRTSMGGTQ	AKT1;AKT2;CAMK2A;PRKACA	hprd;pelm;psite	552
ENSP00000282561	GJA1	255	TSGALSPAKDC	MAPK1	hprd;pelm;psite	838
ENSP00000282561	GJA1	279	PTAPLSPMSPP	MAPK14;MAPK3	hprd;pelm;psite	838
ENSP00000282561	GJA1	282	PLSPMSPPGYK	MAPK1;MAPK14	hprd;pelm;psite	838
ENSP00000266000	DAXX	178	NTASQSPRTRG		hprd;pelm;psite	430
ENSP00000404623	DAXX	178	NTASQSPRTRG		hprd;pelm;psite	430
ENSP00000266000	DAXX	408	SHSADTPEASL		psite	430
ENSP00000404623	DAXX	408	SHSADTPEASL		psite	430
ENSP00000266000	DAXX	495	KDGDKSPMSSL		hprd;pelm;psite	430
ENSP00000404623	DAXX	495	KDGDKSPMSSL		hprd;pelm;psite	430
ENSP00000266000	DAXX	668	ICTLPSPPSPL		hprd;pelm;psite	430
ENSP00000404623	DAXX	668	ICTLPSPPSPL		hprd;pelm;psite	430
ENSP00000266000	DAXX	671	LPSPPSPLASL		hprd;pelm;psite	430
ENSP00000404623	DAXX	671	LPSPPSPLASL		hprd;pelm;psite	430
ENSP00000266000	DAXX	688	STRVDSPSHGL		hprd;pelm;psite	430
ENSP00000404623	DAXX	688	STRVDSPSHGL		hprd;pelm;psite	430
ENSP00000266000	DAXX	702	SLCIPSPARLS		hprd;pelm;psite	430
ENSP00000404623	DAXX	702	SLCIPSPARLS		hprd;pelm;psite	430
ENSP00000266000	DAXX	709	ARLSQTPHSQP		hprd;pelm;psite	430
ENSP00000404623	DAXX	709	ARLSQTPHSQP		hprd;pelm;psite	430
ENSP00000311113	JUP	182	RALMGSPQLVA		hprd;pelm;psite	401
ENSP00000313420	PRKDC	687	YFEGVSPKSLK		psite	936
ENSP00000313420	PRKDC	1052	QQQEKSPVNTK		hprd;psite	936
ENSP00000313420	PRKDC	2602	RSTVLTPMFVE		hprd;pelm;psite	936
ENSP00000313420	PRKDC	2671	LVDHTSPSSDS		hprd;pelm;psite	936
ENSP00000313420	PRKDC	3197	IEEKLTPLPED		psite	936
ENSP00000360216	DNTT	132	VRRDYSDSTNP		psite	430
ENSP00000360216	DNTT	142	PGPPKTPPIAV		psite	430
ENSP00000337697	DCX	109	MNGLPSPTHSA	CDK5	hprd;psite	829
ENSP00000337697	DCX	368	AGPKASPTPQK	CDK5	hprd;psite	829
ENSP00000337697	DCX	378	KTSAKSPGPMR	CDK5	hprd;pelm;psite	829
ENSP00000337697	DCX	408	PKSKQSPISTP	CDK5	hprd;psite	829
ENSP00000337697	DCX	415	ISTPTSPGSLR	CDK5	hprd;psite	829
ENSP00000345281	DUSP22	58	IPAADSPSQNL		psite	992
ENSP00000358596	DUSP5	321	EILPSTPNPQP	MAPK1;MAPK3	psite	844
ENSP00000358596	DUSP5	346	HLQTLSPDMQG	MAPK1;MAPK3	psite	844
ENSP00000358596	DUSP5	376	SELSRSPVATA	MAPK1;MAPK3	psite	844
ENSP00000296483	DUSP7	318	KKSNISPNFNF		pelm;psite	926
ENSP00000345853	DUSP9	16	LRRELSPPRPR		psite	827
ENSP00000345853	DUSP9	237	YILNVTPNLPN		psite	827
ENSP00000345853	DUSP9	328	KKSNISPNFNF		pelm;psite	827
ENSP00000005340	DVL2	169	PRRRDSSEHGA		psite	434
ENSP00000263026	EEF2K	18	VDGGQSPRAGH		hprd;pelm;psite	646
ENSP00000263026	EEF2K	74	YSSSGSPANSF	MTOR	hprd;pelm;psite	646
ENSP00000263026	EEF2K	359	EEKCGSPQVRT	CDK1;MAPK13	psite	646
ENSP00000263026	EEF2K	366	QVRTLSGSRPP	RPS6KA1;RPS6KB1;RPS6KB2	psite	646
ENSP00000263026	EEF2K	396	DSLPSSPSSAT	EEF2K;MAPK11;MAPK13;MAPK14	hprd;pelm;psite	646
ENSP00000263026	EEF2K	401	SPSSATPHSQK		psite	646
ENSP00000239938	EGR1	12	EMQLMSPLQIS		psite	866
ENSP00000239938	EGR1	26	GSFPHSPTMDN		psite	866
ENSP00000239938	EGR1	378	CMRNFSRSDHL	CSNK2A1	hprd;pelm;psite	866
ENSP00000247161	ELK1	304	GHAASSPEISQ		hprd;pelm;psite	938
ENSP00000247161	ELK1	324	LELPLSPSLLG		hprd;pelm;psite	938
ENSP00000247161	ELK1	353	PGPALTPSLLP		psite	938
ENSP00000247161	ELK1	363	PTHTLTPVLLT		psite	938
ENSP00000247161	ELK1	368	TPVLLTPSSLP		psite	938
ENSP00000247161	ELK1	383	FWSTLSPIAPR	MAPK1;MAPK14;MAPK3;RPS6KA5	hprd;pelm;psite	938
ENSP00000247161	ELK1	389	PIAPRSPAKLS	MAPK14;MAPK3	hprd;pelm;psite	938
ENSP00000247161	ELK1	417	VDGLSTPVVLS	PRPF4;PRPF4B	pelm;psite	938
ENSP00000247161	ELK1	422	TPVVLSPGPQK		psite	938
ENSP00000228741	ELK3	115	SDCKASPEGRE		hprd;psite	621
ENSP00000228741	ELK3	245	SSRSPSLSPNS		hprd;pelm;psite	621
ENSP00000228741	ELK3	396	LDRAASPVLLS		hprd;psite	621
ENSP00000206249	ESR1	104	PLNSVSPSPLM	CDK2;GSK3B;MAPK1;MAPK3;MNAT1	hprd;pelm;psite	424
ENSP00000206249	ESR1	106	NSVSPSPLMLL	CDK2;GSK3B;MAPK1;MAPK3;MNAT1	hprd;pelm;psite	424
ENSP00000206249	ESR1	118	PPPQLSPFLQP	CDK2;CDK7;CHUK;GSK3B;MAPK1;MAPK14;MAPK3	hprd;pelm;psite	424
ENSP00000206249	ESR1	236	KNRRKSCQACR	PRKACA	pelm;psite	424
ENSP00000206249	ESR1	294	ANLWPSPLMIK		pelm;psite	424
ENSP00000215832	MAPK1	246	LGILGSPSQED		psite	671
ENSP00000417899	MECOM	526	TNKSQSPLMTH		psite	827
ENSP00000417899	MECOM	624	FKDKVSPLQNL		psite	827
ENSP00000417899	MECOM	726	KMEPQSPGEVK		psite	827
ENSP00000417899	MECOM	740	KGSSESPFDLT		psite	827
ENSP00000417899	MECOM	1039	NHGSQSPRNVE		hprd;pelm;psite	827
ENSP00000338934	EZR	332	KKRRETVEREK		psite	606
ENSP00000301838	FADD	194	RSGAMSPMSWN	CSNK1A1;HIPK3;MAP2K7;MAP3K1;PLK1	hprd;pelm;psite	948
ENSP00000347979	FAS	212	QGSHESPTLNP		hprd;pelm;psite	539
ENSP00000295956	FLNB	519	EYYPSTPGRYS		hprd;pelm;psite	619
ENSP00000295956	FLNB	537	HHIPKSPFEVQ		psite	619
ENSP00000295956	FLNB	630	EDIKDSPYMAF		psite	619
ENSP00000295956	FLNB	730	VNIPHSPYRVN		hprd;psite	619
ENSP00000295956	FLNB	833	QEIPASPFRVK		hprd;psite	619
ENSP00000295956	FLNB	886	NVQFNSPLPGD		hprd;pelm;psite	619
ENSP00000295956	FLNB	932	DPIPKSPFTVG		hprd;pelm;psite	619
ENSP00000295956	FLNB	983	DVTILSPSRKV		hprd;pelm;psite	619
ENSP00000295956	FLNB	1028	HPVPGSPYTVE		hprd;pelm;psite	619
ENSP00000295956	FLNB	1316	VPIPNSPFKVA		hprd;pelm;psite	619
ENSP00000295956	FLNB	1505	EEIPRSPFKVK		hprd;pelm;psite	619
ENSP00000295956	FLNB	1602	DDIPLSPYRIR		hprd;pelm;psite	619
ENSP00000295956	FLNB	1773	SGKTATPEIVD		psite	619
ENSP00000295956	FLNB	1916	DSRRCSQVKLG		psite	619
ENSP00000295956	FLNB	2083	EHVPGSPFTVK		hprd;pelm;psite	619
ENSP00000295956	FLNB	2135	SAHVTSPSGRV		psite	619
ENSP00000295956	FLNB	2291	DARRLTVMSLQ		psite	619
ENSP00000295956	FLNB	2325	DAKVHSPSGAV		psite	619
ENSP00000295956	FLNB	2369	SHVVGSPFKVR		hprd;psite	619
ENSP00000295956	FLNB	2465	NHIVGSPFKAK		hprd;psite	619
ENSP00000295956	FLNB	2478	GQRLVSPGSAN		hprd;pelm;psite	619
ENSP00000295956	FLNB	2554	VHGPTTPCEEV		psite	619
ENSP00000346839	FN1	1946	PANGQTPIQRT		psite	424
ENSP00000306245	FOS	32	LSYYHSPADSF	MAPK7	psite	995
ENSP00000306245	FOS	232	LPEVATPESEE	MAPK1;MAPK3;MAPK7	hprd;pelm;psite	995
ENSP00000306245	FOS	325	LEPLCTPVVTC	MAPK1;MAPK3	hprd;pelm;psite	995
ENSP00000306245	FOS	331	PVVTCTPSCTA	MAPK1;MAPK3	hprd;pelm;psite	995
ENSP00000306245	FOS	362	AHRKGSSSNEP	PRKACA;RPS6KA1;RPS6KA3	hprd;pelm;psite	995
ENSP00000306245	FOS	374	SDSLSSPTLLA	MAPK1	hprd;pelm;psite	995
ENSP00000342307	FOXM1	35	EEPKRSPAQQE	CDK4	psite	817
ENSP00000342307	FOXM1	331	PLDPGSPQLPE		hprd;pelm;psite	817
ENSP00000342307	FOXM1	489	FGEGFSPLLPV	CDK4;CDK6	psite	817
ENSP00000342307	FOXM1	527	LEEWPSPAPSF	CDK4;CDK6	psite	817
ENSP00000342307	FOXM1	546	EDSSQSPTPRP	CDK4;CDK6	psite	817
ENSP00000342307	FOXM1	548	SSQSPTPRPKK	CDK4;CDK6	psite	817
ENSP00000342307	FOXM1	560	YSGLRSPTRCV	CDK4;CDK6	psite	817
ENSP00000342307	FOXM1	638	GGPFKTPIKET	CDK4;CDK6	psite	817
ENSP00000342307	FOXM1	649	LPISSTPSKSV	CDK1;CDK4;CDK6	hprd;psite	817
ENSP00000342307	FOXM1	658	SVLPRTPESWR	CDK4;CDK6	hprd;pelm;psite	817
ENSP00000342307	FOXM1	665	ESWRLTPPAKV	CDK4;CDK6	hprd;pelm;psite	817
ENSP00000342307	FOXM1	676	GGLDFSPVQTS		psite	817
ENSP00000342307	FOXM1	710	APPLESPQRLL		psite	817
ENSP00000342307	FOXM1	731	PFGNSSPSDID		psite	817
ENSP00000342307	FOXM1	742	VPKPGSPEPQV	CDK4;CDK6	hprd;pelm;psite	817
ENSP00000368880	FOXO1	249	GKSGKSPRRRA	CDK1;CDK2;CDK4	psite	858
ENSP00000368880	FOXO1	287	EGAGDSPGSQF		hprd;pelm;psite	858
ENSP00000368880	FOXO1	298	SKWPASPGSHS		psite	858
ENSP00000368880	FOXO1	329	ISGRLSPIMTE	DYRK1A;NLK	hprd;pelm;psite	858
ENSP00000368880	FOXO1	383	LNLLSSPTSLT		psite	858
ENSP00000368880	FOXO1	394	VSTQSSPGTMM		psite	858
ENSP00000368880	FOXO1	402	TMMQQTPCYSF		psite	858
ENSP00000368880	FOXO1	416	NTSLNSPSPNY		psite	858
ENSP00000368880	FOXO1	418	SLNSPSPNYQK		psite	858
ENSP00000368880	FOXO1	432	GQSSMSPLPQM		hprd;pelm;psite	858
ENSP00000368880	FOXO1	470	LLTSDSPPHND		hprd;pelm;psite	858
ENSP00000363377	FOXO4	227	PPEGATPTSPV	MAPK8	psite	848
ENSP00000363377	FOXO4	230	GATPTSPVGHF	MAPK8	psite	848
ENSP00000363377	FOXO4	451	PKALGTPVLTP	AKT1;MAPK8;MAPK9	hprd;pelm;psite	848
ENSP00000363377	FOXO4	455	GTPVLTPPTEA	AKT1;MAPK8;MAPK9	hprd;pelm;psite	848
ENSP00000310170	FOSL1	74	TYPQYSPPQPR		pelm;psite	879
ENSP00000310170	FOSL1	101	PCEQISPEEEE		psite	879
ENSP00000310170	FOSL1	217	PEALHTPTLMT		psite	879
ENSP00000310170	FOSL1	223	PTLMTTPSLTP		psite	879
ENSP00000310170	FOSL1	230	SLTPFTPSLVF		psite	879
ENSP00000310170	FOSL1	240	FTYPSTPEPCA		psite	879
ENSP00000310170	FOSL1	252	AHRKSSSSSGD		psite	879
ENSP00000310170	FOSL1	265	SDPLGSPTLLA		hprd;psite	879
ENSP00000264716	FOSL2	19	RGSSGSPAHAE		hprd;pelm;psite	899
ENSP00000264716	FOSL2	83	RSHPYSPLPGL		hprd;pelm;psite	899
ENSP00000264716	FOSL2	120	RDEQLSPEEEE		hprd;pelm;psite	899
ENSP00000264716	FOSL2	200	PEERRSPPAPG		hprd;pelm;psite	899
ENSP00000264716	FOSL2	230	PLEEDSPSSSS		hprd;pelm;psite	899
ENSP00000264716	FOSL2	308	AHRRSSSSGDQ		hprd;pelm;psite	899
ENSP00000264716	FOSL2	320	SDSLNSPTLLA		hprd;psite	899
ENSP00000378529	FZR1	32	MRRTLTPASSP		hprd;pelm;psite	621
ENSP00000378529	FZR1	36	LTPASSPVSSP		hprd;pelm;psite	621
ENSP00000378529	FZR1	40	SSPVSSPSKHG	CDK5	hprd;pelm;psite	621
ENSP00000378529	FZR1	70	NENEKSPSQNR		pelm;psite	621
ENSP00000378529	FZR1	121	RLQPSTPEKKG	CDK5	psite	621
ENSP00000378529	FZR1	138	STKRSSPDDGN		hprd;pelm;psite	621
ENSP00000378529	FZR1	146	DGNDVSPYSLS		hprd;pelm;psite	621
ENSP00000378529	FZR1	151	SPYSLSPVSNK	CDK2	hprd;pelm;psite	621
ENSP00000378529	FZR1	163	QKLLRSPRKPT	CDK2;CDK5	hprd;pelm;psite	621
ENSP00000231509	NR3C1	8	SKESLTPGREE		hprd;pelm;psite	762
ENSP00000231509	NR3C1	45	KVSASSPSLAV		hprd;pelm;psite	762
ENSP00000231509	NR3C1	203	EFSSGSPGKET	CDK5	hprd;pelm;psite	762
ENSP00000231509	NR3C1	211	KETNESPWRSD	CDK5;MAPK14	hprd;pelm;psite	762
ENSP00000231509	NR3C1	226	ENCLLSPLAGE	CDK5;MAPK1;MAPK11;MAPK14;MAPK3;MAPK8	hprd;pelm;psite	762
ENSP00000231509	NR3C1	267	DLVLSSPSNVT		hprd;pelm;psite	762
ENSP00000231509	NR3C1	404	RPDVSSPPSSS	GSK3B	psite	762
ENSP00000381793	GRB10	104	IQPQVSPRQRV		hprd;pelm;psite	508
ENSP00000381793	GRB10	150	LCGPGSPPVLT	MAPK1;MAPK3	hprd;pelm;psite	508
ENSP00000381793	GRB10	155	SPPVLTPGSLP	MTOR	psite	508
ENSP00000381793	GRB10	418	RKALLSPFSTP	MAPK1	hprd;pelm;psite	508
ENSP00000381793	GRB10	422	LSPFSTPVRSV		hprd;pelm;psite	508
ENSP00000381793	GRB10	476	ILGSQSPLHPS	MAPK1;MAPK3;MTOR	hprd;pelm;psite	508
ENSP00000339007	GRB2	211	PRNYVTPVNRN		hprd;pelm;psite	517
ENSP00000335620	GSTA1	202	FLQPGSPRKPP		hprd;psite	563
ENSP00000420168	GSTA2	202	FLQPGSPRKPP		psite	563
ENSP00000211122	GSTA3	202	FLQPGSPRKPP		psite	563
ENSP00000408617	HDAC9	22	GLEPISPLDLR		psite	939
ENSP00000408617	HDAC9	243	AERRSSPLLRR		psite	939
ENSP00000408617	HDAC9	425	PLHPQSPLATK		psite	939
ENSP00000356248	PTPN7	83	QERRGSNVALM	PRKACA	hprd;pelm;psite	804
ENSP00000356248	PTPN7	105	ICSVNTPREVT	MAPK1;MAPK14	hprd;pelm;psite	804
ENSP00000356248	PTPN7	132	QRQPPSPKQLE	MAPK1;MAPK14	hprd;pelm;psite	804
ENSP00000356248	PTPN7	149	PSNFVSPEDLD		psite	804
ENSP00000313644	MAP4K4	187	VGRRNTFIGTP		psite	430
ENSP00000313644	MAP4K4	636	LKNNVSPVSRS		psite	430
ENSP00000313644	MAP4K4	643	VSRSHSFSDPS		psite	430
ENSP00000313644	MAP4K4	648	SFSDPSPKFAH		psite	430
ENSP00000313644	MAP4K4	716	LSRRDSPLQGS		psite	430
ENSP00000313644	MAP4K4	734	GQRNSTSSIEP		psite	430
ENSP00000313644	MAP4K4	786	RFRVRSSSKSE		psite	430
ENSP00000313644	MAP4K4	788	RVRSSSKSEGS		psite	430
ENSP00000313644	MAP4K4	793	SKSEGSPSQRL		psite	430
ENSP00000216117	HMOX1	192	NSLEMTPAVRQ		psite	871
ENSP00000216117	HMOX1	229	DTKDQSPSRAP		hprd;pelm;psite	871
ENSP00000216117	HMOX1	252	SAPVETPRGKP		psite	871
ENSP00000365439	HNRNPK	116	GLQLPSPTATS		hprd;pelm;psite	829
ENSP00000365439	HNRNPK	216	DLISESPIKGR	CDK1;CDK2;MAPK10;MAPK8	hprd;pelm;psite	829
ENSP00000365439	HNRNPK	284	DYDDMSPRRGP	MAPK10;MAPK3;PRKCD	hprd;pelm;psite	829
ENSP00000365439	HNRNPK	353	AIDTWSPSEWQ	MAPK10;MAPK3;MAPK8	hprd;pelm;psite	829
ENSP00000252825	HRC	563	VGAPLSPDHSE		psite	800
ENSP00000264009	HSF4	298	KEEPASPGGDG		psite	619
ENSP00000302961	HSPA4	384	QCAILSPAFKV		hprd;psite	878
ENSP00000302961	HSPA4	408	SLRWNSPAEEG		psite	878
ENSP00000302961	HSPA4	538	EQQQQTPAENK		hprd;pelm;psite	878
ENSP00000302961	HSPA4	780	LTSTCSPIISK		hprd;psite	878
ENSP00000264832	ICAM1	521	QAQKGTPMKPN		hprd;pelm;psite	878
ENSP00000358997	IRAK1	131	EAEAWSPRKLP		hprd;psite	430
ENSP00000358997	IRAK1	144	ASTFLSPAFPG		psite	430
ENSP00000358997	IRAK1	173	WPPPPSPAPSS		psite	430
ENSP00000358997	IRAK1	371	RFAGSSPSQSS		hprd;pelm;psite	430
ENSP00000304895	IRS1	268	EFRPRSKSQSS	IKBKB	hprd;pelm;psite	998
ENSP00000304895	IRS1	270	RPRSKSQSSSN	ATR;IKBKB;RPS6KB1	hprd;pelm;psite	998
ENSP00000304895	IRS1	305	TRRSRTESITA		psite	998
ENSP00000304895	IRS1	312	SITATSPASMV	IKBKB;MAPK8	hprd;pelm;psite	998
ENSP00000304895	IRS1	348	DGSPVSPSTNR		pelm;psite	998
ENSP00000304895	IRS1	446	SFRSVTPDSLG		psite	998
ENSP00000304895	IRS1	453	DSLGHTPPARG		psite	998
ENSP00000304895	IRS1	495	NGHRCTPGTGL		psite	998
ENSP00000304895	IRS1	531	HSAGTSPTITH	IKBKB	hprd;pelm;psite	998
ENSP00000304895	IRS1	616	GYMPMSPGVAP	MAPK3	hprd;pelm;psite	998
ENSP00000304895	IRS1	636	DYMPMSPKSVS	MAPK1;RPS6KB1	hprd;pelm;psite	998
ENSP00000304895	IRS1	666	GYMMMSPSGGC		hprd;psite	998
ENSP00000304895	IRS1	672	PSGGCSPDIGG		psite	998
ENSP00000304895	IRS1	892	PPEPKSPGEYV		pelm;psite	998
ENSP00000304895	IRS1	1005	SYVDTSPAAPV		psite	998
ENSP00000304895	IRS1	1043	SAASASPTGPQ		psite	998
ENSP00000304895	IRS1	1078	TRVNLSPNRNQ		pelm;psite	998
ENSP00000304895	IRS1	1100	CRRRHSSETFS		hprd;psite	998
ENSP00000304895	IRS1	1107	ETFSSTPSATR		psite	998
ENSP00000304895	IRS1	1143	VKRHSSASFEN		hprd;psite	998
ENSP00000304895	IRS1	1223	STRRSSEDLSA		hprd;pelm;psite	998
ENSP00000365016	IRS2	304	EFRPRSKSQSS		pelm;psite	971
ENSP00000365016	IRS2	306	RPRSKSQSSGS		hprd;pelm;psite	971
ENSP00000365016	IRS2	344	VRRSRTDSLAA		psite	971
ENSP00000365016	IRS2	350	DSLAATPPAAK		hprd;pelm;psite	971
ENSP00000365016	IRS2	363	SCRVRTASEGD		hprd;pelm;psite	971
ENSP00000365016	IRS2	388	VSVAGSPLSPG		hprd;pelm;psite	971
ENSP00000365016	IRS2	391	AGSPLSPGPVR	CDK1	hprd;pelm;psite	971
ENSP00000365016	IRS2	404	LSRSHTLSGGC		psite	971
ENSP00000365016	IRS2	506	DEYGSSPGDLR		psite	971
ENSP00000365016	IRS2	520	SHRSNTPESIA		hprd;pelm;psite	971
ENSP00000365016	IRS2	527	ESIAETPPARD		hprd;pelm;psite	971
ENSP00000365016	IRS2	560	SYRRVSGDAAQ		hprd;pelm;psite	971
ENSP00000365016	IRS2	575	GLRKRTYSLTT		psite	971
ENSP00000365016	IRS2	580	TYSLTTPARQR		hprd;pelm;psite	971
ENSP00000365016	IRS2	620	SCPASSPKVAY		hprd;pelm;psite	971
ENSP00000365016	IRS2	657	GYMPMTPGAAL		psite	971
ENSP00000365016	IRS2	679	DYMPMSPASVS		hprd;pelm;psite	971
ENSP00000365016	IRS2	731	GYKASSPAESS		hprd;pelm;psite	971
ENSP00000365016	IRS2	736	SPAESSPEDSG		hprd;pelm;psite	971
ENSP00000365016	IRS2	770	DYLNVSPSDAV		hprd;pelm;psite	971
ENSP00000365016	IRS2	779	AVTTGTPPDFF		hprd;pelm;psite	971
ENSP00000365016	IRS2	828	YVLMSSPVGRI		hprd;pelm;psite	971
ENSP00000365016	IRS2	915	PPEPKSPGEYI		hprd;pelm;psite	971
ENSP00000365016	IRS2	973	DSRQRSPLSDY		hprd;pelm;psite	971
ENSP00000365016	IRS2	1100	AARVASPTSGV		hprd;pelm;psite	971
ENSP00000365016	IRS2	1148	GRRRHSSETFS		hprd;pelm;psite	971
ENSP00000365016	IRS2	1159	STTTVTPVSPS		hprd;pelm;psite	971
ENSP00000365016	IRS2	1162	TVTPVSPSFAH		hprd;pelm;psite	971
ENSP00000365016	IRS2	1174	PKRHNSASVEN		hprd;pelm;psite	971
ENSP00000365016	IRS2	1203	DEPPTSPRQLQ		hprd;pelm;psite	971
ENSP00000241014	MAPK8IP1	15	GGGAASPPAAS	MAPK8	hprd;pelm;psite	999
ENSP00000241014	MAPK8IP1	29	GLHIASPPNFR	MAPK8	hprd;pelm;psite	999
ENSP00000241014	MAPK8IP1	103	DATGDTPGAED	MAPK8;MAPK9	hprd;pelm;psite	999
ENSP00000241014	MAPK8IP1	197	VSRSSSPLKTG	MAPK8	hprd;pelm;psite	999
ENSP00000241014	MAPK8IP1	205	KTGEQTPPHEH	MAPK8	hprd;pelm;psite	999
ENSP00000241014	MAPK8IP1	235	GTSTDSPCRRS		hprd;pelm;psite	999
ENSP00000241014	MAPK8IP1	241	PCRRSTATQMA		psite	999
ENSP00000241014	MAPK8IP1	284	EEIYLTPVQRP	MAPK8	hprd;pelm;psite	999
ENSP00000241014	MAPK8IP1	341	FDCLSSPERAE	MAPK8	hprd;pelm;psite	999
ENSP00000241014	MAPK8IP1	421	CASVSSPYESA	MAPK8	hprd;pelm;psite	999
ENSP00000241014	MAPK8IP1	448	LSEDSTPDEPD		hprd;pelm;psite	999
ENSP00000241014	MAPK8IP1	471	SGRSRSSSAES		pelm;psite	999
ENSP00000250894	MAPK8IP3	365	DRTGSSPTQGI	ROCK1	psite	997
ENSP00000250894	MAPK8IP3	585	FSSSSSPPPAK		hprd;pelm;psite	997
ENSP00000250894	MAPK8IP3	602	NIHYKSPTTAG		psite	997
ENSP00000250894	MAPK8IP3	676	KYKQLSPNGGQ		hprd;psite	997
ENSP00000262013	SPAG9	217	GDGLLTPDAQK		hprd;pelm;psite	748
ENSP00000262013	SPAG9	226	QKGGETPGSEQ		hprd;pelm;psite	748
ENSP00000262013	SPAG9	251	LKVSNSPEPQK		psite	748
ENSP00000262013	SPAG9	292	TIPTDTPLKEE		hprd;pelm;psite	748
ENSP00000262013	SPAG9	348	AIIESTPELDM		hprd;psite	748
ENSP00000262013	SPAG9	365	YKGSSTPTKGI		hprd;psite	748
ENSP00000262013	SPAG9	586	PTSHVTPSVKK	CDK2	hprd;pelm;psite	748
ENSP00000262013	SPAG9	595	KKRSSTLSQLP		hprd;pelm;psite	748
ENSP00000262013	SPAG9	730	KQRSASQSSLD		hprd;pelm;psite	748
ENSP00000262013	SPAG9	1238	PGQVISPQSSS		psite	748
ENSP00000262013	SPAG9	1264	EPGSQTPLKSM		hprd;pelm;psite	748
ENSP00000360266	JUN	63	SDLLTSPDVGL	CDK3;MAPK15;MAPK8;MAPK9;PLK3;PRKD1;VRK1	hprd;pelm;psite	999
ENSP00000360266	JUN	73	LLKLASPELER	CDK3;MAPK15;MAPK8;MAPK9;PLK3;VRK1	hprd;pelm;psite	999
ENSP00000360266	JUN	91	GHITTTPTPTQ	MAPK8	pelm;psite	999
ENSP00000360266	JUN	93	ITTTPTPTQFL	MAPK8;PAK2	pelm;psite	999
ENSP00000360266	JUN	239	EMPGETPPLSP	GSK3A;GSK3B	hprd;pelm;psite	999
ENSP00000360266	JUN	243	ETPPLSPIDME	CSNK2A1;GSK3A;GSK3B	hprd;pelm;psite	999
ENSP00000303315	JUNB	102	GVITTTPTPPG	MAPK14;MAPK8	hprd;pelm;psite	998
ENSP00000303315	JUNB	104	ITTTPTPPGQY	MAPK14;MAPK8	hprd;pelm;psite	998
ENSP00000303315	JUNB	255	RSRDATPPVSP	GSK3B	hprd;pelm;psite	998
ENSP00000303315	JUNB	259	ATPPVSPINME		hprd;pelm;psite	998
ENSP00000252818	JUND	71	AAPPPTPLRAD		psite	998
ENSP00000252818	JUND	90	DGLLASPDLGL		psite	998
ENSP00000252818	JUND	100	LLKLASPELER	MAPK8	hprd;pelm;psite	998
ENSP00000252818	JUND	117	GLVTTTPTSSQ		hprd;psite	998
ENSP00000252818	JUND	255	PSFGESPPLSP		hprd;pelm;psite	998
ENSP00000252818	JUND	259	ESPPLSPIDMD		hprd;pelm;psite	998
ENSP00000293308	KRT8	35	GSRISSSSFSR		hprd;pelm;psite	854
ENSP00000293308	KRT8	74	NQSLLSPLVLE	MAP2K1;MAP2K2;MAPK1;MAPK14;MAPK8;PRKCD	hprd;pelm;psite	854
ENSP00000293308	KRT8	432	YGGLTSPGLSY	CDK1;MAPK3	hprd;pelm;psite	854
ENSP00000414982	KLC1	460	ACKVDSPTVTT		hprd;pelm;psite	431
ENSP00000414982	KLC1	561	LKRSGSFSKLR		psite	431
ENSP00000414982	KLC1	573	SIRRSSEKLVR		psite	431
ENSP00000352257	XRCC6	455	EKIMATPEQVG	CDK2	hprd;psite	631
ENSP00000296755	MAP1B	25	PAASTSPSLSH		hprd;psite	671
ENSP00000296755	MAP1B	91	HSARFSPEVPG		psite	671
ENSP00000296755	MAP1B	527	TGQVPTPVVKQ		psite	671
ENSP00000296755	MAP1B	614	SKEEPSPVKAE		hprd;pelm;psite	671
ENSP00000296755	MAP1B	704	EVKKETPPKEV		hprd;psite	671
ENSP00000296755	MAP1B	744	AKKSSTPLSEA		psite	671
ENSP00000296755	MAP1B	832	RSLMSSPEDLT		hprd;pelm;psite	671
ENSP00000296755	MAP1B	970	SASKHSPTEDE		hprd;pelm;psite	671
ENSP00000296755	MAP1B	1067	YGFLTTPTKQL		hprd;pelm;psite	671
ENSP00000296755	MAP1B	1076	QLGAQSPGREP		psite	671
ENSP00000296755	MAP1B	1154	NEETESPSQEF		hprd;pelm;psite	671
ENSP00000296755	MAP1B	1208	SASTISPPSSM		hprd;psite	671
ENSP00000296755	MAP1B	1252	SSEKVSPSKSP		hprd;pelm;psite	671
ENSP00000296755	MAP1B	1256	VSPSKSPSLSP		hprd;pelm;psite	671
ENSP00000296755	MAP1B	1260	KSPSLSPSPPS		hprd;pelm;psite	671
ENSP00000296755	MAP1B	1262	PSLSPSPPSPL		hprd;pelm;psite	671
ENSP00000296755	MAP1B	1265	SPSPPSPLEKT		hprd;pelm;psite	671
ENSP00000296755	MAP1B	1282	VNFSLTPNEIK		hprd;pelm;psite	671
ENSP00000296755	MAP1B	1298	EVAPVSPEVTQ		hprd;psite	671
ENSP00000296755	MAP1B	1312	EEHCASPEDKT		hprd;psite	671
ENSP00000296755	MAP1B	1322	TLEVVSPSQSV		hprd;pelm;psite	671
ENSP00000296755	MAP1B	1334	GSAGHTPYYQS		hprd;psite	671
ENSP00000296755	MAP1B	1339	TPYYQSPTDEK		hprd;pelm;psite	671
ENSP00000296755	MAP1B	1378	ERASVSPMDEP		hprd;pelm;psite	671
ENSP00000296755	MAP1B	1389	VPDSESPIEKV		hprd;pelm;psite	671
ENSP00000296755	MAP1B	1396	IEKVLSPLRSP		hprd;pelm;psite	671
ENSP00000296755	MAP1B	1400	LSPLRSPPLIG		hprd;pelm;psite	671
ENSP00000296755	MAP1B	1427	GRGAESPFEEK		hprd;pelm;psite	671
ENSP00000296755	MAP1B	1438	SGKQGSPDQVS		hprd;pelm;psite	671
ENSP00000296755	MAP1B	1443	SPDQVSPVSEM		hprd;pelm;psite	671
ENSP00000296755	MAP1B	1501	KLGDVSPTQID		hprd;pelm;psite	671
ENSP00000296755	MAP1B	1618	CPRPMSISPPD		hprd;pelm;psite	671
ENSP00000296755	MAP1B	1620	RPMSISPPDFS		hprd;pelm;psite	671
ENSP00000296755	MAP1B	1625	SPPDFSPKTAK		hprd;pelm;psite	671
ENSP00000296755	MAP1B	1633	TAKSRTPVQDH		hprd;pelm;psite	671
ENSP00000296755	MAP1B	1653	EFGQESPEQSL		hprd;psite	671
ENSP00000296755	MAP1B	1666	DFSRQSPDHPT		psite	671
ENSP00000296755	MAP1B	1779	EGEKLSPKSDI		hprd;pelm;psite	671
ENSP00000296755	MAP1B	1785	PKSDISPLTPR		hprd;pelm;psite	671
ENSP00000296755	MAP1B	1788	DISPLTPRESS		hprd;pelm;psite	671
ENSP00000296755	MAP1B	1793	TPRESSPLYSP		hprd;pelm;psite	671
ENSP00000296755	MAP1B	1797	SSPLYSPTFSD		hprd;pelm;psite	671
ENSP00000296755	MAP1B	1819	CHSSSSPPIDA		hprd;psite	671
ENSP00000296755	MAP1B	1853	NRDLSTPGLEK		psite	671
ENSP00000296755	MAP1B	1881	EETTRSPDEED		hprd;psite	671
ENSP00000296755	MAP1B	1915	ERTTKSPSDSG		hprd;psite	671
ENSP00000296755	MAP1B	1932	GKTTKTPEDGD		hprd;psite	671
ENSP00000296755	MAP1B	1949	EKTTRTPEEGG		hprd;psite	671
ENSP00000296755	MAP1B	1965	SEKTTSPPEVS		hprd;psite	671
ENSP00000296755	MAP1B	2034	TKTTRTPDTST		hprd;psite	671
ENSP00000296755	MAP1B	2098	PKTELSPSFIN		hprd;psite	671
ENSP00000296755	MAP1B	2209	PVQDRSPSPRH		hprd;pelm;psite	671
ENSP00000296755	MAP1B	2211	QDRSPSPRHPD		hprd;pelm;psite	671
ENSP00000296755	MAP1B	2271	KPLAASPKPAG		hprd;psite	671
ENSP00000296755	MAP1B	2289	VSRVASPKKKE		hprd;pelm;psite	671
ENSP00000296755	MAP1B	2305	AKPTTTPEVKA		psite	671
ENSP00000353508	MAP2	285	LVAPISPGPLT		psite	854
ENSP00000353508	MAP2	290	SPGPLTPMREK		psite	854
ENSP00000353508	MAP2	821	RSRLASVSADA		hprd;psite	854
ENSP00000353508	MAP2	833	VARRKSVPSET		pelm;psite	854
ENSP00000353508	MAP2	1155	GKKETSPESSL		hprd;psite	854
ENSP00000353508	MAP2	1324	VERRPSPHDEE		psite	854
ENSP00000353508	MAP2	1347	EPKDGSPEAPA		hprd;psite	854
ENSP00000353508	MAP2	1353	PEAPASPEREE		hprd;psite	854
ENSP00000353508	MAP2	1440	RGRISTPERKV		psite	854
ENSP00000353508	MAP2	1534	DGVTKSPEKRS		psite	854
ENSP00000353508	MAP2	1592	KSGTSTPTTPG		psite	854
ENSP00000353508	MAP2	1595	TSTPTTPGSTA		psite	854
ENSP00000353508	MAP2	1602	GSTAITPGTPP		hprd;psite	854
ENSP00000353508	MAP2	1605	AITPGTPPSYS		hprd;psite	854
ENSP00000353508	MAP2	1619	PGTPGTPSYPR		hprd;psite	854
ENSP00000353508	MAP2	1631	PHTPGTPKSAI		psite	854
ENSP00000353508	MAP2	1649	VAIIRTPPKSP		psite	854
ENSP00000353508	MAP2	1653	RTPPKSPATPK		psite	854
ENSP00000353508	MAP2	1656	PKSPATPKQLR		psite	854
ENSP00000353508	MAP2	1782	EIITQSPGRSS	PRKACA	hprd;pelm;psite	854
ENSP00000353508	MAP2	1790	RSSVASPRRLS		psite	854
ENSP00000353508	MAP2	1795	SPRRLSNVSSS	MARK1	hprd;pelm;psite	854
ENSP00000353508	MAP2	1808	INLLESPQLAT		psite	854
ENSP00000330572	MAPK8IP2	246	GGRRSSQELSS		psite	943
ENSP00000348273	MBP	232	IVTPRTPPPSQ	MAPK1;MAPK3	hprd;pelm;psite	563
ENSP00000358022	MCL1	64	GSAGASPPSTL	CDK1;CDK2;MAPK8	psite	800
ENSP00000358022	MCL1	92	PDVTATPARLL	CDK1;MAPK3	psite	800
ENSP00000358022	MCL1	121	ADAIMSPEEEL	MAPK8	hprd;pelm;psite	800
ENSP00000358022	MCL1	163	GSLPSTPPPAE	MAPK1;MAPK3;MAPK8	hprd;pelm;psite	800
ENSP00000417899	MECOM	62	TPKEGSPYKAP		hprd;psite	827
ENSP00000302486	MAP2K1	231	TRSYMSPERLQ		hprd;psite	832
ENSP00000302486	MAP2K1	286	GDAAETPPRPR	CDK1;CDK5	hprd;pelm;psite	832
ENSP00000302486	MAP2K1	292	PPRPRTPGRPL	CDK1;MAPK1;MAPK3	hprd;pelm;psite	832
ENSP00000302486	MAP2K1	386	LNQPSTPTHAA	MAPK1;RAF1	hprd;pelm;psite	832
ENSP00000382423	MAP3K1	21	GARATSPEAGG		psite	930
ENSP00000382423	MAP3K1	154	PAAEPSPAAAP		psite	930
ENSP00000382423	MAP3K1	232	HLAAESPGEVQ		psite	930
ENSP00000382423	MAP3K1	242	QASAASPASKG		psite	930
ENSP00000382423	MAP3K1	250	SKGRRSPSPGN		psite	930
ENSP00000382423	MAP3K1	252	GRRSPSPGNSP		psite	930
ENSP00000382423	MAP3K1	275	RRKRVSPVPFQ		psite	930
ENSP00000382423	MAP3K1	285	QSGRITPPRRA		psite	930
ENSP00000382423	MAP3K1	292	PRRAPSPDGFS		pelm;psite	930
ENSP00000382423	MAP3K1	297	SPDGFSPYSPE		pelm;psite	930
ENSP00000382423	MAP3K1	300	GFSPYSPEETN		pelm;psite	930
ENSP00000382423	MAP3K1	507	SHELSSPVDSP		pelm;psite	930
ENSP00000382423	MAP3K1	511	SSPVDSPSSLR		pelm;psite	930
ENSP00000382423	MAP3K1	665	AMLVYTPCHSL		psite	930
ENSP00000382423	MAP3K1	1016	PCRIPSASPQT		psite	930
ENSP00000382423	MAP3K1	1018	RIPSASPQTQR		psite	930
ENSP00000382423	MAP3K1	1043	DSDKLSPVFTQ		psite	930
ENSP00000382423	MAP3K1	1114	DETVFTPVEEK		psite	930
ENSP00000382423	MAP3K1	1157	EVAVLSPEKAE		psite	930
ENSP00000343463	MAP3K2	164	SRDRSSPPPGY		hprd;pelm;psite	732
ENSP00000343463	MAP3K2	297	GTSLRSPVSFS		pelm;psite	732
ENSP00000343463	MAP3K2	302	SPVSFSPTDHS		psite	732
ENSP00000343463	MAP3K2	331	IRRRGSDIDNP		hprd;pelm;psite	732
ENSP00000343463	MAP3K2	344	TVMDISPPSRS		hprd;pelm;psite	732
ENSP00000343463	MAP3K2	349	SPPSRSPRAPT		hprd;psite	732
ENSP00000343463	MAP3K2	524	KSVTGTPYWMS		psite	732
ENSP00000306138	GRM5	1020	RPRSPSPISTL		psite	810
ENSP00000262445	MAP2K4	78	IERLRTHSIES		psite	999
ENSP00000262445	MAP2K4	90	GKLKISPEQHW		hprd;pelm;psite	999
ENSP00000262445	MAP2K4	394	PATPSSPMYVD		hprd;psite	999
ENSP00000381066	MAP2K7	35	LNLDISPQRPR		hprd;psite	991
ENSP00000381066	MAP2K7	61	PSSESSPQHPT		psite	991
ENSP00000381066	MAP2K7	66	SPQHPTPPARP		psite	991
ENSP00000381066	MAP2K7	83	PSTLFTPRSME		psite	991
ENSP00000239223	DUSP1	296	RRSIISPNFSF	MAPK1	hprd;pelm;psite	990
ENSP00000239223	DUSP1	323	SAEAGSPAMAV	MAPK1	hprd;pelm;psite	990
ENSP00000239223	DUSP1	359	LSYLQSPITTS	MAPK1	hprd;pelm;psite	990
ENSP00000240100	DUSP4	359	GKTPATPTSQF		psite	975
ENSP00000240100	DUSP4	386	LPYLHSPITTS		psite	975
ENSP00000279488	DUSP6	159	SCSSSSPPLPV	MAPK1;MAPK3	hprd;pelm;psite	876
ENSP00000279488	DUSP6	174	GLRISSDSSSD	MAPK3	psite	876
ENSP00000279488	DUSP6	197	TDSDGSPLSNS	MAPK1;MAPK3	hprd;psite	876
ENSP00000279488	DUSP6	331	KKSNISPNFNF		hprd;pelm;psite	876
ENSP00000279488	DUSP6	351	TLGLSSPCDNR		hprd;psite	876
ENSP00000228862	DUSP16	446	KLCQFSPVQEL	MAPK1	hprd;pelm;psite	936
ENSP00000228862	DUSP16	501	QRSLLSPLHRS		hprd;pelm;psite	936
ENSP00000353408	MSN	74	DVRKESPLLFK		psite	599
ENSP00000353408	MSN	469	KTAMSTPHVAE		hprd;psite	599
ENSP00000354558	MTOR	567	AHQLASPGLTT		hprd;psite	462
ENSP00000354558	MTOR	1166	RTLDQSPELRS		hprd;psite	462
ENSP00000354558	MTOR	2446	RSRTRTDSYSA	AKT1;RPS6KB1	hprd;pelm;psite	462
ENSP00000354558	MTOR	2448	RTRTDSYSAGQ	AKT1;RPS6KB1	hprd;pelm;psite	462
ENSP00000367207	MYC	73	FELLPTPPLSP	GSK3A;GSK3B;MAPK1;MAPK10	hprd;pelm;psite	978
ENSP00000367207	MYC	77	PTPPLSPSRRS	CDK5;MAPK1;MAPK10;MAPK8;MAPK9;MTOR	hprd;pelm;psite	978
ENSP00000367207	MYC	86	RSGLCSPSYVA	MAPK10;MAPK8;MAPK9	hprd;pelm;psite	978
ENSP00000367207	MYC	176	RKDSGSPNPAR		hprd;psite	978
ENSP00000367207	MYC	296	RSESGSPSAGG		psite	978
ENSP00000367207	MYC	308	SKPPHSPLVLK		psite	978
ENSP00000367207	MYC	359	NRKCTSPRSSD		hprd;psite	978
ENSP00000379625	MYD88	257	FALSLSPGAHQ		psite	514
ENSP00000312436	NFE2	346	SGNSYSPEEYA		psite	621
ENSP00000379330	NFATC2	53	AHKVASPPSGP		psite	930
ENSP00000379330	NFATC2	110	GASGLSPRIEI		psite	930
ENSP00000379330	NFATC2	116	PRIEITPSHEL		psite	930
ENSP00000379330	NFATC2	148	AGVAASPRFTL		psite	930
ENSP00000379330	NFATC2	213	IPAHYSPRTSP		hprd;psite	930
ENSP00000379330	NFATC2	217	YSPRTSPIMSP		hprd;psite	930
ENSP00000379330	NFATC2	221	TSPIMSPRTSL		hprd;psite	930
ENSP00000379330	NFATC2	236	CLGRHSPVPRP		hprd;psite	930
ENSP00000379330	NFATC2	243	VPRPASRSSSP		hprd;psite	930
ENSP00000379330	NFATC2	247	ASRSSSPGAKR		psite	930
ENSP00000379330	NFATC2	255	AKRRHSCAEAL		psite	930
ENSP00000379330	NFATC2	326	KMWKTSPDPSP		hprd;pelm;psite	930
ENSP00000379330	NFATC2	330	TSPDPSPVSAA		hprd;pelm;psite	930
ENSP00000379330	NFATC2	363	GERRNSAPESI		hprd;psite	930
ENSP00000379330	NFATC2	585	VERQDTDSCLV		hprd;pelm;psite	930
ENSP00000379330	NFATC2	757	YQRSKSLSPSL		hprd;psite	930
ENSP00000379330	NFATC2	759	RSKSLSPSLLG		hprd;psite	930
ENSP00000379330	NFATC2	856	QGQRLSPGSYP		psite	930
ENSP00000388910	NFATC4	231	GGAFFSPSPGS	MAPK14	hprd;pelm;psite	824
ENSP00000388910	NFATC4	233	AFFSPSPGSSS	MAPK14	hprd;pelm;psite	824
ENSP00000388910	NFATC4	276	RFGLGSPLPSP	MAPK8;MAPK9	hprd;psite	824
ENSP00000388910	NFATC4	280	GSPLPSPRASP	MAPK8;MAPK9	hprd;psite	824
ENSP00000388910	NFATC4	289	SPRPWTPEDPW		psite	824
ENSP00000388910	NFATC4	327	SPRPASPCGKR		psite	824
ENSP00000388910	NFATC4	335	GKRRYSSSGTP		pelm;psite	824
ENSP00000388910	NFATC4	344	TPSSASPALSR	RPS6KA3	psite	824
ENSP00000388910	NFATC4	352	LSRRGSLGEEG	RPS6KA3	hprd;psite	824
ENSP00000388910	NFATC4	397	KTRRTSSEQAV		pelm;psite	824
ENSP00000388910	NFATC4	739	GRRKRSPTQSF	MAPK1;MAPK3;RPS6KA3	pelm;psite	824
ENSP00000396538	NFAT5	17	DLDLESPKSLY		hprd;psite	427
ENSP00000396538	NFAT5	153	QQHPSTPKRHT	CDK5	hprd;psite	427
ENSP00000396538	NFAT5	163	TVLYISPPPED		hprd;psite	427
ENSP00000396538	NFAT5	579	KKEISSPARPC		psite	427
ENSP00000384273	RELA	254	AIVFRTPPYAD		pelm;psite	468
ENSP00000384273	RELA	276	QLRRPSDRELS	PIM1;PRKACA;RPS6KA4;RPS6KA5	hprd;pelm;psite	468
ENSP00000262461	SLC12A2	266	NGEESTPTRDA		pelm;psite	800
ENSP00000243050	NR4A1	95	SSSATSPASAS	MAPK8	psite	922
ENSP00000243050	NR4A1	140	PCSAPSPSTPS		psite	922
ENSP00000243050	NR4A1	143	APSPSTPSFQP	MAPK1	hprd;psite	922
ENSP00000243050	NR4A1	152	QPPQLSPWDGS		psite	922
ENSP00000243050	NR4A1	360	QPPDASPANLL		psite	922
ENSP00000243050	NR4A1	431	GFAELSPADQD	MAPK1	psite	922
ENSP00000162330	BCAR1	134	QVPGPSPQFQS		hprd;pelm;psite	671
ENSP00000162330	BCAR1	139	SPQFQSPPAKQ		hprd;pelm;psite	671
ENSP00000162330	BCAR1	269	QEVYDTPPMAV		hprd;pelm;psite	671
ENSP00000162330	BCAR1	355	APPPDSPPAED		psite	671
ENSP00000162330	BCAR1	639	SRPLPSPPKFT		hprd;pelm;psite	671
ENSP00000244741	CDKN1A	57	DFVTETPLEGD	GSK3B;MAPK1;MAPK14;MAPK8	hprd;pelm;psite	906
ENSP00000244741	CDKN1A	98	RRPGTSPALLQ	MAP3K5	pelm;psite	906
ENSP00000244741	CDKN1A	130	EQAEGSPGGPG	CDK2;CDK6;MAPK1;MAPK14;MAPK8	hprd;pelm;psite	906
ENSP00000244741	CDKN1A	145	RKRRQTSMTDF	AKT1;DAPK3;PIM1;PIM2;PRKCA	hprd;pelm;psite	906
ENSP00000229794	MAPK14	241	LRLVGTPGAEL		psite	657
ENSP00000269305	TP53	33	ENNVLSPLPSQ	CDK5;CDK7;CDK9;MAPK14;PRKDC	hprd;pelm;psite	999
ENSP00000269305	TP53	46	DDLMLSPDDIE	ATM;CDK5;DYRK2;HIPK2;MAPK14;PRKCD;PRKDC	hprd;pelm;psite	999
ENSP00000269305	TP53	81	APAAPTPAAPA	MAPK8	hprd;psite	999
ENSP00000269305	TP53	150	LWVDSTPPPGT	CSNK2A1	psite	999
ENSP00000269305	TP53	315	NNTSSSPQPKK	AURKA;CDK1;CDK2;CDK9	hprd;pelm;psite	999
ENSP00000225577	RPS6KB1	390	KFTRQTPVDSP	MTOR	hprd;pelm;psite	712
ENSP00000225577	RPS6KB1	394	QTPVDSPDDST	CDK1;MTOR	hprd;pelm;psite	712
ENSP00000225577	RPS6KB1	434	EPKIRSPRRFI	CDK1;MAPK1;MTOR	hprd;pelm;psite	712
ENSP00000225577	RPS6KB1	441	RRFIGSPRTPV		hprd;pelm;psite	712
ENSP00000225577	RPS6KB1	444	IGSPRTPVSPV	CDK1;MAPK1	hprd;pelm;psite	712
ENSP00000225577	RPS6KB1	447	PRTPVSPVKFS	CDK1;MAPK1;MTOR	hprd;pelm;psite	712
ENSP00000225577	RPS6KB1	452	SPVKFSPGDFW		hprd;pelm;psite	712
ENSP00000225577	RPS6KB1	470	TANPQTPVEYP		hprd;pelm;psite	712
ENSP00000367545	TP73	86	SASPYTPEHAA	CDK1;CDK2	hprd;pelm;psite	675
ENSP00000355759	PARP1	41	AIMVQSPMFDG		hprd;pelm;psite	902
ENSP00000355759	PARP1	368	ASVAATPPPST		hprd;pelm;psite	902
ENSP00000287295	AIFM1	105	SGLGLTPEQKQ		hprd;psite	425
ENSP00000344220	PDPK1	25	LCSCPSPSMVR	PDK1;PDPK1	hprd;pelm;psite	676
ENSP00000344220	PDPK1	37	QTESSTPPGIP		hprd;pelm;psite	676
ENSP00000344220	PDPK1	231	TAKVLSPESKQ		psite	676
ENSP00000344220	PDPK1	354	NLHQQTPPKLT		psite	676
ENSP00000263967	PIK3CA	312	YSRRISTATPY		psite	514
ENSP00000366563	PIK3CD	520	LERRGSGELYE		psite	516
ENSP00000274335	PIK3R1	83	GRKKISPPTPK		psite	846
ENSP00000274335	PIK3R1	154	LYRTQSSSNLA		psite	846
ENSP00000263125	PRKCQ	348	GISWESPLDEV		hprd;psite	821
ENSP00000263125	PRKCQ	542	NTFCGTPDYIA		psite	821
ENSP00000333568	PRKD1	205	RRRRLSNVSLT	PKD1;PRKD1	hprd;pelm;psite	655
ENSP00000333568	PRKD1	235	PLLQKSPSESF		psite	655
ENSP00000333568	PRKD1	249	EKRSNSQSYIG		hprd;pelm;psite	655
ENSP00000333568	PRKD1	397	ANRTISPSTSN		hprd;pelm;psite	655
ENSP00000343325	PKN1	69	NLRRATTDLGR		psite	412
ENSP00000343325	PKN1	118	HDGPQSPGAGG		psite	412
ENSP00000343325	PKN1	211	DDTQGSPDLGA		hprd;psite	412
ENSP00000343325	PKN1	359	MGGPGTPDSRP		hprd;psite	412
ENSP00000343325	PKN1	380	YSRSGSLSGRS	PKN1	hprd;psite	412
ENSP00000343325	PKN1	539	GTGTFSPGASP		hprd;pelm;psite	412
ENSP00000343325	PKN1	543	FSPGASPGSEA		hprd;pelm;psite	412
ENSP00000343325	PKN1	568	TDSDSSPQKSS		hprd;pelm;psite	412
ENSP00000343325	PKN1	614	SPLRKSPLTLE	PKN1	hprd;psite	412
ENSP00000343325	PKN1	784	STFCGTPEFLA		hprd;pelm;psite	412
ENSP00000343325	PKN1	922	EAPTLSPPRDA		hprd;pelm;psite	412
ENSP00000287820	PPARG	112	KVEPASPPYYS	CDK9;MAPK1;MAPK8	hprd;pelm;psite	950
ENSP00000287820	PPARG	273	KTTDKSPFVIY	CDK5	psite	950
ENSP00000418447	PPP2CA	304	HVTRRTPDYFL		pelm;psite	676
ENSP00000221138	PPP2CB	304	HVTRRTPDYFL		psite	653
ENSP00000325120	PGR	20	AGGPPSPEVGS		pelm;psite	836
ENSP00000325120	PGR	102	GGSSSSPPEKD		pelm;psite	836
ENSP00000325120	PGR	130	GQSQPSPPACE		pelm;psite	836
ENSP00000325120	PGR	162	TQRVLSPLMSR	CDK2	hprd;pelm;psite	836
ENSP00000325120	PGR	190	LPRGLSPARQL	CDK2	pelm;psite	836
ENSP00000325120	PGR	213	APVKPSPQAAA	CDK2	pelm;psite	836
ENSP00000325120	PGR	294	MAPGRSPLATT	CDK2;MAPK1;MAPK3	pelm;psite	836
ENSP00000325120	PGR	345	APPRSSPCASS		pelm;psite	836
ENSP00000325120	PGR	400	EASARSPRSYL	CDK2	pelm;psite	836
ENSP00000325120	PGR	554	SEASQSPQYSF		psite	836
ENSP00000325120	PGR	676	QRFTFSPGQDI	CDK2	pelm;psite	836
ENSP00000357879	PSMD4	115	IAFVGSPVEDN		hprd;psite	466
ENSP00000361021	PTEN	366	SSTSVTPDVSD	CSNK2A1;GSK3B;PLK3	hprd;pelm;psite	867
ENSP00000283228	PTPRR	361	FVSIPTPREKV	MAPK1	hprd;psite	800
ENSP00000280362	PTS	19	VSRRISFSASH	PRKG1;PRKG2	hprd;pelm;psite	502
ENSP00000228307	PXN	29	FLSEETPYSYP		psite	950
ENSP00000228307	PXN	85	QPQSSSPVYGS	CDK5;MAPK14	hprd;pelm;psite	950
ENSP00000228307	PXN	106	QDSVGSPCSRV		hprd;pelm;psite	950
ENSP00000228307	PXN	130	KSAEPSPTVMS	MAPK1;MAPK3	hprd;pelm;psite	950
ENSP00000228307	PXN	178	LPGALSPLYGV	MAPK8	hprd;psite	950
ENSP00000228307	PXN	244	QGEMSSPQRVT		hprd;psite	950
ENSP00000228307	PXN	303	DGGRSSPGGQD		pelm;psite	950
ENSP00000228307	PXN	322	KTGSSSPPGGP		hprd;pelm;psite	950
ENSP00000228307	PXN	414	YHNLFSPRCYY		hprd;psite	950
ENSP00000348461	RAC1	127	HHCPNTPIILV		psite	752
ENSP00000264926	RAD18	99	QFALESPAKSP	CDK2	hprd;pelm;psite	620
ENSP00000264926	RAD18	103	ESPAKSPASSS		hprd;pelm;psite	620
ENSP00000264926	RAD18	118	AVKVYTPVASR		hprd;pelm;psite	620
ENSP00000264926	RAD18	142	LIREMSGSTSE		psite	620
ENSP00000264926	RAD18	158	NKSKFSPQKEA		hprd;pelm;psite	620
ENSP00000264926	RAD18	164	PQKEASPAAKT		hprd;pelm;psite	620
ENSP00000264926	RAD18	409	QSKLDSPEELE		hprd;pelm;psite	620
ENSP00000264926	RAD18	471	QDTEISPRQNR		hprd;pelm;psite	620
ENSP00000251849	RAF1	29	GSSCISPTIVQ	MAPK1	hprd;pelm;psite	832
ENSP00000251849	RAF1	43	YQRRASDDGKL	PRKACA;PRKCA	hprd;pelm;psite	832
ENSP00000251849	RAF1	234	QHRYSTPHAFT		psite	832
ENSP00000251849	RAF1	244	TFNTSSPSSEG		hprd;psite	832
ENSP00000251849	RAF1	257	SQRQRSTSTPN		hprd;pelm;psite	832
ENSP00000251849	RAF1	260	QRSTSTPNVHM		hprd;pelm;psite	832
ENSP00000251849	RAF1	285	AIRSHSESASP		psite	832
ENSP00000251849	RAF1	289	HSESASPSALS	MAPK1;MAPK3	hprd;pelm;psite	832
ENSP00000251849	RAF1	296	SALSSSPNNLS	MAPK1;MAPK3	hprd;pelm;psite	832
ENSP00000251849	RAF1	301	SPNNLSPTGWS	MAPK1;MAPK3	hprd;pelm;psite	832
ENSP00000251849	RAF1	310	WSQPKTPVPAQ		psite	832
ENSP00000251849	RAF1	357	STRIGSGSFGT		psite	832
ENSP00000251849	RAF1	642	CTLTTSPRLPV	MAPK1	hprd;pelm;psite	832
ENSP00000254066	RARA	77	VPSPPSPPPLP	CDK7	pelm;psite	823
ENSP00000254066	RARA	181	ESYTLTPEVGE	MAPK8	pelm;psite	823
ENSP00000254066	RARA	369	RKRRPSRPHMF	PRKACA	psite	823
ENSP00000254066	RARA	445	PPGSCSPSLSP	MAPK8	pelm;psite	823
ENSP00000349547	RASSF1	206	SVRRRTSFYLP	AURKA	hprd;psite	924
ENSP00000349547	RASSF1	207	VRRRTSFYLPK	AURKA;AURKB;CDK4;PRKACA	psite	924
ENSP00000267163	RB1	230	YFIKLSPPMLL	CDK2	hprd;psite	666
ENSP00000267163	RB1	249	IPINGSPRTPR	CDK1;CDK2	hprd;pelm;psite	666
ENSP00000267163	RB1	252	NGSPRTPRRGQ	CDK1;CDK2;CDK4	hprd;pelm;psite	666
ENSP00000267163	RB1	356	FETQRTPRKSN	CDK2;CDK4	hprd;pelm;psite	666
ENSP00000267163	RB1	373	VIPPHTPVRTV	CDK1;CDK2;CDK4	hprd;pelm;psite	666
ENSP00000267163	RB1	567	AWLSDSPLFDL	CDK2;MAPK14	hprd;psite	666
ENSP00000267163	RB1	608	ADMYLSPVRSP	CDK2;CDK4	hprd;psite	666
ENSP00000267163	RB1	612	LSPVRSPKKKG	CDK2;CDK4;CDK6;CHEK1;CHEK2	hprd;pelm;psite	666
ENSP00000267163	RB1	778	STRPPTLSPIP		psite	666
ENSP00000267163	RB1	780	RPPTLSPIPHI	AURKB;CDK4;CDK6;PRKACA	hprd;psite	666
ENSP00000267163	RB1	788	PHIPRSPYKFP	CDK4;CDK6	hprd;psite	666
ENSP00000267163	RB1	795	YKFPSSPLRIP	CDK4;CDK5;CDK6;CDK9	hprd;psite	666
ENSP00000267163	RB1	807	GNIYISPLKSP	CDK1;CDK2;CDK3;CDK4;CDK5;CDK6;CDK9	hprd;pelm;psite	666
ENSP00000267163	RB1	811	ISPLKSPYKIS	CDK1;CDK2;CDK3;CDK4;CDK5;CDK6;CDK9	hprd;pelm;psite	666
ENSP00000267163	RB1	821	SEGLPTPTKMT	CDK2;CDK6	hprd;pelm;psite	666
ENSP00000267163	RB1	826	TPTKMTPRSRI	CDK2;CDK4;CDK6	hprd;pelm;psite	666
ENSP00000347942	RET	696	GARRPSLDSME	PRKACA	pelm;psite	645
ENSP00000220751	RIPK2	174	KWRMMSLSQSR		psite	819
ENSP00000220751	RIPK2	357	HENSGSPETSR		psite	819
ENSP00000220751	RIPK2	529	LVVSRSPSLNL		hprd;psite	819
ENSP00000401802	PSMC6	258	GGRRFSEGTSA		psite	534
ENSP00000369270	RREB1	36	TENGGSPQGIK		hprd;pelm;psite	554
ENSP00000369270	RREB1	42	PQGIKSPSKPP		hprd;pelm;psite	554
ENSP00000369270	RREB1	161	ATAPPSPLKRR		hprd;psite	554
ENSP00000369270	RREB1	514	PKPLVTPRTVV		psite	554
ENSP00000369270	RREB1	1122	PAATTSPKESS		hprd;psite	554
ENSP00000369270	RREB1	1140	SPEAASPTEQG		psite	554
ENSP00000369270	RREB1	1194	DTNKFSPFLQT		psite	554
ENSP00000369270	RREB1	1225	DEEQGSPPEDK		hprd;pelm;psite	554
ENSP00000369270	RREB1	1375	TAETASPVHRE		hprd;pelm;psite	554
ENSP00000369270	RREB1	1554	KPKTDSPKSVA		psite	554
ENSP00000369270	RREB1	1708	DLNPESPAALG		hprd;pelm;psite	554
ENSP00000394791	SENP1	102	QWRNSTPSSSS		psite	802
ENSP00000394791	SENP1	157	IKPVPSPSWSG		hprd;pelm;psite	802
ENSP00000394791	SENP1	170	RRSLLSPKKTQ		hprd;psite	802
ENSP00000350071	STRN3	229	LNGGESPKQKG		hprd;pelm;psite	869
ENSP00000245908	SH2D3A	145	RARKWSNSQPA		hprd;psite	720
ENSP00000245908	SH2D3A	216	TKPPRTPSFEL		psite	720
ENSP00000373301	SH3BP5	376	CSGASSPECEV		psite	648
ENSP00000373301	SH3BP5	421	SQSSTSPEGQA	MAPK12	hprd;pelm;psite	648
ENSP00000401303	SHC1	36	PEELPSPSASS		pelm;psite	659
ENSP00000401303	SHC1	54	LPGDDSPTTLC	MAPK14	pelm;psite	659
ENSP00000401303	SHC1	324	PPKLVTPHDRM		psite	659
ENSP00000401303	SHC1	386	APNAQTPSHLG	MAPK14	pelm;psite	659
ENSP00000212015	SIRT1	14	LQPGGSPSAAG		hprd;psite	940
ENSP00000212015	SIRT1	27	REAASSPAGEP	MAPK8	hprd;pelm;psite	940
ENSP00000212015	SIRT1	47	PGLERSPGEPG	MAPK8	hprd;pelm;psite	940
ENSP00000212015	SIRT1	530	SELPPTPLHVS	CDK1;MAPK8	hprd;psite	940
ENSP00000212015	SIRT1	540	SEDSSSPERTS	CDK1	psite	940
ENSP00000249396	SIRT2	368	PSTSASPKKSP	CDK1;CDK2	hprd;pelm;psite	820
ENSP00000249396	SIRT2	372	ASPKKSPPPAK		psite	820
ENSP00000252115	POLDIP3	127	SLKRSSPAAFI		hprd;pelm;psite	653
ENSP00000252115	POLDIP3	140	PIGTVTPALKL		hprd;pelm;psite	653
ENSP00000252115	POLDIP3	275	AEPVLSPLEGT		hprd;pelm;psite	653
ENSP00000252115	POLDIP3	383	PRRVNSASSSN	RPS6KB1	pelm;psite	653
ENSP00000262160	SMAD2	8	SILPFTPPVVK	MAPK3	hprd;pelm;psite	781
ENSP00000262160	SMAD2	172	YQRVETPVLPP		psite	781
ENSP00000262160	SMAD2	220	NYIPETPPPGY	MAPK1;MAPK3	hprd;pelm;psite	781
ENSP00000262160	SMAD2	245	SMDTGSPAELS	MAPK1;MAPK3	hprd;pelm;psite	781
ENSP00000262160	SMAD2	250	SPAELSPTTLS	MAPK1;MAPK3	hprd;pelm;psite	781
ENSP00000262160	SMAD2	255	SPTTLSPVNHS	MAPK1;MAPK3	pelm;psite	781
ENSP00000262160	SMAD2	458	LTQMGSPSVRC		hprd;pelm;psite	781
ENSP00000332973	SMAD3	8	SILPFTPPIVK	CDK2;CDK4	hprd;pelm;psite	935
ENSP00000332973	SMAD3	132	YQRVETPVLPP		psite	935
ENSP00000332973	SMAD3	179	SNIPETPPPGY	CDK2;CDK4;CDK8;CDK9;MAPK1	hprd;pelm;psite	935
ENSP00000332973	SMAD3	204	SMDAGSPNLSP	CDK4;MAPK1	hprd;pelm;psite	935
ENSP00000332973	SMAD3	208	GSPNLSPNPMS	CDK4;CDK8;CDK9;MAPK1;MAPK14	hprd;pelm;psite	935
ENSP00000332973	SMAD3	213	SPNPMSPAHNN	CDK2;CDK4;CDK8;CDK9;MAPK1;MAPK14	hprd;pelm;psite	935
ENSP00000332973	SMAD3	388	EYRRQTVTSTP		psite	935
ENSP00000332973	SMAD3	416	LTQMGSPSIRC		hprd;pelm;psite	935
ENSP00000341551	SMAD4	9	MSITNTPTSND	NLK	psite	901
ENSP00000341551	SMAD4	138	YERVVSPGIDL	NLK	psite	901
ENSP00000329357	SP1	59	QESQPSPLALL	MAPK1;MAPK3	hprd;pelm;psite	852
ENSP00000329357	SP1	278	SAATLTPSSQA	MAPK8	psite	852
ENSP00000329357	SP1	453	PIIIRTPTVGP	MAPK1;MAPK3	hprd;pelm;psite	852
ENSP00000329357	SP1	739	GSGTATPSALI	CDK1;MAPK1;MAPK3;MAPK8	hprd;pelm;psite	852
ENSP00000387266	SPIRE1	387	KLRPVSPEEIR		psite	462
ENSP00000387266	SPIRE1	509	LPISSTPQPER		hprd;psite	462
ENSP00000387266	SPIRE1	523	PQRRHSIEKET		psite	462
ENSP00000387266	SPIRE1	740	SFYMSSPGPSE		psite	462
ENSP00000350941	SRC	17	SQRRRSLEPAE	PRKACA	hprd;pelm;psite	417
ENSP00000350941	SRC	37	FPASQTPSKPA		psite	417
ENSP00000350941	SRC	75	SDTVTSPQRAG	CDK5	hprd;pelm;psite	417
ENSP00000350941	SRC	306	KPGTMSPEAFL		hprd;psite	417
ENSP00000361066	NCOA3	24	KLPCDTPGQGL	MAPK8	hprd;pelm;psite	635
ENSP00000361066	NCOA3	214	EDINASPEMRQ		hprd;pelm;psite	635
ENSP00000361066	NCOA3	505	VAGVHSPMASS	MAPK14;MAPK8	hprd;pelm;psite	635
ENSP00000361066	NCOA3	543	LSTLSSPGPKL	MAPK14;MAPK8	hprd;pelm;psite	635
ENSP00000361066	NCOA3	551	PKLDNSPNMNI		hprd;pelm;psite	635
ENSP00000361066	NCOA3	569	NQDSKSPLGFY		psite	635
ENSP00000361066	NCOA3	694	LQNGNSPAEVA		hprd;psite	635
ENSP00000361066	NCOA3	728	KQEQLSPKKKE	CDK1	hprd;pelm;psite	635
ENSP00000361066	NCOA3	860	AVSLDSPVSVG	MAPK14;MAPK8	hprd;pelm;psite	635
ENSP00000361066	NCOA3	867	VSVGSSPPVKN	CDK1;MAPK14;MAPK8	hprd;pelm;psite	635
ENSP00000361066	NCOA3	1330	FGRVSSPPNAM		hprd;pelm;psite	635
ENSP00000265354	SRF	159	KLRRYTTFSKR	DMPK;PRKACA;PRKCA;PRKG1	pelm;psite	598
ENSP00000265354	SRF	224	LNSPDSPPRSD		hprd;pelm;psite	598
ENSP00000354394	STAT1	532	LGPNASPDGLI		psite	427
ENSP00000354394	STAT1	727	NLLPMSPEEFD	CSNK2A1;MAPK14;MAPK3;PRKCD	hprd;pelm;psite	427
ENSP00000264657	STAT3	714	KFICVTPTTCS		hprd;pelm;psite	919
ENSP00000264657	STAT3	727	IDLPMSPRTLD	IRAK1;MAPK1;MAPK14;MAPK8;MAPK9;PRKCD;PRKCE;RPS6KA3	hprd;pelm;psite	919
ENSP00000351342	PTPN5	245	QERRGSNVSLT		psite	800
ENSP00000351342	PTPN5	255	TLDMCTPGCNE		psite	800
ENSP00000351342	PTPN5	268	FGYLMSPREES		psite	800
ENSP00000220876	STMN2	62	ILKPPSPISEA	MAPK3	hprd;pelm;psite	820
ENSP00000263918	STRN	376	QPSVGSPSRPS		hprd;pelm;psite	867
ENSP00000255224	SYT4	135	EKESVSPESLK		psite	835
ENSP00000216160	TAB1	378	SQPTPSPAPAA		psite	885
ENSP00000216160	TAB1	431	TLDEATPTLTN	MAPK14	pelm;psite	885
ENSP00000216160	TAB1	438	TLTNQSPTLTL	MAPK14	pelm;psite	885
ENSP00000286332	TAB2	171	SLSQQTPRFNP		psite	813
ENSP00000286332	TAB2	372	VYIAASPPNTD		hprd;pelm;psite	813
ENSP00000286332	TAB2	450	NNSATSPRVVV		hprd;psite	813
ENSP00000286332	TAB2	582	LKRSNSISQIP		psite	813
ENSP00000288422	TAB3	60	YMEYHSPDDNR		hprd;pelm;psite	815
ENSP00000288422	TAB3	385	INRSPSPISNQ		psite	815
ENSP00000288422	TAB3	404	LYTATTPPSSS		hprd;psite	815
ENSP00000288422	TAB3	409	TPPSSSPSRGI		psite	815
ENSP00000288422	TAB3	444	CTPSPSPRVIP		psite	815
ENSP00000288422	TAB3	645	KARRISVTSKV		hprd;psite	815
ENSP00000358335	MAP3K7	439	QPRRRSIQDLT		hprd;pelm;psite	971
ENSP00000340820	MAPT	46	AGLKESPLQTP	GSK3B;MAPK1;MAPK3	hprd;psite	852
ENSP00000340820	MAPT	50	ESPLQTPTEDG	GSK3B;MAPK1;MAPK3	hprd;psite	852
ENSP00000340820	MAPT	411	NRPCLSPKHPT		psite	852
ENSP00000340820	MAPT	534	RSGYSSPGSPG	PRKACA	hprd;psite	852
ENSP00000340820	MAPT	537	YSSPGSPGTPG	CDK5	hprd;pelm;psite	852
ENSP00000340820	MAPT	540	PGSPGTPGSRS	CDK5	hprd;pelm;psite	852
ENSP00000340820	MAPT	547	GSRSRTPSLPT	CDK5	hprd;pelm;psite	852
ENSP00000340820	MAPT	552	TPSLPTPPTRE	CDK5	hprd;pelm;psite	852
ENSP00000340820	MAPT	566	VAVVRTPPKSP	CDK5;GSK3B	hprd;pelm;psite	852
ENSP00000340820	MAPT	570	RTPPKSPSSAK	CDK5;GSK3B	hprd;pelm;psite	852
ENSP00000340820	MAPT	731	EIVYKSPVVSG	CDK5;GSK3B	hprd;pelm;psite	852
ENSP00000340820	MAPT	739	VSGDTSPRHLS	CDK5;GSK3B	hprd;pelm;psite	852
ENSP00000340820	MAPT	757	IDMVDSPQLAT		hprd;psite	852
ENSP00000257915	TFCP2	258	KMEKRTPHEKE	CDK2	psite	621
ENSP00000257915	TFCP2	289	TYVNNSPSPGF	CDK2	psite	621
ENSP00000257915	TFCP2	291	VNNSPSPGFNS	CDK2	psite	621
ENSP00000257915	TFCP2	309	GEGNGSPNHQP	CDK2;CDK3	psite	621
ENSP00000362994	TRAF1	66	DLQSISPGSRL		hprd;psite	497
ENSP00000332468	TRAF3	9	SKKMDSPGALQ		psite	462
ENSP00000332468	TRAF3	29	DRSAGTPVFVP		psite	462
ENSP00000221132	TNFRSF10A	83	PAREASPRLRV		pelm;psite	820
ENSP00000342381	VRK2	336	SINVHTPNSQK		hprd;psite	619
ENSP00000342381	VRK2	438	HQDFTSPDIFK		hprd;pelm;psite	619
ENSP00000342381	VRK2	447	FKKSRSPSWYK		psite	619
ENSP00000347858	XIAP	87	RHRKVSPNCRF	AKT1;AKT2	hprd;pelm;psite	480
ENSP00000314709	ZHX2	37	EKGIGTPQPDV		hprd;psite	925
ENSP00000314709	ZHX2	207	KPEEITPENHV		psite	925
ENSP00000314709	ZHX2	411	KRPLVTPQAAP		psite	925
ENSP00000314709	ZHX2	439	ANPPLTPASDR		psite	925
ENSP00000314709	ZHX2	719	KPMAESPKNGG		psite	925
ENSP00000348273	MBP	299	DSRSGSPMARR	UHMK1	pelm	563
ENSP00000304895	IRS1	345	ASVDGSPVSPS	IKBKB	hprd;pelm	998
ENSP00000313420	PRKDC	2791	HSSLITPLQAV		hprd;pelm	936
ENSP00000220876	STMN2	73	PRTLASPKKKD	MAPK3	hprd;pelm	820
ENSP00000368880	FOXO1	478	HNDIMTPVDPG		hprd;pelm	858
ENSP00000262013	SPAG9	276	GSKATTPASTA		hprd;pelm	748
ENSP00000228741	ELK3	363	PVAPLSPARLQ	MAPK14	hprd;pelm	621
ENSP00000228741	ELK3	357	FWSSLSPVAPL	MAPK8	hprd;pelm	621
ENSP00000270632	SPIB	56	PPVPATPYEAF	MAPK3	hprd;pelm	919
ENSP00000341551	SMAD4	277	RTAPYTPNLPH	MAPK1;MAPK3	hprd;pelm	901
ENSP00000333568	PRKD1	746	RSVVGTPAYLA		hprd;pelm	655
ENSP00000288602	BRAF	335	ILTSPSPSKSI		hprd;pelm	804
ENSP00000347858	XIAP	40	NFPSGSPVSAS		hprd;pelm	480
ENSP00000267569	JDP2	159	TDSVKTPESEG	MAPK14;MAPK9	pelm	681
ENSP00000286332	TAB2	482	SPGVVSPTFEL		hprd;pelm	813
ENSP00000286332	TAB2	477	KPPAVSPGVVS		hprd;pelm	813
ENSP00000345853	DUSP9	372	PSFFTTPTSDG		hprd;pelm	827
ENSP00000231572	RARS	38	GCLGASPNLEQ		hprd	838
ENSP00000338934	EZR	235	KDDKLTPKIGF	CDK5	hprd	606
ENSP00000346839	FN1	909	SDTVPSPRDLQ		hprd	424
ENSP00000346839	FN1	2432	PGGEPSPEGTT		hprd	424
ENSP00000304895	IRS1	736	DYMNMSPVGDS		hprd	998
ENSP00000296755	MAP1B	1864	DSGGKTPGDFS		hprd	671
ENSP00000296755	MAP1B	1690	TEVDYSPSDMQ		hprd	671
ENSP00000353508	MAP2	610	SIDTMSPMHKN		hprd	854
ENSP00000353508	MAP2	654	PEEPSSPQERM		hprd	854
ENSP00000340820	MAPT	492	RIPAKTPPAPK	MAPK1	hprd	852
ENSP00000340820	MAPT	470	KTKIATPRGAA	CDK1	hprd	852
ENSP00000348273	MBP	229	FKNIVTPRTPP		hprd	563
ENSP00000162749	TNFRSF1A	274	PNPSFSPTPGF	MAPK1	hprd	773
ENSP00000162749	TNFRSF1A	280	PTPGFTPTLGF	MAPK1	hprd	773
ENSP00000337697	DCX	370	PKASPTPQKTS	CDK5	hprd	829
ENSP00000337697	DCX	387	MRRSKSPADSA	CDK5	hprd	829
ENSP00000337697	DCX	402	SSQLSTPKSKQ	CDK5	hprd	829
ENSP00000337697	DCX	412	QSPISTPTSPG	CDK5	hprd	829
ENSP00000414982	KLC1	162	YDDDISPSEDK		hprd	431
ENSP00000379330	NFATC2	168	EPLCLSPASSG		hprd	930
ENSP00000379330	NFATC2	268	LPPGASPQRSR		hprd	930
ENSP00000379330	NFATC2	274	PQRSRSPSPQP		hprd	930
ENSP00000379330	NFATC2	276	RSRSPSPQPSS		hprd	930
ENSP00000265354	SRF	160	LRRYTTFSKRK	CAMK2A	hprd	598
ENSP00000365016	IRS2	985	NLDFSSPKSPK		hprd	971
ENSP00000363708	BMPR2	513	WERNKSVSPTV		hprd	522
ENSP00000313420	PRKDC	1351	TLLNTSPEGWK		hprd	936
ENSP00000262445	MAP2K4	26	PGPVGSPAPGH		hprd	999
ENSP00000262445	MAP2K4	391	DQMPATPSSPM		hprd	999
ENSP00000264716	FOSL2	17	SSRGSSGSPAH		hprd	899
ENSP00000228307	PXN	188	VPETNSPLGGK		hprd	950
ENSP00000228307	PXN	170	DEANSSPPLPG		hprd	950
ENSP00000228307	PXN	230	ESSVPSPVPAI		hprd	950
ENSP00000283228	PTPRR	339	QERRGSNVSLT	PRKACA	hprd	800
ENSP00000295956	FLNB	994	VPCLVTPVTGR		hprd	619
ENSP00000295956	FLNB	2443	YKVMYTPMAPG		hprd	619
ENSP00000361202	IRS4	872	PGDGGSPSKPS		hprd	800
ENSP00000361202	IRS4	66	GSRSDSESEEE		hprd	800
ENSP00000396538	NFAT5	667	NGSFSSPSSSH		hprd	427
ENSP00000344220	PDPK1	33	MVRTQTESSTP	PDPK1	hprd	676
ENSP00000227378	HSPA8	397	LLLDVTPLSLG		hprd	822
ENSP00000358525	NGF	84	KRRLRSPRVLF		hprd	902
ENSP00000220876	STMN2	97	EERRKSQEAQV	PRKACA	hprd	820
ENSP00000388910	NFATC4	284	PSPRASPRPWT		hprd	824
ENSP00000250894	MAPK8IP3	265	SSAAATPSTTG	MAPK10	hprd	997
ENSP00000250894	MAPK8IP3	275	GTKSNTPTSSV	MAPK10	hprd	997
ENSP00000250894	MAPK8IP3	286	PSAAVTPLNES	MAPK10	hprd	997
ENSP00000373301	SH3BP5	351	SLDLPSPVSLS	MAPK12	hprd	648
ENSP00000252115	POLDIP3	368	LRLSDSPSMKK		hprd	653
ENSP00000263918	STRN	586	HQRLLSCSADG		hprd	867
