name	MAPK6
id	ENSP00000261845
type	Serine/threonine kinase
proline+1_removed	No
npartners	32
npartners_with_sites	23
nsites	20
//
motif	score	fg_matches	fg_size	bg_matches	bg_size	fold_increase
.....[ST]D.E..	24.08	20	216	38	10000	24.37
//
prot_id	prot_name	position	flank	kinase	source	string_score
ENSP00000261868	EIF3J	127	KLQEESDLELA		hprd;pelm;psite	472
ENSP00000340019	HSPD1	410	KVGGTSDVEVN		psite	581
ENSP00000299601	LEO1	29	GSDSDSDQENA		hprd;pelm;psite	401
ENSP00000299601	LEO1	140	SEKAHSDDEKW		hprd;psite	401
ENSP00000299601	LEO1	154	DKSDQSDDEKI		hprd;pelm;psite	401
ENSP00000299601	LEO1	162	EKIQNSDDEER		hprd;pelm;psite	401
ENSP00000299601	LEO1	188	EKMQNTDDEER		hprd;pelm;psite	401
ENSP00000299601	LEO1	197	ERPQLSDDERQ		hprd;pelm;psite	401
ENSP00000299601	LEO1	212	EEKANSDDERP		hprd;pelm;psite	401
ENSP00000299601	LEO1	229	DEKQNSDDEEQ		hprd;pelm;psite	401
ENSP00000299601	LEO1	238	EQPQLSDEEKM		hprd;pelm;psite	401
ENSP00000299601	LEO1	246	EKMQNSDDERP		psite	401
ENSP00000299601	LEO1	254	ERPQASDEEHR		psite	401
ENSP00000299601	LEO1	261	EEHRHSDDEEE		psite	401
ENSP00000299601	LEO1	277	ESARGSDSEDE		hprd;pelm;psite	401
ENSP00000299601	LEO1	294	KNAIASDSEAD		hprd;pelm;psite	401
ENSP00000299601	LEO1	300	DSEADSDTEVP		hprd;pelm;psite	401
ENSP00000299601	LEO1	630	AKKLTSDEEGE		hprd;pelm;psite	401
ENSP00000299601	LEO1	658	KKYVISDEEEE		hprd;pelm;psite	401
ENSP00000299601	LEO1	325	DISSGSDGEDK		hprd	401
