name	MAPK1
id	ENSP00000215832
type	Serine/threonine kinase
proline+1_removed	No
npartners	607
npartners_with_sites	491
nsites	89
//
motif	score	fg_matches	fg_size	bg_matches	bg_size	fold_increase
...P.[ST]PPP..	1230.61	11	5374	0	10000	Inf
...PL[ST]P....	922.96	34	5363	1	10000	63.4
G.RR.[ST].....	922.96	11	4032	0	9383	Inf
.....[ST]PP..S	630.66	19	5329	0	9999	Inf
R.R..[ST]...G.	628.83	10	3948	0	9365	Inf
//
prot_id	prot_name	position	flank	kinase	source	string_score
ENSP00000300161	YWHAB	60	GARRSSWRVIS	PRKCD	hprd;pelm;psite	912
ENSP00000248975	YWHAH	59	GARRSSWRVIS		pelm;psite	914
ENSP00000306330	YWHAG	59	GARRSSWRVIS	LATS2	psite	910
ENSP00000309503	YWHAZ	58	GARRSSWRVVS	AKT1;MAPKAPK2;PRKACA	hprd;pelm;psite	925
ENSP00000351926	AP2A1	836	LRDFLTPPLLS		psite	899
ENSP00000377380	ARHGAP9	20	GLGPRSPPRGS		psite	632
ENSP00000357177	ARHGEF11	596	FHIPLSPVEVK		psite	804
ENSP00000364893	ARHGEF7	617	KPAPLTPAYHT		psite	430
ENSP00000309103	BAD	75	RSRHSSYPAGT	ARAF;BRAF;PAK1;PIM3;PRKACA;PRKCE;PRKCI;PRKCQ;PRKD1;RAF1;RPS6KA1;RPS6KA3	hprd;pelm;psite	923
ENSP00000264705	CAD	1406	GGRRLSSFVTK	PRKACA	hprd;pelm;psite	687
ENSP00000313419	CD19	337	RFFKVTPPPGS		psite	731
ENSP00000303706	CDC25A	18	LLFACSPPPAS	CDK1	hprd;pelm;psite	880
ENSP00000301019	CDT1	406	ATPPATPPAAS		psite	621
ENSP00000370408	CDX2	283	VPEPLSPVSSL	CDK2;GSK3B;MAPK14	hprd;psite	930
ENSP00000265148	CENPE	422	RKRRVTWCLGK		hprd;pelm;psite	647
ENSP00000356436	PLA2G4A	505	TSYPLSPLSDF	MAPK1	hprd;pelm;psite	950
ENSP00000282561	GJA1	279	PTAPLSPMSPP	MAPK14;MAPK3	hprd;pelm;psite	945
ENSP00000262965	TCF3	139	SPGPLSPSGMK	CDK2;CDK4	hprd;psite	630
ENSP00000275493	EGFR	693	LVEPLTPSGEA	MAPK1;MAPK14;MAPK3	hprd;pelm;psite	973
ENSP00000247161	ELK1	324	LELPLSPSLLG		hprd;pelm;psite	997
ENSP00000350681	ELK4	387	PVAPLSPARLQ		psite	858
ENSP00000222329	ERF	161	TEDPRSPPACS	MAPK1	hprd;pelm;psite	709
ENSP00000222329	ERF	246	GPEPLSPFPVS	MAPK1	hprd;pelm;psite	709
ENSP00000222329	ERF	357	PMAPETPPVPS		psite	709
ENSP00000222329	ERF	526	AGGPLTPRRVS	MAPK1	hprd;pelm;psite	709
ENSP00000339527	FOXO3	12	SPAPLSPLEVE	MAPK14	hprd;psite	829
ENSP00000339527	FOXO3	344	DDAPLSPMLYS	MAPK1;MAPK14;MAPK3	psite	829
ENSP00000231509	NR3C1	404	RPDVSSPPSSS	GSK3B	psite	761
ENSP00000269571	ERBB2	701	LVEPLTPSGAM		psite	835
ENSP00000269571	ERBB2	1051	RHRSSSTRSGG		psite	835
ENSP00000312987	HNF4A	436	ETPQPSPPGGS		psite	748
ENSP00000341826	HNRNPA1	199	RGRSGSGNFGG	AKT1;CSNK2A1	pelm;psite	830
ENSP00000397956	IER3	31	GPRRGSGPEIF		hprd;pelm;psite	639
ENSP00000412283	IER3	31	GPRRGSGPEIF		hprd;pelm;psite	647
ENSP00000304895	IRS1	330	RVRASSDGEGT	CSNK2B	hprd;psite	978
ENSP00000365016	IRS2	306	RPRSKSQSSGS		hprd;pelm;psite	866
ENSP00000365016	IRS2	365	RVRTASEGDGG		hprd;pelm;psite	866
ENSP00000365016	IRS2	391	AGSPLSPGPVR	CDK1	hprd;pelm;psite	866
ENSP00000365016	IRS2	1148	GRRRHSSETFS		hprd;pelm;psite	866
ENSP00000360266	JUN	243	ETPPLSPIDME	CSNK2A1;GSK3A;GSK3B	hprd;pelm;psite	999
ENSP00000252818	JUND	259	ESPPLSPIDMD		hprd;pelm;psite	917
ENSP00000339952	KSR2	290	LKPPGTPPPSS		psite	620
ENSP00000357283	LMNA	22	SSTPLSPTRIT	CDK1	hprd;pelm;psite	407
ENSP00000353508	MAP2	290	SPGPLTPMREK		psite	868
ENSP00000353508	MAP2	1605	AITPGTPPSYS		hprd;psite	868
ENSP00000348273	MBP	232	IVTPRTPPPSQ	MAPK1;MAPK3	hprd;pelm;psite	991
ENSP00000358022	MCL1	163	GSLPSTPPPAE	MAPK1;MAPK3;MAPK8	hprd;pelm;psite	627
ENSP00000343463	MAP3K2	344	TVMDISPPSRS		hprd;pelm;psite	461
ENSP00000250896	MKNK2	437	RCLQLSPPSQS		hprd;psite	990
ENSP00000333896	RPS6KA4	347	YSPPGSPPPGD	MAP2K1;MAPK14	hprd;pelm;psite	984
ENSP00000354558	MTOR	2448	RTRTDSYSAGQ	AKT1;RPS6KB1	hprd;pelm;psite	657
ENSP00000367207	MYC	77	PTPPLSPSRRS	CDK5;MAPK1;MAPK10;MAPK8;MAPK9;MTOR	hprd;pelm;psite	991
ENSP00000388910	NFATC4	335	GKRRYSSSGTP		pelm;psite	845
ENSP00000226574	NFKB1	908	HSLPLSPASTR	GSK3B	hprd;pelm;psite	918
ENSP00000380252	NFE2L2	408	MVQPLSPSQGQ		psite	859
ENSP00000345892	NDE1	246	GGTPLTPAARI		hprd;pelm;psite	675
ENSP00000345892	NDE1	306	GERRPSSTSVP	PRKACA	hprd;pelm;psite	675
ENSP00000355865	PARK2	131	DSRKDSPPAGS	CDK5	pelm;psite	723
ENSP00000368349	POLA1	219	KEPPLTPVPLK		hprd;psite	433
ENSP00000262735	PPARA	12	PLCPLSPLEAG	MAPK1	hprd;pelm;psite	717
ENSP00000287820	PPARG	112	KVEPASPPYYS	CDK9;MAPK1;MAPK8	hprd;pelm;psite	784
ENSP00000326031	PPP1CA	331	GGRPITPPRNS	AKT1;CDK1;CDK2;CDK5;LMTK2	hprd;pelm;psite	870
ENSP00000349748	SFPQ	8	RDRFRSRGGGG	MKNK1;MKNK2	psite	622
ENSP00000248594	PTPN12	509	NKVSVTPPEES		hprd;pelm;psite	531
ENSP00000254066	RARA	77	VPSPPSPPPLP	CDK7	pelm;psite	930
ENSP00000347942	RET	696	GARRPSLDSME	PRKACA	pelm;psite	658
ENSP00000351697	REV3L	1041	PIYPLTPKKSH		psite	435
ENSP00000401802	PSMC6	258	GGRRFSEGTSA		psite	755
ENSP00000349486	SCRIB	1448	RQSPASPPPLG		hprd;pelm;psite	621
ENSP00000265960	MAPKAP1	84	GIRRRSNTAQR		psite	411
ENSP00000262160	SMAD2	220	NYIPETPPPGY	MAPK1;MAPK3	hprd;pelm;psite	979
ENSP00000332973	SMAD3	179	SNIPETPPPGY	CDK2;CDK4;CDK8;CDK9;MAPK1	hprd;pelm;psite	913
ENSP00000348551	NCOR2	215	PEKPVSPPPIE		hprd;pelm;psite	899
ENSP00000348551	NCOR2	1785	SSSPLSPGGPT		hprd;pelm;psite	899
ENSP00000020945	SNAI2	87	SLGRVSPPPPS		psite	800
ENSP00000384675	SOS1	1257	SPSPFTPPPPQ		psite	970
ENSP00000410452	STMN1	38	PEFPLSPPKKK	CDK1;CDK2;MAPK13;MAPK3;PAK1;PRKCB;UHMK1	hprd;pelm;psite	817
ENSP00000288422	TAB3	404	LYTATTPPSSS		hprd;psite	800
ENSP00000327959	TGIF1	286	LGRPLSPKPSS		hprd;psite	619
ENSP00000307023	KLF11	73	RIRPLTPVSDS		psite	621
ENSP00000219476	TSC2	664	TSGPLSPPTGP	MAPK1;MAPK3	hprd;pelm;psite	997
ENSP00000219476	TSC2	1130	RDRVRSMSGGH		hprd;psite	997
ENSP00000219476	TSC2	1132	RVRSMSGGHGL		hprd;pelm;psite	997
ENSP00000248673	ZFP36	228	GDLPLSPSAFS	MAPK1	hprd;pelm;psite	965
ENSP00000302640	UBTF	117	PKKPLTPYFRF	MAPK1;MAPK3	hprd;pelm;psite	933
ENSP00000253699	ZFYVE20	230	GSRRGSISSMS		hprd;psite	810
ENSP00000314709	ZHX2	439	ANPPLTPASDR		psite	788
ENSP00000300061	SCNN1G	622	TQVPGTPPPKY	MAPK1	hprd	621
ENSP00000361014	MKNK1	437	CSMKLSPPCKS		hprd	935
