name	MAPK12
id	ENSP00000215659
type	Serine/threonine kinase
proline+1_removed	No
npartners	122
npartners_with_sites	105
nsites	555
//
motif	score	fg_matches	fg_size	bg_matches	bg_size	fold_increase
...AK[ST]P.K..	929.86	14	1312	0	10000	Inf
..RR.[ST].....	314.39	20	906	18	9383	11.51
..R..[ST].S...	313.86	32	886	51	9365	6.63
.....[ST]P....	307.65	392	1298	617	10000	4.89
..R..[ST].....	10.66	84	854	414	9314	2.21
//
prot_id	prot_name	position	flank	kinase	source	string_score
ENSP00000361423	ABL1	69	AARWNSKENLL		hprd;psite	899
ENSP00000361423	ABL1	197	HYRINTASDGK	LATS2	psite	899
ENSP00000361423	ABL1	248	TVYGVSPNYDK		hprd;psite	899
ENSP00000361423	ABL1	408	LSRLMTGDTYT		psite	899
ENSP00000361423	ABL1	588	HEPAVSPLLPR	CDK1	hprd;pelm;psite	899
ENSP00000361423	ABL1	632	KKTAPTPPKRS		hprd;psite	899
ENSP00000361423	ABL1	639	PKRSSSFREMD		hprd;psite	899
ENSP00000361423	ABL1	678	ADPAKSPKPSN		hprd;psite	899
ENSP00000361423	ABL1	702	GSGFRSPHLWK		hprd;psite	899
ENSP00000361423	ABL1	719	SSRLATGEEEG		psite	899
ENSP00000361423	ABL1	737	FLRSCSASCVP		hprd;psite	899
ENSP00000361423	ABL1	754	EWRSVTLPRDL	CLK1;CLK4;MAP3K8;STK3;STK4;TTK	hprd;pelm;psite	899
ENSP00000361423	ABL1	800	TRGTVTPPPRL		hprd;psite	899
ENSP00000361423	ABL1	824	DIMESSPGSSP		hprd;psite	899
ENSP00000361423	ABL1	828	SSPGSSPPNLT		hprd;psite	899
ENSP00000361423	ABL1	833	SPPNLTPKPLR		hprd;psite	899
ENSP00000361423	ABL1	842	LRRQVTVAPAS		psite	899
ENSP00000361423	ABL1	863	GSALGTPAAAE		hprd;pelm;psite	899
ENSP00000361423	ABL1	871	AAEPVTPTSKA		hprd;pelm;psite	899
ENSP00000361423	ABL1	903	KHSSESPGRDK		psite	899
ENSP00000361423	ABL1	936	GKPSQSPSQEA		hprd;pelm;psite	899
ENSP00000361423	ABL1	996	SGTPISPAPVP		hprd;psite	899
ENSP00000361423	ABL1	16	DQRRPSLPALH		psite	899
ENSP00000366244	ARAF	181	LNELLTPQGPS		hprd;psite	807
ENSP00000366244	ARAF	186	TPQGPSPRTQH		hprd;pelm;psite	807
ENSP00000366244	ARAF	212	LQRIRSTSTPN		hprd;pelm;psite	807
ENSP00000366244	ARAF	214	RIRSTSTPNVH		hprd;pelm;psite	807
ENSP00000366244	ARAF	215	IRSTSTPNVHM		hprd;pelm;psite	807
ENSP00000366244	ARAF	250	GSRGGSDGTPR		psite	807
ENSP00000366244	ARAF	253	GGSDGTPRGSP		hprd;psite	807
ENSP00000366244	ARAF	257	GTPRGSPSPAS		hprd;pelm;psite	807
ENSP00000366244	ARAF	259	PRGSPSPASVS		hprd;psite	807
ENSP00000366244	ARAF	269	SSGRKSPHSKS		hprd;psite	807
ENSP00000366244	ARAF	274	SPHSKSPAEQR		psite	807
ENSP00000366244	ARAF	318	LKRIGTGSFGT		psite	807
ENSP00000366244	ARAF	528	GRGYLSPDLSK		psite	807
ENSP00000366244	ARAF	547	MRRLLSDCLKF		psite	807
ENSP00000366244	ARAF	582	IERSASEPSLH		hprd;pelm;psite	807
ENSP00000264110	ATF2	62	PARNDSVIVAD	VRK1	pelm;psite	833
ENSP00000264110	ATF2	69	IVADQTPTPTR	MAPK14;MAPK3;MAPK8;MAPK9;PLK3	hprd;pelm;psite	833
ENSP00000264110	ATF2	71	ADQTPTPTRFL	MAPK1;MAPK14;MAPK3;MAPK8;MAPK9;PLK3	hprd;pelm;psite	833
ENSP00000264110	ATF2	90	FNELASPFENE	MAPK14;MAPK8;MAPK9	hprd;psite	833
ENSP00000264110	ATF2	112	MPLDLSPLATP		hprd;pelm;psite	833
ENSP00000264110	ATF2	116	LSPLATPIIRS	CDK2	hprd;pelm;psite	833
ENSP00000264110	ATF2	136	TTHQDSPLPHP		psite	833
ENSP00000264110	ATF2	307	LVRTQSEESRP		psite	833
ENSP00000264110	ATF2	328	TETPASPAHTT		pelm;psite	833
ENSP00000264110	ATF2	333	SPAHTTPQTQS		psite	833
ENSP00000267859	BNIP2	235	VIRKGSITEYT		hprd;pelm;psite	901
ENSP00000288602	BRAF	151	RSNPKSPQKPI	BRAF	hprd;pelm;psite	806
ENSP00000288602	BRAF	333	PQILTSPSPSK		hprd;pelm;psite	806
ENSP00000288602	BRAF	363	GQRDRSSSAPN		hprd;psite	806
ENSP00000288602	BRAF	365	RDRSSSAPNVH	AKT1;AKT3	hprd;pelm;psite	806
ENSP00000288602	BRAF	401	TGLSATPPASL	MAPK1;MAPK3	hprd;pelm;psite	806
ENSP00000288602	BRAF	419	KALQKSPGPQR	BRAF	hprd;pelm;psite	806
ENSP00000288602	BRAF	429	RERKSSSSSED	AKT1;AKT3	hprd;pelm;psite	806
ENSP00000288602	BRAF	440	RNRMKTLGRRD		hprd;pelm;psite	806
ENSP00000288602	BRAF	446	LGRRDSSDDWE	PAK1	hprd;pelm;psite	806
ENSP00000288602	BRAF	447	GRRDSSDDWEI		hprd;pelm;psite	806
ENSP00000288602	BRAF	465	GQRIGSGSFGT		psite	806
ENSP00000288602	BRAF	729	IHRSASEPSLN		hprd;pelm;psite	806
ENSP00000288602	BRAF	750	LYACASPKTPI	BRAF	hprd;pelm;psite	806
ENSP00000288602	BRAF	753	CASPKTPIQAG	MAPK1;MAPK3	psite	806
ENSP00000263168	CAPZA1	63	NMDQFTPVKIE		psite	677
ENSP00000356828	RCSD1	17	VDNSASPSVAQ		psite	778
ENSP00000356828	RCSD1	68	NGEEKSPPNAS		hprd;psite	778
ENSP00000356828	RCSD1	83	FKVKSSPLIEK		psite	778
ENSP00000356828	RCSD1	105	LLPGASPKSPG		psite	778
ENSP00000356828	RCSD1	108	GASPKSPGLKA		psite	778
ENSP00000356828	RCSD1	116	LKAMVSPFHSP		hprd;psite	778
ENSP00000356828	RCSD1	120	VSPFHSPPSTP		hprd;psite	778
ENSP00000356828	RCSD1	124	HSPPSTPSSPG		hprd;psite	778
ENSP00000356828	RCSD1	127	PSTPSSPGVRS		hprd;psite	778
ENSP00000356828	RCSD1	171	KRRPPSRRFRR		psite	778
ENSP00000356828	RCSD1	179	FRRSQSDCGEL	MAPKAPK2	hprd;psite	778
ENSP00000356828	RCSD1	216	SKAPGSPLSSE		hprd;psite	778
ENSP00000356828	RCSD1	242	PPLRRSPSRTE		psite	778
ENSP00000356828	RCSD1	244	LRRSPSRTEKQ	MAPKAPK2	psite	778
ENSP00000356828	RCSD1	268	KARRSSEEVDG		hprd;psite	778
ENSP00000356828	RCSD1	284	EEVPESPQTSG		psite	778
ENSP00000356828	RCSD1	298	ENRCGSPREEK		psite	778
ENSP00000356828	RCSD1	351	KETPHSPPGGV		hprd;psite	778
ENSP00000360797	CARD9	231	VERKHTLKLRH		psite	800
ENSP00000360797	CARD9	277	KLDRSSPYIQV		psite	800
ENSP00000360797	CARD9	460	LAGGGSPKQPF		hprd;pelm;psite	800
ENSP00000227507	CCND1	90	LDRFLSLEPVK	PRKACA	hprd;pelm;psite	909
ENSP00000227507	CCND1	234	LTRFLSRVIKC	PRKACA	hprd;pelm;psite	909
ENSP00000227507	CCND1	286	VDLACTPTDVR	CHUK;GSK3B	hprd;pelm;psite	909
ENSP00000245960	CDC25B	42	HGLLGSPVRAA		psite	814
ENSP00000245960	CDC25B	50	RAAASSPVTTL		psite	814
ENSP00000245960	CDC25B	151	IRRFQSMPVRL		psite	814
ENSP00000245960	CDC25B	160	RLLGHSPVLRN	CDK1	hprd;pelm;psite	814
ENSP00000245960	CDC25B	167	VLRNITNSQAP		psite	814
ENSP00000245960	CDC25B	178	DGRRKSEAGSG		psite	814
ENSP00000245960	CDC25B	230	AQRPSSAPDLM	CHEK1	pelm;psite	814
ENSP00000245960	CDC25B	238	DLMCLSPDRKM		psite	814
ENSP00000245960	CDC25B	249	EVEELSPLALG	MAPK11	pelm;psite	814
ENSP00000245960	CDC25B	321	QRLFRSPSMPC	CDK1;MELK	hprd;psite	814
ENSP00000245960	CDC25B	323	LFRSPSMPCSV	MAPKAPK2;MELK	pelm;psite	814
ENSP00000245960	CDC25B	353	NKRRRSVTPPE	AURKA;MAPKAPK2;RPS6KA1	hprd;pelm;psite	814
ENSP00000245960	CDC25B	355	RRRSVTPPEEQ	RPS6KA1	hprd;pelm;psite	814
ENSP00000245960	CDC25B	375	VLRSKSLCHDE	BRSK1;MAPKAPK2	hprd;pelm;psite	814
ENSP00000245960	CDC25B	470	SFLLKSPIAPC		psite	814
ENSP00000245960	CDC25B	115	GLCMDSPSPMD	MAPK8	psite	814
ENSP00000245960	CDC25B	117	CMDSPSPMDPH	MAPK8	psite	814
ENSP00000321656	CDC25C	38	LERDTSFTVCP		hprd;pelm;psite	800
ENSP00000321656	CDC25C	48	PDVPRTPVGKF	CDK1	hprd;pelm;psite	800
ENSP00000321656	CDC25C	67	ILSGGTPKRCL	CDK1	hprd;pelm;psite	800
ENSP00000321656	CDC25C	122	HLMKCSPAQLL	CDK1	hprd;pelm;psite	800
ENSP00000321656	CDC25C	130	QLLCSTPNGLD	CDK1	hprd;pelm;psite	800
ENSP00000321656	CDC25C	168	MKYLGSPITTV	CDK1;MAPK8;MAPK9	hprd;pelm;psite	800
ENSP00000321656	CDC25C	214	SGLYRSPSMPE	CDK1;CDK2	hprd;pelm;psite	800
ENSP00000321656	CDC25C	216	LYRSPSMPENL	BRSK1;CHEK1;CHEK2;MAPK14;MAPKAPK2;MARK3	hprd;pelm;psite	800
ENSP00000321656	CDC25C	449	LLRCRSQSKVQ		psite	800
ENSP00000340671	DDIT3	79	TSTSQSPHSPD	MAPK14	hprd;pelm;psite	828
ENSP00000340671	DDIT3	82	SQSPHSPDSSQ	MAPK14	hprd;pelm;psite	828
ENSP00000304669	CTNNA1	634	VLMIRTPEELD		hprd;pelm;psite	899
ENSP00000304669	CTNNA1	654	DVRSRTSVQTE		hprd;pelm;psite	899
ENSP00000344456	CTNNB1	191	HAIMRSPQMVS	CDK5	hprd;psite	899
ENSP00000344456	CTNNB1	246	VKMLGSPVDSV	CDK5	psite	899
ENSP00000344456	CTNNB1	332	IMRTYTYEKLL	CAMK2A	psite	899
ENSP00000344456	CTNNB1	472	ALRHLTSRHQE	CAMK2A	psite	899
ENSP00000344456	CTNNB1	552	TQRRTSMGGTQ	AKT1;AKT2;CAMK2A;PRKACA	hprd;pelm;psite	899
ENSP00000345731	DLG1	102	LPSSLSPSVEK		hprd;psite	437
ENSP00000345731	DLG1	115	YQDEDTPPQEH		hprd;pelm;psite	437
ENSP00000345731	DLG1	122	PQEHISPQITN		hprd;pelm;psite	437
ENSP00000345731	DLG1	158	SHSHISPIKPT	CDK1;CDK2;MAPK7	hprd;psite	437
ENSP00000345731	DLG1	443	GQTPASPARYS	CDK1;CDK2	psite	437
ENSP00000345731	DLG1	448	SPARYSPVSKA		psite	437
ENSP00000345731	DLG1	657	RARLKTVKFNS		psite	437
ENSP00000345281	DUSP22	58	IPAADSPSQNL		psite	800
ENSP00000358596	DUSP5	321	EILPSTPNPQP	MAPK1;MAPK3	psite	822
ENSP00000358596	DUSP5	346	HLQTLSPDMQG	MAPK1;MAPK3	psite	822
ENSP00000358596	DUSP5	376	SELSRSPVATA	MAPK1;MAPK3	psite	822
ENSP00000296483	DUSP7	315	VKRKKSNISPN		hprd;pelm;psite	814
ENSP00000296483	DUSP7	318	KKSNISPNFNF		pelm;psite	814
ENSP00000329539	DUSP8	395	LKRSFSLDIKS		psite	876
ENSP00000345853	DUSP9	16	LRRELSPPRPR		psite	869
ENSP00000345853	DUSP9	237	YILNVTPNLPN		psite	869
ENSP00000345853	DUSP9	325	VKRKKSNISPN		hprd;pelm;psite	869
ENSP00000345853	DUSP9	328	KKSNISPNFNF		pelm;psite	869
ENSP00000263026	EEF2K	18	VDGGQSPRAGH		hprd;pelm;psite	648
ENSP00000263026	EEF2K	74	YSSSGSPANSF	MTOR	hprd;pelm;psite	648
ENSP00000263026	EEF2K	359	EEKCGSPQVRT	CDK1;MAPK13	psite	648
ENSP00000263026	EEF2K	366	QVRTLSGSRPP	RPS6KA1;RPS6KB1;RPS6KB2	psite	648
ENSP00000263026	EEF2K	377	LLRPLSENSGD	MAPKAPK2;MAPKAPK3	hprd;pelm;psite	648
ENSP00000263026	EEF2K	396	DSLPSSPSSAT	EEF2K;MAPK11;MAPK13;MAPK14	hprd;pelm;psite	648
ENSP00000263026	EEF2K	401	SPSSATPHSQK		psite	648
ENSP00000247161	ELK1	304	GHAASSPEISQ		hprd;pelm;psite	803
ENSP00000247161	ELK1	324	LELPLSPSLLG		hprd;pelm;psite	803
ENSP00000247161	ELK1	353	PGPALTPSLLP		psite	803
ENSP00000247161	ELK1	363	PTHTLTPVLLT		psite	803
ENSP00000247161	ELK1	368	TPVLLTPSSLP		psite	803
ENSP00000247161	ELK1	383	FWSTLSPIAPR	MAPK1;MAPK14;MAPK3;RPS6KA5	hprd;pelm;psite	803
ENSP00000247161	ELK1	389	PIAPRSPAKLS	MAPK14;MAPK3	hprd;pelm;psite	803
ENSP00000247161	ELK1	417	VDGLSTPVVLS	PRPF4;PRPF4B	pelm;psite	803
ENSP00000247161	ELK1	422	TPVVLSPGPQK		psite	803
ENSP00000350681	ELK4	180	LAEKKSPQEPT		psite	800
ENSP00000350681	ELK4	185	SPQEPTPSVIK		psite	800
ENSP00000350681	ELK4	215	IGPSISPSSEE		hprd;psite	800
ENSP00000350681	ELK4	230	LETLVSPKLPS		psite	800
ENSP00000350681	ELK4	381	FWSTLSPVAPL		psite	800
ENSP00000350681	ELK4	387	PVAPLSPARLQ		psite	800
ENSP00000350681	ELK4	420	LDGPSTPGPFS		psite	800
ENSP00000350681	ELK4	425	TPGPFSPDLQK		psite	800
ENSP00000271450	FCGR2A	297	NPRAPTDDDKN		psite	800
ENSP00000306245	FOS	32	LSYYHSPADSF	MAPK7	psite	854
ENSP00000306245	FOS	232	LPEVATPESEE	MAPK1;MAPK3;MAPK7	hprd;pelm;psite	854
ENSP00000306245	FOS	325	LEPLCTPVVTC	MAPK1;MAPK3	hprd;pelm;psite	854
ENSP00000306245	FOS	331	PVVTCTPSCTA	MAPK1;MAPK3	hprd;pelm;psite	854
ENSP00000306245	FOS	362	AHRKGSSSNEP	PRKACA;RPS6KA1;RPS6KA3	hprd;pelm;psite	854
ENSP00000306245	FOS	374	SDSLSSPTLLA	MAPK1	hprd;pelm;psite	854
ENSP00000310170	FOSL1	74	TYPQYSPPQPR		pelm;psite	814
ENSP00000310170	FOSL1	101	PCEQISPEEEE		psite	814
ENSP00000310170	FOSL1	217	PEALHTPTLMT		psite	814
ENSP00000310170	FOSL1	223	PTLMTTPSLTP		psite	814
ENSP00000310170	FOSL1	230	SLTPFTPSLVF		psite	814
ENSP00000310170	FOSL1	240	FTYPSTPEPCA		psite	814
ENSP00000310170	FOSL1	252	AHRKSSSSSGD		psite	814
ENSP00000310170	FOSL1	265	SDPLGSPTLLA		hprd;psite	814
ENSP00000264716	FOSL2	19	RGSSGSPAHAE		hprd;pelm;psite	804
ENSP00000264716	FOSL2	83	RSHPYSPLPGL		hprd;pelm;psite	804
ENSP00000264716	FOSL2	120	RDEQLSPEEEE		hprd;pelm;psite	804
ENSP00000264716	FOSL2	200	PEERRSPPAPG		hprd;pelm;psite	804
ENSP00000264716	FOSL2	230	PLEEDSPSSSS		hprd;pelm;psite	804
ENSP00000264716	FOSL2	308	AHRRSSSSGDQ		hprd;pelm;psite	804
ENSP00000264716	FOSL2	320	SDSLNSPTLLA		hprd;psite	804
ENSP00000263791	EIF2AK4	230	ILHGGSPDFVG		hprd;pelm;psite	818
ENSP00000263791	EIF2AK4	254	RERQYSVCNSE		psite	818
ENSP00000263791	EIF2AK4	261	CNSEDSPGSCE		psite	818
ENSP00000263791	EIF2AK4	551	PLVEQSPEDSE		psite	818
ENSP00000263791	EIF2AK4	572	SNRLPSAAFFS		psite	818
ENSP00000263791	EIF2AK4	667	PAGPGTPPPDS		hprd;pelm;psite	818
ENSP00000339007	GRB2	211	PRNYVTPVNRN		hprd;pelm;psite	684
ENSP00000356248	PTPN7	83	QERRGSNVALM	PRKACA	hprd;pelm;psite	817
ENSP00000356248	PTPN7	105	ICSVNTPREVT	MAPK1;MAPK14	hprd;pelm;psite	817
ENSP00000356248	PTPN7	132	QRQPPSPKQLE	MAPK1;MAPK14	hprd;pelm;psite	817
ENSP00000356248	PTPN7	149	PSNFVSPEDLD		psite	817
ENSP00000356248	PTPN7	182	LGRAQSQEDGD		psite	817
ENSP00000262013	SPAG9	203	KERPISLGIFP		hprd;pelm;psite	934
ENSP00000262013	SPAG9	217	GDGLLTPDAQK		hprd;pelm;psite	934
ENSP00000262013	SPAG9	226	QKGGETPGSEQ		hprd;pelm;psite	934
ENSP00000262013	SPAG9	251	LKVSNSPEPQK		psite	934
ENSP00000262013	SPAG9	292	TIPTDTPLKEE		hprd;pelm;psite	934
ENSP00000262013	SPAG9	329	ETRNVSTGSAE		hprd;pelm;psite	934
ENSP00000262013	SPAG9	348	AIIESTPELDM		hprd;psite	934
ENSP00000262013	SPAG9	365	YKGSSTPTKGI		hprd;psite	934
ENSP00000262013	SPAG9	586	PTSHVTPSVKK	CDK2	hprd;pelm;psite	934
ENSP00000262013	SPAG9	595	KKRSSTLSQLP		hprd;pelm;psite	934
ENSP00000262013	SPAG9	730	KQRSASQSSLD		hprd;pelm;psite	934
ENSP00000262013	SPAG9	1188	GNRPGSVIRVY		psite	934
ENSP00000262013	SPAG9	1238	PGQVISPQSSS		psite	934
ENSP00000262013	SPAG9	1264	EPGSQTPLKSM		hprd;pelm;psite	934
ENSP00000360266	JUN	63	SDLLTSPDVGL	CDK3;MAPK15;MAPK8;MAPK9;PLK3;PRKD1;VRK1	hprd;pelm;psite	866
ENSP00000360266	JUN	73	LLKLASPELER	CDK3;MAPK15;MAPK8;MAPK9;PLK3;VRK1	hprd;pelm;psite	866
ENSP00000360266	JUN	91	GHITTTPTPTQ	MAPK8	pelm;psite	866
ENSP00000360266	JUN	93	ITTTPTPTQFL	MAPK8;PAK2	pelm;psite	866
ENSP00000360266	JUN	239	EMPGETPPLSP	GSK3A;GSK3B	hprd;pelm;psite	866
ENSP00000360266	JUN	243	ETPPLSPIDME	CSNK2A1;GSK3A;GSK3B	hprd;pelm;psite	866
ENSP00000303315	JUNB	102	GVITTTPTPPG	MAPK14;MAPK8	hprd;pelm;psite	804
ENSP00000303315	JUNB	104	ITTTPTPPGQY	MAPK14;MAPK8	hprd;pelm;psite	804
ENSP00000303315	JUNB	255	RSRDATPPVSP	GSK3B	hprd;pelm;psite	804
ENSP00000303315	JUNB	259	ATPPVSPINME		hprd;pelm;psite	804
ENSP00000252818	JUND	71	AAPPPTPLRAD		psite	805
ENSP00000252818	JUND	90	DGLLASPDLGL		psite	805
ENSP00000252818	JUND	100	LLKLASPELER	MAPK8	hprd;pelm;psite	805
ENSP00000252818	JUND	117	GLVTTTPTSSQ		hprd;psite	805
ENSP00000252818	JUND	255	PSFGESPPLSP		hprd;pelm;psite	805
ENSP00000252818	JUND	259	ESPPLSPIDMD		hprd;pelm;psite	805
ENSP00000356070	MAPKAPK2	9	NSQGQSPPVPF	MAPK1	pelm;psite	917
ENSP00000356070	MAPKAPK2	25	PPQPPTPALPH	MAPK1;MAPK14	hprd;pelm;psite	917
ENSP00000356070	MAPKAPK2	222	HNSLTTPCYTP	MAPK1;MAPK14	hprd;pelm;psite	917
ENSP00000356070	MAPKAPK2	226	TTPCYTPYYVA		psite	917
ENSP00000356070	MAPKAPK2	272	HGLAISPGMKT	MAPK1;MAPK14	hprd;pelm;psite	917
ENSP00000356070	MAPKAPK2	334	TKVPQTPLHTS	MAPK1;MAPK14	hprd;pelm;psite	917
ENSP00000350639	MAPKAPK3	201	QNALQTPCYTP		psite	919
ENSP00000350639	MAPKAPK3	205	QTPCYTPYYVA		psite	919
ENSP00000350639	MAPKAPK3	251	TGQAISPGMKR		hprd;psite	919
ENSP00000350639	MAPKAPK3	313	MVVPQTPLHTA		psite	919
ENSP00000346389	MEF2A	98	HRGCDSPDPDT	MAPK14	hprd;pelm;psite	910
ENSP00000346389	MEF2A	108	TSYVLTPHTEE	MAPK14	hprd;pelm;psite	910
ENSP00000346389	MEF2A	192	LHRNVSPGAPQ	MAPK14	psite	910
ENSP00000346389	MEF2A	223	NGAGSSPVGNG	MAPK14	psite	910
ENSP00000346389	MEF2A	235	VNSRASPNLIG		hprd;pelm;psite	910
ENSP00000346389	MEF2A	255	VMPTKSPPPPG		hprd;pelm;psite	910
ENSP00000346389	MEF2A	304	TQPLATPVVSV	MAPK14;MAPK7	hprd;pelm;psite	910
ENSP00000346389	MEF2A	311	VVSVTTPSLPP	MAPK14;MAPK7	hprd;pelm;psite	910
ENSP00000346389	MEF2A	347	LQGFNSPGMLS	MAPK7	hprd;pelm;psite	910
ENSP00000346389	MEF2A	400	KSEPISPPRDR	CDK5;MAPK14	hprd;pelm;psite	910
ENSP00000346389	MEF2A	471	RGDFHSPIVLG	MAPK14	psite	910
ENSP00000346389	MEF2A	486	TEDRESPSVKR	MAPK14	psite	910
ENSP00000396219	MEF2C	82	ESRTNSDIVET		psite	929
ENSP00000396219	MEF2C	98	LNGCDSPDPDA		psite	929
ENSP00000396219	MEF2C	110	DSVGHSPESED		psite	929
ENSP00000396219	MEF2C	222	GNPRNSPGLLV		hprd;psite	929
ENSP00000396219	MEF2C	228	PGLLVSPGNLN		psite	929
ENSP00000396219	MEF2C	240	NMQAKSPPPMN		hprd;psite	929
ENSP00000396219	MEF2C	396	KSEPVSPPRDR	CDK1	hprd;pelm;psite	929
ENSP00000396219	MEF2C	445	RNEFHSPIGLT		psite	929
ENSP00000382423	MAP3K1	21	GARATSPEAGG		psite	805
ENSP00000382423	MAP3K1	154	PAAEPSPAAAP		psite	805
ENSP00000382423	MAP3K1	232	HLAAESPGEVQ		psite	805
ENSP00000382423	MAP3K1	242	QASAASPASKG		psite	805
ENSP00000382423	MAP3K1	250	SKGRRSPSPGN		psite	805
ENSP00000382423	MAP3K1	252	GRRSPSPGNSP		psite	805
ENSP00000382423	MAP3K1	275	RRKRVSPVPFQ		psite	805
ENSP00000382423	MAP3K1	285	QSGRITPPRRA		psite	805
ENSP00000382423	MAP3K1	292	PRRAPSPDGFS		pelm;psite	805
ENSP00000382423	MAP3K1	297	SPDGFSPYSPE		pelm;psite	805
ENSP00000382423	MAP3K1	300	GFSPYSPEETN		pelm;psite	805
ENSP00000382423	MAP3K1	507	SHELSSPVDSP		pelm;psite	805
ENSP00000382423	MAP3K1	511	SSPVDSPSSLR		pelm;psite	805
ENSP00000382423	MAP3K1	665	AMLVYTPCHSL		psite	805
ENSP00000382423	MAP3K1	1016	PCRIPSASPQT		psite	805
ENSP00000382423	MAP3K1	1018	RIPSASPQTQR		psite	805
ENSP00000382423	MAP3K1	1026	TQRKFSLQFHR		psite	805
ENSP00000382423	MAP3K1	1043	DSDKLSPVFTQ		psite	805
ENSP00000382423	MAP3K1	1114	DETVFTPVEEK		psite	805
ENSP00000382423	MAP3K1	1157	EVAVLSPEKAE		psite	805
ENSP00000345083	MAP2K3	39	PAPNPTPPRNL		psite	964
ENSP00000262445	MAP2K4	78	IERLRTHSIES		psite	667
ENSP00000262445	MAP2K4	80	RLRTHSIESSG	AKT1	hprd;pelm;psite	667
ENSP00000262445	MAP2K4	90	GKLKISPEQHW		hprd;pelm;psite	667
ENSP00000262445	MAP2K4	394	PATPSSPMYVD		hprd;psite	667
ENSP00000351997	MAP2K6	28	PQTSSTPPRDL		hprd;pelm;psite	967
ENSP00000239223	DUSP1	296	RRSIISPNFSF	MAPK1	hprd;pelm;psite	925
ENSP00000239223	DUSP1	323	SAEAGSPAMAV	MAPK1	hprd;pelm;psite	925
ENSP00000239223	DUSP1	359	LSYLQSPITTS	MAPK1	hprd;pelm;psite	925
ENSP00000240100	DUSP4	359	GKTPATPTSQF		psite	800
ENSP00000240100	DUSP4	386	LPYLHSPITTS		psite	800
ENSP00000279488	DUSP6	159	SCSSSSPPLPV	MAPK1;MAPK3	hprd;pelm;psite	844
ENSP00000279488	DUSP6	174	GLRISSDSSSD	MAPK3	psite	844
ENSP00000279488	DUSP6	197	TDSDGSPLSNS	MAPK1;MAPK3	hprd;psite	844
ENSP00000279488	DUSP6	331	KKSNISPNFNF		hprd;pelm;psite	844
ENSP00000279488	DUSP6	351	TLGLSSPCDNR		hprd;psite	844
ENSP00000228862	DUSP16	401	LKRSFSLDIKS		psite	919
ENSP00000228862	DUSP16	446	KLCQFSPVQEL	MAPK1	hprd;pelm;psite	919
ENSP00000228862	DUSP16	501	QRSLLSPLHRS		hprd;pelm;psite	919
ENSP00000261991	RPS6KA5	212	TERAYSFCGTI	RPS6KA5	pelm;psite	801
ENSP00000261991	RPS6KA5	360	MDPTYSPAALP	MAPK1;MAPK14;MAPK3	pelm;psite	801
ENSP00000261991	RPS6KA5	581	NQPLKTPCFTL	MAPK1;MAPK14;MAPK3	hprd;pelm;psite	801
ENSP00000261991	RPS6KA5	700	SNPLMTPDILG		psite	801
ENSP00000261991	RPS6KA5	759	ETRSSSSESSH	CSNK2A1	psite	801
ENSP00000333896	RPS6KA4	196	KERTFSFCGTI	MAP2K1;MAPK14;RPS6KA4	hprd;pelm;psite	800
ENSP00000333896	RPS6KA4	343	LEPVYSPPGSP	MAP2K1;MAPK14	hprd;pelm;psite	800
ENSP00000333896	RPS6KA4	347	YSPPGSPPPGD	MAP2K1;MAPK14	hprd;pelm;psite	800
ENSP00000333896	RPS6KA4	542	LYADDTPGAPV		psite	800
ENSP00000333896	RPS6KA4	568	GVPMQTPCFTL	MAP2K1;MAPK14	hprd;pelm;psite	800
ENSP00000333896	RPS6KA4	682	GSARSSPPLRT		hprd;pelm;psite	800
ENSP00000333896	RPS6KA4	687	SPPLRTPDVLE	RPS6KA4	hprd;pelm;psite	800
ENSP00000333896	RPS6KA4	745	ASRRGSPAPAN		hprd;psite	800
ENSP00000379330	NFATC2	53	AHKVASPPSGP		psite	800
ENSP00000379330	NFATC2	110	GASGLSPRIEI		psite	800
ENSP00000379330	NFATC2	116	PRIEITPSHEL		psite	800
ENSP00000379330	NFATC2	148	AGVAASPRFTL		psite	800
ENSP00000379330	NFATC2	213	IPAHYSPRTSP		hprd;psite	800
ENSP00000379330	NFATC2	217	YSPRTSPIMSP		hprd;psite	800
ENSP00000379330	NFATC2	221	TSPIMSPRTSL		hprd;psite	800
ENSP00000379330	NFATC2	236	CLGRHSPVPRP		hprd;psite	800
ENSP00000379330	NFATC2	243	VPRPASRSSSP		hprd;psite	800
ENSP00000379330	NFATC2	247	ASRSSSPGAKR		psite	800
ENSP00000379330	NFATC2	255	AKRRHSCAEAL		psite	800
ENSP00000379330	NFATC2	326	KMWKTSPDPSP		hprd;pelm;psite	800
ENSP00000379330	NFATC2	330	TSPDPSPVSAA		hprd;pelm;psite	800
ENSP00000379330	NFATC2	363	GERRNSAPESI		hprd;psite	800
ENSP00000379330	NFATC2	585	VERQDTDSCLV		hprd;pelm;psite	800
ENSP00000379330	NFATC2	757	YQRSKSLSPSL		hprd;psite	800
ENSP00000379330	NFATC2	759	RSKSLSPSLLG		hprd;psite	800
ENSP00000379330	NFATC2	856	QGQRLSPGSYP		psite	800
ENSP00000327850	NFATC1	159	DPSCLSPASSL	MAPK10;MAPK14;MAPK3	psite	840
ENSP00000327850	NFATC1	220	CTLLGSPRHSP		hprd;psite	840
ENSP00000327850	NFATC1	248	SSRPASPCNKR		psite	840
ENSP00000327850	NFATC1	256	NKRKYSLNGRQ	PRKACA;PRKCA	hprd;pelm;psite	840
ENSP00000327850	NFATC1	657	NQRITSPVHVS		psite	840
ENSP00000388910	NFATC4	231	GGAFFSPSPGS	MAPK14	hprd;pelm;psite	803
ENSP00000388910	NFATC4	233	AFFSPSPGSSS	MAPK14	hprd;pelm;psite	803
ENSP00000388910	NFATC4	276	RFGLGSPLPSP	MAPK8;MAPK9	hprd;psite	803
ENSP00000388910	NFATC4	280	GSPLPSPRASP	MAPK8;MAPK9	hprd;psite	803
ENSP00000388910	NFATC4	289	SPRPWTPEDPW		psite	803
ENSP00000388910	NFATC4	327	SPRPASPCGKR		psite	803
ENSP00000388910	NFATC4	335	GKRRYSSSGTP		pelm;psite	803
ENSP00000388910	NFATC4	344	TPSSASPALSR	RPS6KA3	psite	803
ENSP00000388910	NFATC4	352	LSRRGSLGEEG	RPS6KA3	hprd;psite	803
ENSP00000388910	NFATC4	397	KTRRTSSEQAV		pelm;psite	803
ENSP00000388910	NFATC4	398	TRRTSSEQAVA		pelm;psite	803
ENSP00000388910	NFATC4	739	GRRKRSPTQSF	MAPK1;MAPK3;RPS6KA3	pelm;psite	803
ENSP00000300659	NFATC3	163	RESSLSPSPAS	MAPK9	hprd;pelm;psite	800
ENSP00000300659	NFATC3	165	SSLSPSPASSI	MAPK9	hprd;pelm;psite	800
ENSP00000300659	NFATC3	207	RFTLGSPLTSP	CSNK1A1	hprd;pelm;psite	800
ENSP00000300659	NFATC3	211	GSPLTSPGGSP	CSNK1A1	hprd;pelm;psite	800
ENSP00000300659	NFATC3	215	TSPGGSPGGCP	CSNK1A1	hprd;pelm;psite	800
ENSP00000300659	NFATC3	269	SSRPTSPCGKR		psite	800
ENSP00000300659	NFATC3	277	GKRRHSSAEVC		psite	800
ENSP00000300659	NFATC3	344	KTRKTSEDQAA		psite	800
ENSP00000300659	NFATC3	366	DQGSLSPARET		hprd;psite	800
ENSP00000300659	NFATC3	372	PARETSIDDGL		psite	800
ENSP00000300659	NFATC3	416	IFRTSSLPPLD		psite	800
ENSP00000300659	NFATC3	731	TQRPSSDSGCS		psite	800
ENSP00000300659	NFATC3	1045	IGRDMSQISVS		psite	800
ENSP00000300659	NFATC3	1063	QAPLPSPESLD		psite	800
ENSP00000396538	NFAT5	17	DLDLESPKSLY		hprd;psite	809
ENSP00000396538	NFAT5	138	SNRGVSEKQLT		psite	809
ENSP00000396538	NFAT5	153	QQHPSTPKRHT	CDK5	hprd;psite	809
ENSP00000396538	NFAT5	163	TVLYISPPPED		hprd;psite	809
ENSP00000396538	NFAT5	579	KKEISSPARPC		psite	809
ENSP00000311997	NEFH	61	SSVSASPSRFR		psite	800
ENSP00000311997	NEFH	503	EEETKSPPAEE	GSK3B	hprd;psite	800
ENSP00000311997	NEFH	511	AEEAASPEKEA		hprd;psite	800
ENSP00000311997	NEFH	518	EKEAKSPVKEE	MAPK1	hprd;psite	800
ENSP00000311997	NEFH	526	KEEAKSPAEAK	MAPK1	hprd;psite	800
ENSP00000311997	NEFH	532	PAEAKSPEKEE	MAPK1	hprd;psite	800
ENSP00000311997	NEFH	540	KEEAKSPAEVK		psite	800
ENSP00000311997	NEFH	546	PAEVKSPEKAK		hprd;psite	800
ENSP00000311997	NEFH	552	PEKAKSPAKEE		psite	800
ENSP00000311997	NEFH	560	KEEAKSPPEAK		psite	800
ENSP00000311997	NEFH	566	PPEAKSPEKEE		psite	800
ENSP00000311997	NEFH	594	KEEAKSPAEAK		psite	800
ENSP00000311997	NEFH	600	PAEAKSPEKAK		psite	800
ENSP00000311997	NEFH	606	PEKAKSPVKEE		hprd;psite	800
ENSP00000311997	NEFH	620	PAEAKSPVKEE		hprd;psite	800
ENSP00000311997	NEFH	628	KEEAKSPAEVK		hprd;psite	800
ENSP00000311997	NEFH	640	PEKAKSPTKEE		hprd;psite	800
ENSP00000311997	NEFH	648	KEEAKSPEKAK		hprd;psite	800
ENSP00000311997	NEFH	654	PEKAKSPEKEE		hprd;psite	800
ENSP00000311997	NEFH	662	KEEAKSPEKAK		hprd;psite	800
ENSP00000311997	NEFH	668	PEKAKSPVKAE		hprd;psite	800
ENSP00000311997	NEFH	676	KAEAKSPEKAK		hprd;psite	800
ENSP00000311997	NEFH	704	KEEAKSPEKAK		hprd;psite	800
ENSP00000311997	NEFH	732	KEEAKTPEKAK		hprd;psite	800
ENSP00000311997	NEFH	738	PEKAKSPVKEE		psite	800
ENSP00000311997	NEFH	752	PEKAKSPEKAK		hprd;psite	800
ENSP00000311997	NEFH	763	TLDVKSPEAKT		hprd;psite	800
ENSP00000311997	NEFH	776	KEEARSPADKF		psite	800
ENSP00000311997	NEFH	787	PEKAKSPVKEE		hprd;pelm;psite	800
ENSP00000311997	NEFH	795	KEEVKSPEKAK		hprd;pelm;psite	800
ENSP00000311997	NEFH	822	KEEVKSPVKEE		hprd;psite	800
ENSP00000311997	NEFH	905	KKKVPTPEKEA		psite	800
ENSP00000229794	MAPK14	241	LRLVGTPGAEL		psite	911
ENSP00000333685	MAPK11	243	VVGTPSPEVLA		hprd;psite	914
ENSP00000211287	MAPK13	350	EIVNFSPIARK		psite	907
ENSP00000269305	TP53	33	ENNVLSPLPSQ	CDK5;CDK7;CDK9;MAPK14;PRKDC	hprd;pelm;psite	814
ENSP00000269305	TP53	46	DDLMLSPDDIE	ATM;CDK5;DYRK2;HIPK2;MAPK14;PRKCD;PRKDC	hprd;pelm;psite	814
ENSP00000269305	TP53	81	APAAPTPAAPA	MAPK8	hprd;psite	814
ENSP00000269305	TP53	150	LWVDSTPPPGT	CSNK2A1	psite	814
ENSP00000269305	TP53	315	NNTSSSPQPKK	AURKA;CDK1;CDK2;CDK9	hprd;pelm;psite	814
ENSP00000269305	TP53	366	GSRAHSSHLKS	CHEK2	hprd;psite	814
ENSP00000356505	NCF2	233	PPRPKTPEIFR	MAPK1	hprd;psite	899
ENSP00000307235	EIF2AK3	555	RQRKESETQCQ		psite	802
ENSP00000307235	EIF2AK3	715	EIIAPSPQRSR		hprd;psite	802
ENSP00000307235	EIF2AK3	802	RSRERTSSSIV		psite	802
ENSP00000307235	EIF2AK3	804	RERTSSSIVFE		psite	802
ENSP00000307235	EIF2AK3	1094	RQRSRSLSSSG		psite	802
ENSP00000307235	EIF2AK3	1096	RSRSLSSSGTK		psite	802
ENSP00000343325	PKN1	69	NLRRATTDLGR		psite	639
ENSP00000343325	PKN1	70	LRRATTDLGRS	PKN1	hprd;psite	639
ENSP00000343325	PKN1	118	HDGPQSPGAGG		psite	639
ENSP00000343325	PKN1	211	DDTQGSPDLGA		hprd;psite	639
ENSP00000343325	PKN1	246	VLRLLSAAKAP		hprd;psite	639
ENSP00000343325	PKN1	359	MGGPGTPDSRP		hprd;psite	639
ENSP00000343325	PKN1	380	YSRSGSLSGRS	PKN1	hprd;psite	639
ENSP00000343325	PKN1	539	GTGTFSPGASP		hprd;pelm;psite	639
ENSP00000343325	PKN1	543	FSPGASPGSEA		hprd;pelm;psite	639
ENSP00000343325	PKN1	568	TDSDSSPQKSS		hprd;pelm;psite	639
ENSP00000343325	PKN1	614	SPLRKSPLTLE	PKN1	hprd;psite	639
ENSP00000343325	PKN1	780	GDRTSTFCGTP	PDK1;PDPK1;PKN1	hprd;pelm;psite	639
ENSP00000343325	PKN1	784	STFCGTPEFLA		hprd;pelm;psite	639
ENSP00000343325	PKN1	922	EAPTLSPPRDA		hprd;pelm;psite	639
ENSP00000233057	EIF2AK2	83	EKKAVSPLLLT	EIF2AK2	hprd;pelm;psite	800
ENSP00000233057	EIF2AK2	456	TLRYMSPEQIS		hprd;pelm;psite	800
ENSP00000233057	EIF2AK2	542	TVWKKSPEKNE		hprd;psite	800
ENSP00000418447	PPP2CA	304	HVTRRTPDYFL		pelm;psite	800
ENSP00000221138	PPP2CB	304	HVTRRTPDYFL		psite	800
ENSP00000370113	PPP2R2A	167	LMVEASPRRIF		hprd;psite	811
ENSP00000370113	PPP2R2A	378	TKRDITLEASR		hprd;psite	811
ENSP00000325120	PGR	20	AGGPPSPEVGS		pelm;psite	800
ENSP00000325120	PGR	102	GGSSSSPPEKD		pelm;psite	800
ENSP00000325120	PGR	130	GQSQPSPPACE		pelm;psite	800
ENSP00000325120	PGR	162	TQRVLSPLMSR	CDK2	hprd;pelm;psite	800
ENSP00000325120	PGR	190	LPRGLSPARQL	CDK2	pelm;psite	800
ENSP00000325120	PGR	213	APVKPSPQAAA	CDK2	pelm;psite	800
ENSP00000325120	PGR	294	MAPGRSPLATT	CDK2;MAPK1;MAPK3	pelm;psite	800
ENSP00000325120	PGR	345	APPRSSPCASS		pelm;psite	800
ENSP00000325120	PGR	400	EASARSPRSYL	CDK2	pelm;psite	800
ENSP00000325120	PGR	549	YLRPDSEASQS		psite	800
ENSP00000325120	PGR	554	SEASQSPQYSF		psite	800
ENSP00000325120	PGR	676	QRFTFSPGQDI	CDK2	pelm;psite	800
ENSP00000283228	PTPRR	361	FVSIPTPREKV	MAPK1	hprd;psite	803
ENSP00000348461	RAC1	127	HHCPNTPIILV		psite	916
ENSP00000348461	RAC1	71	RLRPLSYPQTV	AKT1	hprd;psite	916
ENSP00000251849	RAF1	29	GSSCISPTIVQ	MAPK1	hprd;pelm;psite	800
ENSP00000251849	RAF1	43	YQRRASDDGKL	PRKACA;PRKCA	hprd;pelm;psite	800
ENSP00000251849	RAF1	234	QHRYSTPHAFT		psite	800
ENSP00000251849	RAF1	244	TFNTSSPSSEG		hprd;psite	800
ENSP00000251849	RAF1	257	SQRQRSTSTPN		hprd;pelm;psite	800
ENSP00000251849	RAF1	259	RQRSTSTPNVH	AKT1;PRKACA;RAF1	hprd;pelm;psite	800
ENSP00000251849	RAF1	260	QRSTSTPNVHM		hprd;pelm;psite	800
ENSP00000251849	RAF1	285	AIRSHSESASP		psite	800
ENSP00000251849	RAF1	289	HSESASPSALS	MAPK1;MAPK3	hprd;pelm;psite	800
ENSP00000251849	RAF1	296	SALSSSPNNLS	MAPK1;MAPK3	hprd;pelm;psite	800
ENSP00000251849	RAF1	301	SPNNLSPTGWS	MAPK1;MAPK3	hprd;pelm;psite	800
ENSP00000251849	RAF1	310	WSQPKTPVPAQ		psite	800
ENSP00000251849	RAF1	339	GQRDSSYYWEI	PAK1	hprd;pelm;psite	800
ENSP00000251849	RAF1	357	STRIGSGSFGT		psite	800
ENSP00000251849	RAF1	621	INRSASEPSLH	PRKACA;RAF1	hprd;pelm;psite	800
ENSP00000251849	RAF1	642	CTLTTSPRLPV	MAPK1	hprd;pelm;psite	800
ENSP00000220751	RIPK2	174	KWRMMSLSQSR		psite	800
ENSP00000220751	RIPK2	357	HENSGSPETSR		psite	800
ENSP00000220751	RIPK2	529	LVVSRSPSLNL		hprd;psite	800
ENSP00000220751	RIPK2	531	VSRSPSLNLLQ		hprd;pelm;psite	800
ENSP00000373301	SH3BP5	376	CSGASSPECEV		psite	919
ENSP00000373301	SH3BP5	421	SQSSTSPEGQA	MAPK12	hprd;pelm;psite	919
ENSP00000217381	SNTA1	89	QRRRVTVRKAD		psite	963
ENSP00000217381	SNTA1	173	YMKDVSPYFKN		psite	963
ENSP00000217381	SNTA1	189	SVGWDSPPASP		hprd;pelm;psite	963
ENSP00000217381	SNTA1	193	DSPPASPLQRQ	MAPK12	hprd;pelm;psite	963
ENSP00000217381	SNTA1	200	LQRQPSSPGPT		psite	963
ENSP00000217381	SNTA1	201	QRQPSSPGPTP	MAPK12	hprd;pelm;psite	963
ENSP00000217381	SNTA1	205	SSPGPTPRNFS		psite	963
ENSP00000378965	SNTB1	87	AQPPDSPAGVR		hprd;pelm;psite	621
ENSP00000378965	SNTB1	205	YVKKGSPVSEI		hprd;psite	621
ENSP00000378965	SNTB1	214	EIGWETPPPES		hprd;psite	621
ENSP00000378965	SNTB1	219	TPPPESPRLGG		hprd;pelm;psite	621
ENSP00000378965	SNTB1	389	GPGKGSPQAGV		hprd;pelm;psite	621
ENSP00000351342	PTPN5	245	QERRGSNVSLT		psite	800
ENSP00000351342	PTPN5	255	TLDMCTPGCNE		psite	800
ENSP00000351342	PTPN5	268	FGYLMSPREES		psite	800
ENSP00000216160	TAB1	378	SQPTPSPAPAA		psite	817
ENSP00000216160	TAB1	431	TLDEATPTLTN	MAPK14	pelm;psite	817
ENSP00000216160	TAB1	438	TLTNQSPTLTL	MAPK14	pelm;psite	817
ENSP00000286332	TAB2	171	SLSQQTPRFNP		psite	801
ENSP00000286332	TAB2	372	VYIAASPPNTD		hprd;pelm;psite	801
ENSP00000286332	TAB2	423	ASRNMSGQVSM		psite	801
ENSP00000286332	TAB2	450	NNSATSPRVVV		hprd;psite	801
ENSP00000286332	TAB2	524	ETRKLSMGSDD		hprd;psite	801
ENSP00000286332	TAB2	582	LKRSNSISQIP		psite	801
ENSP00000288422	TAB3	60	YMEYHSPDDNR		hprd;pelm;psite	800
ENSP00000288422	TAB3	385	INRSPSPISNQ		psite	800
ENSP00000288422	TAB3	404	LYTATTPPSSS		hprd;psite	800
ENSP00000288422	TAB3	409	TPPSSSPSRGI		psite	800
ENSP00000288422	TAB3	444	CTPSPSPRVIP		psite	800
ENSP00000288422	TAB3	506	YQRSSSSGSDD		hprd;pelm;psite	800
ENSP00000288422	TAB3	645	KARRISVTSKV		hprd;psite	800
ENSP00000358335	MAP3K7	439	QPRRRSIQDLT		hprd;pelm;psite	806
ENSP00000340820	MAPT	46	AGLKESPLQTP	GSK3B;MAPK1;MAPK3	hprd;psite	628
ENSP00000340820	MAPT	50	ESPLQTPTEDG	GSK3B;MAPK1;MAPK3	hprd;psite	628
ENSP00000340820	MAPT	171	ATRQPSGTGPE		psite	628
ENSP00000340820	MAPT	411	NRPCLSPKHPT		psite	628
ENSP00000340820	MAPT	534	RSGYSSPGSPG	PRKACA	hprd;psite	628
ENSP00000340820	MAPT	537	YSSPGSPGTPG	CDK5	hprd;pelm;psite	628
ENSP00000340820	MAPT	540	PGSPGTPGSRS	CDK5	hprd;pelm;psite	628
ENSP00000340820	MAPT	547	GSRSRTPSLPT	CDK5	hprd;pelm;psite	628
ENSP00000340820	MAPT	549	RSRTPSLPTPP	CDK5;PRKACA	hprd;pelm;psite	628
ENSP00000340820	MAPT	552	TPSLPTPPTRE	CDK5	hprd;pelm;psite	628
ENSP00000340820	MAPT	566	VAVVRTPPKSP	CDK5;GSK3B	hprd;pelm;psite	628
ENSP00000340820	MAPT	570	RTPPKSPSSAK	CDK5;GSK3B	hprd;pelm;psite	628
ENSP00000340820	MAPT	731	EIVYKSPVVSG	CDK5;GSK3B	hprd;pelm;psite	628
ENSP00000340820	MAPT	739	VSGDTSPRHLS	CDK5;GSK3B	hprd;pelm;psite	628
ENSP00000340820	MAPT	744	SPRHLSNVSST	PRKACA	hprd;psite	628
ENSP00000340820	MAPT	757	IDMVDSPQLAT		hprd;psite	628
ENSP00000295314	TMOD4	55	RQRDQTKKSPT		psite	768
ENSP00000295314	TMOD4	58	DQTKKSPTGPL		psite	768
ENSP00000264972	ZAP70	286	QRRIDTLNSDG		psite	801
ENSP00000264972	ZAP70	293	NSDGYTPEPAR		hprd;psite	801
ENSP00000264972	ZAP70	301	PARITSPDKPR		psite	801
ENSP00000264972	ZAP70	317	TSVYESPYSDP		psite	801
ENSP00000250003	MYOD1	201	DSDASSPRSNC	CDK1	pelm	907
ENSP00000396219	MEF2C	192	THRPPSAGNTG	RPS6KA3	pelm	929
ENSP00000396219	MEF2C	293	AQSLATPVVSV	MAPK14	hprd;pelm	929
ENSP00000396219	MEF2C	300	VVSVATPTLPG	MAPK14	hprd;pelm	929
ENSP00000262013	SPAG9	276	GSKATTPASTA		hprd;pelm	934
ENSP00000262013	SPAG9	244	QPRSHTSLKVS		pelm	934
ENSP00000345731	DLG1	232	LERGNSGLGFS	CAMK2A	hprd;pelm	437
ENSP00000346389	MEF2A	445	QEMGRSPVDSL	MAPK14	hprd;pelm	910
ENSP00000288602	BRAF	335	ILTSPSPSKSI		hprd;pelm	806
ENSP00000264716	FOSL2	309	HRRSSSSGDQS		hprd;pelm	804
ENSP00000286332	TAB2	482	SPGVVSPTFEL		hprd;pelm	801
ENSP00000286332	TAB2	477	KPPAVSPGVVS		hprd;pelm	801
ENSP00000345853	DUSP9	372	PSFFTTPTSDG		hprd;pelm	869
ENSP00000340820	MAPT	492	RIPAKTPPAPK	MAPK1	hprd	628
ENSP00000340820	MAPT	687	KDRVQSKIGSL	PKN1	hprd	628
ENSP00000340820	MAPT	470	KTKIATPRGAA	CDK1	hprd	628
ENSP00000226004	DUSP3	133	YSRSPTLVIAY		hprd	802
ENSP00000379330	NFATC2	168	EPLCLSPASSG		hprd	800
ENSP00000379330	NFATC2	268	LPPGASPQRSR		hprd	800
ENSP00000379330	NFATC2	274	PQRSRSPSPQP		hprd	800
ENSP00000379330	NFATC2	276	RSRSPSPQPSS		hprd	800
ENSP00000262445	MAP2K4	26	PGPVGSPAPGH		hprd	667
ENSP00000262445	MAP2K4	391	DQMPATPSSPM		hprd	667
ENSP00000264716	FOSL2	17	SSRGSSGSPAH		hprd	804
ENSP00000283228	PTPRR	339	QERRGSNVSLT	PRKACA	hprd	803
ENSP00000307235	EIF2AK3	862	PPRPTTLSLDL		hprd	802
ENSP00000396538	NFAT5	667	NGSFSSPSSSH		hprd	809
ENSP00000388910	NFATC4	284	PSPRASPRPWT		hprd	803
ENSP00000373301	SH3BP5	351	SLDLPSPVSLS	MAPK12	hprd	919
ENSP00000263791	EIF2AK4	1040	FSQRISPAIDY		hprd	818
