name	MAPK11
id	ENSP00000333685
type	Serine/threonine kinase
proline+1_removed	No
npartners	221
npartners_with_sites	181
nsites	778
//
motif	score	fg_matches	fg_size	bg_matches	bg_size	fold_increase
..RI.[ST].S...	622.67	10	1460	0	9365	Inf
...P.[ST]PP...	321	12	2030	1	10000	59.11
..RR.[ST].....	317.01	31	1491	18	9383	10.84
.....[ST]P....	307.65	527	2018	616	9999	4.24
..R..[ST].....	307.65	183	1450	465	9365	2.54
//
prot_id	prot_name	position	flank	kinase	source	string_score
ENSP00000309503	YWHAZ	58	GARRSSWRVVS	AKT1;MAPKAPK2;PRKACA	hprd;pelm;psite	903
ENSP00000309503	YWHAZ	63	SWRVVSSIEQK		psite	903
ENSP00000309503	YWHAZ	184	YEILNSPEKAC	AKT1;MAPK8	hprd;pelm;psite	903
ENSP00000361423	ABL1	69	AARWNSKENLL		hprd;psite	899
ENSP00000361423	ABL1	197	HYRINTASDGK	LATS2	psite	899
ENSP00000361423	ABL1	248	TVYGVSPNYDK		hprd;psite	899
ENSP00000361423	ABL1	408	LSRLMTGDTYT		psite	899
ENSP00000361423	ABL1	588	HEPAVSPLLPR	CDK1	hprd;pelm;psite	899
ENSP00000361423	ABL1	632	KKTAPTPPKRS		hprd;psite	899
ENSP00000361423	ABL1	639	PKRSSSFREMD		hprd;psite	899
ENSP00000361423	ABL1	678	ADPAKSPKPSN		hprd;psite	899
ENSP00000361423	ABL1	702	GSGFRSPHLWK		hprd;psite	899
ENSP00000361423	ABL1	719	SSRLATGEEEG		psite	899
ENSP00000361423	ABL1	737	FLRSCSASCVP		hprd;psite	899
ENSP00000361423	ABL1	754	EWRSVTLPRDL	CLK1;CLK4;MAP3K8;STK3;STK4;TTK	hprd;pelm;psite	899
ENSP00000361423	ABL1	800	TRGTVTPPPRL		hprd;psite	899
ENSP00000361423	ABL1	824	DIMESSPGSSP		hprd;psite	899
ENSP00000361423	ABL1	828	SSPGSSPPNLT		hprd;psite	899
ENSP00000361423	ABL1	833	SPPNLTPKPLR		hprd;psite	899
ENSP00000361423	ABL1	842	LRRQVTVAPAS		psite	899
ENSP00000361423	ABL1	863	GSALGTPAAAE		hprd;pelm;psite	899
ENSP00000361423	ABL1	871	AAEPVTPTSKA		hprd;pelm;psite	899
ENSP00000361423	ABL1	903	KHSSESPGRDK		psite	899
ENSP00000361423	ABL1	936	GKPSQSPSQEA		hprd;pelm;psite	899
ENSP00000361423	ABL1	996	SGTPISPAPVP		hprd;psite	899
ENSP00000361423	ABL1	16	DQRRPSLPALH		psite	899
ENSP00000219919	AQP9	222	PARDLSPRLFT	PRKCZ	hprd;pelm;psite	416
ENSP00000366244	ARAF	181	LNELLTPQGPS		hprd;psite	800
ENSP00000366244	ARAF	186	TPQGPSPRTQH		hprd;pelm;psite	800
ENSP00000366244	ARAF	212	LQRIRSTSTPN		hprd;pelm;psite	800
ENSP00000366244	ARAF	214	RIRSTSTPNVH		hprd;pelm;psite	800
ENSP00000366244	ARAF	215	IRSTSTPNVHM		hprd;pelm;psite	800
ENSP00000366244	ARAF	250	GSRGGSDGTPR		psite	800
ENSP00000366244	ARAF	253	GGSDGTPRGSP		hprd;psite	800
ENSP00000366244	ARAF	257	GTPRGSPSPAS		hprd;pelm;psite	800
ENSP00000366244	ARAF	259	PRGSPSPASVS		hprd;psite	800
ENSP00000366244	ARAF	269	SSGRKSPHSKS		hprd;psite	800
ENSP00000366244	ARAF	274	SPHSKSPAEQR		psite	800
ENSP00000366244	ARAF	318	LKRIGTGSFGT		psite	800
ENSP00000366244	ARAF	528	GRGYLSPDLSK		psite	800
ENSP00000366244	ARAF	547	MRRLLSDCLKF		psite	800
ENSP00000366244	ARAF	582	IERSASEPSLH		hprd;pelm;psite	800
ENSP00000262053	ATF1	63	LARRPSYRKIL	CAMK2G;CDK3;RPS6KA5	hprd;pelm;psite	664
ENSP00000262053	ATF1	198	TVVMTSPVTLT		hprd;pelm;psite	664
ENSP00000264110	ATF2	62	PARNDSVIVAD	VRK1	pelm;psite	992
ENSP00000264110	ATF2	69	IVADQTPTPTR	MAPK14;MAPK3;MAPK8;MAPK9;PLK3	hprd;pelm;psite	992
ENSP00000264110	ATF2	71	ADQTPTPTRFL	MAPK1;MAPK14;MAPK3;MAPK8;MAPK9;PLK3	hprd;pelm;psite	992
ENSP00000264110	ATF2	90	FNELASPFENE	MAPK14;MAPK8;MAPK9	hprd;psite	992
ENSP00000264110	ATF2	112	MPLDLSPLATP		hprd;pelm;psite	992
ENSP00000264110	ATF2	116	LSPLATPIIRS	CDK2	hprd;pelm;psite	992
ENSP00000264110	ATF2	136	TTHQDSPLPHP		psite	992
ENSP00000264110	ATF2	307	LVRTQSEESRP		psite	992
ENSP00000264110	ATF2	328	TETPASPAHTT		pelm;psite	992
ENSP00000264110	ATF2	333	SPAHTTPQTQS		psite	992
ENSP00000356919	ATF6	16	MESPFSPGLFH		psite	931
ENSP00000329623	BCL2	56	SQPGHTPHPAA	CDK1;MAPK1;MAPK14;MAPK3	hprd;pelm;psite	655
ENSP00000329623	BCL2	70	PVARTSPLQTP	MAPK8;PRKCA	hprd;pelm;psite	655
ENSP00000329623	BCL2	74	TSPLQTPAAPG	MAPK1;MAPK3	hprd;pelm;psite	655
ENSP00000329623	BCL2	87	AGPALSPVPPV	MAPK1;MAPK14;MAPK3;MAPK8	hprd;pelm;psite	655
ENSP00000245451	BMP4	116	ASRANTVRSFH		psite	464
ENSP00000267859	BNIP2	235	VIRKGSITEYT		hprd;pelm;psite	899
ENSP00000288602	BRAF	151	RSNPKSPQKPI	BRAF	hprd;pelm;psite	801
ENSP00000288602	BRAF	333	PQILTSPSPSK		hprd;pelm;psite	801
ENSP00000288602	BRAF	363	GQRDRSSSAPN		hprd;psite	801
ENSP00000288602	BRAF	365	RDRSSSAPNVH	AKT1;AKT3	hprd;pelm;psite	801
ENSP00000288602	BRAF	401	TGLSATPPASL	MAPK1;MAPK3	hprd;pelm;psite	801
ENSP00000288602	BRAF	419	KALQKSPGPQR	BRAF	hprd;pelm;psite	801
ENSP00000288602	BRAF	429	RERKSSSSSED	AKT1;AKT3	hprd;pelm;psite	801
ENSP00000288602	BRAF	440	RNRMKTLGRRD		hprd;pelm;psite	801
ENSP00000288602	BRAF	446	LGRRDSSDDWE	PAK1	hprd;pelm;psite	801
ENSP00000288602	BRAF	447	GRRDSSDDWEI		hprd;pelm;psite	801
ENSP00000288602	BRAF	465	GQRIGSGSFGT		psite	801
ENSP00000288602	BRAF	729	IHRSASEPSLN		hprd;pelm;psite	801
ENSP00000288602	BRAF	750	LYACASPKTPI	BRAF	hprd;pelm;psite	801
ENSP00000288602	BRAF	753	CASPKTPIQAG	MAPK1;MAPK3	psite	801
ENSP00000305422	CEBPB	76	RAIDFSPYLEP		psite	904
ENSP00000305422	CEBPB	231	TSSSSSPPGTP		hprd;psite	904
ENSP00000305422	CEBPB	235	SSPPGTPSPAD	MAPK1;MAPK3	hprd;pelm;psite	904
ENSP00000305422	CEBPB	325	LSRELSTLRNL	CAMK2A	hprd;pelm;psite	904
ENSP00000360797	CARD9	231	VERKHTLKLRH		psite	800
ENSP00000360797	CARD9	277	KLDRSSPYIQV		psite	800
ENSP00000360797	CARD9	460	LAGGGSPKQPF		hprd;pelm;psite	800
ENSP00000351273	CASP8	270	MTISDSPREQD		psite	440
ENSP00000351273	CASP8	322	RDRNGTHLDAG		psite	440
ENSP00000351273	CASP8	446	EMDLSSPQTRY	CDK1	psite	440
ENSP00000262367	CREBBP	78	LLRGGSGSSIN		psite	453
ENSP00000262367	CREBBP	93	NVSASSPVQQG		psite	453
ENSP00000262367	CREBBP	121	SAMGKSPLSQG		hprd;pelm;psite	453
ENSP00000262367	CREBBP	1076	ASQSTSPSQPR		hprd;psite	453
ENSP00000262367	CREBBP	1763	EPQSKSPQESR		hprd;psite	453
ENSP00000262367	CREBBP	2063	PPRSISPSALQ		hprd;pelm;psite	453
ENSP00000262367	CREBBP	2076	LRTLKSPSSPQ		hprd;pelm;psite	453
ENSP00000262367	CREBBP	2079	LKSPSSPQQQQ		hprd;pelm;psite	453
ENSP00000262367	CREBBP	2351	PAPVQSPRPQS		psite	453
ENSP00000262367	CREBBP	2356	SPRPQSQPPHS		psite	453
ENSP00000262367	CREBBP	2364	PHSSPSPRIQP		psite	453
ENSP00000370503	CCM2	260	FDGASTPTHHL		psite	906
ENSP00000370503	CCM2	414	HRRALSTTSSS		psite	906
ENSP00000227507	CCND1	90	LDRFLSLEPVK	PRKACA	hprd;pelm;psite	690
ENSP00000227507	CCND1	234	LTRFLSRVIKC	PRKACA	hprd;pelm;psite	690
ENSP00000227507	CCND1	286	VDLACTPTDVR	CHUK;GSK3B	hprd;pelm;psite	690
ENSP00000245960	CDC25B	42	HGLLGSPVRAA		psite	899
ENSP00000245960	CDC25B	50	RAAASSPVTTL		psite	899
ENSP00000245960	CDC25B	151	IRRFQSMPVRL		psite	899
ENSP00000245960	CDC25B	160	RLLGHSPVLRN	CDK1	hprd;pelm;psite	899
ENSP00000245960	CDC25B	167	VLRNITNSQAP		psite	899
ENSP00000245960	CDC25B	178	DGRRKSEAGSG		psite	899
ENSP00000245960	CDC25B	230	AQRPSSAPDLM	CHEK1	pelm;psite	899
ENSP00000245960	CDC25B	238	DLMCLSPDRKM		psite	899
ENSP00000245960	CDC25B	249	EVEELSPLALG	MAPK11	pelm;psite	899
ENSP00000245960	CDC25B	321	QRLFRSPSMPC	CDK1;MELK	hprd;psite	899
ENSP00000245960	CDC25B	323	LFRSPSMPCSV	MAPKAPK2;MELK	pelm;psite	899
ENSP00000245960	CDC25B	353	NKRRRSVTPPE	AURKA;MAPKAPK2;RPS6KA1	hprd;pelm;psite	899
ENSP00000245960	CDC25B	355	RRRSVTPPEEQ	RPS6KA1	hprd;pelm;psite	899
ENSP00000245960	CDC25B	375	VLRSKSLCHDE	BRSK1;MAPKAPK2	hprd;pelm;psite	899
ENSP00000245960	CDC25B	470	SFLLKSPIAPC		psite	899
ENSP00000245960	CDC25B	115	GLCMDSPSPMD	MAPK8	psite	899
ENSP00000245960	CDC25B	117	CMDSPSPMDPH	MAPK8	psite	899
ENSP00000340671	DDIT3	79	TSTSQSPHSPD	MAPK14	hprd;pelm;psite	938
ENSP00000340671	DDIT3	82	SQSPHSPDSSQ	MAPK14	hprd;pelm;psite	938
ENSP00000356436	PLA2G4A	268	PLLLLTPQKVK		hprd;pelm;psite	938
ENSP00000356436	PLA2G4A	505	TSYPLSPLSDF	MAPK1	hprd;pelm;psite	938
ENSP00000387699	CREB1	98	LKRLFSGTQIS	PRKD1	psite	957
ENSP00000387699	CREB1	133	LSRRPSYRKIL	ATM;CAMK4;CAMKK1;DYRK3;MAP3K8;MAPKAPK2;PRKACA;PRKCE;PRKD1;RPS6KA1;RPS6KA2;RPS6KA3;RPS6KA4;RPS6KA5;SGK1;TSSK4	hprd;pelm;psite	957
ENSP00000387699	CREB1	271	VVMASSPALPT	HIPK2	psite	957
ENSP00000265372	CREM	87	LSRRPSYRKIL		hprd;psite	423
ENSP00000265372	CREM	226	VVMAASPGSLH		hprd;pelm;psite	423
ENSP00000265372	CREM	232	PGSLHSPQQLA		hprd;pelm;psite	423
ENSP00000304669	CTNNA1	634	VLMIRTPEELD		hprd;pelm;psite	899
ENSP00000304669	CTNNA1	654	DVRSRTSVQTE		hprd;pelm;psite	899
ENSP00000344456	CTNNB1	191	HAIMRSPQMVS	CDK5	hprd;psite	900
ENSP00000344456	CTNNB1	246	VKMLGSPVDSV	CDK5	psite	900
ENSP00000344456	CTNNB1	332	IMRTYTYEKLL	CAMK2A	psite	900
ENSP00000344456	CTNNB1	472	ALRHLTSRHQE	CAMK2A	psite	900
ENSP00000344456	CTNNB1	552	TQRRTSMGGTQ	AKT1;AKT2;CAMK2A;PRKACA	hprd;pelm;psite	900
ENSP00000267079	MAP3K12	634	AGDPGSPPPAR		psite	907
ENSP00000345281	DUSP22	58	IPAADSPSQNL		psite	859
ENSP00000358596	DUSP5	321	EILPSTPNPQP	MAPK1;MAPK3	psite	800
ENSP00000358596	DUSP5	346	HLQTLSPDMQG	MAPK1;MAPK3	psite	800
ENSP00000358596	DUSP5	376	SELSRSPVATA	MAPK1;MAPK3	psite	800
ENSP00000296483	DUSP7	315	VKRKKSNISPN		hprd;pelm;psite	810
ENSP00000296483	DUSP7	318	KKSNISPNFNF		pelm;psite	810
ENSP00000329539	DUSP8	395	LKRSFSLDIKS		psite	925
ENSP00000345853	DUSP9	16	LRRELSPPRPR		psite	846
ENSP00000345853	DUSP9	237	YILNVTPNLPN		psite	846
ENSP00000345853	DUSP9	325	VKRKKSNISPN		hprd;pelm;psite	846
ENSP00000345853	DUSP9	328	KKSNISPNFNF		pelm;psite	846
ENSP00000307940	EEF2	435	MGPNYTPGKKE	CDK2	hprd;psite	808
ENSP00000307940	EEF2	502	MKFSVSPVVRV		hprd;pelm;psite	808
ENSP00000307940	EEF2	595	LCLSKSPNKHN		psite	808
ENSP00000307940	EEF2	779	SQVAGTPMFVV		psite	808
ENSP00000263026	EEF2K	18	VDGGQSPRAGH		hprd;pelm;psite	669
ENSP00000263026	EEF2K	74	YSSSGSPANSF	MTOR	hprd;pelm;psite	669
ENSP00000263026	EEF2K	359	EEKCGSPQVRT	CDK1;MAPK13	psite	669
ENSP00000263026	EEF2K	366	QVRTLSGSRPP	RPS6KA1;RPS6KB1;RPS6KB2	psite	669
ENSP00000263026	EEF2K	377	LLRPLSENSGD	MAPKAPK2;MAPKAPK3	hprd;pelm;psite	669
ENSP00000263026	EEF2K	396	DSLPSSPSSAT	EEF2K;MAPK11;MAPK13;MAPK14	hprd;pelm;psite	669
ENSP00000263026	EEF2K	401	SPSSATPHSQK		psite	669
ENSP00000239938	EGR1	12	EMQLMSPLQIS		psite	439
ENSP00000239938	EGR1	26	GSFPHSPTMDN		psite	439
ENSP00000239938	EGR1	378	CMRNFSRSDHL	CSNK2A1	hprd;pelm;psite	439
ENSP00000247161	ELK1	304	GHAASSPEISQ		hprd;pelm;psite	918
ENSP00000247161	ELK1	324	LELPLSPSLLG		hprd;pelm;psite	918
ENSP00000247161	ELK1	353	PGPALTPSLLP		psite	918
ENSP00000247161	ELK1	363	PTHTLTPVLLT		psite	918
ENSP00000247161	ELK1	368	TPVLLTPSSLP		psite	918
ENSP00000247161	ELK1	383	FWSTLSPIAPR	MAPK1;MAPK14;MAPK3;RPS6KA5	hprd;pelm;psite	918
ENSP00000247161	ELK1	389	PIAPRSPAKLS	MAPK14;MAPK3	hprd;pelm;psite	918
ENSP00000247161	ELK1	417	VDGLSTPVVLS	PRPF4;PRPF4B	pelm;psite	918
ENSP00000247161	ELK1	422	TPVVLSPGPQK		psite	918
ENSP00000350681	ELK4	180	LAEKKSPQEPT		psite	962
ENSP00000350681	ELK4	185	SPQEPTPSVIK		psite	962
ENSP00000350681	ELK4	215	IGPSISPSSEE		hprd;psite	962
ENSP00000350681	ELK4	230	LETLVSPKLPS		psite	962
ENSP00000350681	ELK4	381	FWSTLSPVAPL		psite	962
ENSP00000350681	ELK4	387	PVAPLSPARLQ		psite	962
ENSP00000350681	ELK4	420	LDGPSTPGPFS		psite	962
ENSP00000350681	ELK4	425	TPGPFSPDLQK		psite	962
ENSP00000297494	NOS3	114	LQGRPSPGPPA	CDK5	psite	474
ENSP00000297494	NOS3	495	ITRKKTFKEVA	PRKACA;PRKCA;PRKG2	pelm;psite	474
ENSP00000297494	NOS3	615	KIRFNSISCSD	AKT1;PRKACA	pelm;psite	474
ENSP00000297494	NOS3	633	RKRKESSNTDS	PRKAA1;PRKACA;PRKG2	hprd;pelm;psite	474
ENSP00000297494	NOS3	1175	TSRIRTQSFSL		hprd;psite	474
ENSP00000297494	NOS3	1177	RIRTQSFSLQE	AKT1;PRKAA1;PRKACA;PRKG2	hprd;pelm;psite	474
ENSP00000206249	ESR1	104	PLNSVSPSPLM	CDK2;GSK3B;MAPK1;MAPK3;MNAT1	hprd;pelm;psite	909
ENSP00000206249	ESR1	106	NSVSPSPLMLL	CDK2;GSK3B;MAPK1;MAPK3;MNAT1	hprd;pelm;psite	909
ENSP00000206249	ESR1	118	PPPQLSPFLQP	CDK2;CDK7;CHUK;GSK3B;MAPK1;MAPK14;MAPK3	hprd;pelm;psite	909
ENSP00000206249	ESR1	154	FYRPNSDNRRQ		pelm;psite	909
ENSP00000206249	ESR1	167	RERLASTNDKG	AKT1;AKT2;CSNK2A1;IKBKE;RPS6KA1;RPS6KA3;RPS6KB1	hprd;pelm;psite	909
ENSP00000206249	ESR1	236	KNRRKSCQACR	PRKACA	pelm;psite	909
ENSP00000206249	ESR1	294	ANLWPSPLMIK		pelm;psite	909
ENSP00000343925	ESR2	87	TPGHLSPLVVH		pelm;psite	959
ENSP00000343925	ESR2	105	AEPQKSPWCEA		pelm;psite	959
ENSP00000343925	ESR2	200	KNRRKSCQACR		psite	959
ENSP00000271450	FCGR2A	297	NPRAPTDDDKN		psite	800
ENSP00000306245	FOS	32	LSYYHSPADSF	MAPK7	psite	914
ENSP00000306245	FOS	232	LPEVATPESEE	MAPK1;MAPK3;MAPK7	hprd;pelm;psite	914
ENSP00000306245	FOS	325	LEPLCTPVVTC	MAPK1;MAPK3	hprd;pelm;psite	914
ENSP00000306245	FOS	331	PVVTCTPSCTA	MAPK1;MAPK3	hprd;pelm;psite	914
ENSP00000306245	FOS	362	AHRKGSSSNEP	PRKACA;RPS6KA1;RPS6KA3	hprd;pelm;psite	914
ENSP00000306245	FOS	374	SDSLSSPTLLA	MAPK1	hprd;pelm;psite	914
ENSP00000310170	FOSL1	74	TYPQYSPPQPR		pelm;psite	829
ENSP00000310170	FOSL1	101	PCEQISPEEEE		psite	829
ENSP00000310170	FOSL1	217	PEALHTPTLMT		psite	829
ENSP00000310170	FOSL1	223	PTLMTTPSLTP		psite	829
ENSP00000310170	FOSL1	230	SLTPFTPSLVF		psite	829
ENSP00000310170	FOSL1	240	FTYPSTPEPCA		psite	829
ENSP00000310170	FOSL1	252	AHRKSSSSSGD		psite	829
ENSP00000310170	FOSL1	265	SDPLGSPTLLA		hprd;psite	829
ENSP00000264716	FOSL2	19	RGSSGSPAHAE		hprd;pelm;psite	840
ENSP00000264716	FOSL2	83	RSHPYSPLPGL		hprd;pelm;psite	840
ENSP00000264716	FOSL2	120	RDEQLSPEEEE		hprd;pelm;psite	840
ENSP00000264716	FOSL2	200	PEERRSPPAPG		hprd;pelm;psite	840
ENSP00000264716	FOSL2	230	PLEEDSPSSSS		hprd;pelm;psite	840
ENSP00000264716	FOSL2	308	AHRRSSSSGDQ		hprd;pelm;psite	840
ENSP00000264716	FOSL2	320	SDSLNSPTLLA		hprd;psite	840
ENSP00000357656	FYN	21	EERDGSLNQSS	PRKACA	hprd;pelm;psite	905
ENSP00000334448	GNG2	52	EDPLLTPVPAS		psite	899
ENSP00000263791	EIF2AK4	230	ILHGGSPDFVG		hprd;pelm;psite	820
ENSP00000263791	EIF2AK4	254	RERQYSVCNSE		psite	820
ENSP00000263791	EIF2AK4	261	CNSEDSPGSCE		psite	820
ENSP00000263791	EIF2AK4	551	PLVEQSPEDSE		psite	820
ENSP00000263791	EIF2AK4	572	SNRLPSAAFFS		psite	820
ENSP00000263791	EIF2AK4	667	PAGPGTPPPDS		hprd;pelm;psite	820
ENSP00000222574	HBP1	380	RQRRASLSCGG		psite	939
ENSP00000222574	HBP1	402	SKNCGSPGSSQ	MAPK11;MAPK14	pelm;psite	939
ENSP00000222574	HBP1	430	TVSATSPNKCK		psite	939
ENSP00000222574	HBP1	509	RKRTNSGSQQH		psite	939
ENSP00000302967	HDAC3	74	FLQRVSPTNMQ		psite	662
ENSP00000408617	HDAC9	22	GLEPISPLDLR		psite	804
ENSP00000408617	HDAC9	243	AERRSSPLLRR		psite	804
ENSP00000408617	HDAC9	425	PLHPQSPLATK		psite	804
ENSP00000408617	HDAC9	454	LNRTQSAPLPQ	CAMK1	psite	804
ENSP00000356248	PTPN7	83	QERRGSNVALM	PRKACA	hprd;pelm;psite	800
ENSP00000356248	PTPN7	105	ICSVNTPREVT	MAPK1;MAPK14	hprd;pelm;psite	800
ENSP00000356248	PTPN7	132	QRQPPSPKQLE	MAPK1;MAPK14	hprd;pelm;psite	800
ENSP00000356248	PTPN7	149	PSNFVSPEDLD		psite	800
ENSP00000356248	PTPN7	182	LGRAQSQEDGD		psite	800
ENSP00000338018	HIF1A	641	KILIASPSPTH	MAPK1	psite	403
ENSP00000338018	HIF1A	643	LIASPSPTHIH	MAPK1	psite	403
ENSP00000338018	HIF1A	657	TSATSSPYRDT	PLK3	psite	403
ENSP00000338018	HIF1A	668	QSRTASPNRAG	CDK1	psite	403
ENSP00000248553	HSPB1	15	LLRGPSWDPFR	MAPKAPK2;PRKG1	hprd;pelm;psite	933
ENSP00000248553	HSPB1	65	PAAIESPAVAA		hprd;pelm;psite	933
ENSP00000248553	HSPB1	78	YSRALSRQLSS	MAPKAPK2;PRKACA;PRKG1;RPS6KB2	hprd;pelm;psite	933
ENSP00000248553	HSPB1	82	LSRQLSSGVSE	AKT1;MAPKAPK2;PKD1;PRKACA;PRKD1;PRKG1;RPS6KB2	hprd;pelm;psite	933
ENSP00000248553	HSPB1	139	ISRCFTRKYTL		psite	933
ENSP00000248553	HSPB1	143	FTRKYTLPPGV	PRKACA;PRKG1	psite	933
ENSP00000264832	ICAM1	521	QAQKGTPMKPN		hprd;pelm;psite	428
ENSP00000216223	IL2RB	282	VLKCNTPDPSK		psite	899
ENSP00000216223	IL2RB	431	DLLLFSPSLLG		psite	899
ENSP00000343204	JAK1	688	SDVLTTPWKFK		hprd;psite	901
ENSP00000343204	JAK1	1043	KDDRDSPVFWY		psite	901
ENSP00000391676	JAK3	8	PPSEETPLIPQ		psite	901
ENSP00000391676	JAK3	17	PQRSCSLLSTE		psite	901
ENSP00000391676	JAK3	663	EGADGSPPFIK		psite	901
ENSP00000262013	SPAG9	203	KERPISLGIFP		hprd;pelm;psite	930
ENSP00000262013	SPAG9	217	GDGLLTPDAQK		hprd;pelm;psite	930
ENSP00000262013	SPAG9	226	QKGGETPGSEQ		hprd;pelm;psite	930
ENSP00000262013	SPAG9	251	LKVSNSPEPQK		psite	930
ENSP00000262013	SPAG9	292	TIPTDTPLKEE		hprd;pelm;psite	930
ENSP00000262013	SPAG9	329	ETRNVSTGSAE		hprd;pelm;psite	930
ENSP00000262013	SPAG9	348	AIIESTPELDM		hprd;psite	930
ENSP00000262013	SPAG9	365	YKGSSTPTKGI		hprd;psite	930
ENSP00000262013	SPAG9	586	PTSHVTPSVKK	CDK2	hprd;pelm;psite	930
ENSP00000262013	SPAG9	595	KKRSSTLSQLP		hprd;pelm;psite	930
ENSP00000262013	SPAG9	730	KQRSASQSSLD		hprd;pelm;psite	930
ENSP00000262013	SPAG9	1188	GNRPGSVIRVY		psite	930
ENSP00000262013	SPAG9	1238	PGQVISPQSSS		psite	930
ENSP00000262013	SPAG9	1264	EPGSQTPLKSM		hprd;pelm;psite	930
ENSP00000360266	JUN	63	SDLLTSPDVGL	CDK3;MAPK15;MAPK8;MAPK9;PLK3;PRKD1;VRK1	hprd;pelm;psite	979
ENSP00000360266	JUN	73	LLKLASPELER	CDK3;MAPK15;MAPK8;MAPK9;PLK3;VRK1	hprd;pelm;psite	979
ENSP00000360266	JUN	91	GHITTTPTPTQ	MAPK8	pelm;psite	979
ENSP00000360266	JUN	93	ITTTPTPTQFL	MAPK8;PAK2	pelm;psite	979
ENSP00000360266	JUN	239	EMPGETPPLSP	GSK3A;GSK3B	hprd;pelm;psite	979
ENSP00000360266	JUN	243	ETPPLSPIDME	CSNK2A1;GSK3A;GSK3B	hprd;pelm;psite	979
ENSP00000303315	JUNB	102	GVITTTPTPPG	MAPK14;MAPK8	hprd;pelm;psite	814
ENSP00000303315	JUNB	104	ITTTPTPPGQY	MAPK14;MAPK8	hprd;pelm;psite	814
ENSP00000303315	JUNB	255	RSRDATPPVSP	GSK3B	hprd;pelm;psite	814
ENSP00000303315	JUNB	259	ATPPVSPINME		hprd;pelm;psite	814
ENSP00000252818	JUND	71	AAPPPTPLRAD		psite	829
ENSP00000252818	JUND	90	DGLLASPDLGL		psite	829
ENSP00000252818	JUND	100	LLKLASPELER	MAPK8	hprd;pelm;psite	829
ENSP00000252818	JUND	117	GLVTTTPTSSQ		hprd;psite	829
ENSP00000252818	JUND	255	PSFGESPPLSP		hprd;pelm;psite	829
ENSP00000252818	JUND	259	ESPPLSPIDMD		hprd;pelm;psite	829
ENSP00000355124	KRT19	10	SYRQSSATSSF		hprd;pelm;psite	899
ENSP00000355124	KRT19	35	AFRAPSIHGGS		hprd;pelm;psite	899
ENSP00000355124	KRT19	46	GGRGVSVSSAR		hprd;pelm;psite	899
ENSP00000355124	KRT19	93	NDRLASYLDKV		psite	899
ENSP00000293308	KRT8	21	GPRAFSSRSYT		hprd;pelm;psite	929
ENSP00000293308	KRT8	26	SSRSYTSGPGS		hprd;psite	929
ENSP00000293308	KRT8	35	GSRISSSSFSR		hprd;pelm;psite	929
ENSP00000293308	KRT8	43	FSRVGSSNFRG		hprd;pelm;psite	929
ENSP00000293308	KRT8	74	NQSLLSPLVLE	MAP2K1;MAP2K2;MAPK1;MAPK14;MAPK8;PRKCD	hprd;pelm;psite	929
ENSP00000293308	KRT8	305	LRRTKTEISEM		psite	929
ENSP00000293308	KRT8	315	MNRNISRLQAE		hprd;psite	929
ENSP00000293308	KRT8	404	ESRLESGMQNM		psite	929
ENSP00000293308	KRT8	432	YGGLTSPGLSY	CDK1;MAPK3	hprd;pelm;psite	929
ENSP00000293308	KRT8	457	FSRTSSSRAVV		psite	929
ENSP00000381216	KHSRP	100	TVNNSTPDFGF		hprd;pelm;psite	904
ENSP00000381216	KHSRP	181	CKVQISPDSGG		hprd;pelm;psite	904
ENSP00000381216	KHSRP	193	PERSVSLTGAP	AKT1;AKT2	psite	904
ENSP00000381216	KHSRP	480	FIIRGSPQQID		hprd;pelm;psite	904
ENSP00000381216	KHSRP	692	AYYGQTPGPGG	MAPK14	psite	904
ENSP00000337825	LCK	42	LIRNGSEVRDP	MAPK1;MAPK3;PRKACA;PRKCA	hprd;pelm;psite	904
ENSP00000337825	LCK	59	SNPPASPLQDN	MAPK1;MAPK3	hprd;pelm;psite	904
ENSP00000337825	LCK	194	GGFYISPRITF		pelm;psite	904
ENSP00000337825	LCK	210	LVRHYTNASDG		psite	904
ENSP00000356070	MAPKAPK2	9	NSQGQSPPVPF	MAPK1	pelm;psite	931
ENSP00000356070	MAPKAPK2	25	PPQPPTPALPH	MAPK1;MAPK14	hprd;pelm;psite	931
ENSP00000356070	MAPKAPK2	222	HNSLTTPCYTP	MAPK1;MAPK14	hprd;pelm;psite	931
ENSP00000356070	MAPKAPK2	226	TTPCYTPYYVA		psite	931
ENSP00000356070	MAPKAPK2	272	HGLAISPGMKT	MAPK1;MAPK14	hprd;pelm;psite	931
ENSP00000356070	MAPKAPK2	334	TKVPQTPLHTS	MAPK1;MAPK14	hprd;pelm;psite	931
ENSP00000350639	MAPKAPK3	201	QNALQTPCYTP		psite	926
ENSP00000350639	MAPKAPK3	205	QTPCYTPYYVA		psite	926
ENSP00000350639	MAPKAPK3	251	TGQAISPGMKR		hprd;psite	926
ENSP00000350639	MAPKAPK3	313	MVVPQTPLHTA		psite	926
ENSP00000348273	MBP	26	TNRGESEKKRN		psite	706
ENSP00000348273	MBP	40	LSRTTSEDNEV		psite	706
ENSP00000348273	MBP	96	LIRLFSRDAPG		hprd;pelm;psite	706
ENSP00000348273	MBP	146	SQRHGSKYLAT	PRKCA	hprd;psite	706
ENSP00000348273	MBP	232	IVTPRTPPPSQ	MAPK1;MAPK3	hprd;pelm;psite	706
ENSP00000346389	MEF2A	98	HRGCDSPDPDT	MAPK14	hprd;pelm;psite	936
ENSP00000346389	MEF2A	108	TSYVLTPHTEE	MAPK14	hprd;pelm;psite	936
ENSP00000346389	MEF2A	192	LHRNVSPGAPQ	MAPK14	psite	936
ENSP00000346389	MEF2A	223	NGAGSSPVGNG	MAPK14	psite	936
ENSP00000346389	MEF2A	235	VNSRASPNLIG		hprd;pelm;psite	936
ENSP00000346389	MEF2A	255	VMPTKSPPPPG		hprd;pelm;psite	936
ENSP00000346389	MEF2A	304	TQPLATPVVSV	MAPK14;MAPK7	hprd;pelm;psite	936
ENSP00000346389	MEF2A	311	VVSVTTPSLPP	MAPK14;MAPK7	hprd;pelm;psite	936
ENSP00000346389	MEF2A	347	LQGFNSPGMLS	MAPK7	hprd;pelm;psite	936
ENSP00000346389	MEF2A	400	KSEPISPPRDR	CDK5;MAPK14	hprd;pelm;psite	936
ENSP00000346389	MEF2A	471	RGDFHSPIVLG	MAPK14	psite	936
ENSP00000346389	MEF2A	486	TEDRESPSVKR	MAPK14	psite	936
ENSP00000396219	MEF2C	82	ESRTNSDIVET		psite	952
ENSP00000396219	MEF2C	98	LNGCDSPDPDA		psite	952
ENSP00000396219	MEF2C	110	DSVGHSPESED		psite	952
ENSP00000396219	MEF2C	222	GNPRNSPGLLV		hprd;psite	952
ENSP00000396219	MEF2C	228	PGLLVSPGNLN		psite	952
ENSP00000396219	MEF2C	240	NMQAKSPPPMN		hprd;psite	952
ENSP00000396219	MEF2C	396	KSEPVSPPRDR	CDK1	hprd;pelm;psite	952
ENSP00000396219	MEF2C	445	RNEFHSPIGLT		psite	952
ENSP00000382423	MAP3K1	21	GARATSPEAGG		psite	900
ENSP00000382423	MAP3K1	154	PAAEPSPAAAP		psite	900
ENSP00000382423	MAP3K1	232	HLAAESPGEVQ		psite	900
ENSP00000382423	MAP3K1	242	QASAASPASKG		psite	900
ENSP00000382423	MAP3K1	250	SKGRRSPSPGN		psite	900
ENSP00000382423	MAP3K1	252	GRRSPSPGNSP		psite	900
ENSP00000382423	MAP3K1	275	RRKRVSPVPFQ		psite	900
ENSP00000382423	MAP3K1	285	QSGRITPPRRA		psite	900
ENSP00000382423	MAP3K1	292	PRRAPSPDGFS		pelm;psite	900
ENSP00000382423	MAP3K1	297	SPDGFSPYSPE		pelm;psite	900
ENSP00000382423	MAP3K1	300	GFSPYSPEETN		pelm;psite	900
ENSP00000382423	MAP3K1	507	SHELSSPVDSP		pelm;psite	900
ENSP00000382423	MAP3K1	511	SSPVDSPSSLR		pelm;psite	900
ENSP00000382423	MAP3K1	665	AMLVYTPCHSL		psite	900
ENSP00000382423	MAP3K1	1016	PCRIPSASPQT		psite	900
ENSP00000382423	MAP3K1	1018	RIPSASPQTQR		psite	900
ENSP00000382423	MAP3K1	1026	TQRKFSLQFHR		psite	900
ENSP00000382423	MAP3K1	1043	DSDKLSPVFTQ		psite	900
ENSP00000382423	MAP3K1	1114	DETVFTPVEEK		psite	900
ENSP00000382423	MAP3K1	1157	EVAVLSPEKAE		psite	900
ENSP00000354927	MAP3K3	162	NHNSSSPHSGV		hprd;psite	934
ENSP00000354927	MAP3K3	197	RSRHLSVSSQN	PRKACA	hprd;pelm;psite	934
ENSP00000354927	MAP3K3	207	NPGRSSPPPGY		hprd;psite	934
ENSP00000354927	MAP3K3	268	DRSADSPSFRK		hprd;psite	934
ENSP00000354927	MAP3K3	281	MSRAQSFPDNR		hprd;psite	934
ENSP00000354927	MAP3K3	347	SSRSLSTNGEN		psite	934
ENSP00000354927	MAP3K3	368	RGRLRSADSEN	PRKACA	hprd;pelm;psite	934
ENSP00000354927	MAP3K3	386	NVPTKSPSAPI		hprd;psite	934
ENSP00000354927	MAP3K3	547	SKRLQTICMSG		psite	934
ENSP00000354927	MAP3K3	559	GMRSVTGTPYW		psite	934
ENSP00000354927	MAP3K3	561	RSVTGTPYWMS		psite	934
ENSP00000295600	MITF	180	SSAPNSPMAML		hprd;psite	899
ENSP00000295600	MITF	408	STGLCSPDLVN		hprd;pelm;psite	899
ENSP00000295600	MITF	485	MDDTLSPVGVT		hprd;psite	899
ENSP00000295600	MITF	498	LLSSVSPGASK		hprd;psite	899
ENSP00000345083	MAP2K3	39	PAPNPTPPRNL		psite	917
ENSP00000351997	MAP2K6	28	PQTSSTPPRDL		hprd;pelm;psite	937
ENSP00000239223	DUSP1	296	RRSIISPNFSF	MAPK1	hprd;pelm;psite	872
ENSP00000239223	DUSP1	323	SAEAGSPAMAV	MAPK1	hprd;pelm;psite	872
ENSP00000239223	DUSP1	359	LSYLQSPITTS	MAPK1	hprd;pelm;psite	872
ENSP00000240100	DUSP4	359	GKTPATPTSQF		psite	841
ENSP00000240100	DUSP4	386	LPYLHSPITTS		psite	841
ENSP00000279488	DUSP6	159	SCSSSSPPLPV	MAPK1;MAPK3	hprd;pelm;psite	828
ENSP00000279488	DUSP6	174	GLRISSDSSSD	MAPK3	psite	828
ENSP00000279488	DUSP6	197	TDSDGSPLSNS	MAPK1;MAPK3	hprd;psite	828
ENSP00000279488	DUSP6	331	KKSNISPNFNF		hprd;pelm;psite	828
ENSP00000279488	DUSP6	351	TLGLSSPCDNR		hprd;psite	828
ENSP00000228862	DUSP16	401	LKRSFSLDIKS		psite	975
ENSP00000228862	DUSP16	446	KLCQFSPVQEL	MAPK1	hprd;pelm;psite	975
ENSP00000228862	DUSP16	501	QRSLLSPLHRS		hprd;pelm;psite	975
ENSP00000361014	MKNK1	148	NEREASRVVRD		psite	940
ENSP00000361014	MKNK1	221	NILCESPEKVS		psite	940
ENSP00000361014	MKNK1	226	SPEKVSPVKIC		psite	940
ENSP00000361014	MKNK1	250	CTPITTPELTT	MAPK14	hprd;psite	940
ENSP00000361014	MKNK1	255	TPELTTPCGSA	MAPK1;MAPK14	hprd;psite	940
ENSP00000361014	MKNK1	385	EKGLPTPQVLQ	MAPK3	hprd;pelm;psite	940
ENSP00000361014	MKNK1	413	LNRQLSQHEEN		psite	940
ENSP00000361014	MKNK1	460	RGEDRSPPTAL		hprd;pelm;psite	940
ENSP00000250896	MKNK2	437	RCLQLSPPSQS		hprd;psite	405
ENSP00000261991	RPS6KA5	212	TERAYSFCGTI	RPS6KA5	pelm;psite	966
ENSP00000261991	RPS6KA5	360	MDPTYSPAALP	MAPK1;MAPK14;MAPK3	pelm;psite	966
ENSP00000261991	RPS6KA5	581	NQPLKTPCFTL	MAPK1;MAPK14;MAPK3	hprd;pelm;psite	966
ENSP00000261991	RPS6KA5	700	SNPLMTPDILG		psite	966
ENSP00000261991	RPS6KA5	759	ETRSSSSESSH	CSNK2A1	psite	966
ENSP00000333896	RPS6KA4	196	KERTFSFCGTI	MAP2K1;MAPK14;RPS6KA4	hprd;pelm;psite	920
ENSP00000333896	RPS6KA4	343	LEPVYSPPGSP	MAP2K1;MAPK14	hprd;pelm;psite	920
ENSP00000333896	RPS6KA4	347	YSPPGSPPPGD	MAP2K1;MAPK14	hprd;pelm;psite	920
ENSP00000333896	RPS6KA4	542	LYADDTPGAPV		psite	920
ENSP00000333896	RPS6KA4	568	GVPMQTPCFTL	MAP2K1;MAPK14	hprd;pelm;psite	920
ENSP00000333896	RPS6KA4	682	GSARSSPPLRT		hprd;pelm;psite	920
ENSP00000333896	RPS6KA4	687	SPPLRTPDVLE	RPS6KA4	hprd;pelm;psite	920
ENSP00000333896	RPS6KA4	745	ASRRGSPAPAN		hprd;psite	920
ENSP00000339992	MYB	587	ESSPRTPTPFK		psite	622
ENSP00000339992	MYB	653	KQEVESPTDKS	MAPK1;MAPK3	hprd;pelm;psite	622
ENSP00000339992	MYB	720	NRSLASPLQPC		psite	622
ENSP00000262300	PKMYT1	17	MPTEGTPPPLS		hprd;pelm;psite	462
ENSP00000262300	PKMYT1	48	RPRGLSRSLPP		hprd;psite	462
ENSP00000262300	PKMYT1	71	LFPPRTPGWHQ		psite	462
ENSP00000262300	PKMYT1	94	SETLQSPGYDP		hprd;pelm;psite	462
ENSP00000262300	PKMYT1	143	VKRSMSPFRGP		hprd;pelm;psite	462
ENSP00000262300	PKMYT1	412	LGPPATPPGSP		psite	462
ENSP00000262300	PKMYT1	416	ATPPGSPPCSL		psite	462
ENSP00000262300	PKMYT1	441	LGPSLSPEAVL		psite	462
ENSP00000262300	PKMYT1	455	VGSTSTPRSRC		psite	462
ENSP00000262300	PKMYT1	461	PRSRCTPRDAL		psite	462
ENSP00000343479	NBR1	277	HSKYSTPRLPA		hprd;psite	481
ENSP00000343479	NBR1	658	VIRSLTLDAAP		pelm;psite	481
ENSP00000343479	NBR1	673	PCRQKSLQMTF		hprd;psite	481
ENSP00000379330	NFATC2	53	AHKVASPPSGP		psite	800
ENSP00000379330	NFATC2	110	GASGLSPRIEI		psite	800
ENSP00000379330	NFATC2	116	PRIEITPSHEL		psite	800
ENSP00000379330	NFATC2	148	AGVAASPRFTL		psite	800
ENSP00000379330	NFATC2	213	IPAHYSPRTSP		hprd;psite	800
ENSP00000379330	NFATC2	217	YSPRTSPIMSP		hprd;psite	800
ENSP00000379330	NFATC2	221	TSPIMSPRTSL		hprd;psite	800
ENSP00000379330	NFATC2	236	CLGRHSPVPRP		hprd;psite	800
ENSP00000379330	NFATC2	243	VPRPASRSSSP		hprd;psite	800
ENSP00000379330	NFATC2	247	ASRSSSPGAKR		psite	800
ENSP00000379330	NFATC2	255	AKRRHSCAEAL		psite	800
ENSP00000379330	NFATC2	326	KMWKTSPDPSP		hprd;pelm;psite	800
ENSP00000379330	NFATC2	330	TSPDPSPVSAA		hprd;pelm;psite	800
ENSP00000379330	NFATC2	363	GERRNSAPESI		hprd;psite	800
ENSP00000379330	NFATC2	585	VERQDTDSCLV		hprd;pelm;psite	800
ENSP00000379330	NFATC2	757	YQRSKSLSPSL		hprd;psite	800
ENSP00000379330	NFATC2	759	RSKSLSPSLLG		hprd;psite	800
ENSP00000379330	NFATC2	856	QGQRLSPGSYP		psite	800
ENSP00000327850	NFATC1	159	DPSCLSPASSL	MAPK10;MAPK14;MAPK3	psite	863
ENSP00000327850	NFATC1	220	CTLLGSPRHSP		hprd;psite	863
ENSP00000327850	NFATC1	248	SSRPASPCNKR		psite	863
ENSP00000327850	NFATC1	256	NKRKYSLNGRQ	PRKACA;PRKCA	hprd;pelm;psite	863
ENSP00000327850	NFATC1	657	NQRITSPVHVS		psite	863
ENSP00000388910	NFATC4	231	GGAFFSPSPGS	MAPK14	hprd;pelm;psite	800
ENSP00000388910	NFATC4	233	AFFSPSPGSSS	MAPK14	hprd;pelm;psite	800
ENSP00000388910	NFATC4	276	RFGLGSPLPSP	MAPK8;MAPK9	hprd;psite	800
ENSP00000388910	NFATC4	280	GSPLPSPRASP	MAPK8;MAPK9	hprd;psite	800
ENSP00000388910	NFATC4	289	SPRPWTPEDPW		psite	800
ENSP00000388910	NFATC4	327	SPRPASPCGKR		psite	800
ENSP00000388910	NFATC4	335	GKRRYSSSGTP		pelm;psite	800
ENSP00000388910	NFATC4	344	TPSSASPALSR	RPS6KA3	psite	800
ENSP00000388910	NFATC4	352	LSRRGSLGEEG	RPS6KA3	hprd;psite	800
ENSP00000388910	NFATC4	397	KTRRTSSEQAV		pelm;psite	800
ENSP00000388910	NFATC4	398	TRRTSSEQAVA		pelm;psite	800
ENSP00000388910	NFATC4	739	GRRKRSPTQSF	MAPK1;MAPK3;RPS6KA3	pelm;psite	800
ENSP00000300659	NFATC3	163	RESSLSPSPAS	MAPK9	hprd;pelm;psite	805
ENSP00000300659	NFATC3	165	SSLSPSPASSI	MAPK9	hprd;pelm;psite	805
ENSP00000300659	NFATC3	207	RFTLGSPLTSP	CSNK1A1	hprd;pelm;psite	805
ENSP00000300659	NFATC3	211	GSPLTSPGGSP	CSNK1A1	hprd;pelm;psite	805
ENSP00000300659	NFATC3	215	TSPGGSPGGCP	CSNK1A1	hprd;pelm;psite	805
ENSP00000300659	NFATC3	269	SSRPTSPCGKR		psite	805
ENSP00000300659	NFATC3	277	GKRRHSSAEVC		psite	805
ENSP00000300659	NFATC3	344	KTRKTSEDQAA		psite	805
ENSP00000300659	NFATC3	366	DQGSLSPARET		hprd;psite	805
ENSP00000300659	NFATC3	372	PARETSIDDGL		psite	805
ENSP00000300659	NFATC3	416	IFRTSSLPPLD		psite	805
ENSP00000300659	NFATC3	731	TQRPSSDSGCS		psite	805
ENSP00000300659	NFATC3	1045	IGRDMSQISVS		psite	805
ENSP00000300659	NFATC3	1063	QAPLPSPESLD		psite	805
ENSP00000396538	NFAT5	17	DLDLESPKSLY		hprd;psite	832
ENSP00000396538	NFAT5	138	SNRGVSEKQLT		psite	832
ENSP00000396538	NFAT5	153	QQHPSTPKRHT	CDK5	hprd;psite	832
ENSP00000396538	NFAT5	163	TVLYISPPPED		hprd;psite	832
ENSP00000396538	NFAT5	579	KKEISSPARPC		psite	832
ENSP00000311997	NEFH	61	SSVSASPSRFR		psite	800
ENSP00000311997	NEFH	503	EEETKSPPAEE	GSK3B	hprd;psite	800
ENSP00000311997	NEFH	511	AEEAASPEKEA		hprd;psite	800
ENSP00000311997	NEFH	518	EKEAKSPVKEE	MAPK1	hprd;psite	800
ENSP00000311997	NEFH	526	KEEAKSPAEAK	MAPK1	hprd;psite	800
ENSP00000311997	NEFH	532	PAEAKSPEKEE	MAPK1	hprd;psite	800
ENSP00000311997	NEFH	540	KEEAKSPAEVK		psite	800
ENSP00000311997	NEFH	546	PAEVKSPEKAK		hprd;psite	800
ENSP00000311997	NEFH	552	PEKAKSPAKEE		psite	800
ENSP00000311997	NEFH	560	KEEAKSPPEAK		psite	800
ENSP00000311997	NEFH	566	PPEAKSPEKEE		psite	800
ENSP00000311997	NEFH	594	KEEAKSPAEAK		psite	800
ENSP00000311997	NEFH	600	PAEAKSPEKAK		psite	800
ENSP00000311997	NEFH	606	PEKAKSPVKEE		hprd;psite	800
ENSP00000311997	NEFH	620	PAEAKSPVKEE		hprd;psite	800
ENSP00000311997	NEFH	628	KEEAKSPAEVK		hprd;psite	800
ENSP00000311997	NEFH	640	PEKAKSPTKEE		hprd;psite	800
ENSP00000311997	NEFH	648	KEEAKSPEKAK		hprd;psite	800
ENSP00000311997	NEFH	654	PEKAKSPEKEE		hprd;psite	800
ENSP00000311997	NEFH	662	KEEAKSPEKAK		hprd;psite	800
ENSP00000311997	NEFH	668	PEKAKSPVKAE		hprd;psite	800
ENSP00000311997	NEFH	676	KAEAKSPEKAK		hprd;psite	800
ENSP00000311997	NEFH	704	KEEAKSPEKAK		hprd;psite	800
ENSP00000311997	NEFH	732	KEEAKTPEKAK		hprd;psite	800
ENSP00000311997	NEFH	738	PEKAKSPVKEE		psite	800
ENSP00000311997	NEFH	752	PEKAKSPEKAK		hprd;psite	800
ENSP00000311997	NEFH	763	TLDVKSPEAKT		hprd;psite	800
ENSP00000311997	NEFH	776	KEEARSPADKF		psite	800
ENSP00000311997	NEFH	787	PEKAKSPVKEE		hprd;pelm;psite	800
ENSP00000311997	NEFH	795	KEEVKSPEKAK		hprd;pelm;psite	800
ENSP00000311997	NEFH	822	KEEVKSPVKEE		hprd;psite	800
ENSP00000311997	NEFH	905	KKKVPTPEKEA		psite	800
ENSP00000384273	RELA	254	AIVFRTPPYAD		pelm;psite	440
ENSP00000384273	RELA	276	QLRRPSDRELS	PIM1;PRKACA;RPS6KA4;RPS6KA5	hprd;pelm;psite	440
ENSP00000384273	RELA	281	SDRELSEPMEF		psite	440
ENSP00000384273	RELA	505	ITRLVTGAQRP		pelm;psite	440
ENSP00000172229	NGFR	277	FKRWNSCKQNK	PRKCG	psite	824
ENSP00000263980	SLC9A1	648	RQRLRSYNRHT	AKT1	psite	900
ENSP00000263980	SLC9A1	693	AHKLDSPTMSR	MAPK1	hprd;pelm;psite	900
ENSP00000263980	SLC9A1	703	RARIGSDPLAY	AKT1;RPS6KA1	hprd;pelm;psite	900
ENSP00000263980	SLC9A1	723	TIDPASPQSPE	MAPK14	hprd;pelm;psite	900
ENSP00000263980	SLC9A1	726	PASPQSPESVD	MAPK14	hprd;pelm;psite	900
ENSP00000263980	SLC9A1	771	SKETSSPGTDD		hprd;pelm;psite	900
ENSP00000263980	SLC9A1	779	TDDVFTPAPSD	MAPK1	hprd;psite	900
ENSP00000263980	SLC9A1	785	PAPSDSPSSQR	MAPK1	hprd;pelm;psite	900
ENSP00000263980	SLC9A1	796	IQRCLSDPGPH	AKT1	psite	900
ENSP00000244741	CDKN1A	57	DFVTETPLEGD	GSK3B;MAPK1;MAPK14;MAPK8	hprd;pelm;psite	439
ENSP00000244741	CDKN1A	98	RRPGTSPALLQ	MAP3K5	pelm;psite	439
ENSP00000244741	CDKN1A	130	EQAEGSPGGPG	CDK2;CDK6;MAPK1;MAPK14;MAPK8	hprd;pelm;psite	439
ENSP00000244741	CDKN1A	145	RKRRQTSMTDF	AKT1;DAPK3;PIM1;PIM2;PRKCA	hprd;pelm;psite	439
ENSP00000244741	CDKN1A	146	KRRQTSMTDFY	AKT1;PIM1;PIM2;PRKCA	hprd;pelm;psite	439
ENSP00000229794	MAPK14	241	LRLVGTPGAEL		psite	915
ENSP00000211287	MAPK13	350	EIVNFSPIARK		psite	907
ENSP00000269305	TP53	33	ENNVLSPLPSQ	CDK5;CDK7;CDK9;MAPK14;PRKDC	hprd;pelm;psite	964
ENSP00000269305	TP53	46	DDLMLSPDDIE	ATM;CDK5;DYRK2;HIPK2;MAPK14;PRKCD;PRKDC	hprd;pelm;psite	964
ENSP00000269305	TP53	81	APAAPTPAAPA	MAPK8	hprd;psite	964
ENSP00000269305	TP53	150	LWVDSTPPPGT	CSNK2A1	psite	964
ENSP00000269305	TP53	315	NNTSSSPQPKK	AURKA;CDK1;CDK2;CDK9	hprd;pelm;psite	964
ENSP00000269305	TP53	366	GSRAHSSHLKS	CHEK2	hprd;psite	964
ENSP00000356505	NCF2	233	PPRPKTPEIFR	MAPK1	hprd;psite	899
ENSP00000314067	PAK2	20	PVRMSSTIFST	PAK2;PRKAA2	hprd;psite	909
ENSP00000314067	PAK2	143	KYLSFTPPEKD		hprd;pelm;psite	909
ENSP00000314067	PAK2	154	GFPSGTPALNA		psite	909
ENSP00000314067	PAK2	406	STMVGTPYWMA		psite	909
ENSP00000370421	PDX1	61	ALEQGSPPDIS	MAPK1;MAPK14;MAPK9	psite	859
ENSP00000370421	PDX1	66	SPPDISPYEVP	MAPK1;MAPK14;MAPK9	psite	859
ENSP00000370421	PDX1	268	PGLSASPQPSS		psite	859
ENSP00000307235	EIF2AK3	555	RQRKESETQCQ		psite	829
ENSP00000307235	EIF2AK3	715	EIIAPSPQRSR		hprd;psite	829
ENSP00000307235	EIF2AK3	802	RSRERTSSSIV		psite	829
ENSP00000307235	EIF2AK3	804	RERTSSSIVFE		psite	829
ENSP00000307235	EIF2AK3	1094	RQRSRSLSSSG		psite	829
ENSP00000307235	EIF2AK3	1096	RSRSLSSSGTK		psite	829
ENSP00000264867	PPARGC1A	208	QRRPCSELLKY		psite	929
ENSP00000264867	PPARGC1A	263	LSLPLTPESPN	MAPK14	hprd;pelm;psite	929
ENSP00000264867	PPARGC1A	266	PLTPESPNDPK	MAPK14	hprd;pelm;psite	929
ENSP00000264867	PPARGC1A	285	IERTLSVELSG		psite	929
ENSP00000264867	PPARGC1A	295	GTAGLTPPTTP		psite	929
ENSP00000264867	PPARGC1A	299	LTPPTTPPHKA	MAPK14	hprd;pelm;psite	929
ENSP00000264867	PPARGC1A	313	NPFRASPKLKS		psite	929
ENSP00000264867	PPARGC1A	571	RSRSRSFSRHR		psite	929
ENSP00000264867	PPARGC1A	616	RTHRNSPLYVR		psite	929
ENSP00000264867	PPARGC1A	636	RPRYDSYEEYQ		psite	929
ENSP00000233057	EIF2AK2	83	EKKAVSPLLLT	EIF2AK2	hprd;pelm;psite	800
ENSP00000233057	EIF2AK2	456	TLRYMSPEQIS		hprd;pelm;psite	800
ENSP00000233057	EIF2AK2	542	TVWKKSPEKNE		hprd;psite	800
ENSP00000268058	PML	8	PAPARSPRPQQ	HIPK2	pelm;psite	621
ENSP00000268058	PML	36	EGRQPSPSPSP	HIPK2	hprd;pelm;psite	621
ENSP00000268058	PML	38	RQPSPSPSPTE	HIPK2	hprd;pelm;psite	621
ENSP00000268058	PML	40	PSPSPSPTERA	MAPK1;MAPK3	hprd;pelm;psite	621
ENSP00000268058	PML	403	VSKKASPEAAS	MAPK7	hprd;pelm;psite	621
ENSP00000268058	PML	409	PEAASTPRDPI	MAPK7	hprd;pelm;psite	621
ENSP00000268058	PML	480	QKRKCSQTQCP		psite	621
ENSP00000268058	PML	505	RLARSSPEQPR		hprd;pelm;psite	621
ENSP00000268058	PML	518	TSKAVSPPHLD		hprd;pelm;psite	621
ENSP00000268058	PML	527	LDGPPSPRSPV	MAPK1;MAPK3	hprd;pelm;psite	621
ENSP00000268058	PML	530	PPSPRSPVIGS	MAPK1;MAPK3	hprd;pelm;psite	621
ENSP00000268058	PML	867	AEGVSTPLAGR		psite	621
ENSP00000287820	PPARG	112	KVEPASPPYYS	CDK9;MAPK1;MAPK8	hprd;pelm;psite	402
ENSP00000287820	PPARG	273	KTTDKSPFVIY	CDK5	psite	402
ENSP00000418447	PPP2CA	304	HVTRRTPDYFL		pelm;psite	877
ENSP00000221138	PPP2CB	304	HVTRRTPDYFL		psite	871
ENSP00000370113	PPP2R2A	167	LMVEASPRRIF		hprd;psite	804
ENSP00000370113	PPP2R2A	378	TKRDITLEASR		hprd;psite	804
ENSP00000325120	PGR	20	AGGPPSPEVGS		pelm;psite	801
ENSP00000325120	PGR	102	GGSSSSPPEKD		pelm;psite	801
ENSP00000325120	PGR	130	GQSQPSPPACE		pelm;psite	801
ENSP00000325120	PGR	162	TQRVLSPLMSR	CDK2	hprd;pelm;psite	801
ENSP00000325120	PGR	190	LPRGLSPARQL	CDK2	pelm;psite	801
ENSP00000325120	PGR	213	APVKPSPQAAA	CDK2	pelm;psite	801
ENSP00000325120	PGR	294	MAPGRSPLATT	CDK2;MAPK1;MAPK3	pelm;psite	801
ENSP00000325120	PGR	345	APPRSSPCASS		pelm;psite	801
ENSP00000325120	PGR	400	EASARSPRSYL	CDK2	pelm;psite	801
ENSP00000325120	PGR	549	YLRPDSEASQS		psite	801
ENSP00000325120	PGR	554	SEASQSPQYSF		psite	801
ENSP00000325120	PGR	676	QRFTFSPGQDI	CDK2	pelm;psite	801
ENSP00000283228	PTPRR	361	FVSIPTPREKV	MAPK1	hprd;psite	800
ENSP00000228307	PXN	29	FLSEETPYSYP		psite	500
ENSP00000228307	PXN	85	QPQSSSPVYGS	CDK5;MAPK14	hprd;pelm;psite	500
ENSP00000228307	PXN	106	QDSVGSPCSRV		hprd;pelm;psite	500
ENSP00000228307	PXN	130	KSAEPSPTVMS	MAPK1;MAPK3	hprd;pelm;psite	500
ENSP00000228307	PXN	178	LPGALSPLYGV	MAPK8	hprd;psite	500
ENSP00000228307	PXN	244	QGEMSSPQRVT		hprd;psite	500
ENSP00000228307	PXN	250	PQRVTSTQQQT		psite	500
ENSP00000228307	PXN	303	DGGRSSPGGQD		pelm;psite	500
ENSP00000228307	PXN	322	KTGSSSPPGGP		hprd;pelm;psite	500
ENSP00000228307	PXN	414	YHNLFSPRCYY		hprd;psite	500
ENSP00000348461	RAC1	127	HHCPNTPIILV		psite	929
ENSP00000348461	RAC1	71	RLRPLSYPQTV	AKT1	hprd;psite	929
ENSP00000251849	RAF1	29	GSSCISPTIVQ	MAPK1	hprd;pelm;psite	800
ENSP00000251849	RAF1	43	YQRRASDDGKL	PRKACA;PRKCA	hprd;pelm;psite	800
ENSP00000251849	RAF1	234	QHRYSTPHAFT		psite	800
ENSP00000251849	RAF1	244	TFNTSSPSSEG		hprd;psite	800
ENSP00000251849	RAF1	257	SQRQRSTSTPN		hprd;pelm;psite	800
ENSP00000251849	RAF1	259	RQRSTSTPNVH	AKT1;PRKACA;RAF1	hprd;pelm;psite	800
ENSP00000251849	RAF1	260	QRSTSTPNVHM		hprd;pelm;psite	800
ENSP00000251849	RAF1	285	AIRSHSESASP		psite	800
ENSP00000251849	RAF1	289	HSESASPSALS	MAPK1;MAPK3	hprd;pelm;psite	800
ENSP00000251849	RAF1	296	SALSSSPNNLS	MAPK1;MAPK3	hprd;pelm;psite	800
ENSP00000251849	RAF1	301	SPNNLSPTGWS	MAPK1;MAPK3	hprd;pelm;psite	800
ENSP00000251849	RAF1	310	WSQPKTPVPAQ		psite	800
ENSP00000251849	RAF1	339	GQRDSSYYWEI	PAK1	hprd;pelm;psite	800
ENSP00000251849	RAF1	357	STRIGSGSFGT		psite	800
ENSP00000251849	RAF1	621	INRSASEPSLH	PRKACA;RAF1	hprd;pelm;psite	800
ENSP00000251849	RAF1	642	CTLTTSPRLPV	MAPK1	hprd;pelm;psite	800
ENSP00000220751	RIPK2	174	KWRMMSLSQSR		psite	803
ENSP00000220751	RIPK2	357	HENSGSPETSR		psite	803
ENSP00000220751	RIPK2	529	LVVSRSPSLNL		hprd;psite	803
ENSP00000220751	RIPK2	531	VSRSPSLNLLQ		hprd;pelm;psite	803
ENSP00000401303	SHC1	36	PEELPSPSASS		pelm;psite	899
ENSP00000401303	SHC1	54	LPGDDSPTTLC	MAPK14	pelm;psite	899
ENSP00000401303	SHC1	139	WTRHGSFVNKP	PRKCA	hprd;pelm;psite	899
ENSP00000401303	SHC1	324	PPKLVTPHDRM		psite	899
ENSP00000401303	SHC1	386	APNAQTPSHLG	MAPK14	pelm;psite	899
ENSP00000265960	MAPKAP1	84	GIRRRSNTAQR		psite	504
ENSP00000265960	MAPKAP1	86	RRRSNTAQRLE		psite	504
ENSP00000265960	MAPKAP1	270	VEKYSSPGLTS		hprd;psite	504
ENSP00000265960	MAPKAP1	510	LNRRTSFSFQK		hprd;pelm;psite	504
ENSP00000230640	SKIV2L2	189	RVIFTSPIKAL		hprd;psite	619
ENSP00000329357	SP1	42	QARSSSTGSSS		hprd;pelm;psite	626
ENSP00000329357	SP1	59	QESQPSPLALL	MAPK1;MAPK3	hprd;pelm;psite	626
ENSP00000329357	SP1	278	SAATLTPSSQA	MAPK8	psite	626
ENSP00000329357	SP1	453	PIIIRTPTVGP	MAPK1;MAPK3	hprd;pelm;psite	626
ENSP00000329357	SP1	651	HLRWHTGERPF		hprd;pelm;psite	626
ENSP00000329357	SP1	681	HKRTHTGEKKF	PRKCZ	psite	626
ENSP00000329357	SP1	739	GSGTATPSALI	CDK1;MAPK1;MAPK3;MAPK8	hprd;pelm;psite	626
ENSP00000350941	SRC	17	SQRRRSLEPAE	PRKACA	hprd;pelm;psite	909
ENSP00000350941	SRC	37	FPASQTPSKPA		psite	909
ENSP00000350941	SRC	51	GHRGPSAAFAP		psite	909
ENSP00000350941	SRC	75	SDTVTSPQRAG	CDK5	hprd;pelm;psite	909
ENSP00000350941	SRC	306	KPGTMSPEAFL		hprd;psite	909
ENSP00000265354	SRF	103	LKRSLSEMEIG	CAMK2A;MAPKAPK2;RPS6KA1;RPS6KA5	hprd;pelm;psite	932
ENSP00000265354	SRF	159	KLRRYTTFSKR	DMPK;PRKACA;PRKCA;PRKG1	pelm;psite	932
ENSP00000265354	SRF	224	LNSPDSPPRSD		hprd;pelm;psite	932
ENSP00000351342	PTPN5	245	QERRGSNVSLT		psite	800
ENSP00000351342	PTPN5	255	TLDMCTPGCNE		psite	800
ENSP00000351342	PTPN5	268	FGYLMSPREES		psite	800
ENSP00000364898	SYK	178	ISREESEQIVL		psite	912
ENSP00000364898	SYK	295	ISRIKSYSFPK	CHEK1	psite	912
ENSP00000364898	SYK	350	TEVYESPYADP		psite	912
ENSP00000216160	TAB1	378	SQPTPSPAPAA		psite	972
ENSP00000216160	TAB1	431	TLDEATPTLTN	MAPK14	pelm;psite	972
ENSP00000216160	TAB1	438	TLTNQSPTLTL	MAPK14	pelm;psite	972
ENSP00000286332	TAB2	171	SLSQQTPRFNP		psite	927
ENSP00000286332	TAB2	372	VYIAASPPNTD		hprd;pelm;psite	927
ENSP00000286332	TAB2	423	ASRNMSGQVSM		psite	927
ENSP00000286332	TAB2	450	NNSATSPRVVV		hprd;psite	927
ENSP00000286332	TAB2	524	ETRKLSMGSDD		hprd;psite	927
ENSP00000286332	TAB2	582	LKRSNSISQIP		psite	927
ENSP00000288422	TAB3	60	YMEYHSPDDNR		hprd;pelm;psite	800
ENSP00000288422	TAB3	385	INRSPSPISNQ		psite	800
ENSP00000288422	TAB3	404	LYTATTPPSSS		hprd;psite	800
ENSP00000288422	TAB3	409	TPPSSSPSRGI		psite	800
ENSP00000288422	TAB3	444	CTPSPSPRVIP		psite	800
ENSP00000288422	TAB3	506	YQRSSSSGSDD		hprd;pelm;psite	800
ENSP00000288422	TAB3	645	KARRISVTSKV		hprd;psite	800
ENSP00000358335	MAP3K7	439	QPRRRSIQDLT		hprd;pelm;psite	908
ENSP00000345772	TEAD3	11	WNASSSPGEAR		psite	429
ENSP00000345772	TEAD3	148	KFSPPSPLPQA		hprd;psite	429
ENSP00000370571	TH	19	FRRAVSELDAK	CAMK2A;CAMK2G;MAPKAPK2	hprd;pelm;psite	906
ENSP00000370571	TH	62	TPTPRSPRFIG	MAPK1;MAPK3	hprd;psite	906
ENSP00000370571	TH	71	IGRRQSLIEDA	CAMK2A;MAPKAPK2;PRKACA;RPS6KA3	hprd;pelm;psite	906
ENSP00000363089	TLR4	790	LYRLLSRNTYL	PRKD1	psite	417
ENSP00000219476	TSC2	540	MARSLSPPPEL	MAPK1	hprd;pelm;psite	901
ENSP00000219476	TSC2	664	TSGPLSPPTGP	MAPK1;MAPK3	hprd;pelm;psite	901
ENSP00000219476	TSC2	927	LSFDDTPEKDS		hprd;pelm;psite	901
ENSP00000219476	TSC2	937	SFRARSTSLNE		psite	901
ENSP00000219476	TSC2	939	RARSTSLNERP	AKT1	hprd;pelm;psite	901
ENSP00000219476	TSC2	946	NERPKSLRIAR		psite	901
ENSP00000219476	TSC2	960	QGLNNSPPVKE		psite	901
ENSP00000219476	TSC2	981	RCRSISVSEHV	AKT1	hprd;pelm;psite	901
ENSP00000219476	TSC2	1097	PESSSSPGVHV		hprd;pelm;psite	901
ENSP00000219476	TSC2	1130	RDRVRSMSGGH		hprd;psite	901
ENSP00000219476	TSC2	1132	RVRSMSGGHGL		hprd;pelm;psite	901
ENSP00000219476	TSC2	1155	LGSATSPGPRT		hprd;pelm;psite	901
ENSP00000219476	TSC2	1338	YSRSSSVSSQE		hprd;pelm;psite	901
ENSP00000219476	TSC2	1364	IERVVSSEGGR		hprd;psite	901
ENSP00000219476	TSC2	1388	SKSSSSPELQT		hprd;pelm;psite	901
ENSP00000219476	TSC2	1411	DVGRLSPEVKA		hprd;pelm;psite	901
ENSP00000219476	TSC2	1420	KARSQSGTLDG		hprd;pelm;psite	901
ENSP00000219476	TSC2	1449	PLPSSSPRSPS		hprd;pelm;psite	901
ENSP00000219476	TSC2	1452	SSSPRSPSGLR		hprd;pelm;psite	901
ENSP00000219476	TSC2	1454	SPRSPSGLRPR		psite	901
ENSP00000219476	TSC2	1462	RPRGYTISDSA	AKT1	hprd;pelm;psite	901
ENSP00000219476	TSC2	1798	RKRLISSVEDF	RPS6KA1	hprd;pelm;psite	901
ENSP00000219476	TSC2	1304	VMEEGSPGEVP		psite	901
ENSP00000356999	USF1	153	LLGQATPPGTG	MAPK14	psite	910
ENSP00000356999	USF1	186	RTHPYSPKSEA		psite	910
ENSP00000219473	USP10	14	IFGDFSPDEFN		hprd;psite	483
ENSP00000219473	USP10	24	NQFFVTPRSSV		hprd;psite	483
ENSP00000219473	USP10	74	DTLPRTPSYSI		hprd;psite	483
ENSP00000219473	USP10	76	LPRTPSYSISS		psite	483
ENSP00000219473	USP10	100	TASKITPDGIT		hprd;pelm;psite	483
ENSP00000219473	USP10	205	MPPSVTPRTCN		hprd;pelm;psite	483
ENSP00000219473	USP10	211	PRTCNSPQNST		hprd;pelm;psite	483
ENSP00000219473	USP10	226	DIVPDSPFPGA		hprd;pelm;psite	483
ENSP00000219473	USP10	355	KPSSSSPVAYV		hprd;pelm;psite	483
ENSP00000219473	USP10	365	VETKYSPPAIS		hprd;pelm;psite	483
ENSP00000219473	USP10	370	SPPAISPLVSE		hprd;pelm;psite	483
ENSP00000219473	USP10	547	LKKLLSPSNEK		hprd;psite	483
ENSP00000219473	USP10	718	SKELLSPGVKN		hprd;psite	483
ENSP00000324740	YES1	11	SKENKSPAIKY		hprd;psite	899
ENSP00000324740	YES1	21	YRPENTPEPVS		hprd;psite	899
ENSP00000324740	YES1	40	EPTTVSPCPSS		hprd;psite	899
ENSP00000264972	ZAP70	286	QRRIDTLNSDG		psite	814
ENSP00000264972	ZAP70	293	NSDGYTPEPAR		hprd;psite	814
ENSP00000264972	ZAP70	301	PARITSPDKPR		psite	814
ENSP00000264972	ZAP70	317	TSVYESPYSDP		psite	814
ENSP00000348273	MBP	299	DSRSGSPMARR	UHMK1	pelm	706
ENSP00000250003	MYOD1	201	DSDASSPRSNC	CDK1	pelm	932
ENSP00000396219	MEF2C	192	THRPPSAGNTG	RPS6KA3	pelm	952
ENSP00000396219	MEF2C	293	AQSLATPVVSV	MAPK14	hprd;pelm	952
ENSP00000396219	MEF2C	300	VVSVATPTLPG	MAPK14	hprd;pelm	952
ENSP00000262300	PKMYT1	24	PPLSGTPIPVP		hprd;pelm	462
ENSP00000262013	SPAG9	276	GSKATTPASTA		hprd;pelm	930
ENSP00000262013	SPAG9	244	QPRSHTSLKVS		pelm	930
ENSP00000346389	MEF2A	445	QEMGRSPVDSL	MAPK14	hprd;pelm	936
ENSP00000288602	BRAF	335	ILTSPSPSKSI		hprd;pelm	801
ENSP00000264716	FOSL2	309	HRRSSSSGDQS		hprd;pelm	840
ENSP00000286332	TAB2	482	SPGVVSPTFEL		hprd;pelm	927
ENSP00000286332	TAB2	477	KPPAVSPGVVS		hprd;pelm	927
ENSP00000345853	DUSP9	372	PSFFTTPTSDG		hprd;pelm	846
ENSP00000268058	PML	513	QPRPSTSKAVS		hprd	621
ENSP00000268058	PML	117	LQRRLSVYRQI		hprd	621
ENSP00000239938	EGR1	391	HIRTHTGEKPF	CSNK2A1	hprd	439
ENSP00000348273	MBP	229	FKNIVTPRTPP		hprd	706
ENSP00000394071	GDI1	222	ARYGKSPYLYP		hprd	901
ENSP00000262367	CREBBP	274	ITGNTSPFGQP		hprd	453
ENSP00000262367	CREBBP	1771	ESRRLSIQRCI		hprd	453
ENSP00000262367	CREBBP	2372	IQPQPSPHHVS		hprd	453
ENSP00000262367	CREBBP	2377	SPHHVSPQTGS		hprd	453
ENSP00000262367	CREBBP	2382	SPQTGSPHPGL		hprd	453
ENSP00000226004	DUSP3	133	YSRSPTLVIAY		hprd	802
ENSP00000379330	NFATC2	168	EPLCLSPASSG		hprd	800
ENSP00000379330	NFATC2	268	LPPGASPQRSR		hprd	800
ENSP00000379330	NFATC2	274	PQRSRSPSPQP		hprd	800
ENSP00000379330	NFATC2	276	RSRSPSPQPSS		hprd	800
ENSP00000265354	SRF	160	LRRYTTFSKRK	CAMK2A	hprd	932
ENSP00000264716	FOSL2	17	SSRGSSGSPAH		hprd	840
ENSP00000228307	PXN	188	VPETNSPLGGK		hprd	500
ENSP00000228307	PXN	170	DEANSSPPLPG		hprd	500
ENSP00000228307	PXN	230	ESSVPSPVPAI		hprd	500
ENSP00000283228	PTPRR	339	QERRGSNVSLT	PRKACA	hprd	800
ENSP00000340305	UBE2V1	109	FVRFVTKINMN		hprd	401
ENSP00000345772	TEAD3	145	LQNKFSPPSPL		hprd	429
ENSP00000307235	EIF2AK3	862	PPRPTTLSLDL		hprd	829
ENSP00000396538	NFAT5	667	NGSFSSPSSSH		hprd	832
ENSP00000250896	MKNK2	220	HPNQVSPVKIC		hprd	405
ENSP00000250896	MKNK2	379	ENTLPTPMVLQ		hprd	405
ENSP00000388910	NFATC4	284	PSPRASPRPWT		hprd	800
ENSP00000361014	MKNK1	437	CSMKLSPPCKS		hprd	940
ENSP00000263791	EIF2AK4	1040	FSQRISPAIDY		hprd	820
