name	MAPK10
id	ENSP00000352157
type	Serine/threonine kinase
proline+1_removed	No
npartners	87
npartners_with_sites	72
nsites	452
//
motif	score	fg_matches	fg_size	bg_matches	bg_size	fold_increase
..R..[ST].S...	315.8	37	752	53	9383	8.71
.....[ST]P....	307.65	301	1053	617	10000	4.63
..RR.[ST].....	22.64	17	715	16	9330	13.86
.....[ST]SP...	14.03	23	562	55	8496	6.32
...R.[ST].....	9.74	67	629	404	8900	2.35
//
prot_id	prot_name	position	flank	kinase	source	string_score
ENSP00000366244	ARAF	181	LNELLTPQGPS		hprd;psite	802
ENSP00000366244	ARAF	186	TPQGPSPRTQH		hprd;pelm;psite	802
ENSP00000366244	ARAF	212	LQRIRSTSTPN		hprd;pelm;psite	802
ENSP00000366244	ARAF	213	QRIRSTSTPNV		pelm;psite	802
ENSP00000366244	ARAF	215	IRSTSTPNVHM		hprd;pelm;psite	802
ENSP00000366244	ARAF	253	GGSDGTPRGSP		hprd;psite	802
ENSP00000366244	ARAF	257	GTPRGSPSPAS		hprd;pelm;psite	802
ENSP00000366244	ARAF	259	PRGSPSPASVS		hprd;psite	802
ENSP00000366244	ARAF	269	SSGRKSPHSKS		hprd;psite	802
ENSP00000366244	ARAF	274	SPHSKSPAEQR		psite	802
ENSP00000366244	ARAF	283	QRERKSLADDK		psite	802
ENSP00000366244	ARAF	299	LGYRDSGYYWE		pelm;psite	802
ENSP00000366244	ARAF	318	LKRIGTGSFGT		psite	802
ENSP00000366244	ARAF	413	DVARQTAQGMD		psite	802
ENSP00000366244	ARAF	458	VKTRWSGAQPL		psite	802
ENSP00000366244	ARAF	528	GRGYLSPDLSK		psite	802
ENSP00000264110	ATF2	69	IVADQTPTPTR	MAPK14;MAPK3;MAPK8;MAPK9;PLK3	hprd;pelm;psite	885
ENSP00000264110	ATF2	71	ADQTPTPTRFL	MAPK1;MAPK14;MAPK3;MAPK8;MAPK9;PLK3	hprd;pelm;psite	885
ENSP00000264110	ATF2	90	FNELASPFENE	MAPK14;MAPK8;MAPK9	hprd;psite	885
ENSP00000264110	ATF2	112	MPLDLSPLATP		hprd;pelm;psite	885
ENSP00000264110	ATF2	116	LSPLATPIIRS	CDK2	hprd;pelm;psite	885
ENSP00000264110	ATF2	136	TTHQDSPLPHP		psite	885
ENSP00000264110	ATF2	328	TETPASPAHTT		pelm;psite	885
ENSP00000264110	ATF2	333	SPAHTTPQTQS		psite	885
ENSP00000288602	BRAF	151	RSNPKSPQKPI	BRAF	hprd;pelm;psite	805
ENSP00000288602	BRAF	333	PQILTSPSPSK		hprd;pelm;psite	805
ENSP00000288602	BRAF	363	GQRDRSSSAPN		hprd;psite	805
ENSP00000288602	BRAF	364	QRDRSSSAPNV		hprd;pelm;psite	805
ENSP00000288602	BRAF	401	TGLSATPPASL	MAPK1;MAPK3	hprd;pelm;psite	805
ENSP00000288602	BRAF	419	KALQKSPGPQR	BRAF	hprd;pelm;psite	805
ENSP00000288602	BRAF	428	QRERKSSSSSE		psite	805
ENSP00000288602	BRAF	429	RERKSSSSSED	AKT1;AKT3	hprd;pelm;psite	805
ENSP00000288602	BRAF	446	LGRRDSSDDWE	PAK1	hprd;pelm;psite	805
ENSP00000288602	BRAF	465	GQRIGSGSFGT		psite	805
ENSP00000288602	BRAF	605	VKSRWSGSHQF		psite	805
ENSP00000288602	BRAF	750	LYACASPKTPI	BRAF	hprd;pelm;psite	805
ENSP00000288602	BRAF	753	CASPKTPIQAG	MAPK1;MAPK3	psite	805
ENSP00000360797	CARD9	277	KLDRSSPYIQV		psite	800
ENSP00000360797	CARD9	460	LAGGGSPKQPF		hprd;pelm;psite	800
ENSP00000300574	CRK	40	FLVRDSSTSPG		hprd;psite	800
ENSP00000300574	CRK	41	LVRDSSTSPGD		hprd;psite	800
ENSP00000300574	CRK	42	VRDSSTSPGDY		hprd;psite	800
ENSP00000300574	CRK	43	RDSSTSPGDYV		psite	800
ENSP00000300574	CRK	74	PPVPPSPAQPP		hprd;pelm;psite	800
ENSP00000300574	CRK	83	PPPGVSPSRLR		hprd;pelm;psite	800
ENSP00000300574	CRK	194	KYRPASASVSA		hprd;psite	800
ENSP00000300574	CRK	228	QPSVNTPLPNL		psite	800
ENSP00000346300	CRKL	107	APRYPSPPMGS		hprd;psite	800
ENSP00000346300	CRKL	184	EKLVRSSPHGK		hprd;psite	800
ENSP00000346300	CRKL	195	HGNRNSNSYGI		hprd;psite	800
ENSP00000346300	CRKL	214	QPQTTTPLPAV		psite	800
ENSP00000346300	CRKL	222	PAVSGSPGAAI		hprd;psite	800
ENSP00000346300	CRKL	228	PGAAITPLPST		psite	800
ENSP00000345281	DUSP22	58	IPAADSPSQNL		psite	800
ENSP00000358596	DUSP5	321	EILPSTPNPQP	MAPK1;MAPK3	psite	800
ENSP00000358596	DUSP5	346	HLQTLSPDMQG	MAPK1;MAPK3	psite	800
ENSP00000358596	DUSP5	376	SELSRSPVATA	MAPK1;MAPK3	psite	800
ENSP00000296483	DUSP7	318	KKSNISPNFNF		pelm;psite	800
ENSP00000345853	DUSP9	16	LRRELSPPRPR		psite	849
ENSP00000345853	DUSP9	237	YILNVTPNLPN		psite	849
ENSP00000345853	DUSP9	328	KKSNISPNFNF		pelm;psite	849
ENSP00000345853	DUSP9	351	LEERHSQEQGS		hprd;pelm;psite	849
ENSP00000247161	ELK1	303	GGHAASSPEIS		psite	800
ENSP00000247161	ELK1	304	GHAASSPEISQ		hprd;pelm;psite	800
ENSP00000247161	ELK1	324	LELPLSPSLLG		hprd;pelm;psite	800
ENSP00000247161	ELK1	353	PGPALTPSLLP		psite	800
ENSP00000247161	ELK1	363	PTHTLTPVLLT		psite	800
ENSP00000247161	ELK1	368	TPVLLTPSSLP		psite	800
ENSP00000247161	ELK1	383	FWSTLSPIAPR	MAPK1;MAPK14;MAPK3;RPS6KA5	hprd;pelm;psite	800
ENSP00000247161	ELK1	389	PIAPRSPAKLS	MAPK14;MAPK3	hprd;pelm;psite	800
ENSP00000247161	ELK1	417	VDGLSTPVVLS	PRPF4;PRPF4B	pelm;psite	800
ENSP00000247161	ELK1	422	TPVVLSPGPQK		psite	800
ENSP00000417899	MECOM	526	TNKSQSPLMTH		psite	800
ENSP00000417899	MECOM	624	FKDKVSPLQNL		psite	800
ENSP00000417899	MECOM	726	KMEPQSPGEVK		psite	800
ENSP00000417899	MECOM	740	KGSSESPFDLT		psite	800
ENSP00000417899	MECOM	1039	NHGSQSPRNVE		hprd;pelm;psite	800
ENSP00000306245	FOS	32	LSYYHSPADSF	MAPK7	psite	942
ENSP00000306245	FOS	232	LPEVATPESEE	MAPK1;MAPK3;MAPK7	hprd;pelm;psite	942
ENSP00000306245	FOS	325	LEPLCTPVVTC	MAPK1;MAPK3	hprd;pelm;psite	942
ENSP00000306245	FOS	331	PVVTCTPSCTA	MAPK1;MAPK3	hprd;pelm;psite	942
ENSP00000306245	FOS	362	AHRKGSSSNEP	PRKACA;RPS6KA1;RPS6KA3	hprd;pelm;psite	942
ENSP00000306245	FOS	374	SDSLSSPTLLA	MAPK1	hprd;pelm;psite	942
ENSP00000310170	FOSL1	74	TYPQYSPPQPR		pelm;psite	810
ENSP00000310170	FOSL1	101	PCEQISPEEEE		psite	810
ENSP00000310170	FOSL1	217	PEALHTPTLMT		psite	810
ENSP00000310170	FOSL1	223	PTLMTTPSLTP		psite	810
ENSP00000310170	FOSL1	230	SLTPFTPSLVF		psite	810
ENSP00000310170	FOSL1	240	FTYPSTPEPCA		psite	810
ENSP00000310170	FOSL1	252	AHRKSSSSSGD		psite	810
ENSP00000310170	FOSL1	265	SDPLGSPTLLA		hprd;psite	810
ENSP00000264716	FOSL2	19	RGSSGSPAHAE		hprd;pelm;psite	894
ENSP00000264716	FOSL2	83	RSHPYSPLPGL		hprd;pelm;psite	894
ENSP00000264716	FOSL2	120	RDEQLSPEEEE		hprd;pelm;psite	894
ENSP00000264716	FOSL2	200	PEERRSPPAPG		hprd;pelm;psite	894
ENSP00000264716	FOSL2	230	PLEEDSPSSSS		hprd;pelm;psite	894
ENSP00000264716	FOSL2	307	KAHRRSSSSGD		hprd;psite	894
ENSP00000264716	FOSL2	308	AHRRSSSSGDQ		hprd;pelm;psite	894
ENSP00000264716	FOSL2	320	SDSLNSPTLLA		hprd;psite	894
ENSP00000408617	HDAC9	22	GLEPISPLDLR		psite	619
ENSP00000408617	HDAC9	242	VAERRSSPLLR		psite	619
ENSP00000408617	HDAC9	243	AERRSSPLLRR		psite	619
ENSP00000408617	HDAC9	425	PLHPQSPLATK		psite	619
ENSP00000356248	PTPN7	83	QERRGSNVALM	PRKACA	hprd;pelm;psite	800
ENSP00000356248	PTPN7	105	ICSVNTPREVT	MAPK1;MAPK14	hprd;pelm;psite	800
ENSP00000356248	PTPN7	132	QRQPPSPKQLE	MAPK1;MAPK14	hprd;pelm;psite	800
ENSP00000356248	PTPN7	149	PSNFVSPEDLD		psite	800
ENSP00000356248	PTPN7	285	QEERRSVKHIL	PRKCQ	psite	800
ENSP00000365439	HNRNPK	39	KRSRNTDEMVE		psite	621
ENSP00000365439	HNRNPK	116	GLQLPSPTATS		hprd;pelm;psite	621
ENSP00000365439	HNRNPK	216	DLISESPIKGR	CDK1;CDK2;MAPK10;MAPK8	hprd;pelm;psite	621
ENSP00000365439	HNRNPK	284	DYDDMSPRRGP	MAPK10;MAPK3;PRKCD	hprd;pelm;psite	621
ENSP00000365439	HNRNPK	353	AIDTWSPSEWQ	MAPK10;MAPK3;MAPK8	hprd;pelm;psite	621
ENSP00000365439	HNRNPK	379	AGGRGSYGDLG		hprd;pelm;psite	621
ENSP00000227378	HSPA8	313	DLFRGTLDPVE		psite	800
ENSP00000227378	HSPA8	511	DKGRLSKEDIE		psite	800
ENSP00000408907	HSPA1A	313	DLFRSTLEPVE		psite	854
ENSP00000408907	HSPA1A	418	LIKRNSTIPTK		psite	854
ENSP00000310219	HSPA6	315	DLFRSTLEPVE		psite	808
ENSP00000304895	IRS1	268	EFRPRSKSQSS	IKBKB	hprd;pelm;psite	809
ENSP00000304895	IRS1	270	RPRSKSQSSSN	ATR;IKBKB;RPS6KB1	hprd;pelm;psite	809
ENSP00000304895	IRS1	303	GLTRRSRTESI		psite	809
ENSP00000304895	IRS1	305	TRRSRTESITA		psite	809
ENSP00000304895	IRS1	311	ESITATSPASM		psite	809
ENSP00000304895	IRS1	312	SITATSPASMV	IKBKB;MAPK8	hprd;pelm;psite	809
ENSP00000304895	IRS1	329	FRVRASSDGEG		psite	809
ENSP00000304895	IRS1	348	DGSPVSPSTNR		pelm;psite	809
ENSP00000304895	IRS1	362	HRHRGSARLHP		psite	809
ENSP00000304895	IRS1	441	CDFRSSFRSVT	PRKCB;PRKCD;PRKCZ	psite	809
ENSP00000304895	IRS1	446	SFRSVTPDSLG		psite	809
ENSP00000304895	IRS1	453	DSLGHTPPARG		psite	809
ENSP00000304895	IRS1	495	NGHRCTPGTGL		psite	809
ENSP00000304895	IRS1	530	THSAGTSPTIT		pelm;psite	809
ENSP00000304895	IRS1	531	HSAGTSPTITH	IKBKB	hprd;pelm;psite	809
ENSP00000304895	IRS1	574	PGHRHSAFVPT	PRKCD	hprd;pelm;psite	809
ENSP00000304895	IRS1	616	GYMPMSPGVAP	MAPK3	hprd;pelm;psite	809
ENSP00000304895	IRS1	636	DYMPMSPKSVS	MAPK1;RPS6KB1	hprd;pelm;psite	809
ENSP00000304895	IRS1	666	GYMMMSPSGGC		hprd;psite	809
ENSP00000304895	IRS1	672	PSGGCSPDIGG		psite	809
ENSP00000304895	IRS1	892	PPEPKSPGEYV		pelm;psite	809
ENSP00000304895	IRS1	1005	SYVDTSPAAPV		psite	809
ENSP00000304895	IRS1	1043	SAASASPTGPQ		psite	809
ENSP00000304895	IRS1	1078	TRVNLSPNRNQ		pelm;psite	809
ENSP00000304895	IRS1	1100	CRRRHSSETFS		hprd;psite	809
ENSP00000304895	IRS1	1107	ETFSSTPSATR		psite	809
ENSP00000304895	IRS1	1142	DVKRHSSASFE		psite	809
ENSP00000304895	IRS1	1143	VKRHSSASFEN		hprd;psite	809
ENSP00000304895	IRS1	1222	SSTRRSSEDLS		pelm;psite	809
ENSP00000304895	IRS1	1223	STRRSSEDLSA		hprd;pelm;psite	809
ENSP00000365016	IRS2	304	EFRPRSKSQSS		pelm;psite	800
ENSP00000365016	IRS2	306	RPRSKSQSSGS		hprd;pelm;psite	800
ENSP00000365016	IRS2	342	GLVRRSRTDSL		hprd;psite	800
ENSP00000365016	IRS2	344	VRRSRTDSLAA		psite	800
ENSP00000365016	IRS2	350	DSLAATPPAAK		hprd;pelm;psite	800
ENSP00000365016	IRS2	363	SCRVRTASEGD		hprd;pelm;psite	800
ENSP00000365016	IRS2	388	VSVAGSPLSPG		hprd;pelm;psite	800
ENSP00000365016	IRS2	391	AGSPLSPGPVR	CDK1	hprd;pelm;psite	800
ENSP00000365016	IRS2	404	LSRSHTLSGGC		psite	800
ENSP00000365016	IRS2	505	LDEYGSSPGDL		psite	800
ENSP00000365016	IRS2	506	DEYGSSPGDLR		psite	800
ENSP00000365016	IRS2	520	SHRSNTPESIA		hprd;pelm;psite	800
ENSP00000365016	IRS2	527	ESIAETPPARD		hprd;pelm;psite	800
ENSP00000365016	IRS2	560	SYRRVSGDAAQ		hprd;pelm;psite	800
ENSP00000365016	IRS2	575	GLRKRTYSLTT		psite	800
ENSP00000365016	IRS2	580	TYSLTTPARQR		hprd;pelm;psite	800
ENSP00000365016	IRS2	604	TLMRATFSGSA		hprd;psite	800
ENSP00000365016	IRS2	620	SCPASSPKVAY		hprd;pelm;psite	800
ENSP00000365016	IRS2	657	GYMPMTPGAAL		psite	800
ENSP00000365016	IRS2	679	DYMPMSPASVS		hprd;pelm;psite	800
ENSP00000365016	IRS2	730	GGYKASSPAES		hprd;pelm;psite	800
ENSP00000365016	IRS2	731	GYKASSPAESS		hprd;pelm;psite	800
ENSP00000365016	IRS2	735	SSPAESSPEDS		hprd;pelm;psite	800
ENSP00000365016	IRS2	736	SPAESSPEDSG		hprd;pelm;psite	800
ENSP00000365016	IRS2	770	DYLNVSPSDAV		hprd;pelm;psite	800
ENSP00000365016	IRS2	779	AVTTGTPPDFF		hprd;pelm;psite	800
ENSP00000365016	IRS2	827	QYVLMSSPVGR		psite	800
ENSP00000365016	IRS2	828	YVLMSSPVGRI		hprd;pelm;psite	800
ENSP00000365016	IRS2	894	RPTRLSLEGLP		hprd;pelm;psite	800
ENSP00000365016	IRS2	915	PPEPKSPGEYI		hprd;pelm;psite	800
ENSP00000365016	IRS2	973	DSRQRSPLSDY		hprd;pelm;psite	800
ENSP00000365016	IRS2	1100	AARVASPTSGV		hprd;pelm;psite	800
ENSP00000365016	IRS2	1109	GVKRLSLMEQV		hprd;pelm;psite	800
ENSP00000365016	IRS2	1148	GRRRHSSETFS		hprd;pelm;psite	800
ENSP00000365016	IRS2	1159	STTTVTPVSPS		hprd;pelm;psite	800
ENSP00000365016	IRS2	1162	TVTPVSPSFAH		hprd;pelm;psite	800
ENSP00000365016	IRS2	1174	PKRHNSASVEN		hprd;pelm;psite	800
ENSP00000365016	IRS2	1202	GDEPPTSPRQL		hprd;pelm;psite	800
ENSP00000365016	IRS2	1203	DEPPTSPRQLQ		hprd;pelm;psite	800
ENSP00000241014	MAPK8IP1	15	GGGAASPPAAS	MAPK8	hprd;pelm;psite	906
ENSP00000241014	MAPK8IP1	29	GLHIASPPNFR	MAPK8	hprd;pelm;psite	906
ENSP00000241014	MAPK8IP1	103	DATGDTPGAED	MAPK8;MAPK9	hprd;pelm;psite	906
ENSP00000241014	MAPK8IP1	193	WQDRVSRSSSP		hprd;pelm;psite	906
ENSP00000241014	MAPK8IP1	196	RVSRSSSPLKT		hprd;pelm;psite	906
ENSP00000241014	MAPK8IP1	197	VSRSSSPLKTG	MAPK8	hprd;pelm;psite	906
ENSP00000241014	MAPK8IP1	205	KTGEQTPPHEH	MAPK8	hprd;pelm;psite	906
ENSP00000241014	MAPK8IP1	235	GTSTDSPCRRS		hprd;pelm;psite	906
ENSP00000241014	MAPK8IP1	240	SPCRRSTATQM		psite	906
ENSP00000241014	MAPK8IP1	241	PCRRSTATQMA		psite	906
ENSP00000241014	MAPK8IP1	284	EEIYLTPVQRP	MAPK8	hprd;pelm;psite	906
ENSP00000241014	MAPK8IP1	340	GFDCLSSPERA		hprd;pelm;psite	906
ENSP00000241014	MAPK8IP1	341	FDCLSSPERAE	MAPK8	hprd;pelm;psite	906
ENSP00000241014	MAPK8IP1	355	GGWRGSLGEPP		hprd;pelm;psite	906
ENSP00000241014	MAPK8IP1	366	PPPRASLSSDT		pelm;psite	906
ENSP00000241014	MAPK8IP1	421	CASVSSPYESA	MAPK8	hprd;pelm;psite	906
ENSP00000241014	MAPK8IP1	448	LSEDSTPDEPD		hprd;pelm;psite	906
ENSP00000241014	MAPK8IP1	471	SGRSRSSSAES		pelm;psite	906
ENSP00000241014	MAPK8IP1	472	GRSRSSSAESF		pelm;psite	906
ENSP00000250894	MAPK8IP3	314	REKRDSRNMEV	ROCK1	psite	997
ENSP00000250894	MAPK8IP3	364	LDRTGSSPTQG	ROCK1	psite	997
ENSP00000250894	MAPK8IP3	365	DRTGSSPTQGI	ROCK1	psite	997
ENSP00000250894	MAPK8IP3	585	FSSSSSPPPAK		hprd;pelm;psite	997
ENSP00000250894	MAPK8IP3	602	NIHYKSPTTAG		psite	997
ENSP00000250894	MAPK8IP3	676	KYKQLSPNGGQ		hprd;psite	997
ENSP00000262013	SPAG9	217	GDGLLTPDAQK		hprd;pelm;psite	803
ENSP00000262013	SPAG9	226	QKGGETPGSEQ		hprd;pelm;psite	803
ENSP00000262013	SPAG9	251	LKVSNSPEPQK		psite	803
ENSP00000262013	SPAG9	292	TIPTDTPLKEE		hprd;pelm;psite	803
ENSP00000262013	SPAG9	348	AIIESTPELDM		hprd;psite	803
ENSP00000262013	SPAG9	365	YKGSSTPTKGI		hprd;psite	803
ENSP00000262013	SPAG9	586	PTSHVTPSVKK	CDK2	hprd;pelm;psite	803
ENSP00000262013	SPAG9	594	VKKRSSTLSQL		hprd;pelm;psite	803
ENSP00000262013	SPAG9	595	KKRSSTLSQLP		hprd;pelm;psite	803
ENSP00000262013	SPAG9	730	KQRSASQSSLD		hprd;pelm;psite	803
ENSP00000262013	SPAG9	1238	PGQVISPQSSS		psite	803
ENSP00000262013	SPAG9	1264	EPGSQTPLKSM		hprd;pelm;psite	803
ENSP00000360266	JUN	62	NSDLLTSPDVG		hprd;psite	991
ENSP00000360266	JUN	63	SDLLTSPDVGL	CDK3;MAPK15;MAPK8;MAPK9;PLK3;PRKD1;VRK1	hprd;pelm;psite	991
ENSP00000360266	JUN	73	LLKLASPELER	CDK3;MAPK15;MAPK8;MAPK9;PLK3;VRK1	hprd;pelm;psite	991
ENSP00000360266	JUN	91	GHITTTPTPTQ	MAPK8	pelm;psite	991
ENSP00000360266	JUN	93	ITTTPTPTQFL	MAPK8;PAK2	pelm;psite	991
ENSP00000360266	JUN	239	EMPGETPPLSP	GSK3A;GSK3B	hprd;pelm;psite	991
ENSP00000360266	JUN	243	ETPPLSPIDME	CSNK2A1;GSK3A;GSK3B	hprd;pelm;psite	991
ENSP00000303315	JUNB	102	GVITTTPTPPG	MAPK14;MAPK8	hprd;pelm;psite	918
ENSP00000303315	JUNB	104	ITTTPTPPGQY	MAPK14;MAPK8	hprd;pelm;psite	918
ENSP00000303315	JUNB	255	RSRDATPPVSP	GSK3B	hprd;pelm;psite	918
ENSP00000303315	JUNB	259	ATPPVSPINME		hprd;pelm;psite	918
ENSP00000252818	JUND	71	AAPPPTPLRAD		psite	922
ENSP00000252818	JUND	90	DGLLASPDLGL		psite	922
ENSP00000252818	JUND	100	LLKLASPELER	MAPK8	hprd;pelm;psite	922
ENSP00000252818	JUND	117	GLVTTTPTSSQ		hprd;psite	922
ENSP00000252818	JUND	255	PSFGESPPLSP		hprd;pelm;psite	922
ENSP00000252818	JUND	259	ESPPLSPIDMD		hprd;pelm;psite	922
ENSP00000330572	MAPK8IP2	246	GGRRSSQELSS		psite	943
ENSP00000358022	MCL1	64	GSAGASPPSTL	CDK1;CDK2;MAPK8	psite	621
ENSP00000358022	MCL1	92	PDVTATPARLL	CDK1;MAPK3	psite	621
ENSP00000358022	MCL1	121	ADAIMSPEEEL	MAPK8	hprd;pelm;psite	621
ENSP00000358022	MCL1	163	GSLPSTPPPAE	MAPK1;MAPK3;MAPK8	hprd;pelm;psite	621
ENSP00000417899	MECOM	62	TPKEGSPYKAP		hprd;psite	800
ENSP00000302486	MAP2K1	231	TRSYMSPERLQ		hprd;psite	810
ENSP00000302486	MAP2K1	286	GDAAETPPRPR	CDK1;CDK5	hprd;pelm;psite	810
ENSP00000302486	MAP2K1	292	PPRPRTPGRPL	CDK1;MAPK1;MAPK3	hprd;pelm;psite	810
ENSP00000302486	MAP2K1	386	LNQPSTPTHAA	MAPK1;RAF1	hprd;pelm;psite	810
ENSP00000382423	MAP3K1	20	PGARATSPEAG		psite	811
ENSP00000382423	MAP3K1	21	GARATSPEAGG		psite	811
ENSP00000382423	MAP3K1	154	PAAEPSPAAAP		psite	811
ENSP00000382423	MAP3K1	232	HLAAESPGEVQ		psite	811
ENSP00000382423	MAP3K1	242	QASAASPASKG		psite	811
ENSP00000382423	MAP3K1	250	SKGRRSPSPGN		psite	811
ENSP00000382423	MAP3K1	252	GRRSPSPGNSP		psite	811
ENSP00000382423	MAP3K1	275	RRKRVSPVPFQ		psite	811
ENSP00000382423	MAP3K1	285	QSGRITPPRRA		psite	811
ENSP00000382423	MAP3K1	292	PRRAPSPDGFS		pelm;psite	811
ENSP00000382423	MAP3K1	297	SPDGFSPYSPE		pelm;psite	811
ENSP00000382423	MAP3K1	300	GFSPYSPEETN		pelm;psite	811
ENSP00000382423	MAP3K1	507	SHELSSPVDSP		pelm;psite	811
ENSP00000382423	MAP3K1	511	SSPVDSPSSLR		pelm;psite	811
ENSP00000382423	MAP3K1	665	AMLVYTPCHSL		psite	811
ENSP00000382423	MAP3K1	1016	PCRIPSASPQT		psite	811
ENSP00000382423	MAP3K1	1018	RIPSASPQTQR		psite	811
ENSP00000382423	MAP3K1	1043	DSDKLSPVFTQ		psite	811
ENSP00000382423	MAP3K1	1114	DETVFTPVEEK		psite	811
ENSP00000382423	MAP3K1	1157	EVAVLSPEKAE		psite	811
ENSP00000262445	MAP2K4	78	IERLRTHSIES		psite	944
ENSP00000262445	MAP2K4	90	GKLKISPEQHW		hprd;pelm;psite	944
ENSP00000262445	MAP2K4	394	PATPSSPMYVD		hprd;psite	944
ENSP00000381066	MAP2K7	35	LNLDISPQRPR		hprd;psite	832
ENSP00000381066	MAP2K7	61	PSSESSPQHPT		psite	832
ENSP00000381066	MAP2K7	66	SPQHPTPPARP		psite	832
ENSP00000381066	MAP2K7	83	PSTLFTPRSME		psite	832
ENSP00000239223	DUSP1	296	RRSIISPNFSF	MAPK1	hprd;pelm;psite	921
ENSP00000239223	DUSP1	323	SAEAGSPAMAV	MAPK1	hprd;pelm;psite	921
ENSP00000239223	DUSP1	359	LSYLQSPITTS	MAPK1	hprd;pelm;psite	921
ENSP00000240100	DUSP4	359	GKTPATPTSQF		psite	800
ENSP00000240100	DUSP4	386	LPYLHSPITTS		psite	800
ENSP00000279488	DUSP6	159	SCSSSSPPLPV	MAPK1;MAPK3	hprd;pelm;psite	800
ENSP00000279488	DUSP6	174	GLRISSDSSSD	MAPK3	psite	800
ENSP00000279488	DUSP6	197	TDSDGSPLSNS	MAPK1;MAPK3	hprd;psite	800
ENSP00000279488	DUSP6	331	KKSNISPNFNF		hprd;pelm;psite	800
ENSP00000279488	DUSP6	351	TLGLSSPCDNR		hprd;psite	800
ENSP00000228862	DUSP16	446	KLCQFSPVQEL	MAPK1	hprd;pelm;psite	953
ENSP00000228862	DUSP16	501	QRSLLSPLHRS		hprd;pelm;psite	953
ENSP00000228862	DUSP16	612	ADSRRSWHEES		psite	953
ENSP00000228862	DUSP16	627	QFKRRSCQMEF		psite	953
ENSP00000233190	NDUFS1	611	TKVAVTPPGLA		psite	404
ENSP00000379330	NFATC2	53	AHKVASPPSGP		psite	800
ENSP00000379330	NFATC2	110	GASGLSPRIEI		psite	800
ENSP00000379330	NFATC2	116	PRIEITPSHEL		psite	800
ENSP00000379330	NFATC2	148	AGVAASPRFTL		psite	800
ENSP00000379330	NFATC2	213	IPAHYSPRTSP		hprd;psite	800
ENSP00000379330	NFATC2	217	YSPRTSPIMSP		hprd;psite	800
ENSP00000379330	NFATC2	221	TSPIMSPRTSL		hprd;psite	800
ENSP00000379330	NFATC2	236	CLGRHSPVPRP		hprd;psite	800
ENSP00000379330	NFATC2	243	VPRPASRSSSP		hprd;psite	800
ENSP00000379330	NFATC2	247	ASRSSSPGAKR		psite	800
ENSP00000379330	NFATC2	255	AKRRHSCAEAL		psite	800
ENSP00000379330	NFATC2	326	KMWKTSPDPSP		hprd;pelm;psite	800
ENSP00000379330	NFATC2	330	TSPDPSPVSAA		hprd;pelm;psite	800
ENSP00000379330	NFATC2	363	GERRNSAPESI		hprd;psite	800
ENSP00000379330	NFATC2	585	VERQDTDSCLV		hprd;pelm;psite	800
ENSP00000379330	NFATC2	757	YQRSKSLSPSL		hprd;psite	800
ENSP00000379330	NFATC2	759	RSKSLSPSLLG		hprd;psite	800
ENSP00000379330	NFATC2	856	QGQRLSPGSYP		psite	800
ENSP00000388910	NFATC4	231	GGAFFSPSPGS	MAPK14	hprd;pelm;psite	800
ENSP00000388910	NFATC4	233	AFFSPSPGSSS	MAPK14	hprd;pelm;psite	800
ENSP00000388910	NFATC4	276	RFGLGSPLPSP	MAPK8;MAPK9	hprd;psite	800
ENSP00000388910	NFATC4	280	GSPLPSPRASP	MAPK8;MAPK9	hprd;psite	800
ENSP00000388910	NFATC4	289	SPRPWTPEDPW		psite	800
ENSP00000388910	NFATC4	327	SPRPASPCGKR		psite	800
ENSP00000388910	NFATC4	335	GKRRYSSSGTP		pelm;psite	800
ENSP00000388910	NFATC4	344	TPSSASPALSR	RPS6KA3	psite	800
ENSP00000388910	NFATC4	352	LSRRGSLGEEG	RPS6KA3	hprd;psite	800
ENSP00000388910	NFATC4	397	KTRRTSSEQAV		pelm;psite	800
ENSP00000388910	NFATC4	595	LKLRNSDIELR		psite	800
ENSP00000388910	NFATC4	739	GRRKRSPTQSF	MAPK1;MAPK3;RPS6KA3	pelm;psite	800
ENSP00000326119	PMAIP1	13	KNAQPSPARAP	CDK5	psite	508
ENSP00000269305	TP53	33	ENNVLSPLPSQ	CDK5;CDK7;CDK9;MAPK14;PRKDC	hprd;pelm;psite	929
ENSP00000269305	TP53	46	DDLMLSPDDIE	ATM;CDK5;DYRK2;HIPK2;MAPK14;PRKCD;PRKDC	hprd;pelm;psite	929
ENSP00000269305	TP53	81	APAAPTPAAPA	MAPK8	hprd;psite	929
ENSP00000269305	TP53	150	LWVDSTPPPGT	CSNK2A1	psite	929
ENSP00000269305	TP53	183	HHERCSDSDGL	AURKB	psite	929
ENSP00000269305	TP53	211	LDDRNTFRHSV	AURKB	psite	929
ENSP00000269305	TP53	215	NTFRHSVVVPY	AURKA;AURKB	pelm;psite	929
ENSP00000269305	TP53	269	LLGRNSFEVRV	AURKB;DAPK1	psite	929
ENSP00000269305	TP53	284	GRDRRTEEENL	AURKB	psite	929
ENSP00000269305	TP53	314	PNNTSSSPQPK	CDK2	hprd;psite	929
ENSP00000269305	TP53	315	NNTSSSPQPKK	AURKA;CDK1;CDK2;CDK9	hprd;pelm;psite	929
ENSP00000263125	PRKCQ	219	INSRETMFHKE	PRKCQ	hprd;pelm;psite	817
ENSP00000263125	PRKCQ	307	RCLRDTEQIFR		psite	817
ENSP00000263125	PRKCQ	348	GISWESPLDEV		hprd;psite	817
ENSP00000263125	PRKCQ	370	NKERPSLQIKL		psite	817
ENSP00000263125	PRKCQ	542	NTFCGTPDYIA		psite	817
ENSP00000263125	PRKCQ	676	EKPRLSFADRA		hprd;pelm;psite	817
ENSP00000325120	PGR	20	AGGPPSPEVGS		pelm;psite	800
ENSP00000325120	PGR	102	GGSSSSPPEKD		pelm;psite	800
ENSP00000325120	PGR	130	GQSQPSPPACE		pelm;psite	800
ENSP00000325120	PGR	162	TQRVLSPLMSR	CDK2	hprd;pelm;psite	800
ENSP00000325120	PGR	190	LPRGLSPARQL	CDK2	pelm;psite	800
ENSP00000325120	PGR	213	APVKPSPQAAA	CDK2	pelm;psite	800
ENSP00000325120	PGR	294	MAPGRSPLATT	CDK2;MAPK1;MAPK3	pelm;psite	800
ENSP00000325120	PGR	345	APPRSSPCASS		pelm;psite	800
ENSP00000325120	PGR	400	EASARSPRSYL	CDK2	pelm;psite	800
ENSP00000325120	PGR	554	SEASQSPQYSF		psite	800
ENSP00000325120	PGR	676	QRFTFSPGQDI	CDK2	pelm;psite	800
ENSP00000283228	PTPRR	361	FVSIPTPREKV	MAPK1	hprd;psite	800
ENSP00000251849	RAF1	29	GSSCISPTIVQ	MAPK1	hprd;pelm;psite	802
ENSP00000251849	RAF1	43	YQRRASDDGKL	PRKACA;PRKCA	hprd;pelm;psite	802
ENSP00000251849	RAF1	220	RRMRESVSRMP		psite	802
ENSP00000251849	RAF1	233	SQHRYSTPHAF	PRKACA	hprd;pelm;psite	802
ENSP00000251849	RAF1	234	QHRYSTPHAFT		psite	802
ENSP00000251849	RAF1	244	TFNTSSPSSEG		hprd;psite	802
ENSP00000251849	RAF1	257	SQRQRSTSTPN		hprd;pelm;psite	802
ENSP00000251849	RAF1	258	QRQRSTSTPNV		hprd;pelm;psite	802
ENSP00000251849	RAF1	260	QRSTSTPNVHM		hprd;pelm;psite	802
ENSP00000251849	RAF1	285	AIRSHSESASP		psite	802
ENSP00000251849	RAF1	289	HSESASPSALS	MAPK1;MAPK3	hprd;pelm;psite	802
ENSP00000251849	RAF1	295	PSALSSSPNNL		hprd;psite	802
ENSP00000251849	RAF1	296	SALSSSPNNLS	MAPK1;MAPK3	hprd;pelm;psite	802
ENSP00000251849	RAF1	301	SPNNLSPTGWS	MAPK1;MAPK3	hprd;pelm;psite	802
ENSP00000251849	RAF1	310	WSQPKTPVPAQ		psite	802
ENSP00000251849	RAF1	338	RGQRDSSYYWE	MAP2K1;PAK1;PAK3;RAF1	hprd;pelm;psite	802
ENSP00000251849	RAF1	357	STRIGSGSFGT		psite	802
ENSP00000251849	RAF1	497	VKSRWSGSQQV		psite	802
ENSP00000251849	RAF1	642	CTLTTSPRLPV	MAPK1	hprd;pelm;psite	802
ENSP00000220751	RIPK2	174	KWRMMSLSQSR		psite	800
ENSP00000220751	RIPK2	181	SQSRSSKSAPE		psite	800
ENSP00000220751	RIPK2	357	HENSGSPETSR		psite	800
ENSP00000220751	RIPK2	529	LVVSRSPSLNL		hprd;psite	800
ENSP00000369270	RREB1	36	TENGGSPQGIK		hprd;pelm;psite	554
ENSP00000369270	RREB1	42	PQGIKSPSKPP		hprd;pelm;psite	554
ENSP00000369270	RREB1	161	ATAPPSPLKRR		hprd;psite	554
ENSP00000369270	RREB1	514	PKPLVTPRTVV		psite	554
ENSP00000369270	RREB1	1122	PAATTSPKESS		hprd;psite	554
ENSP00000369270	RREB1	1140	SPEAASPTEQG		psite	554
ENSP00000369270	RREB1	1194	DTNKFSPFLQT		psite	554
ENSP00000369270	RREB1	1225	DEEQGSPPEDK		hprd;pelm;psite	554
ENSP00000369270	RREB1	1238	RAKRNSYTNCL		psite	554
ENSP00000369270	RREB1	1375	TAETASPVHRE		hprd;pelm;psite	554
ENSP00000369270	RREB1	1554	KPKTDSPKSVA		psite	554
ENSP00000369270	RREB1	1708	DLNPESPAALG		hprd;pelm;psite	554
ENSP00000373301	SH3BP5	375	ECSGASSPECE		psite	743
ENSP00000373301	SH3BP5	376	CSGASSPECEV		psite	743
ENSP00000373301	SH3BP5	421	SQSSTSPEGQA	MAPK12	hprd;pelm;psite	743
ENSP00000351342	PTPN5	245	QERRGSNVSLT		psite	800
ENSP00000351342	PTPN5	255	TLDMCTPGCNE		psite	800
ENSP00000351342	PTPN5	268	FGYLMSPREES		psite	800
ENSP00000220876	STMN2	62	ILKPPSPISEA	MAPK3	hprd;pelm;psite	675
ENSP00000216160	TAB1	378	SQPTPSPAPAA		psite	818
ENSP00000216160	TAB1	431	TLDEATPTLTN	MAPK14	pelm;psite	818
ENSP00000216160	TAB1	438	TLTNQSPTLTL	MAPK14	pelm;psite	818
ENSP00000286332	TAB2	171	SLSQQTPRFNP		psite	823
ENSP00000286332	TAB2	372	VYIAASPPNTD		hprd;pelm;psite	823
ENSP00000286332	TAB2	450	NNSATSPRVVV		hprd;psite	823
ENSP00000286332	TAB2	582	LKRSNSISQIP		psite	823
ENSP00000288422	TAB3	60	YMEYHSPDDNR		hprd;pelm;psite	811
ENSP00000288422	TAB3	385	INRSPSPISNQ		psite	811
ENSP00000288422	TAB3	404	LYTATTPPSSS		hprd;psite	811
ENSP00000288422	TAB3	408	TTPPSSSPSRG		hprd;pelm;psite	811
ENSP00000288422	TAB3	409	TPPSSSPSRGI		psite	811
ENSP00000288422	TAB3	444	CTPSPSPRVIP		psite	811
ENSP00000288422	TAB3	645	KARRISVTSKV		hprd;psite	811
ENSP00000358335	MAP3K7	367	ESGRLSLGASR		psite	809
ENSP00000358335	MAP3K7	389	EGKRMSADMSE		hprd;pelm;psite	809
ENSP00000358335	MAP3K7	439	QPRRRSIQDLT		hprd;pelm;psite	809
ENSP00000304895	IRS1	345	ASVDGSPVSPS	IKBKB	hprd;pelm	809
ENSP00000362649	HDAC1	406	PDKRISICSSD		hprd;pelm	619
ENSP00000220876	STMN2	73	PRTLASPKKKD	MAPK3	hprd;pelm	675
ENSP00000365016	IRS2	1185	VSLRKSSEGGV		hprd;pelm	800
ENSP00000262013	SPAG9	276	GSKATTPASTA		hprd;pelm	803
ENSP00000288602	BRAF	335	ILTSPSPSKSI		hprd;pelm	805
ENSP00000264716	FOSL2	16	TSSRGSSGSPA		hprd;pelm	894
ENSP00000369270	RREB1	1121	TPAATTSPKES		hprd;pelm	554
ENSP00000286332	TAB2	482	SPGVVSPTFEL		hprd;pelm	823
ENSP00000286332	TAB2	477	KPPAVSPGVVS		hprd;pelm	823
ENSP00000345853	DUSP9	372	PSFFTTPTSDG		hprd;pelm	849
ENSP00000310170	FOSL1	251	SAHRKSSSSSG		hprd	810
ENSP00000304895	IRS1	736	DYMNMSPVGDS		hprd	809
ENSP00000304895	IRS1	502	GTGLGTSPALA	CSNK2A1	hprd	809
ENSP00000251849	RAF1	641	ACTLTTSPRLP		hprd	802
ENSP00000379330	NFATC2	168	EPLCLSPASSG		hprd	800
ENSP00000379330	NFATC2	268	LPPGASPQRSR		hprd	800
ENSP00000379330	NFATC2	274	PQRSRSPSPQP		hprd	800
ENSP00000379330	NFATC2	276	RSRSPSPQPSS		hprd	800
ENSP00000379330	NFATC2	325	PKMWKTSPDPS		hprd	800
ENSP00000365016	IRS2	985	NLDFSSPKSPK		hprd	800
ENSP00000365016	IRS2	619	PSCPASSPKVA		hprd	800
ENSP00000262445	MAP2K4	26	PGPVGSPAPGH		hprd	944
ENSP00000262445	MAP2K4	393	MPATPSSPMYV		hprd	944
ENSP00000262445	MAP2K4	391	DQMPATPSSPM		hprd	944
ENSP00000264716	FOSL2	17	SSRGSSGSPAH		hprd	894
ENSP00000346300	CRKL	41	FLVRDSSTCPG		hprd	800
ENSP00000283228	PTPRR	339	QERRGSNVSLT	PRKACA	hprd	800
ENSP00000361202	IRS4	872	PGDGGSPSKPS		hprd	800
ENSP00000361202	IRS4	66	GSRSDSESEEE		hprd	800
ENSP00000286332	TAB2	449	GNNSATSPRVV		hprd	823
ENSP00000227378	HSPA8	397	LLLDVTPLSLG		hprd	800
ENSP00000220876	STMN2	50	INKRASGQAFE	PRKACA	hprd	675
ENSP00000220876	STMN2	97	EERRKSQEAQV	PRKACA	hprd	675
ENSP00000388910	NFATC4	284	PSPRASPRPWT		hprd	800
ENSP00000250894	MAPK8IP3	265	SSAAATPSTTG	MAPK10	hprd	997
ENSP00000250894	MAPK8IP3	275	GTKSNTPTSSV	MAPK10	hprd	997
ENSP00000250894	MAPK8IP3	286	PSAAVTPLNES	MAPK10	hprd	997
ENSP00000373301	SH3BP5	351	SLDLPSPVSLS	MAPK12	hprd	743
