name	MAPK14
id	ENSP00000229794
type	Serine/threonine kinase
proline+1_removed	No
npartners	435
npartners_with_sites	355
nsites	188
//
motif	score	fg_matches	fg_size	bg_matches	bg_size	fold_increase
P....[ST]P.K..	625.15	16	3666	0	10000	Inf
K...K[ST]P....	622.66	10	3650	0	10000	Inf
..RR.[ST].....	615.31	65	2786	18	9383	12.16
R.R..[ST].....	317.67	58	2721	31	9365	6.44
I.R..[ST].....	313.87	25	2663	12	9334	7.3
//
prot_id	prot_name	position	flank	kinase	source	string_score
ENSP00000309503	YWHAZ	58	GARRSSWRVVS	AKT1;MAPKAPK2;PRKACA	hprd;pelm;psite	907
ENSP00000361423	ABL1	16	DQRRPSLPALH		psite	904
ENSP00000270202	AKT1	72	RPRPNTFIIRC	AKT1	psite	888
ENSP00000270202	AKT1	246	RERVFSEDRAR	AKT1	psite	888
ENSP00000344742	STAMBP	48	IIRMASIYSEE	BMPR1B	hprd;pelm;psite	800
ENSP00000366244	ARAF	214	RIRSTSTPNVH		hprd;pelm;psite	809
ENSP00000366244	ARAF	582	IERSASEPSLH		hprd;pelm;psite	809
ENSP00000377380	ARHGAP9	481	SSRRSSIRGPE		psite	628
ENSP00000262053	ATF1	63	LARRPSYRKIL	CAMK2G;CDK3;RPS6KA5	hprd;pelm;psite	460
ENSP00000355173	ATG9A	735	WHRRESDESGE		hprd;pelm;psite	621
ENSP00000355173	ATG9A	761	IPRSASYPCAA		psite	621
ENSP00000365851	BMI1	316	RPRKSSVNGSS		psite	630
ENSP00000288602	BRAF	365	RDRSSSAPNVH	AKT1;AKT3	hprd;pelm;psite	805
ENSP00000288602	BRAF	419	KALQKSPGPQR	BRAF	hprd;pelm;psite	805
ENSP00000288602	BRAF	429	RERKSSSSSED	AKT1;AKT3	hprd;pelm;psite	805
ENSP00000288602	BRAF	440	RNRMKTLGRRD		hprd;pelm;psite	805
ENSP00000288602	BRAF	446	LGRRDSSDDWE	PAK1	hprd;pelm;psite	805
ENSP00000288602	BRAF	729	IHRSASEPSLN		hprd;pelm;psite	805
ENSP00000337386	ZFP36L1	54	FPRRHSVTLPS	MAPKAPK2	hprd;psite	460
ENSP00000337386	ZFP36L1	90	RFRDRSFSEGG		psite	460
ENSP00000337386	ZFP36L1	92	RDRSFSEGGER	AKT1;MAPKAPK2	pelm;psite	460
ENSP00000354826	CALD1	546	RRRGETESEEF		hprd;psite	859
ENSP00000354826	CALD1	730	PTAAGTPNKET	CDK1;CDK2	hprd;pelm;psite	859
ENSP00000312741	CAMKK2	145	LPRRPTVESHH		psite	418
ENSP00000351273	CASP8	322	RDRNGTHLDAG		psite	593
ENSP00000011653	CD4	440	IKRLLSEKKTC	PRKCA	psite	748
ENSP00000303706	CDC25A	293	TKRRKSMSGAS	CHEK1;CHEK2;RPS6KA1	hprd;pelm;psite	773
ENSP00000245960	CDC25B	151	IRRFQSMPVRL		psite	997
ENSP00000245960	CDC25B	178	DGRRKSEAGSG		psite	997
ENSP00000245960	CDC25B	353	NKRRRSVTPPE	AURKA;MAPKAPK2;RPS6KA1	hprd;pelm;psite	997
ENSP00000245960	CDC25B	355	RRRSVTPPEEQ	RPS6KA1	hprd;pelm;psite	997
ENSP00000383986	CDCA7L	139	RSRRSSIGLRV		hprd;psite	461
ENSP00000383986	CDCA7L	195	IQREDSTSESE		psite	461
ENSP00000383986	CDCA7L	321	RHRISSFRPVE		psite	461
ENSP00000003084	CFTR	660	AERRNSILTET	PRKACA;PRKCA;PRKG1	hprd;pelm;psite	829
ENSP00000003084	CFTR	737	LERRLSLVPDS	LMTK2;PRKAA1;PRKACA;PRKCA	hprd;pelm;psite	829
ENSP00000003084	CFTR	768	ARRRQSVLNLM	PRKAA1;PRKACA	hprd;pelm;psite	829
ENSP00000003084	CFTR	813	YSRRLSQETGL	PRKACA;PRKCA	hprd;pelm;psite	829
ENSP00000217244	CSNK2A1	13	RARVYTDVNTH		psite	629
ENSP00000356436	PLA2G4A	268	PLLLLTPQKVK		hprd;pelm;psite	982
ENSP00000387699	CREB1	133	LSRRPSYRKIL	ATM;CAMK4;CAMKK1;DYRK3;MAP3K8;MAPKAPK2;PRKACA;PRKCE;PRKD1;RPS6KA1;RPS6KA2;RPS6KA3;RPS6KA4;RPS6KA5;SGK1;TSSK4	hprd;pelm;psite	984
ENSP00000265372	CREM	87	LSRRPSYRKIL		hprd;psite	437
ENSP00000344456	CTNNB1	332	IMRTYTYEKLL	CAMK2A	psite	916
ENSP00000344456	CTNNB1	552	TQRRTSMGGTQ	AKT1;AKT2;CAMK2A;PRKACA	hprd;pelm;psite	916
ENSP00000317955	EEA1	1265	SQRRVSELEKQ		psite	924
ENSP00000275493	EGFR	678	IVRKRTLRRLL	PKN1;PKN3;PRKCA;PRKCD	hprd;pelm;psite	735
ENSP00000247161	ELK1	389	PIAPRSPAKLS	MAPK14;MAPK3	hprd;pelm;psite	930
ENSP00000297494	NOS3	495	ITRKKTFKEVA	PRKACA;PRKCA;PRKG2	pelm;psite	588
ENSP00000297494	NOS3	633	RKRKESSNTDS	PRKAA1;PRKACA;PRKG2	hprd;pelm;psite	588
ENSP00000297494	NOS3	1177	RIRTQSFSLQE	AKT1;PRKAA1;PRKACA;PRKG2	hprd;pelm;psite	588
ENSP00000206249	ESR1	167	RERLASTNDKG	AKT1;AKT2;CSNK2A1;IKBKE;RPS6KA1;RPS6KA3;RPS6KB1	hprd;pelm;psite	971
ENSP00000206249	ESR1	236	KNRRKSCQACR	PRKACA	pelm;psite	971
ENSP00000338934	EZR	332	KKRRETVEREK		psite	845
ENSP00000218894	SUPT20H	509	IPRKSSVDLNQ		psite	941
ENSP00000264498	FGF2	254	RSRKYTSWYVA		pelm;psite	864
ENSP00000258201	FHOD1	1010	RERNKTRGRMI		psite	800
ENSP00000258201	FHOD1	1131	RERKRSRGNRK	PRKG1;ROCK1	hprd;pelm;psite	800
ENSP00000358866	FLNA	2152	RRRAPSVANVG	PAK1;PRKACA;RPS6KA1	hprd;pelm;psite	751
ENSP00000358866	FLNA	2336	DARRLTVSSLQ		hprd;psite	751
ENSP00000264716	FOSL2	308	AHRRSSSSGDQ		hprd;pelm;psite	851
ENSP00000368632	GATA3	309	PKRRLSAARRA	PRKACA	psite	818
ENSP00000368632	GATA3	370	RNRKMSSKSKK		psite	818
ENSP00000263791	EIF2AK4	254	RERQYSVCNSE		psite	821
ENSP00000350757	GMFB	27	RFRKETNNAAI	PRKACA;RPS6KA1	hprd;pelm;psite	675
ENSP00000262493	GNAO1	182	RTRVKTTGIVE		psite	918
ENSP00000254810	H3F3B	46	RYRPGTVALRE	DYRK1B;DYRK2;DYRK3	psite	854
ENSP00000355778	H3F3A	46	RYRPGTVALRE	DYRK1B;DYRK2;DYRK3	psite	854
ENSP00000222574	HBP1	380	RQRRASLSCGG		psite	939
ENSP00000222574	HBP1	509	RKRTNSGSQQH		psite	939
ENSP00000356248	PTPN7	83	QERRGSNVALM	PRKACA	hprd;pelm;psite	971
ENSP00000216117	HMOX1	188	RSRMNSLEMTP	AKT1	hprd;psite	874
ENSP00000312987	HNF4A	143	STRRSSYEDSS		pelm;psite	690
ENSP00000312987	HNF4A	313	IKRLRSQVQVS	PRKAA1;PRKAA2	hprd;pelm;psite	690
ENSP00000341826	HNRNPA1	199	RGRSGSGNFGG	AKT1;CSNK2A1	pelm;psite	439
ENSP00000248553	HSPB1	139	ISRCFTRKYTL		psite	939
ENSP00000258080	HTRA2	96	RTREASENSGT		psite	621
ENSP00000258080	HTRA2	212	RVRLLSGDTYE	AKT1;AKT2	psite	621
ENSP00000303315	JUNB	255	RSRDATPPVSP	GSK3B	hprd;pelm;psite	936
ENSP00000271555	MEF2D	121	KYRRASEELDG		hprd;pelm;psite	607
ENSP00000354927	MAP3K3	197	RSRHLSVSSQN	PRKACA	hprd;pelm;psite	936
ENSP00000354927	MAP3K3	368	RGRLRSADSEN	PRKACA	hprd;pelm;psite	936
ENSP00000262445	MAP2K4	78	IERLRTHSIES		psite	969
ENSP00000262445	MAP2K4	80	RLRTHSIESSG	AKT1	hprd;pelm;psite	969
ENSP00000333896	RPS6KA4	745	ASRRGSPAPAN		hprd;psite	985
ENSP00000354558	MTOR	2446	RSRTRTDSYSA	AKT1;RPS6KB1	hprd;pelm;psite	474
ENSP00000354558	MTOR	2448	RTRTDSYSAGQ	AKT1;RPS6KB1	hprd;pelm;psite	474
ENSP00000262300	PKMYT1	48	RPRGLSRSLPP		hprd;psite	407
ENSP00000322716	GLYR1	113	KNRRNSSEERS		psite	401
ENSP00000322716	GLYR1	122	RSRPNSGDEKR		psite	401
ENSP00000379330	NFATC2	255	AKRRHSCAEAL		psite	980
ENSP00000379330	NFATC2	363	GERRNSAPESI		hprd;psite	980
ENSP00000388910	NFATC4	335	GKRRYSSSGTP		pelm;psite	984
ENSP00000388910	NFATC4	352	LSRRGSLGEEG	RPS6KA3	hprd;psite	984
ENSP00000388910	NFATC4	397	KTRRTSSEQAV		pelm;psite	984
ENSP00000300659	NFATC3	277	GKRRHSSAEVC		psite	820
ENSP00000300659	NFATC3	416	IFRTSSLPPLD		psite	820
ENSP00000300659	NFATC3	1045	IGRDMSQISVS		psite	820
ENSP00000311997	NEFH	526	KEEAKSPAEAK	MAPK1	hprd;psite	800
ENSP00000311997	NEFH	532	PAEAKSPEKEE	MAPK1	hprd;psite	800
ENSP00000311997	NEFH	540	KEEAKSPAEVK		psite	800
ENSP00000311997	NEFH	546	PAEVKSPEKAK		hprd;psite	800
ENSP00000311997	NEFH	552	PEKAKSPAKEE		psite	800
ENSP00000311997	NEFH	560	KEEAKSPPEAK		psite	800
ENSP00000311997	NEFH	566	PPEAKSPEKEE		psite	800
ENSP00000311997	NEFH	594	KEEAKSPAEAK		psite	800
ENSP00000311997	NEFH	600	PAEAKSPEKAK		psite	800
ENSP00000311997	NEFH	606	PEKAKSPVKEE		hprd;psite	800
ENSP00000311997	NEFH	620	PAEAKSPVKEE		hprd;psite	800
ENSP00000311997	NEFH	628	KEEAKSPAEVK		hprd;psite	800
ENSP00000311997	NEFH	640	PEKAKSPTKEE		hprd;psite	800
ENSP00000311997	NEFH	648	KEEAKSPEKAK		hprd;psite	800
ENSP00000311997	NEFH	654	PEKAKSPEKEE		hprd;psite	800
ENSP00000311997	NEFH	662	KEEAKSPEKAK		hprd;psite	800
ENSP00000311997	NEFH	668	PEKAKSPVKAE		hprd;psite	800
ENSP00000311997	NEFH	676	KAEAKSPEKAK		hprd;psite	800
ENSP00000311997	NEFH	704	KEEAKSPEKAK		hprd;psite	800
ENSP00000311997	NEFH	732	KEEAKTPEKAK		hprd;psite	800
ENSP00000311997	NEFH	738	PEKAKSPVKEE		psite	800
ENSP00000311997	NEFH	752	PEKAKSPEKAK		hprd;psite	800
ENSP00000311997	NEFH	787	PEKAKSPVKEE		hprd;pelm;psite	800
ENSP00000311997	NEFH	795	KEEVKSPEKAK		hprd;pelm;psite	800
ENSP00000311997	NEFH	822	KEEVKSPVKEE		hprd;psite	800
ENSP00000226574	NFKB1	338	QLRRKSDLETS	PRKACA	hprd;pelm;psite	914
ENSP00000384273	RELA	276	QLRRPSDRELS	PIM1;PRKACA;RPS6KA4;RPS6KA5	hprd;pelm;psite	965
ENSP00000384273	RELA	505	ITRLVTGAQRP		pelm;psite	965
ENSP00000263980	SLC9A1	648	RQRLRSYNRHT	AKT1	psite	964
ENSP00000263980	SLC9A1	703	RARIGSDPLAY	AKT1;RPS6KA1	hprd;pelm;psite	964
ENSP00000263980	SLC9A1	796	IQRCLSDPGPH	AKT1	psite	964
ENSP00000244741	CDKN1A	145	RKRRQTSMTDF	AKT1;DAPK3;PIM1;PIM2;PRKCA	hprd;pelm;psite	587
ENSP00000263253	EP300	1834	RRRMASMQRTG	AKT1	hprd;pelm;psite	972
ENSP00000289473	NCF1	304	PPRRSSIRNAH	AKT1;PRKCA;PRKCB;PRKCD;PRKCZ	pelm;psite	673
ENSP00000289473	NCF1	328	AYRRNSVRFLQ	AKT1;PRKACA;PRKCA;PRKCB;PRKCD	pelm;psite	673
ENSP00000307235	EIF2AK3	555	RQRKESETQCQ		psite	844
ENSP00000307235	EIF2AK3	802	RSRERTSSSIV		psite	844
ENSP00000307235	EIF2AK3	804	RERTSSSIVFE		psite	844
ENSP00000307235	EIF2AK3	1094	RQRSRSLSSSG		psite	844
ENSP00000307235	EIF2AK3	1096	RSRSLSSSGTK		psite	844
ENSP00000264867	PPARGC1A	285	IERTLSVELSG		psite	975
ENSP00000264867	PPARGC1A	571	RSRSRSFSRHR		psite	975
ENSP00000264867	PPARGC1A	636	RPRYDSYEEYQ		psite	975
ENSP00000257118	PHC2	701	NRRRASKASLP		hprd;pelm;psite	595
ENSP00000263967	PIK3CA	312	YSRRISTATPY		psite	462
ENSP00000366563	PIK3CD	520	LERRGSGELYE		psite	462
ENSP00000343325	PKN1	69	NLRRATTDLGR		psite	690
ENSP00000279230	PLCB3	1105	RKRHNSISEAK	PRKACA;PRKCA;PRKG1;PRKG2	hprd;pelm;psite	899
ENSP00000342793	PLD1	147	PTRRHTFRRQN	PRKCA	hprd;psite	423
ENSP00000287820	PPARG	273	KTTDKSPFVIY	CDK5	psite	561
ENSP00000310226	RAB1B	74	RFRTITSSYYR		psite	423
ENSP00000310226	RAB1B	111	IDRYASENVNK		psite	423
ENSP00000348461	RAC1	71	RLRPLSYPQTV	AKT1	hprd;psite	989
ENSP00000251849	RAF1	43	YQRRASDDGKL	PRKACA;PRKCA	hprd;pelm;psite	803
ENSP00000251849	RAF1	259	RQRSTSTPNVH	AKT1;PRKACA;RAF1	hprd;pelm;psite	803
ENSP00000251849	RAF1	621	INRSASEPSLH	PRKACA;RAF1	hprd;pelm;psite	803
ENSP00000267163	RB1	788	PHIPRSPYKFP	CDK4;CDK6	hprd;psite	871
ENSP00000347942	RET	696	GARRPSLDSME	PRKACA	pelm;psite	636
ENSP00000259808	RIPK1	416	RRRRVSHDPFA		psite	907
ENSP00000401802	PSMC6	258	GGRRFSEGTSA		psite	609
ENSP00000265960	MAPKAP1	84	GIRRRSNTAQR		psite	526
ENSP00000265960	MAPKAP1	86	RRRSNTAQRLE		psite	526
ENSP00000265960	MAPKAP1	510	LNRRTSFSFQK		hprd;pelm;psite	526
ENSP00000332973	SMAD3	388	EYRRQTVTSTP		psite	930
ENSP00000245479	SOX9	181	PRRRKSVKNGQ	PRKACA;ROCK1	pelm;psite	418
ENSP00000350941	SRC	17	SQRRRSLEPAE	PRKACA	hprd;pelm;psite	915
ENSP00000265354	SRF	159	KLRRYTTFSKR	DMPK;PRKACA;PRKCA;PRKG1	pelm;psite	940
ENSP00000351342	PTPN5	245	QERRGSNVSLT		psite	800
ENSP00000364898	SYK	178	ISREESEQIVL		psite	920
ENSP00000364898	SYK	295	ISRIKSYSFPK	CHEK1	psite	920
ENSP00000288422	TAB3	385	INRSPSPISNQ		psite	813
ENSP00000288422	TAB3	645	KARRISVTSKV		hprd;psite	813
ENSP00000358335	MAP3K7	439	QPRRRSIQDLT		hprd;pelm;psite	966
ENSP00000370571	TH	71	IGRRQSLIEDA	CAMK2A;MAPKAPK2;PRKACA;RPS6KA3	hprd;pelm;psite	914
ENSP00000298552	TSC1	487	ISRELSEITTA		psite	603
ENSP00000219476	TSC2	939	RARSTSLNERP	AKT1	hprd;pelm;psite	914
ENSP00000219476	TSC2	981	RCRSISVSEHV	AKT1	hprd;pelm;psite	914
ENSP00000219476	TSC2	1130	RDRVRSMSGGH		hprd;psite	914
ENSP00000219476	TSC2	1132	RVRSMSGGHGL		hprd;pelm;psite	914
ENSP00000219476	TSC2	1364	IERVVSSEGGR		hprd;psite	914
ENSP00000219476	TSC2	1462	RPRGYTISDSA	AKT1	hprd;pelm;psite	914
ENSP00000219476	TSC2	1798	RKRLISSVEDF	RPS6KA1	hprd;pelm;psite	914
ENSP00000342434	BAZ1B	189	EGRRESINDRA		hprd;pelm;psite	621
ENSP00000342434	BAZ1B	1342	SSRRQSLELQK		hprd;pelm;psite	621
ENSP00000264972	ZAP70	301	PARITSPDKPR		psite	815
ENSP00000253699	ZFYVE20	230	GSRRGSISSMS		hprd;psite	621
ENSP00000279230	PLCB3	26	TLRRGSKFIKW	PRKG1;PRKG2	hprd;pelm	899
ENSP00000268058	PML	117	LQRRLSVYRQI		hprd	631
ENSP00000262367	CREBBP	1771	ESRRLSIQRCI		hprd	944
ENSP00000379330	NFATC2	276	RSRSPSPQPSS		hprd	980
ENSP00000283228	PTPRR	339	QERRGSNVSLT	PRKACA	hprd	929
