name	MAPK7
id	ENSP00000311005
type	Serine/threonine kinase
proline+1_removed	No
npartners	58
npartners_with_sites	50
nsites	243
//
motif	score	fg_matches	fg_size	bg_matches	bg_size	fold_increase
.....[ST]P....	307.65	169	584	617	10000	4.69
..R..[ST].....	307.65	73	415	483	9383	3.42
//
prot_id	prot_name	position	flank	kinase	source	string_score
ENSP00000300161	YWHAB	60	GARRSSWRVIS	PRKCD	hprd;pelm;psite	641
ENSP00000300161	YWHAB	186	YEILNSPEKAC	MAPK8	hprd;pelm;psite	641
ENSP00000264335	YWHAE	64	SWRIISSIEQK		hprd;psite	643
ENSP00000160740	CIC	142	EPRLDSETESD		hprd;psite	412
ENSP00000160740	CIC	173	KRRTQSLSALP	RPS6KA1;RPS6KA3	hprd;pelm;psite	412
ENSP00000160740	CIC	277	KDRKKSSSEAK		hprd;psite	412
ENSP00000160740	CIC	299	ETRERSMSETG		hprd;psite	412
ENSP00000160740	CIC	301	RERSMSETGTA		hprd;psite	412
ENSP00000160740	CIC	356	RPRAFSHSGVH		psite	412
ENSP00000160740	CIC	431	SQRAASEDMTS		hprd;psite	412
ENSP00000160740	CIC	496	GRKVFSPVIRS		hprd;pelm;psite	412
ENSP00000160740	CIC	583	AGGPATPSKAT	CDK2	hprd;pelm;psite	412
ENSP00000160740	CIC	605	RKRPESVGGLE		psite	412
ENSP00000160740	CIC	721	RVPGGSPLGVS		hprd;pelm;psite	412
ENSP00000160740	CIC	739	SAAATSPAPHL		psite	412
ENSP00000160740	CIC	946	PLPLVSPPFSV		psite	412
ENSP00000387699	CREB1	98	LKRLFSGTQIS	PRKD1	psite	912
ENSP00000387699	CREB1	133	LSRRPSYRKIL	ATM;CAMK4;CAMKK1;DYRK3;MAP3K8;MAPKAPK2;PRKACA;PRKCE;PRKD1;RPS6KA1;RPS6KA2;RPS6KA3;RPS6KA4;RPS6KA5;SGK1;TSSK4	hprd;pelm;psite	912
ENSP00000387699	CREB1	271	VVMASSPALPT	HIPK2	psite	912
ENSP00000282561	GJA1	255	TSGALSPAKDC	MAPK1	hprd;pelm;psite	993
ENSP00000282561	GJA1	279	PTAPLSPMSPP	MAPK14;MAPK3	hprd;pelm;psite	993
ENSP00000282561	GJA1	282	PLSPMSPPGYK	MAPK1;MAPK14	hprd;pelm;psite	993
ENSP00000282561	GJA1	296	GDRNNSSCRNY		psite	993
ENSP00000282561	GJA1	365	DQRPSSRASSR		hprd;psite	993
ENSP00000282561	GJA1	369	SSRASSRASSR		hprd;psite	993
ENSP00000282561	GJA1	373	SSRASSRPRPD		hprd;psite	993
ENSP00000296483	DUSP7	315	VKRKKSNISPN		hprd;pelm;psite	930
ENSP00000296483	DUSP7	318	KKSNISPNFNF		pelm;psite	930
ENSP00000305416	S1PR1	236	RSRRLTFRKNI	AKT1	hprd;pelm;psite	423
ENSP00000350681	ELK4	180	LAEKKSPQEPT		psite	621
ENSP00000350681	ELK4	185	SPQEPTPSVIK		psite	621
ENSP00000350681	ELK4	215	IGPSISPSSEE		hprd;psite	621
ENSP00000350681	ELK4	230	LETLVSPKLPS		psite	621
ENSP00000350681	ELK4	381	FWSTLSPVAPL		psite	621
ENSP00000350681	ELK4	387	PVAPLSPARLQ		psite	621
ENSP00000350681	ELK4	420	LDGPSTPGPFS		psite	621
ENSP00000350681	ELK4	425	TPGPFSPDLQK		psite	621
ENSP00000215832	MAPK1	246	LGILGSPSQED		psite	903
ENSP00000264498	FGF2	254	RSRKYTSWYVA		pelm;psite	810
ENSP00000306245	FOS	32	LSYYHSPADSF	MAPK7	psite	716
ENSP00000306245	FOS	232	LPEVATPESEE	MAPK1;MAPK3;MAPK7	hprd;pelm;psite	716
ENSP00000306245	FOS	325	LEPLCTPVVTC	MAPK1;MAPK3	hprd;pelm;psite	716
ENSP00000306245	FOS	331	PVVTCTPSCTA	MAPK1;MAPK3	hprd;pelm;psite	716
ENSP00000306245	FOS	362	AHRKGSSSNEP	PRKACA;RPS6KA1;RPS6KA3	hprd;pelm;psite	716
ENSP00000306245	FOS	374	SDSLSSPTLLA	MAPK1	hprd;pelm;psite	716
ENSP00000262995	GAB1	244	QMIYDSPPSRA		psite	425
ENSP00000262995	GAB1	251	PSRAPSASVDS		psite	425
ENSP00000262995	GAB1	266	LPRSYSHDVLP		hprd;pelm;psite	425
ENSP00000262995	GAB1	274	VLPKVSPSSTE		psite	425
ENSP00000262995	GAB1	304	QMRHVSISYDI		psite	425
ENSP00000262995	GAB1	312	YDIPPTPGNTY	MAPK1	hprd;psite	425
ENSP00000262995	GAB1	355	PAHDRSPVETC		hprd;psite	425
ENSP00000262995	GAB1	381	PTAGMSPSRSN	MAPK1	hprd;psite	425
ENSP00000262995	GAB1	387	PSRSNTISTVD		psite	425
ENSP00000262995	GAB1	419	SDRSSSLEGFH		psite	425
ENSP00000262995	GAB1	476	NYVPMTPGTFD	MAPK1	hprd;pelm;psite	425
ENSP00000262995	GAB1	581	QAPVRSPITRS	MAPK1	hprd;psite	425
ENSP00000262995	GAB1	668	DSGKSTPPRKQ		psite	425
ENSP00000262995	GAB1	714	DGRQSTESETP		psite	425
ENSP00000262995	GAB1	547	LERTDSQTIGD		hprd;psite	425
ENSP00000352438	PCBP2	173	ETLSQSPPKGV		hprd;pelm;psite	400
ENSP00000352438	PCBP2	189	PKPSSSPVIFA		hprd;pelm;psite	400
ENSP00000352438	PCBP2	213	SFPHTTPSMCL		psite	400
ENSP00000352438	PCBP2	272	GIESSSPEVKG		hprd;pelm;psite	400
ENSP00000360266	JUN	63	SDLLTSPDVGL	CDK3;MAPK15;MAPK8;MAPK9;PLK3;PRKD1;VRK1	hprd;pelm;psite	874
ENSP00000360266	JUN	73	LLKLASPELER	CDK3;MAPK15;MAPK8;MAPK9;PLK3;VRK1	hprd;pelm;psite	874
ENSP00000360266	JUN	91	GHITTTPTPTQ	MAPK8	pelm;psite	874
ENSP00000360266	JUN	93	ITTTPTPTQFL	MAPK8;PAK2	pelm;psite	874
ENSP00000360266	JUN	239	EMPGETPPLSP	GSK3A;GSK3B	hprd;pelm;psite	874
ENSP00000360266	JUN	243	ETPPLSPIDME	CSNK2A1;GSK3A;GSK3B	hprd;pelm;psite	874
ENSP00000346389	MEF2A	98	HRGCDSPDPDT	MAPK14	hprd;pelm;psite	998
ENSP00000346389	MEF2A	108	TSYVLTPHTEE	MAPK14	hprd;pelm;psite	998
ENSP00000346389	MEF2A	192	LHRNVSPGAPQ	MAPK14	psite	998
ENSP00000346389	MEF2A	223	NGAGSSPVGNG	MAPK14	psite	998
ENSP00000346389	MEF2A	235	VNSRASPNLIG		hprd;pelm;psite	998
ENSP00000346389	MEF2A	255	VMPTKSPPPPG		hprd;pelm;psite	998
ENSP00000346389	MEF2A	304	TQPLATPVVSV	MAPK14;MAPK7	hprd;pelm;psite	998
ENSP00000346389	MEF2A	311	VVSVTTPSLPP	MAPK14;MAPK7	hprd;pelm;psite	998
ENSP00000346389	MEF2A	347	LQGFNSPGMLS	MAPK7	hprd;pelm;psite	998
ENSP00000346389	MEF2A	400	KSEPISPPRDR	CDK5;MAPK14	hprd;pelm;psite	998
ENSP00000346389	MEF2A	471	RGDFHSPIVLG	MAPK14	psite	998
ENSP00000346389	MEF2A	486	TEDRESPSVKR	MAPK14	psite	998
ENSP00000396219	MEF2C	82	ESRTNSDIVET		psite	999
ENSP00000396219	MEF2C	98	LNGCDSPDPDA		psite	999
ENSP00000396219	MEF2C	110	DSVGHSPESED		psite	999
ENSP00000396219	MEF2C	222	GNPRNSPGLLV		hprd;psite	999
ENSP00000396219	MEF2C	228	PGLLVSPGNLN		psite	999
ENSP00000396219	MEF2C	240	NMQAKSPPPMN		hprd;psite	999
ENSP00000396219	MEF2C	396	KSEPVSPPRDR	CDK1	hprd;pelm;psite	999
ENSP00000396219	MEF2C	445	RNEFHSPIGLT		psite	999
ENSP00000271555	MEF2D	98	FNGCDSPEPDG		hprd;pelm;psite	926
ENSP00000271555	MEF2D	110	DSLEQSPLLED		hprd;pelm;psite	926
ENSP00000271555	MEF2D	121	KYRRASEELDG		hprd;pelm;psite	926
ENSP00000271555	MEF2D	180	DPRLLSPQQPA	MAPK7	hprd;pelm;psite	926
ENSP00000271555	MEF2D	192	QRNSVSPGLPQ		hprd;psite	926
ENSP00000271555	MEF2D	201	PQRPASAGAML		psite	926
ENSP00000271555	MEF2D	231	VSARASPGLLP		hprd;pelm;psite	926
ENSP00000271555	MEF2D	251	VIPAKSPPPPT		hprd;pelm;psite	926
ENSP00000271555	MEF2D	444	KSEPVSPSRER	CDK5	psite	926
ENSP00000178640	MAP2K5	133	PSQHSSPAVSD		hprd;psite	971
ENSP00000343463	MAP3K2	163	TSRDRSSPPPG		hprd;pelm;psite	415
ENSP00000343463	MAP3K2	164	SRDRSSPPPGY		hprd;pelm;psite	415
ENSP00000343463	MAP3K2	239	MPRAQSYPDNH		hprd;pelm;psite	415
ENSP00000343463	MAP3K2	297	GTSLRSPVSFS		pelm;psite	415
ENSP00000343463	MAP3K2	302	SPVSFSPTDHS		psite	415
ENSP00000343463	MAP3K2	331	IRRRGSDIDNP		hprd;pelm;psite	415
ENSP00000343463	MAP3K2	344	TVMDISPPSRS		hprd;pelm;psite	415
ENSP00000343463	MAP3K2	349	SPPSRSPRAPT		hprd;psite	415
ENSP00000343463	MAP3K2	524	KSVTGTPYWMS		psite	415
ENSP00000354927	MAP3K3	162	NHNSSSPHSGV		hprd;psite	545
ENSP00000354927	MAP3K3	197	RSRHLSVSSQN	PRKACA	hprd;pelm;psite	545
ENSP00000354927	MAP3K3	207	NPGRSSPPPGY		hprd;psite	545
ENSP00000354927	MAP3K3	268	DRSADSPSFRK		hprd;psite	545
ENSP00000354927	MAP3K3	281	MSRAQSFPDNR		hprd;psite	545
ENSP00000354927	MAP3K3	347	SSRSLSTNGEN		psite	545
ENSP00000354927	MAP3K3	368	RGRLRSADSEN	PRKACA	hprd;pelm;psite	545
ENSP00000354927	MAP3K3	386	NVPTKSPSAPI		hprd;psite	545
ENSP00000354927	MAP3K3	547	SKRLQTICMSG		psite	545
ENSP00000354927	MAP3K3	559	GMRSVTGTPYW		psite	545
ENSP00000354927	MAP3K3	561	RSVTGTPYWMS		psite	545
ENSP00000240100	DUSP4	359	GKTPATPTSQF		psite	899
ENSP00000240100	DUSP4	386	LPYLHSPITTS		psite	899
ENSP00000279488	DUSP6	159	SCSSSSPPLPV	MAPK1;MAPK3	hprd;pelm;psite	410
ENSP00000279488	DUSP6	174	GLRISSDSSSD	MAPK3	psite	410
ENSP00000279488	DUSP6	197	TDSDGSPLSNS	MAPK1;MAPK3	hprd;psite	410
ENSP00000279488	DUSP6	331	KKSNISPNFNF		hprd;pelm;psite	410
ENSP00000279488	DUSP6	351	TLGLSSPCDNR		hprd;psite	410
ENSP00000367207	MYC	73	FELLPTPPLSP	GSK3A;GSK3B;MAPK1;MAPK10	hprd;pelm;psite	647
ENSP00000367207	MYC	77	PTPPLSPSRRS	CDK5;MAPK1;MAPK10;MAPK8;MAPK9;MTOR	hprd;pelm;psite	647
ENSP00000367207	MYC	86	RSGLCSPSYVA	MAPK10;MAPK8;MAPK9	hprd;pelm;psite	647
ENSP00000367207	MYC	176	RKDSGSPNPAR		hprd;psite	647
ENSP00000367207	MYC	296	RSESGSPSAGG		psite	647
ENSP00000367207	MYC	308	SKPPHSPLVLK		psite	647
ENSP00000367207	MYC	358	NNRKCTSPRSS		psite	647
ENSP00000367207	MYC	359	NRKCTSPRSSD		hprd;psite	647
ENSP00000341835	MYOCD	704	KFSIPSPTFSK		psite	461
ENSP00000388910	NFATC4	231	GGAFFSPSPGS	MAPK14	hprd;pelm;psite	803
ENSP00000388910	NFATC4	233	AFFSPSPGSSS	MAPK14	hprd;pelm;psite	803
ENSP00000388910	NFATC4	276	RFGLGSPLPSP	MAPK8;MAPK9	hprd;psite	803
ENSP00000388910	NFATC4	280	GSPLPSPRASP	MAPK8;MAPK9	hprd;psite	803
ENSP00000388910	NFATC4	289	SPRPWTPEDPW		psite	803
ENSP00000388910	NFATC4	327	SPRPASPCGKR		psite	803
ENSP00000388910	NFATC4	335	GKRRYSSSGTP		pelm;psite	803
ENSP00000388910	NFATC4	344	TPSSASPALSR	RPS6KA3	psite	803
ENSP00000388910	NFATC4	352	LSRRGSLGEEG	RPS6KA3	hprd;psite	803
ENSP00000388910	NFATC4	397	KTRRTSSEQAV		pelm;psite	803
ENSP00000388910	NFATC4	398	TRRTSSEQAVA		pelm;psite	803
ENSP00000388910	NFATC4	739	GRRKRSPTQSF	MAPK1;MAPK3;RPS6KA3	pelm;psite	803
ENSP00000243050	NR4A1	95	SSSATSPASAS	MAPK8	psite	800
ENSP00000243050	NR4A1	140	PCSAPSPSTPS		psite	800
ENSP00000243050	NR4A1	143	APSPSTPSFQP	MAPK1	hprd;psite	800
ENSP00000243050	NR4A1	152	QPPQLSPWDGS		psite	800
ENSP00000243050	NR4A1	351	RGRLPSKPKQP	AKT1	hprd;pelm;psite	800
ENSP00000243050	NR4A1	360	QPPDASPANLL		psite	800
ENSP00000243050	NR4A1	431	GFAELSPADQD	MAPK1	psite	800
ENSP00000383168	PCBP3	201	VVMLESPPKGA		hprd;psite	400
ENSP00000305355	PRKCB	364	SERKGTDELYA		psite	800
ENSP00000305355	PRKCB	504	KTFCGTPDYIA		pelm;psite	800
ENSP00000305355	PRKCB	634	FDRFFTRHPPV		psite	800
ENSP00000305355	PRKCB	641	HPPVLTPPDQE		hprd;psite	800
ENSP00000331602	PRKCD	43	TERGKTLVQKK		hprd;psite	800
ENSP00000331602	PRKCD	304	SRRSDSASSEP	PRKCD	hprd;pelm;psite	800
ENSP00000331602	PRKCD	507	ESRASTFCGTP	PDK1;PDPK1	hprd;pelm;psite	800
ENSP00000331602	PRKCD	511	STFCGTPDYIA		hprd;psite	800
ENSP00000268058	PML	8	PAPARSPRPQQ	HIPK2	pelm;psite	621
ENSP00000268058	PML	36	EGRQPSPSPSP	HIPK2	hprd;pelm;psite	621
ENSP00000268058	PML	38	RQPSPSPSPTE	HIPK2	hprd;pelm;psite	621
ENSP00000268058	PML	40	PSPSPSPTERA	MAPK1;MAPK3	hprd;pelm;psite	621
ENSP00000268058	PML	403	VSKKASPEAAS	MAPK7	hprd;pelm;psite	621
ENSP00000268058	PML	409	PEAASTPRDPI	MAPK7	hprd;pelm;psite	621
ENSP00000268058	PML	480	QKRKCSQTQCP		psite	621
ENSP00000268058	PML	505	RLARSSPEQPR		hprd;pelm;psite	621
ENSP00000268058	PML	518	TSKAVSPPHLD		hprd;pelm;psite	621
ENSP00000268058	PML	527	LDGPPSPRSPV	MAPK1;MAPK3	hprd;pelm;psite	621
ENSP00000268058	PML	530	PPSPRSPVIGS	MAPK1;MAPK3	hprd;pelm;psite	621
ENSP00000268058	PML	867	AEGVSTPLAGR		psite	621
ENSP00000283228	PTPRR	361	FVSIPTPREKV	MAPK1	hprd;psite	638
ENSP00000251849	RAF1	29	GSSCISPTIVQ	MAPK1	hprd;pelm;psite	628
ENSP00000251849	RAF1	43	YQRRASDDGKL	PRKACA;PRKCA	hprd;pelm;psite	628
ENSP00000251849	RAF1	234	QHRYSTPHAFT		psite	628
ENSP00000251849	RAF1	244	TFNTSSPSSEG		hprd;psite	628
ENSP00000251849	RAF1	257	SQRQRSTSTPN		hprd;pelm;psite	628
ENSP00000251849	RAF1	259	RQRSTSTPNVH	AKT1;PRKACA;RAF1	hprd;pelm;psite	628
ENSP00000251849	RAF1	260	QRSTSTPNVHM		hprd;pelm;psite	628
ENSP00000251849	RAF1	285	AIRSHSESASP		psite	628
ENSP00000251849	RAF1	289	HSESASPSALS	MAPK1;MAPK3	hprd;pelm;psite	628
ENSP00000251849	RAF1	296	SALSSSPNNLS	MAPK1;MAPK3	hprd;pelm;psite	628
ENSP00000251849	RAF1	301	SPNNLSPTGWS	MAPK1;MAPK3	hprd;pelm;psite	628
ENSP00000251849	RAF1	310	WSQPKTPVPAQ		psite	628
ENSP00000251849	RAF1	339	GQRDSSYYWEI	PAK1	hprd;pelm;psite	628
ENSP00000251849	RAF1	357	STRIGSGSFGT		psite	628
ENSP00000251849	RAF1	621	INRSASEPSLH	PRKACA;RAF1	hprd;pelm;psite	628
ENSP00000251849	RAF1	642	CTLTTSPRLPV	MAPK1	hprd;pelm;psite	628
ENSP00000357494	ROS1	1185	AERVISAVCYT		psite	430
ENSP00000368884	RPS6KA3	17	KMAVESPSDSA		hprd;pelm;psite	905
ENSP00000368884	RPS6KA3	365	EFTAKTPKDSP	RPS6KA3	hprd;pelm;psite	905
ENSP00000368884	RPS6KA3	369	KTPKDSPGIPP		hprd;pelm;psite	905
ENSP00000368884	RPS6KA3	386	LFRGFSFVAIT		hprd;pelm;psite	905
ENSP00000368884	RPS6KA3	577	NGLLMTPCYTA	MAPK3	pelm;psite	905
ENSP00000368884	RPS6KA3	715	LNRNQSPVLEP	RPS6KA3	hprd;pelm;psite	905
ENSP00000262752	RPS6KA6	372	KTPKDSPGLPA		hprd;pelm;psite	800
ENSP00000262752	RPS6KA6	581	NGLLLTPCYTA		psite	800
ENSP00000419692	RXRA	21	NSSLTSPTGRG		hprd;pelm;psite	625
ENSP00000419692	RXRA	82	MSVPTTPTLGF	MAPK7	hprd;pelm;psite	625
ENSP00000419692	RXRA	260	GLNPSSPNDPV	MAPK1;MAPK3;MAPK8;MAPK9	hprd;pelm;psite	625
ENSP00000356832	SGK1	169	MNANPSPPPSP		hprd;psite	621
ENSP00000356832	SGK1	173	PSPPPSPSQQI	MAPK7	hprd;pelm;psite	621
ENSP00000356832	SGK1	464	INKKITPPFNP	PRKACA	pelm;psite	621
ENSP00000356832	SGK1	496	NSIGKSPDSVL		hprd;psite	621
ENSP00000306461	SPRR1B	11	QKQPCTPPPQL		psite	800
ENSP00000350941	SRC	17	SQRRRSLEPAE	PRKACA	hprd;pelm;psite	422
ENSP00000350941	SRC	37	FPASQTPSKPA		psite	422
ENSP00000350941	SRC	51	GHRGPSAAFAP		psite	422
ENSP00000350941	SRC	75	SDTVTSPQRAG	CDK5	hprd;pelm;psite	422
ENSP00000350941	SRC	306	KPGTMSPEAFL		hprd;psite	422
ENSP00000265354	SRF	103	LKRSLSEMEIG	CAMK2A;MAPKAPK2;RPS6KA1;RPS6KA5	hprd;pelm;psite	539
ENSP00000265354	SRF	159	KLRRYTTFSKR	DMPK;PRKACA;PRKCA;PRKG1	pelm;psite	539
ENSP00000265354	SRF	224	LNSPDSPPRSD		hprd;pelm;psite	539
ENSP00000345772	TEAD3	11	WNASSSPGEAR		psite	422
ENSP00000345772	TEAD3	148	KFSPPSPLPQA		hprd;psite	422
ENSP00000332468	TRAF3	9	SKKMDSPGALQ		psite	804
ENSP00000332468	TRAF3	29	DRSAGTPVFVP		psite	804
ENSP00000363747	ZNF33A	268	LFHQISPSRDN		pelm;psite	560
ENSP00000300161	YWHAB	132	YFRYLSEVASG	PRKCZ	hprd;pelm	641
ENSP00000396219	MEF2C	192	THRPPSAGNTG	RPS6KA3	pelm	999
ENSP00000396219	MEF2C	293	AQSLATPVVSV	MAPK14	hprd;pelm	999
ENSP00000396219	MEF2C	300	VVSVATPTLPG	MAPK14	hprd;pelm	999
ENSP00000346389	MEF2A	445	QEMGRSPVDSL	MAPK14	hprd;pelm	998
ENSP00000160740	CIC	904	KAQSVSPVQAP		hprd;pelm	412
ENSP00000268058	PML	513	QPRPSTSKAVS		hprd	621
ENSP00000268058	PML	117	LQRRLSVYRQI		hprd	621
ENSP00000243050	NR4A1	341	VVRTDSLKGRR		hprd	800
ENSP00000226004	DUSP3	133	YSRSPTLVIAY		hprd	901
ENSP00000265354	SRF	160	LRRYTTFSKRK	CAMK2A	hprd	539
ENSP00000283228	PTPRR	339	QERRGSNVSLT	PRKACA	hprd	638
ENSP00000345772	TEAD3	145	LQNKFSPPSPL		hprd	422
ENSP00000262995	GAB1	454	PMNPNSPPRQH	MAPK1	hprd	425
ENSP00000262995	GAB1	597	SRFPMSPRPDS	MAPK1	hprd	425
ENSP00000388910	NFATC4	284	PSPRASPRPWT		hprd	803
ENSP00000341835	MYOCD	455	GSTSSSPPISP	GSK3B	hprd	461
ENSP00000341835	MYOCD	459	SSPPISPASSD	GSK3B	hprd	461
ENSP00000341835	MYOCD	630	SSTFLSPQCSP	GSK3B	hprd	461
ENSP00000341835	MYOCD	634	LSPQCSPQHSP	GSK3B	hprd	461
