name	MAPK9
id	ENSP00000321410
type	Serine/threonine kinase
proline+1_removed	No
npartners	192
npartners_with_sites	160
nsites	715
//
motif	score	fg_matches	fg_size	bg_matches	bg_size	fold_increase
...P.[ST]P..V.	320.14	16	1710	3	10000	31.19
..RR.[ST].....	318.41	30	1282	18	9383	12.2
.....[ST]P....	307.65	412	1694	614	9997	3.96
..R..[ST].....	307.65	156	1252	465	9365	2.51
...R.[ST].....	8.24	94	1096	404	8900	1.89
//
prot_id	prot_name	position	flank	kinase	source	string_score
ENSP00000295897	ALB	107	ATLRETYGEMA		psite	532
ENSP00000295897	ALB	444	VPQVSTPTLVE		psite	532
ENSP00000251535	ALOX12	244	MLLRRSTSLPS		psite	401
ENSP00000251535	ALOX12	246	LRRSTSLPSRL		hprd;psite	401
ENSP00000332454	RIPK4	372	SGKRLSGVSSV		psite	429
ENSP00000332454	RIPK4	396	FEREPSTSDLG		psite	429
ENSP00000284981	APP	679	EFRHDSGYEVH		psite	913
ENSP00000284981	APP	743	VDAAVTPEERH	CDK1;CDK5;GSK3B	hprd;pelm;psite	913
ENSP00000264110	ATF2	62	PARNDSVIVAD	VRK1	pelm;psite	987
ENSP00000264110	ATF2	69	IVADQTPTPTR	MAPK14;MAPK3;MAPK8;MAPK9;PLK3	hprd;pelm;psite	987
ENSP00000264110	ATF2	71	ADQTPTPTRFL	MAPK1;MAPK14;MAPK3;MAPK8;MAPK9;PLK3	hprd;pelm;psite	987
ENSP00000264110	ATF2	90	FNELASPFENE	MAPK14;MAPK8;MAPK9	hprd;psite	987
ENSP00000264110	ATF2	112	MPLDLSPLATP		hprd;pelm;psite	987
ENSP00000264110	ATF2	116	LSPLATPIIRS	CDK2	hprd;pelm;psite	987
ENSP00000264110	ATF2	136	TTHQDSPLPHP		psite	987
ENSP00000264110	ATF2	307	LVRTQSEESRP		psite	987
ENSP00000264110	ATF2	328	TETPASPAHTT		pelm;psite	987
ENSP00000264110	ATF2	333	SPAHTTPQTQS		psite	987
ENSP00000329212	ATF7	44	PARTDSVIIAD		psite	733
ENSP00000329212	ATF7	51	IIADQTPTPTR		hprd;pelm;psite	733
ENSP00000329212	ATF7	53	ADQTPTPTRFL		hprd;pelm;psite	733
ENSP00000329212	ATF7	112	MSLPSTPDIKI		hprd;pelm;psite	733
ENSP00000329212	ATF7	128	VEVDSSPPDSP		pelm;psite	733
ENSP00000329212	ATF7	132	SSPPDSPASSP		pelm;psite	733
ENSP00000329212	ATF7	136	DSPASSPCSPP		pelm;psite	733
ENSP00000329212	ATF7	139	ASSPCSPPLKE		pelm;psite	733
ENSP00000329212	ATF7	337	GRRRRTVDEDP		hprd;psite	733
ENSP00000329212	ATF7	424	QGYLESPKESS		hprd;pelm;psite	733
ENSP00000329212	ATF7	434	SEPTGSPAPVI		hprd;pelm;psite	733
ENSP00000309103	BAD	25	RGLGPSPAGDG		hprd;psite	913
ENSP00000309103	BAD	74	IRSRHSSYPAG	PAK1	hprd;psite	913
ENSP00000309103	BAD	75	RSRHSSYPAGT	ARAF;BRAF;PAK1;PIM3;PRKACA;PRKCE;PRKCI;PRKCQ;PRKD1;RAF1;RPS6KA1;RPS6KA3	hprd;pelm;psite	913
ENSP00000309103	BAD	91	MGEEPSPFRGR	CDK1	psite	913
ENSP00000309103	BAD	97	PFRGRSRSAPP		psite	913
ENSP00000309103	BAD	99	RGRSRSAPPNL	AKT1;ARAF;BRAF;PAK1;PRKACA;PRKCE;PRKCI;PRKCQ;PRKD1;RAF1;RPS6KA3	hprd;pelm;psite	913
ENSP00000309103	BAD	118	ELRRMSDEFVD	ARAF;BRAF;PAK1;PRKACA;PRKCE;PRKCI;PRKD1;RAF1;RPS6KA1	hprd;pelm;psite	913
ENSP00000309103	BAD	134	LPRPKSAGTAT		hprd;psite	913
ENSP00000293288	BAX	87	AVDTDSPREVF		hprd;psite	430
ENSP00000329623	BCL2	56	SQPGHTPHPAA	CDK1;MAPK1;MAPK14;MAPK3	hprd;pelm;psite	425
ENSP00000329623	BCL2	70	PVARTSPLQTP	MAPK8;PRKCA	hprd;pelm;psite	425
ENSP00000329623	BCL2	74	TSPLQTPAAPG	MAPK1;MAPK3	hprd;pelm;psite	425
ENSP00000329623	BCL2	87	AGPALSPVPPV	MAPK1;MAPK14;MAPK3;MAPK8	hprd;pelm;psite	425
ENSP00000302564	BCL2L1	47	ESEMETPSAIN	MAPK8;MAPK9	pelm;psite	867
ENSP00000302564	BCL2L1	62	WHLADSPAVNG	GSK3A;GSK3B;MAPK14;MAPK8;MAPK9;MAPKAPK2;PLK1	pelm;psite	867
ENSP00000302564	BCL2L1	115	SQLHITPGTAY	MAPK8;MAPK9	pelm;psite	867
ENSP00000311032	CASP3	150	GDRCRSLTGKP	MAPK14	pelm;psite	663
ENSP00000351273	CASP8	270	MTISDSPREQD		psite	563
ENSP00000351273	CASP8	322	RDRNGTHLDAG		psite	563
ENSP00000351273	CASP8	446	EMDLSSPQTRY	CDK1	psite	563
ENSP00000227507	CCND1	90	LDRFLSLEPVK	PRKACA	hprd;pelm;psite	517
ENSP00000227507	CCND1	234	LTRFLSRVIKC	PRKACA	hprd;pelm;psite	517
ENSP00000227507	CCND1	286	VDLACTPTDVR	CHUK;GSK3B	hprd;pelm;psite	517
ENSP00000011653	CD4	433	QAERMSQIKRL	PRKCA	pelm;psite	412
ENSP00000011653	CD4	440	IKRLLSEKKTC	PRKCA	psite	412
ENSP00000340671	DDIT3	79	TSTSQSPHSPD	MAPK14	hprd;pelm;psite	434
ENSP00000340671	DDIT3	82	SQSPHSPDSSQ	MAPK14	hprd;pelm;psite	434
ENSP00000387699	CREB1	98	LKRLFSGTQIS	PRKD1	psite	514
ENSP00000387699	CREB1	133	LSRRPSYRKIL	ATM;CAMK4;CAMKK1;DYRK3;MAP3K8;MAPKAPK2;PRKACA;PRKCE;PRKD1;RPS6KA1;RPS6KA2;RPS6KA3;RPS6KA4;RPS6KA5;SGK1;TSSK4	hprd;pelm;psite	514
ENSP00000387699	CREB1	271	VVMASSPALPT	HIPK2	psite	514
ENSP00000350359	CREB5	59	MLSDQTPTPTR		hprd;psite	744
ENSP00000350359	CREB5	61	SDQTPTPTRFL		hprd;psite	744
ENSP00000350359	CREB5	137	QQAMPSPQSSS		hprd;psite	744
ENSP00000300574	CRK	40	FLVRDSSTSPG		hprd;psite	531
ENSP00000300574	CRK	41	LVRDSSTSPGD		hprd;psite	531
ENSP00000300574	CRK	43	RDSSTSPGDYV		psite	531
ENSP00000300574	CRK	74	PPVPPSPAQPP		hprd;pelm;psite	531
ENSP00000300574	CRK	83	PPPGVSPSRLR		hprd;pelm;psite	531
ENSP00000300574	CRK	125	RSRQGSGVILR		hprd;psite	531
ENSP00000300574	CRK	194	KYRPASASVSA		hprd;psite	531
ENSP00000300574	CRK	228	QPSVNTPLPNL		psite	531
ENSP00000344456	CTNNB1	191	HAIMRSPQMVS	CDK5	hprd;psite	945
ENSP00000344456	CTNNB1	246	VKMLGSPVDSV	CDK5	psite	945
ENSP00000344456	CTNNB1	332	IMRTYTYEKLL	CAMK2A	psite	945
ENSP00000344456	CTNNB1	472	ALRHLTSRHQE	CAMK2A	psite	945
ENSP00000344456	CTNNB1	551	DTQRRTSMGGT		hprd;pelm;psite	945
ENSP00000344456	CTNNB1	552	TQRRTSMGGTQ	AKT1;AKT2;CAMK2A;PRKACA	hprd;pelm;psite	945
ENSP00000344456	CTNNB1	675	YKKRLSVELTS	PAK4;PRKACA	hprd;pelm;psite	945
ENSP00000389140	DCC	1074	LIDRSTLNEPP		psite	462
ENSP00000313420	PRKDC	511	EDHRASGEVRT	AURKB	psite	712
ENSP00000313420	PRKDC	687	YFEGVSPKSLK		psite	712
ENSP00000313420	PRKDC	893	REKRLSFAVPF		hprd;pelm;psite	712
ENSP00000313420	PRKDC	1052	QQQEKSPVNTK		hprd;psite	712
ENSP00000313420	PRKDC	1065	FKRLYSLALHP		psite	712
ENSP00000313420	PRKDC	2598	DWRFRSTVLTP		hprd;psite	712
ENSP00000313420	PRKDC	2599	WRFRSTVLTPM		psite	712
ENSP00000313420	PRKDC	2602	RSTVLTPMFVE		hprd;pelm;psite	712
ENSP00000313420	PRKDC	2637	GQIRATQQQHD	ATM;PRKDC	hprd;pelm;psite	712
ENSP00000313420	PRKDC	2671	LVDHTSPSSDS		hprd;pelm;psite	712
ENSP00000313420	PRKDC	3197	IEEKLTPLPED		psite	712
ENSP00000313420	PRKDC	3289	HCRSRSQGCSE		psite	712
ENSP00000360216	DNTT	132	VRRDYSDSTNP		psite	427
ENSP00000360216	DNTT	142	PGPPKTPPIAV		psite	427
ENSP00000266481	DNM1L	78	EDKRKTTGEEN		psite	423
ENSP00000266481	DNM1L	79	DKRKTTGEENG		psite	423
ENSP00000346160	DUSP19	24	QCTRVTTLTGK		psite	758
ENSP00000263026	EEF2K	18	VDGGQSPRAGH		hprd;pelm;psite	660
ENSP00000263026	EEF2K	70	KSERYSSSGSP		hprd;psite	660
ENSP00000263026	EEF2K	74	YSSSGSPANSF	MTOR	hprd;pelm;psite	660
ENSP00000263026	EEF2K	353	TILRGTEEKCG	EEF2K	psite	660
ENSP00000263026	EEF2K	359	EEKCGSPQVRT	CDK1;MAPK13	psite	660
ENSP00000263026	EEF2K	366	QVRTLSGSRPP	RPS6KA1;RPS6KB1;RPS6KB2	psite	660
ENSP00000263026	EEF2K	377	LLRPLSENSGD	MAPKAPK2;MAPKAPK3	hprd;pelm;psite	660
ENSP00000263026	EEF2K	396	DSLPSSPSSAT	EEF2K;MAPK11;MAPK13;MAPK14	hprd;pelm;psite	660
ENSP00000263026	EEF2K	401	SPSSATPHSQK		psite	660
ENSP00000263026	EEF2K	435	DNHRESENSGD		psite	660
ENSP00000263026	EEF2K	500	HLPRASAVALE	EEF2K;PRKACA	hprd;psite	660
ENSP00000247161	ELK1	304	GHAASSPEISQ		hprd;pelm;psite	720
ENSP00000247161	ELK1	324	LELPLSPSLLG		hprd;pelm;psite	720
ENSP00000247161	ELK1	353	PGPALTPSLLP		psite	720
ENSP00000247161	ELK1	363	PTHTLTPVLLT		psite	720
ENSP00000247161	ELK1	368	TPVLLTPSSLP		psite	720
ENSP00000247161	ELK1	383	FWSTLSPIAPR	MAPK1;MAPK14;MAPK3;RPS6KA5	hprd;pelm;psite	720
ENSP00000247161	ELK1	389	PIAPRSPAKLS	MAPK14;MAPK3	hprd;pelm;psite	720
ENSP00000247161	ELK1	417	VDGLSTPVVLS	PRPF4;PRPF4B	pelm;psite	720
ENSP00000247161	ELK1	422	TPVVLSPGPQK		psite	720
ENSP00000228741	ELK3	115	SDCKASPEGRE		hprd;psite	621
ENSP00000228741	ELK3	245	SSRSPSLSPNS		hprd;pelm;psite	621
ENSP00000228741	ELK3	396	LDRAASPVLLS		hprd;psite	621
ENSP00000297494	NOS3	114	LQGRPSPGPPA	CDK5	psite	866
ENSP00000297494	NOS3	495	ITRKKTFKEVA	PRKACA;PRKCA;PRKG2	pelm;psite	866
ENSP00000297494	NOS3	615	KIRFNSISCSD	AKT1;PRKACA	pelm;psite	866
ENSP00000297494	NOS3	633	RKRKESSNTDS	PRKAA1;PRKACA;PRKG2	hprd;pelm;psite	866
ENSP00000297494	NOS3	1175	TSRIRTQSFSL		hprd;psite	866
ENSP00000297494	NOS3	1177	RIRTQSFSLQE	AKT1;PRKAA1;PRKACA;PRKG2	hprd;pelm;psite	866
ENSP00000281172	EPS8	25	NGYGSSPTFSQ		psite	801
ENSP00000281172	EPS8	55	NYARDSVSSVS		psite	801
ENSP00000281172	EPS8	203	ALRMISNADPS		psite	801
ENSP00000281172	EPS8	476	EIKRLSTEHSS		hprd;pelm;psite	801
ENSP00000281172	EPS8	477	IKRLSTEHSSV		psite	801
ENSP00000281172	EPS8	502	IYTRGSHLDQG		psite	801
ENSP00000281172	EPS8	548	VARNNSELSVL		psite	801
ENSP00000281172	EPS8	574	KVRNASGDSGF		psite	801
ENSP00000281172	EPS8	629	PSPPPTPAPVP		psite	801
ENSP00000281172	EPS8	659	ITRQNSSSSDS		hprd;pelm;psite	801
ENSP00000281172	EPS8	672	SIVRDSQRHKQ		psite	801
ENSP00000281172	EPS8	685	VDRRKSQMEEV		psite	801
ENSP00000281172	EPS8	775	GARVYSQITVQ		psite	801
ENSP00000301838	FADD	41	LERVQSGLDLF		hprd;psite	466
ENSP00000301838	FADD	194	RSGAMSPMSWN	CSNK1A1;HIPK3;MAP2K7;MAP3K1;PLK1	hprd;pelm;psite	466
ENSP00000358866	FLNA	757	VSIPNSPFRVN		hprd;psite	902
ENSP00000358866	FLNA	860	QATPTSPIRVK		psite	902
ENSP00000358866	FLNA	966	FSVAVSPSLDL		hprd;psite	902
ENSP00000358866	FLNA	1055	VPVPGSPFPLE		psite	902
ENSP00000358866	FLNA	1084	GGSAGSPARFT		hprd;pelm;psite	902
ENSP00000358866	FLNA	1286	DARALTQTGGP		psite	902
ENSP00000358866	FLNA	1338	VTYDGSPVPSS		hprd;pelm;psite	902
ENSP00000358866	FLNA	1343	SPVPSSPFQVP		hprd;pelm;psite	902
ENSP00000358866	FLNA	1436	HQVPGSPFKVP	CDK1	hprd;psite	902
ENSP00000358866	FLNA	1459	SGPGLSPGMVR		hprd;pelm;psite	902
ENSP00000358866	FLNA	1533	EEVPRSPFKVK	CDK1	hprd;pelm;psite	902
ENSP00000358866	FLNA	1630	DEIPFSPYRVR	CDK1	hprd;pelm;psite	902
ENSP00000358866	FLNA	1734	EHVPNSPFQVT		hprd;psite	902
ENSP00000358866	FLNA	1946	QHVPGSPFTAR		hprd;psite	902
ENSP00000358866	FLNA	2053	SRVRVSGQGLH		hprd;pelm;psite	902
ENSP00000358866	FLNA	2128	QHVPGSPFSVK		hprd;pelm;psite	902
ENSP00000358866	FLNA	2152	RRRAPSVANVG	PAK1;PRKACA;RPS6KA1	hprd;pelm;psite	902
ENSP00000358866	FLNA	2180	TAQVTSPSGKT		psite	902
ENSP00000358866	FLNA	2224	QHVPGSPFQFT		psite	902
ENSP00000358866	FLNA	2319	EHIPDSPFVVP		psite	902
ENSP00000358866	FLNA	2327	VVPVASPSGDA		hprd;pelm;psite	902
ENSP00000358866	FLNA	2336	DARRLTVSSLQ		hprd;psite	902
ENSP00000358866	FLNA	2370	DAKVHSPSGAL	PAK1	psite	902
ENSP00000358866	FLNA	2414	THIPGSPFKIR		hprd;pelm;psite	902
ENSP00000358866	FLNA	2510	YHIGGSPFKAK		hprd;pelm;psite	902
ENSP00000358866	FLNA	2523	GPRLVSNHSLH	CAMK2A;CAMK2G	hprd;pelm;psite	902
ENSP00000358866	FLNA	2599	VHGPRTPCEEI		psite	902
ENSP00000346839	FN1	1946	PANGQTPIQRT		psite	411
ENSP00000306245	FOS	32	LSYYHSPADSF	MAPK7	psite	973
ENSP00000306245	FOS	232	LPEVATPESEE	MAPK1;MAPK3;MAPK7	hprd;pelm;psite	973
ENSP00000306245	FOS	325	LEPLCTPVVTC	MAPK1;MAPK3	hprd;pelm;psite	973
ENSP00000306245	FOS	331	PVVTCTPSCTA	MAPK1;MAPK3	hprd;pelm;psite	973
ENSP00000306245	FOS	362	AHRKGSSSNEP	PRKACA;RPS6KA1;RPS6KA3	hprd;pelm;psite	973
ENSP00000306245	FOS	374	SDSLSSPTLLA	MAPK1	hprd;pelm;psite	973
ENSP00000363377	FOXO4	30	QSRPRSCTWPL		psite	916
ENSP00000363377	FOXO4	32	RPRSCTWPLPR	AKT1;AKT2	hprd;pelm;psite	916
ENSP00000363377	FOXO4	197	RRRAASMDSSS	AKT1	hprd;pelm;psite	916
ENSP00000363377	FOXO4	227	PPEGATPTSPV	MAPK8	psite	916
ENSP00000363377	FOXO4	230	GATPTSPVGHF	MAPK8	psite	916
ENSP00000363377	FOXO4	261	FRPRSSSNASS		psite	916
ENSP00000363377	FOXO4	262	RPRSSSNASSV	AKT1	hprd;pelm;psite	916
ENSP00000363377	FOXO4	451	PKALGTPVLTP	AKT1;MAPK8;MAPK9	hprd;pelm;psite	916
ENSP00000363377	FOXO4	455	GTPVLTPPTEA	AKT1;MAPK8;MAPK9	hprd;pelm;psite	916
ENSP00000310170	FOSL1	74	TYPQYSPPQPR		pelm;psite	429
ENSP00000310170	FOSL1	101	PCEQISPEEEE		psite	429
ENSP00000310170	FOSL1	217	PEALHTPTLMT		psite	429
ENSP00000310170	FOSL1	223	PTLMTTPSLTP		psite	429
ENSP00000310170	FOSL1	230	SLTPFTPSLVF		psite	429
ENSP00000310170	FOSL1	240	FTYPSTPEPCA		psite	429
ENSP00000310170	FOSL1	252	AHRKSSSSSGD		psite	429
ENSP00000310170	FOSL1	265	SDPLGSPTLLA		hprd;psite	429
ENSP00000229239	GAPDH	83	QERDPSKIKWG		hprd;pelm;psite	532
ENSP00000229239	GAPDH	237	AFRVPTANVSV	AKT2	psite	532
ENSP00000381793	GRB10	104	IQPQVSPRQRV		hprd;pelm;psite	469
ENSP00000381793	GRB10	150	LCGPGSPPVLT	MAPK1;MAPK3	hprd;pelm;psite	469
ENSP00000381793	GRB10	155	SPPVLTPGSLP	MTOR	psite	469
ENSP00000381793	GRB10	418	RKALLSPFSTP	MAPK1	hprd;pelm;psite	469
ENSP00000381793	GRB10	422	LSPFSTPVRSV		hprd;pelm;psite	469
ENSP00000381793	GRB10	428	PVRSVSENSLV	MTOR	psite	469
ENSP00000381793	GRB10	476	ILGSQSPLHPS	MAPK1;MAPK3;MTOR	hprd;pelm;psite	469
ENSP00000339007	GRB2	88	FLIRESESAPG		psite	924
ENSP00000339007	GRB2	211	PRNYVTPVNRN		hprd;pelm;psite	924
ENSP00000335620	GSTA1	202	FLQPGSPRKPP		hprd;psite	540
ENSP00000420168	GSTA2	202	FLQPGSPRKPP		psite	540
ENSP00000211122	GSTA3	202	FLQPGSPRKPP		psite	540
ENSP00000254810	H3F3B	11	QTARKSTGGKA	AURKB;FYN;PRKACA	hprd;pelm;psite	708
ENSP00000254810	H3F3B	29	KAARKSAPSTG	AURKB;MAPK9;PRKACA	hprd;pelm;psite	708
ENSP00000254810	H3F3B	46	RYRPGTVALRE	DYRK1B;DYRK2;DYRK3	psite	708
ENSP00000362649	HDAC1	434	GGRKNSSNFKK		psite	673
ENSP00000362649	HDAC1	445	AKRVKTEDEKE		psite	673
ENSP00000408617	HDAC9	22	GLEPISPLDLR		psite	683
ENSP00000408617	HDAC9	242	VAERRSSPLLR		psite	683
ENSP00000408617	HDAC9	243	AERRSSPLLRR		psite	683
ENSP00000408617	HDAC9	425	PLHPQSPLATK		psite	683
ENSP00000408617	HDAC9	454	LNRTQSAPLPQ	CAMK1	psite	683
ENSP00000302961	HSPA4	76	HGRAFSDPFVE		hprd;pelm;psite	429
ENSP00000302961	HSPA4	113	EERNFTTEQVT		hprd;psite	429
ENSP00000302961	HSPA4	384	QCAILSPAFKV		hprd;psite	429
ENSP00000302961	HSPA4	393	KVREFSITDVV		psite	429
ENSP00000302961	HSPA4	408	SLRWNSPAEEG		psite	429
ENSP00000302961	HSPA4	538	EQQQQTPAENK		hprd;pelm;psite	429
ENSP00000302961	HSPA4	647	EDDRNSFTLKL		psite	429
ENSP00000302961	HSPA4	780	LTSTCSPIISK		hprd;psite	429
ENSP00000216797	NFKBIA	32	DDRHDSGLDSM	CHUK;CSNK2A1;IKBKB;IKBKE;RPS6KA1;RPS6KA3;SGK1	hprd;pelm;psite	424
ENSP00000216223	IL2RB	282	VLKCNTPDPSK		psite	913
ENSP00000216223	IL2RB	431	DLLLFSPSLLG		psite	913
ENSP00000304895	IRS1	268	EFRPRSKSQSS	IKBKB	hprd;pelm;psite	953
ENSP00000304895	IRS1	270	RPRSKSQSSSN	ATR;IKBKB;RPS6KB1	hprd;pelm;psite	953
ENSP00000304895	IRS1	303	GLTRRSRTESI		psite	953
ENSP00000304895	IRS1	305	TRRSRTESITA		psite	953
ENSP00000304895	IRS1	307	RSRTESITATS	IKBKB;PRKCD;RPS6KB1	hprd;pelm;psite	953
ENSP00000304895	IRS1	312	SITATSPASMV	IKBKB;MAPK8	hprd;pelm;psite	953
ENSP00000304895	IRS1	329	FRVRASSDGEG		psite	953
ENSP00000304895	IRS1	330	RVRASSDGEGT	CSNK2B	hprd;psite	953
ENSP00000304895	IRS1	341	MSRPASVDGSP	IKBKB	hprd;pelm;psite	953
ENSP00000304895	IRS1	348	DGSPVSPSTNR		pelm;psite	953
ENSP00000304895	IRS1	362	HRHRGSARLHP		psite	953
ENSP00000304895	IRS1	441	CDFRSSFRSVT	PRKCB;PRKCD;PRKCZ	psite	953
ENSP00000304895	IRS1	446	SFRSVTPDSLG		psite	953
ENSP00000304895	IRS1	453	DSLGHTPPARG		psite	953
ENSP00000304895	IRS1	495	NGHRCTPGTGL		psite	953
ENSP00000304895	IRS1	527	RKRTHSAGTSP	IKBKB;RPS6KB1	hprd;pelm;psite	953
ENSP00000304895	IRS1	531	HSAGTSPTITH	IKBKB	hprd;pelm;psite	953
ENSP00000304895	IRS1	574	PGHRHSAFVPT	PRKCD	hprd;pelm;psite	953
ENSP00000304895	IRS1	603	HHRPDSSTLHT		psite	953
ENSP00000304895	IRS1	616	GYMPMSPGVAP	MAPK3	hprd;pelm;psite	953
ENSP00000304895	IRS1	629	SGRKGSGDYMP	AKT1	hprd;pelm;psite	953
ENSP00000304895	IRS1	636	DYMPMSPKSVS	MAPK1;RPS6KB1	hprd;pelm;psite	953
ENSP00000304895	IRS1	666	GYMMMSPSGGC		hprd;psite	953
ENSP00000304895	IRS1	672	PSGGCSPDIGG		psite	953
ENSP00000304895	IRS1	892	PPEPKSPGEYV		pelm;psite	953
ENSP00000304895	IRS1	1005	SYVDTSPAAPV		psite	953
ENSP00000304895	IRS1	1043	SAASASPTGPQ		psite	953
ENSP00000304895	IRS1	1078	TRVNLSPNRNQ		pelm;psite	953
ENSP00000304895	IRS1	1100	CRRRHSSETFS		hprd;psite	953
ENSP00000304895	IRS1	1101	RRRHSSETFSS	PRKCQ;RPS6KA1;RPS6KB1	hprd;pelm;psite	953
ENSP00000304895	IRS1	1107	ETFSSTPSATR		psite	953
ENSP00000304895	IRS1	1142	DVKRHSSASFE		psite	953
ENSP00000304895	IRS1	1143	VKRHSSASFEN		hprd;psite	953
ENSP00000304895	IRS1	1222	SSTRRSSEDLS		pelm;psite	953
ENSP00000304895	IRS1	1223	STRRSSEDLSA		hprd;pelm;psite	953
ENSP00000343204	JAK1	688	SDVLTTPWKFK		hprd;psite	941
ENSP00000343204	JAK1	1043	KDDRDSPVFWY		psite	941
ENSP00000391676	JAK3	8	PPSEETPLIPQ		psite	910
ENSP00000391676	JAK3	17	PQRSCSLLSTE		psite	910
ENSP00000391676	JAK3	663	EGADGSPPFIK		psite	910
ENSP00000241014	MAPK8IP1	15	GGGAASPPAAS	MAPK8	hprd;pelm;psite	913
ENSP00000241014	MAPK8IP1	29	GLHIASPPNFR	MAPK8	hprd;pelm;psite	913
ENSP00000241014	MAPK8IP1	103	DATGDTPGAED	MAPK8;MAPK9	hprd;pelm;psite	913
ENSP00000241014	MAPK8IP1	193	WQDRVSRSSSP		hprd;pelm;psite	913
ENSP00000241014	MAPK8IP1	196	RVSRSSSPLKT		hprd;pelm;psite	913
ENSP00000241014	MAPK8IP1	197	VSRSSSPLKTG	MAPK8	hprd;pelm;psite	913
ENSP00000241014	MAPK8IP1	205	KTGEQTPPHEH	MAPK8	hprd;pelm;psite	913
ENSP00000241014	MAPK8IP1	235	GTSTDSPCRRS		hprd;pelm;psite	913
ENSP00000241014	MAPK8IP1	240	SPCRRSTATQM		psite	913
ENSP00000241014	MAPK8IP1	241	PCRRSTATQMA		psite	913
ENSP00000241014	MAPK8IP1	284	EEIYLTPVQRP	MAPK8	hprd;pelm;psite	913
ENSP00000241014	MAPK8IP1	341	FDCLSSPERAE	MAPK8	hprd;pelm;psite	913
ENSP00000241014	MAPK8IP1	355	GGWRGSLGEPP		hprd;pelm;psite	913
ENSP00000241014	MAPK8IP1	366	PPPRASLSSDT		pelm;psite	913
ENSP00000241014	MAPK8IP1	421	CASVSSPYESA	MAPK8	hprd;pelm;psite	913
ENSP00000241014	MAPK8IP1	448	LSEDSTPDEPD		hprd;pelm;psite	913
ENSP00000241014	MAPK8IP1	471	SGRSRSSSAES		pelm;psite	913
ENSP00000241014	MAPK8IP1	472	GRSRSSSAESF		pelm;psite	913
ENSP00000241014	MAPK8IP1	473	RSRSSSAESFG		pelm;psite	913
ENSP00000250894	MAPK8IP3	314	REKRDSRNMEV	ROCK1	psite	957
ENSP00000250894	MAPK8IP3	364	LDRTGSSPTQG	ROCK1	psite	957
ENSP00000250894	MAPK8IP3	365	DRTGSSPTQGI	ROCK1	psite	957
ENSP00000250894	MAPK8IP3	585	FSSSSSPPPAK		hprd;pelm;psite	957
ENSP00000250894	MAPK8IP3	602	NIHYKSPTTAG		psite	957
ENSP00000250894	MAPK8IP3	676	KYKQLSPNGGQ		hprd;psite	957
ENSP00000262013	SPAG9	203	KERPISLGIFP		hprd;pelm;psite	511
ENSP00000262013	SPAG9	217	GDGLLTPDAQK		hprd;pelm;psite	511
ENSP00000262013	SPAG9	226	QKGGETPGSEQ		hprd;pelm;psite	511
ENSP00000262013	SPAG9	251	LKVSNSPEPQK		psite	511
ENSP00000262013	SPAG9	292	TIPTDTPLKEE		hprd;pelm;psite	511
ENSP00000262013	SPAG9	329	ETRNVSTGSAE		hprd;pelm;psite	511
ENSP00000262013	SPAG9	348	AIIESTPELDM		hprd;psite	511
ENSP00000262013	SPAG9	365	YKGSSTPTKGI		hprd;psite	511
ENSP00000262013	SPAG9	586	PTSHVTPSVKK	CDK2	hprd;pelm;psite	511
ENSP00000262013	SPAG9	594	VKKRSSTLSQL		hprd;pelm;psite	511
ENSP00000262013	SPAG9	595	KKRSSTLSQLP		hprd;pelm;psite	511
ENSP00000262013	SPAG9	730	KQRSASQSSLD		hprd;pelm;psite	511
ENSP00000262013	SPAG9	1188	GNRPGSVIRVY		psite	511
ENSP00000262013	SPAG9	1238	PGQVISPQSSS		psite	511
ENSP00000262013	SPAG9	1264	EPGSQTPLKSM		hprd;pelm;psite	511
ENSP00000360266	JUN	63	SDLLTSPDVGL	CDK3;MAPK15;MAPK8;MAPK9;PLK3;PRKD1;VRK1	hprd;pelm;psite	999
ENSP00000360266	JUN	73	LLKLASPELER	CDK3;MAPK15;MAPK8;MAPK9;PLK3;VRK1	hprd;pelm;psite	999
ENSP00000360266	JUN	91	GHITTTPTPTQ	MAPK8	pelm;psite	999
ENSP00000360266	JUN	93	ITTTPTPTQFL	MAPK8;PAK2	pelm;psite	999
ENSP00000360266	JUN	239	EMPGETPPLSP	GSK3A;GSK3B	hprd;pelm;psite	999
ENSP00000360266	JUN	243	ETPPLSPIDME	CSNK2A1;GSK3A;GSK3B	hprd;pelm;psite	999
ENSP00000303315	JUNB	102	GVITTTPTPPG	MAPK14;MAPK8	hprd;pelm;psite	964
ENSP00000303315	JUNB	104	ITTTPTPPGQY	MAPK14;MAPK8	hprd;pelm;psite	964
ENSP00000303315	JUNB	255	RSRDATPPVSP	GSK3B	hprd;pelm;psite	964
ENSP00000303315	JUNB	259	ATPPVSPINME		hprd;pelm;psite	964
ENSP00000252818	JUND	71	AAPPPTPLRAD		psite	984
ENSP00000252818	JUND	90	DGLLASPDLGL		psite	984
ENSP00000252818	JUND	100	LLKLASPELER	MAPK8	hprd;pelm;psite	984
ENSP00000252818	JUND	117	GLVTTTPTSSQ		hprd;psite	984
ENSP00000252818	JUND	255	PSFGESPPLSP		hprd;pelm;psite	984
ENSP00000252818	JUND	259	ESPPLSPIDMD		hprd;pelm;psite	984
ENSP00000337825	LCK	42	LIRNGSEVRDP	MAPK1;MAPK3;PRKACA;PRKCA	hprd;pelm;psite	916
ENSP00000337825	LCK	59	SNPPASPLQDN	MAPK1;MAPK3	hprd;pelm;psite	916
ENSP00000337825	LCK	194	GGFYISPRITF		pelm;psite	916
ENSP00000337825	LCK	210	LVRHYTNASDG		psite	916
ENSP00000330572	MAPK8IP2	246	GGRRSSQELSS		psite	706
ENSP00000348273	MBP	26	TNRGESEKKRN		psite	609
ENSP00000348273	MBP	39	ELSRTTSEDNE		psite	609
ENSP00000348273	MBP	40	LSRTTSEDNEV		psite	609
ENSP00000348273	MBP	96	LIRLFSRDAPG		hprd;pelm;psite	609
ENSP00000348273	MBP	141	SQKRPSQRHGS	PRKCA	hprd;psite	609
ENSP00000348273	MBP	146	SQRHGSKYLAT	PRKCA	hprd;psite	609
ENSP00000348273	MBP	169	PRHRDTGILDS	PRKACA	hprd;psite	609
ENSP00000348273	MBP	232	IVTPRTPPPSQ	MAPK1;MAPK3	hprd;pelm;psite	609
ENSP00000348273	MBP	249	SLSRFSWGAEG	PRKCA	hprd;psite	609
ENSP00000348273	MBP	266	YGGRASDYKSA	PRKCA	hprd;psite	609
ENSP00000262948	MAP2K2	23	IAEGPSPTSEG		hprd;pelm;psite	676
ENSP00000262948	MAP2K2	295	EPHSISPRPRP		hprd;pelm;psite	676
ENSP00000262948	MAP2K2	306	PGRPVSGHGMD		psite	676
ENSP00000262948	MAP2K2	394	LNQPGTPTRTA		hprd;pelm;psite	676
ENSP00000382423	MAP3K1	20	PGARATSPEAG		psite	668
ENSP00000382423	MAP3K1	21	GARATSPEAGG		psite	668
ENSP00000382423	MAP3K1	154	PAAEPSPAAAP		psite	668
ENSP00000382423	MAP3K1	232	HLAAESPGEVQ		psite	668
ENSP00000382423	MAP3K1	242	QASAASPASKG		psite	668
ENSP00000382423	MAP3K1	250	SKGRRSPSPGN		psite	668
ENSP00000382423	MAP3K1	252	GRRSPSPGNSP		psite	668
ENSP00000382423	MAP3K1	275	RRKRVSPVPFQ		psite	668
ENSP00000382423	MAP3K1	285	QSGRITPPRRA		psite	668
ENSP00000382423	MAP3K1	292	PRRAPSPDGFS		pelm;psite	668
ENSP00000382423	MAP3K1	297	SPDGFSPYSPE		pelm;psite	668
ENSP00000382423	MAP3K1	300	GFSPYSPEETN		pelm;psite	668
ENSP00000382423	MAP3K1	507	SHELSSPVDSP		pelm;psite	668
ENSP00000382423	MAP3K1	511	SSPVDSPSSLR		pelm;psite	668
ENSP00000382423	MAP3K1	665	AMLVYTPCHSL		psite	668
ENSP00000382423	MAP3K1	1016	PCRIPSASPQT		psite	668
ENSP00000382423	MAP3K1	1018	RIPSASPQTQR		psite	668
ENSP00000382423	MAP3K1	1026	TQRKFSLQFHR		psite	668
ENSP00000382423	MAP3K1	1043	DSDKLSPVFTQ		psite	668
ENSP00000382423	MAP3K1	1114	DETVFTPVEEK		psite	668
ENSP00000382423	MAP3K1	1157	EVAVLSPEKAE		psite	668
ENSP00000235329	MFN2	27	AEVNASPLKHF	MAPK9	psite	621
ENSP00000262445	MAP2K4	78	IERLRTHSIES		psite	981
ENSP00000262445	MAP2K4	80	RLRTHSIESSG	AKT1	hprd;pelm;psite	981
ENSP00000262445	MAP2K4	90	GKLKISPEQHW		hprd;pelm;psite	981
ENSP00000262445	MAP2K4	394	PATPSSPMYVD		hprd;psite	981
ENSP00000381066	MAP2K7	35	LNLDISPQRPR		hprd;psite	968
ENSP00000381066	MAP2K7	61	PSSESSPQHPT		psite	968
ENSP00000381066	MAP2K7	66	SPQHPTPPARP		psite	968
ENSP00000381066	MAP2K7	83	PSTLFTPRSME		psite	968
ENSP00000239223	DUSP1	296	RRSIISPNFSF	MAPK1	hprd;pelm;psite	900
ENSP00000239223	DUSP1	323	SAEAGSPAMAV	MAPK1	hprd;pelm;psite	900
ENSP00000239223	DUSP1	359	LSYLQSPITTS	MAPK1	hprd;pelm;psite	900
ENSP00000240100	DUSP4	359	GKTPATPTSQF		psite	660
ENSP00000240100	DUSP4	386	LPYLHSPITTS		psite	660
ENSP00000279488	DUSP6	159	SCSSSSPPLPV	MAPK1;MAPK3	hprd;pelm;psite	430
ENSP00000279488	DUSP6	174	GLRISSDSSSD	MAPK3	psite	430
ENSP00000279488	DUSP6	197	TDSDGSPLSNS	MAPK1;MAPK3	hprd;psite	430
ENSP00000279488	DUSP6	331	KKSNISPNFNF		hprd;pelm;psite	430
ENSP00000279488	DUSP6	351	TLGLSSPCDNR		hprd;psite	430
ENSP00000228862	DUSP16	401	LKRSFSLDIKS		psite	721
ENSP00000228862	DUSP16	446	KLCQFSPVQEL	MAPK1	hprd;pelm;psite	721
ENSP00000228862	DUSP16	501	QRSLLSPLHRS		hprd;pelm;psite	721
ENSP00000228862	DUSP16	612	ADSRRSWHEES		psite	721
ENSP00000228862	DUSP16	627	QFKRRSCQMEF		psite	721
ENSP00000354558	MTOR	567	AHQLASPGLTT		hprd;psite	429
ENSP00000354558	MTOR	1166	RTLDQSPELRS		hprd;psite	429
ENSP00000354558	MTOR	1172	PELRSTAMDTL		psite	429
ENSP00000354558	MTOR	1821	KLRHASGANIT		psite	429
ENSP00000354558	MTOR	2444	NKRSRTRTDSY		hprd;psite	429
ENSP00000354558	MTOR	2446	RSRTRTDSYSA	AKT1;RPS6KB1	hprd;pelm;psite	429
ENSP00000354558	MTOR	2448	RTRTDSYSAGQ	AKT1;RPS6KB1	hprd;pelm;psite	429
ENSP00000367207	MYC	73	FELLPTPPLSP	GSK3A;GSK3B;MAPK1;MAPK10	hprd;pelm;psite	412
ENSP00000367207	MYC	77	PTPPLSPSRRS	CDK5;MAPK1;MAPK10;MAPK8;MAPK9;MTOR	hprd;pelm;psite	412
ENSP00000367207	MYC	82	SPSRRSGLCSP		psite	412
ENSP00000367207	MYC	86	RSGLCSPSYVA	MAPK10;MAPK8;MAPK9	hprd;pelm;psite	412
ENSP00000367207	MYC	176	RKDSGSPNPAR		hprd;psite	412
ENSP00000367207	MYC	296	RSESGSPSAGG		psite	412
ENSP00000367207	MYC	308	SKPPHSPLVLK		psite	412
ENSP00000367207	MYC	358	NNRKCTSPRSS		psite	412
ENSP00000367207	MYC	359	NRKCTSPRSSD		hprd;psite	412
ENSP00000367207	MYC	363	TSPRSSDTEEN	CSNK2A1	hprd;psite	412
ENSP00000367207	MYC	373	NVKRRTHNVLE		psite	412
ENSP00000261908	NEO1	1178	KPIDKSPDPNP		psite	462
ENSP00000261908	NEO1	1194	PIPRNSQDITP		psite	462
ENSP00000261908	NEO1	1198	NSQDITPVDNS		psite	462
ENSP00000261908	NEO1	1214	HQRRNSYRGHE		psite	462
ENSP00000261908	NEO1	1299	SDRANSTESVR		psite	462
ENSP00000379330	NFATC2	53	AHKVASPPSGP		psite	934
ENSP00000379330	NFATC2	110	GASGLSPRIEI		psite	934
ENSP00000379330	NFATC2	116	PRIEITPSHEL		psite	934
ENSP00000379330	NFATC2	148	AGVAASPRFTL		psite	934
ENSP00000379330	NFATC2	213	IPAHYSPRTSP		hprd;psite	934
ENSP00000379330	NFATC2	217	YSPRTSPIMSP		hprd;psite	934
ENSP00000379330	NFATC2	221	TSPIMSPRTSL		hprd;psite	934
ENSP00000379330	NFATC2	236	CLGRHSPVPRP		hprd;psite	934
ENSP00000379330	NFATC2	243	VPRPASRSSSP		hprd;psite	934
ENSP00000379330	NFATC2	247	ASRSSSPGAKR		psite	934
ENSP00000379330	NFATC2	255	AKRRHSCAEAL		psite	934
ENSP00000379330	NFATC2	326	KMWKTSPDPSP		hprd;pelm;psite	934
ENSP00000379330	NFATC2	330	TSPDPSPVSAA		hprd;pelm;psite	934
ENSP00000379330	NFATC2	363	GERRNSAPESI		hprd;psite	934
ENSP00000379330	NFATC2	585	VERQDTDSCLV		hprd;pelm;psite	934
ENSP00000379330	NFATC2	757	YQRSKSLSPSL		hprd;psite	934
ENSP00000379330	NFATC2	759	RSKSLSPSLLG		hprd;psite	934
ENSP00000379330	NFATC2	856	QGQRLSPGSYP		psite	934
ENSP00000388910	NFATC4	231	GGAFFSPSPGS	MAPK14	hprd;pelm;psite	833
ENSP00000388910	NFATC4	233	AFFSPSPGSSS	MAPK14	hprd;pelm;psite	833
ENSP00000388910	NFATC4	276	RFGLGSPLPSP	MAPK8;MAPK9	hprd;psite	833
ENSP00000388910	NFATC4	280	GSPLPSPRASP	MAPK8;MAPK9	hprd;psite	833
ENSP00000388910	NFATC4	289	SPRPWTPEDPW		psite	833
ENSP00000388910	NFATC4	327	SPRPASPCGKR		psite	833
ENSP00000388910	NFATC4	335	GKRRYSSSGTP		pelm;psite	833
ENSP00000388910	NFATC4	344	TPSSASPALSR	RPS6KA3	psite	833
ENSP00000388910	NFATC4	352	LSRRGSLGEEG	RPS6KA3	hprd;psite	833
ENSP00000388910	NFATC4	397	KTRRTSSEQAV		pelm;psite	833
ENSP00000388910	NFATC4	398	TRRTSSEQAVA		pelm;psite	833
ENSP00000388910	NFATC4	595	LKLRNSDIELR		psite	833
ENSP00000388910	NFATC4	739	GRRKRSPTQSF	MAPK1;MAPK3;RPS6KA3	pelm;psite	833
ENSP00000300659	NFATC3	163	RESSLSPSPAS	MAPK9	hprd;pelm;psite	969
ENSP00000300659	NFATC3	165	SSLSPSPASSI	MAPK9	hprd;pelm;psite	969
ENSP00000300659	NFATC3	204	AAARFTLGSPL	CSNK1A1	hprd;pelm;psite	969
ENSP00000300659	NFATC3	207	RFTLGSPLTSP	CSNK1A1	hprd;pelm;psite	969
ENSP00000300659	NFATC3	211	GSPLTSPGGSP	CSNK1A1	hprd;pelm;psite	969
ENSP00000300659	NFATC3	215	TSPGGSPGGCP	CSNK1A1	hprd;pelm;psite	969
ENSP00000300659	NFATC3	268	PSSRPTSPCGK		psite	969
ENSP00000300659	NFATC3	269	SSRPTSPCGKR		psite	969
ENSP00000300659	NFATC3	277	GKRRHSSAEVC		psite	969
ENSP00000300659	NFATC3	344	KTRKTSEDQAA		psite	969
ENSP00000300659	NFATC3	366	DQGSLSPARET		hprd;psite	969
ENSP00000300659	NFATC3	371	SPARETSIDDG		psite	969
ENSP00000300659	NFATC3	372	PARETSIDDGL		psite	969
ENSP00000300659	NFATC3	415	PIFRTSSLPPL		psite	969
ENSP00000300659	NFATC3	416	IFRTSSLPPLD		psite	969
ENSP00000300659	NFATC3	546	LKLRNSDIELR		psite	969
ENSP00000300659	NFATC3	730	QTQRPSSDSGC		psite	969
ENSP00000300659	NFATC3	731	TQRPSSDSGCS		psite	969
ENSP00000300659	NFATC3	1045	IGRDMSQISVS		psite	969
ENSP00000300659	NFATC3	1063	QAPLPSPESLD		psite	969
ENSP00000384273	RELA	254	AIVFRTPPYAD		pelm;psite	428
ENSP00000384273	RELA	276	QLRRPSDRELS	PIM1;PRKACA;RPS6KA4;RPS6KA5	hprd;pelm;psite	428
ENSP00000384273	RELA	281	SDRELSEPMEF		psite	428
ENSP00000384273	RELA	505	ITRLVTGAQRP		pelm;psite	428
ENSP00000172229	NGFR	277	FKRWNSCKQNK	PRKCG	psite	929
ENSP00000364847	MAGED1	513	PNSRASQNPGA		psite	904
ENSP00000347379	OCLN	310	TQDVPSPPSDY		psite	862
ENSP00000347379	OCLN	321	VERVDSPMAYS		psite	862
ENSP00000347379	OCLN	345	SSYKSTPVPEV		psite	862
ENSP00000347379	OCLN	358	ELPLTSPVDDF		psite	862
ENSP00000347379	OCLN	369	RQPRYSSGGNF		hprd;psite	862
ENSP00000347379	OCLN	370	QPRYSSGGNFE		psite	862
ENSP00000347379	OCLN	376	GGNFETPSKRA		hprd;psite	862
ENSP00000244741	CDKN1A	57	DFVTETPLEGD	GSK3B;MAPK1;MAPK14;MAPK8	hprd;pelm;psite	462
ENSP00000244741	CDKN1A	98	RRPGTSPALLQ	MAP3K5	pelm;psite	462
ENSP00000244741	CDKN1A	130	EQAEGSPGGPG	CDK2;CDK6;MAPK1;MAPK14;MAPK8	hprd;pelm;psite	462
ENSP00000244741	CDKN1A	145	RKRRQTSMTDF	AKT1;DAPK3;PIM1;PIM2;PRKCA	hprd;pelm;psite	462
ENSP00000244741	CDKN1A	146	KRRQTSMTDFY	AKT1;PIM1;PIM2;PRKCA	hprd;pelm;psite	462
ENSP00000269305	TP53	33	ENNVLSPLPSQ	CDK5;CDK7;CDK9;MAPK14;PRKDC	hprd;pelm;psite	998
ENSP00000269305	TP53	46	DDLMLSPDDIE	ATM;CDK5;DYRK2;HIPK2;MAPK14;PRKCD;PRKDC	hprd;pelm;psite	998
ENSP00000269305	TP53	81	APAAPTPAAPA	MAPK8	hprd;psite	998
ENSP00000269305	TP53	150	LWVDSTPPPGT	CSNK2A1	psite	998
ENSP00000269305	TP53	183	HHERCSDSDGL	AURKB	psite	998
ENSP00000269305	TP53	211	LDDRNTFRHSV	AURKB	psite	998
ENSP00000269305	TP53	215	NTFRHSVVVPY	AURKA;AURKB	pelm;psite	998
ENSP00000269305	TP53	269	LLGRNSFEVRV	AURKB;DAPK1	psite	998
ENSP00000269305	TP53	284	GRDRRTEEENL	AURKB	psite	998
ENSP00000269305	TP53	315	NNTSSSPQPKK	AURKA;CDK1;CDK2;CDK9	hprd;pelm;psite	998
ENSP00000269305	TP53	366	GSRAHSSHLKS	CHEK2	hprd;psite	998
ENSP00000225577	RPS6KB1	390	KFTRQTPVDSP	MTOR	hprd;pelm;psite	658
ENSP00000225577	RPS6KB1	394	QTPVDSPDDST	CDK1;MTOR	hprd;pelm;psite	658
ENSP00000225577	RPS6KB1	434	EPKIRSPRRFI	CDK1;MAPK1;MTOR	hprd;pelm;psite	658
ENSP00000225577	RPS6KB1	441	RRFIGSPRTPV		hprd;pelm;psite	658
ENSP00000225577	RPS6KB1	444	IGSPRTPVSPV	CDK1;MAPK1	hprd;pelm;psite	658
ENSP00000225577	RPS6KB1	447	PRTPVSPVKFS	CDK1;MAPK1;MTOR	hprd;pelm;psite	658
ENSP00000225577	RPS6KB1	452	SPVKFSPGDFW		hprd;pelm;psite	658
ENSP00000225577	RPS6KB1	470	TANPQTPVEYP		hprd;pelm;psite	658
ENSP00000355759	PARP1	41	AIMVQSPMFDG		hprd;pelm;psite	514
ENSP00000355759	PARP1	368	ASVAATPPPST		hprd;pelm;psite	514
ENSP00000355759	PARP1	782	LLRGGSDDSSK		hprd;pelm;psite	514
ENSP00000263967	PIK3CA	312	YSRRISTATPY		psite	416
ENSP00000263967	PIK3CA	313	SRRISTATPYM		psite	416
ENSP00000366563	PIK3CD	520	LERRGSGELYE		psite	412
ENSP00000352121	PIK3CG	228	VIHRSTTSQTI		psite	423
ENSP00000352121	PIK3CG	582	HFRYESLKHPK		psite	423
ENSP00000352121	PIK3CG	1024	ALRHHTNLLII		psite	423
ENSP00000367830	PRKCZ	560	EPVQLTPDDED	PRKCZ	hprd;pelm;psite	905
ENSP00000333568	PRKD1	205	RRRRLSNVSLT	PKD1;PRKD1	hprd;pelm;psite	638
ENSP00000333568	PRKD1	219	TIRTSSAELST		pelm;psite	638
ENSP00000333568	PRKD1	235	PLLQKSPSESF		psite	638
ENSP00000333568	PRKD1	249	EKRSNSQSYIG		hprd;pelm;psite	638
ENSP00000333568	PRKD1	397	ANRTISPSTSN		hprd;pelm;psite	638
ENSP00000333568	PRKD1	421	TKRKSSTVMKE		psite	638
ENSP00000333568	PRKD1	448	YWRLDSKCITL		psite	638
ENSP00000333568	PRKD1	742	KSFRRSVVGTP	PRKCA;PRKCD;PRKCE;PRKCH;PRKD1;PRKD3	hprd;pelm;psite	638
ENSP00000418447	PPP2CA	304	HVTRRTPDYFL		pelm;psite	722
ENSP00000221138	PPP2CB	304	HVTRRTPDYFL		psite	684
ENSP00000283228	PTPRR	361	FVSIPTPREKV	MAPK1	hprd;psite	589
ENSP00000228307	PXN	29	FLSEETPYSYP		psite	945
ENSP00000228307	PXN	85	QPQSSSPVYGS	CDK5;MAPK14	hprd;pelm;psite	945
ENSP00000228307	PXN	106	QDSVGSPCSRV		hprd;pelm;psite	945
ENSP00000228307	PXN	130	KSAEPSPTVMS	MAPK1;MAPK3	hprd;pelm;psite	945
ENSP00000228307	PXN	178	LPGALSPLYGV	MAPK8	hprd;psite	945
ENSP00000228307	PXN	244	QGEMSSPQRVT		hprd;psite	945
ENSP00000228307	PXN	249	SPQRVTSTQQQ		psite	945
ENSP00000228307	PXN	250	PQRVTSTQQQT		psite	945
ENSP00000228307	PXN	258	QQTRISASSAT		hprd;psite	945
ENSP00000228307	PXN	303	DGGRSSPGGQD		pelm;psite	945
ENSP00000228307	PXN	322	KTGSSSPPGGP		hprd;pelm;psite	945
ENSP00000228307	PXN	414	YHNLFSPRCYY		hprd;psite	945
ENSP00000310226	RAB1B	72	QERFRTITSSY		psite	430
ENSP00000310226	RAB1B	74	RFRTITSSYYR		psite	430
ENSP00000310226	RAB1B	111	IDRYASENVNK		psite	430
ENSP00000310226	RAB1B	191	LKIDSTPVKPA		psite	430
ENSP00000348461	RAC1	127	HHCPNTPIILV		psite	974
ENSP00000348461	RAC1	71	RLRPLSYPQTV	AKT1	hprd;psite	974
ENSP00000005257	RALA	194	KKKRKSLAKRI	AURKA	psite	921
ENSP00000267163	RB1	230	YFIKLSPPMLL	CDK2	hprd;psite	700
ENSP00000267163	RB1	249	IPINGSPRTPR	CDK1;CDK2	hprd;pelm;psite	700
ENSP00000267163	RB1	252	NGSPRTPRRGQ	CDK1;CDK2;CDK4	hprd;pelm;psite	700
ENSP00000267163	RB1	356	FETQRTPRKSN	CDK2;CDK4	hprd;pelm;psite	700
ENSP00000267163	RB1	360	RTPRKSNLDEE		psite	700
ENSP00000267163	RB1	373	VIPPHTPVRTV	CDK1;CDK2;CDK4	hprd;pelm;psite	700
ENSP00000267163	RB1	567	AWLSDSPLFDL	CDK2;MAPK14	hprd;psite	700
ENSP00000267163	RB1	608	ADMYLSPVRSP	CDK2;CDK4	hprd;psite	700
ENSP00000267163	RB1	612	LSPVRSPKKKG	CDK2;CDK4;CDK6;CHEK1;CHEK2	hprd;pelm;psite	700
ENSP00000267163	RB1	624	TTRVNSTANAE		psite	700
ENSP00000267163	RB1	778	STRPPTLSPIP		psite	700
ENSP00000267163	RB1	780	RPPTLSPIPHI	AURKB;CDK4;CDK6;PRKACA	hprd;psite	700
ENSP00000267163	RB1	788	PHIPRSPYKFP	CDK4;CDK6	hprd;psite	700
ENSP00000267163	RB1	795	YKFPSSPLRIP	CDK4;CDK5;CDK6;CDK9	hprd;psite	700
ENSP00000267163	RB1	807	GNIYISPLKSP	CDK1;CDK2;CDK3;CDK4;CDK5;CDK6;CDK9	hprd;pelm;psite	700
ENSP00000267163	RB1	811	ISPLKSPYKIS	CDK1;CDK2;CDK3;CDK4;CDK5;CDK6;CDK9	hprd;pelm;psite	700
ENSP00000267163	RB1	821	SEGLPTPTKMT	CDK2;CDK6	hprd;pelm;psite	700
ENSP00000267163	RB1	826	TPTKMTPRSRI	CDK2;CDK4;CDK6	hprd;pelm;psite	700
ENSP00000401802	PSMC6	258	GGRRFSEGTSA		psite	617
ENSP00000373301	SH3BP5	376	CSGASSPECEV		psite	858
ENSP00000373301	SH3BP5	421	SQSSTSPEGQA	MAPK12	hprd;pelm;psite	858
ENSP00000401303	SHC1	36	PEELPSPSASS		pelm;psite	905
ENSP00000401303	SHC1	54	LPGDDSPTTLC	MAPK14	pelm;psite	905
ENSP00000401303	SHC1	139	WTRHGSFVNKP	PRKCA	hprd;pelm;psite	905
ENSP00000401303	SHC1	324	PPKLVTPHDRM		psite	905
ENSP00000401303	SHC1	386	APNAQTPSHLG	MAPK14	pelm;psite	905
ENSP00000212015	SIRT1	14	LQPGGSPSAAG		hprd;psite	833
ENSP00000212015	SIRT1	27	REAASSPAGEP	MAPK8	hprd;pelm;psite	833
ENSP00000212015	SIRT1	47	PGLERSPGEPG	MAPK8	hprd;pelm;psite	833
ENSP00000212015	SIRT1	530	SELPPTPLHVS	CDK1;MAPK8	hprd;psite	833
ENSP00000212015	SIRT1	540	SEDSSSPERTS	CDK1	psite	833
ENSP00000212015	SIRT1	615	KNERTSVAGTV		psite	833
ENSP00000252115	POLDIP3	127	SLKRSSPAAFI		hprd;pelm;psite	750
ENSP00000252115	POLDIP3	140	PIGTVTPALKL		hprd;pelm;psite	750
ENSP00000252115	POLDIP3	275	AEPVLSPLEGT		hprd;pelm;psite	750
ENSP00000252115	POLDIP3	383	PRRVNSASSSN	RPS6KB1	pelm;psite	750
ENSP00000262160	SMAD2	8	SILPFTPPVVK	MAPK3	hprd;pelm;psite	746
ENSP00000262160	SMAD2	172	YQRVETPVLPP		psite	746
ENSP00000262160	SMAD2	220	NYIPETPPPGY	MAPK1;MAPK3	hprd;pelm;psite	746
ENSP00000262160	SMAD2	245	SMDTGSPAELS	MAPK1;MAPK3	hprd;pelm;psite	746
ENSP00000262160	SMAD2	250	SPAELSPTTLS	MAPK1;MAPK3	hprd;pelm;psite	746
ENSP00000262160	SMAD2	255	SPTTLSPVNHS	MAPK1;MAPK3	pelm;psite	746
ENSP00000262160	SMAD2	417	CTIRMSFVKGW		psite	746
ENSP00000262160	SMAD2	458	LTQMGSPSVRC		hprd;pelm;psite	746
ENSP00000332973	SMAD3	8	SILPFTPPIVK	CDK2;CDK4	hprd;pelm;psite	658
ENSP00000332973	SMAD3	132	YQRVETPVLPP		psite	658
ENSP00000332973	SMAD3	179	SNIPETPPPGY	CDK2;CDK4;CDK8;CDK9;MAPK1	hprd;pelm;psite	658
ENSP00000332973	SMAD3	204	SMDAGSPNLSP	CDK4;MAPK1	hprd;pelm;psite	658
ENSP00000332973	SMAD3	208	GSPNLSPNPMS	CDK4;CDK8;CDK9;MAPK1;MAPK14	hprd;pelm;psite	658
ENSP00000332973	SMAD3	213	SPNPMSPAHNN	CDK2;CDK4;CDK8;CDK9;MAPK1;MAPK14	hprd;pelm;psite	658
ENSP00000332973	SMAD3	388	EYRRQTVTSTP		psite	658
ENSP00000332973	SMAD3	416	LTQMGSPSIRC		hprd;pelm;psite	658
ENSP00000341551	SMAD4	9	MSITNTPTSND	NLK	psite	467
ENSP00000341551	SMAD4	138	YERVVSPGIDL	NLK	psite	467
ENSP00000256637	SORT1	793	LVHRYSVLQQH		psite	901
ENSP00000265354	SRF	103	LKRSLSEMEIG	CAMK2A;MAPKAPK2;RPS6KA1;RPS6KA5	hprd;pelm;psite	620
ENSP00000265354	SRF	159	KLRRYTTFSKR	DMPK;PRKACA;PRKCA;PRKG1	pelm;psite	620
ENSP00000265354	SRF	224	LNSPDSPPRSD		hprd;pelm;psite	620
ENSP00000354394	STAT1	532	LGPNASPDGLI		psite	605
ENSP00000354394	STAT1	727	NLLPMSPEEFD	CSNK2A1;MAPK14;MAPK3;PRKCD	hprd;pelm;psite	605
ENSP00000264657	STAT3	691	YCRPESQEHPE		hprd;pelm;psite	798
ENSP00000264657	STAT3	714	KFICVTPTTCS		hprd;pelm;psite	798
ENSP00000264657	STAT3	727	IDLPMSPRTLD	IRAK1;MAPK1;MAPK14;MAPK8;MAPK9;PRKCD;PRKCE;RPS6KA3	hprd;pelm;psite	798
ENSP00000364898	SYK	178	ISREESEQIVL		psite	636
ENSP00000364898	SYK	295	ISRIKSYSFPK	CHEK1	psite	636
ENSP00000364898	SYK	350	TEVYESPYADP		psite	636
ENSP00000198767	RRN3	44	NDFFNSPPRKT	CDK2	hprd;pelm;psite	905
ENSP00000198767	RRN3	200	RYVPSTPWFLM	MAPK9	pelm;psite	905
ENSP00000198767	RRN3	633	DTHFRSPSSSV	MAPK3	pelm;psite	905
ENSP00000198767	RRN3	635	HFRSPSSSVGS	PRKAA1	psite	905
ENSP00000198767	RRN3	640	SSSVGSPPVLY		hprd;pelm;psite	905
ENSP00000363089	TLR4	790	LYRLLSRNTYL	PRKD1	psite	430
ENSP00000162749	TNFRSF1A	417	PRREATLELLG		psite	466
ENSP00000268957	TOB1	152	SSVSSSPSPPF	MAPK1;MAPK3;MAPK9	hprd;psite	621
ENSP00000268957	TOB1	154	VSSSPSPPFGH	MAPK1;MAPK3;MAPK9	hprd;psite	621
ENSP00000268957	TOB1	164	HSAAVSPTFMP	MAPK1;MAPK3;MAPK9	hprd;psite	621
ENSP00000268957	TOB1	205	KVARTSPINLG		hprd;pelm;psite	621
ENSP00000341268	TRADD	215	VNRPLSLKDQQ		psite	467
ENSP00000247668	TRAF2	55	GHRYCSFCLAS	PRKCZ	psite	784
ENSP00000247668	TRAF2	274	LQRCESLEKKT		psite	784
ENSP00000332468	TRAF3	9	SKKMDSPGALQ		psite	932
ENSP00000332468	TRAF3	29	DRSAGTPVFVP		psite	932
ENSP00000388107	UBA52	57	DGRTLSDYNIQ		hprd;psite	463
ENSP00000384792	WDR62	32	ARRGQSSPPPA		psite	493
ENSP00000384792	WDR62	33	RRGQSSPPPAP		hprd;pelm;psite	493
ENSP00000384792	WDR62	46	CLRRRTRLSTA		hprd;pelm;psite	493
ENSP00000384792	WDR62	49	RRTRLSTASEE		hprd;pelm;psite	493
ENSP00000384792	WDR62	50	RTRLSTASEET		hprd;pelm;psite	493
ENSP00000384792	WDR62	164	ACVAFSPNMKH		hprd;psite	493
ENSP00000384792	WDR62	501	RVMQVSPDGQH		hprd;pelm;psite	493
ENSP00000384792	WDR62	1053	SSLPQTPEQEK		hprd;pelm;psite	493
ENSP00000384792	WDR62	1098	FNPRLSISTQF		hprd;pelm;psite	493
ENSP00000384792	WDR62	1128	QCLVKSPEVKL		hprd;pelm;psite	493
ENSP00000384792	WDR62	1145	QPRAGTGYASP		hprd;psite	493
ENSP00000384792	WDR62	1149	GTGYASPDRTH		hprd;psite	493
ENSP00000384792	WDR62	1196	DRNLPTPTSAP		hprd;psite	493
ENSP00000384792	WDR62	1233	ISRSISLGDSE		hprd;pelm;psite	493
ENSP00000384792	WDR62	1253	PLRRPSSVGEL		pelm;psite	493
ENSP00000384792	WDR62	1254	LRRPSSVGELA		hprd;pelm;psite	493
ENSP00000384792	WDR62	1273	ITTATTPSLDS		hprd;pelm;psite	493
ENSP00000384792	WDR62	1347	SAFRPSLPAPE		hprd;psite	493
ENSP00000384792	WDR62	1353	LPAPESPGLPA		hprd;psite	493
ENSP00000384792	WDR62	1410	EALPPSPLELS		hprd;pelm;psite	493
ENSP00000342434	BAZ1B	158	DGACDSPSSDK	MAPK14;MAPK3;MAPK9	hprd;pelm;psite	621
ENSP00000342434	BAZ1B	189	EGRRESINDRA		hprd;pelm;psite	621
ENSP00000342434	BAZ1B	197	DRARRSPRKLP		psite	621
ENSP00000342434	BAZ1B	266	ALRAGTGENAP		hprd;psite	621
ENSP00000342434	BAZ1B	312	RKNTGSPDRKP		hprd;psite	621
ENSP00000342434	BAZ1B	318	PDRKPSKKSKT		hprd;psite	621
ENSP00000342434	BAZ1B	330	NSSLSSPLNPK		hprd;pelm;psite	621
ENSP00000342434	BAZ1B	349	KSLSGSPLKVK		hprd;pelm;psite	621
ENSP00000342434	BAZ1B	361	SKNSKSPEEHL		hprd;pelm;psite	621
ENSP00000342434	BAZ1B	374	MMKMMSPNKLH		hprd;pelm;psite	621
ENSP00000342434	BAZ1B	457	RAPRNSGGTPR		psite	621
ENSP00000342434	BAZ1B	699	LCLRRSDVQEE		hprd;pelm;psite	621
ENSP00000342434	BAZ1B	1315	HSTRRSQPKAP		hprd;pelm;psite	621
ENSP00000342434	BAZ1B	1338	QTKRSSRRQSL		psite	621
ENSP00000342434	BAZ1B	1342	SSRRQSLELQK		hprd;pelm;psite	621
ENSP00000347858	XIAP	32	FNRLKTFANFP		psite	428
ENSP00000347858	XIAP	87	RHRKVSPNCRF	AKT1;AKT2	hprd;pelm;psite	428
ENSP00000314709	ZHX2	37	EKGIGTPQPDV		hprd;psite	659
ENSP00000314709	ZHX2	207	KPEEITPENHV		psite	659
ENSP00000314709	ZHX2	411	KRPLVTPQAAP		psite	659
ENSP00000314709	ZHX2	439	ANPPLTPASDR		psite	659
ENSP00000314709	ZHX2	713	VARKATKPMAE		psite	659
ENSP00000314709	ZHX2	719	KPMAESPKNGG		psite	659
ENSP00000348273	MBP	299	DSRSGSPMARR	UHMK1	pelm	609
ENSP00000250003	MYOD1	201	DSDASSPRSNC	CDK1	pelm	437
ENSP00000304895	IRS1	345	ASVDGSPVSPS	IKBKB	hprd;pelm	953
ENSP00000313420	PRKDC	2791	HSSLITPLQAV		hprd;pelm	712
ENSP00000362649	HDAC1	406	PDKRISICSSD		hprd;pelm	673
ENSP00000262013	SPAG9	276	GSKATTPASTA		hprd;pelm	511
ENSP00000262013	SPAG9	244	QPRSHTSLKVS		pelm	511
ENSP00000228741	ELK3	363	PVAPLSPARLQ	MAPK14	hprd;pelm	621
ENSP00000228741	ELK3	357	FWSSLSPVAPL	MAPK8	hprd;pelm	621
ENSP00000341551	SMAD4	277	RTAPYTPNLPH	MAPK1;MAPK3	hprd;pelm	467
ENSP00000333568	PRKD1	746	RSVVGTPAYLA		hprd;pelm	638
ENSP00000347858	XIAP	40	NFPSGSPVSAS		hprd;pelm	428
ENSP00000267569	JDP2	159	TDSVKTPESEG	MAPK14;MAPK9	pelm	659
ENSP00000346839	FN1	909	SDTVPSPRDLQ		hprd	411
ENSP00000346839	FN1	2432	PGGEPSPEGTT		hprd	411
ENSP00000310170	FOSL1	251	SAHRKSSSSSG		hprd	429
ENSP00000304895	IRS1	736	DYMNMSPVGDS		hprd	953
ENSP00000348273	MBP	229	FKNIVTPRTPP		hprd	609
ENSP00000348273	MBP	295	LGGRDSRSGSP	PRKCA	hprd	609
ENSP00000348273	MBP	190	APKRGSGKDSH	PRKCA	hprd	609
ENSP00000319096	RAP2B	127	GEREVSYGEGK		hprd	430
ENSP00000162749	TNFRSF1A	274	PNPSFSPTPGF	MAPK1	hprd	466
ENSP00000162749	TNFRSF1A	280	PTPGFTPTLGF	MAPK1	hprd	466
ENSP00000358866	FLNA	2033	QHVASSPIPVV		hprd	902
ENSP00000358866	FLNA	1089	SPARFTIDTKG		hprd	902
ENSP00000358866	FLNA	564	QNIGRSPFEVK		hprd	902
ENSP00000358866	FLNA	2486	EGYRVTYTPMA		hprd	902
ENSP00000347858	XIAP	356	CLVRTTEKTPS		hprd	428
ENSP00000379330	NFATC2	168	EPLCLSPASSG		hprd	934
ENSP00000379330	NFATC2	268	LPPGASPQRSR		hprd	934
ENSP00000379330	NFATC2	274	PQRSRSPSPQP		hprd	934
ENSP00000379330	NFATC2	276	RSRSPSPQPSS		hprd	934
ENSP00000265354	SRF	160	LRRYTTFSKRK	CAMK2A	hprd	620
ENSP00000313420	PRKDC	1351	TLLNTSPEGWK		hprd	712
ENSP00000254810	H3F3B	87	DLRFQSAAIGA		hprd	708
ENSP00000262445	MAP2K4	26	PGPVGSPAPGH		hprd	981
ENSP00000262445	MAP2K4	391	DQMPATPSSPM		hprd	981
ENSP00000228307	PXN	188	VPETNSPLGGK		hprd	945
ENSP00000228307	PXN	170	DEANSSPPLPG		hprd	945
ENSP00000228307	PXN	230	ESSVPSPVPAI		hprd	945
ENSP00000283228	PTPRR	339	QERRGSNVSLT	PRKACA	hprd	589
ENSP00000329212	ATF7	148	KEKEVTPKPVL		hprd	733
ENSP00000329212	ATF7	182	HPTLPSPTSVI		hprd	733
ENSP00000358525	NGF	84	KRRLRSPRVLF		hprd	953
ENSP00000388910	NFATC4	284	PSPRASPRPWT		hprd	833
ENSP00000384792	WDR62	1070	ETLTESPCREL		hprd	493
ENSP00000384792	WDR62	987	SPKDQSPPEDS		hprd	493
ENSP00000384792	WDR62	814	EEMLKTPSKDS		hprd	493
ENSP00000250894	MAPK8IP3	265	SSAAATPSTTG	MAPK10	hprd	957
ENSP00000250894	MAPK8IP3	275	GTKSNTPTSSV	MAPK10	hprd	957
ENSP00000250894	MAPK8IP3	286	PSAAVTPLNES	MAPK10	hprd	957
ENSP00000373301	SH3BP5	351	SLDLPSPVSLS	MAPK12	hprd	858
ENSP00000252115	POLDIP3	368	LRLSDSPSMKK		hprd	750
