name	MARK1
id	ENSP00000355884
type	Serine/threonine kinase
proline+1_removed	Yes
npartners	23
npartners_with_sites	22
nsites	47
//
motif	score	fg_matches	fg_size	bg_matches	bg_size	fold_increase
..R..[ST].....	8.66	47	348	483	9383	2.62
//
prot_id	prot_name	position	flank	kinase	source	string_score
ENSP00000264335	YWHAE	64	SWRIISSIEQK		hprd;psite	480
ENSP00000248975	YWHAH	59	GARRSSWRVIS		pelm;psite	547
ENSP00000309503	YWHAZ	58	GARRSSWRVVS	AKT1;MAPKAPK2;PRKACA	hprd;pelm;psite	753
ENSP00000309503	YWHAZ	63	SWRVVSSIEQK		psite	753
ENSP00000346148	PRKAA1	511	PQRSGSVSNYR	PRKAA1	hprd;pelm;psite	480
ENSP00000346148	PRKAA1	523	CQRSDSDAEAQ		hprd;psite	480
ENSP00000287598	BUB1B	39	QGRIMSTLQGA		psite	400
ENSP00000287598	BUB1B	384	LQRVQSHQQAS		psite	400
ENSP00000287598	BUB1B	600	GFRNVTICPNP		psite	400
ENSP00000287598	BUB1B	680	DSREATHSSGF	PLK1	psite	400
ENSP00000380785	HOOK2	710	LGRLASLNLRP		psite	623
ENSP00000324856	STK11	31	IHRIDSTEVIY		hprd;psite	650
ENSP00000324856	STK11	307	QIRQHSWFRKK	PRKCZ	psite	650
ENSP00000324856	STK11	334	KDRWRSMTVVP		psite	650
ENSP00000324856	STK11	336	RWRSMTVVPYL	STK11	hprd;psite	650
ENSP00000324856	STK11	428	KIRRLSACKQQ	PRKCZ;RPS6KA3;STK11	hprd;pelm;psite	650
ENSP00000303634	LRP8	870	VYRKTTEEEDE		psite	462
ENSP00000382562	MAD1L1	90	LERAASTSARN		pelm;psite	427
ENSP00000382562	MAD1L1	377	ELRQVSGQLLE		psite	427
ENSP00000382562	MAD1L1	583	MERGGTVPADL		psite	427
ENSP00000382562	MAD1L1	699	LRRQDSIPAFL		psite	427
ENSP00000296509	MAD2L1	185	EVRLRSFTTTI		psite	460
ENSP00000296509	MAD2L1	187	RLRSFTTTIHK		psite	460
ENSP00000353508	MAP2	821	RSRLASVSADA		hprd;psite	689
ENSP00000353508	MAP2	833	VARRKSVPSET		pelm;psite	689
ENSP00000353508	MAP2	1795	SPRRLSNVSSS	MARK1	hprd;pelm;psite	689
ENSP00000353375	MAP4	324	DVRWPTETDVS		psite	712
ENSP00000353375	MAP4	827	SSRSPSTLLPK		hprd;pelm;psite	712
ENSP00000353375	MAP4	863	LSRPKSTSTSS		psite	712
ENSP00000353375	MAP4	925	LSRLATNTSAP	CHEK1	hprd;pelm;psite	712
ENSP00000340510	PPL	887	RNRPDSGVEEA		psite	609
ENSP00000261716	TAOK1	9	TNRAGSLKDPE		hprd;pelm;psite	706
ENSP00000261716	TAOK1	445	TIRTASLVTRQ		hprd;pelm;psite	706
ENSP00000261716	TAOK1	974	LRRTASGGRTE		psite	706
ENSP00000261716	TAOK1	987	MSRSTSVTSQI		psite	706
ENSP00000340820	MAPT	171	ATRQPSGTGPE		psite	705
ENSP00000340820	MAPT	549	RSRTPSLPTPP	CDK5;PRKACA	hprd;pelm;psite	705
ENSP00000340820	MAPT	744	SPRHLSNVSST	PRKACA	hprd;psite	705
ENSP00000344818	UBC	57	DGRTLSDYNIQ		hprd;psite	623
ENSP00000251038	ZC3H14	133	DSRVSTSSQES		psite	662
ENSP00000251038	ZC3H14	281	FFRNNSEKMSM		psite	662
ENSP00000251038	ZC3H14	327	GSRTGSISSSV		psite	662
ENSP00000251038	ZC3H14	343	PERRPSLPPSK		psite	662
ENSP00000251038	ZC3H14	389	APRTRTSQEEL		psite	662
ENSP00000251038	ZC3H14	498	SLRVLSGHLMQ		hprd;psite	662
ENSP00000340820	MAPT	687	KDRVQSKIGSL	PKN1	hprd	705
ENSP00000261716	TAOK1	959	VPRGSSMGVRN		hprd	706
