name	MARK4
id	ENSP00000300843
type	Serine/threonine kinase
proline+1_removed	Yes
npartners	56
npartners_with_sites	47
nsites	78
//
motif	score	fg_matches	fg_size	bg_matches	bg_size	fold_increase
..R..[ST].....	9.33	75	671	483	9383	2.17
//
prot_id	prot_name	position	flank	kinase	source	string_score
ENSP00000300161	YWHAB	60	GARRSSWRVIS	PRKCD	hprd;pelm;psite	547
ENSP00000264335	YWHAE	64	SWRIISSIEQK		hprd;psite	480
ENSP00000248975	YWHAH	59	GARRSSWRVIS		pelm;psite	547
ENSP00000309503	YWHAZ	58	GARRSSWRVVS	AKT1;MAPKAPK2;PRKACA	hprd;pelm;psite	759
ENSP00000309503	YWHAZ	63	SWRVVSSIEQK		psite	759
ENSP00000355645	ACTA1	188	AGRDLTDYLMK		psite	621
ENSP00000355645	ACTA1	201	TERGYSFVTTA		psite	621
ENSP00000346148	PRKAA1	511	PQRSGSVSNYR	PRKAA1	hprd;pelm;psite	528
ENSP00000346148	PRKAA1	523	CQRSDSDAEAQ		hprd;psite	528
ENSP00000315325	ARHGEF2	95	RERPSSAIYPS		psite	603
ENSP00000315325	ARHGEF2	115	SRRGRSSLSLA		psite	603
ENSP00000315325	ARHGEF2	145	LRRILSQSTDS	CHEK1	hprd;psite	603
ENSP00000315325	ARHGEF2	157	NMRNRTLSVES		psite	603
ENSP00000315325	ARHGEF2	159	RNRTLSVESLI		psite	603
ENSP00000315325	ARHGEF2	267	HTRFLSQLLER		psite	603
ENSP00000315325	ARHGEF2	617	LFRSESLESPR		hprd;pelm;psite	603
ENSP00000315325	ARHGEF2	691	LCRADSDSSQR		psite	603
ENSP00000315325	ARHGEF2	754	LCRANSRDGEA		hprd;psite	603
ENSP00000315325	ARHGEF2	858	DPRRRSLPAGD	MARK2;PAK1;PAK4	hprd;psite	603
ENSP00000324549	CYFIP1	769	LNRLITQRVSA		psite	547
ENSP00000340742	DOCK7	182	KRRSMSIDDTP		hprd;pelm;psite	547
ENSP00000340742	DOCK7	432	GERKGSWSERR		psite	547
ENSP00000340742	DOCK7	439	SERRNSSIVGR		psite	547
ENSP00000340742	DOCK7	440	ERRNSSIVGRR		psite	547
ENSP00000340742	DOCK7	452	LERTTSGDDAC		hprd;pelm;psite	547
ENSP00000340742	DOCK7	497	MRRPSSVLRRL		psite	547
ENSP00000340742	DOCK7	888	AVRPASLNLNR		hprd;pelm;psite	547
ENSP00000340742	DOCK7	896	LNRSRSLSNSN		hprd;pelm;psite	547
ENSP00000340742	DOCK7	898	RSRSLSNSNPD		hprd;pelm;psite	547
ENSP00000340742	DOCK7	933	CNRMSSHTETS		hprd;pelm;psite	547
ENSP00000340742	DOCK7	1275	LTRPGSFLLTS		hprd;psite	547
ENSP00000340742	DOCK7	1352	FERMNSLTFKK		hprd;pelm;psite	547
ENSP00000340742	DOCK7	1401	PERSPSGSAFG		hprd;pelm;psite	547
ENSP00000340742	DOCK7	1424	HWRQNTEKLDK		psite	547
ENSP00000331201	HGS	284	RLRQKSTYTSY		psite	510
ENSP00000302961	HSPA4	76	HGRAFSDPFVE		hprd;pelm;psite	621
ENSP00000302961	HSPA4	113	EERNFTTEQVT		hprd;psite	621
ENSP00000302961	HSPA4	393	KVREFSITDVV		psite	621
ENSP00000362836	KCTD20	374	CVRSKSLTNLV		psite	558
ENSP00000324856	STK11	31	IHRIDSTEVIY		hprd;psite	960
ENSP00000324856	STK11	307	QIRQHSWFRKK	PRKCZ	psite	960
ENSP00000324856	STK11	334	KDRWRSMTVVP		psite	960
ENSP00000324856	STK11	336	RWRSMTVVPYL	STK11	hprd;psite	960
ENSP00000324856	STK11	428	KIRRLSACKQQ	PRKCZ;RPS6KA3;STK11	hprd;pelm;psite	960
ENSP00000353508	MAP2	821	RSRLASVSADA		hprd;psite	631
ENSP00000353508	MAP2	833	VARRKSVPSET		pelm;psite	631
ENSP00000353508	MAP2	1795	SPRRLSNVSSS	MARK1	hprd;pelm;psite	631
ENSP00000353375	MAP4	324	DVRWPTETDVS		psite	664
ENSP00000353375	MAP4	827	SSRSPSTLLPK		hprd;pelm;psite	664
ENSP00000353375	MAP4	863	LSRPKSTSTSS		psite	664
ENSP00000353375	MAP4	925	LSRLATNTSAP	CHEK1	hprd;pelm;psite	664
ENSP00000234420	MSH6	252	KRRVISDSESD		hprd;pelm;psite	547
ENSP00000234420	MSH6	305	RKRMVTGNGSL		hprd;psite	547
ENSP00000370968	MYBBP1A	1243	PTRSPSTPAKS		hprd;pelm;psite	547
ENSP00000370968	MYBBP1A	1310	VIRSPSLLQSG	CHEK1	hprd;pelm;psite	547
ENSP00000269243	MYH10	1145	QKRDLSEELEA		psite	621
ENSP00000269243	MYH10	1203	RQRHATALEEL		psite	621
ENSP00000269243	MYH10	1922	LSREVSTLKNR		psite	621
ENSP00000216181	MYH9	1269	GERVRTELADK		psite	621
ENSP00000216181	MYH9	1915	MNREVSSLKNK		psite	621
ENSP00000295797	PRKCI	8	TQRDSSTMSHT		hprd;psite	548
ENSP00000279034	SOGA1	121	RPREHSLKKRG		psite	547
ENSP00000279034	SOGA1	926	LKRTKSVSSMS		psite	547
ENSP00000352927	SOGA2	1066	LQRAVSVSSMS		hprd;pelm;psite	547
ENSP00000352927	SOGA2	1204	VRRVDSITAAG		psite	547
ENSP00000352927	SOGA2	1472	GSRSRSAEPRP		psite	547
ENSP00000340820	MAPT	171	ATRQPSGTGPE		psite	654
ENSP00000340820	MAPT	549	RSRTPSLPTPP	CDK5;PRKACA	hprd;pelm;psite	654
ENSP00000340820	MAPT	744	SPRHLSNVSST	PRKACA	hprd;psite	654
ENSP00000301071	TUBA1A	82	EVRTGTYRQLF		psite	621
ENSP00000248437	TUBA4A	232	LNRLISQIVSS		hprd;psite	630
ENSP00000401317	TUBB	285	QYRALTVPELT		psite	621
ENSP00000410071	TUBB	285	QYRALTVPELT		psite	621
ENSP00000401317	TUBB	312	HGRYLTVAAVF		psite	621
ENSP00000410071	TUBB	312	HGRYLTVAAVF		psite	621
ENSP00000344818	UBC	57	DGRTLSDYNIQ		hprd;psite	661
ENSP00000300161	YWHAB	132	YFRYLSEVASG	PRKCZ	hprd;pelm	547
ENSP00000340820	MAPT	687	KDRVQSKIGSL	PKN1	hprd	654
