name	MARK3
id	ENSP00000411397
type	Serine/threonine kinase
proline+1_removed	Yes
npartners	34
npartners_with_sites	25
nsites	32
//
motif	score	fg_matches	fg_size	bg_matches	bg_size	fold_increase
..R..[ST].....	7.26	32	212	483	9383	2.93
//
prot_id	prot_name	position	flank	kinase	source	string_score
ENSP00000264335	YWHAE	64	SWRIISSIEQK		hprd;psite	493
ENSP00000248975	YWHAH	59	GARRSSWRVIS		pelm;psite	623
ENSP00000309503	YWHAZ	58	GARRSSWRVVS	AKT1;MAPKAPK2;PRKACA	hprd;pelm;psite	770
ENSP00000309503	YWHAZ	63	SWRVVSSIEQK		psite	770
ENSP00000346148	PRKAA1	511	PQRSGSVSNYR	PRKAA1	hprd;pelm;psite	517
ENSP00000346148	PRKAA1	523	CQRSDSDAEAQ		hprd;psite	517
ENSP00000316333	CD55	360	TTRLLSGSRPV		psite	800
ENSP00000316333	CD55	366	GSRPVTQAGMR		psite	800
ENSP00000321656	CDC25C	38	LERDTSFTVCP		hprd;pelm;psite	959
ENSP00000321656	CDC25C	216	LYRSPSMPENL	BRSK1;CHEK1;CHEK2;MAPK14;MAPKAPK2;MARK3	hprd;pelm;psite	959
ENSP00000321656	CDC25C	449	LLRCRSQSKVQ		psite	959
ENSP00000296677	F2RL1	384	HSRKSSSYSSS		psite	412
ENSP00000251287	HCN2	576	IIREGTIGKKM		psite	633
ENSP00000264606	HDAC4	339	VAREGSAAPLP		psite	667
ENSP00000264606	HDAC4	467	LGRTQSAPLPQ	CAMK4;CAMKK1	hprd;pelm;psite	667
ENSP00000264606	HDAC4	632	LSRAQSSPASA	CAMK4;CAMKK1	hprd;pelm;psite	667
ENSP00000225983	HDAC5	499	LSRTQSSPLPQ	CAMK1;CAMK4;CAMKK1;PRKAA1;PRKAA2;PRKD1;PRKD2;PRKD3	hprd;pelm;psite	667
ENSP00000225983	HDAC5	547	LPRQPTTHPEE		psite	667
ENSP00000225983	HDAC5	662	LGRTQSSPAAP		psite	667
ENSP00000080059	HDAC7	220	LLRKESAPPSL	PRKD1	hprd;psite	665
ENSP00000080059	HDAC7	397	LSRTRSEPLPP	PRKD1	hprd;pelm;psite	665
ENSP00000080059	HDAC7	521	GHRPLSRAQSS		psite	665
ENSP00000080059	HDAC7	525	LSRAQSSPAAP	PRKD1	hprd;pelm;psite	665
ENSP00000080059	HDAC7	546	QARVLSSSETP		psite	665
ENSP00000270233	BCAM	621	GARGGSGGFGD	PRKACA	psite	406
ENSP00000263125	PRKCQ	695	MFRNFSFMNPG		hprd;pelm;psite	846
ENSP00000070846	PKP2	82	LHRTSSVPEYV		psite	690
ENSP00000070846	PKP2	207	VSRAGTTSRQR		psite	690
ENSP00000070846	PKP2	248	YPRPGTSRSMG		psite	690
ENSP00000405963	RASGRF1	738	ATRKFSSPPPL		psite	621
ENSP00000405963	RASGRF1	927	KYRRMSLASAG	PRKACA	hprd;pelm;psite	621
ENSP00000344818	UBC	57	DGRTLSDYNIQ		hprd;psite	767
