name	MARK2
id	ENSP00000389184
type	Serine/threonine kinase
proline+1_removed	Yes
npartners	68
npartners_with_sites	57
nsites	264
//
motif	score	fg_matches	fg_size	bg_matches	bg_size	fold_increase
..RR.[ST].....	314.62	18	768	18	9383	12.22
....V[ST].P.V.	28.67	12	660	2	8900	80.91
K..K.[ST].P...	27.24	13	528	2	7993	98.4
..R..[ST].....	13.59	90	750	465	9365	2.42
.....[ST].S...	9.97	120	648	905	8898	1.82
//
prot_id	prot_name	position	flank	kinase	source	string_score
ENSP00000300161	YWHAB	60	GARRSSWRVIS	PRKCD	hprd;pelm;psite	621
ENSP00000264335	YWHAE	64	SWRIISSIEQK		hprd;psite	488
ENSP00000264335	YWHAE	208	IAELDTLSEES	PLK2;PLK3	psite	488
ENSP00000248975	YWHAH	59	GARRSSWRVIS		pelm;psite	941
ENSP00000309503	YWHAZ	58	GARRSSWRVVS	AKT1;MAPKAPK2;PRKACA	hprd;pelm;psite	962
ENSP00000309503	YWHAZ	63	SWRVVSSIEQK		psite	962
ENSP00000367263	AHNAK	18	PNWQGSGSHGL		hprd;psite	790
ENSP00000367263	AHNAK	135	KPRLKSEDGVE		hprd;psite	790
ENSP00000367263	AHNAK	158	VTRRVTAYTVD	AURKB	psite	790
ENSP00000367263	AHNAK	210	VIRLPSGSGAA		hprd;psite	790
ENSP00000367263	AHNAK	218	GAASPTGSAVD		hprd;psite	790
ENSP00000367263	AHNAK	332	AGLRVSAPEVS		psite	790
ENSP00000367263	AHNAK	570	GTCRISMSEVD		hprd;pelm;psite	790
ENSP00000367263	AHNAK	590	GGVDVTLPRVE		hprd;psite	790
ENSP00000367263	AHNAK	658	PKGDISISGPK		psite	790
ENSP00000367263	AHNAK	758	KMPKFSVPGFK		psite	790
ENSP00000367263	AHNAK	819	KVPKISMPDVD		psite	790
ENSP00000367263	AHNAK	839	GEYDVTMPKVE		psite	790
ENSP00000367263	AHNAK	886	KMPKFSMPGFK		psite	790
ENSP00000367263	AHNAK	1007	KMPKFSMPSLK		hprd;psite	790
ENSP00000367263	AHNAK	1158	ADVVVSGPKVD		psite	790
ENSP00000367263	AHNAK	1196	KTPKISMPDVD		psite	790
ENSP00000367263	AHNAK	1263	KMPKFSMPGFK		psite	790
ENSP00000367263	AHNAK	1286	ADIDVSGPKVD		psite	790
ENSP00000367263	AHNAK	1391	KMPKFSMPGFK		psite	790
ENSP00000367263	AHNAK	1472	GDYDVTVPKVE		psite	790
ENSP00000367263	AHNAK	1654	KAPKISMPDVD		psite	790
ENSP00000367263	AHNAK	1674	GDMDVSVPKVE		psite	790
ENSP00000367263	AHNAK	2080	ADVVVSGPKVD		psite	790
ENSP00000367263	AHNAK	2580	KAPKISMPDFD		psite	790
ENSP00000367263	AHNAK	2670	ADIDVSGPKVD		psite	790
ENSP00000367263	AHNAK	2708	KAPKISMPDID		psite	790
ENSP00000367263	AHNAK	2775	KMPKISMPGFK		psite	790
ENSP00000367263	AHNAK	3054	ADLDVSGPKVD		hprd;psite	790
ENSP00000367263	AHNAK	3112	GDMDVSLPKVE		psite	790
ENSP00000367263	AHNAK	3182	ADLDVSGPKVD		psite	790
ENSP00000367263	AHNAK	3220	KAPKISMPDLD		psite	790
ENSP00000367263	AHNAK	3360	PKFNFSGSKVQ		hprd;psite	790
ENSP00000367263	AHNAK	3409	KMPFLSISSPK		hprd;psite	790
ENSP00000367263	AHNAK	3483	KMPKFSVSGLK		psite	790
ENSP00000367263	AHNAK	3746	KAPKISMPDID		psite	790
ENSP00000367263	AHNAK	4092	ADIDVSGPKVD		psite	790
ENSP00000367263	AHNAK	4520	KSPQISMSDID		psite	790
ENSP00000367263	AHNAK	4684	ADIDVSGPKVD		hprd;psite	790
ENSP00000367263	AHNAK	4722	KAPKISMPDID		psite	790
ENSP00000367263	AHNAK	4850	KAPKISIPDVD		psite	790
ENSP00000367263	AHNAK	4870	GDFDVSVPKVE		psite	790
ENSP00000367263	AHNAK	5195	SAPQVSIPDVN		psite	790
ENSP00000367263	AHNAK	5237	KFPKFSMPKIG		psite	790
ENSP00000367263	AHNAK	5369	TLRGPSLQGDL		psite	790
ENSP00000367263	AHNAK	5641	QAPGLSVSGPQ		psite	790
ENSP00000367263	AHNAK	5729	GKGGVTGSPEA		hprd;psite	790
ENSP00000367263	AHNAK	5735	GSPEASISGSK		hprd;pelm;psite	790
ENSP00000367263	AHNAK	5737	PEASISGSKGD		hprd;psite	790
ENSP00000367263	AHNAK	5780	KPRHRSNSFSD		hprd;pelm;psite	790
ENSP00000367263	AHNAK	5782	RHRSNSFSDER		hprd;pelm;psite	790
ENSP00000367263	AHNAK	5790	DEREFSGPSTP		hprd;psite	790
ENSP00000367263	AHNAK	5830	FGGLGSKSKGH		hprd;pelm;psite	790
ENSP00000367263	AHNAK	5839	GHYEVTGSDDE		hprd;psite	790
ENSP00000367263	AHNAK	5863	KKSRLSSSSSN		hprd;psite	790
ENSP00000367263	AHNAK	5864	KSRLSSSSSND		hprd;psite	790
ENSP00000367263	AHNAK	5865	SRLSSSSSNDS		hprd;psite	790
ENSP00000270202	AKT1	72	RPRPNTFIIRC	AKT1	psite	671
ENSP00000270202	AKT1	122	EMDFRSGSPSD		hprd;pelm;psite	671
ENSP00000270202	AKT1	246	RERVFSEDRAR	AKT1	psite	671
ENSP00000270202	AKT1	473	HFPQFSYSASG	ILK;LRRK2;MAPKAPK2;MTOR;PDK1;PDPK1;PIKFYVE;PRKCA;PRKCB;PRKD1;PRKDC;TBK1	hprd;pelm;psite	671
ENSP00000270202	AKT1	475	PQFSYSASGTA		psite	671
ENSP00000346148	PRKAA1	308	FPEDPSYSSTM		psite	509
ENSP00000346148	PRKAA1	509	ATPQRSGSVSN	PRKAA1	psite	509
ENSP00000346148	PRKAA1	511	PQRSGSVSNYR	PRKAA1	hprd;pelm;psite	509
ENSP00000346148	PRKAA1	521	RSCQRSDSDAE		hprd;psite	509
ENSP00000346148	PRKAA1	523	CQRSDSDAEAQ		hprd;psite	509
ENSP00000315325	ARHGEF2	95	RERPSSAIYPS		psite	935
ENSP00000315325	ARHGEF2	100	SAIYPSDSFRQ		psite	935
ENSP00000315325	ARHGEF2	115	SRRGRSSLSLA		psite	935
ENSP00000315325	ARHGEF2	116	RRGRSSLSLAK		hprd;psite	935
ENSP00000315325	ARHGEF2	122	LSLAKSVSTTN		pelm;psite	935
ENSP00000315325	ARHGEF2	145	LRRILSQSTDS	CHEK1	hprd;psite	935
ENSP00000315325	ARHGEF2	148	ILSQSTDSLNM		hprd;psite	935
ENSP00000315325	ARHGEF2	157	NMRNRTLSVES		psite	935
ENSP00000315325	ARHGEF2	159	RNRTLSVESLI		psite	935
ENSP00000315325	ARHGEF2	267	HTRFLSQLLER		psite	935
ENSP00000315325	ARHGEF2	615	RGLFRSESLES		psite	935
ENSP00000315325	ARHGEF2	617	LFRSESLESPR		hprd;pelm;psite	935
ENSP00000315325	ARHGEF2	691	LCRADSDSSQR		psite	935
ENSP00000315325	ARHGEF2	754	LCRANSRDGEA		hprd;psite	935
ENSP00000315325	ARHGEF2	858	DPRRRSLPAGD	MARK2;PAK1;PAK4	hprd;psite	935
ENSP00000315325	ARHGEF2	917	SSDPDTGSEEE		psite	935
ENSP00000309629	CFL1	24	KVRKSSTPEEV	PRKCA	hprd;psite	408
ENSP00000369862	COL4A3BP	251	ESGYGSESSLR		psite	650
ENSP00000369862	COL4A3BP	260	LRRHGSMVSLV	CSNK1G2;PRKD1	hprd;psite	650
ENSP00000369862	COL4A3BP	501	VQKPYSRSSSM		hprd;psite	650
ENSP00000369862	COL4A3BP	505	YSRSSSMSSID		hprd;pelm;psite	650
ENSP00000368169	DVL1	575	AGAGGSGSESD		psite	806
ENSP00000316054	DVL3	202	STSRFSSSTEQ		psite	621
ENSP00000316054	DVL3	203	TSRFSSSTEQS		psite	621
ENSP00000316054	DVL3	209	STEQSSASRLM		psite	621
ENSP00000381932	DYRK1A	529	SGRARSDPTHQ	DYRK1A	hprd;psite	406
ENSP00000310170	FOSL1	252	AHRKSSSSSGD		psite	784
ENSP00000310170	FOSL1	253	HRKSSSSSGDP		psite	784
ENSP00000324806	GSK3B	9	RPRTTSFAESC	AKT1;AURKA;MAP4K5;PRKACA;PRKCA;PRKCB;PRKCD;PRKCG;PRKCH;RPS6KA1;RPS6KA3;RPS6KB1	hprd;pelm;psite	645
ENSP00000080059	HDAC7	220	LLRKESAPPSL	PRKD1	hprd;psite	660
ENSP00000080059	HDAC7	395	WPLSRTRSEPL		hprd;pelm;psite	660
ENSP00000080059	HDAC7	397	LSRTRSEPLPP	PRKD1	hprd;pelm;psite	660
ENSP00000080059	HDAC7	521	GHRPLSRAQSS		psite	660
ENSP00000080059	HDAC7	525	LSRAQSSPAAP	PRKD1	hprd;pelm;psite	660
ENSP00000080059	HDAC7	532	PAAPASLSAPE		psite	660
ENSP00000080059	HDAC7	546	QARVLSSSETP		psite	660
ENSP00000360777	INPP5E	85	LERALSLDDKG		psite	641
ENSP00000360777	INPP5E	109	EARNGTSPSRG		hprd;pelm;psite	641
ENSP00000360777	INPP5E	232	LVRAHSSLGPG		psite	641
ENSP00000316338	BAIAP2	261	SALSASKSNLV		hprd;psite	800
ENSP00000316338	BAIAP2	323	AAQPKSLSPPQ		hprd;pelm;psite	800
ENSP00000316338	BAIAP2	334	SQSKLSDSYSN		psite	800
ENSP00000316338	BAIAP2	336	SKLSDSYSNTL		psite	800
ENSP00000316338	BAIAP2	364	KTLPRSSSMAA		psite	800
ENSP00000316338	BAIAP2	366	LPRSSSMAAGL	MARK2;PRKAA2	hprd;pelm;psite	800
ENSP00000316338	BAIAP2	492	KQRPYSVAVPA		psite	800
ENSP00000334650	KCNK18	252	MERSNSCPELV		psite	806
ENSP00000324856	STK11	31	IHRIDSTEVIY		hprd;psite	986
ENSP00000324856	STK11	307	QIRQHSWFRKK	PRKCZ	psite	986
ENSP00000324856	STK11	334	KDRWRSMTVVP		psite	986
ENSP00000324856	STK11	336	RWRSMTVVPYL	STK11	hprd;psite	986
ENSP00000324856	STK11	402	AAQLSTKSRAE	STK11	psite	986
ENSP00000324856	STK11	428	KIRRLSACKQQ	PRKCZ;RPS6KA3;STK11	hprd;pelm;psite	986
ENSP00000355884	MARK1	423	KQRRFSDHAGP		hprd;psite	879
ENSP00000355884	MARK1	468	STTVGSKSEMT		psite	879
ENSP00000355884	MARK1	504	MARRNTYVCER		psite	879
ENSP00000355884	MARK1	556	HQKSMSTSGHP		psite	879
ENSP00000355884	MARK1	649	ARRGTSTGIIS		pelm;psite	879
ENSP00000411397	MARK3	374	SELDASDSSSS		hprd;psite	882
ENSP00000411397	MARK3	376	LDASDSSSSSN		psite	882
ENSP00000411397	MARK3	377	DASDSSSSSNL		hprd;psite	882
ENSP00000411397	MARK3	378	ASDSSSSSNLS		psite	882
ENSP00000411397	MARK3	419	KQRRYSDHAGP		hprd;pelm;psite	882
ENSP00000411397	MARK3	438	PKRSQTSTADS		psite	882
ENSP00000411397	MARK3	489	PERKKSSTVPS		psite	882
ENSP00000411397	MARK3	507	MTRRNTYVCSE	PRKACA	pelm;psite	882
ENSP00000411397	MARK3	541	TPVASTHSISS		pelm;psite	882
ENSP00000411397	MARK3	543	VASTHSISSAA		pelm;psite	882
ENSP00000411397	MARK3	576	ERRTATYNGPP		psite	882
ENSP00000411397	MARK3	585	PPASPSLSHEA		hprd;pelm;psite	882
ENSP00000411397	MARK3	643	SSRNVSAEQKD		psite	882
ENSP00000411397	MARK3	602	RSRGSTNLFSK	MARK3	psite	882
ENSP00000300843	MARK4	391	RVRAPSDTTNG		psite	884
ENSP00000300843	MARK4	423	RQRRHSDFCGP		psite	884
ENSP00000300843	MARK4	440	PKRSPTSTGEA		psite	884
ENSP00000300843	MARK4	511	MTRRNTYVCTE		psite	884
ENSP00000300843	MARK4	564	LARGSTIRSTF		psite	884
ENSP00000337088	MEN1	402	EQSQGTQSQGS		psite	675
ENSP00000337088	MEN1	492	GPRRESKPEEP		hprd;psite	675
ENSP00000384273	RELA	276	QLRRPSDRELS	PIM1;PRKACA;RPS6KA4;RPS6KA5	hprd;pelm;psite	675
ENSP00000384273	RELA	281	SDRELSEPMEF		psite	675
ENSP00000384273	RELA	435	QAGEGTLSEAL	MAPK1	pelm;psite	675
ENSP00000384273	RELA	505	ITRLVTGAQRP		pelm;psite	675
ENSP00000269305	TP53	18	PLSQETFSDLW	CHEK1;CHEK2;CSNK1A1;CSNK1D;DAPK1;PRKAA1;PRKDC;TTK;VRK1	hprd;pelm;psite	698
ENSP00000269305	TP53	183	HHERCSDSDGL	AURKB	psite	698
ENSP00000269305	TP53	312	ALPNNTSSSPQ		psite	698
ENSP00000269305	TP53	313	LPNNTSSSPQP	CDK2	hprd;psite	698
ENSP00000269305	TP53	366	GSRAHSSHLKS	CHEK2	hprd;psite	698
ENSP00000269305	TP53	376	SKKGQSTSRHK	CDK7;GSK3B;PRKCA	pelm;psite	698
ENSP00000295797	PRKCI	8	TQRDSSTMSHT		hprd;psite	877
ENSP00000295797	PRKCI	9	QRDSSTMSHTV		hprd;psite	877
ENSP00000295797	PRKCI	44	THFEPSISFEG		psite	877
ENSP00000295797	PRKCI	246	ESGKASSSLGL		psite	877
ENSP00000295797	PRKCI	409	LRPGDTTSTFC		hprd;pelm;psite	877
ENSP00000333568	PRKD1	205	RRRRLSNVSLT	PKD1;PRKD1	hprd;pelm;psite	657
ENSP00000333568	PRKD1	217	VSTIRTSSAEL		hprd;psite	657
ENSP00000333568	PRKD1	219	TIRTSSAELST		pelm;psite	657
ENSP00000333568	PRKD1	223	SSAELSTSAPD		pelm;psite	657
ENSP00000333568	PRKD1	237	LQKSPSESFIG		hprd;psite	657
ENSP00000333568	PRKD1	249	EKRSNSQSYIG		hprd;pelm;psite	657
ENSP00000333568	PRKD1	395	EDANRTISPST		psite	657
ENSP00000333568	PRKD1	421	TKRKSSTVMKE		psite	657
ENSP00000333568	PRKD1	448	YWRLDSKCITL		psite	657
ENSP00000333568	PRKD1	890	INPSASHSDTP		psite	657
ENSP00000337194	PRPF4B	142	LQGYESGSEEE		hprd;pelm;psite	404
ENSP00000337194	PRPF4B	162	GNRSSTRSSST		psite	404
ENSP00000337194	PRPF4B	164	RSSTRSSSTKG		psite	404
ENSP00000337194	PRPF4B	166	STRSSSTKGKL		psite	404
ENSP00000337194	PRPF4B	184	TTKKRSKSRSK		psite	404
ENSP00000337194	PRPF4B	196	RTRHRSDKKKS		psite	404
ENSP00000337194	PRPF4B	239	DQARKSKSPTL		hprd;pelm;psite	404
ENSP00000337194	PRPF4B	259	KARSPTDDKVK		hprd;pelm;psite	404
ENSP00000337194	PRPF4B	283	PIINESRSRDR		hprd;psite	404
ENSP00000337194	PRPF4B	292	DRGKKSRSPVD		hprd;pelm;psite	404
ENSP00000337194	PRPF4B	354	SPKRRSLSPKP		hprd;pelm;psite	404
ENSP00000337194	PRPF4B	366	DKSRRSRSPLL		hprd;pelm;psite	404
ENSP00000337194	PRPF4B	385	KSPSRTLSPGR		hprd;psite	404
ENSP00000337194	PRPF4B	394	GRRAKSRSLER		hprd;psite	404
ENSP00000337194	PRPF4B	410	ERRRLSSPRTR		hprd;pelm;psite	404
ENSP00000337194	PRPF4B	427	SRRERSKDASP		hprd;pelm;psite	404
ENSP00000337194	PRPF4B	443	PTRRRSRSPIR		pelm;psite	404
ENSP00000337194	PRPF4B	458	SPLRRSRSPRR		pelm;psite	404
ENSP00000337194	PRPF4B	507	DKFKGSLSEGM		psite	404
ENSP00000337194	PRPF4B	518	KVEQESSSDDN		hprd;pelm;psite	404
ENSP00000337194	PRPF4B	576	QSSTRTRSPSP		hprd;pelm;psite	404
ENSP00000337194	PRPF4B	794	IKAVRSYSQQL		psite	404
ENSP00000337194	PRPF4B	837	LCDFGSASHVA		psite	404
ENSP00000347839	RAB11FIP2	148	MRNNMTASMFD		psite	865
ENSP00000347839	RAB11FIP2	227	LSSAHSMSDLS	MARK2	psite	865
ENSP00000347839	RAB11FIP2	277	HRRTLSFDTSK		psite	865
ENSP00000258098	RAB11FIP5	174	TRNNLSASMFD		pelm;psite	820
ENSP00000258098	RAB11FIP5	207	KYDLESASAIL		psite	820
ENSP00000258098	RAB11FIP5	280	LTRSPSRSSWL		psite	820
ENSP00000258098	RAB11FIP5	307	HKRTYSDEANQ		hprd;pelm;psite	820
ENSP00000258098	RAB11FIP5	357	VRHRSSISGSL		psite	820
ENSP00000258098	RAB11FIP5	359	HRSSISGSLPS		hprd;pelm;psite	820
ENSP00000258098	RAB11FIP5	391	TWPRGSRSNSS		psite	820
ENSP00000258098	RAB11FIP5	393	PRGSRSNSSSE		hprd;pelm;psite	820
ENSP00000258098	RAB11FIP5	395	GSRSNSSSEAV		hprd;pelm;psite	820
ENSP00000258098	RAB11FIP5	482	LGRRSSLGEKG		psite	820
ENSP00000228136	C11orf58	15	HGVKRSASPDD		hprd;pelm;psite	641
ENSP00000228136	C11orf58	63	IGDHKSTSHFR		psite	641
ENSP00000228136	C11orf58	136	ESPDDSESDSE		hprd;psite	641
ENSP00000228136	C11orf58	138	PDDSESDSESE		hprd;psite	641
ENSP00000228136	C11orf58	140	DSESDSESEKE		hprd;psite	641
ENSP00000338191	SNTB2	224	APQSPSFSGSE		hprd;pelm;psite	641
ENSP00000338191	SNTB2	231	SGSEDSGSPKH		hprd;pelm;psite	641
ENSP00000338191	SNTB2	395	GCRSPSLGSDL		hprd;pelm;psite	641
ENSP00000352927	SOGA2	416	PVGGESDSEEM		hprd;pelm;psite	985
ENSP00000352927	SOGA2	1066	LQRAVSVSSMS		hprd;pelm;psite	985
ENSP00000352927	SOGA2	1069	AVSVSSMSEFQ		hprd;pelm;psite	985
ENSP00000352927	SOGA2	1204	VRRVDSITAAG		psite	985
ENSP00000352927	SOGA2	1362	PVSSPSRSLRS		hprd;pelm;psite	985
ENSP00000352927	SOGA2	1472	GSRSRSAEPRP		psite	985
ENSP00000194530	STRADB	304	SRMKNSQSGVD		psite	903
ENSP00000336655	STRADA	52	SESIASFSKQE		psite	909
ENSP00000261716	TAOK1	9	TNRAGSLKDPE		hprd;pelm;psite	747
ENSP00000261716	TAOK1	445	TIRTASLVTRQ		hprd;pelm;psite	747
ENSP00000261716	TAOK1	974	LRRTASGGRTE		psite	747
ENSP00000261716	TAOK1	987	MSRSTSVTSQI		psite	747
ENSP00000334808	USP16	550	DLEVLTSSPTR		hprd;psite	871
ENSP00000289865	USP21	111	TNLARSKSVSS		psite	880
ENSP00000356515	UTRN	825	WVKHTSISESS		pelm;psite	875
ENSP00000356515	UTRN	1258	EERMKSTEVLP	MARK2	psite	875
ENSP00000356515	UTRN	1415	TARGGSQMDVL		psite	875
ENSP00000225298	UTP18	204	TTKRKTSSDDE		hprd;pelm;psite	641
ENSP00000225298	UTP18	205	TKRKTSSDDES		hprd;pelm;psite	641
ENSP00000300161	YWHAB	132	YFRYLSEVASG	PRKCZ	hprd;pelm	621
ENSP00000356515	UTRN	3180	EHYDPSQSPQL		pelm	875
ENSP00000258098	RAB11FIP5	356	PVRHRSSISGS		hprd;pelm	820
ENSP00000352927	SOGA2	547	PLPHLTESSSF		pelm	985
ENSP00000338191	SNTB2	226	QSPSFSGSEDS		hprd;pelm	641
ENSP00000356515	UTRN	2665	AMRKQSSEVKE		hprd	875
ENSP00000337088	MEN1	598	KKQKVSTPSDY		hprd	675
ENSP00000310170	FOSL1	251	SAHRKSSSSSG		hprd	784
ENSP00000337697	DCX	396	SANGTSSSQLS		hprd	842
ENSP00000338191	SNTB2	258	AARNLSMPDLE		hprd	641
ENSP00000338191	SNTB2	387	TRLVHSGSGCR		hprd	641
ENSP00000309503	YWHAZ	205	IAELDTLSEES		hprd	962
ENSP00000300161	YWHAB	143	DNKQTTVSNSQ	PRKCZ	hprd	621
ENSP00000411397	MARK3	391	KVRPSSDLNNS		hprd	882
ENSP00000324806	GSK3B	426	TNNAASASASN		hprd	645
ENSP00000324806	GSK3B	428	NAASASASNST		hprd	645
ENSP00000316338	BAIAP2	452	LQQGKSSSTGN		hprd	800
ENSP00000307078	KIF5B	917	ARRGHSAQIAK		hprd	641
ENSP00000355884	MARK1	648	HARRGTSTGII		hprd	879
ENSP00000225298	UTP18	226	TGNFISTSTSL		hprd	641
ENSP00000352927	SOGA2	1470	RAGSRSRSAEP		hprd	985
ENSP00000367263	AHNAK	613	PKVDVSAPDVE		hprd	790
ENSP00000261716	TAOK1	959	VPRGSSMGVRN		hprd	747
ENSP00000258098	RAB11FIP5	498	ASPHHSSSGEE		hprd	820
ENSP00000258098	RAB11FIP5	544	PDRKQSRSSLS		hprd	820
