name	MAST1
id	ENSP00000251472
type	Serine/threonine kinase
proline+1_removed	Yes
npartners	9
npartners_with_sites	9
nsites	15
//
motif	score	fg_matches	fg_size	bg_matches	bg_size	fold_increase
....H[ST].....	6.77	11	51	268	9383	7.55
//
prot_id	prot_name	position	flank	kinase	source	string_score
ENSP00000216106	HMGXB4	79	KKRKHSSDDYY		hprd;psite	430
ENSP00000361021	PTEN	398	DEDQHTQITKV	ATM	psite	785
ENSP00000300105	CACNG2	249	TEPSHSRDASP		psite	655
ENSP00000343581	ZFP30	181	HQRIHTGEKPY		psite	429
ENSP00000343581	ZFP30	265	HQRIHTGEKPY		psite	429
ENSP00000343581	ZFP30	321	HHKLHTGEKPY		psite	429
ENSP00000343581	ZFP30	349	HQRIHTGEKPY		psite	429
ENSP00000343581	ZFP30	377	HQRIHTGEKPY		psite	429
ENSP00000322872	ZKSCAN5	369	HRRIHTGEKPF		psite	430
ENSP00000322872	ZKSCAN5	397	HQRVHTGEKPY		psite	430
ENSP00000322872	ZKSCAN5	572	HQRIHTGEKPF		psite	430
ENSP00000322872	ZKSCAN5	600	HQRVHTGEKPY		psite	430
ENSP00000338191	SNTB2	516	TMDLHSCPKPI		hprd	621
ENSP00000338191	SNTB2	387	TRLVHSGSGCR		hprd	621
ENSP00000216106	HMGXB4	387	HTDGHSEKKKK		hprd	430
