name	MAST2
id	ENSP00000354671
type	Serine/threonine kinase
proline+1_removed	Yes
npartners	11
npartners_with_sites	9
nsites	18
//
motif	score	fg_matches	fg_size	bg_matches	bg_size	fold_increase
..R..[ST].....	6.89	18	81	483	9383	4.32
//
prot_id	prot_name	position	flank	kinase	source	string_score
ENSP00000253339	LATS1	17	QMRPKTFPASN		psite	619
ENSP00000253339	LATS1	177	VNRKQSWKGSK		psite	619
ENSP00000253339	LATS1	464	PVRSNSFNNPL	NUAK1;NUAK2	hprd;pelm;psite	619
ENSP00000253339	LATS1	633	ESRIQSYSPQA		pelm;psite	619
ENSP00000253339	LATS1	872	HPRQDSMDFSN	STK3	psite	619
ENSP00000264938	SLC9A3	555	GERRGSLAFIR		psite	621
ENSP00000264938	SLC9A3	563	FIRSPSTDNVV		psite	621
ENSP00000349547	RASSF1	206	SVRRRTSFYLP	AURKA	hprd;psite	619
ENSP00000349547	RASSF1	207	VRRRTSFYLPK	AURKA;AURKB;CDK4;PRKACA	psite	619
ENSP00000349547	RASSF1	179	LVRPVSVPSSK	GSK3B	psite	619
ENSP00000349547	RASSF1	201	PGRGTSVRRRT		psite	619
ENSP00000272317	RPS27A	57	DGRTLSDYNIQ		hprd;psite	621
ENSP00000338191	SNTB2	395	GCRSPSLGSDL		hprd;pelm;psite	621
ENSP00000300105	CACNG2	228	ITRIPSYRYRY		psite	655
ENSP00000300105	CACNG2	239	QRRSRSSSRST		psite	655
ENSP00000247668	TRAF2	55	GHRYCSFCLAS	PRKCZ	psite	621
ENSP00000247668	TRAF2	274	LQRCESLEKKT		psite	621
ENSP00000338191	SNTB2	258	AARNLSMPDLE		hprd	621
