name	MASTL
id	ENSP00000365113
type	Serine/threonine kinase
proline+1_removed	Yes
npartners	117
npartners_with_sites	106
nsites	415
//
motif	score	fg_matches	fg_size	bg_matches	bg_size	fold_increase
..RR.[ST].....	23.96	27	1635	17	9345	9.08
..KR.[ST].....	22.83	28	1608	20	9328	8.12
.....[ST]D.E..	21.05	32	1667	38	9383	4.74
.....[ST]..K..	12.58	161	1580	517	9308	1.83
.....[ST]..E..	11.55	165	1419	581	8791	1.76
//
prot_id	prot_name	position	flank	kinase	source	string_score
ENSP00000265748	ANLN	54	NQQPLSGGEEK		hprd;pelm;psite	643
ENSP00000265748	ANLN	72	SKKRCSDNTEV		hprd;pelm;psite	643
ENSP00000265748	ANLN	225	FAKQNSVQEQP		psite	643
ENSP00000265748	ANLN	358	CLQSQSKDKST		psite	643
ENSP00000265748	ANLN	449	KGNIWSAEKGG		hprd;pelm;psite	643
ENSP00000365255	ANKRD26	261	DSWPTSDDEDL		psite	439
ENSP00000365255	ANKRD26	314	DRDSDSQDEVV		hprd;pelm;psite	439
ENSP00000365255	ANKRD26	530	DLEVASEEEQE		psite	439
ENSP00000365255	ANKRD26	1391	GDLKTSQFEMD		hprd;pelm;psite	439
ENSP00000355090	ARHGAP11A	285	RKRRQSVGDFV		hprd;pelm;psite	482
ENSP00000355090	ARHGAP11A	339	SSHGFSSKKRK		hprd;pelm;psite	482
ENSP00000355090	ARHGAP11A	585	TSSPLSGDENN		hprd;pelm;psite	482
ENSP00000355090	ARHGAP11A	847	VRRINSLLEYS		hprd;pelm;psite	482
ENSP00000356379	ASPM	153	RSLWDTIKKKK		psite	804
ENSP00000356379	ASPM	170	HNRRVSNIQNV		hprd;psite	804
ENSP00000356379	ASPM	270	NVSKVSFNEKA		hprd;pelm;psite	804
ENSP00000356379	ASPM	370	ILSPDSFIKDN		hprd;pelm;psite	804
ENSP00000356379	ASPM	463	KSNYYSFIKQN		hprd;pelm;psite	804
ENSP00000356379	ASPM	577	ARKRKSDGSME		hprd;psite	804
ENSP00000356379	ASPM	607	IHFSPSEPKTS		hprd;psite	804
ENSP00000356379	ASPM	1103	KGKRDSGSFEQ		hprd;pelm;psite	804
ENSP00000356379	ASPM	1516	KESILTIQKYY		psite	804
ENSP00000356379	ASPM	2096	LNLKKTAIKIQ		psite	804
ENSP00000356379	ASPM	2429	RRRFISLKKAT		hprd;pelm;psite	804
ENSP00000287394	ATAD2	60	KAGDGSSVKEV		psite	595
ENSP00000287394	ATAD2	61	AGDGSSVKEVE		psite	595
ENSP00000287394	ATAD2	76	TRALRSLRKDA		psite	595
ENSP00000287394	ATAD2	971	EPRSLTAEEVK		hprd;psite	595
ENSP00000287394	ATAD2	1139	VGDKRSDPEQN		psite	595
ENSP00000287394	ATAD2	1176	NWYLGTIKKRR		psite	595
ENSP00000287394	ATAD2	1200	DHKIESDTEET		hprd;psite	595
ENSP00000287394	ATAD2	1233	KQQNASESKLE		hprd;psite	595
ENSP00000287394	ATAD2	1235	QNASESKLELR		psite	595
ENSP00000287394	ATAD2	1302	TRARRSQVEQQ		hprd;pelm;psite	595
ENSP00000313171	ATAD5	306	KSGYISESENS		hprd;psite	483
ENSP00000313171	ATAD5	356	MENSLSDPENE		hprd;psite	483
ENSP00000313171	ATAD5	369	VQKRKSNVVIQ		hprd;psite	483
ENSP00000313171	ATAD5	621	DVQDNSQLKAS		hprd;psite	483
ENSP00000313171	ATAD5	663	KFTRISTPKKS		hprd;pelm;psite	483
ENSP00000313171	ATAD5	1116	DFKGSSDDEEE		hprd;psite	483
ENSP00000302530	BUB1	331	GPSVGSQQELR		psite	758
ENSP00000302530	BUB1	411	GCVNKSTHEFK		psite	758
ENSP00000302530	BUB1	563	VSRLPSKPKEE		hprd;psite	758
ENSP00000302530	BUB1	640	QATLDSCEENM		psite	758
ENSP00000287598	BUB1B	367	INHILSTRKPG		pelm;psite	625
ENSP00000287598	BUB1B	434	EAELLTSAEKR		hprd;psite	625
ENSP00000287598	BUB1B	435	AELLTSAEKRA	TTK	hprd;pelm;psite	625
ENSP00000287598	BUB1B	537	DEFLLSEKKNK		pelm;psite	625
ENSP00000287598	BUB1B	665	YSQTLSIKKLS		psite	625
ENSP00000287598	BUB1B	733	RQLLKSLPELS		pelm;psite	625
ENSP00000287598	BUB1B	792	NSAELTVIKVS	PLK1	psite	625
ENSP00000335463	CASC5	24	VRRRHSSILKP	AURKB	psite	650
ENSP00000335463	CASC5	25	RRRHSSILKPP		psite	650
ENSP00000335463	CASC5	60	NSRRVSFADTI	AURKB	hprd;pelm;psite	650
ENSP00000335463	CASC5	586	LSISLTDRKTE		psite	650
ENSP00000335463	CASC5	1004	PNFELSQRKSL		psite	650
ENSP00000335463	CASC5	1093	SQRRKSLKLKN		psite	650
ENSP00000335463	CASC5	1448	NSKRVSFKLPK		psite	650
ENSP00000335463	CASC5	1675	KVRRCSLGIFL		hprd;pelm;psite	650
ENSP00000256442	CCNB1	321	DVEQHTLAKYL		hprd;psite	812
ENSP00000288207	CCNB2	8	LLRRPTVSSDL		psite	729
ENSP00000288207	CCNB2	11	RPTVSSDLENI		psite	729
ENSP00000288207	CCNB2	22	DTGVNSKVKSH		psite	729
ENSP00000288207	CCNB2	99	TPEDVSMKEEN		hprd;pelm;psite	729
ENSP00000288207	CCNB2	204	QVQPVSRKKLQ		hprd;psite	729
ENSP00000288207	CCNB2	220	ALLLASKYEEM		psite	729
ENSP00000276014	CCNB3	1331	HYSGYSISELH		psite	572
ENSP00000321656	CDC25C	148	AMCSSSANKEN		hprd;pelm;psite	621
ENSP00000321656	CDC25C	216	LYRSPSMPENL	BRSK1;CHEK1;CHEK2;MAPK14;MAPKAPK2;MARK3	hprd;pelm;psite	621
ENSP00000321656	CDC25C	449	LLRCRSQSKVQ		psite	621
ENSP00000328228	CDCA2	394	KRKRVTFGEDL		hprd;psite	518
ENSP00000328228	CDCA2	977	GKRRKSFCIST		psite	518
ENSP00000328228	CDCA2	1000	YRRRSSLNGKG		psite	518
ENSP00000275517	CDCA5	29	KPLRRSQRKSG		hprd;pelm;psite	479
ENSP00000275517	CDCA5	33	RSQRKSGSELP		hprd;pelm;psite	479
ENSP00000301019	CDT1	73	RRLRLSVDEVS		psite	661
ENSP00000265148	CENPE	422	RKRRVTWCLGK		hprd;pelm;psite	661
ENSP00000265148	CENPE	1886	LEEMKSVMKER		psite	661
ENSP00000265148	CENPE	2389	RELENSLHEAK		hprd;psite	661
ENSP00000265148	CENPE	2647	SCFFDSRSKSL		hprd;pelm;psite	661
ENSP00000355922	CENPF	106	EGQLNSGKKQI		hprd;pelm;psite	581
ENSP00000355922	CENPF	480	NELRRSMEEMK		psite	581
ENSP00000355922	CENPF	940	HLLEDSLKELQ		psite	581
ENSP00000355922	CENPF	963	MSSIISLNKRE		hprd;psite	581
ENSP00000355922	CENPF	1010	DEREKSISELS		hprd;psite	581
ENSP00000355922	CENPF	1259	QSQEISGLKDC		hprd;psite	581
ENSP00000355922	CENPF	1324	TELNDSRSECI		hprd;pelm;psite	581
ENSP00000355922	CENPF	1868	SEGLNSDLEMH		hprd;psite	581
ENSP00000355922	CENPF	1892	AKVNDSWKERF		hprd;pelm;psite	581
ENSP00000355922	CENPF	2082	ARLSESDYEKL		hprd;psite	581
ENSP00000355922	CENPF	2189	VETLKTQIEEM		psite	581
ENSP00000355922	CENPF	2416	LEIINSSFENI		hprd;pelm;psite	581
ENSP00000355922	CENPF	2542	LVSKLSQVEGE		hprd;pelm;psite	581
ENSP00000355922	CENPF	2606	KMDKMSFVEKV		hprd;psite	581
ENSP00000355922	CENPF	2615	KVNKMTAKETE		hprd;psite	581
ENSP00000355922	CENPF	2922	TEKRLSSGQNK		hprd;psite	581
ENSP00000355922	CENPF	2952	PATPESFSKKS		hprd;psite	581
ENSP00000355922	CENPF	3026	ALSPLSLGKEN		hprd;pelm;psite	581
ENSP00000283006	CENPH	16	DEPADSGGEGR		hprd;psite	643
ENSP00000242872	CENPK	194	PLPDRSVKKKK		hprd;psite	557
ENSP00000360540	CEP55	52	GKGKLTDKERH		psite	661
ENSP00000360540	CEP55	436	AALNESLVECP	PLK1	hprd;pelm;psite	661
ENSP00000372023	CHEK2	67	SLETVSTQELY		psite	700
ENSP00000372023	CHEK2	73	TQELYSIPEDQ	PLK3	psite	700
ENSP00000372023	CHEK2	303	KFAIGSAREAD	CHEK2	psite	700
ENSP00000372023	CHEK2	560	LAQPSTSRKRP		psite	700
ENSP00000367276	CKAP2	39	LLRRKTLFAYK		psite	503
ENSP00000367276	CKAP2	190	QSKINSFRKPL		psite	503
ENSP00000367276	CKAP2	602	TPYLQSVKKKV		hprd;pelm;psite	503
ENSP00000367276	CKAP2	614	FDGTNSAFKEL		hprd;pelm;psite	503
ENSP00000305204	CKAP2L	104	LGKRLTSECVS		hprd;psite	552
ENSP00000305204	CKAP2L	499	KEMNISFWKSI		hprd;pelm;psite	552
ENSP00000305204	CKAP2L	622	ETSITSVEELA		psite	552
ENSP00000254079	PPP1R1B	45	RLSEHSSPEEE	CSNK2A1	hprd;psite	401
ENSP00000254079	PPP1R1B	102	NENQASEEEDE	CSNK2A1	hprd;psite	401
ENSP00000254079	PPP1R1B	137	EEEEDSQAEVL		psite	401
ENSP00000265728	DBF4	502	TDNSGSQPKQK	ATM;ATR	psite	430
ENSP00000265036	DEPDC1B	160	WYKRHSIAIGE		psite	444
ENSP00000247191	DLGAP5	642	LGTPKSVNKAV		hprd;pelm;psite	608
ENSP00000247191	DLGAP5	689	IPESRSSIEDA		hprd;pelm;psite	608
ENSP00000247191	DLGAP5	777	TASQNSILEEG		hprd;pelm;psite	608
ENSP00000247191	DLGAP5	787	GETKISQSELF		hprd;psite	608
ENSP00000232458	ECT2	40	LIGSTSYVEEE		hprd;pelm;psite	469
ENSP00000232458	ECT2	345	LNTPNSNRKRR		hprd;pelm;psite	469
ENSP00000232458	ECT2	375	PRKRPSAEHSL		psite	469
ENSP00000232458	ECT2	811	VTRAFSFSKTP		hprd;pelm;psite	469
ENSP00000341743	ENSA	14	NPAEETGEEKQ		psite	836
ENSP00000341743	ENSA	21	EEKQDTQEKEG		psite	836
ENSP00000311873	EXO1	454	GNKSLSFSEVF		psite	732
ENSP00000311873	EXO1	581	KATVFTDEESY		psite	732
ENSP00000311873	EXO1	660	KSEESSDDESH		hprd;psite	732
ENSP00000310842	FANCI	972	LNLLSSQEEDF	ATM	psite	403
ENSP00000369871	HAUS6	660	EEKVISDCECV		psite	467
ENSP00000369871	HAUS6	728	DVMGGSEEEFM		hprd;pelm;psite	467
ENSP00000369871	HAUS6	742	DHLEVSCNKPS		psite	467
ENSP00000369871	HAUS6	843	EALKKSLSKKR		psite	467
ENSP00000261597	NDC80	15	GAGRLSMQELR	AURKB	psite	657
ENSP00000261597	NDC80	44	TFGKLSINKPT		hprd;psite	657
ENSP00000261597	NDC80	50	INKPTSERKVS		hprd;psite	657
ENSP00000261597	NDC80	62	FGKRTSGHGSR		hprd;pelm;psite	657
ENSP00000261597	NDC80	76	LGIFSSSEKIK		hprd;pelm;psite	657
ENSP00000261597	NDC80	502	KRSVRTLKEEV		psite	657
ENSP00000239027	HELLS	832	ENSEDSSPECL		hprd;psite	577
ENSP00000377492	HMMR	206	RSLEESQGKIA		psite	673
ENSP00000357643	MKI67	125	PARRVSRSSFS		hprd;pelm;psite	424
ENSP00000357643	MKI67	374	TGRRESVNLGK	AURKB	hprd;pelm;psite	424
ENSP00000357643	MKI67	411	EDAADSATKPE		hprd;pelm;psite	424
ENSP00000357643	MKI67	507	KRRRVSFGGHL		psite	424
ENSP00000357643	MKI67	538	PTKRKSLVMHT	AURKB	hprd;pelm;psite	424
ENSP00000357643	MKI67	598	DQRRRSCKTAP		hprd;psite	424
ENSP00000357643	MKI67	648	CSKRRSGASEA		hprd;pelm;psite	424
ENSP00000357643	MKI67	859	LETKTSDTETE		hprd;pelm;psite	424
ENSP00000357643	MKI67	1272	QRPKRSIRKAD		psite	424
ENSP00000357643	MKI67	1291	RNLMPSAGKAM		hprd;psite	424
ENSP00000357643	MKI67	1302	HTPKPSVGEEK		hprd;pelm;psite	424
ENSP00000357643	MKI67	1327	LTENLTGSKRR		hprd;pelm;psite	424
ENSP00000357643	MKI67	1347	ALEDLTGFKEL		psite	424
ENSP00000357643	MKI67	1449	PAASVTGSKRH		psite	424
ENSP00000357643	MKI67	1505	PVDTPTSSKPQ		hprd;psite	424
ENSP00000357643	MKI67	1514	PQSKRSLRKVD		psite	424
ENSP00000357643	MKI67	1533	RKRTPSAGKAM		psite	424
ENSP00000357643	MKI67	1546	PKPAVSGEKNI		hprd;pelm;psite	424
ENSP00000357643	MKI67	1569	LTENLTGSKRR		hprd;pelm;psite	424
ENSP00000357643	MKI67	1691	SAASLTGSKRQ		hprd;pelm;psite	424
ENSP00000357643	MKI67	1721	LFQTPSHTKES		hprd;pelm;psite	424
ENSP00000357643	MKI67	1749	LVDTPTSSKPQ		hprd;pelm;psite	424
ENSP00000357643	MKI67	1758	PQPKRSLRKAD		psite	424
ENSP00000357643	MKI67	1764	LRKADTEEEFL	CHEK1	hprd;pelm;psite	424
ENSP00000357643	MKI67	1849	TDNPTTDEKTT		hprd;pelm;psite	424
ENSP00000357643	MKI67	1871	PADTPTNTKQR		hprd;pelm;psite	424
ENSP00000357643	MKI67	1880	QRPKRSLKKAD		psite	424
ENSP00000357643	MKI67	2002	QRLKISLGKVG		hprd;pelm;psite	424
ENSP00000357643	MKI67	2021	GKLTQTSGKTT		psite	424
ENSP00000357643	MKI67	2028	GKTTQTHRETA		psite	424
ENSP00000357643	MKI67	2135	IVEELSALKQL		hprd;pelm;psite	424
ENSP00000357643	MKI67	2175	PAASVTGSKRQ		psite	424
ENSP00000357643	MKI67	2233	PVGTPTIFKPQ		hprd;pelm;psite	424
ENSP00000357643	MKI67	2242	PQSKRSLRKAD		psite	424
ENSP00000357643	MKI67	2261	RKRTPSVGKAM		hprd;psite	424
ENSP00000357643	MKI67	2333	TDKPTTDEKTT		hprd;pelm;psite	424
ENSP00000357643	MKI67	2382	RKRTPSAGKAM		psite	424
ENSP00000357643	MKI67	2395	PKPAVSDEKNI		hprd;pelm;psite	424
ENSP00000357643	MKI67	2504	SKLTRTSGETT		hprd;psite	424
ENSP00000357643	MKI67	2638	HKEPASGDEGI		hprd;pelm;psite	424
ENSP00000357643	MKI67	2827	KIPCKSSPELE		hprd;pelm;psite	424
ENSP00000295746	KIAA1524	409	LDEALTRKKCE		psite	464
ENSP00000295746	KIAA1524	761	NKQIETVKKLN		hprd;psite	464
ENSP00000260731	KIF11	1033	NTLERSKVEET		hprd;psite	776
ENSP00000356319	KIF14	225	PIASLSQTEVV		psite	433
ENSP00000356319	KIF14	272	SNKFGSLEKRT		hprd;psite	433
ENSP00000356319	KIF14	346	VVQNTSAGKDP		psite	433
ENSP00000356319	KIF14	632	NKSLLTLGKVI		psite	433
ENSP00000356319	KIF14	937	LMAQRSQLEAE		psite	433
ENSP00000356319	KIF14	1192	RRRSRSLMKNR		psite	433
ENSP00000356319	KIF14	1200	KNRRISGCLHD		hprd;pelm;psite	433
ENSP00000356319	KIF14	1256	DFFGQSYDEER		psite	433
ENSP00000263181	KIF18A	357	AKDIKSSLKSN		psite	607
ENSP00000263181	KIF18A	695	VQLNDSLSKEL		hprd;psite	607
ENSP00000378356	KIF20A	61	VPSEDSMEKVK		psite	450
ENSP00000378356	KIF20A	668	VAHQQSGSELA		hprd;psite	450
ENSP00000378356	KIF20A	825	LQGQVSAKKRL		hprd;psite	450
ENSP00000260753	KIF20B	310	DVKGYSFIKDL		hprd;psite	625
ENSP00000260753	KIF20B	488	DTLNSSQEKLF		hprd;pelm;psite	625
ENSP00000260753	KIF20B	560	EDLDKTLEENK		psite	625
ENSP00000260753	KIF20B	1431	KMMLITQAKEA		psite	625
ENSP00000260753	KIF20B	1618	ARKRKSNEMEE		psite	625
ENSP00000260363	KIF23	20	KKGSQTNLKDP		psite	710
ENSP00000260363	KIF23	861	EKYMLTHQELA		hprd;pelm;psite	710
ENSP00000260363	KIF23	867	HQELASDGEIE		hprd;pelm;psite	710
ENSP00000260363	KIF23	911	SRKRRSSTVAP	AURKB	hprd;pelm;psite	710
ENSP00000260363	KIF23	912	RKRRSSTVAPA		hprd;pelm;psite	710
ENSP00000260363	KIF23	927	AESEWTDVETR		psite	710
ENSP00000361298	KIF2C	95	KQKRRSVNSKI	AURKB	pelm;psite	445
ENSP00000361298	KIF2C	116	STRMSTVSELR		hprd;psite	445
ENSP00000361298	KIF2C	192	SVRRKSCLVKE	AURKB;PAK1	psite	445
ENSP00000361298	KIF2C	621	IPGNLSKEEEE		hprd;psite	445
ENSP00000361298	KIF2C	633	SSQMSSFNEAM		hprd;pelm;psite	445
ENSP00000361298	KIF2C	719	ASRQISSKKRP		psite	445
ENSP00000328236	KNTC1	735	PELIPSILEKF		psite	654
ENSP00000328236	KNTC1	1034	KHKPGSTPEPI		hprd;psite	654
ENSP00000379654	KIAA0430	36	FSNCFSRPEQT		psite	582
ENSP00000379654	KIAA0430	536	RLRRLSDNCGG		psite	582
ENSP00000379654	KIAA0430	687	SSAAVSTPKNS		psite	582
ENSP00000348657	NCAPG2	1119	TFMEITLEEDS		hprd;pelm;psite	458
ENSP00000264156	MCM6	119	FQDLPTRHKIR		psite	434
ENSP00000264156	MCM6	557	IVDLHSRIEES		psite	434
ENSP00000264156	MCM6	762	ESEIDSEEELI		hprd;pelm;psite	434
ENSP00000298048	MELK	56	LPRIKTEIEAL	MELK	psite	618
ENSP00000298048	MELK	253	PKKRISMKNLL	MELK	psite	618
ENSP00000298048	MELK	431	VYTPKSAVKNE	MELK	hprd;pelm;psite	618
ENSP00000309871	RACGAP1	144	GNKRLSTIDES	AURKB	hprd;pelm;psite	603
ENSP00000309871	RACGAP1	157	ILSDISFDKTD	PLK1	hprd;pelm;psite	603
ENSP00000309871	RACGAP1	170	LDWDSSLVKTF	PLK1	hprd;pelm;psite	603
ENSP00000309871	RACGAP1	185	REKRRSTSRQF	AURKB	hprd;pelm;psite	603
ENSP00000309871	RACGAP1	249	RSRRKTGTLQP	AKT2;AURKB	psite	603
ENSP00000309871	RACGAP1	579	LLGPVTTPEHQ		hprd;pelm;psite	603
ENSP00000309871	RACGAP1	601	QRVRSTLTKNT		hprd;pelm;psite	603
ENSP00000347427	MINK1	59	KVMDVTEDEEE		psite	434
ENSP00000347427	MINK1	187	VGRRNTFIGTP		hprd;pelm;psite	434
ENSP00000347427	MINK1	326	YEYSGSEEEDD		hprd;pelm;psite	434
ENSP00000347427	MINK1	332	EEEDDSHGEEG		hprd;psite	434
ENSP00000281453	MLF1IP	108	EAKRSSDTSGN		hprd;pelm;psite	507
ENSP00000281453	MLF1IP	111	RSSDTSGNEAS		hprd;pelm;psite	507
ENSP00000281453	MLF1IP	116	SGNEASEIESV		psite	507
ENSP00000281453	MLF1IP	141	SDDSESIEESD		hprd;pelm;psite	507
ENSP00000281453	MLF1IP	194	LSAQPSVEKEN		hprd;psite	507
ENSP00000281453	MLF1IP	300	ESQMLTNLKRK		psite	507
ENSP00000251496	NCAPG	674	GTEINSDDEQE		hprd;pelm;psite	659
ENSP00000251496	NCAPG	975	EADSESDHEVP		hprd;pelm;psite	659
ENSP00000251496	NCAPG	984	VPEPESEMKMR		pelm;psite	659
ENSP00000360621	ORC1	383	RIRRKSSVLTM		psite	605
ENSP00000360621	ORC1	420	EISDSSSDEEE		hprd;pelm;psite	605
ENSP00000360621	ORC1	421	ISDSSSDEEEA		hprd;pelm;psite	605
ENSP00000301905	PBK	14	TPSKLSEKKKS		psite	765
ENSP00000350132	PLN	16	AIRRASTIEMP	PRKACA	hprd;pelm;psite	462
ENSP00000216367	POLE2	188	VLGMITQLKEG		psite	427
ENSP00000377793	PRC1	265	VATIMSGSKAK		hprd;psite	468
ENSP00000377793	PRC1	578	NSVASTYSEFA		psite	468
ENSP00000350491	PRIM1	361	ELDAISTNEEE		psite	424
ENSP00000350491	PRIM1	362	LDAISTNEEEK		psite	424
ENSP00000262293	PRR11	209	LLRKPSLAKAL		psite	478
ENSP00000262293	PRR11	314	GGTPLTNKENM		hprd;psite	478
ENSP00000262293	PRR11	355	PLSTSSFDEQN		hprd;psite	478
ENSP00000267868	RAD51	13	EANADTSVEEE	CSNK2A1	psite	451
ENSP00000267868	RAD51	14	ANADTSVEEES	PLK1	psite	451
ENSP00000228843	RAD51AP1	120	TNVQNSQDKSI		hprd;pelm;psite	606
ENSP00000228843	RAD51AP1	124	NSQDKSIEKHG		psite	606
ENSP00000319417	SKA3	34	LDGEESDFEDY		hprd;pelm;psite	459
ENSP00000319417	SKA3	110	RVKKNSVHEQE		psite	459
ENSP00000319417	SKA3	119	QEAINSDPELS		hprd;pelm;psite	459
ENSP00000319417	SKA3	196	PPTKQSLVKVL		hprd;psite	459
ENSP00000319417	SKA3	276	QQLEKSDAEYT		hprd;psite	459
ENSP00000355958	DTL	410	TVGWASQKKKE		hprd;psite	614
ENSP00000355958	DTL	485	INRRGSVSSVS		hprd;pelm;psite	614
ENSP00000355958	DTL	495	SPKPPSSFKMS		hprd;pelm;psite	614
ENSP00000355958	DTL	520	ITPPASETKIM		psite	614
ENSP00000355958	DTL	558	RRLDSSCLESV		hprd;psite	614
ENSP00000296273	RFC4	28	AASAGSSGENK		psite	410
ENSP00000302955	RRM2	56	IFQEPTEPKTK		psite	409
ENSP00000302955	RRM2	318	IGMNCTLMKQY		psite	409
ENSP00000263753	SGOL1	38	IGKRRSFIAAP		psite	662
ENSP00000263753	SGOL1	459	KIRRLSLSPKK		hprd;psite	662
ENSP00000350447	SGOL2	497	KEKRITNEQEE		hprd;psite	775
ENSP00000350447	SGOL2	1084	SKKRKTSIDPS		hprd;psite	775
ENSP00000350447	SGOL2	1154	DSSFDSVREGL		psite	775
ENSP00000350447	SGOL2	1187	PAFQVSDDEHE		psite	775
ENSP00000306473	SHCBP1	31	EQELASLEKGL		hprd;pelm;psite	655
ENSP00000306473	SHCBP1	273	LSNCNSDSEQE		hprd;pelm;psite	655
ENSP00000306473	SHCBP1	275	NCNSDSEQENI		pelm;psite	655
ENSP00000306473	SHCBP1	634	KKKRLSELGIT		hprd;pelm;psite	655
ENSP00000286398	SMC2	1017	KSKILTTIEDL		hprd;psite	583
ENSP00000341382	SMC4	28	PDGASSDAEPE		hprd;pelm;psite	403
ENSP00000341382	SMC4	44	TESPATAAETA		hprd;pelm;psite	403
ENSP00000341382	SMC4	48	ATAAETASEEL		hprd;psite	403
ENSP00000341382	SMC4	595	LAMNRSRGKVL		psite	403
ENSP00000341382	SMC4	982	NAAEESLPEIQ		hprd;psite	403
ENSP00000323300	SPAG5	334	GRILGSDTESW		hprd;pelm;psite	522
ENSP00000323300	SPAG5	1174	YKTLLSIPEVV		psite	522
ENSP00000282074	SPC25	12	ALFDKSINEFW		hprd;psite	601
ENSP00000218089	STAG2	752	KITESSSTKED		pelm;psite	427
ENSP00000218089	STAG2	1091	EGMQLSLTEES		pelm;psite	427
ENSP00000360944	STIL	395	IHDHDSGVEDE		psite	560
ENSP00000360944	STIL	1136	QSSDNSEDEEE		psite	560
ENSP00000411532	TOP2A	29	AKKRLSVERIY	PRKCA	hprd;pelm;psite	442
ENSP00000411532	TOP2A	230	KFKMQSLDKDI		hprd;psite	442
ENSP00000411532	TOP2A	1106	EENEESDNEKE		hprd;pelm;psite	442
ENSP00000411532	TOP2A	1295	KRNPWSDSESD		hprd;pelm;psite	442
ENSP00000411532	TOP2A	1302	SESDRSSDESN		hprd;psite	442
ENSP00000411532	TOP2A	1343	DFDEKTDDEDF	CSNK2A1;PLK1;PLK3;PRKCB	hprd;pelm;psite	442
ENSP00000411532	TOP2A	1365	TSPKLSNKELK	CSNK2A1	hprd;psite	442
ENSP00000411532	TOP2A	1377	QKSVVSDLEAD	CSNK2A1	hprd;pelm;psite	442
ENSP00000411532	TOP2A	1430	SSTSTTGAKKR		psite	442
ENSP00000411532	TOP2A	1476	SDDSDSNFEKI		hprd;psite	442
ENSP00000411532	TOP2A	1491	VTSKKSKGESD		hprd;pelm;psite	442
ENSP00000300403	TPX2	125	RSLRLSAQKDL		hprd;pelm;psite	544
ENSP00000300403	TPX2	185	AEKNASSPEKA		hprd;psite	544
ENSP00000300403	TPX2	310	KPFNLSQGKKR		hprd;pelm;psite	544
ENSP00000300403	TPX2	359	LPSKSSVTKIC		hprd;pelm;psite	544
ENSP00000300403	TPX2	542	PFSFDSRDKER		hprd;pelm;psite	544
ENSP00000300403	TPX2	646	KKEKKSVAEGL		hprd;psite	544
ENSP00000249776	KNSTRN	171	LSKQKSEEELK		hprd;pelm;psite	484
ENSP00000249776	KNSTRN	237	SETLASRQEST		psite	484
ENSP00000230510	TTK	37	LTDELSLNKIS	TTK	hprd;psite	673
ENSP00000230510	TTK	382	PEVPESNQKQW		psite	673
ENSP00000230510	TTK	393	QSKRKSECINQ		hprd;psite	673
ENSP00000365891	WAS	483	SRAIHSSDEGE	CSNK2A1	hprd;pelm;psite	475
ENSP00000353793	WDHD1	387	NSVDISMLKTG		hprd;pelm;psite	464
ENSP00000353793	WDHD1	394	LKTGSSLLKEE		psite	464
ENSP00000353793	WDHD1	826	AELTATQVEEE		hprd;pelm;psite	464
ENSP00000353793	WDHD1	886	KPGQNSFSKST		psite	464
ENSP00000353793	WDHD1	919	FKVSASSKEPA		hprd;psite	464
ENSP00000353793	WDHD1	984	FQKRNSQTNKT		psite	464
ENSP00000353793	WDHD1	1058	RFRVLSTEERK		psite	464
ENSP00000311429	ZWILCH	75	EKEETSHIEEL		psite	639
ENSP00000311429	ZWILCH	91	AISDFSTGENV		hprd;psite	639
ENSP00000311429	ZWILCH	320	STKKDTEVETL		psite	639
ENSP00000311429	ZWILCH	572	LTLNGSLEERI		psite	639
ENSP00000247191	DLGAP5	224	TVSSTTARKPV		hprd;pelm	608
ENSP00000357643	MKI67	2697	TQESLTAGKAT		hprd;pelm	424
ENSP00000357643	MKI67	2211	CTDKPTTHEKT		hprd;pelm	424
ENSP00000357643	MKI67	2212	TDKPTTHEKTT		hprd;pelm	424
ENSP00000357643	MKI67	2332	GTDKPTTDEKT		hprd;pelm	424
ENSP00000357643	MKI67	1853	TTDEKTTKKIL		hprd;pelm	424
ENSP00000357643	MKI67	1141	SVDTPTSTKQW		hprd;pelm	424
ENSP00000357643	MKI67	413	AADSATKPENL		hprd;pelm	424
ENSP00000357643	MKI67	1263	PVDTPTSTKQR		hprd;pelm	424
ENSP00000357643	MKI67	2836	LEDTATSSKRR		hprd;pelm	424
ENSP00000265748	ANLN	75	RCSDNTEVEVS		hprd;pelm	643
ENSP00000347427	MINK1	324	TEYEYSGSEEE		hprd;pelm	434
ENSP00000306473	SHCBP1	573	ALKIQTSGEPD		hprd;pelm	655
ENSP00000365255	ANKRD26	305	RTGNRTLFEDR		hprd;pelm	439
ENSP00000356319	KIF14	1636	SSPAVSSEECT		hprd;pelm	433
ENSP00000275517	CDCA5	124	NPEAESSSKEG		hprd;pelm	479
ENSP00000275517	CDCA5	125	PEAESSSKEGE		pelm	479
ENSP00000265148	CENPE	22	NSREESLGETA		hprd	661
ENSP00000411532	TOP2A	1360	PPKTKTSPKLS		hprd	442
ENSP00000276014	CCNB3	1038	LQESPTCKEDT		hprd	572
ENSP00000355922	CENPF	2915	PSPIPSVTEKR		hprd	581
ENSP00000355922	CENPF	160	PSQYYSGSKYE		hprd	581
ENSP00000355922	CENPF	162	QYYSGSKYEDL		hprd	581
ENSP00000355922	CENPF	2048	DSQALSLTKCE		hprd	581
ENSP00000377492	HMMR	65	TTLPASARKVK		hprd	673
ENSP00000377492	HMMR	111	IQDLETELEKM		hprd	673
ENSP00000302530	BUB1	306	HQVVETSHEDL		hprd	758
ENSP00000218089	STAG2	1197	AIRRGTSLMED		hprd	427
ENSP00000218089	STAG2	25	HFSSDTDFEDI		hprd	427
ENSP00000218089	STAG2	1198	IRRGTSLMEDD		hprd	427
ENSP00000309871	RACGAP1	145	NKRLSTIDESG	AURKB	hprd	603
ENSP00000309871	RACGAP1	186	EKRRSTSRQFV	AURKB	hprd	603
ENSP00000309871	RACGAP1	234	PIEAVSTIETV		hprd	603
ENSP00000300403	TPX2	179	SAHQDTAEKNA		hprd	544
ENSP00000300403	TPX2	33	TQNIDSWFEEK		hprd	544
ENSP00000300403	TPX2	209	QKFLKSTEEQE		hprd	544
ENSP00000300403	TPX2	316	QGKKRTFDETV		hprd	544
ENSP00000261597	NDC80	34	LYTPQTKEKPT		hprd	657
ENSP00000247191	DLGAP5	661	IPQQTTSPENA		hprd	608
ENSP00000311873	EXO1	700	CSSKDSDSEES		hprd	732
ENSP00000313171	ATAD5	1206	SPKKISSPKKV		hprd	483
ENSP00000356379	ASPM	2138	RISYHTMRKAA		hprd	804
ENSP00000356379	ASPM	482	DISSHSHNKQP		hprd	804
ENSP00000357643	MKI67	2632	GQSTHTHKEPA		hprd	424
ENSP00000357643	MKI67	1636	RRLKTSLGKVG		hprd	424
ENSP00000357643	MKI67	3082	HKLQDSVPENK		hprd	424
ENSP00000357643	MKI67	630	PSKRVSISRSQ		hprd	424
ENSP00000357643	MKI67	3127	KKPMKTSPEMD		hprd	424
ENSP00000357643	MKI67	1848	CTDNPTTDEKT		hprd	424
ENSP00000357643	MKI67	1120	SEESMTDEKTT		hprd	424
ENSP00000249822	ARPP19	10	VPEAASAEEQK		hprd	855
ENSP00000249822	ARPP19	22	MEDKVTSPEKA		hprd	855
ENSP00000260753	KIF20B	1031	EIVKASSKKSH		hprd	625
ENSP00000260753	KIF20B	321	QWIQVSDSKEA		hprd	625
ENSP00000378356	KIF20A	534	LQVSPSLEKGA		hprd	450
ENSP00000265748	ANLN	368	TTPGGTGIKPF		hprd	643
ENSP00000265748	ANLN	536	SLKVTSDPKVE		hprd	643
ENSP00000324020	KIF15	721	SEELRTVQEQM		hprd	555
ENSP00000348657	NCAPG2	1114	HRKLKTFMEIT		hprd	458
ENSP00000348657	NCAPG2	383	FEELYSLLEDP		hprd	458
ENSP00000335463	CASC5	1879	QFLRDTICEES		hprd	650
ENSP00000335463	CASC5	1869	STYRSSQMESQ		hprd	650
ENSP00000335463	CASC5	505	EKTIYSGEENM		hprd	650
ENSP00000271452	NUF2	261	EKMKDTVQKLK		hprd	579
ENSP00000367276	CKAP2	211	KKLSATIPKAT		hprd	503
ENSP00000367276	CKAP2	280	TSANVTIRKGP		hprd	503
ENSP00000347427	MINK1	319	GEKEETEYEYS		hprd	434
ENSP00000328228	CDCA2	561	SQVLKSCRKKK		hprd	518
ENSP00000369871	HAUS6	822	VGGRQTTPESD		hprd	467
ENSP00000369871	HAUS6	811	PMHGGTLLEDV		hprd	467
ENSP00000310842	FANCI	937	RALDVTDKEGE		hprd	403
ENSP00000310842	FANCI	1310	ENEEGTASEHG		hprd	403
ENSP00000281453	MLF1IP	204	NLAIESQSKTQ		hprd	507
ENSP00000260359	NUSAP1	63	QTSASSCDETE		hprd	485
ENSP00000365255	ANKRD26	1325	LNANLSEDEKE		hprd	439
ENSP00000365255	ANKRD26	652	VDDDSSLSEID		hprd	439
ENSP00000377793	PRC1	267	TIMSGSKAKVR		hprd	468
ENSP00000355958	DTL	539	VSQKSSQAEAC		hprd	614
