name	MELK
id	ENSP00000298048
type	Serine/threonine kinase
proline+1_removed	Yes
npartners	272
npartners_with_sites	237
nsites	421
//
motif	score	fg_matches	fg_size	bg_matches	bg_size	fold_increase
..D..[ST]D.E..	625.68	10	2961	0	9383	Inf
..RR.[ST].....	615.31	57	2907	17	9345	10.78
.KR..[ST].....	315.15	29	2575	17	8810	5.84
.....[ST]D.E..	314.01	44	2951	38	9383	3.68
.....[ST]..K..	307.65	275	2850	518	9328	1.74
//
prot_id	prot_name	position	flank	kinase	source	string_score
ENSP00000265748	ANLN	358	CLQSQSKDKST		psite	909
ENSP00000265748	ANLN	449	KGNIWSAEKGG		hprd;pelm;psite	909
ENSP00000355090	ARHGAP11A	285	RKRRQSVGDFV		hprd;pelm;psite	805
ENSP00000355090	ARHGAP11A	339	SSHGFSSKKRK		hprd;pelm;psite	805
ENSP00000356379	ASPM	153	RSLWDTIKKKK		psite	980
ENSP00000356379	ASPM	170	HNRRVSNIQNV		hprd;psite	980
ENSP00000356379	ASPM	370	ILSPDSFIKDN		hprd;pelm;psite	980
ENSP00000356379	ASPM	463	KSNYYSFIKQN		hprd;pelm;psite	980
ENSP00000356379	ASPM	607	IHFSPSEPKTS		hprd;psite	980
ENSP00000356379	ASPM	1516	KESILTIQKYY		psite	980
ENSP00000356379	ASPM	2096	LNLKKTAIKIQ		psite	980
ENSP00000356379	ASPM	2429	RRRFISLKKAT		hprd;pelm;psite	980
ENSP00000287394	ATAD2	60	KAGDGSSVKEV		psite	807
ENSP00000287394	ATAD2	76	TRALRSLRKDA		psite	807
ENSP00000287394	ATAD2	1139	VGDKRSDPEQN		psite	807
ENSP00000287394	ATAD2	1176	NWYLGTIKKRR		psite	807
ENSP00000287394	ATAD2	1200	DHKIESDTEET		hprd;psite	807
ENSP00000287394	ATAD2	1233	KQQNASESKLE		hprd;psite	807
ENSP00000216911	AURKA	116	EEELASKQKNE		hprd;psite	932
ENSP00000216911	AURKA	288	SSRRTTLCGTL	AURKA;PAK1;PRKACA	hprd;pelm;psite	932
ENSP00000217026	MYBL2	28	PEQRDSKCKVK		psite	889
ENSP00000260947	BARD1	412	VMSSPSAMKLL		psite	471
ENSP00000347232	BLM	28	NKLSLSKPKFS		hprd;psite	467
ENSP00000347232	BLM	36	KFSGFTFKKKT		psite	467
ENSP00000347232	BLM	53	SVTNVSVAKTP		hprd;pelm;psite	467
ENSP00000347232	BLM	269	DERDNSEKKKN		psite	467
ENSP00000347232	BLM	328	KDLDTSDRKED		hprd;psite	467
ENSP00000347232	BLM	601	VSERLSSAKTD		hprd;psite	467
ENSP00000347232	BLM	1197	TENSSSVKKQK		psite	467
ENSP00000316121	CDCA8	23	RRKLASFLKDF		hprd;psite	947
ENSP00000316121	CDCA8	154	KKRTQSIQGKG	AURKB	hprd;psite	947
ENSP00000350283	BRCA1	509	RKRRPTSGLHP	AKT1	hprd;pelm;psite	773
ENSP00000350283	BRCA1	615	RLRRKSSTRHI		psite	773
ENSP00000350283	BRCA1	694	SKRHDSDTFPE	AKT1	hprd;psite	773
ENSP00000350283	BRCA1	708	TNAPGSFTKCS		psite	773
ENSP00000350283	BRCA1	988	LFPIKSFVKTK	CHEK1;CHEK2	hprd;pelm;psite	773
ENSP00000350283	BRCA1	1336	QGVGLSDKELV		hprd;pelm;psite	773
ENSP00000350283	BRCA1	1342	DKELVSDDEER		hprd;pelm;psite	773
ENSP00000259008	BRIP1	1239	FKPSPSKNKGM		psite	453
ENSP00000302530	BUB1	563	VSRLPSKPKEE		hprd;psite	973
ENSP00000287598	BUB1B	367	INHILSTRKPG		pelm;psite	933
ENSP00000287598	BUB1B	435	AELLTSAEKRA	TTK	hprd;pelm;psite	933
ENSP00000287598	BUB1B	537	DEFLLSEKKNK		pelm;psite	933
ENSP00000287598	BUB1B	665	YSQTLSIKKLS		psite	933
ENSP00000287598	BUB1B	792	NSAELTVIKVS	PLK1	psite	933
ENSP00000301280	CHAF1A	803	LKRLISENSVY		psite	537
ENSP00000315700	CHAF1B	464	PLPGPSEEKTL		psite	729
ENSP00000315700	CHAF1B	485	PSRRVTLNTLQ		hprd;psite	729
ENSP00000335463	CASC5	24	VRRRHSSILKP	AURKB	psite	697
ENSP00000335463	CASC5	25	RRRHSSILKPP		psite	697
ENSP00000335463	CASC5	60	NSRRVSFADTI	AURKB	hprd;pelm;psite	697
ENSP00000335463	CASC5	586	LSISLTDRKTE		psite	697
ENSP00000335463	CASC5	1004	PNFELSQRKSL		psite	697
ENSP00000335463	CASC5	1093	SQRRKSLKLKN		psite	697
ENSP00000335463	CASC5	1675	KVRRCSLGIFL		hprd;pelm;psite	697
ENSP00000335463	CASC5	1690	NKRNCSVTGID		hprd;pelm;psite	697
ENSP00000256442	CCNB1	321	DVEQHTLAKYL		hprd;psite	960
ENSP00000288207	CCNB2	8	LLRRPTVSSDL		psite	967
ENSP00000288207	CCNB2	11	RPTVSSDLENI		psite	967
ENSP00000288207	CCNB2	22	DTGVNSKVKSH		psite	967
ENSP00000288207	CCNB2	204	QVQPVSRKKLQ		hprd;psite	967
ENSP00000262643	CCNE1	90	RVYPNSTCKPR		psite	490
ENSP00000262643	CCNE1	399	LTPPQSGKKQS	CDK2	hprd;pelm;psite	490
ENSP00000309181	CCNE2	396	MTPPKSTEKPP		hprd;psite	709
ENSP00000303706	CDC25A	124	LKRSHSDSLDH	CHEK1;CHEK2	hprd;pelm;psite	594
ENSP00000303706	CDC25A	293	TKRRKSMSGAS	CHEK1;CHEK2;RPS6KA1	hprd;pelm;psite	594
ENSP00000303706	CDC25A	519	KREMYSRLKKL		psite	594
ENSP00000245960	CDC25B	178	DGRRKSEAGSG		psite	707
ENSP00000245960	CDC25B	353	NKRRRSVTPPE	AURKA;MAPKAPK2;RPS6KA1	hprd;pelm;psite	707
ENSP00000321656	CDC25C	148	AMCSSSANKEN		hprd;pelm;psite	835
ENSP00000321656	CDC25C	449	LLRCRSQSKVQ		psite	835
ENSP00000360532	CDC5L	303	PAPQISDAELQ		hprd;pelm;psite	766
ENSP00000360532	CDC5L	429	TPRSGTTPKPV		hprd;pelm;psite	766
ENSP00000209728	CDC6	20	PKRKLSRALNK		psite	905
ENSP00000234626	CDC7	27	FQAEGSLKKNE		hprd;psite	709
ENSP00000328228	CDCA2	977	GKRRKSFCIST		psite	879
ENSP00000328228	CDCA2	1000	YRRRSSLNGKG		psite	879
ENSP00000275517	CDCA5	29	KPLRRSQRKSG		hprd;pelm;psite	920
ENSP00000306968	CDCA7	242	RPRRRTFPGVA	AKT1	psite	820
ENSP00000265148	CENPE	422	RKRRVTWCLGK		hprd;pelm;psite	891
ENSP00000265148	CENPE	1886	LEEMKSVMKER		psite	891
ENSP00000265148	CENPE	2083	EKRLLSDGQQH		psite	891
ENSP00000265148	CENPE	2647	SCFFDSRSKSL		hprd;pelm;psite	891
ENSP00000355922	CENPF	106	EGQLNSGKKQI		hprd;pelm;psite	972
ENSP00000355922	CENPF	963	MSSIISLNKRE		hprd;psite	972
ENSP00000355922	CENPF	1259	QSQEISGLKDC		hprd;psite	972
ENSP00000355922	CENPF	1868	SEGLNSDLEMH		hprd;psite	972
ENSP00000355922	CENPF	2082	ARLSESDYEKL		hprd;psite	972
ENSP00000355922	CENPF	2952	PATPESFSKKS		hprd;psite	972
ENSP00000355922	CENPF	3026	ALSPLSLGKEN		hprd;pelm;psite	972
ENSP00000242872	CENPK	194	PLPDRSVKKKK		hprd;psite	857
ENSP00000360540	CEP55	52	GKGKLTDKERH		psite	938
ENSP00000367276	CKAP2	39	LLRRKTLFAYK		psite	865
ENSP00000367276	CKAP2	190	QSKINSFRKPL		psite	865
ENSP00000367276	CKAP2	602	TPYLQSVKKKV		hprd;pelm;psite	865
ENSP00000367276	CKAP2	614	FDGTNSAFKEL		hprd;pelm;psite	865
ENSP00000305204	CKAP2L	499	KEMNISFWKSI		hprd;pelm;psite	872
ENSP00000312995	CLSPN	65	KVLQDSDSETE		hprd;pelm;psite	488
ENSP00000312995	CLSPN	714	AVGFLSVPKSL		psite	488
ENSP00000312995	CLSPN	731	LLFKDSSSKMG		psite	488
ENSP00000312995	CLSPN	987	SGSFPTDKEEE		psite	488
ENSP00000325017	NCAPD2	577	GPAASTQEKNP		hprd;pelm;psite	730
ENSP00000325017	NCAPD2	1315	SQRAPSAKKPS		psite	730
ENSP00000261833	CIT	480	LHRRVSEVEAV		psite	411
ENSP00000261833	CIT	582	SARRRSDLYES		psite	411
ENSP00000261833	CIT	1939	TKRVASSPAPP		hprd;psite	411
ENSP00000361699	CTPS1	581	PDSEITELKFP		hprd;pelm;psite	632
ENSP00000265728	DBF4	502	TDNSGSQPKQK	ATM;ATR	psite	727
ENSP00000383178	DIAPH3	149	REKDFSIKKEM		psite	669
ENSP00000247191	DLGAP5	642	LGTPKSVNKAV		hprd;pelm;psite	951
ENSP00000352516	DNMT1	224	KRRRVTSRERV		hprd;psite	481
ENSP00000352516	DNMT1	328	VNPQISDEKDE		hprd;psite	481
ENSP00000328547	DNMT3B	52	RGRRSSSRLSK		psite	486
ENSP00000328547	DNMT3B	383	KTRRRTADDSA		hprd;psite	486
ENSP00000307143	DONSON	28	RKRARSRGAAA		psite	763
ENSP00000362850	DSN1	57	RIHLGSSPKKG		hprd;pelm;psite	595
ENSP00000362850	DSN1	95	QDRRQSWRRAS		psite	595
ENSP00000362850	DSN1	100	SWRRASMKETN	AURKB	psite	595
ENSP00000362850	DSN1	109	TNRRKSLHPIH	AURKB	hprd;pelm;psite	595
ENSP00000362850	DSN1	245	LSRGSTEAKIT		psite	595
ENSP00000250024	E2F8	46	PLTTPTKPKEG		psite	715
ENSP00000250024	E2F8	396	FTRHPSLIKLV		psite	715
ENSP00000232458	ECT2	345	LNTPNSNRKRR		hprd;pelm;psite	932
ENSP00000232458	ECT2	811	VTRAFSFSKTP		hprd;pelm;psite	932
ENSP00000256383	EIF2S1	58	RRRIRSINKLI		hprd;psite	651
ENSP00000339897	EME1	15	LDSGDSDSEEL		hprd;pelm;psite	487
ENSP00000306999	ESCO2	244	EVIEDSDVETV		hprd;pelm;psite	642
ENSP00000311873	EXO1	422	VKRPRSAELSE		hprd;pelm;psite	913
ENSP00000311873	EXO1	581	KATVFTDEESY		psite	913
ENSP00000311873	EXO1	660	KSEESSDDESH		hprd;psite	913
ENSP00000320147	EZH2	21	RKRVKSEYMRL	AKT1	hprd;pelm;psite	711
ENSP00000320147	EZH2	385	SKDTDSDREAG		hprd;pelm;psite	711
ENSP00000287647	FANCD2	8	SKRRLSKSEDK		hprd;pelm;psite	445
ENSP00000287647	FANCD2	178	PRLIVSQLKWL		hprd;pelm;psite	445
ENSP00000305480	FEN1	197	RHLTASEAKKL		hprd;psite	816
ENSP00000305480	FEN1	364	EPKGSTKKKAK		hprd;psite	816
ENSP00000349356	FIGNL1	571	PLPEASARKQI		psite	652
ENSP00000414109	HJURP	123	EVDATSDQEES		hprd;pelm;psite	919
ENSP00000414109	HJURP	347	NVLDVSCRKTG		psite	919
ENSP00000414109	HJURP	486	ETRRLSLPSSK	AKT1	hprd;psite	919
ENSP00000414109	HJURP	490	LSLPSSKAKAK		hprd;psite	919
ENSP00000342307	FOXM1	768	DTMNDSLSKIL		hprd;pelm;psite	789
ENSP00000230056	GMNN	49	LSAGLSKRKHR		hprd;psite	807
ENSP00000230056	GMNN	203	TVSSSTDAKPC		psite	807
ENSP00000264126	GPSM2	408	LGRRHSMENME	PRKCA	hprd;psite	486
ENSP00000264126	GPSM2	459	KYKTNSSTKVL		psite	486
ENSP00000264126	GPSM2	478	HRIPNSQRKIS		psite	486
ENSP00000264126	GPSM2	638	SLILRSQGKRM		psite	486
ENSP00000264126	GPSM2	677	LEFKNSGKKSA		psite	486
ENSP00000330074	HIST1H1B	39	AKRKATGPPVS		hprd;psite	631
ENSP00000325290	GSG2	288	GPGLSSTGKRR		hprd;psite	462
ENSP00000369871	HAUS6	660	EEKVISDCECV		psite	433
ENSP00000369871	HAUS6	742	DHLEVSCNKPS		psite	433
ENSP00000369871	HAUS6	843	EALKKSLSKKR		psite	433
ENSP00000369871	HAUS6	851	KKREESYLSNS		psite	433
ENSP00000261597	NDC80	44	TFGKLSINKPT		hprd;psite	956
ENSP00000261597	NDC80	50	INKPTSERKVS		hprd;psite	956
ENSP00000261597	NDC80	76	LGIFSSSEKIK		hprd;pelm;psite	956
ENSP00000296503	HMGB2	100	PKRPPSAFFLF		psite	515
ENSP00000377492	HMMR	206	RSLEESQGKIA		psite	930
ENSP00000258729	IGF2BP3	187	QGSPGSVSKQK		hprd;psite	491
ENSP00000258729	IGF2BP3	189	SPGSVSKQKPC		psite	491
ENSP00000378295	INCENP	72	KKRRISYVQDE	AURKB	hprd;pelm;psite	621
ENSP00000378295	INCENP	91	LSRRKSRSSQL		hprd;psite	621
ENSP00000378295	INCENP	214	QGIPTSDEEST		hprd;pelm;psite	621
ENSP00000378295	INCENP	218	TSDEESTPKKS		hprd;pelm;psite	621
ENSP00000378295	INCENP	336	VVRRASRRLAK		psite	621
ENSP00000378295	INCENP	514	TSAPRSVMKSF		hprd;pelm;psite	621
ENSP00000378295	INCENP	518	RSVMKSFIKRN	AURKB	psite	621
ENSP00000378295	INCENP	832	NSDDSTDDEAH		hprd;pelm;psite	621
ENSP00000378295	INCENP	894	HKRTSSAVWNS	AURKB	hprd;pelm;psite	621
ENSP00000357643	MKI67	125	PARRVSRSSFS		hprd;pelm;psite	887
ENSP00000357643	MKI67	374	TGRRESVNLGK	AURKB	hprd;pelm;psite	887
ENSP00000357643	MKI67	411	EDAADSATKPE		hprd;pelm;psite	887
ENSP00000357643	MKI67	507	KRRRVSFGGHL		psite	887
ENSP00000357643	MKI67	598	DQRRRSCKTAP		hprd;psite	887
ENSP00000357643	MKI67	859	LETKTSDTETE		hprd;pelm;psite	887
ENSP00000357643	MKI67	1272	QRPKRSIRKAD		psite	887
ENSP00000357643	MKI67	1291	RNLMPSAGKAM		hprd;psite	887
ENSP00000357643	MKI67	1327	LTENLTGSKRR		hprd;pelm;psite	887
ENSP00000357643	MKI67	1347	ALEDLTGFKEL		psite	887
ENSP00000357643	MKI67	1449	PAASVTGSKRH		psite	887
ENSP00000357643	MKI67	1505	PVDTPTSSKPQ		hprd;psite	887
ENSP00000357643	MKI67	1514	PQSKRSLRKVD		psite	887
ENSP00000357643	MKI67	1533	RKRTPSAGKAM		psite	887
ENSP00000357643	MKI67	1546	PKPAVSGEKNI		hprd;pelm;psite	887
ENSP00000357643	MKI67	1569	LTENLTGSKRR		hprd;pelm;psite	887
ENSP00000357643	MKI67	1691	SAASLTGSKRQ		hprd;pelm;psite	887
ENSP00000357643	MKI67	1721	LFQTPSHTKES		hprd;pelm;psite	887
ENSP00000357643	MKI67	1749	LVDTPTSSKPQ		hprd;pelm;psite	887
ENSP00000357643	MKI67	1758	PQPKRSLRKAD		psite	887
ENSP00000357643	MKI67	1849	TDNPTTDEKTT		hprd;pelm;psite	887
ENSP00000357643	MKI67	1871	PADTPTNTKQR		hprd;pelm;psite	887
ENSP00000357643	MKI67	1880	QRPKRSLKKAD		psite	887
ENSP00000357643	MKI67	2002	QRLKISLGKVG		hprd;pelm;psite	887
ENSP00000357643	MKI67	2021	GKLTQTSGKTT		psite	887
ENSP00000357643	MKI67	2135	IVEELSALKQL		hprd;pelm;psite	887
ENSP00000357643	MKI67	2175	PAASVTGSKRQ		psite	887
ENSP00000357643	MKI67	2233	PVGTPTIFKPQ		hprd;pelm;psite	887
ENSP00000357643	MKI67	2242	PQSKRSLRKAD		psite	887
ENSP00000357643	MKI67	2261	RKRTPSVGKAM		hprd;psite	887
ENSP00000357643	MKI67	2333	TDKPTTDEKTT		hprd;pelm;psite	887
ENSP00000357643	MKI67	2382	RKRTPSAGKAM		psite	887
ENSP00000357643	MKI67	2395	PKPAVSDEKNI		hprd;pelm;psite	887
ENSP00000295746	KIAA1524	409	LDEALTRKKCE		psite	589
ENSP00000295746	KIAA1524	761	NKQIETVKKLN		hprd;psite	589
ENSP00000356319	KIF14	272	SNKFGSLEKRT		hprd;psite	846
ENSP00000356319	KIF14	346	VVQNTSAGKDP		psite	846
ENSP00000356319	KIF14	632	NKSLLTLGKVI		psite	846
ENSP00000356319	KIF14	1192	RRRSRSLMKNR		psite	846
ENSP00000356319	KIF14	1200	KNRRISGCLHD		hprd;pelm;psite	846
ENSP00000263181	KIF18A	357	AKDIKSSLKSN		psite	805
ENSP00000263181	KIF18A	695	VQLNDSLSKEL		hprd;psite	805
ENSP00000263181	KIF18A	834	RKRKLTSSTSN		psite	805
ENSP00000341466	KIF18B	636	KRRRPSALEAD		psite	644
ENSP00000341466	KIF18B	665	CLRRGSLPDTQ		psite	644
ENSP00000341466	KIF18B	676	PSQGPSTPKGE		psite	644
ENSP00000341466	KIF18B	792	KKRVASSSVSH		psite	644
ENSP00000378356	KIF20A	61	VPSEDSMEKVK		psite	969
ENSP00000378356	KIF20A	825	LQGQVSAKKRL		hprd;psite	969
ENSP00000260753	KIF20B	310	DVKGYSFIKDL		hprd;psite	729
ENSP00000260753	KIF20B	488	DTLNSSQEKLF		hprd;pelm;psite	729
ENSP00000260753	KIF20B	1431	KMMLITQAKEA		psite	729
ENSP00000160827	KIF22	462	GAPLLSTPKRE	CDK2	hprd;psite	796
ENSP00000260363	KIF23	20	KKGSQTNLKDP		psite	974
ENSP00000260363	KIF23	867	HQELASDGEIE		hprd;pelm;psite	974
ENSP00000260363	KIF23	912	RKRRSSTVAPA		hprd;pelm;psite	974
ENSP00000260363	KIF23	927	AESEWTDVETR		psite	974
ENSP00000361298	KIF2C	192	SVRRKSCLVKE	AURKB;PAK1	psite	912
ENSP00000361298	KIF2C	719	ASRQISSKKRP		psite	912
ENSP00000363524	KIF4A	799	KLRRRTFSLTE		hprd;pelm;psite	910
ENSP00000363524	KIF4A	815	SESEDSITKQI		hprd;pelm;psite	910
ENSP00000363524	KIF4A	1001	LLQVASRQKHL		hprd;pelm;psite	910
ENSP00000363524	KIF4A	1028	PKPKPSRVKEK		hprd;pelm;psite	910
ENSP00000363647	KIFC1	33	LPLSGSRLKRR		hprd;psite	472
ENSP00000393963	KIFC1	33	LPLSGSRLKRR		hprd;psite	859
ENSP00000407885	KIFC1	33	LPLSGSRLKRR		hprd;psite	470
ENSP00000363647	KIFC1	359	DERRGTLSGAP		hprd;psite	472
ENSP00000393963	KIFC1	359	DERRGTLSGAP		hprd;psite	859
ENSP00000407885	KIFC1	359	DERRGTLSGAP		hprd;psite	470
ENSP00000332455	KPNA2	105	ARKLLSREKQP	PRKAA1	pelm;psite	803
ENSP00000261366	LMNB1	340	SRRMLTDKERE		psite	862
ENSP00000261366	LMNB1	412	RSVRTTRGKRK		psite	862
ENSP00000263274	LIG1	639	PFQVLTTRKRK		psite	650
ENSP00000263274	LIG1	801	LGTGFSDEELE		psite	650
ENSP00000263274	LIG1	913	GEDSGSDPEDT		hprd;pelm;psite	650
ENSP00000365113	MASTL	319	ESECHSSPKWE		psite	618
ENSP00000365113	MASTL	631	PAVQESNQKML		hprd;pelm;psite	618
ENSP00000348273	MBP	26	TNRGESEKKRN		psite	646
ENSP00000348273	MBP	266	YGGRASDYKSA	PRKCA	hprd;psite	646
ENSP00000348273	MBP	283	VDAQGTLSKIF		psite	646
ENSP00000265056	MCM2	139	GLLYDSDEEDE	CDC7;CDK2;CDK7;CSNK2A1	hprd;pelm;psite	899
ENSP00000229854	MCM3	160	IERRYSDLTTL	DAPK1	hprd;pelm;psite	820
ENSP00000229854	MCM3	711	DPYDFSDTEEE		hprd;pelm;psite	820
ENSP00000262105	MCM4	13	PSRRGSRRGRA		psite	905
ENSP00000262105	MCM4	120	RPDLGSAQKGL		hprd;pelm;psite	905
ENSP00000262105	MCM4	406	VNPRVSNVKSV		hprd;psite	905
ENSP00000216122	MCM5	605	SDRRSSIPITV		psite	792
ENSP00000216122	MCM5	693	QVSEHSIIKDF		psite	792
ENSP00000264156	MCM6	119	FQDLPTRHKIR		psite	853
ENSP00000309871	RACGAP1	157	ILSDISFDKTD	PLK1	hprd;pelm;psite	943
ENSP00000309871	RACGAP1	170	LDWDSSLVKTF	PLK1	hprd;pelm;psite	943
ENSP00000309871	RACGAP1	249	RSRRKTGTLQP	AKT2;AURKB	psite	943
ENSP00000309871	RACGAP1	601	QRVRSTLTKNT		hprd;pelm;psite	943
ENSP00000281453	MLF1IP	194	LSAQPSVEKEN		hprd;psite	891
ENSP00000281453	MLF1IP	300	ESQMLTNLKRK		psite	891
ENSP00000377617	MTHFD2	191	RTGIPTLGKNV		psite	437
ENSP00000251496	NCAPG	674	GTEINSDDEQE		hprd;pelm;psite	970
ENSP00000251496	NCAPG	975	EADSESDHEVP		hprd;pelm;psite	970
ENSP00000251496	NCAPG	984	VPEPESEMKMR		pelm;psite	970
ENSP00000240423	NCAPH	70	LQRRRSRVFDL		hprd;pelm;psite	925
ENSP00000240423	NCAPH	570	LQAADSDDEDL	CSNK2A1	psite	925
ENSP00000355966	NEK2	171	LNHDTSFAKTF	NEK2	psite	920
ENSP00000355966	NEK2	304	SSPVLSELKLK		psite	920
ENSP00000355966	NEK2	356	LLKNYSLLKER	NEK2;STK3	psite	920
ENSP00000355966	NEK2	378	LNLPSSVIKKK		psite	920
ENSP00000355966	NEK2	406	ESQLTSKSKCK	STK3	psite	920
ENSP00000355966	NEK2	428	RAQALSDIEKN	NEK2	psite	920
ENSP00000311677	PPP1R8	199	RKRKNSRVTFS	PRKACA	hprd;pelm;psite	692
ENSP00000271002	ITGB3BP	73	NHPSLTESKES		psite	448
ENSP00000231498	NUP155	994	APQSPSVPKKP		hprd;pelm;psite	642
ENSP00000285968	NUP205	1153	PVKPYSDGEGG		psite	499
ENSP00000285968	NUP205	1505	LDRIVSVDKQQ		psite	499
ENSP00000285968	NUP205	1868	VDKISTAQKYV		hprd;psite	499
ENSP00000360621	ORC1	383	RIRRKSSVLTM		psite	743
ENSP00000360621	ORC1	421	ISDSSSDEEEA		hprd;pelm;psite	743
ENSP00000300035	KIAA0101	12	DSVPGTYRKVV		psite	922
ENSP00000382595	PAICS	114	RIATGSFLKRN		hprd;psite	639
ENSP00000301905	PBK	14	TPSKLSEKKKS		psite	968
ENSP00000334675	ERCC6L	813	ADSIATLPKGF		hprd;psite	639
ENSP00000334675	ERCC6L	1028	ARRIVSDGEDE		hprd;psite	639
ENSP00000334675	ERCC6L	1082	SQIPSSVNKSM		hprd;psite	639
ENSP00000300093	PLK1	137	LCRRRSLLELH	MAP3K8	pelm;psite	804
ENSP00000300093	PLK1	335	SSLDPSNRKPL		psite	804
ENSP00000265465	POLA2	126	QKRAISTPETP		hprd;pelm;psite	460
ENSP00000265465	POLA2	229	IEELGSELKEH		hprd;psite	460
ENSP00000216367	POLE2	188	VLGMITQLKEG		psite	773
ENSP00000377793	PRC1	265	VATIMSGSKAK		hprd;psite	942
ENSP00000262293	PRR11	209	LLRKPSLAKAL		psite	651
ENSP00000358925	PSRC1	116	SPRRETFVLKD		psite	440
ENSP00000228843	RAD51AP1	120	TNVQNSQDKSI		hprd;pelm;psite	920
ENSP00000228843	RAD51AP1	124	NSQDKSIEKHG		psite	920
ENSP00000336606	RAD54B	14	QLQGNSFKKPK		psite	419
ENSP00000361043	RAD54L	38	RKRKSSSETQI		psite	856
ENSP00000319417	SKA3	34	LDGEESDFEDY		hprd;pelm;psite	863
ENSP00000319417	SKA3	119	QEAINSDPELS		hprd;pelm;psite	863
ENSP00000319417	SKA3	196	PPTKQSLVKVL		hprd;psite	863
ENSP00000319417	SKA3	276	QQLEKSDAEYT		hprd;psite	863
ENSP00000355958	DTL	410	TVGWASQKKKE		hprd;psite	907
ENSP00000355958	DTL	485	INRRGSVSSVS		hprd;pelm;psite	907
ENSP00000355958	DTL	495	SPKPPSSFKMS		hprd;pelm;psite	907
ENSP00000355958	DTL	520	ITPPASETKIM		psite	907
ENSP00000300738	RRM1	751	NPIQFTLNKEK		psite	744
ENSP00000302955	RRM2	56	IFQEPTEPKTK		psite	973
ENSP00000302955	RRM2	318	IGMNCTLMKQY		psite	973
ENSP00000386348	SAPCD2	219	ERRRHTIASGV		psite	492
ENSP00000257934	ESPL1	1073	TQHLDSVKKVH		pelm;psite	818
ENSP00000257934	ESPL1	1399	NFSDDSDLEDP	PLK1	hprd;pelm;psite	818
ENSP00000257934	ESPL1	1508	EILRGSDGEDS		hprd;pelm;psite	818
ENSP00000257934	ESPL1	1538	LLRLDSSKKKL		psite	818
ENSP00000335321	SF3B1	194	ASQPPSKRKRR		hprd;pelm;psite	622
ENSP00000335321	SF3B1	287	GGATSSARKNR		psite	622
ENSP00000335321	SF3B1	332	PTPGASKRKSR		hprd;pelm;psite	622
ENSP00000335321	SF3B1	400	RNRPLSDEELD		psite	622
ENSP00000263753	SGOL1	459	KIRRLSLSPKK		hprd;psite	812
ENSP00000350447	SGOL2	1187	PAFQVSDDEHE		psite	779
ENSP00000306473	SHCBP1	31	EQELASLEKGL		hprd;pelm;psite	932
ENSP00000306473	SHCBP1	273	LSNCNSDSEQE		hprd;pelm;psite	932
ENSP00000274255	SKP2	72	RKRLKSKGSDK	PIM1	psite	463
ENSP00000274255	SKP2	417	IKCRLTLQKPS	PIM1	psite	463
ENSP00000341382	SMC4	28	PDGASSDAEPE		hprd;pelm;psite	799
ENSP00000341382	SMC4	595	LAMNRSRGKVL		psite	799
ENSP00000323300	SPAG5	334	GRILGSDTESW		hprd;pelm;psite	924
ENSP00000301633	BIRC5	20	KDHRISTFKNW	PLK1;PRKACA	psite	927
ENSP00000301633	BIRC5	140	KIAKETNNKKK	AURKB	pelm;psite	927
ENSP00000268138	TICRR	557	AHQEDSKKKRG		psite	709
ENSP00000268138	TICRR	851	ELRTRSAKKRR		psite	709
ENSP00000268138	TICRR	1115	HQKSLSFSKTT		hprd;psite	709
ENSP00000268138	TICRR	1125	TPRRISHTPQT		psite	709
ENSP00000268138	TICRR	1613	PRASRSLSKPE		psite	709
ENSP00000266732	TMPO	184	DSDRYSDNEEG		hprd;pelm;psite	702
ENSP00000411532	TOP2A	230	KFKMQSLDKDI		hprd;psite	954
ENSP00000411532	TOP2A	1106	EENEESDNEKE		hprd;pelm;psite	954
ENSP00000411532	TOP2A	1295	KRNPWSDSESD		hprd;pelm;psite	954
ENSP00000411532	TOP2A	1343	DFDEKTDDEDF	CSNK2A1;PLK1;PLK3;PRKCB	hprd;pelm;psite	954
ENSP00000411532	TOP2A	1377	QKSVVSDLEAD	CSNK2A1	hprd;pelm;psite	954
ENSP00000411532	TOP2A	1430	SSTSTTGAKKR		psite	954
ENSP00000411532	TOP2A	1469	RKRKPSTSDDS	CSNK2A1	hprd;pelm;psite	954
ENSP00000260810	TOPBP1	853	TPGRPSQQKRK	ATM	hprd;psite	441
ENSP00000260810	TOPBP1	860	QKRKPSTPLSE		hprd;pelm;psite	441
ENSP00000300403	TPX2	125	RSLRLSAQKDL		hprd;pelm;psite	940
ENSP00000300403	TPX2	310	KPFNLSQGKKR		hprd;pelm;psite	940
ENSP00000300403	TPX2	359	LPSKSSVTKIC		hprd;pelm;psite	940
ENSP00000300403	TPX2	542	PFSFDSRDKER		hprd;pelm;psite	940
ENSP00000328203	TRAIP	259	QKDLQSADKEI		hprd;pelm;psite	400
ENSP00000230510	TTK	37	LTDELSLNKIS	TTK	hprd;psite	923
ENSP00000230510	TTK	382	PEVPESNQKQW		psite	923
ENSP00000356243	UBE2T	184	QKRKASQLVGI		hprd;pelm;psite	869
ENSP00000343526	USP1	307	SKRKATSDTLE		psite	421
ENSP00000353793	WDHD1	387	NSVDISMLKTG		hprd;pelm;psite	807
ENSP00000353793	WDHD1	394	LKTGSSLLKEE		psite	807
ENSP00000353793	WDHD1	886	KPGQNSFSKST		psite	807
ENSP00000261015	WDR12	221	WSTVPTDEEDE		psite	490
ENSP00000363055	ZWINT	46	EFVVDSQKKDK		psite	892
ENSP00000350283	BRCA1	405	DGESESNAKVA		hprd;pelm	773
ENSP00000247191	DLGAP5	224	TVSSTTARKPV		hprd;pelm	951
ENSP00000266732	TMPO	67	PPDFSSDEERE		hprd;pelm	702
ENSP00000357643	MKI67	2697	TQESLTAGKAT		hprd;pelm	887
ENSP00000357643	MKI67	2212	TDKPTTHEKTT		hprd;pelm	887
ENSP00000357643	MKI67	1853	TTDEKTTKKIL		hprd;pelm	887
ENSP00000357643	MKI67	1141	SVDTPTSTKQW		hprd;pelm	887
ENSP00000357643	MKI67	1263	PVDTPTSTKQR		hprd;pelm	887
ENSP00000357643	MKI67	2836	LEDTATSSKRR		hprd;pelm	887
ENSP00000275517	CDCA5	124	NPEAESSSKEG		hprd;pelm	920
ENSP00000365113	MASTL	618	DCQEKTSPKGV		hprd;pelm	618
ENSP00000411532	TOP2A	1360	PPKTKTSPKLS		hprd	954
ENSP00000266732	TMPO	57	PLPAGTNSKGP		hprd	702
ENSP00000266732	TMPO	137	GPIVGTTRKLY		hprd	702
ENSP00000266732	TMPO	459	SELMSSFAKTV		hprd	702
ENSP00000266732	TMPO	12	DPSVLTKDKLK		hprd	702
ENSP00000266732	TMPO	355	QSPLSSKRKAL		hprd	702
ENSP00000287647	FANCD2	720	VTSQESGQKLV		hprd	445
ENSP00000355922	CENPF	160	PSQYYSGSKYE		hprd	972
ENSP00000355922	CENPF	2048	DSQALSLTKCE		hprd	972
ENSP00000355922	CENPF	2923	EKRLSSGQNKA		hprd	972
ENSP00000377492	HMMR	65	TTLPASARKVK		hprd	930
ENSP00000300413	SNRPD1	38	DVSMNTHLKAV		hprd	442
ENSP00000240423	NCAPH	459	DAPSQSENKKK		hprd	925
ENSP00000216911	AURKA	66	AQKLVSSHKPV		hprd	932
ENSP00000308450	CDC20	63	RTPGKSSSKVQ		hprd	950
ENSP00000378295	INCENP	373	PQKVGSEQKEP		hprd	621
ENSP00000378295	INCENP	106	LRSKDSVEKLA		hprd	621
ENSP00000347232	BLM	282	EAELHSTEKVP		hprd	467
ENSP00000347232	BLM	336	KEDVLSTSKDL		hprd	467
ENSP00000309871	RACGAP1	145	NKRLSTIDESG	AURKB	hprd	943
ENSP00000309871	RACGAP1	186	EKRRSTSRQFV	AURKB	hprd	943
ENSP00000300403	TPX2	179	SAHQDTAEKNA		hprd	940
ENSP00000261597	NDC80	34	LYTPQTKEKPT		hprd	956
ENSP00000311873	EXO1	700	CSSKDSDSEES		hprd	913
ENSP00000356379	ASPM	2138	RISYHTMRKAA		hprd	980
ENSP00000356379	ASPM	482	DISSHSHNKQP		hprd	980
ENSP00000356379	ASPM	503	TKRKATCTREN		hprd	980
ENSP00000357643	MKI67	1636	RRLKTSLGKVG		hprd	887
ENSP00000357643	MKI67	1120	SEESMTDEKTT		hprd	887
ENSP00000260753	KIF20B	1031	EIVKASSKKSH		hprd	729
ENSP00000260753	KIF20B	321	QWIQVSDSKEA		hprd	729
ENSP00000378356	KIF20A	534	LQVSPSLEKGA		hprd	969
ENSP00000265748	ANLN	368	TTPGGTGIKPF		hprd	909
ENSP00000265748	ANLN	536	SLKVTSDPKVE		hprd	909
ENSP00000234626	CDC7	512	QYSGNSFKKGD		hprd	709
ENSP00000271452	NUF2	261	EKMKDTVQKLK		hprd	927
ENSP00000367276	CKAP2	211	KKLSATIPKAT		hprd	865
ENSP00000367276	CKAP2	280	TSANVTIRKGP		hprd	865
ENSP00000334675	ERCC6L	1153	GETLSSENKSS		hprd	639
ENSP00000334675	ERCC6L	1062	KQFDASTPKND		hprd	639
ENSP00000350447	SGOL2	1085	KKRKTSIDPSP		hprd	779
ENSP00000328228	CDCA2	561	SQVLKSCRKKK		hprd	879
ENSP00000316121	CDCA8	180	GRLEVSMVKPT		hprd	947
ENSP00000310842	FANCI	937	RALDVTDKEGE		hprd	830
ENSP00000281453	MLF1IP	204	NLAIESQSKTQ		hprd	891
ENSP00000377793	PRC1	267	TIMSGSKAKVR		hprd	942
