name	MET
id	ENSP00000317272
type	Tyrosine kinase
proline+1_removed	No
npartners	217
npartners_with_sites	163
nsites	80
//
motif	score	fg_matches	fg_size	bg_matches	bg_size	fold_increase
.....Y.VPP.	324.61	12	649	0	10000	Inf
.....Y..P..	6.53	67	637	544	10000	1.93
//
prot_id	prot_name	position	flank	kinase	source	string_score
ENSP00000222693	CAV2	27	HSGLEYADPEK		hprd;pelm;psite	415
ENSP00000264033	CBL	700	EEDTEYMTPSS	EGFR;FYN;INSR;LCK;SYK;YES1	hprd;pelm;psite	999
ENSP00000264033	CBL	774	NEDDGYDVPKP	EGFR;FYN;LCK;SRC;SYK;YES1	hprd;pelm;psite	999
ENSP00000264122	CBLB	665	LGSEEYDVPPR		psite	800
ENSP00000264122	CBLB	709	EDDDEYKIPSS		psite	800
ENSP00000269141	CDH2	496	VNENPYFAPNP		psite	932
ENSP00000269122	CLTC	1634	TQPIVYGQPQL		psite	428
ENSP00000301843	CTTN	433	KAELSYRGPVS		hprd;psite	724
ENSP00000300574	CRK	221	PEPGPYAQPSV	ABL1;ABL2;EGFR	hprd;pelm;psite	929
ENSP00000346300	CRKL	132	YVRTLYDFPGN		hprd;psite	919
ENSP00000346300	CRKL	198	RNSNSYGIPEP		hprd;pelm;psite	919
ENSP00000346300	CRKL	207	EPAHAYAQPQT	ABL1	hprd;pelm;psite	919
ENSP00000344456	CTNNB1	489	AVRLHYGLPVV	ABL1	psite	989
ENSP00000382004	CTNND1	248	PSMEGYRAPSR		psite	927
ENSP00000382004	CTNND1	335	PSDQYYWAPLA		psite	927
ENSP00000382004	CTNND1	904	SLDNNYSTPNE		hprd;pelm;psite	927
ENSP00000275493	EGFR	1016	VDADEYLIPQQ	ABL1;EGFR;SRC	hprd;pelm;psite	903
ENSP00000275493	EGFR	1125	SRDPHYQDPHS	SRC	hprd;pelm;psite	903
ENSP00000263025	MAPK3	210	VATRWYRAPEI		psite	907
ENSP00000215832	MAPK1	193	VATRWYRAPEI		psite	910
ENSP00000341189	PTK2	407	DEEDTYTMPST	MET;PTK2;PTK2B;SRC	hprd;pelm;psite	808
ENSP00000341189	PTK2	441	VHQGIYMSPEN	BMX;SRC	psite	808
ENSP00000341189	PTK2	720	PSRPGYPSPRS		psite	808
ENSP00000262995	GAB1	242	QQQMIYDSPPS	INSR;SRC	hprd;pelm;psite	993
ENSP00000262995	GAB1	259	VDSSLYNLPRS	SRC	hprd;pelm;psite	993
ENSP00000262995	GAB1	307	HVSISYDIPPT	EGFR;MET	hprd;pelm;psite	993
ENSP00000262995	GAB1	317	TPGNTYQIPRT	SRC	hprd;pelm;psite	993
ENSP00000262995	GAB1	373	DTDSSYCIPTA	EGFR;INSR;MET;SRC	hprd;pelm;psite	993
ENSP00000262995	GAB1	406	SSQDCYDIPRA	EGFR;MET	hprd;pelm;psite	993
ENSP00000339007	GRB2	209	MFPRNYVTPVN	EGFR;JAK2	hprd;pelm;psite	999
ENSP00000385720	ARHGAP35	1087	FDPSDYAEPMD		hprd;pelm;psite	908
ENSP00000385720	ARHGAP35	1105	EEENIYSVPHD	SRC	hprd;pelm;psite	908
ENSP00000331201	HGS	308	PASSLYSSPVN		hprd;pelm;psite	963
ENSP00000417281	MDM2	400	QESEDYSQPST	ABL1	hprd;pelm;psite	859
ENSP00000354558	MTOR	1880	KTLLMYTVPAV		psite	468
ENSP00000250003	MYOD1	213	DGMMDYSGPPS		psite	429
ENSP00000288986	NCK1	268	PPQCDYIRPSL		hprd;pelm;psite	900
ENSP00000233154	NCK2	271	APQISYTGPSS		psite	899
ENSP00000383199	NEDD4L	485	PQPSPYNSPKP		psite	801
ENSP00000162330	BCAR1	115	QPDSVYLVPTP	SRC	hprd;psite	905
ENSP00000162330	BCAR1	128	AQQGLYQVPGP	FGFR1;SRC	hprd;pelm;psite	905
ENSP00000162330	BCAR1	165	PATDLYQVPPG	PTK6;SRC	hprd;pelm;psite	905
ENSP00000162330	BCAR1	179	PAQDIYQVPPS	SRC	hprd;psite	905
ENSP00000162330	BCAR1	192	MGHDIYQVPPS	SRC	hprd;psite	905
ENSP00000162330	BCAR1	234	PEQDEYDIPRH	SRC	hprd;pelm;psite	905
ENSP00000162330	BCAR1	249	GPQDIYDVPPV	FGFR1	hprd;pelm;psite	905
ENSP00000162330	BCAR1	267	YGQEVYDTPPM	SRC	hprd;psite	905
ENSP00000162330	BCAR1	287	PLLEVYDVPPS	SRC	hprd;psite	905
ENSP00000162330	BCAR1	306	NHHAVYDVPPS	FGFR1	hprd;pelm;psite	905
ENSP00000162330	BCAR1	327	LREETYDVPPA	FGFR1	hprd;pelm;psite	905
ENSP00000162330	BCAR1	362	PAEDVYDVPPP	SRC	hprd;psite	905
ENSP00000162330	BCAR1	372	PAPDLYDVPPG		hprd;psite	905
ENSP00000162330	BCAR1	387	GPGTLYDVPRE	SRC	hprd;pelm;psite	905
ENSP00000162330	BCAR1	410	VDSGVYAVPPP	FGFR1;PTK2	hprd;pelm;psite	905
ENSP00000289153	PIK3CB	503	NKKQPYYYPPF		psite	889
ENSP00000289153	PIK3CB	504	KKQPYYYPPFD		psite	889
ENSP00000366563	PIK3CD	440	GERCLYMWPSV		pelm;psite	886
ENSP00000262741	PIK3R3	373	AEDLLYGKPDG		psite	808
ENSP00000244007	PLCG1	186	LSQVNYRVPNM		psite	963
ENSP00000244007	PLCG1	959	SELVVYCRPVP		psite	963
ENSP00000244007	PLCG1	1254	SFESRYQQPFE	EGFR	hprd;pelm;psite	963
ENSP00000352288	PLXNB2	419	RILKVYLTPDG		psite	651
ENSP00000361021	PTEN	336	DKANRYFSPNF	FRK	psite	515
ENSP00000361264	RAPGEF1	79	FLPEGYPLPLD		psite	904
ENSP00000361264	RAPGEF1	579	QLLEDYSEPQP		psite	904
ENSP00000361264	RAPGEF1	588	QPSMFYQTPQN		psite	904
ENSP00000267163	RB1	606	TAADMYLSPVR		hprd;pelm;psite	919
ENSP00000267163	RB1	790	IPRSPYKFPSS		psite	919
ENSP00000267163	RB1	805	PGGNIYISPLK	ABL1	psite	919
ENSP00000364995	SHC3	406	GSSDIYSTPEG		psite	808
ENSP00000298229	INPPL1	1162	GLPSDYGRPLS		hprd;pelm;psite	985
ENSP00000323421	SMC1A	600	IDVIRYEPPHI		pelm;psite	619
ENSP00000368831	SNX2	203	YLHVGYIVPPA		psite	619
ENSP00000384675	SOS1	618	LTYHMYADPNF		psite	966
ENSP00000330221	SPSB1	31	LQGLDYCKPTR		psite	635
ENSP00000264657	STAT3	686	EAFGKYCRPES		hprd;psite	800
ENSP00000254351	SDC1	299	ANGGAYQKPTK		hprd;psite	929
ENSP00000263923	KDR	1054	LARDIYKDPDY	KDR	hprd;pelm;psite	701
ENSP00000264033	CBL	337	FREGFYLFPDG		pelm	999
ENSP00000368438	PCNA	250	GHLKYYLAPKI		hprd	424
