name	MINK1
id	ENSP00000347427
type	Serine/threonine kinase
proline+1_removed	Yes
npartners	41
npartners_with_sites	36
nsites	126
//
motif	score	fg_matches	fg_size	bg_matches	bg_size	fold_increase
..R..[ST].....	10.54	66	522	483	9383	2.46
.....[ST].E...	6.44	60	456	588	8900	1.99
//
prot_id	prot_name	position	flank	kinase	source	string_score
ENSP00000300161	YWHAB	60	GARRSSWRVIS	PRKCD	hprd;pelm;psite	619
ENSP00000309503	YWHAZ	58	GARRSSWRVVS	AKT1;MAPKAPK2;PRKACA	hprd;pelm;psite	619
ENSP00000309503	YWHAZ	63	SWRVVSSIEQK		psite	619
ENSP00000309503	YWHAZ	64	WRVVSSIEQKT		psite	619
ENSP00000309503	YWHAZ	207	ELDTLSEESYK		hprd;psite	619
ENSP00000365312	ABI1	200	NTPYKTLEPVK		hprd;psite	619
ENSP00000365312	ABI1	222	PARLGSQHSPG		hprd;psite	619
ENSP00000365312	ABI1	231	PGRTASLNQRP		psite	619
ENSP00000365312	ABI1	238	NQRPRTHSGSS		psite	619
ENSP00000365312	ABI1	240	RPRTHSGSSGG		psite	619
ENSP00000365312	ABI1	248	SGGSGSRENSG		psite	619
ENSP00000365312	ABI1	319	MTRQISRHNST		psite	619
ENSP00000365312	ABI1	323	ISRHNSTTSST		hprd;psite	619
ENSP00000365312	ABI1	338	YRRTPSVTAQF		psite	619
ENSP00000224784	ACTA2	188	AGRDLTDYLMK		psite	619
ENSP00000224784	ACTA2	201	TERGYSFVTTA		psite	619
ENSP00000224784	ACTA2	241	SSLEKSYELPD		psite	619
ENSP00000349588	ANK2	846	EVLDVSDEEGD		hprd;psite	424
ENSP00000349588	ANK2	890	NYLRYSLEGGR		psite	424
ENSP00000349588	ANK2	898	GGRSDSLRSFS		psite	424
ENSP00000349588	ANK2	1221	FSPIVTLEPRR		psite	424
ENSP00000349588	ANK2	1472	EEIDMTSEKND		psite	424
ENSP00000349588	ANK2	1732	ELKKGSSEESL		psite	424
ENSP00000349588	ANK2	1733	LKKGSSEESLG		psite	424
ENSP00000349588	ANK2	2454	HKTPDSLEPSP		psite	424
ENSP00000349588	ANK2	2468	SPCRDSLESSP		pelm;psite	424
ENSP00000349588	ANK2	2642	PKHTGSGEDES		psite	424
ENSP00000349588	ANK2	3390	DNRSKSESDAS		hprd;psite	424
ENSP00000349588	ANK2	3839	EHREESSPRKT		hprd;psite	424
ENSP00000349588	ANK2	3909	IRRYVSSEGTE		psite	424
ENSP00000249822	ARPP19	104	PQRKPSLVASK		hprd;psite	790
ENSP00000349467	CALM1	82	MKDTDSEEEIR		psite	657
ENSP00000349467	CALM1	118	LGEKLTDEEVD		psite	657
ENSP00000345436	CASKIN1	724	SPMSRSQEYLL		psite	619
ENSP00000345436	CASKIN1	1065	VNRRRTLSGPV		psite	619
ENSP00000345436	CASKIN1	1067	RRRTLSGPVTG		psite	619
ENSP00000341743	ENSA	14	NPAEETGEEKQ		psite	790
ENSP00000341743	ENSA	21	EEKQDTQEKEG		psite	790
ENSP00000341743	ENSA	125	PQRKSSLVTSK		hprd;psite	790
ENSP00000342307	FOXM1	191	WLRKMSSDGLG		psite	800
ENSP00000342307	FOXM1	539	EESSHSWEDSS		psite	800
ENSP00000360266	JUN	249	PIDMESQERIK	CSNK2A1;PRKDC	hprd;pelm;psite	401
ENSP00000354560	KIFAP3	60	IIRLKSLNANT		hprd;psite	619
ENSP00000262186	KCNH2	283	SVRRASSADDI	PRKACA	hprd;pelm;psite	508
ENSP00000262186	KCNH2	284	VRRASSADDIE		psite	508
ENSP00000262186	KCNH2	890	RKRKLSFRRRT	PRKACA;PRKCA	psite	508
ENSP00000262186	KCNH2	895	SFRRRTDKDTE	PRKACA	psite	508
ENSP00000262186	KCNH2	1137	PTRRLSLPGQL	PRKACA	hprd;pelm;psite	508
ENSP00000155840	KCNQ1	27	GARRGSAGLAK	PRKACA	psite	609
ENSP00000296755	MAP1B	541	KQRADSRESLK		hprd;pelm;psite	619
ENSP00000296755	MAP1B	561	SVRKESKEETP		hprd;psite	619
ENSP00000296755	MAP1B	582	PPKVESKEKVM		psite	619
ENSP00000296755	MAP1B	936	AGFEESSETGD		psite	619
ENSP00000296755	MAP1B	948	EEKAETEEAEE		psite	619
ENSP00000296755	MAP1B	1016	GEAEQSEEEAD		hprd;pelm;psite	619
ENSP00000296755	MAP1B	1144	PRDVMSDETNN		hprd;psite	619
ENSP00000296755	MAP1B	1156	ETESPSQEFVN		hprd;psite	619
ENSP00000296755	MAP1B	1171	ESSLYSQEYSK		psite	619
ENSP00000296755	MAP1B	1212	ISPPSSMEEDK		psite	619
ENSP00000296755	MAP1B	1302	VSPEVTQEVVE		hprd;psite	619
ENSP00000296755	MAP1B	1317	SPEDKTLEVVS		psite	619
ENSP00000296755	MAP1B	1341	YYQSPTDEKSS		psite	619
ENSP00000296755	MAP1B	1618	CPRPMSISPPD		hprd;pelm;psite	619
ENSP00000296755	MAP1B	1772	SEKVQSLEGEK		hprd;pelm;psite	619
ENSP00000296755	MAP1B	1852	LNRDLSTPGLE		psite	619
ENSP00000296755	MAP1B	1922	SDSGYSYETIG		hprd;pelm;psite	619
ENSP00000296755	MAP1B	1939	EDGDYSYEIIE		hprd;psite	619
ENSP00000296755	MAP1B	1973	EVSGYSYEKTE		psite	619
ENSP00000296755	MAP1B	2024	ESEGYSYETST		psite	619
ENSP00000288986	NCK1	61	VERKNSARKAS		psite	752
ENSP00000288986	NCK1	66	SARKASIVKNL		psite	752
ENSP00000288986	NCK1	85	VKRKPSVPDSA		hprd;pelm;psite	752
ENSP00000288986	NCK1	347	GQRKFSTMEEL		psite	752
ENSP00000221166	NEFM	558	SEKEGSSEKEE		hprd;psite	619
ENSP00000221166	NEFM	783	GGEGGSEEEGS		hprd;pelm;psite	619
ENSP00000374409	PKP4	83	IASTSSTEKSF		psite	619
ENSP00000374409	PKP4	213	AMRRVSSVPSR		psite	619
ENSP00000374409	PKP4	214	MRRVSSVPSRA		psite	619
ENSP00000374409	PKP4	290	IRRIGSVTSRQ		psite	619
ENSP00000374409	PKP4	297	TSRQTSNPNGP		psite	619
ENSP00000374409	PKP4	382	PPRPDSLTGLR		psite	619
ENSP00000374409	PKP4	432	SPNHGTVELQG		psite	619
ENSP00000374409	PKP4	458	LQRTSSQRSTL		psite	619
ENSP00000374409	PKP4	512	TTRSPSIDSIQ		hprd;pelm;psite	619
ENSP00000374409	PKP4	1017	ITPVSTLERDR		pelm;psite	619
ENSP00000374409	PKP4	1138	LQSPHSYEDPY		psite	619
ENSP00000350132	PLN	16	AIRRASTIEMP	PRKACA	hprd;pelm;psite	420
ENSP00000350132	PLN	17	IRRASTIEMPQ	CAMK2A	hprd;pelm;psite	420
ENSP00000370113	PPP2R2A	378	TKRDITLEASR		hprd;psite	792
ENSP00000264977	PPP2R3A	181	LLRSSSVEEKP		psite	540
ENSP00000328968	SCN5A	486	RMSSGTEECGE		psite	563
ENSP00000328968	SCN5A	516	LTRGLSRTSMK	CAMK2D	psite	563
ENSP00000350447	SGOL2	497	KEKRITNEQEE		hprd;psite	427
ENSP00000350447	SGOL2	1140	AFRSLSEIHSP		hprd;psite	427
ENSP00000311489	SPTBN2	166	QIQDISVETED		psite	619
ENSP00000311489	SPTBN2	1060	RRREESLGEAR		psite	619
ENSP00000311489	SPTBN2	2354	MTRAMTMPPVS		psite	619
ENSP00000218089	STAG2	132	CKGVVTAEMFR		psite	400
ENSP00000218089	STAG2	1109	LSREQTLHTPV		psite	400
ENSP00000218089	STAG2	1214	EDVMMSSEGRI		hprd;psite	400
ENSP00000336799	TUBA1B	82	EVRTGTYRQLF		psite	619
ENSP00000336799	TUBA1B	194	LTTHTTLEHSD		psite	619
ENSP00000336799	TUBA1B	232	LNRLISQIVSS		hprd;psite	619
ENSP00000336799	TUBA1B	277	YAPVISAEKAY		psite	619
ENSP00000336799	TUBA1B	439	EVGVDSVEGEG		hprd;pelm;psite	619
ENSP00000224237	VIM	26	ASRPSSSRSYV	PRKCA	hprd;pelm;psite	829
ENSP00000224237	VIM	39	STRTYSLGSAL	AKT1;MAPKAPK2;PRKACA;PRKCA	hprd;pelm;psite	829
ENSP00000224237	VIM	48	ALRPSTSRSLY		hprd;pelm;psite	829
ENSP00000224237	VIM	72	AVRLRSSVPGV	PRKACA;ROCK1	hprd;pelm;psite	829
ENSP00000224237	VIM	316	QAKQESTEYRR		psite	829
ENSP00000224237	VIM	327	QVQSLTCEVDA		hprd;pelm;psite	829
ENSP00000224237	VIM	339	KGTNESLERQM		psite	829
ENSP00000224237	VIM	446	TLLIKTVETRD		hprd;psite	829
ENSP00000288986	NCK1	161	PSNYVTEEGDS		hprd;pelm	752
ENSP00000300161	YWHAB	132	YFRYLSEVASG	PRKCZ	hprd;pelm	619
ENSP00000342307	FOXM1	757	ANRSLTEGLVL		hprd;pelm	800
ENSP00000349588	ANK2	12	AQKSDSGEKFN		hprd	424
ENSP00000349588	ANK2	2661	ESRKVSSSSES		hprd	424
ENSP00000349588	ANK2	2663	RKVSSSSESEP		hprd	424
ENSP00000296755	MAP1B	609	EKEVPSKEEPS		hprd	619
ENSP00000374409	PKP4	447	LYRTGSVGIGN		hprd	619
ENSP00000218089	STAG2	1197	AIRRGTSLMED		hprd	400
ENSP00000218089	STAG2	1198	IRRGTSLMEDD		hprd	400
ENSP00000311489	SPTBN2	1940	RPRDVSSADLV		hprd	619
ENSP00000249822	ARPP19	10	VPEAASAEEQK		hprd	790
ENSP00000350447	SGOL2	1085	KKRKTSIDPSP		hprd	427
