name	MOK
id	ENSP00000355304
type	Serine/threonine kinase
proline+1_removed	No
npartners	19
npartners_with_sites	11
nsites	21
//
motif	score	fg_matches	fg_size	bg_matches	bg_size	fold_increase
.....[ST]P....	6.81	21	92	617	10000	3.7
//
prot_id	prot_name	position	flank	kinase	source	string_score
ENSP00000256442	CCNB1	116	KEEKLSPEPIL		pelm;psite	628
ENSP00000256442	CCNB1	126	LVDTASPSPME	CDK1;MAPK1;PLK1	hprd;pelm;psite	628
ENSP00000256442	CCNB1	128	DTASPSPMETS	CDK1;MAPK1;PLK1	hprd;pelm;psite	628
ENSP00000339007	GRB2	211	PRNYVTPVNRN		hprd;pelm;psite	680
ENSP00000360266	JUN	63	SDLLTSPDVGL	CDK3;MAPK15;MAPK8;MAPK9;PLK3;PRKD1;VRK1	hprd;pelm;psite	650
ENSP00000360266	JUN	73	LLKLASPELER	CDK3;MAPK15;MAPK8;MAPK9;PLK3;VRK1	hprd;pelm;psite	650
ENSP00000360266	JUN	91	GHITTTPTPTQ	MAPK8	pelm;psite	650
ENSP00000360266	JUN	93	ITTTPTPTQFL	MAPK8;PAK2	pelm;psite	650
ENSP00000360266	JUN	239	EMPGETPPLSP	GSK3A;GSK3B	hprd;pelm;psite	650
ENSP00000360266	JUN	243	ETPPLSPIDME	CSNK2A1;GSK3A;GSK3B	hprd;pelm;psite	650
ENSP00000349085	MAGEA1	57	TDPPQSPQGAS		hprd;psite	430
ENSP00000348273	MBP	232	IVTPRTPPPSQ	MAPK1;MAPK3	hprd;pelm;psite	851
ENSP00000367207	MYC	73	FELLPTPPLSP	GSK3A;GSK3B;MAPK1;MAPK10	hprd;pelm;psite	621
ENSP00000367207	MYC	77	PTPPLSPSRRS	CDK5;MAPK1;MAPK10;MAPK8;MAPK9;MTOR	hprd;pelm;psite	621
ENSP00000367207	MYC	86	RSGLCSPSYVA	MAPK10;MAPK8;MAPK9	hprd;pelm;psite	621
ENSP00000367207	MYC	176	RKDSGSPNPAR		hprd;psite	621
ENSP00000367207	MYC	296	RSESGSPSAGG		psite	621
ENSP00000367207	MYC	308	SKPPHSPLVLK		psite	621
ENSP00000367207	MYC	359	NRKCTSPRSSD		hprd;psite	621
ENSP00000348273	MBP	299	DSRSGSPMARR	UHMK1	pelm	851
ENSP00000348273	MBP	229	FKNIVTPRTPP		hprd	851
