name	MTOR
id	ENSP00000354558
type	Serine/threonine kinase
proline+1_removed	Yes
npartners	317
npartners_with_sites	264
nsites	368
//
motif	score	fg_matches	fg_size	bg_matches	bg_size	fold_increase
RPR..[ST].....	628.24	10	2451	0	9364	Inf
R.R..[ST]..S..	623.56	15	2509	1	9383	56.1
..RR.[ST].....	318.71	43	2494	18	9382	8.99
R.R..[ST].....	316.13	48	2441	30	9364	6.14
..R..[ST].....	307.65	245	2393	434	9334	2.2
//
prot_id	prot_name	position	flank	kinase	source	string_score
ENSP00000300161	YWHAB	60	GARRSSWRVIS	PRKCD	hprd;pelm;psite	915
ENSP00000264335	YWHAE	64	SWRIISSIEQK		hprd;psite	904
ENSP00000248975	YWHAH	59	GARRSSWRVIS		pelm;psite	909
ENSP00000306330	YWHAG	59	GARRSSWRVIS	LATS2	psite	959
ENSP00000309503	YWHAZ	58	GARRSSWRVVS	AKT1;MAPKAPK2;PRKACA	hprd;pelm;psite	909
ENSP00000309503	YWHAZ	63	SWRVVSSIEQK		psite	909
ENSP00000361423	ABL1	69	AARWNSKENLL		hprd;psite	745
ENSP00000361423	ABL1	197	HYRINTASDGK	LATS2	psite	745
ENSP00000361423	ABL1	408	LSRLMTGDTYT		psite	745
ENSP00000361423	ABL1	639	PKRSSSFREMD		hprd;psite	745
ENSP00000361423	ABL1	719	SSRLATGEEEG		psite	745
ENSP00000361423	ABL1	737	FLRSCSASCVP		hprd;psite	745
ENSP00000361423	ABL1	754	EWRSVTLPRDL	CLK1;CLK4;MAP3K8;STK3;STK4;TTK	hprd;pelm;psite	745
ENSP00000361423	ABL1	842	LRRQVTVAPAS		psite	745
ENSP00000361423	ABL1	16	DQRRPSLPALH		psite	745
ENSP00000270202	AKT1	72	RPRPNTFIIRC	AKT1	psite	999
ENSP00000270202	AKT1	246	RERVFSEDRAR	AKT1	psite	999
ENSP00000375892	AKT2	458	PDRYDSLGLLE		psite	974
ENSP00000346148	PRKAA1	511	PQRSGSVSNYR	PRKAA1	hprd;pelm;psite	948
ENSP00000346148	PRKAA1	523	CQRSDSDAEAQ		hprd;psite	948
ENSP00000360290	PRKAA2	491	PQRSCSAAGLH		psite	872
ENSP00000360290	PRKAA2	500	LHRPRSSFDST		hprd;psite	872
ENSP00000236959	ATIC	25	FARNLTALGLN		hprd;psite	542
ENSP00000303507	BCR	130	KARPGTARRPG		psite	430
ENSP00000303507	BCR	202	SDRISSLGSQA		psite	430
ENSP00000303507	BCR	215	MERKKSQHGAG		psite	430
ENSP00000303507	BCR	235	PYRGRSSESSC		psite	430
ENSP00000303507	BCR	301	LLRSQSTSEQE		psite	430
ENSP00000303507	BCR	698	TPRRQSMTVKK		psite	430
ENSP00000303507	BCR	1049	PSRKQTGVFGV		psite	430
ENSP00000355231	BECN1	90	PARMMSTESAN		psite	750
ENSP00000355231	BECN1	234	YQREYSEFKRQ		psite	750
ENSP00000355231	BECN1	295	LGRLPSVPVEW		psite	750
ENSP00000357625	BNIP3	149	SMRNTSVMKKG		hprd;psite	434
ENSP00000311032	CASP3	150	GDRCRSLTGKP	MAPK14	pelm;psite	611
ENSP00000351273	CASP8	322	RDRNGTHLDAG		psite	430
ENSP00000227507	CCND1	90	LDRFLSLEPVK	PRKACA	hprd;pelm;psite	944
ENSP00000227507	CCND1	234	LTRFLSRVIKC	PRKACA	hprd;pelm;psite	944
ENSP00000261254	CCND2	269	DQRDGSKSEDE		psite	481
ENSP00000011653	CD4	440	IKRLLSEKKTC	PRKCA	psite	427
ENSP00000303706	CDC25A	76	LQRMGSSESTD	CHEK1;GSK3B	hprd;pelm;psite	523
ENSP00000303706	CDC25A	107	MRRIHSLPQKL		psite	523
ENSP00000303706	CDC25A	124	LKRSHSDSLDH	CHEK1;CHEK2	hprd;pelm;psite	523
ENSP00000303706	CDC25A	178	TQRQNSAPARM	CHEK1;CHEK2	hprd;pelm;psite	523
ENSP00000303706	CDC25A	293	TKRRKSMSGAS	CHEK1;CHEK2;RPS6KA1	hprd;pelm;psite	523
ENSP00000245960	CDC25B	151	IRRFQSMPVRL		psite	442
ENSP00000245960	CDC25B	167	VLRNITNSQAP		psite	442
ENSP00000245960	CDC25B	178	DGRRKSEAGSG		psite	442
ENSP00000245960	CDC25B	230	AQRPSSAPDLM	CHEK1	pelm;psite	442
ENSP00000245960	CDC25B	323	LFRSPSMPCSV	MAPKAPK2;MELK	pelm;psite	442
ENSP00000245960	CDC25B	353	NKRRRSVTPPE	AURKA;MAPKAPK2;RPS6KA1	hprd;pelm;psite	442
ENSP00000245960	CDC25B	375	VLRSKSLCHDE	BRSK1;MAPKAPK2	hprd;pelm;psite	442
ENSP00000405798	CDK16	18	IKRQLSMTLRG	PRKACA	hprd;pelm;psite	609
ENSP00000405798	CDK16	116	PPRKISTEDIN	PRKACA	hprd;pelm;psite	609
ENSP00000405798	CDK16	159	RLRRVSLSEIG	PRKACA	hprd;pelm;psite	609
ENSP00000405798	CDK16	486	SLRSSSMPDSG		hprd;pelm;psite	609
ENSP00000266970	CDK2	39	KIRLDTETEGV	AKT1	hprd;psite	556
ENSP00000266970	CDK2	160	PVRTYTHEVVT	CDK2;CDK20;CDK7;MAPK1;MAPK3	hprd;pelm;psite	556
ENSP00000354856	CLK2	9	PRRYHSSERGS		psite	836
ENSP00000354856	CLK2	34	RRRSRSWSSSS	AKT1	psite	836
ENSP00000354856	CLK2	50	RRREDSYHVRS		hprd;psite	836
ENSP00000354856	CLK2	106	YQRENSSYRSQ		psite	836
ENSP00000354856	CLK2	141	SRRAKSVEDDA		hprd;pelm;psite	836
ENSP00000263056	MAP3K8	62	DERSKSLLLSG		psite	900
ENSP00000263056	MAP3K8	400	QPRCQSLDSAL	AKT1	hprd;pelm;psite	900
ENSP00000387699	CREB1	98	LKRLFSGTQIS	PRKD1	psite	424
ENSP00000387699	CREB1	133	LSRRPSYRKIL	ATM;CAMK4;CAMKK1;DYRK3;MAP3K8;MAPKAPK2;PRKACA;PRKCE;PRKD1;RPS6KA1;RPS6KA2;RPS6KA3;RPS6KA4;RPS6KA5;SGK1;TSSK4	hprd;pelm;psite	424
ENSP00000344456	CTNNB1	332	IMRTYTYEKLL	CAMK2A	psite	913
ENSP00000344456	CTNNB1	472	ALRHLTSRHQE	CAMK2A	psite	913
ENSP00000344456	CTNNB1	552	TQRRTSMGGTQ	AKT1;AKT2;CAMK2A;PRKACA	hprd;pelm;psite	913
ENSP00000286234	DEPTOR	259	DNRKSTSFMSV		psite	998
ENSP00000286234	DEPTOR	280	AVRRSSMSSCG		psite	998
ENSP00000366997	DIS3	599	QLRIDSANMND		psite	402
ENSP00000354923	DMD	3623	LQRSDSSQPML		hprd;pelm;psite	832
ENSP00000302886	PA2G4	335	PMRITSGPFEP		hprd;psite	621
ENSP00000263026	EEF2K	366	QVRTLSGSRPP	RPS6KA1;RPS6KB1;RPS6KB2	psite	611
ENSP00000263026	EEF2K	377	LLRPLSENSGD	MAPKAPK2;MAPKAPK3	hprd;pelm;psite	611
ENSP00000275493	EGFR	678	IVRKRTLRRLL	PKN1;PKN3;PRKCA;PRKCD	hprd;pelm;psite	973
ENSP00000275493	EGFR	1071	LQRYSSDPTGA	CAMK2G	hprd;pelm;psite	973
ENSP00000256383	EIF2S1	58	RRRIRSINKLI		hprd;psite	430
ENSP00000354125	EIF3B	119	DERSDSRAQAV		hprd;pelm;psite	936
ENSP00000262056	EIF4B	131	LPREPSNPERL		hprd;psite	563
ENSP00000262056	EIF4B	205	RARPATDSFDD		psite	563
ENSP00000262056	EIF4B	230	RDRYDSDRYRD		psite	563
ENSP00000262056	EIF4B	359	STRAASIFGGA		hprd;psite	563
ENSP00000262056	EIF4B	406	RERHPSWRSEE		hprd;pelm;psite	563
ENSP00000262056	EIF4B	418	QERERSRTGSE		psite	563
ENSP00000262056	EIF4B	420	RERSRTGSESS		hprd;psite	563
ENSP00000262056	EIF4B	422	RSRTGSESSQT	RPS6KA1;RPS6KB1	hprd;pelm;psite	563
ENSP00000262056	EIF4B	442	ARRRESEKSLE		hprd;psite	563
ENSP00000262056	EIF4B	497	PARSQSSDTEQ		hprd;pelm;psite	563
ENSP00000316879	EIF4G1	204	GARTASTPTPP		hprd;psite	752
ENSP00000316879	EIF4G1	895	IARRRSLGNIK	PAK2	psite	752
ENSP00000316879	EIF4G1	1187	TKRSFSKEVEE	MAP3K8	hprd;pelm;psite	752
ENSP00000297494	NOS3	495	ITRKKTFKEVA	PRKACA;PRKCA;PRKG2	pelm;psite	428
ENSP00000297494	NOS3	615	KIRFNSISCSD	AKT1;PRKACA	pelm;psite	428
ENSP00000297494	NOS3	633	RKRKESSNTDS	PRKAA1;PRKACA;PRKG2	hprd;pelm;psite	428
ENSP00000297494	NOS3	1175	TSRIRTQSFSL		hprd;psite	428
ENSP00000297494	NOS3	1177	RIRTQSFSLQE	AKT1;PRKAA1;PRKACA;PRKG2	hprd;pelm;psite	428
ENSP00000206249	ESR1	154	FYRPNSDNRRQ		pelm;psite	540
ENSP00000206249	ESR1	167	RERLASTNDKG	AKT1;AKT2;CSNK2A1;IKBKE;RPS6KA1;RPS6KA3;RPS6KB1	hprd;pelm;psite	540
ENSP00000206249	ESR1	236	KNRRKSCQACR	PRKACA	pelm;psite	540
ENSP00000304592	FASN	1174	IPRDPSQQELP		psite	419
ENSP00000304592	FASN	1183	LPRLLSAACRL		psite	419
ENSP00000304592	FASN	2236	LMRLNSVQSSE		hprd;pelm;psite	419
ENSP00000281708	FBXW7	227	RRRITSVQPPT	SGK1	psite	720
ENSP00000222308	FKBP8	297	ALRSCSLVLEH		psite	872
ENSP00000306245	FOS	362	AHRKGSSSNEP	PRKACA;RPS6KA1;RPS6KA3	hprd;pelm;psite	427
ENSP00000368880	FOXO1	24	RPRSCTWPLPR	AKT1	hprd;pelm;psite	917
ENSP00000368880	FOXO1	256	RRRAASMDNNS	AKT1	hprd;pelm;psite	917
ENSP00000368880	FOXO1	319	RPRTSSNASTI	AKT1	hprd;pelm;psite	917
ENSP00000339527	FOXO3	30	QSRPRSCTWPL		psite	515
ENSP00000339527	FOXO3	32	RPRSCTWPLQR	AKT1;PIM1;SGK1	hprd;pelm;psite	515
ENSP00000339527	FOXO3	253	RRRAVSMDNSN	AKT1;PIM1;SGK1	hprd;pelm;psite	515
ENSP00000339527	FOXO3	315	RSRTNSNASTV	SGK1	hprd;pelm;psite	515
ENSP00000339527	FOXO3	413	MQRSSSFPYTT	PRKAA2	psite	515
ENSP00000339527	FOXO3	551	GSRALSNSVSN		psite	515
ENSP00000363377	FOXO4	30	QSRPRSCTWPL		psite	469
ENSP00000363377	FOXO4	32	RPRSCTWPLPR	AKT1;AKT2	hprd;pelm;psite	469
ENSP00000363377	FOXO4	197	RRRAASMDSSS	AKT1	hprd;pelm;psite	469
ENSP00000363377	FOXO4	262	RPRSSSNASSV	AKT1	hprd;pelm;psite	469
ENSP00000229239	GAPDH	83	QERDPSKIKWG		hprd;pelm;psite	530
ENSP00000229239	GAPDH	237	AFRVPTANVSV	AKT2	psite	530
ENSP00000324806	GSK3B	9	RPRTTSFAESC	AKT1;AURKA;MAP4K5;PRKACA;PRKCA;PRKCB;PRKCD;PRKCG;PRKCH;RPS6KA1;RPS6KA3;RPS6KB1	hprd;pelm;psite	505
ENSP00000348510	GTF3C1	667	LVRNLSEEGLL	CHEK1	psite	819
ENSP00000348510	GTF3C1	845	GVRPSSSGSAW		psite	819
ENSP00000348510	GTF3C1	1062	RVRKNSSTDQG		hprd;pelm;psite	819
ENSP00000348510	GTF3C1	1173	SARGNSRLNIW		psite	819
ENSP00000348510	GTF3C1	1767	LRRRFSALEKA		hprd;psite	819
ENSP00000348510	GTF3C1	1865	TKRRASWASEN		hprd;pelm;psite	819
ENSP00000264720	GTF3C2	165	LDRPESQSPKR		hprd;pelm;psite	619
ENSP00000264720	GTF3C2	379	INRFSSITAHP		psite	619
ENSP00000408617	HDAC9	454	LNRTQSAPLPQ	CAMK1	psite	428
ENSP00000269571	ERBB2	686	KIRKYTMRRLL	PRKACA;PRKCA	pelm;psite	669
ENSP00000269571	ERBB2	1049	HHRHRSSSTRS		psite	669
ENSP00000269571	ERBB2	1051	RHRSSSTRSGG		psite	669
ENSP00000269571	ERBB2	1172	LERPKTLSPGK		pelm;psite	669
ENSP00000267101	ERBB3	686	LERGESIEPLD		hprd;psite	506
ENSP00000335153	HSP90AA1	185	KIRYESLTDPS		psite	430
ENSP00000335153	HSP90AA1	212	QDRTLTIVDTG	PRKACA	hprd;psite	430
ENSP00000335153	HSP90AA1	745	ALRDNSTMGYM		psite	430
ENSP00000234091	ID2	14	SVRKNSLSDHS		psite	837
ENSP00000268035	IGF1R	1278	GFREVSFYYSE		hprd;psite	926
ENSP00000299421	ILK	181	RPRNGTLNKHS		psite	886
ENSP00000299421	ILK	246	RLRIFSHPNVL	PAK1	psite	886
ENSP00000303830	INSR	361	ELRGCTVINGS		psite	659
ENSP00000303830	INSR	1375	NGRILTLPRSN	PRKCA	hprd;pelm;psite	659
ENSP00000370744	ITPR2	1856	RVRDSTLHLKE		psite	800
ENSP00000370744	ITPR2	2380	VYREETLLNVI		hprd;psite	800
ENSP00000370744	ITPR2	2633	RMRAMSLVSNE		hprd;psite	800
ENSP00000304895	IRS1	268	EFRPRSKSQSS	IKBKB	hprd;pelm;psite	998
ENSP00000304895	IRS1	270	RPRSKSQSSSN	ATR;IKBKB;RPS6KB1	hprd;pelm;psite	998
ENSP00000304895	IRS1	305	TRRSRTESITA		psite	998
ENSP00000304895	IRS1	307	RSRTESITATS	IKBKB;PRKCD;RPS6KB1	hprd;pelm;psite	998
ENSP00000304895	IRS1	330	RVRASSDGEGT	CSNK2B	hprd;psite	998
ENSP00000304895	IRS1	341	MSRPASVDGSP	IKBKB	hprd;pelm;psite	998
ENSP00000304895	IRS1	527	RKRTHSAGTSP	IKBKB;RPS6KB1	hprd;pelm;psite	998
ENSP00000304895	IRS1	603	HHRPDSSTLHT		psite	998
ENSP00000304895	IRS1	629	SGRKGSGDYMP	AKT1	hprd;pelm;psite	998
ENSP00000304895	IRS1	1100	CRRRHSSETFS		hprd;psite	998
ENSP00000304895	IRS1	1101	RRRHSSETFSS	PRKCQ;RPS6KA1;RPS6KB1	hprd;pelm;psite	998
ENSP00000304895	IRS1	1143	VKRHSSASFEN		hprd;psite	998
ENSP00000304895	IRS1	1223	STRRSSEDLSA		hprd;pelm;psite	998
ENSP00000365016	IRS2	304	EFRPRSKSQSS		pelm;psite	926
ENSP00000365016	IRS2	306	RPRSKSQSSGS		hprd;pelm;psite	926
ENSP00000365016	IRS2	344	VRRSRTDSLAA		psite	926
ENSP00000365016	IRS2	346	RSRTDSLAATP		hprd;pelm;psite	926
ENSP00000365016	IRS2	363	SCRVRTASEGD		hprd;pelm;psite	926
ENSP00000365016	IRS2	365	RVRTASEGDGG		hprd;pelm;psite	926
ENSP00000365016	IRS2	384	GARPVSVAGSP		hprd;pelm;psite	926
ENSP00000365016	IRS2	404	LSRSHTLSGGC		psite	926
ENSP00000365016	IRS2	550	MDRPLSHCGRS		hprd;pelm;psite	926
ENSP00000365016	IRS2	560	SYRRVSGDAAQ		hprd;pelm;psite	926
ENSP00000365016	IRS2	575	GLRKRTYSLTT		psite	926
ENSP00000365016	IRS2	577	RKRTYSLTTPA		hprd;pelm;psite	926
ENSP00000365016	IRS2	1148	GRRRHSSETFS		hprd;pelm;psite	926
ENSP00000365016	IRS2	1149	RRRHSSETFSS		hprd;pelm;psite	926
ENSP00000365016	IRS2	1174	PKRHNSASVEN		hprd;pelm;psite	926
ENSP00000365016	IRS2	1186	SLRKSSEGGVG		hprd;psite	926
ENSP00000391676	JAK3	17	PQRSCSLLSTE		psite	422
ENSP00000288135	KIT	746	SVRIGSYIERD	PRKCA	hprd;pelm;psite	463
ENSP00000288135	KIT	959	SVRINSVGSTA	PRKCA	hprd;pelm;psite	463
ENSP00000324856	STK11	31	IHRIDSTEVIY		hprd;psite	734
ENSP00000324856	STK11	307	QIRQHSWFRKK	PRKCZ	psite	734
ENSP00000324856	STK11	334	KDRWRSMTVVP		psite	734
ENSP00000324856	STK11	336	RWRSMTVVPYL	STK11	hprd;psite	734
ENSP00000324856	STK11	428	KIRRLSACKQQ	PRKCZ;RPS6KA3;STK11	hprd;pelm;psite	734
ENSP00000417281	MDM2	164	VSRPSTSSRRR		psite	540
ENSP00000417281	MDM2	172	RRRAISETEEN	AKT1;CSNK1D;DAPK3;MAPKAPK2;PIM1	hprd;pelm;psite	540
ENSP00000417281	MDM2	192	RKRHKSDSISL	AKT1;DAPK3;PIM1	hprd;pelm;psite	540
ENSP00000417281	MDM2	425	FEREETQDKEE	CSNK1D	psite	540
ENSP00000317272	MET	1003	LDRLVSARSVS	PRKCA;PRKCD;PRKCE	hprd;pelm;psite	468
ENSP00000367207	MYC	358	NNRKCTSPRSS		psite	762
ENSP00000364289	NCBP1	21	HKRRKTSDANE	RPS6KB1	hprd;pelm;psite	621
ENSP00000364289	NCBP1	22	KRRKTSDANET	RPS6KB1	hprd;pelm;psite	621
ENSP00000229812	STK38	74	HARKETEFLRL	STK38	hprd;psite	627
ENSP00000388910	NFATC4	335	GKRRYSSSGTP		pelm;psite	849
ENSP00000388910	NFATC4	352	LSRRGSLGEEG	RPS6KA3	hprd;psite	849
ENSP00000388910	NFATC4	397	KTRRTSSEQAV		pelm;psite	849
ENSP00000388910	NFATC4	398	TRRTSSEQAVA		pelm;psite	849
ENSP00000226574	NFKB1	338	QLRRKSDLETS	PRKACA	hprd;pelm;psite	916
ENSP00000226574	NFKB1	938	SFRKLSFTESL		psite	916
ENSP00000384273	RELA	276	QLRRPSDRELS	PIM1;PRKACA;RPS6KA4;RPS6KA5	hprd;pelm;psite	926
ENSP00000384273	RELA	281	SDRELSEPMEF		psite	926
ENSP00000384273	RELA	505	ITRLVTGAQRP		pelm;psite	926
ENSP00000386134	NGDN	202	KRRALSSSVIR		hprd;psite	943
ENSP00000244741	CDKN1A	145	RKRRQTSMTDF	AKT1;DAPK3;PIM1;PIM2;PRKCA	hprd;pelm;psite	540
ENSP00000244741	CDKN1A	146	KRRQTSMTDFY	AKT1;PIM1;PIM2;PRKCA	hprd;pelm;psite	540
ENSP00000228872	CDKN1B	157	RKRPATDDSST	AKT1;PIM1;SGK1	hprd;pelm;psite	517
ENSP00000269305	TP53	366	GSRAHSSHLKS	CHEK2	hprd;psite	879
ENSP00000308413	RPS6KB2	416	PRRLNSSPRAP		psite	967
ENSP00000355759	PARP1	782	LLRGGSDDSSK		hprd;pelm;psite	487
ENSP00000282077	PDK1	346	RPRVETSRAVP		psite	629
ENSP00000344220	PDPK1	241	QARANSFVGTA	PDK1;PDPK1	hprd;pelm;psite	823
ENSP00000344220	PDPK1	410	PQRSGSNIEQY	PDK1;PDPK1	hprd;pelm;psite	823
ENSP00000307235	EIF2AK3	555	RQRKESETQCQ		psite	562
ENSP00000307235	EIF2AK3	802	RSRERTSSSIV		psite	562
ENSP00000307235	EIF2AK3	804	RERTSSSIVFE		psite	562
ENSP00000307235	EIF2AK3	1094	RQRSRSLSSSG		psite	562
ENSP00000307235	EIF2AK3	1096	RSRSLSSSGTK		psite	562
ENSP00000264867	PPARGC1A	208	QRRPCSELLKY		psite	913
ENSP00000264867	PPARGC1A	285	IERTLSVELSG		psite	913
ENSP00000264867	PPARGC1A	571	RSRSRSFSRHR		psite	913
ENSP00000264867	PPARGC1A	636	RPRYDSYEEYQ		psite	913
ENSP00000262039	PIK3C3	165	PGRTSSTLSED		psite	552
ENSP00000263967	PIK3CA	312	YSRRISTATPY		psite	968
ENSP00000263967	PIK3CA	313	SRRISTATPYM		psite	968
ENSP00000366563	PIK3CD	520	LERRGSGELYE		psite	968
ENSP00000352121	PIK3CG	582	HFRYESLKHPK		psite	937
ENSP00000352121	PIK3CG	1024	ALRHHTNLLII		psite	937
ENSP00000274335	PIK3R1	154	LYRTQSSSNLA		psite	927
ENSP00000274335	PIK3R1	265	NARVLSEIFSP		psite	927
ENSP00000349205	PIK3R4	894	PPRSESSAGIC		hprd;psite	460
ENSP00000331602	PRKCD	43	TERGKTLVQKK		hprd;psite	663
ENSP00000331602	PRKCD	304	SRRSDSASSEP	PRKCD	hprd;pelm;psite	663
ENSP00000331602	PRKCD	507	ESRASTFCGTP	PDK1;PDPK1	hprd;pelm;psite	663
ENSP00000343325	PKN1	69	NLRRATTDLGR		psite	565
ENSP00000343325	PKN1	70	LRRATTDLGRS	PKN1	hprd;psite	565
ENSP00000343325	PKN1	246	VLRLLSAAKAP		hprd;psite	565
ENSP00000343325	PKN1	380	YSRSGSLSGRS	PKN1	hprd;psite	565
ENSP00000343325	PKN1	780	GDRTSTFCGTP	PDK1;PDPK1;PKN1	hprd;pelm;psite	565
ENSP00000263088	PLD2	175	LNRLLTMSFYR		psite	945
ENSP00000234313	PLEK	114	FARKSTRRSIR		hprd;pelm;psite	563
ENSP00000268058	PML	480	QKRKCSQTQCP		psite	946
ENSP00000262304	PKD1	2321	GPRGSSTVTIP		hprd;psite	430
ENSP00000262304	PKD1	4252	QGRRSSRAPAG	PRKACA	psite	430
ENSP00000361338	PPAPDC3	62	RERRQSQQLPE		psite	800
ENSP00000370113	PPP2R2A	378	TKRDITLEASR		hprd;psite	635
ENSP00000341698	AKT1S1	73	AHRAATAARPP		hprd;psite	997
ENSP00000341698	AKT1S1	246	RPRLNTSDFQK	AKT1;DYRK3	hprd;pelm;psite	997
ENSP00000361009	PREX1	319	TKRTKSINGSL		psite	670
ENSP00000361009	PREX1	436	RRRKLSTVPKC		psite	670
ENSP00000361009	PREX1	1001	FGRKPSLIGLD		psite	670
ENSP00000337464	PRR5	240	LRRSRSGDVLA	CHEK1	psite	988
ENSP00000337464	PRR5	254	VVRSKSYNTPL		psite	988
ENSP00000337464	PRR5	282	SIRRHSVSEMT		psite	988
ENSP00000368144	PRR5L	28	RPRFMSSPVLS		psite	916
ENSP00000219596	MEFV	208	LRRNASSAGRL		psite	800
ENSP00000219596	MEFV	242	KMRPRSLEVTI		psite	800
ENSP00000348461	RAC1	71	RLRPLSYPQTV	AKT1	hprd;psite	469
ENSP00000307272	RPTOR	719	TPRLRSVSSYG	RPS6KA1	hprd;pelm;psite	999
ENSP00000307272	RPTOR	721	RLRSVSSYGNI	RPS6KA1	psite	999
ENSP00000307272	RPTOR	792	MRRASSYSSLN	PRKAA1	pelm;psite	999
ENSP00000307272	RPTOR	908	SGRPGTTGPAG	ICK	psite	999
ENSP00000025008	RB1CC1	222	LGRLDSLPEHE		hprd;psite	944
ENSP00000025008	RB1CC1	1482	NQRLMSQSMSS		psite	944
ENSP00000351665	CLIP1	312	LKRSPSASSLS	PKN1;PKN3	hprd;psite	992
ENSP00000351665	CLIP1	348	YARKISGTTAL		hprd;psite	992
ENSP00000351665	CLIP1	772	ALRKASSEGKS		psite	992
ENSP00000351665	CLIP1	998	LERKLSDLEKK		hprd;psite	992
ENSP00000351665	CLIP1	1291	NKRQLSSSSGN		psite	992
ENSP00000262187	RHEB	130	MERVISYEEGK		psite	999
ENSP00000272233	RHOB	185	QKRYGSQNGCI	CSNK1A1	psite	476
ENSP00000349959	RICTOR	21	RGRNDSGEENV		hprd;pelm;psite	999
ENSP00000349959	RICTOR	35	LTREPSDNLRE		psite	999
ENSP00000349959	RICTOR	383	PHRARSRPDLM		psite	999
ENSP00000349959	RICTOR	1035	SSRHNSESESV		psite	999
ENSP00000349959	RICTOR	1133	NRRIRTLTEPS		psite	999
ENSP00000349959	RICTOR	1135	RIRTLTEPSVD	AKT1;RPS6KB1;RPS6KB2;SGK1	psite	999
ENSP00000349959	RICTOR	1219	KIRSQSFNTDT		hprd;psite	999
ENSP00000349959	RICTOR	1302	PRRAQSLKAPS		psite	999
ENSP00000382697	ROCK1	407	NRRYLSSANPN		psite	872
ENSP00000382697	ROCK1	1180	HVRPVTQGDVY		hprd;pelm;psite	872
ENSP00000382697	ROCK1	1189	VYRAETEEIPK		psite	872
ENSP00000382697	ROCK1	1333	SPRTLSTRSTA		psite	872
ENSP00000005386	RPAP3	87	KNRIKSYDYEA		hprd;pelm;psite	507
ENSP00000369757	RPS6	235	KRRRLSSLRAS	PAK2;PRKCD;RPS6KA1;RPS6KA3;RPS6KB1	hprd;pelm;psite	988
ENSP00000369757	RPS6	236	RRRLSSLRAST	PAK2;PRKCD;RPS6KA1;RPS6KA3;RPS6KB1	hprd;pelm;psite	988
ENSP00000369757	RPS6	241	SLRASTSKSES		hprd;pelm;psite	988
ENSP00000265960	MAPKAP1	84	GIRRRSNTAQR		psite	999
ENSP00000265960	MAPKAP1	86	RRRSNTAQRLE		psite	999
ENSP00000265960	MAPKAP1	510	LNRRTSFSFQK		hprd;pelm;psite	999
ENSP00000332973	SMAD3	388	EYRRQTVTSTP		psite	838
ENSP00000384675	SOS1	1134	GPRSASVSSIS		hprd;pelm;psite	907
ENSP00000384675	SOS1	1161	RRRPESAPAES		psite	907
ENSP00000350941	SRC	17	SQRRRSLEPAE	PRKACA	hprd;pelm;psite	613
ENSP00000350941	SRC	51	GHRGPSAAFAP		psite	613
ENSP00000265354	SRF	103	LKRSLSEMEIG	CAMK2A;MAPKAPK2;RPS6KA1;RPS6KA5	hprd;pelm;psite	443
ENSP00000265354	SRF	159	KLRRYTTFSKR	DMPK;PRKACA;PRKCA;PRKG1	pelm;psite	443
ENSP00000264657	STAT3	691	YCRPESQEHPE		hprd;pelm;psite	998
ENSP00000301633	BIRC5	21	DHRISTFKNWP	PLK1	psite	534
ENSP00000171887	TNS1	338	LIRWDSYDNFS		pelm;psite	571
ENSP00000171887	TNS1	445	LDRLLSGFGLE		pelm;psite	571
ENSP00000171887	TNS1	621	MFRSQSFSEAE		pelm;psite	571
ENSP00000171887	TNS1	701	FPRAASQQEIE		psite	571
ENSP00000171887	TNS1	899	RRRAASDGQYE		psite	571
ENSP00000171887	TNS1	1107	GPRTPTQPLLE		psite	571
ENSP00000171887	TNS1	1119	GFRSGSLGQPS		psite	571
ENSP00000171887	TNS1	1184	QARHRTVGTNT		psite	571
ENSP00000171887	TNS1	1335	EDRRPTLSRQS		psite	571
ENSP00000171887	TNS1	1393	EKRRMSVGDRA		psite	571
ENSP00000171887	TNS1	1400	GDRAGSLPNYA		psite	571
ENSP00000309572	TERT	227	RRRGGSASRSL	AKT1	hprd;pelm;psite	970
ENSP00000309572	TERT	824	RIRGKSYVQCQ	AKT1	hprd;pelm;psite	970
ENSP00000363089	TLR4	790	LYRLLSRNTYL	PRKD1	psite	854
ENSP00000268184	CRTC3	162	LNRTNSDSALH		psite	454
ENSP00000268184	CRTC3	368	SLRLFSLSNPS		psite	454
ENSP00000268184	CRTC3	410	FSRQLSSTSPL		hprd;psite	454
ENSP00000247668	TRAF2	55	GHRYCSFCLAS	PRKCZ	psite	819
ENSP00000247668	TRAF2	274	LQRCESLEKKT		psite	819
ENSP00000276603	TERF1	273	RTRTITSQDKP	AKT1	psite	625
ENSP00000298552	TSC1	487	ISRELSEITTA		psite	991
ENSP00000298552	TSC1	1100	LFRNKSESQCD		psite	991
ENSP00000219476	TSC2	937	SFRARSTSLNE		psite	998
ENSP00000219476	TSC2	939	RARSTSLNERP	AKT1	hprd;pelm;psite	998
ENSP00000219476	TSC2	946	NERPKSLRIAR		psite	998
ENSP00000219476	TSC2	981	RCRSISVSEHV	AKT1	hprd;pelm;psite	998
ENSP00000219476	TSC2	1130	RDRVRSMSGGH		hprd;psite	998
ENSP00000219476	TSC2	1132	RVRSMSGGHGL		hprd;pelm;psite	998
ENSP00000219476	TSC2	1338	YSRSSSVSSQE		hprd;pelm;psite	998
ENSP00000219476	TSC2	1364	IERVVSSEGGR		hprd;psite	998
ENSP00000219476	TSC2	1420	KARSQSGTLDG		hprd;pelm;psite	998
ENSP00000219476	TSC2	1454	SPRSPSGLRPR		psite	998
ENSP00000219476	TSC2	1462	RPRGYTISDSA	AKT1	hprd;pelm;psite	998
ENSP00000219476	TSC2	1798	RKRLISSVEDF	RPS6KA1	hprd;pelm;psite	998
ENSP00000388107	UBA52	57	DGRTLSDYNIQ		hprd;psite	645
ENSP00000344818	UBC	57	DGRTLSDYNIQ		hprd;psite	471
ENSP00000365576	UBQLN1	260	QDRALSNLESI		psite	621
ENSP00000365576	UBQLN1	277	LRRMYTDIQEP		psite	621
ENSP00000324560	ULK1	467	IRRSGSTSPLG		hprd;pelm;psite	989
ENSP00000324560	ULK1	495	LARKMSLGGGR		psite	989
ENSP00000324560	ULK1	556	GCRLHSAPNLS		hprd;pelm;psite	989
ENSP00000324560	ULK1	660	PPRNRTLPDLS		psite	989
ENSP00000324560	ULK1	694	FGRSFSTSRLT		psite	989
ENSP00000324560	ULK1	775	RTRMFSAGPTG		psite	989
ENSP00000354877	ULK2	148	NRRKSSVSGIR		psite	929
ENSP00000400312	ULK3	219	ASRSFSELEEK		psite	817
ENSP00000293218	UNK	451	LCRNSSLGSPS		psite	507
ENSP00000263923	KDR	1235	KSRPVSVKTFE		psite	575
ENSP00000256474	VHL	72	NSREPSQVIFC	CSNK1A1	psite	499
ENSP00000256474	VHL	111	GRRIHSYRGHL	CHEK2	psite	499
ENSP00000347858	XIAP	32	FNRLKTFANFP		psite	429
ENSP00000262238	YY1	378	HVRIHTGDRPY		hprd;pelm;psite	987
ENSP00000314709	ZHX2	713	VARKATKPMAE		psite	659
ENSP00000300161	YWHAB	132	YFRYLSEVASG	PRKCZ	hprd;pelm	915
ENSP00000263056	MAP3K8	413	RKRLLSRKELE	AKT1	hprd;pelm	900
ENSP00000268058	PML	513	QPRPSTSKAVS		hprd	946
ENSP00000268058	PML	117	LQRRLSVYRQI		hprd	946
ENSP00000348069	SREBF1	1049	FQRDLSSLRRL		hprd	924
ENSP00000265354	SRF	160	LRRYTTFSKRK	CAMK2A	hprd	443
ENSP00000357625	BNIP3	142	PKRTATLSMRN		hprd	434
ENSP00000361202	IRS4	1231	PEREDSDNDDD		hprd	859
ENSP00000361202	IRS4	66	GSRSDSESEEE		hprd	859
ENSP00000230340	BYSL	86	APRERTTRLGP		hprd	839
ENSP00000262056	EIF4B	311	DDRSWSSRDDY		hprd	563
ENSP00000307235	EIF2AK3	862	PPRPTTLSLDL		hprd	562
ENSP00000344220	PDPK1	33	MVRTQTESSTP	PDPK1	hprd	823
ENSP00000356405	CDC73	174	QIRSLSEAMSV		hprd	509
