name	MUSK
id	ENSP00000363571
type	Tyrosine kinase
proline+1_removed	No
npartners	65
npartners_with_sites	51
nsites	29
//
motif	score	fg_matches	fg_size	bg_matches	bg_size	fold_increase
.....Y..P..	6.26	29	190	544	10000	2.81
//
prot_id	prot_name	position	flank	kinase	source	string_score
ENSP00000302397	ATP1A3	548	LGFCHYYLPEE		psite	462
ENSP00000312435	DAG1	863	PNAPPYQPPPP		psite	565
ENSP00000312435	DAG1	886	KNMTPYRSPPP		hprd;psite	565
ENSP00000233668	DOK1	296	SPPALYAEPLD		hprd;pelm;psite	462
ENSP00000233668	DOK1	315	SQDSLYSDPLD		hprd;pelm;psite	462
ENSP00000233668	DOK1	362	KEDPIYDEPEG	INSR	hprd;pelm;psite	462
ENSP00000233668	DOK1	377	PPQGLYDLPRE		hprd;pelm;psite	462
ENSP00000233668	DOK1	398	VKEEGYELPYN	INSR;RET	hprd;pelm;psite	462
ENSP00000233668	DOK1	409	PATDDYAVPPP		hprd;pelm;psite	462
ENSP00000344432	DOK7	405	SLRAHYDTPRS		psite	970
ENSP00000354923	DMD	2885	GLEKLYQEPRE		psite	428
ENSP00000313084	EGFLAM	840	RSYLTYDNPDI		psite	453
ENSP00000301607	EVPL	963	EVVEFYRDPQL		psite	423
ENSP00000306245	FOS	30	DSLSYYHSPAD		psite	429
ENSP00000339007	GRB2	209	MFPRNYVTPVN	EGFR;JAK2	hprd;pelm;psite	517
ENSP00000289153	PIK3CB	503	NKKQPYYYPPF		psite	515
ENSP00000289153	PIK3CB	504	KKQPYYYPPFD		psite	515
ENSP00000366563	PIK3CD	440	GERCLYMWPSV		pelm;psite	517
ENSP00000244007	PLCG1	186	LSQVNYRVPNM		psite	502
ENSP00000244007	PLCG1	959	SELVVYCRPVP		psite	502
ENSP00000244007	PLCG1	1254	SFESRYQQPFE	EGFR	hprd;pelm;psite	502
ENSP00000228307	PXN	31	SEETPYSYPTG	PTK2;PTK6	hprd;pelm;psite	878
ENSP00000228307	PXN	118	EEEHVYSFPNK	FYN;PTK2;PTK6	hprd;pelm;psite	878
ENSP00000228307	PXN	181	ALSPLYGVPET		hprd;pelm;psite	878
ENSP00000046794	LCP2	113	FEEDDYESPND	LCK;SYK;ZAP70	hprd;pelm;psite	845
ENSP00000046794	LCP2	128	EDDGDYESPNE	LCK;SYK;ZAP70	hprd;pelm;psite	845
ENSP00000046794	LCP2	145	EDDADYEPPPS	LCK;TXK;ZAP70	hprd;pelm;psite	845
ENSP00000357182	SH2D2A	260	LPPEVYTIPVP	LCK	psite	469
ENSP00000357182	SH2D2A	280	PSNPIYNEPDE	LCK	hprd;pelm;psite	469
