name	MYO3A
id	ENSP00000265944
type	Serine/threonine kinase
proline+1_removed	Yes
npartners	34
npartners_with_sites	30
nsites	41
//
motif	score	fg_matches	fg_size	bg_matches	bg_size	fold_increase
..R..[ST].....	6.56	36	273	483	9383	2.56
//
prot_id	prot_name	position	flank	kinase	source	string_score
ENSP00000355645	ACTA1	188	AGRDLTDYLMK		psite	920
ENSP00000355645	ACTA1	201	TERGYSFVTTA		psite	920
ENSP00000224784	ACTA2	188	AGRDLTDYLMK		psite	493
ENSP00000224784	ACTA2	201	TERGYSFVTTA		psite	493
ENSP00000290378	ACTC1	188	AGRDLTDYLMK		psite	920
ENSP00000290378	ACTC1	201	TERGYSFVTTA		psite	920
ENSP00000331514	ACTG1	186	AGRDLTDYLMK		psite	505
ENSP00000331514	ACTG1	199	TERGYSFTTTA		psite	505
ENSP00000355537	ACTN2	595	NIRISSSNPYS		psite	720
ENSP00000361027	AMOT	175	HVRSLSERLMQ		psite	899
ENSP00000233607	APC2	517	ILRNLSWRADI		psite	720
ENSP00000233607	APC2	2009	LRRRRSELSSA		psite	720
ENSP00000338967	ARHGAP6	633	LRRKASQSSSP		psite	899
ENSP00000338967	ARHGAP6	820	VSRACSTPHVQ		psite	899
ENSP00000356828	RCSD1	171	KRRPPSRRFRR		psite	540
ENSP00000356828	RCSD1	179	FRRSQSDCGEL	MAPKAPK2	hprd;psite	540
ENSP00000356828	RCSD1	244	LRRSPSRTEKQ	MAPKAPK2	psite	540
ENSP00000356828	RCSD1	268	KARRSSEEVDG		hprd;psite	540
ENSP00000352264	CD2AP	87	VQRISTYGLPA		psite	899
ENSP00000352264	CD2AP	231	KLRTRTSSSET		hprd;psite	899
ENSP00000352264	CD2AP	233	RTRTSSSETEE		hprd;pelm;psite	899
ENSP00000352264	CD2AP	458	PLRPKSVDFDS		hprd;pelm;psite	899
ENSP00000367059	ESPN	342	LSRDPSAELEA		psite	862
ENSP00000338934	EZR	332	KKRRETVEREK		psite	729
ENSP00000338934	EZR	366	AERELSEQIQR		psite	729
ENSP00000300119	MYO1A	996	TQRQLTVTVTE		psite	906
ENSP00000352834	MYO1C	736	EVRRQSLATKI		psite	906
ENSP00000344871	MYO1F	734	ERRRNSINRNF		hprd;psite	416
ENSP00000344871	MYO1F	939	KPRRSSQAPTR		hprd;psite	416
ENSP00000344871	MYO1F	1001	RARPPSEHNTE		psite	416
ENSP00000344871	MYO1F	1023	MQRKRSVGQRP		psite	416
ENSP00000380444	MYO9B	1253	LERPTSLALDS		psite	905
ENSP00000380444	MYO9B	1354	EERRTSFSTSD		pelm;psite	905
ENSP00000380444	MYO9B	1972	IERIQSIKEEK		psite	905
ENSP00000261509	PALLD	479	WFRQGSEIQDS		psite	720
ENSP00000261509	PALLD	669	TARIASDEEIQ		hprd;pelm;psite	720
ENSP00000261509	PALLD	882	SPRSPSGHPHV		hprd;pelm;psite	720
ENSP00000261509	PALLD	892	VRRPRSRSRDS		hprd;pelm;psite	720
ENSP00000261509	PALLD	894	RPRSRSRDSGD	AKT1	hprd;pelm;psite	720
ENSP00000355537	ACTN2	495	WDRLGTLTQKR		hprd	720
ENSP00000352834	MYO1C	415	SWRSTTVLGLL		hprd	906
