name	NEK1
id	ENSP00000408020
type	Serine/threonine kinase
proline+1_removed	Yes
npartners	19
npartners_with_sites	18
nsites	216
//
motif	score	fg_matches	fg_size	bg_matches	bg_size	fold_increase
.....[ST]..E..	10.24	66	417	621	9383	2.39
.....[ST]..S..	8.43	63	264	879	7915	2.15
.....[ST]Q....	8.41	41	305	400	8315	2.79
.....[ST]..D..	8.19	46	351	447	8762	2.57
//
prot_id	prot_name	position	flank	kinase	source	string_score
ENSP00000248975	YWHAH	38	LNEPLSNEDRN		psite	619
ENSP00000371475	TP53BP1	30	LIIEDSQPESQ	ATM	hprd;pelm;psite	619
ENSP00000371475	TP53BP1	34	DSQPESQVLED	ATM	hprd;pelm;psite	619
ENSP00000371475	TP53BP1	68	VLDVVSNPEQT		psite	619
ENSP00000371475	TP53BP1	110	TCGSISQVIEQ		hprd;pelm;psite	619
ENSP00000371475	TP53BP1	129	SVLGMSVESAP		hprd;psite	619
ENSP00000371475	TP53BP1	171	EDTASSQLGFG		psite	619
ENSP00000371475	TP53BP1	181	GVLELSQSQDV		psite	619
ENSP00000371475	TP53BP1	183	LELSQSQDVEE		psite	619
ENSP00000371475	TP53BP1	227	KHEEQSNEDIP		hprd;pelm;psite	619
ENSP00000371475	TP53BP1	306	EPEVLSTQEDL		hprd;psite	619
ENSP00000371475	TP53BP1	307	PEVLSTQEDLF		hprd;pelm;psite	619
ENSP00000371475	TP53BP1	318	DQSNKTVSSDG		hprd;psite	619
ENSP00000371475	TP53BP1	325	SSDGCSTPSRE		psite	619
ENSP00000371475	TP53BP1	328	GCSTPSREEGG		hprd;pelm;psite	619
ENSP00000371475	TP53BP1	387	VPSSPTEQEGR		hprd;pelm;psite	619
ENSP00000371475	TP53BP1	400	KPMDTSVLSEE		hprd;pelm;psite	619
ENSP00000371475	TP53BP1	457	SLPIPSQPQFS		psite	619
ENSP00000371475	TP53BP1	523	CKLMLSTSEYS		hprd;psite	619
ENSP00000371475	TP53BP1	525	LMLSTSEYSQS		hprd;psite	619
ENSP00000371475	TP53BP1	528	STSEYSQSPKM		hprd;pelm;psite	619
ENSP00000371475	TP53BP1	535	SPKMESLSSHR		psite	619
ENSP00000371475	TP53BP1	548	EDGENTQIEDT		hprd;pelm;psite	619
ENSP00000371475	TP53BP1	585	GEVQLSQNDDK		hprd;pelm;psite	619
ENSP00000371475	TP53BP1	591	QNDDKTKGDDT		hprd;psite	619
ENSP00000371475	TP53BP1	598	GDDTDTRDDIS		psite	619
ENSP00000371475	TP53BP1	630	TCDSGSQAVPS		hprd;pelm;psite	619
ENSP00000371475	TP53BP1	645	SEALSSVLDQE		hprd;pelm;psite	619
ENSP00000371475	TP53BP1	664	HPEEGSSGSEV		hprd;pelm;psite	619
ENSP00000371475	TP53BP1	665	PEEGSSGSEVE		hprd;pelm;psite	619
ENSP00000371475	TP53BP1	701	LSLTETQSQGL		psite	619
ENSP00000371475	TP53BP1	703	LTETQSQGLCL		psite	619
ENSP00000371475	TP53BP1	755	AWEEATSEDSS		hprd;pelm;psite	619
ENSP00000371475	TP53BP1	756	WEEATSEDSSV		hprd;pelm;psite	619
ENSP00000371475	TP53BP1	789	EKCSDSQSWED	ATM	hprd;pelm;psite	619
ENSP00000371475	TP53BP1	791	CSDSQSWEDIA		psite	619
ENSP00000371475	TP53BP1	809	ENRLDTKEEKS		psite	619
ENSP00000371475	TP53BP1	836	VEQDSSQPSLP		hprd;pelm;psite	619
ENSP00000371475	TP53BP1	860	LQQPQTQEKTS		hprd;pelm;psite	619
ENSP00000371475	TP53BP1	864	QTQEKTSNSLT		hprd;pelm;psite	619
ENSP00000371475	TP53BP1	867	EKTSNSLTEDS		hprd;pelm;psite	619
ENSP00000371475	TP53BP1	882	AKQLSSDAEAQ		hprd;pelm;psite	619
ENSP00000371475	TP53BP1	897	PSAHASQSFCE		hprd;pelm;psite	619
ENSP00000371475	TP53BP1	899	AHASQSFCESS		psite	619
ENSP00000371475	TP53BP1	1001	LVSPETEASEE		hprd;pelm;psite	619
ENSP00000371475	TP53BP1	1004	PETEASEESLQ		hprd;pelm;psite	619
ENSP00000371475	TP53BP1	1030	TAVAESVASPQ		hprd;psite	619
ENSP00000371475	TP53BP1	1073	LHFPSSQGEEE		hprd;pelm;psite	619
ENSP00000371475	TP53BP1	1091	HTIRQSQQPMK		hprd;psite	619
ENSP00000371475	TP53BP1	1109	PVSPASQKMVI		hprd;pelm;psite	619
ENSP00000371475	TP53BP1	1153	LIERPSQNNIG		psite	619
ENSP00000371475	TP53BP1	1176	TVSAATQTIKN		hprd;pelm;psite	619
ENSP00000371475	TP53BP1	1221	GDDTESLHSQG		hprd;pelm;psite	619
ENSP00000371475	TP53BP1	1224	TESLHSQGEEE	ATM	hprd;pelm;psite	619
ENSP00000371475	TP53BP1	1295	TEVSPSQTGGS		hprd;pelm;psite	619
ENSP00000371475	TP53BP1	1322	LHRTSSGTSLS		hprd;pelm;psite	619
ENSP00000371475	TP53BP1	1324	RTSSGTSLSAM		hprd;psite	619
ENSP00000371475	TP53BP1	1347	LRGKTSGTEPA		hprd;pelm;psite	619
ENSP00000371475	TP53BP1	1373	PRKGVSQTGTP		hprd;pelm;psite	619
ENSP00000371475	TP53BP1	1636	KRKRRSNVSSP		hprd;pelm;psite	619
ENSP00000371475	TP53BP1	1645	SPATPTASSSS		hprd;psite	619
ENSP00000371475	TP53BP1	1647	ATPTASSSSST		psite	619
ENSP00000371475	TP53BP1	1648	TPTASSSSSTT		hprd;psite	619
ENSP00000371475	TP53BP1	1677	KRKLITSEEER		hprd;pelm;psite	619
ENSP00000371475	TP53BP1	1678	RKLITSEEERS		hprd;pelm;psite	619
ENSP00000371475	TP53BP1	1761	LPDGPTGSSEE		hprd;pelm;psite	619
ENSP00000371475	TP53BP1	1763	DGPTGSSEEEE		hprd;pelm;psite	619
ENSP00000371475	TP53BP1	1764	GPTGSSEEEEE		hprd;pelm;psite	619
ENSP00000371475	TP53BP1	1783	KQYTESQLRAG	ATM	psite	619
ENSP00000362441	ATRX	25	DFLAHSSEESE		psite	627
ENSP00000362441	ATRX	26	FLAHSSEESEE		psite	627
ENSP00000362441	ATRX	52	ISGSGSNSDMM		psite	627
ENSP00000362441	ATRX	71	SSSEKSKSSGS		hprd;pelm;psite	627
ENSP00000362441	ATRX	74	EKSKSSGSSRS		hprd;pelm;psite	627
ENSP00000362441	ATRX	92	TKYVESDDEKP		hprd;pelm;psite	627
ENSP00000362441	ATRX	112	ASNENSENDIT		hprd;psite	627
ENSP00000362441	ATRX	566	VKLNISSKDNR		hprd;psite	627
ENSP00000362441	ATRX	634	LGQENSDNEHL		hprd;pelm;psite	627
ENSP00000362441	ATRX	674	ETNPVTSNSDE		hprd;pelm;psite	627
ENSP00000362441	ATRX	675	TNPVTSNSDEE		hprd;pelm;psite	627
ENSP00000362441	ATRX	677	PVTSNSDEECN		hprd;pelm;psite	627
ENSP00000362441	ATRX	684	EECNETVKEKQ		hprd;psite	627
ENSP00000362441	ATRX	703	KDKRNSSDSAI		hprd;psite	627
ENSP00000362441	ATRX	706	RNSSDSAIDNP		hprd;psite	627
ENSP00000362441	ATRX	729	TVDQNSDSDEM		hprd;pelm;psite	627
ENSP00000362441	ATRX	750	SHSSSSDTDIN		psite	627
ENSP00000362441	ATRX	785	KRKSSTSGSDF		psite	627
ENSP00000362441	ATRX	786	RKSSTSGSDFD		psite	627
ENSP00000362441	ATRX	788	SSTSGSDFDTK		psite	627
ENSP00000362441	ATRX	812	KRQTQSESSNY		psite	627
ENSP00000362441	ATRX	815	TQSESSNYDSE		psite	627
ENSP00000362441	ATRX	819	SSNYDSELEKE		psite	627
ENSP00000362441	ATRX	849	TKDFDSSEDEK		hprd;pelm;psite	627
ENSP00000362441	ATRX	850	KDFDSSEDEKH		hprd;pelm;psite	627
ENSP00000362441	ATRX	871	KNLKTSQEGSS		hprd;pelm;psite	627
ENSP00000362441	ATRX	875	TSQEGSSDDAE		hprd;pelm;psite	627
ENSP00000362441	ATRX	889	ERETFSSAEGT		hprd;pelm;psite	627
ENSP00000362441	ATRX	925	GVDKLSGKEQS		psite	627
ENSP00000362441	ATRX	1011	EQQYESSSDGT		hprd;psite	627
ENSP00000362441	ATRX	1073	TGKGDSCDSSE		psite	627
ENSP00000362441	ATRX	1076	GDSCDSSEDKK		psite	627
ENSP00000362441	ATRX	1285	IKANLSSDEDG		psite	627
ENSP00000362441	ATRX	1286	KANLSSDEDGS		psite	627
ENSP00000362441	ATRX	1291	SDEDGSSDDEP		psite	627
ENSP00000362441	ATRX	1292	DEDGSSDDEPE		psite	627
ENSP00000362441	ATRX	1322	KNQVNSESDSD		hprd;psite	627
ENSP00000362441	ATRX	1324	QVNSESDSDSE		hprd;psite	627
ENSP00000362441	ATRX	1326	NSESDSDSEES		hprd;psite	627
ENSP00000362441	ATRX	1346	LRHKLTVSDGE		hprd;psite	627
ENSP00000362441	ATRX	1348	HKLTVSDGESG		hprd;pelm;psite	627
ENSP00000362441	ATRX	1352	VSDGESGEEKK		hprd;pelm;psite	627
ENSP00000362441	ATRX	1434	KVQEDSSSENK		psite	627
ENSP00000362441	ATRX	1442	ENKSNSEEEEE		hprd;psite	627
ENSP00000362441	ATRX	1493	KLRTETQNALK		psite	627
ENSP00000362441	ATRX	1772	ENLLGSIKEFR		hprd;psite	627
ENSP00000362441	ATRX	1906	YFDEDSMDEFI		psite	627
ENSP00000362441	ATRX	1913	DEFIASDSDET		hprd;pelm;psite	627
ENSP00000362441	ATRX	1921	DETSMSLSSDD		psite	627
ENSP00000362441	ATRX	1989	EESKATSSSNP		hprd;pelm;psite	627
ENSP00000362441	ATRX	1992	KATSSSNPSSP		hprd;pelm;psite	627
ENSP00000362441	ATRX	2379	LSRQASQELDV		psite	627
ENSP00000362441	ATRX	2487	KNPGPSQGKSM		psite	627
ENSP00000349351	BICD2	182	LLQDYSELEEE		hprd;pelm;psite	422
ENSP00000349351	BICD2	224	TEYLNSQLEDA		hprd;psite	422
ENSP00000349351	BICD2	331	APPSPSLVSDL		hprd;psite	422
ENSP00000349351	BICD2	408	SKERQTALDNE		psite	422
ENSP00000349351	BICD2	418	EKDRDSHEDGD		psite	422
ENSP00000349351	BICD2	573	SPGGRTSPEAR		hprd;psite	422
ENSP00000349351	BICD2	602	RADGGTGDSSP		psite	422
ENSP00000349351	BICD2	658	RQRIASQELGP		psite	422
ENSP00000341030	CSN2	18	ALARETIESLS		psite	708
ENSP00000341030	CSN2	21	RETIESLSSSE		psite	708
ENSP00000341030	CSN2	23	TIESLSSSEES		hprd;psite	708
ENSP00000341030	CSN2	24	IESLSSSEESI		hprd;psite	708
ENSP00000341030	CSN2	25	ESLSSSEESIT		psite	708
ENSP00000320434	CTNNAL1	374	SKKTKSIAEEL		hprd;psite	636
ENSP00000381167	DYNC2H1	1311	RCLLQSLKDSP		psite	891
ENSP00000278919	FEZ1	298	KEKGLSLQSSR		psite	654
ENSP00000368547	FEZ2	135	LLFDTSDDEEL		hprd;psite	626
ENSP00000368547	FEZ2	195	RLSMLSQEIQT		hprd;psite	626
ENSP00000368547	FEZ2	217	RVKRLSVSELN		psite	626
ENSP00000368020	KIF3A	381	EGEEISGSDIS		hprd;psite	766
ENSP00000368020	KIF3A	383	EEISGSDISGS		psite	766
ENSP00000368020	KIF3A	386	SGSDISGSEED		hprd;psite	766
ENSP00000368020	KIF3A	388	SDISGSEEDDD		hprd;psite	766
ENSP00000325863	MRE11A	74	RKTLHTCLELL		hprd;pelm;psite	619
ENSP00000325863	MRE11A	264	QLFYISQPGSS	ATM	hprd;pelm;psite	619
ENSP00000325863	MRE11A	329	DNPKVTQAIQS		psite	619
ENSP00000325863	MRE11A	382	SVLRFSQKFVD		psite	619
ENSP00000325863	MRE11A	481	YQLEKTQRFLK		psite	619
ENSP00000325863	MRE11A	531	ARALRSQSEES		psite	619
ENSP00000325863	MRE11A	558	QMANDSDDSIS		hprd;pelm;psite	619
ENSP00000325863	MRE11A	590	ASRGGSQRGRA		psite	619
ENSP00000325863	MRE11A	597	RGRADTGLETS		hprd;psite	619
ENSP00000325863	MRE11A	619	ASRNMSIIDAF		hprd;psite	619
ENSP00000325863	MRE11A	649	IEVDESDVEED	CSNK2A1	hprd;pelm;psite	619
ENSP00000325863	MRE11A	669	QRWSSTSSSKI		hprd;psite	619
ENSP00000325863	MRE11A	676	SSKIMSQSQVS		hprd;psite	619
ENSP00000325863	MRE11A	678	KIMSQSQVSKG		hprd;pelm;psite	619
ENSP00000325863	MRE11A	688	GVDFESSEDDD		hprd;pelm;psite	619
ENSP00000325863	MRE11A	689	VDFESSEDDDD		hprd;pelm;psite	619
ENSP00000237596	PKD2	80	PSPPLSSCSRQ		psite	460
ENSP00000237596	PKD2	254	YTRMMSQLFLD		hprd;pelm;psite	460
ENSP00000237596	PKD2	263	LDTPVSKTEKT		hprd;pelm;psite	460
ENSP00000237596	PKD2	801	LPRPMSSRSFP	PRKD2	psite	460
ENSP00000237596	PKD2	812	RSLDDSEEDDD	CSNK2A1	hprd;pelm;psite	460
ENSP00000237596	PKD2	829	SRRRGSISSGV		psite	460
ENSP00000237596	PKD2	852	DRMEHSIGSIV		hprd;pelm;psite	460
ENSP00000261461	PPP2R5A	38	QRQKRSQGSSQ		psite	619
ENSP00000261461	PPP2R5A	42	RSQGSSQFRSQ		hprd;pelm;psite	619
ENSP00000261461	PPP2R5A	46	SSQFRSQGSQA		psite	619
ENSP00000261461	PPP2R5A	49	FRSQGSQAELH		psite	619
ENSP00000219476	TSC2	939	RARSTSLNERP	AKT1	hprd;pelm;psite	653
ENSP00000219476	TSC2	981	RCRSISVSEHV	AKT1	hprd;pelm;psite	653
ENSP00000219476	TSC2	1337	AYSRSSSVSSQ		hprd;pelm;psite	653
ENSP00000219476	TSC2	1338	YSRSSSVSSQE		hprd;pelm;psite	653
ENSP00000219476	TSC2	1340	RSSSVSSQEEK		psite	653
ENSP00000219476	TSC2	1341	SSSVSSQEEKS		hprd;pelm;psite	653
ENSP00000219476	TSC2	1379	LSFQPSQPLSK		psite	653
ENSP00000219476	TSC2	1383	PSQPLSKSSSS		psite	653
ENSP00000219476	TSC2	1385	QPLSKSSSSPE		hprd;pelm;psite	653
ENSP00000219476	TSC2	1387	LSKSSSSPELQ		hprd;pelm;psite	653
ENSP00000219476	TSC2	1418	EVKARSQSGTL		hprd;pelm;psite	653
ENSP00000219476	TSC2	1462	RPRGYTISDSA	AKT1	hprd;pelm;psite	653
ENSP00000219476	TSC2	1761	EEAAYSNPSLP		psite	653
ENSP00000219476	TSC2	1798	RKRLISSVEDF	RPS6KA1	hprd;pelm;psite	653
ENSP00000219476	TSC2	1799	KRLISSVEDFT		psite	653
ENSP00000219476	TSC2	1334	RTDAYSRSSSV		hprd;pelm	653
ENSP00000219476	TSC2	1393	SPELQTLQDIL		hprd;pelm	653
ENSP00000371475	TP53BP1	498	ECSKTSEIEPK		hprd;pelm	619
ENSP00000371475	TP53BP1	667	EGSSGSEVEEI		hprd;pelm	619
ENSP00000362441	ATRX	870	HKNLKTSQEGS		hprd;pelm	627
ENSP00000362441	ATRX	1918	SDSDETSMSLS		hprd;pelm	627
ENSP00000237596	PKD2	858	IGSIVSKIDAV		pelm	460
ENSP00000248975	YWHAH	215	TLNEDSYKDST		hprd	619
ENSP00000237596	PKD2	949	SRPSSSQSTEG		hprd	460
ENSP00000219476	TSC2	1094	QSGPESSSSPG		hprd	653
ENSP00000362441	ATRX	887	KQERETFSSAE		hprd	627
ENSP00000362441	ATRX	745	EVSRMSHSSSS		hprd	627
ENSP00000362441	ATRX	1328	ESDSDSEESKK		hprd	627
ENSP00000362441	ATRX	1440	SSENKSNSEEE		hprd	627
ENSP00000362441	ATRX	977	DQSDETSEDDK		hprd	627
ENSP00000362441	ATRX	978	QSDETSEDDKK		hprd	627
ENSP00000362441	ATRX	65	SKEEGTSSSEK		hprd	627
ENSP00000362441	ATRX	1244	TGFCQSSGDEA		hprd	627
ENSP00000362441	ATRX	1245	GFCQSSGDEAL		hprd	627
ENSP00000325863	MRE11A	602	TGLETSTRSRN		hprd	619
ENSP00000325863	MRE11A	667	TDQRWSSTSSS		hprd	619
ENSP00000325863	MRE11A	668	DQRWSSTSSSK		hprd	619
ENSP00000371475	TP53BP1	335	EEGGCSLASTP		hprd	619
ENSP00000371475	TP53BP1	679	ETPCESQGEEL		hprd	619
ENSP00000371475	TP53BP1	495	LTVECSKTSEI		hprd	619
ENSP00000371475	TP53BP1	285	AKEQLSAQELM		hprd	619
ENSP00000371475	TP53BP1	729	ETSVISIDSPQ		hprd	619
ENSP00000349351	BICD2	605	GGTGDSSPSPG		hprd	422
ENSP00000349351	BICD2	379	EHTRGSLSEQQ		hprd	422
