name	NEK2
id	ENSP00000355966
type	Serine/threonine kinase
proline+1_removed	Yes
npartners	276
npartners_with_sites	243
nsites	198
//
motif	score	fg_matches	fg_size	bg_matches	bg_size	fold_increase
..D..[ST]D.E..	628.21	11	3204	0	9383	Inf
..RR.[ST].....	615.31	59	3141	17	9345	10.33
.....[ST]D.E..	315.9	52	3193	38	9383	4.02
.RR..[ST].....	315.83	42	3082	26	9328	4.89
..KR.[ST].....	20.4	31	2744	19	8722	5.19
//
prot_id	prot_name	position	flank	kinase	source	string_score
ENSP00000306330	YWHAG	59	GARRSSWRVIS	LATS2	psite	899
ENSP00000265748	ANLN	72	SKKRCSDNTEV		hprd;pelm;psite	862
ENSP00000339109	ANAPC1	1058	QYPELSDHEFI		psite	915
ENSP00000314004	ANAPC2	732	MVLIDSDDESD		pelm;psite	899
ENSP00000318775	ANAPC4	758	ELDESSDEEEE		psite	899
ENSP00000355090	ARHGAP11A	285	RKRRQSVGDFV		hprd;pelm;psite	629
ENSP00000355090	ARHGAP11A	847	VRRINSLLEYS		hprd;pelm;psite	629
ENSP00000356379	ASPM	170	HNRRVSNIQNV		hprd;psite	932
ENSP00000356379	ASPM	246	VRRSTTYSSLH		hprd;pelm;psite	932
ENSP00000356379	ASPM	577	ARKRKSDGSME		hprd;psite	932
ENSP00000356379	ASPM	1103	KGKRDSGSFEQ		hprd;pelm;psite	932
ENSP00000356379	ASPM	2429	RRRFISLKKAT		hprd;pelm;psite	932
ENSP00000287394	ATAD2	41	RRRLRSAGAAQ		hprd;psite	709
ENSP00000287394	ATAD2	379	RRRKRSRNRAI		psite	709
ENSP00000287394	ATAD2	1139	VGDKRSDPEQN		psite	709
ENSP00000287394	ATAD2	1200	DHKIESDTEET		hprd;psite	709
ENSP00000216911	AURKA	288	SSRRTTLCGTL	AURKA;PAK1;PRKACA	hprd;pelm;psite	850
ENSP00000216911	AURKA	342	TYKRISRVEFT	AURKA;PAK1	pelm;psite	850
ENSP00000393583	AZI1	35	SRRPGSAATTK		psite	899
ENSP00000393583	AZI1	78	LRRSNSTTQVS		hprd;pelm;psite	899
ENSP00000393583	AZI1	728	VRRLKSLHEAE		hprd;psite	899
ENSP00000316121	CDCA8	165	KGKRSSRANTV	AURKB	hprd;psite	881
ENSP00000350283	BRCA1	509	RKRRPTSGLHP	AKT1	hprd;pelm;psite	651
ENSP00000350283	BRCA1	510	KRRPTSGLHPE		psite	651
ENSP00000350283	BRCA1	615	RLRRKSSTRHI		psite	651
ENSP00000350283	BRCA1	616	LRRKSSTRHIH		psite	651
ENSP00000350283	BRCA1	1336	QGVGLSDKELV		hprd;pelm;psite	651
ENSP00000350283	BRCA1	1342	DKELVSDDEER		hprd;pelm;psite	651
ENSP00000301280	CHAF1A	199	GRRGDSQECSP		hprd;pelm;psite	505
ENSP00000301280	CHAF1A	873	SLKRKSAGSMC		hprd;psite	505
ENSP00000315700	CHAF1B	485	PSRRVTLNTLQ		hprd;psite	526
ENSP00000335463	CASC5	24	VRRRHSSILKP	AURKB	psite	485
ENSP00000335463	CASC5	25	RRRHSSILKPP		psite	485
ENSP00000335463	CASC5	60	NSRRVSFADTI	AURKB	hprd;pelm;psite	485
ENSP00000335463	CASC5	1093	SQRRKSLKLKN		psite	485
ENSP00000335463	CASC5	1448	NSKRVSFKLPK		psite	485
ENSP00000335463	CASC5	1675	KVRRCSLGIFL		hprd;pelm;psite	485
ENSP00000288207	CCNB2	8	LLRRPTVSSDL		psite	907
ENSP00000288207	CCNB2	11	RPTVSSDLENI		psite	907
ENSP00000303706	CDC25A	107	MRRIHSLPQKL		psite	614
ENSP00000303706	CDC25A	293	TKRRKSMSGAS	CHEK1;CHEK2;RPS6KA1	hprd;pelm;psite	614
ENSP00000245960	CDC25B	151	IRRFQSMPVRL		psite	529
ENSP00000245960	CDC25B	178	DGRRKSEAGSG		psite	529
ENSP00000245960	CDC25B	353	NKRRRSVTPPE	AURKA;MAPKAPK2;RPS6KA1	hprd;pelm;psite	529
ENSP00000363322	CDC26	42	EVVGGSDGEGA		hprd;pelm;psite	998
ENSP00000328228	CDCA2	394	KRKRVTFGEDL		hprd;psite	751
ENSP00000328228	CDCA2	614	IRRLGSGYFSS		psite	751
ENSP00000328228	CDCA2	977	GKRRKSFCIST		psite	751
ENSP00000328228	CDCA2	1000	YRRRSSLNGKG		psite	751
ENSP00000306968	CDCA7	242	RPRRRTFPGVA	AKT1	psite	520
ENSP00000343818	CDK5RAP2	548	EKKQSSDYEEL		psite	914
ENSP00000343818	CDK5RAP2	1360	ASHALSDYETS		psite	914
ENSP00000265148	CENPE	422	RKRRVTWCLGK		hprd;pelm;psite	841
ENSP00000355922	CENPF	242	IRRDFSASYFS		psite	944
ENSP00000355922	CENPF	1868	SEGLNSDLEMH		hprd;psite	944
ENSP00000355922	CENPF	2082	ARLSESDYEKL		hprd;psite	944
ENSP00000355922	CENPF	2922	TEKRLSSGQNK		hprd;psite	944
ENSP00000371308	CENPJ	1109	PRRSKSAPPRD		hprd;psite	910
ENSP00000238341	CNTRL	1475	LLQTESDAEEL		psite	914
ENSP00000382271	CEP152	1562	PSGYLSDTEES		psite	909
ENSP00000360540	CEP55	52	GKGKLTDKERH		psite	888
ENSP00000317902	CEP57	55	LRRSPSKPTLA		psite	899
ENSP00000264935	CEP72	346	RFQTFSDQEGL		psite	905
ENSP00000359300	CETN2	138	LGENLTDEELQ		psite	926
ENSP00000367276	CKAP2	39	LLRRKTLFAYK		psite	768
ENSP00000305204	CKAP2L	104	LGKRLTSECVS		hprd;psite	828
ENSP00000263710	CLASP1	280	TRRLGSSTLGS		psite	900
ENSP00000263710	CLASP1	646	RTRRQSSGSAT		hprd;pelm;psite	900
ENSP00000263710	CLASP1	647	TRRQSSGSATN		hprd;pelm;psite	900
ENSP00000263710	CLASP1	798	VLSTSTDLEAA		hprd;pelm;psite	900
ENSP00000265036	DEPDC1B	160	WYKRHSIAIGE		psite	679
ENSP00000348965	DYNC1H1	1230	MRRKDSAIQQQ		psite	899
ENSP00000380308	DYNC1I2	51	PVQEESDLEKK		psite	899
ENSP00000362850	DSN1	95	QDRRQSWRRAS		psite	563
ENSP00000362850	DSN1	100	SWRRASMKETN	AURKB	psite	563
ENSP00000362850	DSN1	109	TNRRKSLHPIH	AURKB	hprd;pelm;psite	563
ENSP00000232458	ECT2	375	PRKRPSAEHSL		psite	834
ENSP00000311873	EXO1	581	KATVFTDEESY		psite	869
ENSP00000311873	EXO1	660	KSEESSDDESH		hprd;psite	869
ENSP00000320147	EZH2	385	SKDTDSDREAG		hprd;pelm;psite	413
ENSP00000414109	HJURP	123	EVDATSDQEES		hprd;pelm;psite	867
ENSP00000414109	HJURP	486	ETRRLSLPSSK	AKT1	hprd;psite	867
ENSP00000264126	GPSM2	408	LGRRHSMENME	PRKCA	hprd;psite	460
ENSP00000261597	NDC80	62	FGKRTSGHGSR		hprd;pelm;psite	986
ENSP00000378295	INCENP	72	KKRRISYVQDE	AURKB	hprd;pelm;psite	419
ENSP00000378295	INCENP	91	LSRRKSRSSQL		hprd;psite	419
ENSP00000378295	INCENP	103	SRRLRSKDSVE		hprd;psite	419
ENSP00000378295	INCENP	214	QGIPTSDEEST		hprd;pelm;psite	419
ENSP00000378295	INCENP	336	VVRRASRRLAK		psite	419
ENSP00000378295	INCENP	452	ARRKRSYKQAV		psite	419
ENSP00000378295	INCENP	832	NSDDSTDDEAH		hprd;pelm;psite	419
ENSP00000378295	INCENP	893	YHKRTSSAVWN	AURKB	hprd;pelm;psite	419
ENSP00000357643	MKI67	125	PARRVSRSSFS		hprd;pelm;psite	751
ENSP00000357643	MKI67	374	TGRRESVNLGK	AURKB	hprd;pelm;psite	751
ENSP00000357643	MKI67	507	KRRRVSFGGHL		psite	751
ENSP00000357643	MKI67	538	PTKRKSLVMHT	AURKB	hprd;pelm;psite	751
ENSP00000357643	MKI67	598	DQRRRSCKTAP		hprd;psite	751
ENSP00000357643	MKI67	648	CSKRRSGASEA		hprd;pelm;psite	751
ENSP00000357643	MKI67	859	LETKTSDTETE		hprd;pelm;psite	751
ENSP00000356319	KIF14	1192	RRRSRSLMKNR		psite	858
ENSP00000356319	KIF14	1200	KNRRISGCLHD		hprd;pelm;psite	858
ENSP00000341466	KIF18B	636	KRRRPSALEAD		psite	520
ENSP00000341466	KIF18B	665	CLRRGSLPDTQ		psite	520
ENSP00000260753	KIF20B	1618	ARKRKSNEMEE		psite	545
ENSP00000260363	KIF23	716	HRRSNSCSSIS		pelm;psite	918
ENSP00000260363	KIF23	814	HRRSRSAGDRW		hprd;pelm;psite	918
ENSP00000260363	KIF23	867	HQELASDGEIE		hprd;pelm;psite	918
ENSP00000260363	KIF23	911	SRKRRSSTVAP	AURKB	hprd;pelm;psite	918
ENSP00000260363	KIF23	912	RKRRSSTVAPA		hprd;pelm;psite	918
ENSP00000260363	KIF23	913	KRRSSTVAPAQ		hprd;pelm;psite	918
ENSP00000260363	KIF23	927	AESEWTDVETR		psite	918
ENSP00000361298	KIF2C	95	KQKRRSVNSKI	AURKB	pelm;psite	889
ENSP00000361298	KIF2C	192	SVRRKSCLVKE	AURKB;PAK1	psite	889
ENSP00000363524	KIF4A	799	KLRRRTFSLTE		hprd;pelm;psite	806
ENSP00000363524	KIF4A	801	RRRTFSLTEVR		hprd;pelm;psite	806
ENSP00000393963	KIFC1	359	DERRGTLSGAP		hprd;psite	660
ENSP00000332455	KPNA2	54	KRRNVSSFPDD	CHEK1	hprd;psite	613
ENSP00000261366	LMNB1	340	SRRMLTDKERE		psite	583
ENSP00000382562	MAD1L1	699	LRRQDSIPAFL		psite	644
ENSP00000265056	MCM2	139	GLLYDSDEEDE	CDC7;CDK2;CDK7;CSNK2A1	hprd;pelm;psite	573
ENSP00000229854	MCM3	160	IERRYSDLTTL	DAPK1	hprd;pelm;psite	446
ENSP00000229854	MCM3	711	DPYDFSDTEEE		hprd;pelm;psite	446
ENSP00000262105	MCM4	13	PSRRGSRRGRA		psite	781
ENSP00000298048	MELK	253	PKKRISMKNLL	MELK	psite	920
ENSP00000298048	MELK	505	ERRCRSVELDL	MELK	hprd;pelm;psite	920
ENSP00000309871	RACGAP1	144	GNKRLSTIDES	AURKB	hprd;pelm;psite	878
ENSP00000309871	RACGAP1	185	REKRRSTSRQF	AURKB	hprd;pelm;psite	878
ENSP00000309871	RACGAP1	187	KRRSTSRQFVD	AURKB	hprd;pelm;psite	878
ENSP00000309871	RACGAP1	249	RSRRKTGTLQP	AKT2;AURKB	psite	878
ENSP00000281453	MLF1IP	108	EAKRSSDTSGN		hprd;pelm;psite	756
ENSP00000251496	NCAPG	674	GTEINSDDEQE		hprd;pelm;psite	872
ENSP00000251496	NCAPG	968	NRRCQTAEADS		pelm;psite	872
ENSP00000251496	NCAPG	975	EADSESDHEVP		hprd;pelm;psite	872
ENSP00000240423	NCAPH	70	LQRRRSRVFDL		hprd;pelm;psite	815
ENSP00000240423	NCAPH	570	LQAADSDDEDL	CSNK2A1	psite	815
ENSP00000345892	NDE1	131	RAKRATIMSLE	PRKACA	psite	902
ENSP00000345892	NDE1	306	GERRPSSTSVP	PRKACA	hprd;pelm;psite	902
ENSP00000345892	NDE1	307	ERRPSSTSVPL		hprd;pelm;psite	902
ENSP00000344314	OFD1	735	SSRRLSSTPLP		hprd;psite	899
ENSP00000344314	OFD1	736	SRRLSSTPLPK		hprd;psite	899
ENSP00000344314	OFD1	899	EERRQSNLQEV		psite	899
ENSP00000360621	ORC1	383	RIRRKSSVLTM		psite	611
ENSP00000360621	ORC1	421	ISDSSSDEEEA		hprd;pelm;psite	611
ENSP00000327077	PCM1	1468	ESLATTDDETF		psite	818
ENSP00000327077	PCM1	1768	VRSDISDQEED		hprd;pelm;psite	818
ENSP00000327077	PCM1	1958	NISQKSDEEDF		hprd;psite	818
ENSP00000352572	PCNT	1653	LLRRESEVLDL		psite	947
ENSP00000352572	PCNT	1814	QERRHSQALEA		hprd;psite	947
ENSP00000334675	ERCC6L	1028	ARRIVSDGEDE		hprd;psite	542
ENSP00000265717	PRKAR2B	83	EEPMQSDSEDG		hprd;psite	905
ENSP00000265717	PRKAR2B	114	FTRRASVCAEA	PRKACA;PRKAR2B	hprd;pelm;psite	905
ENSP00000300093	PLK1	137	LCRRRSLLELH	MAP3K8	pelm;psite	980
ENSP00000270861	PLK4	378	LRRAYSSDRSG		psite	975
ENSP00000264233	POLQ	15	RRRSESGSDSF		psite	571
ENSP00000328178	PPP1R2	87	DEDACSDTEAT	CSNK2A1	hprd;pelm;psite	701
ENSP00000284601	PPP1R3A	46	PSRRGSDSSED	RPS6KA1;RPS6KA3	hprd;psite	800
ENSP00000284601	PPP1R3A	65	GTRRVSFADSF	RPS6KA3	hprd;pelm;psite	800
ENSP00000358925	PSRC1	47	LRRGLSHRSDP		psite	404
ENSP00000358925	PSRC1	116	SPRRETFVLKD		psite	404
ENSP00000361043	RAD54L	37	PRKRKSSSETQ		psite	662
ENSP00000319417	SKA3	34	LDGEESDFEDY		hprd;pelm;psite	695
ENSP00000319417	SKA3	119	QEAINSDPELS		hprd;pelm;psite	695
ENSP00000319417	SKA3	276	QQLEKSDAEYT		hprd;psite	695
ENSP00000355958	DTL	485	INRRGSVSSVS		hprd;pelm;psite	868
ENSP00000355958	DTL	557	KRRLDSSCLES		hprd;pelm;psite	868
ENSP00000257934	ESPL1	1399	NFSDDSDLEDP	PLK1	hprd;pelm;psite	793
ENSP00000257934	ESPL1	1508	EILRGSDGEDS		hprd;pelm;psite	793
ENSP00000263753	SGOL1	38	IGKRRSFIAAP		psite	672
ENSP00000263753	SGOL1	459	KIRRLSLSPKK		hprd;psite	672
ENSP00000350447	SGOL2	497	KEKRITNEQEE		hprd;psite	643
ENSP00000350447	SGOL2	1084	SKKRKTSIDPS		hprd;psite	643
ENSP00000350447	SGOL2	1187	PAFQVSDDEHE		psite	643
ENSP00000306473	SHCBP1	273	LSNCNSDSEQE		hprd;pelm;psite	852
ENSP00000306473	SHCBP1	634	KKKRLSELGIT		hprd;pelm;psite	852
ENSP00000341382	SMC4	28	PDGASSDAEPE		hprd;pelm;psite	631
ENSP00000323300	SPAG5	334	GRILGSDTESW		hprd;pelm;psite	834
ENSP00000268138	TICRR	836	ARRSVSGSPES		psite	453
ENSP00000268138	TICRR	1125	TPRRISHTPQT		psite	453
ENSP00000266732	TMPO	184	DSDRYSDNEEG		hprd;pelm;psite	485
ENSP00000411532	TOP2A	29	AKKRLSVERIY	PRKCA	hprd;pelm;psite	922
ENSP00000411532	TOP2A	1106	EENEESDNEKE		hprd;pelm;psite	922
ENSP00000411532	TOP2A	1295	KRNPWSDSESD		hprd;pelm;psite	922
ENSP00000411532	TOP2A	1343	DFDEKTDDEDF	CSNK2A1;PLK1;PLK3;PRKCB	hprd;pelm;psite	922
ENSP00000411532	TOP2A	1377	QKSVVSDLEAD	CSNK2A1	hprd;pelm;psite	922
ENSP00000396704	TOP2B	1331	KRNPWSDDESK		hprd;pelm;psite	465
ENSP00000396704	TOP2B	1339	ESKSESDLEET		hprd;pelm;psite	465
ENSP00000396704	TOP2B	1519	AVNSDSDSEFG		hprd;pelm;psite	465
ENSP00000396704	TOP2B	1608	KYFAESDEEED		hprd;pelm;psite	465
ENSP00000230510	TTK	393	QSKRKSECINQ		hprd;psite	948
ENSP00000353793	WDHD1	984	FQKRNSQTNKT		psite	596
ENSP00000266732	TMPO	67	PPDFSSDEERE		hprd;pelm	485
ENSP00000251496	NCAPG	996	PRRAKTAALEK		hprd;pelm	872
ENSP00000327077	PCM1	61	SDKRVTNDISP		hprd	818
ENSP00000309871	RACGAP1	186	EKRRSTSRQFV	AURKB	hprd	878
ENSP00000311873	EXO1	700	CSSKDSDSEES		hprd	869
ENSP00000357643	MKI67	630	PSKRVSISRSQ		hprd	751
ENSP00000357643	MKI67	1635	KRRLKTSLGKV		hprd	751
ENSP00000310842	FANCI	937	RALDVTDKEGE		hprd	644
