name	NEK9
id	ENSP00000238616
type	Serine/threonine kinase
proline+1_removed	Yes
npartners	21
npartners_with_sites	20
nsites	55
//
motif	score	fg_matches	fg_size	bg_matches	bg_size	fold_increase
...R.[ST].....	9.3	30	178	422	9383	3.75
..R..[ST].....	6.71	25	148	465	8961	3.26
//
prot_id	prot_name	position	flank	kinase	source	string_score
ENSP00000281474	BICD1	304	DYRTPTLRKGE		psite	559
ENSP00000281474	BICD1	548	VTRSGSLKGPD		psite	559
ENSP00000281474	BICD1	569	ARRGVSSPVET		psite	559
ENSP00000349351	BICD2	408	SKERQTALDNE		psite	990
ENSP00000349351	BICD2	418	EKDRDSHEDGD		psite	990
ENSP00000349351	BICD2	658	RQRIASQELGP		psite	990
ENSP00000341030	CSN2	18	ALARETIESLS		psite	659
ENSP00000276297	DLC1	733	MVRKRSVSNST		psite	532
ENSP00000276297	DLC1	842	NWRTGSFHGPG		psite	532
ENSP00000276297	DLC1	986	PERRDSGVGAS		hprd;psite	532
ENSP00000276297	DLC1	1244	LKRENSSPRVM	PRKD1	psite	532
ENSP00000260731	KIF11	931	TPQRKSYLYPS		hprd;pelm;psite	921
ENSP00000348273	MBP	26	TNRGESEKKRN		psite	925
ENSP00000348273	MBP	39	ELSRTTSEDNE		psite	925
ENSP00000348273	MBP	40	LSRTTSEDNEV		psite	925
ENSP00000348273	MBP	96	LIRLFSRDAPG		hprd;pelm;psite	925
ENSP00000348273	MBP	141	SQKRPSQRHGS	PRKCA	hprd;psite	925
ENSP00000348273	MBP	146	SQRHGSKYLAT	PRKCA	hprd;psite	925
ENSP00000348273	MBP	169	PRHRDTGILDS	PRKACA	hprd;psite	925
ENSP00000348273	MBP	249	SLSRFSWGAEG	PRKCA	hprd;psite	925
ENSP00000348273	MBP	266	YGGRASDYKSA	PRKCA	hprd;psite	925
ENSP00000356355	NEK7	187	LGRFFSSKTTA		hprd;psite	830
ENSP00000338766	NPHP3	44	RLLRNSFRRGA		psite	429
ENSP00000300093	PLK1	137	LCRRRSLLELH	MAP3K8	pelm;psite	655
ENSP00000300093	PLK1	210	GERKKTLCGTP	AURKA;MAP3K8;STK10	hprd;pelm;psite	655
ENSP00000300093	PLK1	326	IPPRFSIAPSS	MAPKAPK2	psite	655
ENSP00000300093	PLK1	597	SSRSASNRLKA		psite	655
ENSP00000262304	PKD1	2164	VLMRRSQRNYL		psite	480
ENSP00000262304	PKD1	2320	FGPRGSSTVTI		hprd;psite	480
ENSP00000262304	PKD1	2321	GPRGSSTVTIP		hprd;psite	480
ENSP00000262304	PKD1	4166	LPSRSSRGSKV	PRKX	psite	480
ENSP00000262304	PKD1	4169	RSSRGSKVSPD		psite	480
ENSP00000262304	PKD1	4252	QGRRSSRAPAG	PRKACA	psite	480
ENSP00000237596	PKD2	254	YTRMMSQLFLD		hprd;pelm;psite	895
ENSP00000237596	PKD2	801	LPRPMSSRSFP	PRKD2	psite	895
ENSP00000237596	PKD2	829	SRRRGSISSGV		psite	895
ENSP00000216297	SUPT16H	455	LLGRGSRAALL		psite	671
ENSP00000216297	SUPT16H	494	AKRRLTEQKGE	AURKB	psite	671
ENSP00000216297	SUPT16H	508	QKARKSNVSYK		hprd;pelm;psite	671
ENSP00000216297	SUPT16H	1004	KADRESRYEEE		psite	671
ENSP00000216297	SUPT16H	1023	RKRKASVHSSG		hprd;psite	671
ENSP00000216297	SUPT16H	1038	RGSRHSSAPPK		hprd;psite	671
ENSP00000216297	SUPT16H	1039	GSRHSSAPPKK		hprd;psite	671
ENSP00000265729	SRI	149	IAKRYSTNGKI		psite	716
ENSP00000265729	SRI	150	AKRYSTNGKIT		psite	716
ENSP00000278412	SSRP1	657	SSRQLSESFKS	CSNK2A1	hprd;pelm;psite	912
ENSP00000348273	MBP	295	LGGRDSRSGSP	PRKCA	hprd	925
ENSP00000348273	MBP	190	APKRGSGKDSH	PRKCA	hprd	925
ENSP00000276297	DLC1	764	VTRTRSLSACN	AKT1	hprd	532
ENSP00000276297	DLC1	766	RTRSLSACNKR	AKT1	hprd	532
ENSP00000276297	DLC1	1004	RLRWHSFQSSH	AKT1	hprd	532
ENSP00000278412	SSRP1	621	GGRGESSKRDK		hprd	912
ENSP00000278412	SSRP1	647	TPSRGSSSKSS		hprd	912
ENSP00000349351	BICD2	391	KVTRLTENLSA		hprd	990
ENSP00000349351	BICD2	379	EHTRGSLSEQQ		hprd	990
