name	NLK
id	ENSP00000384625
type	Serine/threonine kinase
proline+1_removed	No
npartners	41
npartners_with_sites	35
nsites	151
//
motif	score	fg_matches	fg_size	bg_matches	bg_size	fold_increase
.....[ST]P....	307.65	150	478	617	10000	5.09
//
prot_id	prot_name	position	flank	kinase	source	string_score
ENSP00000244769	ATXN1	88	TGLDYSPPSAP		psite	538
ENSP00000244769	ATXN1	235	APGLITPGSPP		pelm;psite	538
ENSP00000244769	ATXN1	238	LITPGSPPPAQ		hprd;pelm;psite	538
ENSP00000262320	AXIN1	60	ETSTATPRRSD		psite	414
ENSP00000262320	AXIN1	77	PEGSASPTPPY		hprd;pelm;psite	414
ENSP00000262320	AXIN1	79	GSASPTPPYLK		psite	414
ENSP00000262320	AXIN1	217	RTGSESPKVCS		hprd;pelm;psite	414
ENSP00000262320	AXIN1	481	QRVLRTPGRQS	CDK5	psite	414
ENSP00000262320	AXIN1	486	TPGRQSPGPGH		psite	414
ENSP00000262320	AXIN1	493	GPGHRSPDSGH		hprd;psite	414
ENSP00000217026	MYBL2	266	LDAVRTPEPLE	CDK2	hprd;pelm;psite	619
ENSP00000217026	MYBL2	282	EDQEGSPPETS		hprd;psite	619
ENSP00000217026	MYBL2	393	ELIPISPSTEV	CDK2	hprd;pelm;psite	619
ENSP00000217026	MYBL2	405	GSGIGTPPSVL	CDK2	hprd;psite	619
ENSP00000217026	MYBL2	421	RRVALSPVTEN		psite	619
ENSP00000217026	MYBL2	452	KTLPFSPSQFL	CDK2	hprd;psite	619
ENSP00000217026	MYBL2	470	TLELESPSLTS		psite	619
ENSP00000217026	MYBL2	476	PSLTSTPVCSQ		psite	619
ENSP00000217026	MYBL2	487	KVVVTTPLHRD	CDK2	hprd;pelm;psite	619
ENSP00000217026	MYBL2	494	LHRDKTPLHQK	CDK2	hprd;pelm;psite	619
ENSP00000217026	MYBL2	505	HAAFVTPDQKY		psite	619
ENSP00000217026	MYBL2	518	DNTPHTPTPFK	CDK2	hprd;psite	619
ENSP00000217026	MYBL2	520	TPHTPTPFKNA	CDK2	hprd;psite	619
ENSP00000217026	MYBL2	538	KPLPQTPHLEE		psite	619
ENSP00000262367	CREBBP	93	NVSASSPVQQG		psite	868
ENSP00000262367	CREBBP	121	SAMGKSPLSQG		hprd;pelm;psite	868
ENSP00000262367	CREBBP	1076	ASQSTSPSQPR		hprd;psite	868
ENSP00000262367	CREBBP	1763	EPQSKSPQESR		hprd;psite	868
ENSP00000262367	CREBBP	2063	PPRSISPSALQ		hprd;pelm;psite	868
ENSP00000262367	CREBBP	2076	LRTLKSPSSPQ		hprd;pelm;psite	868
ENSP00000262367	CREBBP	2079	LKSPSSPQQQQ		hprd;pelm;psite	868
ENSP00000262367	CREBBP	2351	PAPVQSPRPQS		psite	868
ENSP00000262367	CREBBP	2364	PHSSPSPRIQP		psite	868
ENSP00000392028	CHD7	557	PVHQHSPSEPF		psite	623
ENSP00000392028	CHD7	1555	NLVIDTPRVRK		psite	623
ENSP00000392028	CHD7	1874	DEFANSPSEDK		hprd;psite	623
ENSP00000392028	CHD7	2153	VGFVQTPPVIS		hprd;pelm;psite	623
ENSP00000392028	CHD7	2350	LIPGYTPTTVD		hprd;pelm;psite	623
ENSP00000392028	CHD7	2356	PTTVDSPLQKR		hprd;pelm;psite	623
ENSP00000392028	CHD7	2472	LPNVSTPVSDA	CDK2	hprd;psite	623
ENSP00000392028	CHD7	2551	EEDIETPPTRN		hprd;pelm;psite	623
ENSP00000392028	CHD7	2559	TRNIPSPGQLD		hprd;pelm;psite	623
ENSP00000344456	CTNNB1	191	HAIMRSPQMVS	CDK5	hprd;psite	799
ENSP00000344456	CTNNB1	246	VKMLGSPVDSV	CDK5	psite	799
ENSP00000351811	EDC4	676	GSLQASPRGLL		psite	751
ENSP00000351811	EDC4	693	PADKLTPKGPG		hprd;pelm;psite	751
ENSP00000351811	EDC4	723	GLPQASPSRTR		hprd;pelm;psite	751
ENSP00000351811	EDC4	729	PSRTRSPDVIS		hprd;pelm;psite	751
ENSP00000351811	EDC4	780	ALHLLSPRPRP		hprd;psite	751
ENSP00000351811	EDC4	807	GDRHNTPSLLE		hprd;pelm;psite	751
ENSP00000351811	EDC4	821	TQEASTPDSQV		hprd;pelm;psite	751
ENSP00000351811	EDC4	844	STLAESPRNGL		hprd;pelm;psite	751
ENSP00000351811	EDC4	914	WKTKGSPRTSP		hprd;psite	751
ENSP00000351811	EDC4	918	GSPRTSPKLKR		hprd;psite	751
ENSP00000354158	ERC1	17	EPSSQSPGRSP		hprd;pelm;psite	577
ENSP00000354158	ERC1	21	QSPGRSPRLPR		hprd;pelm;psite	577
ENSP00000354158	ERC1	27	PRLPRSPRLGH		hprd;psite	577
ENSP00000354158	ERC1	191	IKTFWSPELKK		hprd;pelm;psite	577
ENSP00000354158	ERC1	1046	ILRGLTPPASY		hprd;pelm;psite	577
ENSP00000288221	ERC2	187	IKTFWSPELKK		hprd;psite	577
ENSP00000368880	FOXO1	249	GKSGKSPRRRA	CDK1;CDK2;CDK4	psite	619
ENSP00000368880	FOXO1	287	EGAGDSPGSQF		hprd;pelm;psite	619
ENSP00000368880	FOXO1	298	SKWPASPGSHS		psite	619
ENSP00000368880	FOXO1	329	ISGRLSPIMTE	DYRK1A;NLK	hprd;pelm;psite	619
ENSP00000368880	FOXO1	383	LNLLSSPTSLT		psite	619
ENSP00000368880	FOXO1	394	VSTQSSPGTMM		psite	619
ENSP00000368880	FOXO1	402	TMMQQTPCYSF		psite	619
ENSP00000368880	FOXO1	416	NTSLNSPSPNY		psite	619
ENSP00000368880	FOXO1	418	SLNSPSPNYQK		psite	619
ENSP00000368880	FOXO1	432	GQSSMSPLPQM		hprd;pelm;psite	619
ENSP00000368880	FOXO1	470	LLTSDSPPHND		hprd;pelm;psite	619
ENSP00000339527	FOXO3	12	SPAPLSPLEVE	MAPK14	hprd;psite	619
ENSP00000339527	FOXO3	43	PELQASPAKPS		psite	619
ENSP00000339527	FOXO3	284	ESADDSPSQLS		hprd;pelm;psite	619
ENSP00000339527	FOXO3	294	SKWPGSPTSRS	MAPK1;MAPK14;MAPK3	psite	619
ENSP00000339527	FOXO3	344	DDAPLSPMLYS	MAPK1;MAPK14;MAPK3	psite	619
ENSP00000339527	FOXO3	425	GSGLGSPTSSF	MAPK1;MAPK14;MAPK3	psite	619
ENSP00000339527	FOXO3	574	KHQQQSPVSQS		psite	619
ENSP00000363377	FOXO4	227	PPEGATPTSPV	MAPK8	psite	619
ENSP00000363377	FOXO4	230	GATPTSPVGHF	MAPK8	psite	619
ENSP00000363377	FOXO4	451	PKALGTPVLTP	AKT1;MAPK8;MAPK9	hprd;pelm;psite	619
ENSP00000363377	FOXO4	455	GTPVLTPPTEA	AKT1;MAPK8;MAPK9	hprd;pelm;psite	619
ENSP00000360266	JUN	63	SDLLTSPDVGL	CDK3;MAPK15;MAPK8;MAPK9;PLK3;PRKD1;VRK1	hprd;pelm;psite	400
ENSP00000360266	JUN	73	LLKLASPELER	CDK3;MAPK15;MAPK8;MAPK9;PLK3;VRK1	hprd;pelm;psite	400
ENSP00000360266	JUN	91	GHITTTPTPTQ	MAPK8	pelm;psite	400
ENSP00000360266	JUN	93	ITTTPTPTQFL	MAPK8;PAK2	pelm;psite	400
ENSP00000360266	JUN	239	EMPGETPPLSP	GSK3A;GSK3B	hprd;pelm;psite	400
ENSP00000360266	JUN	243	ETPPLSPIDME	CSNK2A1;GSK3A;GSK3B	hprd;pelm;psite	400
ENSP00000302456	KLF13	43	AAVAATPTLPR		psite	829
ENSP00000302456	KLF13	279	RSDASSPTISP		hprd;psite	829
ENSP00000302456	KLF13	283	SSPTISPASSP		hprd;psite	829
ENSP00000265165	LEF1	132	SNGSLSPPIPR		psite	974
ENSP00000265165	LEF1	155	AVHPLTPLITY	NLK	hprd;pelm;psite	974
ENSP00000265165	LEF1	166	SDEHFSPGSHP	NLK	hprd;pelm;psite	974
ENSP00000265165	LEF1	200	TFYPLSPGGVG		psite	974
ENSP00000265165	LEF1	208	GVGQITPPLGW		psite	974
ENSP00000346389	MEF2A	98	HRGCDSPDPDT	MAPK14	hprd;pelm;psite	817
ENSP00000346389	MEF2A	108	TSYVLTPHTEE	MAPK14	hprd;pelm;psite	817
ENSP00000346389	MEF2A	192	LHRNVSPGAPQ	MAPK14	psite	817
ENSP00000346389	MEF2A	223	NGAGSSPVGNG	MAPK14	psite	817
ENSP00000346389	MEF2A	235	VNSRASPNLIG		hprd;pelm;psite	817
ENSP00000346389	MEF2A	255	VMPTKSPPPPG		hprd;pelm;psite	817
ENSP00000346389	MEF2A	304	TQPLATPVVSV	MAPK14;MAPK7	hprd;pelm;psite	817
ENSP00000346389	MEF2A	311	VVSVTTPSLPP	MAPK14;MAPK7	hprd;pelm;psite	817
ENSP00000346389	MEF2A	347	LQGFNSPGMLS	MAPK7	hprd;pelm;psite	817
ENSP00000346389	MEF2A	400	KSEPISPPRDR	CDK5;MAPK14	hprd;pelm;psite	817
ENSP00000346389	MEF2A	471	RGDFHSPIVLG	MAPK14	psite	817
ENSP00000346389	MEF2A	486	TEDRESPSVKR	MAPK14	psite	817
ENSP00000339992	MYB	587	ESSPRTPTPFK		psite	988
ENSP00000339992	MYB	653	KQEVESPTDKS	MAPK1;MAPK3	hprd;pelm;psite	988
ENSP00000339992	MYB	720	NRSLASPLQPC		psite	988
ENSP00000287820	PPARG	112	KVEPASPPYYS	CDK9;MAPK1;MAPK8	hprd;pelm;psite	645
ENSP00000287820	PPARG	273	KTTDKSPFVIY	CDK5	psite	645
ENSP00000357965	SETDB1	468	PAPPLSPQAGD		psite	675
ENSP00000357965	SETDB1	505	GSGHSSPTSPA		psite	675
ENSP00000357965	SETDB1	1066	YGYNPSPVKPE	CDK2	hprd;pelm;psite	675
ENSP00000274255	SKP2	64	LGHPESPPRKR	CDK2;PIM1	hprd;pelm;psite	619
ENSP00000274255	SKP2	179	LAEHFSPFRVQ		pelm;psite	619
ENSP00000264657	STAT3	714	KFICVTPTTCS		hprd;pelm;psite	674
ENSP00000264657	STAT3	727	IDLPMSPRTLD	IRAK1;MAPK1;MAPK14;MAPK8;MAPK9;PRKCD;PRKCE;RPS6KA3	hprd;pelm;psite	674
ENSP00000282111	TCF7L1	332	AVSVKSPVTVK		psite	827
ENSP00000340347	TCF7	168	YEHFNSPHPTP		psite	812
ENSP00000358404	TCF7L2	154	LKDARSPSPAH	TNIK	psite	927
ENSP00000358404	TCF7L2	156	DARSPSPAHIV		psite	927
ENSP00000358404	TCF7L2	178	HVHPLTPLITY	NLK	psite	927
ENSP00000358404	TCF7L2	189	SNEHFTPGNPP	NLK	psite	927
ENSP00000328998	TRAK1	393	LEEAESPDITH		psite	578
ENSP00000328998	TRAK1	486	SKKPGTPGTPG		psite	578
ENSP00000328998	TRAK1	711	STPVATPCTPR		psite	578
ENSP00000328998	TRAK1	714	VATPCTPRRLS		psite	578
ENSP00000328875	TRAK2	776	LAIPSTPPNSP		psite	578
ENSP00000328875	TRAK2	780	STPPNSPSHSP		psite	578
ENSP00000328875	TRAK2	784	NSPSHSPCPSP		psite	578
ENSP00000328875	TRAK2	788	HSPCPSPLPFE		psite	578
ENSP00000244769	ATXN1	253	VHISSSPQNTG		hprd;pelm	538
ENSP00000368880	FOXO1	478	HNDIMTPVDPG		hprd;pelm	619
ENSP00000217026	MYBL2	577	PGLRRSPIKKV	CDK2	hprd;pelm	619
ENSP00000217026	MYBL2	444	LTPKSTPVKTL	CDK2	hprd;pelm	619
ENSP00000346389	MEF2A	445	QEMGRSPVDSL	MAPK14	hprd;pelm	817
ENSP00000354158	ERC1	1005	TNHKPSPDQII		hprd;pelm	577
ENSP00000262367	CREBBP	274	ITGNTSPFGQP		hprd	868
ENSP00000262367	CREBBP	2372	IQPQPSPHHVS		hprd	868
ENSP00000262367	CREBBP	2377	SPHHVSPQTGS		hprd	868
ENSP00000262367	CREBBP	2382	SPQTGSPHPGL		hprd	868
ENSP00000217026	MYBL2	440	SCNSLTPKSTP	CDK2	hprd	619
ENSP00000217026	MYBL2	515	YSMDNTPHTPT	CDK2	hprd	619
ENSP00000319501	UGDH	91	FISVNTPTKTY		hprd	496
ENSP00000354158	ERC1	110	TAMGSSPNIAS		hprd	577
ENSP00000392028	CHD7	730	SDLDKTPPPSP		hprd	623
ENSP00000392028	CHD7	734	KTPPPSPPPEE		hprd	623
ENSP00000288221	ERC2	18	GSPSRSPRLPR		hprd	577
