name	NRBP1
id	ENSP00000233557
type	Serine/threonine kinase
proline+1_removed	Yes
npartners	40
npartners_with_sites	33
nsites	18
//
motif	score	fg_matches	fg_size	bg_matches	bg_size	fold_increase
..R..[ST].....	6.01	17	83	483	9383	3.98
//
prot_id	prot_name	position	flank	kinase	source	string_score
ENSP00000206249	ESR1	154	FYRPNSDNRRQ		pelm;psite	899
ENSP00000206249	ESR1	167	RERLASTNDKG	AKT1;AKT2;CSNK2A1;IKBKE;RPS6KA1;RPS6KA3;RPS6KB1	hprd;pelm;psite	899
ENSP00000206249	ESR1	236	KNRRKSCQACR	PRKACA	pelm;psite	899
ENSP00000343925	ESR2	200	KNRRKSCQACR		psite	899
ENSP00000312987	HNF4A	143	STRRSSYEDSS		pelm;psite	899
ENSP00000312987	HNF4A	166	LSRQITSPVSG		psite	899
ENSP00000312987	HNF4A	313	IKRLRSQVQVS	PRKAA1;PRKAA2	hprd;pelm;psite	899
ENSP00000379701	HNF4G	155	RSRQISVSSPG		psite	899
ENSP00000348157	MLF1	34	MIRSFSEPFGR		psite	674
ENSP00000333275	NR2C1	64	LARQDSTPGKV		psite	904
ENSP00000320447	NR2C2	370	ISRDQSTPIIE		psite	899
ENSP00000344479	NR4A2	347	RGRLPSKPKSP	RPS6KA1	hprd;psite	899
ENSP00000243050	NR4A1	351	RGRLPSKPKQP	AKT1	hprd;pelm;psite	899
ENSP00000254066	RARA	369	RKRRPSRPHMF	PRKACA	psite	899
ENSP00000362690	NR5A1	430	EVRALSMQAKE		pelm;psite	899
ENSP00000229022	VDR	172	PSRPNSRHTPS		psite	899
ENSP00000243050	NR4A1	341	VVRTDSLKGRR		hprd	899
ENSP00000310006	NR1D2	462	KERTVTFLSGK		hprd	899
