name	NTRK3
id	ENSP00000354207
type	Tyrosine kinase
proline+1_removed	No
npartners	48
npartners_with_sites	36
nsites	37
//
motif	score	fg_matches	fg_size	bg_matches	bg_size	fold_increase
.....YM.M..	319.04	13	193	3	10000	224.53
.....Y.N...	6.26	24	180	415	9997	3.21
//
prot_id	prot_name	position	flank	kinase	source	string_score
ENSP00000361423	ABL1	339	TEFMTYGNLLD		psite	816
ENSP00000215832	MAPK1	43	MVCSAYDNVNK		psite	623
ENSP00000299293	FRS2	196	EQVHTYVNTTG		psite	635
ENSP00000299293	FRS2	306	VNKLVYENING		psite	635
ENSP00000299293	FRS2	349	TALLNYENLPS		psite	635
ENSP00000299293	FRS2	392	DPMHNYVNTEN		psite	635
ENSP00000304895	IRS1	47	ARLEYYENEKK		psite	827
ENSP00000304895	IRS1	612	HTDDGYMPMSP	JAK1	hprd;pelm;psite	827
ENSP00000304895	IRS1	632	KGSGDYMPMSP	JAK1	hprd;pelm;psite	827
ENSP00000304895	IRS1	662	VDPNGYMMMSP	JAK1	hprd;pelm;psite	827
ENSP00000304895	IRS1	896	KSPGEYVNIEF	IGF1R	hprd;pelm;psite	827
ENSP00000304895	IRS1	941	TGTEEYMKMDL		hprd;psite	827
ENSP00000304895	IRS1	989	SSRGDYMTMQM		psite	827
ENSP00000365016	IRS2	542	GEFYGYMTMDR		psite	804
ENSP00000365016	IRS2	653	GADDGYMPMTP		hprd;pelm;psite	804
ENSP00000365016	IRS2	675	CRSDDYMPMSP		hprd;pelm;psite	804
ENSP00000365016	IRS2	742	PEDSGYMRMWC		hprd;pelm;psite	804
ENSP00000365016	IRS2	766	LPNGDYLNVSP		psite	804
ENSP00000365016	IRS2	978	SPLSDYMNLDF		hprd;psite	804
ENSP00000361202	IRS4	743	EDSRGYMMMFP		hprd;psite	801
ENSP00000361202	IRS4	779	DSESDYMFMAP		hprd;psite	801
ENSP00000361202	IRS4	921	DSSSDYVNMDF		psite	801
ENSP00000360266	JUN	170	SEPPVYANLSN	ABL1	hprd;pelm;psite	654
ENSP00000244007	PLCG1	991	TKAEKYVNKAK		psite	969
ENSP00000360683	PTPN1	66	QEDNDYINASL	EGFR	hprd;pelm;psite	619
ENSP00000401303	SHC1	349	PPDHQYYNDFP	FLT4;SRC;SYK;ZAP70	hprd;pelm;psite	967
ENSP00000401303	SHC1	428	FDDPSYVNVQN	FLT3;FLT4;MET;SRC;SYK;ZAP70	hprd;pelm;psite	967
ENSP00000264554	SHC2	338	SLEHNYYNSIP		psite	919
ENSP00000264554	SHC2	414	HEEHLYVNTQG		psite	919
ENSP00000364995	SHC3	341	GSDHPYYNSIP		psite	800
ENSP00000364995	SHC3	424	GEAPTYVNTQQ		psite	800
ENSP00000329668	SHC4	374	REDHEYYNEIP		psite	800
ENSP00000329668	SHC4	424	KCSSVYENCLE		psite	800
ENSP00000329668	SHC4	465	FDDPCYINTQA		psite	800
ENSP00000365016	IRS2	919	KSPGEYINIDF		hprd;pelm	804
ENSP00000304895	IRS1	732	PCTGDYMNMSP	JAK1	hprd	827
ENSP00000361202	IRS4	717	VSSSDYMPMAP		hprd	801
