name	NTRK1
id	ENSP00000351486
type	Tyrosine kinase
proline+1_removed	No
npartners	106
npartners_with_sites	88
nsites	67
//
motif	score	fg_matches	fg_size	bg_matches	bg_size	fold_increase
.....YM.M..	24.62	13	429	3	10000	101.01
....EY.....	7.28	51	416	538	9997	2.28
//
prot_id	prot_name	position	flank	kinase	source	string_score
ENSP00000361423	ABL1	158	RNAAEYLLSSG	FYN;HCK;LYN	psite	984
ENSP00000264033	CBL	700	EEDTEYMTPSS	EGFR;FYN;INSR;LCK;SYK;YES1	hprd;pelm;psite	919
ENSP00000264122	CBLB	106	LSENEYFKIYI		psite	800
ENSP00000264122	CBLB	665	LGSEEYDVPPR		psite	800
ENSP00000264122	CBLB	709	EDDDEYKIPSS		psite	800
ENSP00000222005	CDC37	278	KAMKEYEEEER		psite	619
ENSP00000300574	CRK	136	QEEAEYVRALF		psite	621
ENSP00000320543	EPN2	186	HSEQEYGKAGG		psite	800
ENSP00000263025	MAPK3	204	GFLTEYVATRW	JAK2;MAP2K1;MAP2K2;MAPK3;RET	hprd;pelm;psite	621
ENSP00000309845	HRAS	32	HFVDEYDPTIE		psite	866
ENSP00000309845	HRAS	64	AGQEEYSAMRD		psite	866
ENSP00000302961	HSPA4	624	NAVEEYVYEMR		psite	619
ENSP00000302961	HSPA4	636	KLSGEYEKFVS		psite	619
ENSP00000335153	HSP90AA1	319	EDQTEYLEERR		psite	619
ENSP00000335153	HSP90AA1	650	EPIDEYCVQQL		psite	619
ENSP00000304895	IRS1	46	PARLEYYENEK		hprd;pelm;psite	923
ENSP00000304895	IRS1	612	HTDDGYMPMSP	JAK1	hprd;pelm;psite	923
ENSP00000304895	IRS1	632	KGSGDYMPMSP	JAK1	hprd;pelm;psite	923
ENSP00000304895	IRS1	662	VDPNGYMMMSP	JAK1	hprd;pelm;psite	923
ENSP00000304895	IRS1	896	KSPGEYVNIEF	IGF1R	hprd;pelm;psite	923
ENSP00000304895	IRS1	941	TGTEEYMKMDL		hprd;psite	923
ENSP00000304895	IRS1	989	SSRGDYMTMQM		psite	923
ENSP00000365016	IRS2	75	PPRLEYYESEK		hprd;pelm;psite	924
ENSP00000365016	IRS2	542	GEFYGYMTMDR		psite	924
ENSP00000365016	IRS2	598	ASLDEYTLMRA		psite	924
ENSP00000365016	IRS2	653	GADDGYMPMTP		hprd;pelm;psite	924
ENSP00000365016	IRS2	675	CRSDDYMPMSP		hprd;pelm;psite	924
ENSP00000365016	IRS2	742	PEDSGYMRMWC		hprd;pelm;psite	924
ENSP00000361202	IRS4	111	PARLEYYENAR		psite	800
ENSP00000361202	IRS4	743	EDSRGYMMMFP		hprd;psite	800
ENSP00000361202	IRS4	779	DSESDYMFMAP		hprd;psite	800
ENSP00000361202	IRS4	828	NDNSEYVPMLP		psite	800
ENSP00000256707	KIDINS220	1383	KVQAEYRDAYR		psite	968
ENSP00000256707	KIDINS220	1390	DAYREYIAQMS		psite	968
ENSP00000256707	KIDINS220	1572	IKAKEYLSDAL		psite	968
ENSP00000364847	MAGED1	686	SNPPEYEFLWG		psite	899
ENSP00000358548	NRAS	32	HFVDEYDPTIE		psite	836
ENSP00000358548	NRAS	64	AGQEEYSAMRD		psite	836
ENSP00000263967	PIK3CA	246	LCVLEYQGKYI		psite	829
ENSP00000263967	PIK3CA	1038	QEALEYFMKQM		psite	829
ENSP00000274335	PIK3R1	76	GTYVEYIGRKK		psite	967
ENSP00000274335	PIK3R1	452	KKLHEYNTQFQ		hprd;pelm;psite	967
ENSP00000274335	PIK3R1	463	EKSREYDRLYE		psite	967
ENSP00000274335	PIK3R1	470	RLYEEYTRTSQ		psite	967
ENSP00000274335	PIK3R1	508	RYSKEYIEKFK		psite	967
ENSP00000274335	PIK3R1	556	KQAAEYREIDK		hprd;pelm;psite	967
ENSP00000222254	PIK3R2	365	KIQGEYTLTLR		hprd;pelm;psite	800
ENSP00000222254	PIK3R2	460	DKSREYDQLYE		hprd;psite	800
ENSP00000222254	PIK3R2	467	QLYEEYTRTSQ		hprd;pelm;psite	800
ENSP00000262741	PIK3R3	184	KKLQEYHSQYQ		psite	800
ENSP00000262741	PIK3R3	195	EKSKEYDRLYE		psite	800
ENSP00000262741	PIK3R3	202	RLYEEYTRTSQ		psite	800
ENSP00000274376	RASA1	164	LDGPEYEEEEV		psite	624
ENSP00000310561	ARHGAP32	1557	CSRVEYVSSLS		psite	624
ENSP00000329668	SHC4	374	REDHEYYNEIP		psite	800
ENSP00000391592	PTPN6	390	HDTTEYKLRTL		psite	926
ENSP00000391592	PTPN6	536	GQESEYGNITY	ABL1;INSR;LCK;SRC	hprd;pelm;psite	926
ENSP00000340944	PTPN11	542	RKGHEYTNIKY	ALK;FYN;PDGFRB	hprd;pelm;psite	621
ENSP00000336627	SLITRK4	811	QRKSEYFELKA		psite	404
ENSP00000366283	SLITRK5	751	GHVYEYIPHPL		psite	625
ENSP00000366283	SLITRK5	932	PNRNEYLELKA		psite	625
ENSP00000383143	SLITRK6	820	QTKNEYFELKA		psite	657
ENSP00000365016	IRS2	919	KSPGEYINIDF		hprd;pelm	924
ENSP00000220003	CSK	304	CEAMEYLEGNN	CSK	hprd	800
ENSP00000304895	IRS1	732	PCTGDYMNMSP	JAK1	hprd	923
ENSP00000361202	IRS4	717	VSSSDYMPMAP		hprd	800
ENSP00000273308	CNPY2	92	DRMKEYGEQID		hprd	429
