name	NTRK2
id	ENSP00000277120
type	Tyrosine kinase
proline+1_removed	No
npartners	59
npartners_with_sites	47
nsites	13
//
motif	score	fg_matches	fg_size	bg_matches	bg_size	fold_increase
.....YM.M..	317.91	13	296	3	10000	146.4
//
prot_id	prot_name	position	flank	kinase	source	string_score
ENSP00000304895	IRS1	612	HTDDGYMPMSP	JAK1	hprd;pelm;psite	811
ENSP00000304895	IRS1	632	KGSGDYMPMSP	JAK1	hprd;pelm;psite	811
ENSP00000304895	IRS1	662	VDPNGYMMMSP	JAK1	hprd;pelm;psite	811
ENSP00000304895	IRS1	941	TGTEEYMKMDL		hprd;psite	811
ENSP00000304895	IRS1	989	SSRGDYMTMQM		psite	811
ENSP00000365016	IRS2	542	GEFYGYMTMDR		psite	812
ENSP00000365016	IRS2	653	GADDGYMPMTP		hprd;pelm;psite	812
ENSP00000365016	IRS2	675	CRSDDYMPMSP		hprd;pelm;psite	812
ENSP00000365016	IRS2	742	PEDSGYMRMWC		hprd;pelm;psite	812
ENSP00000361202	IRS4	743	EDSRGYMMMFP		hprd;psite	809
ENSP00000361202	IRS4	779	DSESDYMFMAP		hprd;psite	809
ENSP00000304895	IRS1	732	PCTGDYMNMSP	JAK1	hprd	811
ENSP00000361202	IRS4	717	VSSSDYMPMAP		hprd	809
