name	OBSCN
id	ENSP00000409493
type	Serine/threonine kinase
proline+1_removed	Yes
npartners	21
npartners_with_sites	18
nsites	40
//
motif	score	fg_matches	fg_size	bg_matches	bg_size	fold_increase
.....[ST]....E	6.32	40	253	632	9383	2.35
//
prot_id	prot_name	position	flank	kinase	source	string_score
ENSP00000265709	ANK1	875	AERRDSRDVDE		hprd;pelm;psite	969
ENSP00000265709	ANK1	1437	ESTPGSLSGTE		psite	969
ENSP00000349588	ANK2	1459	IYTKESESDQE		hprd;psite	950
ENSP00000349588	ANK2	1461	TKESESDQEQE		hprd;psite	950
ENSP00000349588	ANK2	1473	EIDMTSEKNDE		psite	950
ENSP00000349588	ANK2	3795	VPSSPSKTPEE		hprd;psite	950
ENSP00000349588	ANK2	3833	EPEEPSEHREE		psite	950
ENSP00000349588	ANK2	3909	IRRYVSSEGTE		psite	950
ENSP00000349467	CALM1	80	RKMKDTDSEEE	CSNK2A1	pelm;psite	748
ENSP00000245503	MYH2	51	SFVKGTIQSRE		psite	683
ENSP00000245503	MYH2	744	GQFIDSKKASE		psite	683
ENSP00000245503	MYH2	966	DDLELTLAKVE		psite	683
ENSP00000245503	MYH2	1134	EAERASRAKAE		psite	683
ENSP00000245503	MYH2	1143	AEKQRSDLSRE		psite	683
ENSP00000245503	MYH2	1146	QRSDLSRELEE		psite	683
ENSP00000245503	MYH2	1163	EAGGATSAQIE		psite	683
ENSP00000245503	MYH2	1228	LEKEKSEMKME		psite	683
ENSP00000245503	MYH2	1294	ESGEFSRQLDE		psite	683
ENSP00000245503	MYH2	1315	GKQAFTQQIEE		psite	683
ENSP00000245503	MYH2	1368	LQRALSKANTE		psite	683
ENSP00000245503	MYH2	1389	DAIQRTEELEE		psite	683
ENSP00000245503	MYH2	1519	EISDLTEQIAE		psite	683
ENSP00000245503	MYH2	1605	VESMQSTLDAE		psite	683
ENSP00000245503	MYH2	1732	TSLINTKKKLE		psite	683
ENSP00000245503	MYH2	1741	LETDISQMQGE		psite	683
ENSP00000245503	MYH2	1857	RVKELTYQTEE		psite	683
ENSP00000262113	MYOM2	76	CAKRVSTQEDE	PRKACA	psite	523
ENSP00000262113	MYOM2	77	AKRVSTQEDEE		psite	523
ENSP00000352272	MYOZ1	16	KKRKSSKLIME		psite	411
ENSP00000352272	MYOZ1	23	LIMELTGGGQE		psite	411
ENSP00000352272	MYOZ1	159	GGAAGTAGVGE		psite	411
ENSP00000351790	MYPN	257	PGSSPSSLYYE		hprd;pelm;psite	428
ENSP00000351790	MYPN	258	GSSPSSLYYEE		hprd;pelm;psite	428
ENSP00000351790	MYPN	643	KTPEPSSPVKE		hprd;pelm;psite	428
ENSP00000386259	NEB	6545	SASALSISGGE		psite	685
ENSP00000374455	SQSTM1	275	PVSPESSSTEE		hprd;pelm;psite	401
ENSP00000374455	SQSTM1	355	TGELQSLQMPE		hprd;pelm;psite	401
ENSP00000386259	NEB	6226	GTGIPTTVTPE		hprd	685
ENSP00000374455	SQSTM1	318	KIALESEGRPE		hprd	401
ENSP00000342858	FERMT2	328	HINKLSIMTSE		hprd	422
