name	OXSR1
id	ENSP00000311713
type	Serine/threonine kinase
proline+1_removed	Yes
npartners	25
npartners_with_sites	21
nsites	29
//
motif	score	fg_matches	fg_size	bg_matches	bg_size	fold_increase
..R..[ST].....	8.14	29	165	483	9383	3.41
//
prot_id	prot_name	position	flank	kinase	source	string_score
ENSP00000276297	DLC1	733	MVRKRSVSNST		psite	583
ENSP00000276297	DLC1	842	NWRTGSFHGPG		psite	583
ENSP00000276297	DLC1	986	PERRDSGVGAS		hprd;psite	583
ENSP00000276297	DLC1	1244	LKRENSSPRVM	PRKD1	psite	583
ENSP00000308597	DLEC1	322	LARMESRNHFL		psite	605
ENSP00000370719	ITSN1	313	FRRVRSGSGIS		hprd;pelm;psite	424
ENSP00000370719	ITSN1	315	RVRSGSGISVI		hprd;pelm;psite	424
ENSP00000370719	ITSN1	687	LKREESVKKKD		hprd;psite	424
ENSP00000286627	KCNMA1	934	MLRQPSITTGV		psite	468
ENSP00000278568	PAK1	21	PMRNTSTMIGA	PAK1;PRKG1	hprd;psite	712
ENSP00000345494	PLSCR1	161	PSRPFTLRIID	PRKCD	hprd;psite	803
ENSP00000313059	WNK1	60	RRRRHTMDKDS	AKT1;RPS6KA5;SGK1	hprd;pelm;psite	720
ENSP00000313059	WNK1	167	KDRPVSQPSLV		hprd;pelm;psite	720
ENSP00000313059	WNK1	185	PARSGSGGGSA		psite	720
ENSP00000313059	WNK1	1110	SVRSRSRHEKT		psite	720
ENSP00000313059	WNK1	2128	RRRRPTKSKGS		psite	720
ENSP00000313059	WNK1	2245	SSRKGTFTDDL		hprd;psite	720
ENSP00000313059	WNK1	2270	SGRRGSKGHMN		psite	720
ENSP00000313059	WNK1	2286	MARKFSAPGQL		psite	720
ENSP00000246914	WNK4	47	RARRFSGKAEP		psite	712
ENSP00000246914	WNK4	1190	RQRRLSKGSFP	SGK1	psite	712
ENSP00000246914	WNK4	1201	TSRRNSLQRSE		psite	712
ENSP00000246914	WNK4	1217	IMRRNSLSGSS		hprd;psite	712
ENSP00000207870	XYLB	394	RHRFNTENHKV		psite	796
ENSP00000370719	ITSN1	891	QLRQRSAFTPA		hprd	424
ENSP00000276297	DLC1	764	VTRTRSLSACN	AKT1	hprd	583
ENSP00000276297	DLC1	766	RTRSLSACNKR	AKT1	hprd	583
ENSP00000276297	DLC1	1004	RLRWHSFQSSH	AKT1	hprd	583
ENSP00000308597	DLEC1	86	RLRPSSLRTQD		hprd	605
