name	PAK1
id	ENSP00000278568
type	Serine/threonine kinase
proline+1_removed	Yes
npartners	129
npartners_with_sites	111
nsites	520
//
motif	score	fg_matches	fg_size	bg_matches	bg_size	fold_increase
R.R..[ST]..S..	322.53	10	1372	1	9365	68.26
..RR.[ST].....	314.75	27	1399	18	9383	10.06
..R..[ST].....	307.65	184	1362	464	9364	2.73
...R.[ST].....	307.65	126	1178	404	8900	2.36
..S..[ST].....	6.96	163	1052	874	8496	1.51
//
prot_id	prot_name	position	flank	kinase	source	string_score
ENSP00000225941	ABI3	165	LSRTGTLSRKS		psite	634
ENSP00000225941	ABI3	170	TLSRKSIKAPA		psite	634
ENSP00000225941	ABI3	216	LASAGSAEGVG		psite	634
ENSP00000225941	ABI3	342	VTRRYSDGWCE		hprd;psite	634
ENSP00000303909	ABR	638	LKRTPSKKQTG		psite	416
ENSP00000355645	ACTA1	151	ASGRTTGIVLD		psite	722
ENSP00000355645	ACTA1	188	AGRDLTDYLMK		psite	722
ENSP00000355645	ACTA1	201	TERGYSFVTTA		psite	722
ENSP00000355645	ACTA1	204	GYSFVTTAERE		psite	722
ENSP00000270202	AKT1	72	RPRPNTFIIRC	AKT1	psite	894
ENSP00000270202	AKT1	129	SPSDNSGAEEM	CSNK2A1	hprd;pelm;psite	894
ENSP00000270202	AKT1	146	PKHRVTMNEFE		psite	894
ENSP00000270202	AKT1	246	RERVFSEDRAR	AKT1	psite	894
ENSP00000284776	SORBS2	187	PRDRSSTEKHD		psite	626
ENSP00000284776	SORBS2	188	RDRSSTEKHDW		psite	626
ENSP00000284776	SORBS2	230	HERPASLYQSS		hprd;psite	626
ENSP00000284776	SORBS2	248	PMSSASMASDF		psite	626
ENSP00000284776	SORBS2	259	RKRRKSEPAVG		hprd;psite	626
ENSP00000284776	SORBS2	301	TSSSPSSPSRA		hprd;psite	626
ENSP00000284776	SORBS2	304	SPSSPSRAKGG		hprd;psite	626
ENSP00000284776	SORBS2	550	PKRRFSIEYLL		psite	626
ENSP00000284776	SORBS2	750	EKKRGSLPDNS		psite	626
ENSP00000284776	SORBS2	1018	PHSYSSDRIHS		hprd;psite	626
ENSP00000366121	ARHGAP27	339	LQRRPTLQSLR		psite	416
ENSP00000315325	ARHGEF2	94	IRERPSSAIYP		psite	948
ENSP00000315325	ARHGEF2	95	RERPSSAIYPS		psite	948
ENSP00000315325	ARHGEF2	106	DSFRQSLLGSR		psite	948
ENSP00000315325	ARHGEF2	115	SRRGRSSLSLA		psite	948
ENSP00000315325	ARHGEF2	116	RRGRSSLSLAK		hprd;psite	948
ENSP00000315325	ARHGEF2	125	AKSVSTTNIAG		pelm;psite	948
ENSP00000315325	ARHGEF2	145	LRRILSQSTDS	CHEK1	hprd;psite	948
ENSP00000315325	ARHGEF2	148	ILSQSTDSLNM		hprd;psite	948
ENSP00000315325	ARHGEF2	150	SQSTDSLNMRN		hprd;psite	948
ENSP00000315325	ARHGEF2	157	NMRNRTLSVES		psite	948
ENSP00000315325	ARHGEF2	159	RNRTLSVESLI		psite	948
ENSP00000315325	ARHGEF2	267	HTRFLSQLLER		psite	948
ENSP00000315325	ARHGEF2	494	KPSVVSLQNLI		psite	948
ENSP00000315325	ARHGEF2	617	LFRSESLESPR		hprd;pelm;psite	948
ENSP00000315325	ARHGEF2	691	LCRADSDSSQR		psite	948
ENSP00000315325	ARHGEF2	754	LCRANSRDGEA		hprd;psite	948
ENSP00000315325	ARHGEF2	802	GEERATEAGSL		psite	948
ENSP00000315325	ARHGEF2	858	DPRRRSLPAGD	MARK2;PAK1;PAK4	hprd;psite	948
ENSP00000315325	ARHGEF2	162	TLSVESLIDEE		psite	948
ENSP00000250617	ARHGEF6	123	PCGRSSSLSAA		hprd;psite	948
ENSP00000250617	ARHGEF6	124	CGRSSSLSAAN		hprd;psite	948
ENSP00000250617	ARHGEF6	126	RSSSLSAANTS		hprd;psite	948
ENSP00000250617	ARHGEF6	144	VSSTVSGLQRQ		psite	948
ENSP00000250617	ARHGEF6	150	GLQRQSKTVEM		hprd;psite	948
ENSP00000250617	ARHGEF6	488	ASPRMSGFIYQ		hprd;pelm;psite	948
ENSP00000250617	ARHGEF6	640	TERKPSEEEYV		hprd;psite	948
ENSP00000250617	ARHGEF6	649	YVIRKSTAALE		hprd;psite	948
ENSP00000250617	ARHGEF6	650	VIRKSTAALEE		hprd;psite	948
ENSP00000250617	ARHGEF6	684	STRKDSIPQVL		hprd;pelm;psite	948
ENSP00000364893	ARHGEF7	153	SHRIKSFDSLG		psite	999
ENSP00000364893	ARHGEF7	252	PVSPKSGTLKS		psite	999
ENSP00000364893	ARHGEF7	518	ASPRMSGFIYQ		hprd;pelm;psite	999
ENSP00000364893	ARHGEF7	694	PERKPSDEEFA		hprd;pelm;psite	999
ENSP00000364893	ARHGEF7	703	FASRKSTAALE		hprd;psite	999
ENSP00000364893	ARHGEF7	704	ASRKSTAALEE		hprd;psite	999
ENSP00000364893	ARHGEF7	761	LGRRSSLSRLE		hprd;psite	999
ENSP00000364893	ARHGEF7	763	RRSSLSRLEPS		psite	999
ENSP00000252725	ARPC1B	170	KCRIFSAYIKE		hprd;psite	734
ENSP00000252725	ARPC1B	297	SQRGLTARERF		psite	734
ENSP00000309103	BAD	74	IRSRHSSYPAG	PAK1	hprd;psite	677
ENSP00000309103	BAD	75	RSRHSSYPAGT	ARAF;BRAF;PAK1;PIM3;PRKACA;PRKCE;PRKCI;PRKCQ;PRKD1;RAF1;RPS6KA1;RPS6KA3	hprd;pelm;psite	677
ENSP00000309103	BAD	97	PFRGRSRSAPP		psite	677
ENSP00000309103	BAD	99	RGRSRSAPPNL	AKT1;ARAF;BRAF;PAK1;PRKACA;PRKCE;PRKCI;PRKCQ;PRKD1;RAF1;RPS6KA3	hprd;pelm;psite	677
ENSP00000309103	BAD	118	ELRRMSDEFVD	ARAF;BRAF;PAK1;PRKACA;PRKCE;PRKCI;PRKD1;RAF1;RPS6KA1	hprd;pelm;psite	677
ENSP00000309103	BAD	134	LPRPKSAGTAT		hprd;psite	677
ENSP00000309103	BAD	137	PKSAGTATQMR		psite	677
ENSP00000303507	BCR	130	KARPGTARRPG		psite	460
ENSP00000303507	BCR	201	VSDRISSLGSQ		psite	460
ENSP00000303507	BCR	202	SDRISSLGSQA		psite	460
ENSP00000303507	BCR	205	ISSLGSQAMQM		psite	460
ENSP00000303507	BCR	215	MERKKSQHGAG		psite	460
ENSP00000303507	BCR	235	PYRGRSSESSC		psite	460
ENSP00000303507	BCR	236	YRGRSSESSCG		psite	460
ENSP00000303507	BCR	301	LLRSQSTSEQE		psite	460
ENSP00000303507	BCR	302	LRSQSTSEQEK		psite	460
ENSP00000303507	BCR	310	QEKRLTWPRRS		hprd;pelm;psite	460
ENSP00000303507	BCR	359	SPSPTTYRMFR		psite	460
ENSP00000303507	BCR	377	QNSQQSFDSSS		psite	460
ENSP00000303507	BCR	462	DDSPSSSPHLS		psite	460
ENSP00000303507	BCR	473	SKGRGSRDALV		psite	460
ENSP00000303507	BCR	641	KNSLETLLYKP		psite	460
ENSP00000303507	BCR	698	TPRRQSMTVKK		psite	460
ENSP00000303507	BCR	1049	PSRKQTGVFGV		psite	460
ENSP00000303507	BCR	1264	DSKRQSILFST	CSNK2A1	hprd;pelm;psite	460
ENSP00000264705	CAD	1220	CNVRVSRSFPF		psite	800
ENSP00000264705	CAD	1406	GGRRLSSFVTK	PRKACA	hprd;pelm;psite	800
ENSP00000264705	CAD	1407	GRRLSSFVTKG		hprd;psite	800
ENSP00000264705	CAD	1831	ATSEMTTTPER		psite	800
ENSP00000264705	CAD	1859	RIHRASDPGLP	PRKACA;RPS6KB1	hprd;pelm;psite	800
ENSP00000264705	CAD	2154	KERFGSTQEYE		psite	800
ENSP00000354826	CALD1	202	KPKRGSIGENQ		hprd;pelm;psite	482
ENSP00000354826	CALD1	518	PGGRASVDTKE		hprd;pelm;psite	482
ENSP00000354826	CALD1	546	RRRGETESEEF		hprd;psite	482
ENSP00000354826	CALD1	726	VFSSPTAAGTP		hprd;pelm;psite	482
ENSP00000410076	CASP1	376	RKVRFSFEQPD	PAK1	hprd;psite	947
ENSP00000311032	CASP3	150	GDRCRSLTGKP	MAPK14	pelm;psite	854
ENSP00000227507	CCND1	90	LDRFLSLEPVK	PRKACA	hprd;pelm;psite	877
ENSP00000227507	CCND1	234	LTRFLSRVIKC	PRKACA	hprd;pelm;psite	877
ENSP00000384442	CDK11A	47	DSKRDSLEEGE		hprd;pelm;psite	892
ENSP00000384442	CDK11A	72	YRREDSMEDRG		psite	892
ENSP00000384442	CDK11A	230	KASHWSRSPPR		psite	892
ENSP00000384442	CDK11A	736	RVKRGTSPRPP		hprd;pelm;psite	892
ENSP00000380921	SH3KBP1	82	VPSGNSLLSSE		hprd;psite	626
ENSP00000380921	SH3KBP1	179	SLRETTGSESD		psite	626
ENSP00000380921	SH3KBP1	230	KLRPRSIEVEN		hprd;pelm;psite	626
ENSP00000380921	SH3KBP1	498	SQSLTSSSLSS		psite	626
ENSP00000380921	SH3KBP1	502	TSSSLSSPDIF		psite	626
ENSP00000380921	SH3KBP1	580	SSSLGTAGHRA		psite	626
ENSP00000217244	CSNK2A1	13	RARVYTDVNTH		psite	620
ENSP00000217244	CSNK2A1	194	NVRVASRYFKG		hprd;psite	620
ENSP00000217244	CSNK2A1	277	ILGRHSRKRWE		psite	620
ENSP00000262506	CSNK2A2	21	VNSLRSREYWD		hprd;psite	619
ENSP00000262506	CSNK2A2	195	NVRVASRYFKG		psite	619
ENSP00000301843	CTTN	109	YQSKLSKHCSQ		psite	946
ENSP00000301843	CTTN	282	SERQDSAAVGF		hprd;psite	946
ENSP00000301843	CTTN	348	VTSKTSNIRAN	PRKD1	hprd;psite	946
ENSP00000301843	CTTN	399	QARAKTQTPPV		hprd;pelm;psite	946
ENSP00000301843	CTTN	417	EERLPSSPVYE		hprd;pelm;psite	946
ENSP00000290921	CTBP1	100	IVRIGSGFDNI		psite	484
ENSP00000290921	CTBP1	144	LYRRATWLHQA		psite	484
ENSP00000290921	CTBP1	158	GTRVQSVEQIR	PAK1;PRKAA1	psite	484
ENSP00000363071	DES	12	SSQRVSSYRRT	AURKB;PRKACA;ROCK1	hprd;pelm;psite	815
ENSP00000363071	DES	13	SQRVSSYRRTF		psite	815
ENSP00000363071	DES	17	SSYRRTFGGAP	AURKB;PRKACA;ROCK1	hprd;pelm;psite	815
ENSP00000363071	DES	31	LGSPLSSPVFP		psite	815
ENSP00000363071	DES	60	QVSRTSGGAGG	AURKB;ROCK1	hprd;pelm;psite	815
ENSP00000363071	DES	76	ASRLGTTRTPS	PRKACA;ROCK1	hprd;pelm;psite	815
ENSP00000363071	DES	81	TTRTPSSYGAG		psite	815
ENSP00000363071	DES	358	EDRFASEASGY		psite	815
ENSP00000276297	DLC1	733	MVRKRSVSNST		psite	823
ENSP00000276297	DLC1	750	SQSETSSAVST		psite	823
ENSP00000276297	DLC1	842	NWRTGSFHGPG		psite	823
ENSP00000276297	DLC1	986	PERRDSGVGAS		hprd;psite	823
ENSP00000276297	DLC1	1244	LKRENSSPRVM	PRKD1	psite	823
ENSP00000302886	PA2G4	335	PMRITSGPFEP		hprd;psite	809
ENSP00000302886	PA2G4	363	LQSSASRKTQK	PRKCA	hprd;psite	809
ENSP00000302886	PA2G4	366	SASRKTQKKKK	PRKCA	hprd;psite	809
ENSP00000302886	PA2G4	386	ATSGETLEENE		hprd;pelm;psite	809
ENSP00000275493	EGFR	151	GAVRFSNNPAL		psite	670
ENSP00000275493	EGFR	678	IVRKRTLRRLL	PKN1;PKN3;PRKCA;PRKCD	hprd;pelm;psite	670
ENSP00000275493	EGFR	1039	LLSSLSATSNN	MAPK11;MAPK14	hprd;pelm;psite	670
ENSP00000275493	EGFR	1042	SLSATSNNSTV		hprd;pelm;psite	670
ENSP00000275493	EGFR	1045	ATSNNSTVACI		hprd;pelm;psite	670
ENSP00000275493	EGFR	1070	FLQRYSSDPTG	CAMK2G	hprd;pelm;psite	670
ENSP00000275493	EGFR	1071	LQRYSSDPTGA	CAMK2G	hprd;pelm;psite	670
ENSP00000275493	EGFR	1074	YSSDPTGALTE		psite	670
ENSP00000262056	EIF4B	131	LPREPSNPERL		hprd;psite	800
ENSP00000262056	EIF4B	192	DRNRDSDKTDT		hprd;pelm;psite	800
ENSP00000262056	EIF4B	195	RDSDKTDTDWR		hprd;psite	800
ENSP00000262056	EIF4B	205	RARPATDSFDD		psite	800
ENSP00000262056	EIF4B	230	RDRYDSDRYRD		psite	800
ENSP00000262056	EIF4B	263	YDDRGSRDYDR		psite	800
ENSP00000262056	EIF4B	312	DRSWSSRDDYS		psite	800
ENSP00000262056	EIF4B	350	DDSSASTSQST		psite	800
ENSP00000262056	EIF4B	359	STRAASIFGGA		hprd;psite	800
ENSP00000262056	EIF4B	406	RERHPSWRSEE		hprd;pelm;psite	800
ENSP00000262056	EIF4B	409	HPSWRSEETQE		hprd;psite	800
ENSP00000262056	EIF4B	412	WRSEETQERER		hprd;psite	800
ENSP00000262056	EIF4B	418	QERERSRTGSE		psite	800
ENSP00000262056	EIF4B	420	RERSRTGSESS		hprd;psite	800
ENSP00000262056	EIF4B	422	RSRTGSESSQT	RPS6KA1;RPS6KB1	hprd;pelm;psite	800
ENSP00000262056	EIF4B	425	TGSESSQTGTS		hprd;pelm;psite	800
ENSP00000262056	EIF4B	427	SESSQTGTSTT		psite	800
ENSP00000262056	EIF4B	433	GTSTTSSRNAR		psite	800
ENSP00000262056	EIF4B	442	ARRRESEKSLE		hprd;psite	800
ENSP00000262056	EIF4B	445	RESEKSLENET		hprd;pelm;psite	800
ENSP00000262056	EIF4B	462	CHSPTSKPPKP		hprd;pelm;psite	800
ENSP00000262056	EIF4B	489	WVKRSSNPPAR		hprd;psite	800
ENSP00000262056	EIF4B	497	PARSQSSDTEQ		hprd;pelm;psite	800
ENSP00000262056	EIF4B	498	ARSQSSDTEQQ		hprd;pelm;psite	800
ENSP00000262056	EIF4B	500	SQSSDTEQQSP		hprd;pelm;psite	800
ENSP00000316879	EIF4G1	204	GARTASTPTPP		hprd;psite	804
ENSP00000316879	EIF4G1	704	LGPRRSQQGPR		hprd;psite	804
ENSP00000316879	EIF4G1	895	IARRRSLGNIK	PAK2	psite	804
ENSP00000316879	EIF4G1	1080	PGSIDSNNQLF		hprd;psite	804
ENSP00000316879	EIF4G1	1092	PGGRLSWGKGS		hprd;pelm;psite	804
ENSP00000316879	EIF4G1	1101	GSSGGSGAKPS		hprd;psite	804
ENSP00000316879	EIF4G1	1145	VVQRSSLSRER		hprd;pelm;psite	804
ENSP00000316879	EIF4G1	1147	QRSSLSRERGE	MAP3K8	hprd;pelm;psite	804
ENSP00000316879	EIF4G1	1187	TKRSFSKEVEE	MAP3K8	hprd;pelm;psite	804
ENSP00000206249	ESR1	154	FYRPNSDNRRQ		pelm;psite	946
ENSP00000206249	ESR1	167	RERLASTNDKG	AKT1;AKT2;CSNK2A1;IKBKE;RPS6KA1;RPS6KA3;RPS6KB1	hprd;pelm;psite	946
ENSP00000206249	ESR1	236	KNRRKSCQACR	PRKACA	pelm;psite	946
ENSP00000206249	ESR1	576	AGSTSSHSLQK		psite	946
ENSP00000206249	ESR1	578	STSSHSLQKYY		psite	946
ENSP00000358866	FLNA	915	QFSGLTKGDAV		psite	945
ENSP00000358866	FLNA	1286	DARALTQTGGP		psite	945
ENSP00000358866	FLNA	2053	SRVRVSGQGLH		hprd;pelm;psite	945
ENSP00000358866	FLNA	2152	RRRAPSVANVG	PAK1;PRKACA;RPS6KA1	hprd;pelm;psite	945
ENSP00000358866	FLNA	2336	DARRLTVSSLQ		hprd;psite	945
ENSP00000358866	FLNA	2523	GPRLVSNHSLH	CAMK2A;CAMK2G	hprd;pelm;psite	945
ENSP00000333188	FOXL2	329	PASPATAAPPA		psite	621
ENSP00000368880	FOXO1	24	RPRSCTWPLPR	AKT1	hprd;pelm;psite	627
ENSP00000368880	FOXO1	256	RRRAASMDNNS	AKT1	hprd;pelm;psite	627
ENSP00000368880	FOXO1	301	PASPGSHSNDD		psite	627
ENSP00000368880	FOXO1	319	RPRTSSNASTI	AKT1	hprd;pelm;psite	627
ENSP00000368880	FOXO1	322	TSSNASTISGR	CSNK1A1;CSNK1G1	hprd;pelm;psite	627
ENSP00000368880	FOXO1	325	NASTISGRLSP	CSNK1A1;GSK3B	hprd;pelm;psite	627
ENSP00000368880	FOXO1	505	PNSVMSTYGSQ		hprd;pelm;psite	627
ENSP00000299293	FRS2	137	TPRTPTTPGFA		psite	743
ENSP00000299293	FRS2	155	YPRYPSFGDAS		psite	743
ENSP00000299293	FRS2	169	SSRHPSVGSAR		psite	743
ENSP00000299293	FRS2	177	SARLPSVGEES		psite	743
ENSP00000299293	FRS2	211	RKNRTSVHVPL		psite	743
ENSP00000299293	FRS2	221	LEARVSNAESS		hprd;psite	743
ENSP00000299293	FRS2	326	RRGRLTSTSTS		psite	743
ENSP00000299293	FRS2	327	RGRLTSTSTSD		psite	743
ENSP00000299293	FRS2	344	SAQRRTALLNY		psite	743
ENSP00000299293	FRS2	365	EARKLSRDEDD		psite	743
ENSP00000299293	FRS2	468	TPTRRTELYAV		hprd;psite	743
ENSP00000299293	FRS2	503	KTRHNSTDLPM		psite	743
ENSP00000378338	GIT1	46	LGRHISIVKHL	PRKD3	psite	782
ENSP00000378338	GIT1	373	SLSSPTDNLEL		hprd;pelm;psite	782
ENSP00000378338	GIT1	382	ELSLRSQSDLD		hprd;pelm;psite	782
ENSP00000378338	GIT1	384	SLRSQSDLDDQ		hprd;psite	782
ENSP00000378338	GIT1	397	YDSVASDEDTD		hprd;pelm;psite	782
ENSP00000378338	GIT1	419	SNRARSMDSSD		hprd;pelm;psite	782
ENSP00000378338	GIT1	426	DSSDLSDGAVT		hprd;pelm;psite	782
ENSP00000378338	GIT1	601	LSRHGSGADSD		hprd;pelm;psite	782
ENSP00000378338	GIT1	422	ARSMDSSDLSD		hprd;pelm;psite	782
ENSP00000378338	GIT1	710	EPVRSSLRLLN		psite	782
ENSP00000347464	GIT2	397	YDSVASDEDTD		hprd;pelm;psite	879
ENSP00000347464	GIT2	415	TNRQKSLDSDL		hprd;psite	879
ENSP00000347464	GIT2	418	QKSLDSDLSDG		hprd;psite	879
ENSP00000347464	GIT2	421	LDSDLSDGPVT		hprd;psite	879
ENSP00000347464	GIT2	493	TGSEYTDTSNH		psite	879
ENSP00000347464	GIT2	506	LKRRPSARGSR		psite	879
ENSP00000347464	GIT2	514	GSRPMSMYETG		psite	879
ENSP00000347464	GIT2	559	VTSSSSLPSFP		pelm;psite	879
ENSP00000347464	GIT2	562	SSSLPSFPSTL		psite	879
ENSP00000347464	GIT2	568	FPSTLSWSRDE		psite	879
ENSP00000347464	GIT2	614	KGRQRSMVWPG		hprd;pelm;psite	879
ENSP00000381793	GRB10	428	PVRSVSENSLV	MTOR	psite	424
ENSP00000339007	GRB2	88	FLIRESESAPG		psite	956
ENSP00000254810	H3F3B	11	QTARKSTGGKA	AURKB;FYN;PRKACA	hprd;pelm;psite	867
ENSP00000355778	H3F3A	11	QTARKSTGGKA	AURKB;FYN;PRKACA	hprd;pelm;psite	867
ENSP00000254810	H3F3B	29	KAARKSAPSTG	AURKB;MAPK9;PRKACA	hprd;pelm;psite	867
ENSP00000355778	H3F3A	29	KAARKSAPSTG	AURKB;MAPK9;PRKACA	hprd;pelm;psite	867
ENSP00000254810	H3F3B	32	RKSAPSTGGVK		pelm;psite	867
ENSP00000355778	H3F3A	32	RKSAPSTGGVK		pelm;psite	867
ENSP00000254810	H3F3B	46	RYRPGTVALRE	DYRK1B;DYRK2;DYRK3	psite	867
ENSP00000355778	H3F3A	46	RYRPGTVALRE	DYRK1B;DYRK2;DYRK3	psite	867
ENSP00000352980	HIST1H4A	48	GVKRISGLIYE		hprd;pelm;psite	659
ENSP00000352980	HIST1H4A	81	HAKRKTVTAMD		hprd;psite	659
ENSP00000269571	ERBB2	686	KIRKYTMRRLL	PRKACA;PRKCA	pelm;psite	668
ENSP00000269571	ERBB2	1049	HHRHRSSSTRS		psite	668
ENSP00000269571	ERBB2	1050	HRHRSSSTRSG		psite	668
ENSP00000269571	ERBB2	1051	RHRSSSTRSGG		psite	668
ENSP00000269571	ERBB2	1054	SSSTRSGGGDL		hprd;pelm;psite	668
ENSP00000269571	ERBB2	1172	LERPKTLSPGK		pelm;psite	668
ENSP00000305556	PCBP1	60	PERIITLTGPT	PAK1	psite	813
ENSP00000305556	PCBP1	127	EIRESTGAQVQ	PAK1	psite	813
ENSP00000305556	PCBP1	180	QGRVMTIPYQP		hprd;psite	813
ENSP00000305556	PCBP1	246	VARQQSHFAMM		hprd;psite	813
ENSP00000309845	HRAS	148	ETSAKTRQGVE		psite	408
ENSP00000331201	HGS	243	LTSPLSQQSQL		psite	637
ENSP00000331201	HGS	284	RLRQKSTYTSY		psite	637
ENSP00000331201	HGS	287	QKSTYTSYPKA		psite	637
ENSP00000331201	HGS	309	ASSLYSSPVNS		psite	637
ENSP00000299421	ILK	181	RPRNGTLNKHS		psite	454
ENSP00000299421	ILK	232	WSTRKSRDFNE		psite	454
ENSP00000299421	ILK	246	RLRIFSHPNVL	PAK1	psite	454
ENSP00000316338	BAIAP2	334	SQSKLSDSYSN		psite	700
ENSP00000316338	BAIAP2	346	LPVRKSVTPKN		hprd;pelm;psite	700
ENSP00000316338	BAIAP2	365	TLPRSSSMAAG		psite	700
ENSP00000316338	BAIAP2	366	LPRSSSMAAGL	MARK2;PRKAA2	hprd;pelm;psite	700
ENSP00000316338	BAIAP2	455	GKSSSTGNLLD		hprd;psite	700
ENSP00000316338	BAIAP2	492	KQRPYSVAVPA		psite	700
ENSP00000242577	DYNLL1	67	FGSYVTHETKH		psite	941
ENSP00000336740	LIMK1	274	ETSPLSSPAYT		hprd;psite	971
ENSP00000336740	LIMK1	298	VLRSCSIDRSP	LIMK1	hprd;pelm;psite	971
ENSP00000336740	LIMK1	313	LGSPASQRKDL		hprd;psite	971
ENSP00000336740	LIMK1	323	LGRSESLRVVC	MAPKAPK2	psite	971
ENSP00000336740	LIMK1	337	RIFRPSDLIHG		hprd;psite	971
ENSP00000336740	LIMK1	508	RKKRYTVVGNP	CDC42BPA;PAK1;ROCK1	hprd;pelm;psite	971
ENSP00000336740	LIMK1	637	YRRGESGLPAH		psite	971
ENSP00000348273	MBP	19	KASTNSETNRG		psite	962
ENSP00000348273	MBP	26	TNRGESEKKRN		psite	962
ENSP00000348273	MBP	39	ELSRTTSEDNE		psite	962
ENSP00000348273	MBP	40	LSRTTSEDNEV		psite	962
ENSP00000348273	MBP	96	LIRLFSRDAPG		hprd;pelm;psite	962
ENSP00000348273	MBP	141	SQKRPSQRHGS	PRKCA	hprd;psite	962
ENSP00000348273	MBP	146	SQRHGSKYLAT	PRKCA	hprd;psite	962
ENSP00000348273	MBP	169	PRHRDTGILDS	PRKACA	hprd;psite	962
ENSP00000348273	MBP	249	SLSRFSWGAEG	PRKCA	hprd;psite	962
ENSP00000348273	MBP	266	YGGRASDYKSA	PRKCA	hprd;psite	962
ENSP00000302486	MAP2K1	298	PGRPLSSYGMD	PAK1	hprd;pelm;psite	932
ENSP00000302486	MAP2K1	388	QPSTPTHAAGV		psite	932
ENSP00000262948	MAP2K2	26	GPSPTSEGASE	MAP2K2	hprd;psite	814
ENSP00000262948	MAP2K2	306	PGRPVSGHGMD		psite	814
ENSP00000343463	MAP3K2	153	RKKRLSIIGPT		hprd;pelm;psite	842
ENSP00000343463	MAP3K2	163	TSRDRSSPPPG		hprd;pelm;psite	842
ENSP00000343463	MAP3K2	239	MPRAQSYPDNH		hprd;pelm;psite	842
ENSP00000343463	MAP3K2	290	PRARRTQGTSL		psite	842
ENSP00000343463	MAP3K2	300	LRSPVSFSPTD		pelm;psite	842
ENSP00000343463	MAP3K2	312	SLSTSSGSSIF		hprd;psite	842
ENSP00000343463	MAP3K2	315	TSSGSSIFTPE		hprd;psite	842
ENSP00000343463	MAP3K2	331	IRRRGSDIDNP		hprd;pelm;psite	842
ENSP00000354927	MAP3K3	197	RSRHLSVSSQN	PRKACA	hprd;pelm;psite	849
ENSP00000354927	MAP3K3	200	HLSVSSQNPGR		psite	849
ENSP00000354927	MAP3K3	281	MSRAQSFPDNR		hprd;psite	849
ENSP00000354927	MAP3K3	325	SDGRRTFPRIR		hprd;psite	849
ENSP00000354927	MAP3K3	347	SSRSLSTNGEN		psite	849
ENSP00000354927	MAP3K3	348	SRSLSTNGENM		psite	849
ENSP00000354927	MAP3K3	368	RGRLRSADSEN	PRKACA	hprd;pelm;psite	849
ENSP00000354927	MAP3K3	371	LRSADSENALS		hprd;psite	849
ENSP00000354927	MAP3K3	547	SKRLQTICMSG		psite	849
ENSP00000354927	MAP3K3	559	GMRSVTGTPYW		psite	849
ENSP00000344666	NF2	10	IASRMSFSSLK	PRKACA	psite	882
ENSP00000344666	NF2	13	RMSFSSLKRKQ		psite	882
ENSP00000344666	NF2	518	DMKRLSMEIEK	PAK1;PAK2;PRKACA	hprd;pelm;psite	882
ENSP00000344666	NF2	587	LQSAKSRVAFF		psite	882
ENSP00000309871	RACGAP1	144	GNKRLSTIDES	AURKB	hprd;pelm;psite	489
ENSP00000309871	RACGAP1	154	SGSILSDISFD		hprd;pelm;psite	489
ENSP00000309871	RACGAP1	157	ILSDISFDKTD	PLK1	hprd;pelm;psite	489
ENSP00000309871	RACGAP1	185	REKRRSTSRQF	AURKB	hprd;pelm;psite	489
ENSP00000309871	RACGAP1	187	KRRSTSRQFVD	AURKB	hprd;pelm;psite	489
ENSP00000309871	RACGAP1	206	TRSIGSAVDQG		hprd;pelm;psite	489
ENSP00000309871	RACGAP1	249	RSRRKTGTLQP	AKT2;AURKB	psite	489
ENSP00000309871	RACGAP1	260	WNSDSTLNSRQ	PLK1	psite	489
ENSP00000309871	RACGAP1	387	GLYRISGCDRT	AURKB	hprd;pelm;psite	489
ENSP00000309871	RACGAP1	405	FLRVKTVPLLS		psite	489
ENSP00000309871	RACGAP1	593	TPSSSSLSQRV		hprd;psite	489
ENSP00000309871	RACGAP1	595	SSSSLSQRVRS		hprd;pelm;psite	489
ENSP00000309871	RACGAP1	600	SQRVRSTLTKN		hprd;pelm;psite	489
ENSP00000309871	RACGAP1	601	QRVRSTLTKNT		hprd;pelm;psite	489
ENSP00000309871	RACGAP1	603	VRSTLTKNTPR		hprd;psite	489
ENSP00000262445	MAP2K4	78	IERLRTHSIES		psite	829
ENSP00000262445	MAP2K4	80	RLRTHSIESSG	AKT1	hprd;pelm;psite	829
ENSP00000381066	MAP2K7	89	PRSMESIEIDQ		hprd;psite	813
ENSP00000358994	MYO6	661	DKLRSTGASFI		psite	808
ENSP00000288986	NCK1	61	VERKNSARKAS		psite	999
ENSP00000288986	NCK1	66	SARKASIVKNL		psite	999
ENSP00000288986	NCK1	85	VKRKPSVPDSA		hprd;pelm;psite	999
ENSP00000288986	NCK1	347	GQRKFSTMEEL		psite	999
ENSP00000233154	NCK2	61	VERKNSLKKGS		psite	975
ENSP00000233154	NCK2	321	SPSDFSVSLKA		psite	975
ENSP00000311713	OXSR1	185	NKVRKTFVGTP	WNK1	pelm;psite	712
ENSP00000311713	OXSR1	310	LQRAPTISERA		psite	712
ENSP00000289473	NCF1	303	APPRRSSIRNA	PRKCA;PRKCB;PRKCD	pelm;psite	644
ENSP00000289473	NCF1	304	PPRRSSIRNAH	AKT1;PRKCA;PRKCB;PRKCD;PRKCZ	pelm;psite	644
ENSP00000289473	NCF1	320	SRKRLSQDAYR	IRAK4;PRKACA;PRKCA;PRKCB;PRKCD	pelm;psite	644
ENSP00000289473	NCF1	328	AYRRNSVRFLQ	AKT1;PRKACA;PRKCA;PRKCB;PRKCD	pelm;psite	644
ENSP00000289473	NCF1	356	EEERQTQRSKP	IRAK4	psite	644
ENSP00000289473	NCF1	370	VPPRPSADLIL	IRAK4;PRKACA;PRKCA;PRKCB;PRKCD	pelm;psite	644
ENSP00000289473	NCF1	379	ILNRCSESTKR	PRKCA;PRKCB;PRKCD	pelm;psite	644
ENSP00000353864	PAK3	50	KARLRSIFPGG		psite	977
ENSP00000353864	PAK3	280	RQRKKSKMTDE		psite	977
ENSP00000353864	PAK3	456	EQSKRSTMVGT		psite	977
ENSP00000353864	PAK3	457	QSKRSTMVGTP	PAK3	hprd;psite	977
ENSP00000344220	PDPK1	241	QARANSFVGTA	PDK1;PDPK1	hprd;pelm;psite	638
ENSP00000344220	PDPK1	393	VSSSSSSHSLS	PDK1;PDPK1	hprd;pelm;psite	638
ENSP00000344220	PDPK1	394	SSSSSSHSLSA	MAP3K5	psite	638
ENSP00000344220	PDPK1	396	SSSSHSLSASD	PDK1;PDPK1	hprd;pelm;psite	638
ENSP00000344220	PDPK1	410	PQRSGSNIEQY	PDK1;PDPK1	hprd;pelm;psite	638
ENSP00000331602	PRKCD	43	TERGKTLVQKK		hprd;psite	621
ENSP00000331602	PRKCD	218	ANSRDTIFQKE	PRKCD	psite	621
ENSP00000331602	PRKCD	299	VTQRASRRSDS	PRKCD	hprd;pelm;psite	621
ENSP00000331602	PRKCD	302	RASRRSDSASS	PRKCD	hprd;pelm;psite	621
ENSP00000331602	PRKCD	304	SRRSDSASSEP	PRKCD	hprd;pelm;psite	621
ENSP00000331602	PRKCD	307	SDSASSEPVGI		hprd;psite	621
ENSP00000331602	PRKCD	451	ELYRATFYAAE		psite	621
ENSP00000331602	PRKCD	506	GESRASTFCGT		hprd;psite	621
ENSP00000331602	PRKCD	507	ESRASTFCGTP	PDK1;PDPK1	hprd;pelm;psite	621
ENSP00000331602	PRKCD	645	EKARLSYSDKN	PRKCD	hprd;pelm;psite	621
ENSP00000339933	PKLR	43	YLRRASVAQLT		psite	645
ENSP00000339933	PKLR	292	FVRKASDVAAV		hprd;psite	645
ENSP00000244007	PLCG1	542	EVSSSTELHSN		psite	669
ENSP00000244007	PLCG1	981	CYRDMSSFPET		psite	669
ENSP00000244007	PLCG1	1225	DLSPFSGTSLR		psite	669
ENSP00000244007	PLCG1	1228	PFSGTSLRERG		psite	669
ENSP00000244007	PLCG1	1234	LRERGSDASGQ		hprd;pelm;psite	669
ENSP00000244007	PLCG1	1237	RGSDASGQLFH		psite	669
ENSP00000244007	PLCG1	1249	RAREGSFESRY	AKT1;PRKACA;PRKCA;PRKD1	hprd;pelm;psite	669
ENSP00000244007	PLCG1	1252	EGSFESRYQQP		psite	669
ENSP00000244007	PLCG1	1264	EDFRISQEHLA		hprd;pelm;psite	669
ENSP00000300093	PLK1	137	LCRRRSLLELH	MAP3K8	pelm;psite	632
ENSP00000300093	PLK1	210	GERKKTLCGTP	AURKA;MAP3K8;STK10	hprd;pelm;psite	632
ENSP00000300093	PLK1	326	IPPRFSIAPSS	MAPKAPK2	psite	632
ENSP00000300093	PLK1	464	TESYLTVSSHP		hprd;psite	632
ENSP00000300093	PLK1	597	SSRSASNRLKA		psite	632
ENSP00000301242	PPP1R14A	12	GKRVLSKLQSP	DAPK3	pelm;psite	430
ENSP00000301242	PPP1R14A	38	RHARVTVKYDR	DAPK3;ILK;PKD1;PRKACA;PRKCA;PRKCD;PRKCE;PRKCZ;PRKD1;PRKG1;ROCK2	hprd;pelm;psite	430
ENSP00000228307	PXN	35	PYSYPTGNHTY		psite	956
ENSP00000228307	PXN	109	VGSPCSRVGEE		psite	956
ENSP00000228307	PXN	249	SPQRVTSTQQQ		psite	956
ENSP00000228307	PXN	250	PQRVTSTQQQT		psite	956
ENSP00000228307	PXN	258	QQTRISASSAT		hprd;psite	956
ENSP00000228307	PXN	261	RISASSATREL		hprd;pelm;psite	956
ENSP00000228307	PXN	263	SASSATRELDE		psite	956
ENSP00000310226	RAB1B	72	QERFRTITSSY		psite	469
ENSP00000310226	RAB1B	74	RFRTITSSYYR		psite	469
ENSP00000310226	RAB1B	111	IDRYASENVNK		psite	469
ENSP00000348461	RAC1	180	ECSALTQRGLK		psite	999
ENSP00000348461	RAC1	71	RLRPLSYPQTV	AKT1	hprd;psite	999
ENSP00000249071	RAC2	161	ECSALTQRGLK		psite	927
ENSP00000304283	RAC3	161	ECSALTQRGLK		psite	963
ENSP00000251849	RAF1	43	YQRRASDDGKL	PRKACA;PRKCA	hprd;pelm;psite	990
ENSP00000251849	RAF1	220	RRMRESVSRMP		psite	990
ENSP00000251849	RAF1	233	SQHRYSTPHAF	PRKACA	hprd;pelm;psite	990
ENSP00000251849	RAF1	257	SQRQRSTSTPN		hprd;pelm;psite	990
ENSP00000251849	RAF1	258	QRQRSTSTPNV		hprd;pelm;psite	990
ENSP00000251849	RAF1	259	RQRSTSTPNVH	AKT1;PRKACA;RAF1	hprd;pelm;psite	990
ENSP00000251849	RAF1	285	AIRSHSESASP		psite	990
ENSP00000251849	RAF1	294	SPSALSSSPNN		hprd;pelm;psite	990
ENSP00000251849	RAF1	338	RGQRDSSYYWE	MAP2K1;PAK1;PAK3;RAF1	hprd;pelm;psite	990
ENSP00000251849	RAF1	339	GQRDSSYYWEI	PAK1	hprd;pelm;psite	990
ENSP00000251849	RAF1	357	STRIGSGSFGT		psite	990
ENSP00000251849	RAF1	497	VKSRWSGSQQV		psite	990
ENSP00000251849	RAF1	621	INRSASEPSLH	PRKACA;RAF1	hprd;pelm;psite	990
ENSP00000251849	RAF1	624	SASEPSLHRAA		hprd;psite	990
ENSP00000019317	RALBP1	13	PTSSPSEHRRV		psite	483
ENSP00000019317	RALBP1	25	HGSGLTRTPSS		psite	483
ENSP00000019317	RALBP1	29	LTRTPSSEEIS		hprd;pelm;psite	483
ENSP00000019317	RALBP1	252	YDREESTNLED		psite	483
ENSP00000272233	RHOB	185	QKRYGSQNGCI	CSNK1A1	psite	426
ENSP00000269321	ARHGDIA	174	MLARGSYSIKS	PAK1;PRKACA	pelm;psite	919
ENSP00000272430	RTKN	106	TSRRPSDSGPP		hprd;psite	511
ENSP00000272430	RTKN	232	RRVRASLDSAG		hprd;pelm;psite	511
ENSP00000272430	RTKN	518	WGRPRTFSLDA		pelm;psite	511
ENSP00000272430	RTKN	520	RPRTFSLDAVP		pelm;psite	511
ENSP00000349486	SCRIB	35	EIYRYSRSLEE		pelm;psite	846
ENSP00000349486	SCRIB	703	VVSAPSVKGVS		psite	846
ENSP00000349486	SCRIB	735	TILRQTGGLGI		hprd;psite	846
ENSP00000349486	SCRIB	1220	IGHRNSLESIS		hprd;pelm;psite	846
ENSP00000349486	SCRIB	1223	RNSLESISSID		hprd;pelm;psite	846
ENSP00000349486	SCRIB	1226	LESISSIDREL		hprd;pelm;psite	846
ENSP00000349486	SCRIB	1279	VPSAGSVQRVP		psite	846
ENSP00000349486	SCRIB	1285	VQRVPSGAAGG		psite	846
ENSP00000349486	SCRIB	1378	PPKRVSLVGAD		hprd;pelm;psite	846
ENSP00000349486	SCRIB	1442	SPSPTSRQSPA		hprd;pelm;psite	846
ENSP00000349486	SCRIB	1508	AARMKSLEQDA		hprd;pelm;psite	846
ENSP00000401303	SHC1	139	WTRHGSFVNKP	PRKCA	hprd;pelm;psite	620
ENSP00000262160	SMAD2	417	CTIRMSFVKGW		psite	844
ENSP00000353452	MYLK	88	CGIRGTFSLVI		psite	944
ENSP00000353452	MYLK	1759	AIGRLSSMAMI		psite	944
ENSP00000353452	MYLK	1760	IGRLSSMAMIS	CAMK2G	hprd;pelm;psite	944
ENSP00000353452	MYLK	1768	MISGLSGRKSS		psite	944
ENSP00000353452	MYLK	1772	LSGRKSSTGSP	PAK1	hprd;pelm;psite	944
ENSP00000353452	MYLK	1773	SGRKSSTGSPT	PRKACA	hprd;psite	944
ENSP00000350941	SRC	17	SQRRRSLEPAE	PRKACA	hprd;pelm;psite	441
ENSP00000350941	SRC	51	GHRGPSAAFAP		psite	441
ENSP00000350941	SRC	72	FNSSDTVTSPQ		psite	441
ENSP00000350941	SRC	183	RESETTKGAYC		psite	441
ENSP00000350941	SRC	269	EIPRESLRLEV		psite	441
ENSP00000295987	SYN1	9	LRRRLSDSNFM	PRKACA	hprd;psite	659
ENSP00000295987	SYN1	432	SPGRGSHGQTP		psite	659
ENSP00000295987	SYN1	448	PLGRQTSQQPA		psite	659
ENSP00000295987	SYN1	449	LGRQTSQQPAG		psite	659
ENSP00000295987	SYN1	567	QATRQTSVSGP		psite	659
ENSP00000295987	SYN1	605	PTRQASQAGPV	CAMK2G	hprd;pelm;psite	659
ENSP00000286827	TIAM1	26	LGRKHTSRSLR		psite	543
ENSP00000286827	TIAM1	33	RSLRLSHKTRR		psite	543
ENSP00000286827	TIAM1	231	CQRANSLGDLY		hprd;psite	543
ENSP00000286827	TIAM1	294	LPCRKSHCLSE		psite	543
ENSP00000286827	TIAM1	319	GRRAKTTQDVN		psite	543
ENSP00000286827	TIAM1	373	SDSGSSSTGDA		psite	543
ENSP00000286827	TIAM1	695	RSRFSSLWGLD		psite	543
ENSP00000286827	TIAM1	1321	GSHRLSIYEDW		psite	543
ENSP00000211998	VCL	275	LASIDSKLNQA		psite	412
ENSP00000211998	VCL	288	WLRDPSASPGD		hprd;psite	412
ENSP00000314709	ZHX2	713	VARKATKPMAE		psite	574
ENSP00000275493	EGFR	1028	FFSSPSTSRTP		hprd;pelm	670
ENSP00000381793	GRB10	421	LLSPFSTPVRS		hprd;pelm	424
ENSP00000380921	SH3KBP1	447	AGSSLSGILDK		hprd;pelm	626
ENSP00000333188	FOXL2	263	YTRVQSMALPP	PAK1	hprd;pelm	621
ENSP00000353452	MYLK	13	ASSHISKTSLS		pelm	944
ENSP00000353452	MYLK	16	HISKTSLSVDP		pelm	944
ENSP00000353452	MYLK	1208	SRRPKSSLPPV	PAK2	hprd;pelm	944
ENSP00000311713	OXSR1	425	ALSSGSGSQET		hprd;pelm	712
ENSP00000343463	MAP3K2	347	DISPPSRSPRA		hprd;pelm	842
ENSP00000272430	RTKN	235	RASLDSAGGSG		hprd;pelm	511
ENSP00000217244	CSNK2A1	356	MMSGISSVPTP		hprd	620
ENSP00000384442	CDK11A	366	RFDRDSGESEE		hprd	892
ENSP00000384442	CDK11A	369	RDSGESEEAEE		hprd	892
ENSP00000303507	BCR	315	TWPRRSYSPRS		hprd	460
ENSP00000348273	MBP	295	LGGRDSRSGSP	PRKCA	hprd	962
ENSP00000348273	MBP	190	APKRGSGKDSH	PRKCA	hprd	962
ENSP00000319096	RAP2B	127	GEREVSYGEGK		hprd	478
ENSP00000211998	VCL	442	EISALTSKLAD		hprd	412
ENSP00000358866	FLNA	1089	SPARFTIDTKG		hprd	945
ENSP00000358866	FLNA	2131	PGSPFSVKVTG		hprd	945
ENSP00000358866	FLNA	2486	EGYRVTYTPMA		hprd	945
ENSP00000397055	MCF2	101	LQRTFTDIGFW		hprd	480
ENSP00000295987	SYN1	568	ATRQTSVSGPA	CAMK2G	hprd	659
ENSP00000311032	CASP3	270	IVSMLTKELYF		hprd	854
ENSP00000286827	TIAM1	1542	ERGRKTLDSHA		hprd	543
ENSP00000358994	MYO6	82	IKVRYSKDRIY		hprd	808
ENSP00000358994	MYO6	122	GKSLGTRPPHV		hprd	808
ENSP00000254810	H3F3B	87	DLRFQSAAIGA		hprd	867
ENSP00000355778	H3F3A	87	DLRFQSAAIGA		hprd	867
ENSP00000336740	LIMK1	439	WSQRVSFAKDI		hprd	971
ENSP00000228307	PXN	219	RPSVESLLDEL		hprd	956
ENSP00000354927	MAP3K3	345	VPSSRSLSTNG		hprd	849
ENSP00000262056	EIF4B	507	QQSPTSGGGKV		hprd	800
ENSP00000262056	EIF4B	155	LLSALSLNEES		hprd	800
ENSP00000262056	EIF4B	311	DDRSWSSRDDY		hprd	800
ENSP00000276297	DLC1	764	VTRTRSLSACN	AKT1	hprd	823
ENSP00000276297	DLC1	766	RTRSLSACNKR	AKT1	hprd	823
ENSP00000276297	DLC1	1004	RLRWHSFQSSH	AKT1	hprd	823
ENSP00000331201	HGS	198	CSSKYSTIPKF		hprd	637
ENSP00000309871	RACGAP1	145	NKRLSTIDESG	AURKB	hprd	489
ENSP00000309871	RACGAP1	186	EKRRSTSRQFV	AURKB	hprd	489
ENSP00000309871	RACGAP1	533	VERLLSLPLEY		hprd	489
ENSP00000344220	PDPK1	33	MVRTQTESSTP	PDPK1	hprd	638
ENSP00000364893	ARHGEF7	760	SLGRRSSLSRL		hprd	999
ENSP00000299293	FRS2	316	GLSIPSASGVR		hprd	743
ENSP00000264705	CAD	375	VRERLTERLCP		hprd	800
ENSP00000378338	GIT1	597	HTSKLSRHGSG		hprd	782
ENSP00000316879	EIF4G1	1199	SRERPSQPEGL		hprd	804
ENSP00000368887	PAK1IP1	323	EPSPVSKEQSK		hprd	961
ENSP00000347464	GIT2	384	QHSVESQDNDQ		hprd	879
ENSP00000343463	MAP3K2	310	DHSLSTSSGSS		hprd	842
ENSP00000343463	MAP3K2	314	STSSGSSIFTP		hprd	842
ENSP00000252725	ARPC1B	336	QISVLSGGKAK		hprd	734
ENSP00000342300	NELFCD	280	DASQITLALGT		hprd	800
