name	PAK2
id	ENSP00000314067
type	Serine/threonine kinase
proline+1_removed	Yes
npartners	147
npartners_with_sites	133
nsites	217
//
motif	score	fg_matches	fg_size	bg_matches	bg_size	fold_increase
..R..[ST].P...	315.42	34	1268	29	9383	8.68
..R..[ST]...E.	314.31	23	1214	21	9338	8.42
..RR.[ST].....	313.66	20	1234	16	9354	9.48
..KR.[ST].....	22.22	22	1075	20	8900	9.11
..R..[ST].....	13.88	116	1191	417	9317	2.18
//
prot_id	prot_name	position	flank	kinase	source	string_score
ENSP00000365312	ABI1	222	PARLGSQHSPG		hprd;psite	619
ENSP00000365312	ABI1	231	PGRTASLNQRP		psite	619
ENSP00000365312	ABI1	238	NQRPRTHSGSS		psite	619
ENSP00000365312	ABI1	240	RPRTHSGSSGG		psite	619
ENSP00000365312	ABI1	319	MTRQISRHNST		psite	619
ENSP00000365312	ABI1	323	ISRHNSTTSST		hprd;psite	619
ENSP00000365312	ABI1	338	YRRTPSVTAQF		psite	619
ENSP00000225941	ABI3	165	LSRTGTLSRKS		psite	619
ENSP00000225941	ABI3	342	VTRRYSDGWCE		hprd;psite	619
ENSP00000361423	ABL1	69	AARWNSKENLL		hprd;psite	621
ENSP00000361423	ABL1	197	HYRINTASDGK	LATS2	psite	621
ENSP00000361423	ABL1	408	LSRLMTGDTYT		psite	621
ENSP00000361423	ABL1	638	PPKRSSSFREM	PAK2	psite	621
ENSP00000361423	ABL1	639	PKRSSSFREMD		hprd;psite	621
ENSP00000361423	ABL1	719	SSRLATGEEEG		psite	621
ENSP00000361423	ABL1	737	FLRSCSASCVP		hprd;psite	621
ENSP00000361423	ABL1	754	EWRSVTLPRDL	CLK1;CLK4;MAP3K8;STK3;STK4;TTK	hprd;pelm;psite	621
ENSP00000361423	ABL1	842	LRRQVTVAPAS		psite	621
ENSP00000361423	ABL1	16	DQRRPSLPALH		psite	621
ENSP00000284776	SORBS2	188	RDRSSTEKHDW		psite	494
ENSP00000284776	SORBS2	230	HERPASLYQSS		hprd;psite	494
ENSP00000284776	SORBS2	259	RKRRKSEPAVG		hprd;psite	494
ENSP00000284776	SORBS2	550	PKRRFSIEYLL		psite	494
ENSP00000284776	SORBS2	750	EKKRGSLPDNS		psite	494
ENSP00000366121	ARHGAP27	339	LQRRPTLQSLR		psite	416
ENSP00000250617	ARHGEF6	124	CGRSSSLSAAN		hprd;psite	898
ENSP00000250617	ARHGEF6	640	TERKPSEEEYV		hprd;psite	898
ENSP00000250617	ARHGEF6	650	VIRKSTAALEE		hprd;psite	898
ENSP00000250617	ARHGEF6	684	STRKDSIPQVL		hprd;pelm;psite	898
ENSP00000364893	ARHGEF7	153	SHRIKSFDSLG		psite	989
ENSP00000364893	ARHGEF7	694	PERKPSDEEFA		hprd;pelm;psite	989
ENSP00000364893	ARHGEF7	704	ASRKSTAALEE		hprd;psite	989
ENSP00000364893	ARHGEF7	761	LGRRSSLSRLE		hprd;psite	989
ENSP00000288602	BRAF	363	GQRDRSSSAPN		hprd;psite	935
ENSP00000288602	BRAF	365	RDRSSSAPNVH	AKT1;AKT3	hprd;pelm;psite	935
ENSP00000288602	BRAF	429	RERKSSSSSED	AKT1;AKT3	hprd;pelm;psite	935
ENSP00000288602	BRAF	440	RNRMKTLGRRD		hprd;pelm;psite	935
ENSP00000288602	BRAF	446	LGRRDSSDDWE	PAK1	hprd;pelm;psite	935
ENSP00000288602	BRAF	447	GRRDSSDDWEI		hprd;pelm;psite	935
ENSP00000288602	BRAF	465	GQRIGSGSFGT		psite	935
ENSP00000288602	BRAF	729	IHRSASEPSLN		hprd;pelm;psite	935
ENSP00000311032	CASP3	150	GDRCRSLTGKP	MAPK14	pelm;psite	975
ENSP00000380921	SH3KBP1	179	SLRETTGSESD		psite	626
ENSP00000380921	SH3KBP1	230	KLRPRSIEVEN		hprd;pelm;psite	626
ENSP00000301843	CTTN	282	SERQDSAAVGF		hprd;psite	655
ENSP00000301843	CTTN	399	QARAKTQTPPV		hprd;pelm;psite	655
ENSP00000301843	CTTN	417	EERLPSSPVYE		hprd;pelm;psite	655
ENSP00000300574	CRK	41	LVRDSSTSPGD		hprd;psite	548
ENSP00000300574	CRK	125	RSRQGSGVILR		hprd;psite	548
ENSP00000300574	CRK	194	KYRPASASVSA		hprd;psite	548
ENSP00000336741	DHX15	155	LVRHQSFVLVG		psite	400
ENSP00000363480	DLG3	759	MNRRQTYEQAN		psite	464
ENSP00000262056	EIF4B	131	LPREPSNPERL		hprd;psite	921
ENSP00000262056	EIF4B	205	RARPATDSFDD		psite	921
ENSP00000262056	EIF4B	230	RDRYDSDRYRD		psite	921
ENSP00000262056	EIF4B	359	STRAASIFGGA		hprd;psite	921
ENSP00000262056	EIF4B	406	RERHPSWRSEE		hprd;pelm;psite	921
ENSP00000262056	EIF4B	418	QERERSRTGSE		psite	921
ENSP00000262056	EIF4B	420	RERSRTGSESS		hprd;psite	921
ENSP00000262056	EIF4B	422	RSRTGSESSQT	RPS6KA1;RPS6KB1	hprd;pelm;psite	921
ENSP00000262056	EIF4B	442	ARRRESEKSLE		hprd;psite	921
ENSP00000262056	EIF4B	489	WVKRSSNPPAR		hprd;psite	921
ENSP00000262056	EIF4B	497	PARSQSSDTEQ		hprd;pelm;psite	921
ENSP00000316879	EIF4G1	204	GARTASTPTPP		hprd;psite	932
ENSP00000316879	EIF4G1	895	IARRRSLGNIK	PAK2	psite	932
ENSP00000316879	EIF4G1	1187	TKRSFSKEVEE	MAP3K8	hprd;pelm;psite	932
ENSP00000331504	FES	409	DDRHSTSSSEQ		psite	900
ENSP00000331504	FES	423	GGRTPTLEILK		psite	900
ENSP00000357656	FYN	21	EERDGSLNQSS	PRKACA	hprd;pelm;psite	948
ENSP00000362924	GSN	51	EARPNSMVVEH		psite	409
ENSP00000378338	GIT1	46	LGRHISIVKHL	PRKD3	psite	719
ENSP00000378338	GIT1	384	SLRSQSDLDDQ		hprd;psite	719
ENSP00000378338	GIT1	419	SNRARSMDSSD		hprd;pelm;psite	719
ENSP00000378338	GIT1	601	LSRHGSGADSD		hprd;pelm;psite	719
ENSP00000366974	HIST1H4F	48	GVKRISGLIYE		hprd;pelm;psite	652
ENSP00000366974	HIST1H4F	81	HAKRKTVTAMD		hprd;psite	652
ENSP00000225983	HDAC5	499	LSRTQSSPLPQ	CAMK1;CAMK4;CAMKK1;PRKAA1;PRKAA2;PRKD1;PRKD2;PRKD3	hprd;pelm;psite	621
ENSP00000225983	HDAC5	547	LPRQPTTHPEE		psite	621
ENSP00000225983	HDAC5	662	LGRTQSSPAAP		psite	621
ENSP00000347184	HTT	417	GGRSRSGSIVE		hprd;psite	646
ENSP00000347184	HTT	419	RSRSGSIVELI	AKT1;SGK1	hprd;pelm;psite	646
ENSP00000347184	HTT	640	HCRQPSDSSVD		psite	646
ENSP00000347184	HTT	1862	TPKRHSLSSTK		psite	646
ENSP00000337825	LCK	42	LIRNGSEVRDP	MAPK1;MAPK3;PRKACA;PRKCA	hprd;pelm;psite	950
ENSP00000337825	LCK	210	LVRHYTNASDG		psite	950
ENSP00000336740	LIMK1	298	VLRSCSIDRSP	LIMK1	hprd;pelm;psite	960
ENSP00000336740	LIMK1	323	LGRSESLRVVC	MAPKAPK2	psite	960
ENSP00000336740	LIMK1	508	RKKRYTVVGNP	CDC42BPA;PAK1;ROCK1	hprd;pelm;psite	960
ENSP00000336740	LIMK1	637	YRRGESGLPAH		psite	960
ENSP00000348273	MBP	26	TNRGESEKKRN		psite	451
ENSP00000348273	MBP	40	LSRTTSEDNEV		psite	451
ENSP00000348273	MBP	96	LIRLFSRDAPG		hprd;pelm;psite	451
ENSP00000348273	MBP	141	SQKRPSQRHGS	PRKCA	hprd;psite	451
ENSP00000348273	MBP	146	SQRHGSKYLAT	PRKCA	hprd;psite	451
ENSP00000302486	MAP2K1	298	PGRPLSSYGMD	PAK1	hprd;pelm;psite	813
ENSP00000382423	MAP3K1	1016	PCRIPSASPQT		psite	911
ENSP00000382423	MAP3K1	1026	TQRKFSLQFHR		psite	911
ENSP00000343463	MAP3K2	153	RKKRLSIIGPT		hprd;pelm;psite	842
ENSP00000343463	MAP3K2	163	TSRDRSSPPPG		hprd;pelm;psite	842
ENSP00000343463	MAP3K2	239	MPRAQSYPDNH		hprd;pelm;psite	842
ENSP00000343463	MAP3K2	331	IRRRGSDIDNP		hprd;pelm;psite	842
ENSP00000354927	MAP3K3	197	RSRHLSVSSQN	PRKACA	hprd;pelm;psite	847
ENSP00000354927	MAP3K3	281	MSRAQSFPDNR		hprd;psite	847
ENSP00000354927	MAP3K3	347	SSRSLSTNGEN		psite	847
ENSP00000354927	MAP3K3	368	RGRLRSADSEN	PRKACA	hprd;pelm;psite	847
ENSP00000354927	MAP3K3	547	SKRLQTICMSG		psite	847
ENSP00000354927	MAP3K3	559	GMRSVTGTPYW		psite	847
ENSP00000309871	RACGAP1	144	GNKRLSTIDES	AURKB	hprd;pelm;psite	421
ENSP00000309871	RACGAP1	185	REKRRSTSRQF	AURKB	hprd;pelm;psite	421
ENSP00000309871	RACGAP1	187	KRRSTSRQFVD	AURKB	hprd;pelm;psite	421
ENSP00000309871	RACGAP1	249	RSRRKTGTLQP	AKT2;AURKB	psite	421
ENSP00000309871	RACGAP1	405	FLRVKTVPLLS		psite	421
ENSP00000309871	RACGAP1	600	SQRVRSTLTKN		hprd;pelm;psite	421
ENSP00000262445	MAP2K4	78	IERLRTHSIES		psite	809
ENSP00000262445	MAP2K4	80	RLRTHSIESSG	AKT1	hprd;pelm;psite	809
ENSP00000361014	MKNK1	148	NEREASRVVRD		psite	647
ENSP00000361014	MKNK1	413	LNRQLSQHEEN		psite	647
ENSP00000367207	MYC	358	NNRKCTSPRSS		psite	921
ENSP00000367207	MYC	373	NVKRRTHNVLE		psite	921
ENSP00000288986	NCK1	61	VERKNSARKAS		psite	978
ENSP00000288986	NCK1	66	SARKASIVKNL		psite	978
ENSP00000288986	NCK1	85	VKRKPSVPDSA		hprd;pelm;psite	978
ENSP00000288986	NCK1	347	GQRKFSTMEEL		psite	978
ENSP00000233154	NCK2	61	VERKNSLKKGS		psite	899
ENSP00000306124	PRKCE	181	YLRQPTYCSHC		psite	899
ENSP00000306124	PRKCE	346	EDRSKSAPTSP	GSK3B	hprd;psite	899
ENSP00000359552	PKN2	583	PPRASSLGEID		hprd;pelm;psite	646
ENSP00000359552	PKN2	816	GDRTSTFCGTP	PDK1;PDPK1	hprd;pelm;psite	646
ENSP00000356000	PLXNA2	1264	AYKRKSRENDL		psite	908
ENSP00000358696	PLXNA3	1596	FTRSLSRYESL		psite	908
ENSP00000302150	PRL	207	CLRRDSHKIDN	PAK2	pelm;psite	800
ENSP00000271308	PSMA5	55	VEKRITSPLME		hprd;pelm;psite	899
ENSP00000351314	PSMB10	229	LLRTLSSPTEP		psite	899
ENSP00000290541	PSMB4	26	FYRIPSTPDSF		psite	899
ENSP00000270586	PSMB6	203	MERDGSSGGVI		psite	899
ENSP00000261712	PSMD11	14	FQRAQSLLSTD		hprd;psite	899
ENSP00000261712	PSMD11	23	TDREASIDILH		psite	899
ENSP00000396937	PSMD13	90	VVRQMTDPNVA		hprd;psite	901
ENSP00000295901	PSMD6	361	TNRPDSKNWQY		hprd;psite	901
ENSP00000293362	PSME3	24	RERITSEAEDL		hprd;pelm;psite	899
ENSP00000293362	PSME3	260	IKRPRSSNAET		psite	899
ENSP00000394794	PTPN13	335	TVRTSTTPRKK		psite	621
ENSP00000394794	PTPN13	442	SKRFESSSGLP		psite	621
ENSP00000394794	PTPN13	908	MGRAISTGSLA		hprd;psite	621
ENSP00000394794	PTPN13	936	ILKRLSCSELS		psite	621
ENSP00000394794	PTPN13	1082	LHKRWSIVSSP		pelm;psite	621
ENSP00000348461	RAC1	71	RLRPLSYPQTV	AKT1	hprd;psite	999
ENSP00000251849	RAF1	43	YQRRASDDGKL	PRKACA;PRKCA	hprd;pelm;psite	959
ENSP00000251849	RAF1	257	SQRQRSTSTPN		hprd;pelm;psite	959
ENSP00000251849	RAF1	259	RQRSTSTPNVH	AKT1;PRKACA;RAF1	hprd;pelm;psite	959
ENSP00000251849	RAF1	285	AIRSHSESASP		psite	959
ENSP00000251849	RAF1	339	GQRDSSYYWEI	PAK1	hprd;pelm;psite	959
ENSP00000251849	RAF1	357	STRIGSGSFGT		psite	959
ENSP00000251849	RAF1	621	INRSASEPSLH	PRKACA;RAF1	hprd;pelm;psite	959
ENSP00000019317	RALBP1	29	LTRTPSSEEIS		hprd;pelm;psite	483
ENSP00000019317	RALBP1	252	YDREESTNLED		psite	483
ENSP00000261303	PSMC1	297	TKRYDSNSGGE		psite	899
ENSP00000157812	PSMC4	25	VSRPQTGLSFL		hprd;pelm;psite	899
ENSP00000157812	PSMC4	84	VKRIQSIPLVI		psite	899
ENSP00000157812	PSMC4	117	YVRILSTIDRE		hprd;psite	899
ENSP00000157812	PSMC4	316	TNRADTLDPAL		psite	899
ENSP00000401802	PSMC6	258	GGRRFSEGTSA		psite	899
ENSP00000310572	PSMC5	120	ALRNDSYTLHK	PRKACA	psite	899
ENSP00000369757	RPS6	235	KRRRLSSLRAS	PAK2;PRKCD;RPS6KA1;RPS6KA3;RPS6KB1	hprd;pelm;psite	636
ENSP00000369757	RPS6	236	RRRLSSLRAST	PAK2;PRKCD;RPS6KA1;RPS6KA3;RPS6KB1	hprd;pelm;psite	636
ENSP00000369757	RPS6	241	SLRASTSKSES		hprd;pelm;psite	636
ENSP00000284637	SH3RF1	304	TKKRHSFTSLT	AKT1;AKT2	hprd;pelm;psite	517
ENSP00000353452	MYLK	1760	IGRLSSMAMIS	CAMK2G	hprd;pelm;psite	926
ENSP00000353452	MYLK	1773	SGRKSSTGSPT	PRKACA	hprd;psite	926
ENSP00000376024	SNX9	198	NSRASSSSMKI		psite	494
ENSP00000355136	SORBS1	325	QQKRLSSLSDP		psite	494
ENSP00000355136	SORBS1	326	QKRLSSLSDPV		psite	494
ENSP00000355136	SORBS1	481	VPRSKSEMSYI		psite	494
ENSP00000355136	SORBS1	497	VKRSATLPLPA		psite	494
ENSP00000355136	SORBS1	665	AVKRESDGAPG		hprd;pelm;psite	494
ENSP00000350941	SRC	17	SQRRRSLEPAE	PRKACA	hprd;pelm;psite	981
ENSP00000350941	SRC	51	GHRGPSAAFAP		psite	981
ENSP00000295987	SYN1	9	LRRRLSDSNFM	PRKACA	hprd;psite	624
ENSP00000295987	SYN1	449	LGRQTSQQPAG		psite	624
ENSP00000295987	SYN1	605	PTRQASQAGPV	CAMK2G	hprd;pelm;psite	624
ENSP00000348215	SH3PXD2A	487	LSRRTSTLTRP		psite	525
ENSP00000348215	SH3PXD2A	739	LNRAESQSQEK		hprd;psite	525
ENSP00000348215	SH3PXD2A	791	GSRRSSSDLIT		psite	525
ENSP00000348215	SH3PXD2A	953	AVRPQSVFVSP		psite	525
ENSP00000348215	SH3PXD2A	974	LRRNESLTATD		hprd;pelm;psite	525
ENSP00000348215	SH3PXD2A	988	GVRRNSSFSTA		hprd;pelm;psite	525
ENSP00000348215	SH3PXD2A	989	VRRNSSFSTAR		hprd;pelm;psite	525
ENSP00000348215	SH3PXD2A	1010	AERAASQGSDS		hprd;pelm;psite	525
ENSP00000388107	UBA52	57	DGRTLSDYNIQ		hprd;psite	912
ENSP00000304697	UBB	57	DGRTLSDYNIQ		hprd;psite	899
ENSP00000344818	UBC	57	DGRTLSDYNIQ		hprd;psite	959
ENSP00000263923	KDR	1235	KSRPVSVKTFE		psite	901
ENSP00000224237	VIM	26	ASRPSSSRSYV	PRKCA	hprd;pelm;psite	642
ENSP00000224237	VIM	39	STRTYSLGSAL	AKT1;MAPKAPK2;PRKACA;PRKCA	hprd;pelm;psite	642
ENSP00000224237	VIM	48	ALRPSTSRSLY		hprd;pelm;psite	642
ENSP00000224237	VIM	72	AVRLRSSVPGV	PRKACA;ROCK1	hprd;pelm;psite	642
ENSP00000240123	SORBS3	544	SARHPSSPSAL		hprd;pelm;psite	494
ENSP00000240123	SORBS3	597	HSRGPSHPLDL		psite	494
ENSP00000335434	WDR20	347	RDRANSTQSRL		psite	641
ENSP00000335434	WDR20	357	LSKRNSTDSRP		hprd;pelm;psite	641
ENSP00000335434	WDR20	358	SKRNSTDSRPV		psite	641
ENSP00000335434	WDR20	434	LPRSNSLPHSA		hprd;pelm;psite	641
ENSP00000335434	WDR20	483	HKRNHSMGHIS		psite	641
ENSP00000353452	MYLK	1208	SRRPKSSLPPV	PAK2	hprd;pelm	926
ENSP00000348215	SH3PXD2A	696	KPRSASDAGIR		hprd;pelm	525
ENSP00000348273	MBP	190	APKRGSGKDSH	PRKCA	hprd	451
ENSP00000306124	PRKCE	380	EHRAASSPDGQ		hprd	899
ENSP00000218348	USP11	644	LSRYVTKPNSD		hprd	641
ENSP00000295987	SYN1	568	ATRQTSVSGPA	CAMK2G	hprd	624
ENSP00000229794	MAPK14	298	SDKRITAAQAL		hprd	911
ENSP00000262056	EIF4B	311	DDRSWSSRDDY		hprd	921
ENSP00000309871	RACGAP1	145	NKRLSTIDESG	AURKB	hprd	421
ENSP00000309871	RACGAP1	186	EKRRSTSRQFV	AURKB	hprd	421
ENSP00000309871	RACGAP1	533	VERLLSLPLEY		hprd	421
ENSP00000310129	PSMD2	86	QIRSSTTSMTS		hprd	914
ENSP00000298838	PACSIN3	335	PTRDGTAPPPQ		hprd	494
ENSP00000240123	SORBS3	366	STRDPSASNGG		hprd	494
