name	PAK3
id	ENSP00000353864
type	Serine/threonine kinase
proline+1_removed	Yes
npartners	61
npartners_with_sites	53
nsites	172
//
motif	score	fg_matches	fg_size	bg_matches	bg_size	fold_increase
..R..[ST].....	307.65	91	631	483	9383	2.8
.....[ST]SP...	12.81	21	481	55	8496	6.74
...R.[ST].....	9.1	59	540	404	8900	2.41
//
prot_id	prot_name	position	flank	kinase	source	string_score
ENSP00000366121	ARHGAP27	339	LQRRPTLQSLR		psite	416
ENSP00000250617	ARHGEF6	123	PCGRSSSLSAA		hprd;psite	954
ENSP00000250617	ARHGEF6	124	CGRSSSLSAAN		hprd;psite	954
ENSP00000250617	ARHGEF6	150	GLQRQSKTVEM		hprd;psite	954
ENSP00000250617	ARHGEF6	488	ASPRMSGFIYQ		hprd;pelm;psite	954
ENSP00000250617	ARHGEF6	640	TERKPSEEEYV		hprd;psite	954
ENSP00000250617	ARHGEF6	649	YVIRKSTAALE		hprd;psite	954
ENSP00000250617	ARHGEF6	650	VIRKSTAALEE		hprd;psite	954
ENSP00000250617	ARHGEF6	684	STRKDSIPQVL		hprd;pelm;psite	954
ENSP00000364893	ARHGEF7	153	SHRIKSFDSLG		psite	945
ENSP00000364893	ARHGEF7	518	ASPRMSGFIYQ		hprd;pelm;psite	945
ENSP00000364893	ARHGEF7	694	PERKPSDEEFA		hprd;pelm;psite	945
ENSP00000364893	ARHGEF7	703	FASRKSTAALE		hprd;psite	945
ENSP00000364893	ARHGEF7	704	ASRKSTAALEE		hprd;psite	945
ENSP00000364893	ARHGEF7	761	LGRRSSLSRLE		hprd;psite	945
ENSP00000262942	ARPC1A	298	IQRNMSAMERF		psite	496
ENSP00000264705	CAD	1220	CNVRVSRSFPF		psite	813
ENSP00000264705	CAD	1406	GGRRLSSFVTK	PRKACA	hprd;pelm;psite	813
ENSP00000264705	CAD	1407	GRRLSSFVTKG		hprd;psite	813
ENSP00000264705	CAD	1859	RIHRASDPGLP	PRKACA;RPS6KB1	hprd;pelm;psite	813
ENSP00000264705	CAD	1914	LLHPQTSPLLH		psite	813
ENSP00000264705	CAD	2154	KERFGSTQEYE		psite	813
ENSP00000354826	CALD1	202	KPKRGSIGENQ		hprd;pelm;psite	403
ENSP00000354826	CALD1	518	PGGRASVDTKE		hprd;pelm;psite	403
ENSP00000354826	CALD1	546	RRRGETESEEF		hprd;psite	403
ENSP00000354826	CALD1	723	KGNVFSSPTAA		hprd;pelm;psite	403
ENSP00000264033	CBL	439	FDPRGSGSLLR		psite	619
ENSP00000264033	CBL	619	LTNRHSLPFSL	PRKCA	hprd;psite	619
ENSP00000264033	CBL	639	VPRLGSTFSLD	PRKCA	hprd;psite	619
ENSP00000264033	CBL	789	VLARRTLSDIS		psite	619
ENSP00000264033	CBL	791	ARRTLSDISNA		psite	619
ENSP00000264033	CBL	833	PRRINSERKAG		psite	619
ENSP00000363480	DLG3	759	MNRRQTYEQAN		psite	682
ENSP00000262056	EIF4B	131	LPREPSNPERL		hprd;psite	801
ENSP00000262056	EIF4B	192	DRNRDSDKTDT		hprd;pelm;psite	801
ENSP00000262056	EIF4B	205	RARPATDSFDD		psite	801
ENSP00000262056	EIF4B	230	RDRYDSDRYRD		psite	801
ENSP00000262056	EIF4B	263	YDDRGSRDYDR		psite	801
ENSP00000262056	EIF4B	359	STRAASIFGGA		hprd;psite	801
ENSP00000262056	EIF4B	406	RERHPSWRSEE		hprd;pelm;psite	801
ENSP00000262056	EIF4B	418	QERERSRTGSE		psite	801
ENSP00000262056	EIF4B	420	RERSRTGSESS		hprd;psite	801
ENSP00000262056	EIF4B	422	RSRTGSESSQT	RPS6KA1;RPS6KB1	hprd;pelm;psite	801
ENSP00000262056	EIF4B	442	ARRRESEKSLE		hprd;psite	801
ENSP00000262056	EIF4B	489	WVKRSSNPPAR		hprd;psite	801
ENSP00000262056	EIF4B	497	PARSQSSDTEQ		hprd;pelm;psite	801
ENSP00000316879	EIF4G1	204	GARTASTPTPP		hprd;psite	800
ENSP00000316879	EIF4G1	704	LGPRRSQQGPR		hprd;psite	800
ENSP00000316879	EIF4G1	895	IARRRSLGNIK	PAK2	psite	800
ENSP00000316879	EIF4G1	1092	PGGRLSWGKGS		hprd;pelm;psite	800
ENSP00000316879	EIF4G1	1145	VVQRSSLSRER		hprd;pelm;psite	800
ENSP00000316879	EIF4G1	1187	TKRSFSKEVEE	MAP3K8	hprd;pelm;psite	800
ENSP00000338934	EZR	332	KKRRETVEREK		psite	714
ENSP00000338934	EZR	366	AERELSEQIQR		psite	714
ENSP00000378338	GIT1	46	LGRHISIVKHL	PRKD3	psite	700
ENSP00000378338	GIT1	370	QGKSLSSPTDN		hprd;psite	700
ENSP00000378338	GIT1	384	SLRSQSDLDDQ		hprd;psite	700
ENSP00000378338	GIT1	419	SNRARSMDSSD		hprd;pelm;psite	700
ENSP00000378338	GIT1	579	VPFTPSSPLLS		psite	700
ENSP00000378338	GIT1	601	LSRHGSGADSD		hprd;pelm;psite	700
ENSP00000378338	GIT1	710	EPVRSSLRLLN		psite	700
ENSP00000347464	GIT2	415	TNRQKSLDSDL		hprd;psite	640
ENSP00000347464	GIT2	506	LKRRPSARGSR		psite	640
ENSP00000347464	GIT2	514	GSRPMSMYETG		psite	640
ENSP00000347464	GIT2	614	KGRQRSMVWPG		hprd;pelm;psite	640
ENSP00000348258	HIST1H4L	48	GVKRISGLIYE		hprd;pelm;psite	650
ENSP00000348258	HIST1H4L	81	HAKRKTVTAMD		hprd;psite	650
ENSP00000419952	KCNAB1	164	GWRRSSLVITT		psite	502
ENSP00000336740	LIMK1	270	GLGPETSPLSS		psite	818
ENSP00000336740	LIMK1	274	ETSPLSSPAYT		hprd;psite	818
ENSP00000336740	LIMK1	298	VLRSCSIDRSP	LIMK1	hprd;pelm;psite	818
ENSP00000336740	LIMK1	323	LGRSESLRVVC	MAPKAPK2	psite	818
ENSP00000336740	LIMK1	337	RIFRPSDLIHG		hprd;psite	818
ENSP00000336740	LIMK1	508	RKKRYTVVGNP	CDC42BPA;PAK1;ROCK1	hprd;pelm;psite	818
ENSP00000336740	LIMK1	637	YRRGESGLPAH		psite	818
ENSP00000321537	LLGL1	655	LSRVKSLKKSL		psite	551
ENSP00000321537	LLGL1	663	KSLRQSFRRIR		psite	551
ENSP00000348273	MBP	26	TNRGESEKKRN		psite	489
ENSP00000348273	MBP	39	ELSRTTSEDNE		psite	489
ENSP00000348273	MBP	40	LSRTTSEDNEV		psite	489
ENSP00000348273	MBP	96	LIRLFSRDAPG		hprd;pelm;psite	489
ENSP00000348273	MBP	141	SQKRPSQRHGS	PRKCA	hprd;psite	489
ENSP00000348273	MBP	146	SQRHGSKYLAT	PRKCA	hprd;psite	489
ENSP00000348273	MBP	169	PRHRDTGILDS	PRKACA	hprd;psite	489
ENSP00000348273	MBP	249	SLSRFSWGAEG	PRKCA	hprd;psite	489
ENSP00000348273	MBP	266	YGGRASDYKSA	PRKCA	hprd;psite	489
ENSP00000302486	MAP2K1	298	PGRPLSSYGMD	PAK1	hprd;pelm;psite	817
ENSP00000309871	RACGAP1	144	GNKRLSTIDES	AURKB	hprd;pelm;psite	436
ENSP00000309871	RACGAP1	185	REKRRSTSRQF	AURKB	hprd;pelm;psite	436
ENSP00000309871	RACGAP1	187	KRRSTSRQFVD	AURKB	hprd;pelm;psite	436
ENSP00000309871	RACGAP1	249	RSRRKTGTLQP	AKT2;AURKB	psite	436
ENSP00000309871	RACGAP1	387	GLYRISGCDRT	AURKB	hprd;pelm;psite	436
ENSP00000309871	RACGAP1	405	FLRVKTVPLLS		psite	436
ENSP00000309871	RACGAP1	600	SQRVRSTLTKN		hprd;pelm;psite	436
ENSP00000309871	RACGAP1	601	QRVRSTLTKNT		hprd;pelm;psite	436
ENSP00000262445	MAP2K4	78	IERLRTHSIES		psite	804
ENSP00000262445	MAP2K4	80	RLRTHSIESSG	AKT1	hprd;pelm;psite	804
ENSP00000361014	MKNK1	148	NEREASRVVRD		psite	634
ENSP00000361014	MKNK1	393	VLQRNSSTMDL		psite	634
ENSP00000361014	MKNK1	413	LNRQLSQHEEN		psite	634
ENSP00000358994	MYO6	661	DKLRSTGASFI		psite	920
ENSP00000288986	NCK1	61	VERKNSARKAS		psite	922
ENSP00000288986	NCK1	66	SARKASIVKNL		psite	922
ENSP00000288986	NCK1	85	VKRKPSVPDSA		hprd;pelm;psite	922
ENSP00000288986	NCK1	347	GQRKFSTMEEL		psite	922
ENSP00000233154	NCK2	61	VERKNSLKKGS		psite	920
ENSP00000278568	PAK1	21	PMRNTSTMIGA	PAK1;PRKG1	hprd;psite	977
ENSP00000278568	PAK1	219	TRDVATSPISP		psite	977
ENSP00000278568	PAK1	423	QSKRSTMVGTP	PAK1;PDK1;PDPK1	hprd;pelm;psite	977
ENSP00000300093	PLK1	137	LCRRRSLLELH	MAP3K8	pelm;psite	621
ENSP00000300093	PLK1	210	GERKKTLCGTP	AURKA;MAP3K8;STK10	hprd;pelm;psite	621
ENSP00000300093	PLK1	326	IPPRFSIAPSS	MAPKAPK2	psite	621
ENSP00000300093	PLK1	597	SSRSASNRLKA		psite	621
ENSP00000228307	PXN	84	QQPQSSSPVYG		hprd;psite	701
ENSP00000228307	PXN	243	NQGEMSSPQRV		psite	701
ENSP00000228307	PXN	249	SPQRVTSTQQQ		psite	701
ENSP00000228307	PXN	250	PQRVTSTQQQT		psite	701
ENSP00000228307	PXN	258	QQTRISASSAT		hprd;psite	701
ENSP00000228307	PXN	302	RDGGRSSPGGQ		pelm;psite	701
ENSP00000348461	RAC1	71	RLRPLSYPQTV	AKT1	hprd;psite	814
ENSP00000251849	RAF1	43	YQRRASDDGKL	PRKACA;PRKCA	hprd;pelm;psite	919
ENSP00000251849	RAF1	220	RRMRESVSRMP		psite	919
ENSP00000251849	RAF1	233	SQHRYSTPHAF	PRKACA	hprd;pelm;psite	919
ENSP00000251849	RAF1	257	SQRQRSTSTPN		hprd;pelm;psite	919
ENSP00000251849	RAF1	258	QRQRSTSTPNV		hprd;pelm;psite	919
ENSP00000251849	RAF1	259	RQRSTSTPNVH	AKT1;PRKACA;RAF1	hprd;pelm;psite	919
ENSP00000251849	RAF1	285	AIRSHSESASP		psite	919
ENSP00000251849	RAF1	295	PSALSSSPNNL		hprd;psite	919
ENSP00000251849	RAF1	338	RGQRDSSYYWE	MAP2K1;PAK1;PAK3;RAF1	hprd;pelm;psite	919
ENSP00000251849	RAF1	339	GQRDSSYYWEI	PAK1	hprd;pelm;psite	919
ENSP00000251849	RAF1	357	STRIGSGSFGT		psite	919
ENSP00000251849	RAF1	497	VKSRWSGSQQV		psite	919
ENSP00000251849	RAF1	621	INRSASEPSLH	PRKACA;RAF1	hprd;pelm;psite	919
ENSP00000019317	RALBP1	29	LTRTPSSEEIS		hprd;pelm;psite	483
ENSP00000019317	RALBP1	252	YDREESTNLED		psite	483
ENSP00000269321	ARHGDIA	174	MLARGSYSIKS	PAK1;PRKACA	pelm;psite	449
ENSP00000353452	MYLK	88	CGIRGTFSLVI		psite	818
ENSP00000353452	MYLK	1759	AIGRLSSMAMI		psite	818
ENSP00000353452	MYLK	1760	IGRLSSMAMIS	CAMK2G	hprd;pelm;psite	818
ENSP00000353452	MYLK	1772	LSGRKSSTGSP	PAK1	hprd;pelm;psite	818
ENSP00000353452	MYLK	1773	SGRKSSTGSPT	PRKACA	hprd;psite	818
ENSP00000353452	MYLK	1778	STGSPTSPLNA		hprd;psite	818
ENSP00000295987	SYN1	9	LRRRLSDSNFM	PRKACA	hprd;psite	629
ENSP00000295987	SYN1	432	SPGRGSHGQTP		psite	629
ENSP00000295987	SYN1	448	PLGRQTSQQPA		psite	629
ENSP00000295987	SYN1	449	LGRQTSQQPAG		psite	629
ENSP00000295987	SYN1	567	QATRQTSVSGP		psite	629
ENSP00000295987	SYN1	605	PTRQASQAGPV	CAMK2G	hprd;pelm;psite	629
ENSP00000360916	VAV2	575	PPCKFTSPADL		hprd;pelm;psite	653
ENSP00000360916	VAV2	778	SASRASSRSPA		psite	653
ENSP00000360916	VAV2	779	ASRASSRSPAS		pelm;psite	653
ENSP00000228307	PXN	321	GKTGSSSPPGG		hprd;pelm	701
ENSP00000353452	MYLK	1208	SRRPKSSLPPV	PAK2	hprd;pelm	818
ENSP00000354826	CALD1	788	SVDKVTSPTKV		hprd	403
ENSP00000348273	MBP	295	LGGRDSRSGSP	PRKCA	hprd	489
ENSP00000348273	MBP	190	APKRGSGKDSH	PRKCA	hprd	489
ENSP00000251849	RAF1	641	ACTLTTSPRLP		hprd	919
ENSP00000295987	SYN1	568	ATRQTSVSGPA	CAMK2G	hprd	629
ENSP00000288986	NCK1	312	IRDSESSPNDF		hprd	922
ENSP00000358994	MYO6	82	IKVRYSKDRIY		hprd	920
ENSP00000358994	MYO6	266	EKLHLSSPDNF		hprd	920
ENSP00000336740	LIMK1	439	WSQRVSFAKDI		hprd	818
ENSP00000262445	MAP2K4	393	MPATPSSPMYV		hprd	804
ENSP00000228307	PXN	169	ADEANSSPPLP		hprd	701
ENSP00000262056	EIF4B	311	DDRSWSSRDDY		hprd	801
ENSP00000309871	RACGAP1	145	NKRLSTIDESG	AURKB	hprd	436
ENSP00000309871	RACGAP1	186	EKRRSTSRQFV	AURKB	hprd	436
ENSP00000309871	RACGAP1	533	VERLLSLPLEY		hprd	436
ENSP00000364893	ARHGEF7	760	SLGRRSSLSRL		hprd	945
ENSP00000264705	CAD	1037	CRVLGTSPEAI	CAD	hprd	813
ENSP00000264705	CAD	375	VRERLTERLCP		hprd	813
ENSP00000316879	EIF4G1	1199	SRERPSQPEGL		hprd	800
