name	PAK4
id	ENSP00000351049
type	Serine/threonine kinase
proline+1_removed	Yes
npartners	47
npartners_with_sites	38
nsites	74
//
motif	score	fg_matches	fg_size	bg_matches	bg_size	fold_increase
..R..[ST].....	307.65	74	398	483	9383	3.61
//
prot_id	prot_name	position	flank	kinase	source	string_score
ENSP00000366121	ARHGAP27	339	LQRRPTLQSLR		psite	416
ENSP00000315325	ARHGEF2	95	RERPSSAIYPS		psite	861
ENSP00000315325	ARHGEF2	115	SRRGRSSLSLA		psite	861
ENSP00000315325	ARHGEF2	145	LRRILSQSTDS	CHEK1	hprd;psite	861
ENSP00000315325	ARHGEF2	157	NMRNRTLSVES		psite	861
ENSP00000315325	ARHGEF2	159	RNRTLSVESLI		psite	861
ENSP00000315325	ARHGEF2	267	HTRFLSQLLER		psite	861
ENSP00000315325	ARHGEF2	617	LFRSESLESPR		hprd;pelm;psite	861
ENSP00000315325	ARHGEF2	691	LCRADSDSSQR		psite	861
ENSP00000315325	ARHGEF2	754	LCRANSRDGEA		hprd;psite	861
ENSP00000315325	ARHGEF2	858	DPRRRSLPAGD	MARK2;PAK1;PAK4	hprd;psite	861
ENSP00000250617	ARHGEF6	124	CGRSSSLSAAN		hprd;psite	858
ENSP00000250617	ARHGEF6	640	TERKPSEEEYV		hprd;psite	858
ENSP00000250617	ARHGEF6	650	VIRKSTAALEE		hprd;psite	858
ENSP00000250617	ARHGEF6	684	STRKDSIPQVL		hprd;pelm;psite	858
ENSP00000364893	ARHGEF7	153	SHRIKSFDSLG		psite	877
ENSP00000364893	ARHGEF7	694	PERKPSDEEFA		hprd;pelm;psite	877
ENSP00000364893	ARHGEF7	704	ASRKSTAALEE		hprd;psite	877
ENSP00000364893	ARHGEF7	761	LGRRSSLSRLE		hprd;psite	877
ENSP00000288602	BRAF	363	GQRDRSSSAPN		hprd;psite	900
ENSP00000288602	BRAF	365	RDRSSSAPNVH	AKT1;AKT3	hprd;pelm;psite	900
ENSP00000288602	BRAF	429	RERKSSSSSED	AKT1;AKT3	hprd;pelm;psite	900
ENSP00000288602	BRAF	440	RNRMKTLGRRD		hprd;pelm;psite	900
ENSP00000288602	BRAF	446	LGRRDSSDDWE	PAK1	hprd;pelm;psite	900
ENSP00000288602	BRAF	447	GRRDSSDDWEI		hprd;pelm;psite	900
ENSP00000288602	BRAF	465	GQRIGSGSFGT		psite	900
ENSP00000288602	BRAF	729	IHRSASEPSLN		hprd;pelm;psite	900
ENSP00000357804	THEM4	37	ELRSFSSEEVI		psite	420
ENSP00000410294	FGFR2	450	LVRITTRLSST		psite	646
ENSP00000410294	FGFR2	454	TTRLSSTADTP		psite	646
ENSP00000296181	ITGB5	61	SPRSITSRCDL		psite	619
ENSP00000336740	LIMK1	298	VLRSCSIDRSP	LIMK1	hprd;pelm;psite	978
ENSP00000336740	LIMK1	323	LGRSESLRVVC	MAPKAPK2	psite	978
ENSP00000336740	LIMK1	637	YRRGESGLPAH		psite	978
ENSP00000302486	MAP2K1	298	PGRPLSSYGMD	PAK1	hprd;pelm;psite	819
ENSP00000317272	MET	1003	LDRLVSARSVS	PRKCA;PRKCD;PRKCE	hprd;pelm;psite	902
ENSP00000262445	MAP2K4	78	IERLRTHSIES		psite	818
ENSP00000262445	MAP2K4	80	RLRTHSIESSG	AKT1	hprd;pelm;psite	818
ENSP00000217652	MYL12A	19	PQRATSNVFAM	ROCK1	hprd;pelm;psite	817
ENSP00000288986	NCK1	61	VERKNSARKAS		psite	809
ENSP00000288986	NCK1	66	SARKASIVKNL		psite	809
ENSP00000288986	NCK1	85	VKRKPSVPDSA		hprd;pelm;psite	809
ENSP00000288986	NCK1	347	GQRKFSTMEEL		psite	809
ENSP00000233154	NCK2	61	VERKNSLKKGS		psite	800
ENSP00000306124	PRKCE	181	YLRQPTYCSHC		psite	899
ENSP00000306124	PRKCE	346	EDRSKSAPTSP	GSK3B	hprd;psite	899
ENSP00000228307	PXN	250	PQRVTSTQQQT		psite	491
ENSP00000348461	RAC1	71	RLRPLSYPQTV	AKT1	hprd;psite	824
ENSP00000251849	RAF1	43	YQRRASDDGKL	PRKACA;PRKCA	hprd;pelm;psite	900
ENSP00000251849	RAF1	257	SQRQRSTSTPN		hprd;pelm;psite	900
ENSP00000251849	RAF1	259	RQRSTSTPNVH	AKT1;PRKACA;RAF1	hprd;pelm;psite	900
ENSP00000251849	RAF1	285	AIRSHSESASP		psite	900
ENSP00000251849	RAF1	339	GQRDSSYYWEI	PAK1	hprd;pelm;psite	900
ENSP00000251849	RAF1	357	STRIGSGSFGT		psite	900
ENSP00000251849	RAF1	621	INRSASEPSLH	PRKACA;RAF1	hprd;pelm;psite	900
ENSP00000019317	RALBP1	29	LTRTPSSEEIS		hprd;pelm;psite	483
ENSP00000019317	RALBP1	252	YDREESTNLED		psite	483
ENSP00000265960	MAPKAP1	84	GIRRRSNTAQR		psite	408
ENSP00000265960	MAPKAP1	86	RRRSNTAQRLE		psite	408
ENSP00000265960	MAPKAP1	510	LNRRTSFSFQK		hprd;pelm;psite	408
ENSP00000353452	MYLK	1760	IGRLSSMAMIS	CAMK2G	hprd;pelm;psite	811
ENSP00000353452	MYLK	1773	SGRKSSTGSPT	PRKACA	hprd;psite	811
ENSP00000350941	SRC	17	SQRRRSLEPAE	PRKACA	hprd;pelm;psite	908
ENSP00000350941	SRC	51	GHRGPSAAFAP		psite	908
ENSP00000315713	SSH1	402	VSRSASTVIAY	PRKD1	psite	987
ENSP00000315713	SSH1	441	FMRQLSEYEGI		psite	987
ENSP00000315713	SSH1	462	LWRQQTDSSLQ		psite	987
ENSP00000315713	SSH1	515	CFRRLSDPLLP		hprd;psite	987
ENSP00000315713	SSH1	834	LERLKSVPADP		psite	987
ENSP00000315713	SSH1	937	LTRSSSSDSIH	PRKD1;PRKD2	hprd;pelm;psite	987
ENSP00000315713	SSH1	978	LKRSHSLAKLG	PRKD1;PRKD2	pelm;psite	987
ENSP00000314709	ZHX2	713	VARKATKPMAE		psite	427
ENSP00000353452	MYLK	1208	SRRPKSSLPPV	PAK2	hprd;pelm	811
ENSP00000306124	PRKCE	380	EHRAASSPDGQ		hprd	899
