name	PAK7
id	ENSP00000322957
type	Serine/threonine kinase
proline+1_removed	Yes
npartners	30
npartners_with_sites	22
nsites	38
//
motif	score	fg_matches	fg_size	bg_matches	bg_size	fold_increase
..R..[ST].....	12.05	38	192	483	9383	3.84
//
prot_id	prot_name	position	flank	kinase	source	string_score
ENSP00000366121	ARHGAP27	339	LQRRPTLQSLR		psite	416
ENSP00000250617	ARHGEF6	124	CGRSSSLSAAN		hprd;psite	800
ENSP00000250617	ARHGEF6	640	TERKPSEEEYV		hprd;psite	800
ENSP00000250617	ARHGEF6	650	VIRKSTAALEE		hprd;psite	800
ENSP00000250617	ARHGEF6	684	STRKDSIPQVL		hprd;pelm;psite	800
ENSP00000364893	ARHGEF7	153	SHRIKSFDSLG		psite	812
ENSP00000364893	ARHGEF7	694	PERKPSDEEFA		hprd;pelm;psite	812
ENSP00000364893	ARHGEF7	704	ASRKSTAALEE		hprd;psite	812
ENSP00000364893	ARHGEF7	761	LGRRSSLSRLE		hprd;psite	812
ENSP00000309103	BAD	75	RSRHSSYPAGT	ARAF;BRAF;PAK1;PIM3;PRKACA;PRKCE;PRKCI;PRKCQ;PRKD1;RAF1;RPS6KA1;RPS6KA3	hprd;pelm;psite	619
ENSP00000309103	BAD	97	PFRGRSRSAPP		psite	619
ENSP00000309103	BAD	99	RGRSRSAPPNL	AKT1;ARAF;BRAF;PAK1;PRKACA;PRKCE;PRKCI;PRKCQ;PRKD1;RAF1;RPS6KA3	hprd;pelm;psite	619
ENSP00000309103	BAD	118	ELRRMSDEFVD	ARAF;BRAF;PAK1;PRKACA;PRKCE;PRKCI;PRKD1;RAF1;RPS6KA1	hprd;pelm;psite	619
ENSP00000309103	BAD	134	LPRPKSAGTAT		hprd;psite	619
ENSP00000336740	LIMK1	298	VLRSCSIDRSP	LIMK1	hprd;pelm;psite	800
ENSP00000336740	LIMK1	323	LGRSESLRVVC	MAPKAPK2	psite	800
ENSP00000336740	LIMK1	637	YRRGESGLPAH		psite	800
ENSP00000302486	MAP2K1	298	PGRPLSSYGMD	PAK1	hprd;pelm;psite	800
ENSP00000262445	MAP2K4	78	IERLRTHSIES		psite	803
ENSP00000262445	MAP2K4	80	RLRTHSIESSG	AKT1	hprd;pelm;psite	803
ENSP00000288986	NCK1	61	VERKNSARKAS		psite	800
ENSP00000288986	NCK1	66	SARKASIVKNL		psite	800
ENSP00000288986	NCK1	85	VKRKPSVPDSA		hprd;pelm;psite	800
ENSP00000288986	NCK1	347	GQRKFSTMEEL		psite	800
ENSP00000233154	NCK2	61	VERKNSLKKGS		psite	800
ENSP00000348461	RAC1	71	RLRPLSYPQTV	AKT1	hprd;psite	813
ENSP00000251849	RAF1	43	YQRRASDDGKL	PRKACA;PRKCA	hprd;pelm;psite	800
ENSP00000251849	RAF1	257	SQRQRSTSTPN		hprd;pelm;psite	800
ENSP00000251849	RAF1	259	RQRSTSTPNVH	AKT1;PRKACA;RAF1	hprd;pelm;psite	800
ENSP00000251849	RAF1	285	AIRSHSESASP		psite	800
ENSP00000251849	RAF1	339	GQRDSSYYWEI	PAK1	hprd;pelm;psite	800
ENSP00000251849	RAF1	357	STRIGSGSFGT		psite	800
ENSP00000251849	RAF1	621	INRSASEPSLH	PRKACA;RAF1	hprd;pelm;psite	800
ENSP00000019317	RALBP1	29	LTRTPSSEEIS		hprd;pelm;psite	483
ENSP00000019317	RALBP1	252	YDREESTNLED		psite	483
ENSP00000353452	MYLK	1760	IGRLSSMAMIS	CAMK2G	hprd;pelm;psite	800
ENSP00000353452	MYLK	1773	SGRKSSTGSPT	PRKACA	hprd;psite	800
ENSP00000353452	MYLK	1208	SRRPKSSLPPV	PAK2	hprd;pelm	800
