name	PASK
id	ENSP00000234040
type	Serine/threonine kinase
proline+1_removed	Yes
npartners	31
npartners_with_sites	29
nsites	199
//
motif	score	fg_matches	fg_size	bg_matches	bg_size	fold_increase
..RR.[ST].....	314.91	16	492	18	9383	16.95
..R..[ST].....	13.04	66	476	465	9365	2.79
.....[ST]...S.	8.05	79	410	884	8900	1.94
...R.[ST].....	6.86	38	331	358	8016	2.57
//
prot_id	prot_name	position	flank	kinase	source	string_score
ENSP00000328103	EIF4ENIF1	74	SLYPASGRSSP		hprd;pelm;psite	613
ENSP00000328103	EIF4ENIF1	120	SPQRRSFGGGC		hprd;pelm;psite	613
ENSP00000328103	EIF4ENIF1	136	VSSRRSGSPLE		hprd;pelm;psite	613
ENSP00000328103	EIF4ENIF1	213	RRRNDSYTEEE		psite	613
ENSP00000328103	EIF4ENIF1	257	RTRRRTASVKE		psite	613
ENSP00000328103	EIF4ENIF1	259	RRRTASVKEGI		psite	613
ENSP00000328103	EIF4ENIF1	342	FSRWFSNPSRS		psite	613
ENSP00000328103	EIF4ENIF1	345	WFSNPSRSGSR		hprd;pelm;psite	613
ENSP00000328103	EIF4ENIF1	353	GSRSSSLGSTP		psite	613
ENSP00000328103	EIF4ENIF1	541	QRPASSNLLSG		psite	613
ENSP00000328103	EIF4ENIF1	577	QTRAASADYLR		psite	613
ENSP00000328103	EIF4ENIF1	614	PMSPITAQMSQ		psite	613
ENSP00000328103	EIF4ENIF1	768	QRSSCSTPLSQ		psite	613
ENSP00000328103	EIF4ENIF1	946	LEHRPSQRSSS		psite	613
ENSP00000387699	CREB1	98	LKRLFSGTQIS	PRKD1	psite	613
ENSP00000387699	CREB1	117	QESVDSVTDSQ		psite	613
ENSP00000387699	CREB1	129	RREILSRRPSY	GSK3B	hprd;pelm;psite	613
ENSP00000387699	CREB1	133	LSRRPSYRKIL	ATM;CAMK4;CAMKK1;DYRK3;MAP3K8;MAPKAPK2;PRKACA;PRKCE;PRKD1;RPS6KA1;RPS6KA2;RPS6KA3;RPS6KA4;RPS6KA5;SGK1;TSSK4	hprd;pelm;psite	613
ENSP00000330054	EEF1A1	269	VGRVETGVLKP		psite	613
ENSP00000330054	EEF1A1	383	KIDRRSGKKLE		psite	613
ENSP00000330054	EEF1A1	432	RDMRQTVAVGV	PASK;PRKCD	hprd;pelm;psite	613
ENSP00000306361	FGA	126	NNRDNTYNRVS		psite	613
ENSP00000306361	FGA	356	SPRPGSTGTWN		hprd;psite	613
ENSP00000306361	FGA	365	WNPGSSERGSA		hprd;psite	613
ENSP00000306361	FGA	542	LGEFVSETESR	CSNK2A1	psite	613
ENSP00000306361	FGA	549	TESRGSESGIF		hprd;pelm;psite	613
ENSP00000306361	FGA	557	GIFTNTKESSS		psite	613
ENSP00000306361	FGA	594	YNRGDSTFESK		psite	613
ENSP00000317904	GYS1	8	LNRTLSMSSLP	PRKACA	hprd;psite	866
ENSP00000317904	GYS1	641	YPRPASVPPSP	GSK3B	hprd;pelm;psite	866
ENSP00000317904	GYS1	649	PSPSLSRHSSP	GSK3B	hprd;pelm;psite	866
ENSP00000317904	GYS1	652	SLSRHSSPHQS	CSNK2A1	hprd;psite	866
ENSP00000317904	GYS1	698	WPRRASCTSST	CSNK2A1	hprd;psite	866
ENSP00000317904	GYS1	710	GSKRNSVDTAT	PRKACA	hprd;psite	866
ENSP00000317904	GYS1	713	RNSVDTATSSS	CSNK2A1	hprd;psite	866
ENSP00000317904	GYS1	716	VDTATSSSLST		hprd;psite	866
ENSP00000248553	HSPB1	15	LLRGPSWDPFR	MAPKAPK2;PRKG1	hprd;pelm;psite	613
ENSP00000248553	HSPB1	74	AAPAYSRALSR		psite	613
ENSP00000248553	HSPB1	78	YSRALSRQLSS	MAPKAPK2;PRKACA;PRKG1;RPS6KB2	hprd;pelm;psite	613
ENSP00000248553	HSPB1	82	LSRQLSSGVSE	AKT1;MAPKAPK2;PKD1;PRKACA;PRKD1;PRKG1;RPS6KB2	hprd;pelm;psite	613
ENSP00000248553	HSPB1	98	DRWRVSLDVNH		hprd;psite	613
ENSP00000248553	HSPB1	139	ISRCFTRKYTL		psite	613
ENSP00000248553	HSPB1	143	FTRKYTLPPGV	PRKACA;PRKG1	psite	613
ENSP00000293308	KRT8	9	RVTQKSYKVST		hprd;psite	613
ENSP00000293308	KRT8	21	GPRAFSSRSYT		hprd;pelm;psite	613
ENSP00000293308	KRT8	26	SSRSYTSGPGS		hprd;psite	613
ENSP00000293308	KRT8	27	SRSYTSGPGSR		hprd;pelm;psite	613
ENSP00000293308	KRT8	31	TSGPGSRISSS		psite	613
ENSP00000293308	KRT8	34	PGSRISSSSFS		hprd;pelm;psite	613
ENSP00000293308	KRT8	35	GSRISSSSFSR		hprd;pelm;psite	613
ENSP00000293308	KRT8	39	SSSSFSRVGSS		hprd;pelm;psite	613
ENSP00000293308	KRT8	43	FSRVGSSNFRG		hprd;pelm;psite	613
ENSP00000293308	KRT8	303	DDLRRTKTEIS		psite	613
ENSP00000293308	KRT8	305	LRRTKTEISEM		psite	613
ENSP00000293308	KRT8	315	MNRNISRLQAE		hprd;psite	613
ENSP00000293308	KRT8	330	KGQRASLEAAI		hprd;pelm;psite	613
ENSP00000293308	KRT8	400	LEGEESRLESG		hprd;pelm;psite	613
ENSP00000293308	KRT8	404	ESRLESGMQNM		psite	613
ENSP00000293308	KRT8	441	SYSLGSSFGSG		hprd;pelm;psite	613
ENSP00000293308	KRT8	445	GSSFGSGAGSS		hprd;pelm;psite	613
ENSP00000293308	KRT8	449	GSGAGSSSFSR		psite	613
ENSP00000293308	KRT8	456	SFSRTSSSRAV		hprd;psite	613
ENSP00000293308	KRT8	457	FSRTSSSRAVV		psite	613
ENSP00000262186	KCNH2	283	SVRRASSADDI	PRKACA	hprd;pelm;psite	637
ENSP00000262186	KCNH2	284	VRRASSADDIE		psite	637
ENSP00000262186	KCNH2	890	RKRKLSFRRRT	PRKACA;PRKCA	psite	637
ENSP00000262186	KCNH2	895	SFRRRTDKDTE	PRKACA	psite	637
ENSP00000262186	KCNH2	1137	PTRRLSLPGQL	PRKACA	hprd;pelm;psite	637
ENSP00000357283	LMNA	10	SQRRATRSGAQ		hprd;pelm;psite	613
ENSP00000357283	LMNA	18	GAQASSTPLSP		hprd;pelm;psite	613
ENSP00000357283	LMNA	27	SPTRITRLQEK		psite	613
ENSP00000357283	LMNA	51	IDRVRSLETEN		hprd;psite	613
ENSP00000357283	LMNA	64	LRLRITESEEV		hprd;psite	613
ENSP00000357283	LMNA	71	SEEVVSREVSG		hprd;psite	613
ENSP00000357283	LMNA	224	KRRHETRLVEI		psite	613
ENSP00000357283	LMNA	277	DNARQSAERNS		hprd;pelm;psite	613
ENSP00000357283	LMNA	301	RIRIDSLSAQL		hprd;pelm;psite	613
ENSP00000357283	LMNA	303	RIDSLSAQLSQ		psite	613
ENSP00000357283	LMNA	394	LSPSPTSQRSR		hprd;pelm;psite	613
ENSP00000357283	LMNA	403	SRGRASSHSSQ	PRKCA	hprd;pelm;psite	613
ENSP00000357283	LMNA	404	RGRASSHSSQT	PRKCA	hprd;pelm;psite	613
ENSP00000357283	LMNA	424	RKLESTESRSS		hprd;pelm;psite	613
ENSP00000357283	LMNA	429	TESRSSFSQHA		hprd;psite	613
ENSP00000357283	LMNA	458	RLRNKSNEDQS		hprd;pelm;psite	613
ENSP00000357283	LMNA	548	LVRSVTVVEDD		psite	613
ENSP00000357283	LMNA	585	NLRSRTVLCGT		psite	613
ENSP00000357283	LMNA	599	PADKASASGSG		psite	613
ENSP00000357283	LMNA	628	TRSYRSVGGSG		hprd;pelm;psite	613
ENSP00000357283	LMNA	632	RSVGGSGGGSF		hprd;pelm;psite	613
ENSP00000261366	LMNB1	13	PPRMGSRAGGP		psite	616
ENSP00000261366	LMNB1	19	RAGGPTTPLSP		hprd;pelm;psite	616
ENSP00000261366	LMNB1	28	SPTRLSRLQEK		hprd;pelm;psite	616
ENSP00000261366	LMNB1	200	ENRCQSLTEDL		hprd;pelm;psite	616
ENSP00000261366	LMNB1	210	LEFRKSMYEEE		hprd;psite	616
ENSP00000261366	LMNB1	278	ENARLSSEMNT		hprd;psite	616
ENSP00000261366	LMNB1	284	SEMNTSTVNSA		hprd;psite	616
ENSP00000261366	LMNB1	302	RMRIESLSSQL		psite	616
ENSP00000261366	LMNB1	304	RIESLSSQLSN		psite	616
ENSP00000261366	LMNB1	340	SRRMLTDKERE		psite	616
ENSP00000261366	LMNB1	399	PSSRVTVSRAS		psite	616
ENSP00000261366	LMNB1	401	SRVTVSRASSS		psite	616
ENSP00000261366	LMNB1	404	TVSRASSSRSV		hprd;pelm;psite	616
ENSP00000261366	LMNB1	405	VSRASSSRSVR	PRKCB	hprd;pelm;psite	616
ENSP00000261366	LMNB1	412	RSVRTTRGKRK		psite	616
ENSP00000317272	MET	1003	LDRLVSARSVS	PRKCA;PRKCD;PRKCE	hprd;pelm;psite	613
ENSP00000317272	MET	1011	SVSPTTEMVSN		hprd;pelm;psite	613
ENSP00000317272	MET	1024	VDYRATFPEDQ		psite	613
ENSP00000317272	MET	1034	QFPNSSQNGSC		psite	613
ENSP00000317272	MET	1385	VAPYPSLLSSE		psite	613
ENSP00000388910	NFATC4	335	GKRRYSSSGTP		pelm;psite	613
ENSP00000388910	NFATC4	348	ASPALSRRGSL	RPS6KA3	psite	613
ENSP00000388910	NFATC4	352	LSRRGSLGEEG	RPS6KA3	hprd;psite	613
ENSP00000388910	NFATC4	397	KTRRTSSEQAV		pelm;psite	613
ENSP00000388910	NFATC4	398	TRRTSSEQAVA		pelm;psite	613
ENSP00000388910	NFATC4	595	LKLRNSDIELR		psite	613
ENSP00000289473	NCF1	303	APPRRSSIRNA	PRKCA;PRKCB;PRKCD	pelm;psite	613
ENSP00000289473	NCF1	304	PPRRSSIRNAH	AKT1;PRKCA;PRKCB;PRKCD;PRKCZ	pelm;psite	613
ENSP00000289473	NCF1	320	SRKRLSQDAYR	IRAK4;PRKACA;PRKCA;PRKCB;PRKCD	pelm;psite	613
ENSP00000289473	NCF1	328	AYRRNSVRFLQ	AKT1;PRKACA;PRKCA;PRKCB;PRKCD	pelm;psite	613
ENSP00000289473	NCF1	356	EEERQTQRSKP	IRAK4	psite	613
ENSP00000289473	NCF1	370	VPPRPSADLIL	IRAK4;PRKACA;PRKCA;PRKCB;PRKCD	pelm;psite	613
ENSP00000289473	NCF1	379	ILNRCSESTKR	PRKCA;PRKCB;PRKCD	pelm;psite	613
ENSP00000313504	PHKB	27	TKRSGSVYEPL		hprd;pelm;psite	613
ENSP00000313504	PHKB	700	KVKRQSSTPSA		hprd;pelm;psite	613
ENSP00000313504	PHKB	701	VKRQSSTPSAP		hprd;pelm;psite	613
ENSP00000249636	PIAS1	328	EIATTSLRVSL		psite	613
ENSP00000249636	PIAS1	506	QASPVSRTPSL		hprd;pelm;psite	613
ENSP00000249636	PIAS1	510	VSRTPSLPAVD		psite	613
ENSP00000234038	PPP1R7	24	DRRVESEESGD		hprd;pelm;psite	893
ENSP00000331342	RAB11FIP1	202	TPSVDSDDESV		hprd;pelm;psite	613
ENSP00000331342	RAB11FIP1	232	QKTPLSQSMSV		psite	613
ENSP00000331342	RAB11FIP1	280	HKRTASTDLKQ		psite	613
ENSP00000331342	RAB11FIP1	338	GEIKDSSPSSS		hprd;pelm;psite	613
ENSP00000331342	RAB11FIP1	341	KDSSPSSSPSP		hprd;pelm;psite	613
ENSP00000331342	RAB11FIP1	382	SDRQLSESSTK		psite	613
ENSP00000331342	RAB11FIP1	435	ESRRSSLLSLM		hprd;pelm;psite	613
ENSP00000331342	RAB11FIP1	496	TAAVVSRQGSS		hprd;pelm;psite	613
ENSP00000331342	RAB11FIP1	500	VSRQGSSLNLF		hprd;pelm;psite	613
ENSP00000331342	RAB11FIP1	754	DRDLESQAGSL		hprd;psite	613
ENSP00000331342	RAB11FIP1	758	ESQAGSLVESK		hprd;psite	613
ENSP00000331342	RAB11FIP1	1274	ILRIPTQVGKK		psite	613
ENSP00000355651	RAB4A	190	PERMGSGIQYG		psite	613
ENSP00000369757	RPS6	78	VRLLLSKGHSC		hprd;pelm;psite	613
ENSP00000369757	RPS6	235	KRRRLSSLRAS	PAK2;PRKCD;RPS6KA1;RPS6KA3;RPS6KB1	hprd;pelm;psite	613
ENSP00000369757	RPS6	236	RRRLSSLRAST	PAK2;PRKCD;RPS6KA1;RPS6KA3;RPS6KB1	hprd;pelm;psite	613
ENSP00000369757	RPS6	240	SSLRASTSKSE	PAK2;RPS6KB1	hprd;pelm;psite	613
ENSP00000369757	RPS6	241	SLRASTSKSES		hprd;pelm;psite	613
ENSP00000369757	RPS6	242	LRASTSKSESS	PAK2	hprd;pelm;psite	613
ENSP00000348278	STK39	231	NKVRKTFVGTP	WNK1	pelm;psite	631
ENSP00000340820	MAPT	171	ATRQPSGTGPE		psite	613
ENSP00000340820	MAPT	530	KSGDRSGYSSP	PRKACA	hprd;psite	613
ENSP00000340820	MAPT	533	DRSGYSSPGSP	PRKACA	hprd;psite	613
ENSP00000340820	MAPT	549	RSRTPSLPTPP	CDK5;PRKACA	hprd;pelm;psite	613
ENSP00000340820	MAPT	572	PPKSPSSAKSR	PHKG1	hprd;psite	613
ENSP00000340820	MAPT	651	KPVDLSKVTSK		psite	613
ENSP00000340820	MAPT	735	KSPVVSGDTSP	GSK3B	hprd;psite	613
ENSP00000340820	MAPT	744	SPRHLSNVSST	PRKACA	hprd;psite	613
ENSP00000340820	MAPT	747	HLSNVSSTGSI		hprd;psite	613
ENSP00000356853	UCK2	238	PSKRQTNGCLN		psite	875
ENSP00000356853	UCK2	254	RKRQASESSSR		hprd;pelm;psite	875
ENSP00000338703	UGP2	378	GAAIKSFENSL		psite	720
ENSP00000338703	UGP2	448	LRRFESIPDML		psite	720
ENSP00000348455	UVRAG	108	PDRLDTSVSCF		psite	520
ENSP00000348455	UVRAG	482	VPKRQSSIFGG		psite	520
ENSP00000348455	UVRAG	483	PKRQSSIFGGA		psite	520
ENSP00000348455	UVRAG	508	HRKRASSENER		psite	520
ENSP00000348455	UVRAG	545	TERKITSLSSS		psite	520
ENSP00000348455	UVRAG	550	TSLSSSLDTSL		psite	520
ENSP00000348455	UVRAG	554	SSLDTSLDFSK		psite	520
ENSP00000226218	VTN	312	MMQRDSWEDIF		hprd;pelm;psite	613
ENSP00000226218	VTN	386	SQRGHSRGRNQ	PRKCA	psite	613
ENSP00000226218	VTN	393	GRNQNSRRPSR	PRKCA	psite	613
ENSP00000226218	VTN	397	NSRRPSRATWL	PRKACA;PRKCA	hprd;pelm;psite	613
ENSP00000357283	LMNA	199	ENRLQTMKEEL		pelm	613
ENSP00000357283	LMNA	615	PISSGSSASSV		hprd;pelm	613
ENSP00000306361	FGA	576	PSRGKSSSYSK		hprd;pelm	613
ENSP00000306361	FGA	460	TTTRRSCSKTV		hprd;pelm	613
ENSP00000248553	HSPB1	91	SEIRHTADRWR		pelm	613
ENSP00000293308	KRT8	438	PGLSYSLGSSF		hprd;pelm	613
ENSP00000293308	KRT8	243	QISDTSVVLSM		hprd;pelm	613
ENSP00000340820	MAPT	593	LKNVKSKIGST	GSK3B;PKN1	hprd;pelm	613
ENSP00000317904	GYS1	723	SLSTPSEPLSP		pelm	866
ENSP00000330054	EEF1A1	242	PPTRPTDKPLR		hprd	613
ENSP00000317904	GYS1	700	RRASCTSSTSG		hprd	866
ENSP00000317904	GYS1	702	ASCTSSTSGSK		hprd	866
ENSP00000357283	LMNA	612	VGGPISSGSSA		hprd	613
ENSP00000357283	LMNA	282	SAERNSNLVGA		hprd	613
ENSP00000261366	LMNB1	579	GTPRASNRSCA		hprd	616
ENSP00000261366	LMNB1	279	NARLSSEMNTS		hprd	616
ENSP00000340820	MAPT	545	TPGSRSRTPSL		hprd	613
ENSP00000340820	MAPT	655	LSKVTSKCGSL	PKN1	hprd	613
ENSP00000340820	MAPT	687	KDRVQSKIGSL	PKN1	hprd	613
ENSP00000317272	MET	1349	MRPSFSELVSR		hprd	613
ENSP00000317272	MET	1356	LVSRISAIFST		hprd	613
ENSP00000313504	PHKB	8	GAAGLTAEVSW		hprd	613
ENSP00000364145	PFKFB1	33	QRRRGSSIPQF		hprd	617
ENSP00000331342	RAB11FIP1	434	PESRRSSLLSL		hprd	613
ENSP00000344537	TAF6	622	GKGGPTSHPSP		hprd	580
ENSP00000249636	PIAS1	635	TNRSSTDTASI		hprd	613
