name	PBK
id	ENSP00000301905
type	Serine/threonine kinase
proline+1_removed	Yes
npartners	324
npartners_with_sites	277
nsites	177
//
motif	score	fg_matches	fg_size	bg_matches	bg_size	fold_increase
..D..[ST]D.E..	627.49	10	3264	0	9383	Inf
..RR.[ST].....	615.31	60	3202	17	9345	10.3
.KR..[ST].....	315.75	35	3142	20	9328	5.2
.....[ST]D.E..	315.69	52	3254	38	9383	3.95
....N[ST]Q....	314.15	19	3107	8	9308	7.12
//
prot_id	prot_name	position	flank	kinase	source	string_score
ENSP00000366244	ARAF	318	LKRIGTGSFGT		psite	543
ENSP00000355090	ARHGAP11A	285	RKRRQSVGDFV		hprd;pelm;psite	870
ENSP00000356379	ASPM	170	HNRRVSNIQNV		hprd;psite	943
ENSP00000356379	ASPM	348	FMKDNSQPVHL		hprd;pelm;psite	943
ENSP00000287394	ATAD2	1139	VGDKRSDPEQN		psite	789
ENSP00000287394	ATAD2	1200	DHKIESDTEET		hprd;psite	789
ENSP00000216911	AURKA	288	SSRRTTLCGTL	AURKA;PAK1;PRKACA	hprd;pelm;psite	921
ENSP00000302898	AURKC	198	SLRRKTMCGTL		hprd;pelm;psite	500
ENSP00000375082	BORA	501	DSGYNTQNCGS	PLK1	psite	798
ENSP00000316121	CDCA8	154	KKRTQSIQGKG	AURKB	hprd;psite	924
ENSP00000288602	BRAF	446	LGRRDSSDDWE	PAK1	hprd;pelm;psite	538
ENSP00000350283	BRCA1	509	RKRRPTSGLHP	AKT1	hprd;pelm;psite	788
ENSP00000350283	BRCA1	615	RLRRKSSTRHI		psite	788
ENSP00000350283	BRCA1	694	SKRHDSDTFPE	AKT1	hprd;psite	788
ENSP00000350283	BRCA1	1336	QGVGLSDKELV		hprd;pelm;psite	788
ENSP00000350283	BRCA1	1342	DKELVSDDEER		hprd;pelm;psite	788
ENSP00000259008	BRIP1	226	TKQGNSQESSN		psite	492
ENSP00000366050	C9orf40	76	SKRRDSGDNSA		hprd;psite	429
ENSP00000301280	CHAF1A	803	LKRLISENSVY		psite	519
ENSP00000315700	CHAF1B	485	PSRRVTLNTLQ		hprd;psite	800
ENSP00000335463	CASC5	24	VRRRHSSILKP	AURKB	psite	767
ENSP00000335463	CASC5	60	NSRRVSFADTI	AURKB	hprd;pelm;psite	767
ENSP00000335463	CASC5	1093	SQRRKSLKLKN		psite	767
ENSP00000335463	CASC5	1675	KVRRCSLGIFL		hprd;pelm;psite	767
ENSP00000335463	CASC5	1690	NKRNCSVTGID		hprd;pelm;psite	767
ENSP00000288207	CCNB2	8	LLRRPTVSSDL		psite	935
ENSP00000288207	CCNB2	11	RPTVSSDLENI		psite	935
ENSP00000303706	CDC25A	124	LKRSHSDSLDH	CHEK1;CHEK2	hprd;pelm;psite	469
ENSP00000303706	CDC25A	293	TKRRKSMSGAS	CHEK1;CHEK2;RPS6KA1	hprd;pelm;psite	469
ENSP00000209728	CDC6	20	PKRKLSRALNK		psite	915
ENSP00000328228	CDCA2	977	GKRRKSFCIST		psite	931
ENSP00000328228	CDCA2	1000	YRRRSSLNGKG		psite	931
ENSP00000306968	CDCA7	242	RPRRRTFPGVA	AKT1	psite	801
ENSP00000265148	CENPE	422	RKRRVTWCLGK		hprd;pelm;psite	880
ENSP00000265148	CENPE	1268	AQIINTQDLEK		hprd;pelm;psite	880
ENSP00000265148	CENPE	2083	EKRLLSDGQQH		psite	880
ENSP00000355922	CENPF	1868	SEGLNSDLEMH		hprd;psite	950
ENSP00000355922	CENPF	2082	ARLSESDYEKL		hprd;psite	950
ENSP00000360540	CEP55	52	GKGKLTDKERH		psite	935
ENSP00000349508	CHD4	103	EVALRSDSEGS		hprd;pelm;psite	415
ENSP00000349508	CHD4	308	SKRKRSSSEDD		hprd;pelm;psite	415
ENSP00000349508	CHD4	310	RKRSSSEDDDL		hprd;pelm;psite	415
ENSP00000367276	CKAP2	39	LLRRKTLFAYK		psite	878
ENSP00000312995	CLSPN	65	KVLQDSDSETE		hprd;pelm;psite	431
ENSP00000312995	CLSPN	987	SGSFPTDKEEE		psite	431
ENSP00000325017	NCAPD2	1352	RRHPNTQQRAS		psite	801
ENSP00000261833	CIT	480	LHRRVSEVEAV		psite	592
ENSP00000261833	CIT	582	SARRRSDLYES		psite	592
ENSP00000261833	CIT	1939	TKRVASSPAPP		hprd;psite	592
ENSP00000345731	DLG1	619	HVINASDDEWW		pelm;psite	719
ENSP00000345731	DLG1	709	VTSNASDSESS		hprd;psite	719
ENSP00000352516	DNMT1	224	KRRRVTSRERV		hprd;psite	413
ENSP00000328547	DNMT3B	52	RGRRSSSRLSK		psite	577
ENSP00000328547	DNMT3B	353	LKPNNTQPVVN		hprd;psite	577
ENSP00000328547	DNMT3B	383	KTRRRTADDSA		hprd;psite	577
ENSP00000307143	DONSON	28	RKRARSRGAAA		psite	743
ENSP00000329915	PSMG1	54	LLRRQTKTSLE		psite	432
ENSP00000362850	DSN1	95	QDRRQSWRRAS		psite	732
ENSP00000362850	DSN1	100	SWRRASMKETN	AURKB	psite	732
ENSP00000362850	DSN1	109	TNRRKSLHPIH	AURKB	hprd;pelm;psite	732
ENSP00000339897	EME1	15	LDSGDSDSEEL		hprd;pelm;psite	496
ENSP00000306999	ESCO2	244	EVIEDSDVETV		hprd;pelm;psite	736
ENSP00000311873	EXO1	422	VKRPRSAELSE		hprd;pelm;psite	906
ENSP00000311873	EXO1	581	KATVFTDEESY		psite	906
ENSP00000311873	EXO1	660	KSEESSDDESH		hprd;psite	906
ENSP00000320147	EZH2	21	RKRVKSEYMRL	AKT1	hprd;pelm;psite	509
ENSP00000320147	EZH2	385	SKDTDSDREAG		hprd;pelm;psite	509
ENSP00000287647	FANCD2	8	SKRRLSKSEDK		hprd;pelm;psite	545
ENSP00000287647	FANCD2	1404	IKSQNSQESTA		psite	545
ENSP00000414109	HJURP	123	EVDATSDQEES		hprd;pelm;psite	841
ENSP00000414109	HJURP	486	ETRRLSLPSSK	AKT1	hprd;psite	841
ENSP00000264126	GPSM2	408	LGRRHSMENME	PRKCA	hprd;psite	483
ENSP00000264126	GPSM2	478	HRIPNSQRKIS		psite	483
ENSP00000264108	HAT1	343	LVTDMSDAEQY		psite	403
ENSP00000369871	HAUS6	660	EEKVISDCECV		psite	527
ENSP00000369871	HAUS6	851	KKREESYLSNS		psite	527
ENSP00000369871	HAUS6	856	SYLSNSQTPER		psite	527
ENSP00000261597	NDC80	69	HGSRNSQLGIF	AURKB	hprd;psite	949
ENSP00000296503	HMGB2	100	PKRPPSAFFLF		psite	709
ENSP00000378295	INCENP	72	KKRRISYVQDE	AURKB	hprd;pelm;psite	637
ENSP00000378295	INCENP	91	LSRRKSRSSQL		hprd;psite	637
ENSP00000378295	INCENP	214	QGIPTSDEEST		hprd;pelm;psite	637
ENSP00000378295	INCENP	336	VVRRASRRLAK		psite	637
ENSP00000378295	INCENP	832	NSDDSTDDEAH		hprd;pelm;psite	637
ENSP00000378295	INCENP	894	HKRTSSAVWNS	AURKB	hprd;pelm;psite	637
ENSP00000357643	MKI67	125	PARRVSRSSFS		hprd;pelm;psite	890
ENSP00000357643	MKI67	374	TGRRESVNLGK	AURKB	hprd;pelm;psite	890
ENSP00000357643	MKI67	507	KRRRVSFGGHL		psite	890
ENSP00000357643	MKI67	598	DQRRRSCKTAP		hprd;psite	890
ENSP00000357643	MKI67	859	LETKTSDTETE		hprd;pelm;psite	890
ENSP00000357643	MKI67	1533	RKRTPSAGKAM		psite	890
ENSP00000357643	MKI67	2261	RKRTPSVGKAM		hprd;psite	890
ENSP00000357643	MKI67	2382	RKRTPSAGKAM		psite	890
ENSP00000356319	KIF14	1200	KNRRISGCLHD		hprd;pelm;psite	821
ENSP00000263181	KIF18A	834	RKRKLTSSTSN		psite	848
ENSP00000341466	KIF18B	636	KRRRPSALEAD		psite	720
ENSP00000341466	KIF18B	665	CLRRGSLPDTQ		psite	720
ENSP00000341466	KIF18B	792	KKRVASSSVSH		psite	720
ENSP00000260363	KIF23	867	HQELASDGEIE		hprd;pelm;psite	943
ENSP00000260363	KIF23	912	RKRRSSTVAPA		hprd;pelm;psite	943
ENSP00000260363	KIF23	927	AESEWTDVETR		psite	943
ENSP00000361298	KIF2C	192	SVRRKSCLVKE	AURKB;PAK1	psite	884
ENSP00000363524	KIF4A	799	KLRRRTFSLTE		hprd;pelm;psite	870
ENSP00000393963	KIFC1	359	DERRGTLSGAP		hprd;psite	730
ENSP00000261366	LMNB1	340	SRRMLTDKERE		psite	608
ENSP00000261366	LMNB1	534	VILKNSQGEEV		psite	608
ENSP00000263274	LIG1	801	LGTGFSDEELE		psite	732
ENSP00000263274	LIG1	913	GEDSGSDPEDT		hprd;pelm;psite	732
ENSP00000265056	MCM2	139	GLLYDSDEEDE	CDC7;CDK2;CDK7;CSNK2A1	hprd;pelm;psite	864
ENSP00000229854	MCM3	160	IERRYSDLTTL	DAPK1	hprd;pelm;psite	799
ENSP00000229854	MCM3	711	DPYDFSDTEEE		hprd;pelm;psite	799
ENSP00000262105	MCM4	13	PSRRGSRRGRA		psite	892
ENSP00000216122	MCM5	605	SDRRSSIPITV		psite	805
ENSP00000368174	MCM8	630	VARMNSQDSNT		psite	612
ENSP00000309871	RACGAP1	249	RSRRKTGTLQP	AKT2;AURKB	psite	940
ENSP00000234420	MSH6	252	KRRVISDSESD		hprd;pelm;psite	435
ENSP00000234420	MSH6	261	SDIGGSDVEFK		hprd;pelm;psite	435
ENSP00000234420	MSH6	305	RKRMVTGNGSL		hprd;psite	435
ENSP00000251496	NCAPG	674	GTEINSDDEQE		hprd;pelm;psite	949
ENSP00000251496	NCAPG	975	EADSESDHEVP		hprd;pelm;psite	949
ENSP00000240423	NCAPH	70	LQRRRSRVFDL		hprd;pelm;psite	920
ENSP00000240423	NCAPH	570	LQAADSDDEDL	CSNK2A1	psite	920
ENSP00000355966	NEK2	428	RAQALSDIEKN	NEK2	psite	904
ENSP00000360621	ORC1	383	RIRRKSSVLTM		psite	613
ENSP00000360621	ORC1	421	ISDSSSDEEEA		hprd;pelm;psite	613
ENSP00000334675	ERCC6L	1028	ARRIVSDGEDE		hprd;psite	660
ENSP00000300093	PLK1	137	LCRRRSLLELH	MAP3K8	pelm;psite	837
ENSP00000322570	POLE	202	RGGVITDEEET		psite	653
ENSP00000365272	DLG2	740	DKRKKSFIFSR		psite	622
ENSP00000358925	PSRC1	116	SPRRETFVLKD		psite	470
ENSP00000228843	RAD51AP1	120	TNVQNSQDKSI		hprd;pelm;psite	911
ENSP00000361043	RAD54L	38	RKRKSSSETQI		psite	875
ENSP00000251849	RAF1	43	YQRRASDDGKL	PRKACA;PRKCA	hprd;pelm;psite	538
ENSP00000319417	SKA3	34	LDGEESDFEDY		hprd;pelm;psite	912
ENSP00000319417	SKA3	119	QEAINSDPELS		hprd;pelm;psite	912
ENSP00000319417	SKA3	276	QQLEKSDAEYT		hprd;psite	912
ENSP00000355958	DTL	485	INRRGSVSSVS		hprd;pelm;psite	928
ENSP00000351697	REV3L	1075	IKRTLSFRKKR	CHEK2	psite	490
ENSP00000363021	RPA2	174	LSKANSQPSAG	ATR	psite	452
ENSP00000369411	RFC3	125	QLETNSQRDFK		hprd;pelm;psite	774
ENSP00000386348	SAPCD2	219	ERRRHTIASGV		psite	454
ENSP00000257934	ESPL1	1399	NFSDDSDLEDP	PLK1	hprd;pelm;psite	720
ENSP00000257934	ESPL1	1508	EILRGSDGEDS		hprd;pelm;psite	720
ENSP00000263753	SGOL1	459	KIRRLSLSPKK		hprd;psite	726
ENSP00000350447	SGOL2	1187	PAFQVSDDEHE		psite	855
ENSP00000306473	SHCBP1	273	LSNCNSDSEQE		hprd;pelm;psite	916
ENSP00000274255	SKP2	72	RKRLKSKGSDK	PIM1	psite	623
ENSP00000341382	SMC4	28	PDGASSDAEPE		hprd;pelm;psite	807
ENSP00000323300	SPAG5	334	GRILGSDTESW		hprd;pelm;psite	914
ENSP00000268138	TICRR	1125	TPRRISHTPQT		psite	650
ENSP00000261881	TIPIN	222	KLLSNSQTLGN		hprd;pelm;psite	823
ENSP00000266732	TMPO	184	DSDRYSDNEEG		hprd;pelm;psite	686
ENSP00000411532	TOP2A	1106	EENEESDNEKE		hprd;pelm;psite	956
ENSP00000411532	TOP2A	1295	KRNPWSDSESD		hprd;pelm;psite	956
ENSP00000411532	TOP2A	1343	DFDEKTDDEDF	CSNK2A1;PLK1;PLK3;PRKCB	hprd;pelm;psite	956
ENSP00000411532	TOP2A	1377	QKSVVSDLEAD	CSNK2A1	hprd;pelm;psite	956
ENSP00000411532	TOP2A	1469	RKRKPSTSDDS	CSNK2A1	hprd;pelm;psite	956
ENSP00000396704	TOP2B	1331	KRNPWSDDESK		hprd;pelm;psite	533
ENSP00000396704	TOP2B	1339	ESKSESDLEET		hprd;pelm;psite	533
ENSP00000396704	TOP2B	1519	AVNSDSDSEFG		hprd;pelm;psite	533
ENSP00000396704	TOP2B	1545	KKRKASGSENE		hprd;pelm;psite	533
ENSP00000396704	TOP2B	1608	KYFAESDEEED		hprd;pelm;psite	533
ENSP00000260810	TOPBP1	860	QKRKPSTPLSE		hprd;pelm;psite	407
ENSP00000356243	UBE2T	184	QKRKASQLVGI		hprd;pelm;psite	914
ENSP00000343526	USP1	307	SKRKATSDTLE		psite	474
ENSP00000216639	VRK1	378	TEWSNTQTEEA		hprd;psite	542
ENSP00000353793	WDHD1	984	FQKRNSQTNKT		psite	843
ENSP00000261015	WDR12	221	WSTVPTDEEDE		psite	415
ENSP00000266732	TMPO	67	PPDFSSDEERE		hprd;pelm	686
ENSP00000265148	CENPE	1026	LEAKNTQTLTA		hprd	880
ENSP00000355922	CENPF	2923	EKRLSSGQNKA		hprd	950
ENSP00000309871	RACGAP1	145	NKRLSTIDESG	AURKB	hprd	940
ENSP00000309871	RACGAP1	186	EKRRSTSRQFV	AURKB	hprd	940
ENSP00000311873	EXO1	700	CSSKDSDSEES		hprd	906
ENSP00000356379	ASPM	503	TKRKATCTREN		hprd	943
ENSP00000350447	SGOL2	1085	KKRKTSIDPSP		hprd	855
ENSP00000310842	FANCI	937	RALDVTDKEGE		hprd	840
