name	PDGFRA
id	ENSP00000257290
type	Tyrosine kinase
proline+1_removed	No
npartners	124
npartners_with_sites	88
nsites	56
//
motif	score	fg_matches	fg_size	bg_matches	bg_size	fold_increase
.....Y..P..	8.29	54	418	544	10000	2.37
//
prot_id	prot_name	position	flank	kinase	source	string_score
ENSP00000339191	CAV1	14	SEGHLYTVPIR	ABL1;FYN;SRC	hprd;pelm;psite	962
ENSP00000264033	CBL	700	EEDTEYMTPSS	EGFR;FYN;INSR;LCK;SYK;YES1	hprd;pelm;psite	928
ENSP00000264033	CBL	774	NEDDGYDVPKP	EGFR;FYN;LCK;SRC;SYK;YES1	hprd;pelm;psite	928
ENSP00000264122	CBLB	665	LGSEEYDVPPR		psite	805
ENSP00000264122	CBLB	709	EDDDEYKIPSS		psite	805
ENSP00000300574	CRK	221	PEPGPYAQPSV	ABL1;ABL2;EGFR	hprd;pelm;psite	985
ENSP00000346300	CRKL	132	YVRTLYDFPGN		hprd;psite	966
ENSP00000346300	CRKL	198	RNSNSYGIPEP		hprd;pelm;psite	966
ENSP00000346300	CRKL	207	EPAHAYAQPQT	ABL1	hprd;pelm;psite	966
ENSP00000341189	PTK2	407	DEEDTYTMPST	MET;PTK2;PTK2B;SRC	hprd;pelm;psite	812
ENSP00000341189	PTK2	441	VHQGIYMSPEN	BMX;SRC	psite	812
ENSP00000341189	PTK2	720	PSRPGYPSPRS		psite	812
ENSP00000336752	FIP1L1	27	EEEWLYGGPWD		psite	863
ENSP00000339007	GRB2	209	MFPRNYVTPVN	EGFR;JAK2	hprd;pelm;psite	986
ENSP00000288135	KIT	570	GNNYVYIDPTQ	KIT	hprd;pelm;psite	660
ENSP00000288135	KIT	730	KPGVSYVVPTK		hprd;psite	660
ENSP00000417281	MDM2	400	QESEDYSQPST	ABL1	hprd;pelm;psite	867
ENSP00000383199	NEDD4L	485	PQPSPYNSPKP		psite	800
ENSP00000351015	NF1	863	SGLATYSPPMG		psite	540
ENSP00000261799	PDGFRB	581	GHEYIYVDPMQ	PDGFRB	hprd;pelm;psite	994
ENSP00000261799	PDGFRB	771	IESSNYMAPYD	PDGFRB	hprd;pelm;psite	994
ENSP00000261799	PDGFRB	1021	EGDNDYIIPLP	PDGFRB	hprd;pelm;psite	994
ENSP00000289153	PIK3CB	503	NKKQPYYYPPF		psite	854
ENSP00000289153	PIK3CB	504	KKQPYYYPPFD		psite	854
ENSP00000366563	PIK3CD	440	GERCLYMWPSV		pelm;psite	854
ENSP00000262741	PIK3R3	373	AEDLLYGKPDG		psite	816
ENSP00000244007	PLCG1	186	LSQVNYRVPNM		psite	976
ENSP00000244007	PLCG1	959	SELVVYCRPVP		psite	976
ENSP00000244007	PLCG1	1254	SFESRYQQPFE	EGFR	hprd;pelm;psite	976
ENSP00000352336	PLCG2	759	DVSRMYVDPSE	BTK;FYN;LCK;LYN;SRC;SYK	hprd;pelm;psite	859
ENSP00000352336	PLCG2	936	SDLVVYCKPTS		psite	859
ENSP00000361021	PTEN	336	DKANRYFSPNF	FRK	psite	518
ENSP00000361264	RAPGEF1	79	FLPEGYPLPLD		psite	899
ENSP00000361264	RAPGEF1	579	QLLEDYSEPQP		psite	899
ENSP00000361264	RAPGEF1	588	QPSMFYQTPQN		psite	899
ENSP00000366936	SHB	96	DFEDPYNGPGS		psite	959
ENSP00000366936	SHB	246	TIADDYSDPFD		hprd;pelm;psite	959
ENSP00000366936	SHB	268	GESAGYMEPYE		hprd;psite	959
ENSP00000366936	SHB	297	KGIQLYDTPYE		psite	959
ENSP00000366936	SHB	336	RPADEYDQPWE		hprd;psite	959
ENSP00000364995	SHC3	406	GSSDIYSTPEG		psite	800
ENSP00000290894	SHF	164	QPLPLYDTPYE		psite	959
ENSP00000290894	SHF	201	RPPEEYDQPWE		psite	959
ENSP00000368831	SNX2	203	YLHVGYIVPPA		psite	621
ENSP00000384675	SOS1	618	LTYHMYADPNF		psite	899
ENSP00000216373	SOS2	616	LTYHMYADPNF		psite	800
ENSP00000216373	SOS2	679	RFRKEYVQPVQ		psite	800
ENSP00000216373	SOS2	1320	SHPPLYRLPLL		psite	800
ENSP00000264657	STAT3	686	EAFGKYCRPES		hprd;psite	712
ENSP00000341208	STAT5A	668	LSYLIYVFPDR		psite	629
ENSP00000341208	STAT5A	682	EVFSKYYTPVL		psite	629
ENSP00000341208	STAT5A	694	KAVDGYVKPQI	BTK;JAK2;JAK3;LCK;LYN;SRC;SYK	hprd;pelm;psite	629
ENSP00000293328	STAT5B	668	LNYLIYVFPDR		hprd;psite	619
ENSP00000293328	STAT5B	682	EVYSKYYTPVP		psite	619
ENSP00000293328	STAT5B	699	KAVDGYVKPQI	EGFR;HCK;PTK6;SRC	hprd;pelm;psite	619
ENSP00000264033	CBL	337	FREGFYLFPDG		pelm	928
