name	PDGFRB
id	ENSP00000261799
type	Tyrosine kinase
proline+1_removed	No
npartners	204
npartners_with_sites	153
nsites	246
//
motif	score	fg_matches	fg_size	bg_matches	bg_size	fold_increase
.....YD.PP.	31.53	10	769	1	10000	130.04
.....Y..P..	11.95	92	759	543	9999	2.23
....DY.....	7.37	68	667	475	9456	2.03
....EY.....	6.49	66	599	511	8981	1.94
//
prot_id	prot_name	position	flank	kinase	source	string_score
ENSP00000361423	ABL1	134	WVPSNYITPVN	FYN;HCK;LYN	hprd;pelm;psite	919
ENSP00000361423	ABL1	147	EKHSWYHGPVS	FYN;HCK;LYN	psite	919
ENSP00000361423	ABL1	158	RNAAEYLLSSG	FYN;HCK;LYN	psite	919
ENSP00000361423	ABL1	234	ITTLHYPAPKR	FYN;HCK;LYN	psite	919
ENSP00000371341	TNK2	905	ASDPKYATPQV		hprd;pelm;psite	627
ENSP00000371341	TNK2	938	SSTHYYLLPER	BMX	hprd;pelm;psite	627
ENSP00000224784	ACTA2	171	PIYEGYALPHA		psite	459
ENSP00000224784	ACTA2	190	RDLTDYLMKIL		psite	459
ENSP00000224784	ACTA2	242	SLEKSYELPDG		psite	459
ENSP00000224784	ACTA2	364	ISKQEYDEAGP		psite	459
ENSP00000383623	MLLT4	294	ENPKDYCIARV		psite	899
ENSP00000383623	MLLT4	583	EQQPDYRRQES		psite	899
ENSP00000383623	MLLT4	985	FEGADYESHLL		psite	899
ENSP00000383623	MLLT4	1150	LPWAEYSEPKK		psite	899
ENSP00000383623	MLLT4	1218	PRPEAYPIPTQ		psite	899
ENSP00000383623	MLLT4	1229	TYTREYFTFPA		hprd;psite	899
ENSP00000383623	MLLT4	1702	PLPRDYEPPSP		hprd;psite	899
ENSP00000270202	AKT1	315	CGTPEYLAPEV	PTK6;RET;SRC	hprd;psite	920
ENSP00000270202	AKT1	326	LEDNDYGRAVD	PTK6;SRC	hprd;psite	920
ENSP00000307387	PDCD6IP	223	NQAADYFGDAF		psite	621
ENSP00000307387	PDCD6IP	294	SRYDEYVNVKD		psite	621
ENSP00000366244	ARAF	419	AQGMDYLHAKN		psite	621
ENSP00000366244	ARAF	526	MVGRGYLSPDL		psite	621
ENSP00000295685	ARPC2	250	HTFRDYLHYHI		psite	899
ENSP00000352918	ARPC5	19	VDVDEYDENKF		psite	899
ENSP00000303507	BCR	246	GVDGDYEDAEL	FES	hprd;pelm;psite	542
ENSP00000303507	BCR	276	WPPLEYQPYQS	FES	hprd;pelm;psite	542
ENSP00000303507	BCR	852	LISSDYERAEW		psite	542
ENSP00000259089	BLK	188	DEGGYYISPRI		psite	901
ENSP00000259089	BLK	389	IIDSEYTAQEG		psite	901
ENSP00000339191	CAV1	14	SEGHLYTVPIR	ABL1;FYN;SRC	hprd;pelm;psite	647
ENSP00000264033	CBL	700	EEDTEYMTPSS	EGFR;FYN;INSR;LCK;SYK;YES1	hprd;pelm;psite	988
ENSP00000264033	CBL	774	NEDDGYDVPKP	EGFR;FYN;LCK;SRC;SYK;YES1	hprd;pelm;psite	988
ENSP00000264122	CBLB	106	LSENEYFKIYI		psite	619
ENSP00000264122	CBLB	665	LGSEEYDVPPR		psite	619
ENSP00000264122	CBLB	709	EDDDEYKIPSS		psite	619
ENSP00000264122	CBLB	802	RTPSDYDLLIP		psite	619
ENSP00000264122	CBLB	889	RTSQDYDQLPS		pelm;psite	619
ENSP00000356346	PTPRC	689	ILPYDYNRVEL		psite	403
ENSP00000356346	PTPRC	763	NKCAEYWPSME		psite	403
ENSP00000356346	PTPRC	790	KRCPDYIIQKL		psite	403
ENSP00000356346	PTPRC	980	VIPYDYNRVPL		psite	403
ENSP00000268603	CDH11	700	DIKPEYQYMPR		psite	471
ENSP00000300574	CRK	136	QEEAEYVRALF		psite	964
ENSP00000300574	CRK	221	PEPGPYAQPSV	ABL1;ABL2;EGFR	hprd;pelm;psite	964
ENSP00000346300	CRKL	48	TCPGDYVLSVS		psite	638
ENSP00000346300	CRKL	127	EDNLEYVRTLY		psite	638
ENSP00000346300	CRKL	132	YVRTLYDFPGN		hprd;psite	638
ENSP00000346300	CRKL	198	RNSNSYGIPEP		hprd;pelm;psite	638
ENSP00000346300	CRKL	207	EPAHAYAQPQT	ABL1	hprd;pelm;psite	638
ENSP00000363548	CXCL12	82	KWIQEYLEKAL		psite	445
ENSP00000404179	DOCK4	167	VPRKEYAMVDP		psite	899
ENSP00000404179	DOCK4	821	VESQLYTNPDS		psite	899
ENSP00000404179	DOCK4	1165	ERLLDYRDCMK		psite	899
ENSP00000404179	DOCK4	1831	PSPVEYHSPGL		psite	899
ENSP00000204961	EFNB1	324	KVSGDYGHPVY		hprd;pelm;psite	800
ENSP00000275493	EGFR	869	AEEKEYHAEGG	EGFR;SRC	hprd;pelm;psite	708
ENSP00000275493	EGFR	1016	VDADEYLIPQQ	ABL1;EGFR;SRC	hprd;pelm;psite	708
ENSP00000275493	EGFR	1092	LPVPEYINQSV	ABL1;EGFR	hprd;pelm;psite	708
ENSP00000275493	EGFR	1125	SRDPHYQDPHS	SRC	hprd;pelm;psite	708
ENSP00000275493	EGFR	1138	VGNPEYLNTVQ		hprd;psite	708
ENSP00000275493	EGFR	1172	LDNPDYQQDFF	EGFR	hprd;pelm;psite	708
ENSP00000275493	EGFR	1197	AENAEYLRVAP	ABL1;EGFR	hprd;pelm;psite	708
ENSP00000376684	EPHB6	635	EQLQQYSSPGL		psite	767
ENSP00000376684	EPHB6	645	LGVKYYIDPST		psite	767
ENSP00000376684	EPHB6	651	IDPSTYEDPCQ		psite	767
ENSP00000341189	PTK2	155	QVKSDYMLEIA		psite	919
ENSP00000341189	PTK2	397	SETDDYAEIID	FGR;MET;PTK2;SRC	hprd;pelm;psite	919
ENSP00000341189	PTK2	407	DEEDTYTMPST	MET;PTK2;PTK2B;SRC	hprd;pelm;psite	919
ENSP00000341189	PTK2	441	VHQGIYMSPEN	BMX;SRC	psite	919
ENSP00000341189	PTK2	720	PSRPGYPSPRS		psite	919
ENSP00000363115	FGR	412	IKDDEYNPCQG	FGR	hprd;pelm;psite	910
ENSP00000336752	FIP1L1	27	EEEWLYGGPWD		psite	661
ENSP00000336752	FIP1L1	175	ADLSDYFNYGF		psite	661
ENSP00000336752	FIP1L1	453	SKQWDYYARRE		psite	661
ENSP00000336752	FIP1L1	510	YRYREYAERGY		psite	661
ENSP00000380969	THOC5	225	EVKKEYLSSLQ	PDGFRB	psite	718
ENSP00000357656	FYN	420	IEDNEYTARQG	FYN	hprd;pelm;psite	997
ENSP00000262995	GAB1	47	PDVLEYYKNDH		psite	621
ENSP00000262995	GAB1	183	EDPQDYLLLIN		psite	621
ENSP00000262995	GAB1	242	QQQMIYDSPPS	INSR;SRC	hprd;pelm;psite	621
ENSP00000262995	GAB1	259	VDSSLYNLPRS	SRC	hprd;pelm;psite	621
ENSP00000262995	GAB1	307	HVSISYDIPPT	EGFR;MET	hprd;pelm;psite	621
ENSP00000262995	GAB1	317	TPGNTYQIPRT	SRC	hprd;pelm;psite	621
ENSP00000262995	GAB1	373	DTDSSYCIPTA	EGFR;INSR;MET;SRC	hprd;pelm;psite	621
ENSP00000262995	GAB1	406	SSQDCYDIPRA	EGFR;MET	hprd;pelm;psite	621
ENSP00000262995	GAB1	657	DKQVEYLDLDL	EGFR;INSR;MET;SRC	hprd;pelm;psite	621
ENSP00000262995	GAB1	689	DERVDYVVVDQ	EGFR;INSR;MET	hprd;pelm;psite	621
ENSP00000339186	GRAP2	324	LFPANYVAPMT		psite	400
ENSP00000339007	GRB2	209	MFPRNYVTPVN	EGFR;JAK2	hprd;pelm;psite	998
ENSP00000312262	ADRBK1	356	VGTHGYMAPEV		psite	638
ENSP00000365012	HCK	89	VALYDYEAIHH		psite	904
ENSP00000365012	HCK	209	DNGGFYISPRS	HCK	hprd;pelm;psite	904
ENSP00000365012	HCK	411	IEDNEYTAREG	HCK	hprd;pelm;psite	904
ENSP00000269571	ERBB2	877	IDETEYHADGG	ERBB2	hprd;pelm;psite	420
ENSP00000269571	ERBB2	1023	VDAEEYLVPQQ	ERBB2	hprd;psite	420
ENSP00000269571	ERBB2	1127	SETDGYVAPLT		psite	420
ENSP00000269571	ERBB2	1139	SPQPEYVNQPD	ERBB2	hprd;pelm;psite	420
ENSP00000269571	ERBB2	1196	VENPEYLTPQG	ERBB2	hprd;pelm;psite	420
ENSP00000269571	ERBB2	1248	AENPEYLGLDV	ERBB2	hprd;pelm;psite	420
ENSP00000309845	HRAS	32	HFVDEYDPTIE		psite	927
ENSP00000309845	HRAS	64	AGQEEYSAMRD		psite	927
ENSP00000261023	ITGAV	591	TIFMEYRLDYR		hprd;pelm;psite	905
ENSP00000343204	JAK1	993	CKGMDYLGSRQ		psite	653
ENSP00000343204	JAK1	1034	ETDKEYYTVKD	JAK3	hprd;pelm;psite	653
ENSP00000371067	JAK2	221	AKIQDYHILTR	JAK2	hprd;psite	967
ENSP00000371067	JAK2	570	REVGDYGQLHE	JAK2	hprd;pelm;psite	967
ENSP00000371067	JAK2	790	NNCMDYEPDFR		psite	967
ENSP00000371067	JAK2	813	LFTPDYELLTE	JAK2	hprd;pelm;psite	967
ENSP00000371067	JAK2	931	KLIMEYLPYGS		psite	967
ENSP00000371067	JAK2	940	GSLRDYLQKHK		psite	967
ENSP00000371067	JAK2	966	CKGMEYLGTKR		psite	967
ENSP00000371067	JAK2	1007	PQDKEYYKVKE	JAK2	hprd;pelm;psite	967
ENSP00000337825	LCK	192	DNGGFYISPRI	SYK	hprd;pelm;psite	905
ENSP00000337825	LCK	394	IEDNEYTAREG	FCGR3A;LCK	hprd;pelm;psite	905
ENSP00000337825	LCK	489	RPTFDYLRSVL		psite	905
ENSP00000261349	LRP6	1541	VCDSDYAPSRR		psite	621
ENSP00000351490	MAX	70	DKATEYIQYMR		psite	899
ENSP00000354927	MAP3K3	186	DINTIYQPPEP		psite	432
ENSP00000354927	MAP3K3	476	TIFMEYMPGGS		psite	432
ENSP00000366702	ERRFI1	395	SSTHYYLLPER		hprd;pelm;psite	648
ENSP00000307887	MXRA8	409	DIQLDYKNNIL		hprd;pelm;psite	449
ENSP00000367207	MYC	31	NYDLDYDSVQP		psite	920
ENSP00000288986	NCK1	268	PPQCDYIRPSL		hprd;pelm;psite	998
ENSP00000233154	NCK2	99	STDAEYPANGS		psite	997
ENSP00000233154	NCK2	271	APQISYTGPSS		psite	997
ENSP00000301522	PRDX2	193	DDSKEYFSKHN		psite	700
ENSP00000358548	NRAS	32	HFVDEYDPTIE		psite	923
ENSP00000358548	NRAS	64	AGQEEYSAMRD		psite	923
ENSP00000162330	BCAR1	115	QPDSVYLVPTP	SRC	hprd;psite	906
ENSP00000162330	BCAR1	128	AQQGLYQVPGP	FGFR1;SRC	hprd;pelm;psite	906
ENSP00000162330	BCAR1	165	PATDLYQVPPG	PTK6;SRC	hprd;pelm;psite	906
ENSP00000162330	BCAR1	179	PAQDIYQVPPS	SRC	hprd;psite	906
ENSP00000162330	BCAR1	192	MGHDIYQVPPS	SRC	hprd;psite	906
ENSP00000162330	BCAR1	234	PEQDEYDIPRH	SRC	hprd;pelm;psite	906
ENSP00000162330	BCAR1	249	GPQDIYDVPPV	FGFR1	hprd;pelm;psite	906
ENSP00000162330	BCAR1	267	YGQEVYDTPPM	SRC	hprd;psite	906
ENSP00000162330	BCAR1	287	PLLEVYDVPPS	SRC	hprd;psite	906
ENSP00000162330	BCAR1	306	NHHAVYDVPPS	FGFR1	hprd;pelm;psite	906
ENSP00000162330	BCAR1	327	LREETYDVPPA	FGFR1	hprd;pelm;psite	906
ENSP00000162330	BCAR1	362	PAEDVYDVPPP	SRC	hprd;psite	906
ENSP00000162330	BCAR1	372	PAPDLYDVPPG		hprd;psite	906
ENSP00000162330	BCAR1	387	GPGTLYDVPRE	SRC	hprd;pelm;psite	906
ENSP00000162330	BCAR1	410	VDSGVYAVPPP	FGFR1;PTK2	hprd;pelm;psite	906
ENSP00000162330	BCAR1	664	GWMEDYDYVHL	PTK2;PTK6	hprd;pelm;psite	906
ENSP00000162330	BCAR1	666	MEDYDYVHLQG	PTK2	hprd;psite	906
ENSP00000220597	PAG1	227	AEFAEYASVDR		hprd;pelm;psite	899
ENSP00000220597	PAG1	387	EPEPDYEAIQT		psite	899
ENSP00000220597	PAG1	417	PKENDYESISD		hprd;pelm;psite	899
ENSP00000222968	PDAP1	17	GRARQYTSPEE		hprd;psite	621
ENSP00000222968	PDAP1	70	DEEDDYQQKRK		hprd;pelm;psite	621
ENSP00000257290	PDGFRA	572	PDGHEYIYVDP	PDGFRA	pelm;psite	994
ENSP00000257290	PDGFRA	574	GHEYIYVDPMQ	PDGFRA	pelm;psite	994
ENSP00000257290	PDGFRA	731	ENNGDYMDMKQ		hprd;pelm;psite	994
ENSP00000257290	PDGFRA	762	IQRSLYDRPAS	PDGFRA	hprd;pelm;psite	994
ENSP00000257290	PDGFRA	1018	SADSGYIIPLP	PDGFRA	hprd;pelm;psite	994
ENSP00000356155	PIK3C2B	34	ALQMEYDALSR		psite	619
ENSP00000356155	PIK3C2B	68	PGVDFYSKPAG		psite	619
ENSP00000356155	PIK3C2B	127	SLSGDYLYIFD		psite	619
ENSP00000356155	PIK3C2B	228	LGSVDYDGIND		psite	619
ENSP00000263967	PIK3CA	246	LCVLEYQGKYI		psite	971
ENSP00000263967	PIK3CA	1038	QEALEYFMKQM		psite	971
ENSP00000289153	PIK3CB	246	VSPYDYVLQVS		psite	854
ENSP00000289153	PIK3CB	503	NKKQPYYYPPF		psite	854
ENSP00000289153	PIK3CB	504	KKQPYYYPPFD		psite	854
ENSP00000366563	PIK3CD	440	GERCLYMWPSV		pelm;psite	854
ENSP00000274335	PIK3R1	76	GTYVEYIGRKK		psite	999
ENSP00000274335	PIK3R1	368	KMHGDYTLTLR	INSR	hprd;pelm;psite	999
ENSP00000274335	PIK3R1	452	KKLHEYNTQFQ		hprd;pelm;psite	999
ENSP00000274335	PIK3R1	463	EKSREYDRLYE		psite	999
ENSP00000274335	PIK3R1	470	RLYEEYTRTSQ		psite	999
ENSP00000274335	PIK3R1	508	RYSKEYIEKFK		psite	999
ENSP00000274335	PIK3R1	556	KQAAEYREIDK		hprd;pelm;psite	999
ENSP00000222254	PIK3R2	365	KIQGEYTLTLR		hprd;pelm;psite	999
ENSP00000222254	PIK3R2	460	DKSREYDQLYE		hprd;psite	999
ENSP00000222254	PIK3R2	467	QLYEEYTRTSQ		hprd;pelm;psite	999
ENSP00000262741	PIK3R3	184	KKLQEYHSQYQ		psite	921
ENSP00000262741	PIK3R3	195	EKSKEYDRLYE		psite	921
ENSP00000262741	PIK3R3	202	RLYEEYTRTSQ		psite	921
ENSP00000262741	PIK3R3	373	AEDLLYGKPDG		psite	921
ENSP00000244007	PLCG1	186	LSQVNYRVPNM		psite	999
ENSP00000244007	PLCG1	771	TAEPDYGALYE	EGFR;LYN;SYK	hprd;pelm;psite	999
ENSP00000244007	PLCG1	833	WWRGDYGGKKQ		psite	999
ENSP00000244007	PLCG1	959	SELVVYCRPVP		psite	999
ENSP00000244007	PLCG1	1254	SFESRYQQPFE	EGFR	hprd;pelm;psite	999
ENSP00000352336	PLCG2	759	DVSRMYVDPSE	BTK;FYN;LCK;LYN;SRC;SYK	hprd;pelm;psite	800
ENSP00000352336	PLCG2	780	KALYDYKAKRS		psite	800
ENSP00000352336	PLCG2	811	WWKGDYGTRIQ		psite	800
ENSP00000352336	PLCG2	936	SDLVVYCKPTS		psite	800
ENSP00000361021	PTEN	315	DNDKEYLVLTL	LCK	hprd;pelm;psite	970
ENSP00000361021	PTEN	336	DKANRYFSPNF	FRK	psite	970
ENSP00000248594	PTPN12	88	SQDSDYINANF		psite	890
ENSP00000360683	PTPN1	66	QEDNDYINASL	EGFR	hprd;pelm;psite	995
ENSP00000311857	PTPN2	32	NESHDYPHRVA		psite	621
ENSP00000400010	PTPRJ	1225	YLVRDYMKQSP		psite	986
ENSP00000348461	RAC1	64	AGQEDYDRLRP	PTK2;SRC	psite	912
ENSP00000251849	RAF1	232	SSQHRYSTPHA		psite	621
ENSP00000251849	RAF1	458	AQGMDYLHAKN		psite	621
ENSP00000274376	RASA1	164	LDGPEYEEEEV		psite	999
ENSP00000274376	RASA1	239	AMCGDYYIGGR		psite	999
ENSP00000366936	SHB	96	DFEDPYNGPGS		psite	659
ENSP00000366936	SHB	114	MCRLDYCGGSG		hprd;psite	659
ENSP00000366936	SHB	246	TIADDYSDPFD		hprd;pelm;psite	659
ENSP00000366936	SHB	268	GESAGYMEPYE		hprd;psite	659
ENSP00000366936	SHB	297	KGIQLYDTPYE		psite	659
ENSP00000366936	SHB	336	RPADEYDQPWE		hprd;psite	659
ENSP00000364995	SHC3	406	GSSDIYSTPEG		psite	804
ENSP00000329668	SHC4	374	REDHEYYNEIP		psite	800
ENSP00000298229	INPPL1	1135	LSEVDYAPAGP		hprd;pelm;psite	645
ENSP00000298229	INPPL1	1162	GLPSDYGRPLS		hprd;pelm;psite	645
ENSP00000391592	PTPN6	301	IPGSDYINANY		psite	546
ENSP00000391592	PTPN6	390	HDTTEYKLRTL		psite	546
ENSP00000391592	PTPN6	536	GQESEYGNITY	ABL1;INSR;LCK;SRC	hprd;pelm;psite	546
ENSP00000340944	PTPN11	62	QNTGDYYDLYG		hprd;pelm;psite	999
ENSP00000340944	PTPN11	304	EPVSDYINANI		pelm;psite	999
ENSP00000340944	PTPN11	542	RKGHEYTNIKY	ALK;FYN;PDGFRB	hprd;pelm;psite	999
ENSP00000368831	SNX2	203	YLHVGYIVPPA		psite	621
ENSP00000384675	SOS1	618	LTYHMYADPNF		psite	924
ENSP00000216373	SOS2	616	LTYHMYADPNF		psite	848
ENSP00000216373	SOS2	679	RFRKEYVQPVQ		psite	848
ENSP00000216373	SOS2	1320	SHPPLYRLPLL		psite	848
ENSP00000350941	SRC	419	IEDNEYTARQG	PDGFRA;PDGFRB;PRKACA;SRC	hprd;pelm;psite	994
ENSP00000350941	SRC	522	AFLEDYFTSTE		psite	994
ENSP00000354394	STAT1	170	DLQDEYDFKCK		psite	967
ENSP00000264657	STAT3	686	EAFGKYCRPES		hprd;psite	993
ENSP00000341208	STAT5A	668	LSYLIYVFPDR		psite	666
ENSP00000341208	STAT5A	682	EVFSKYYTPVL		psite	666
ENSP00000341208	STAT5A	694	KAVDGYVKPQI	BTK;JAK2;JAK3;LCK;LYN;SRC;SYK	hprd;pelm;psite	666
ENSP00000293328	STAT5B	392	NTRNDYSGEIL		psite	669
ENSP00000293328	STAT5B	668	LNYLIYVFPDR		hprd;psite	669
ENSP00000293328	STAT5B	682	EVYSKYYTPVP		psite	669
ENSP00000293328	STAT5B	699	KAVDGYVKPQI	EGFR;HCK;PTK6;SRC	hprd;pelm;psite	669
ENSP00000253934	TMEM204	221	GLDNDYVESPC		psite	429
ENSP00000406888	TCOF1	1169	SLLSGYMTPGL		psite	528
ENSP00000267622	TRIP11	452	KLNNEYEVIKS		psite	461
ENSP00000267622	TRIP11	1267	KLQVDYTGLIQ		psite	461
ENSP00000264818	TYK2	1054	PEGHEYYRVRE	JAK1;TYK2	hprd;pelm;psite	656
ENSP00000344818	UBC	59	RTLSDYNIQKE		psite	990
ENSP00000359073	VAV3	508	NIRPDYADSNF		psite	619
ENSP00000359073	VAV3	667	PKPVDYSCQPW		psite	619
ENSP00000359073	VAV3	706	KESGEYAISIK		psite	619
ENSP00000324740	YES1	146	YIPSNYVAPAD		psite	959
ENSP00000324740	YES1	426	IEDNEYTARQG	YES1	hprd;pelm;psite	959
ENSP00000264033	CBL	337	FREGFYLFPDG		pelm	988
ENSP00000354927	MAP3K3	319	VHHKDYSDGRR		hprd	432
ENSP00000267622	TRIP11	1479	GKETEYQALQE		hprd	461
