name	PDK1
id	ENSP00000282077
type	Serine/threonine kinase
proline+1_removed	Yes
npartners	31
npartners_with_sites	28
nsites	35
//
motif	score	fg_matches	fg_size	bg_matches	bg_size	fold_increase
..R..[ST].....	6.68	34	247	483	9383	2.67
//
prot_id	prot_name	position	flank	kinase	source	string_score
ENSP00000248975	YWHAH	59	GARRSSWRVIS		pelm;psite	619
ENSP00000270202	AKT1	72	RPRPNTFIIRC	AKT1	psite	868
ENSP00000270202	AKT1	246	RERVFSEDRAR	AKT1	psite	868
ENSP00000375892	AKT2	458	PDRYDSLGLLE		psite	863
ENSP00000302886	PA2G4	335	PMRITSGPFEP		hprd;psite	462
ENSP00000348578	G3BP1	250	DLRTFSWASVT		psite	768
ENSP00000348578	G3BP1	373	ELRINSGGKLP		hprd;pelm;psite	768
ENSP00000263734	EPAS1	12	KKRSSSERRKE		psite	619
ENSP00000354558	MTOR	1821	KLRHASGANIT		psite	629
ENSP00000354558	MTOR	2444	NKRSRTRTDSY		hprd;psite	629
ENSP00000354558	MTOR	2446	RSRTRTDSYSA	AKT1;RPS6KB1	hprd;pelm;psite	629
ENSP00000354558	MTOR	2448	RTRTDSYSAGQ	AKT1;RPS6KB1	hprd;pelm;psite	629
ENSP00000344220	PDPK1	241	QARANSFVGTA	PDK1;PDPK1	hprd;pelm;psite	913
ENSP00000344220	PDPK1	410	PQRSGSNIEQY	PDK1;PDPK1	hprd;pelm;psite	913
ENSP00000263967	PIK3CA	312	YSRRISTATPY		psite	899
ENSP00000263967	PIK3CA	313	SRRISTATPYM		psite	899
ENSP00000366563	PIK3CD	520	LERRGSGELYE		psite	899
ENSP00000352121	PIK3CG	582	HFRYESLKHPK		psite	899
ENSP00000352121	PIK3CG	1024	ALRHHTNLLII		psite	899
ENSP00000274335	PIK3R1	154	LYRTQSSSNLA		psite	901
ENSP00000274335	PIK3R1	265	NARVLSEIFSP		psite	901
ENSP00000343325	PKN1	69	NLRRATTDLGR		psite	619
ENSP00000343325	PKN1	70	LRRATTDLGRS	PKN1	hprd;psite	619
ENSP00000343325	PKN1	246	VLRLLSAAKAP		hprd;psite	619
ENSP00000343325	PKN1	380	YSRSGSLSGRS	PKN1	hprd;psite	619
ENSP00000343325	PKN1	780	GDRTSTFCGTP	PDK1;PDPK1;PKN1	hprd;pelm;psite	619
ENSP00000359552	PKN2	583	PPRASSLGEID		hprd;pelm;psite	849
ENSP00000359552	PKN2	816	GDRTSTFCGTP	PDK1;PDPK1	hprd;pelm;psite	849
ENSP00000307272	RPTOR	719	TPRLRSVSSYG	RPS6KA1	hprd;pelm;psite	619
ENSP00000307272	RPTOR	721	RLRSVSSYGNI	RPS6KA1	psite	619
ENSP00000307272	RPTOR	792	MRRASSYSSLN	PRKAA1	pelm;psite	619
ENSP00000307272	RPTOR	908	SGRPGTTGPAG	ICK	psite	619
ENSP00000344818	UBC	57	DGRTLSDYNIQ		hprd;psite	621
ENSP00000265560	USP4	445	RLRNDSVIVDT		psite	621
ENSP00000344220	PDPK1	33	MVRTQTESSTP	PDPK1	hprd	913
