name	PDK2
id	ENSP00000007708
type	Serine/threonine kinase
proline+1_removed	Yes
npartners	40
npartners_with_sites	35
nsites	56
//
motif	score	fg_matches	fg_size	bg_matches	bg_size	fold_increase
..R..[ST].....	12.29	56	367	483	9383	2.96
//
prot_id	prot_name	position	flank	kinase	source	string_score
ENSP00000270202	AKT1	72	RPRPNTFIIRC	AKT1	psite	966
ENSP00000270202	AKT1	246	RERVFSEDRAR	AKT1	psite	966
ENSP00000375892	AKT2	458	PDRYDSLGLLE		psite	543
ENSP00000405798	CDK16	18	IKRQLSMTLRG	PRKACA	hprd;pelm;psite	430
ENSP00000405798	CDK16	116	PPRKISTEDIN	PRKACA	hprd;pelm;psite	430
ENSP00000405798	CDK16	159	RLRRVSLSEIG	PRKACA	hprd;pelm;psite	430
ENSP00000405798	CDK16	486	SLRSSSMPDSG		hprd;pelm;psite	430
ENSP00000299421	ILK	181	RPRNGTLNKHS		psite	532
ENSP00000299421	ILK	246	RLRIFSHPNVL	PAK1	psite	532
ENSP00000303830	INSR	361	ELRGCTVINGS		psite	429
ENSP00000303830	INSR	1375	NGRILTLPRSN	PRKCA	hprd;pelm;psite	429
ENSP00000304895	IRS1	268	EFRPRSKSQSS	IKBKB	hprd;pelm;psite	467
ENSP00000304895	IRS1	270	RPRSKSQSSSN	ATR;IKBKB;RPS6KB1	hprd;pelm;psite	467
ENSP00000304895	IRS1	305	TRRSRTESITA		psite	467
ENSP00000304895	IRS1	307	RSRTESITATS	IKBKB;PRKCD;RPS6KB1	hprd;pelm;psite	467
ENSP00000304895	IRS1	330	RVRASSDGEGT	CSNK2B	hprd;psite	467
ENSP00000304895	IRS1	341	MSRPASVDGSP	IKBKB	hprd;pelm;psite	467
ENSP00000304895	IRS1	527	RKRTHSAGTSP	IKBKB;RPS6KB1	hprd;pelm;psite	467
ENSP00000304895	IRS1	603	HHRPDSSTLHT		psite	467
ENSP00000304895	IRS1	629	SGRKGSGDYMP	AKT1	hprd;pelm;psite	467
ENSP00000304895	IRS1	1100	CRRRHSSETFS		hprd;psite	467
ENSP00000304895	IRS1	1101	RRRHSSETFSS	PRKCQ;RPS6KA1;RPS6KB1	hprd;pelm;psite	467
ENSP00000304895	IRS1	1143	VKRHSSASFEN		hprd;psite	467
ENSP00000304895	IRS1	1223	STRRSSEDLSA		hprd;pelm;psite	467
ENSP00000368020	KIF3A	687	GRRKRSAKPET		hprd;pelm;psite	569
ENSP00000264712	KIF3C	754	LERPSTSKVRK		psite	657
ENSP00000354558	MTOR	1821	KLRHASGANIT		psite	542
ENSP00000354558	MTOR	2444	NKRSRTRTDSY		hprd;psite	542
ENSP00000354558	MTOR	2446	RSRTRTDSYSA	AKT1;RPS6KB1	hprd;pelm;psite	542
ENSP00000354558	MTOR	2448	RTRTDSYSAGQ	AKT1;RPS6KB1	hprd;pelm;psite	542
ENSP00000282077	PDK1	346	RPRVETSRAVP		psite	634
ENSP00000344220	PDPK1	241	QARANSFVGTA	PDK1;PDPK1	hprd;pelm;psite	671
ENSP00000344220	PDPK1	410	PQRSGSNIEQY	PDK1;PDPK1	hprd;pelm;psite	671
ENSP00000309548	PDP2	43	KWRLFSRVPPT		psite	463
ENSP00000263967	PIK3CA	312	YSRRISTATPY		psite	461
ENSP00000263967	PIK3CA	313	SRRISTATPYM		psite	461
ENSP00000366563	PIK3CD	520	LERRGSGELYE		psite	427
ENSP00000352121	PIK3CG	582	HFRYESLKHPK		psite	428
ENSP00000352121	PIK3CG	1024	ALRHHTNLLII		psite	428
ENSP00000343325	PKN1	69	NLRRATTDLGR		psite	430
ENSP00000343325	PKN1	70	LRRATTDLGRS	PKN1	hprd;psite	430
ENSP00000343325	PKN1	246	VLRLLSAAKAP		hprd;psite	430
ENSP00000343325	PKN1	380	YSRSGSLSGRS	PKN1	hprd;psite	430
ENSP00000343325	PKN1	780	GDRTSTFCGTP	PDK1;PDPK1;PKN1	hprd;pelm;psite	430
ENSP00000234313	PLEK	114	FARKSTRRSIR		hprd;pelm;psite	611
ENSP00000262304	PKD1	2321	GPRGSSTVTIP		hprd;psite	427
ENSP00000262304	PKD1	4252	QGRRSSRAPAG	PRKACA	psite	427
ENSP00000349959	RICTOR	21	RGRNDSGEENV		hprd;pelm;psite	543
ENSP00000349959	RICTOR	35	LTREPSDNLRE		psite	543
ENSP00000349959	RICTOR	383	PHRARSRPDLM		psite	543
ENSP00000349959	RICTOR	1035	SSRHNSESESV		psite	543
ENSP00000349959	RICTOR	1133	NRRIRTLTEPS		psite	543
ENSP00000349959	RICTOR	1135	RIRTLTEPSVD	AKT1;RPS6KB1;RPS6KB2;SGK1	psite	543
ENSP00000349959	RICTOR	1219	KIRSQSFNTDT		hprd;psite	543
ENSP00000349959	RICTOR	1302	PRRAQSLKAPS		psite	543
ENSP00000344220	PDPK1	33	MVRTQTESSTP	PDPK1	hprd	671
