name	PDK3
id	ENSP00000387536
type	Serine/threonine kinase
proline+1_removed	Yes
npartners	126
npartners_with_sites	103
nsites	289
//
motif	score	fg_matches	fg_size	bg_matches	bg_size	fold_increase
.....[ST]..D.Y	19.59	10	727	6	8900	20.4
.....[ST]E.E..	17.28	24	717	45	8894	6.62
..R..[ST].....	15.65	104	831	483	9383	2.43
.....[ST]..D..	10.29	75	693	419	8849	2.29
.....[ST]..E..	7.75	73	512	540	7561	2
//
prot_id	prot_name	position	flank	kinase	source	string_score
ENSP00000253577	ABCB7	262	GTRGISFVLSA		hprd;psite	607
ENSP00000339787	ACSL4	63	PYRSVTHFDSL		psite	468
ENSP00000339787	ACSL4	508	QEGGYTINDKP		psite	468
ENSP00000345728	ATP7A	272	QQRSPSYTNDS		psite	486
ENSP00000345728	ATP7A	349	RVSITSEVEST		psite	486
ENSP00000345728	ATP7A	1480	NSVVTSEPDKH		psite	486
ENSP00000362441	ATRX	25	DFLAHSSEESE		psite	539
ENSP00000362441	ATRX	52	ISGSGSNSDMM		psite	539
ENSP00000362441	ATRX	84	SKRKPSIVTKY		hprd;pelm;psite	539
ENSP00000362441	ATRX	92	TKYVESDDEKP		hprd;pelm;psite	539
ENSP00000362441	ATRX	112	ASNENSENDIT		hprd;psite	539
ENSP00000362441	ATRX	191	IYRHPSLQVLI		psite	539
ENSP00000362441	ATRX	566	VKLNISSKDNR		hprd;psite	539
ENSP00000362441	ATRX	634	LGQENSDNEHL		hprd;pelm;psite	539
ENSP00000362441	ATRX	661	SPRVKTTPLRR		psite	539
ENSP00000362441	ATRX	668	PLRRPTETNPV		psite	539
ENSP00000362441	ATRX	675	TNPVTSNSDEE		hprd;pelm;psite	539
ENSP00000362441	ATRX	677	PVTSNSDEECN		hprd;pelm;psite	539
ENSP00000362441	ATRX	684	EECNETVKEKQ		hprd;psite	539
ENSP00000362441	ATRX	704	DKRNSSDSAID		psite	539
ENSP00000362441	ATRX	706	RNSSDSAIDNP		hprd;psite	539
ENSP00000362441	ATRX	729	TVDQNSDSDEM		hprd;pelm;psite	539
ENSP00000362441	ATRX	750	SHSSSSDTDIN		psite	539
ENSP00000362441	ATRX	784	RKRKSSTSGSD		psite	539
ENSP00000362441	ATRX	786	RKSSTSGSDFD		psite	539
ENSP00000362441	ATRX	788	SSTSGSDFDTK		psite	539
ENSP00000362441	ATRX	815	TQSESSNYDSE		psite	539
ENSP00000362441	ATRX	819	SSNYDSELEKE		psite	539
ENSP00000362441	ATRX	849	TKDFDSSEDEK		hprd;pelm;psite	539
ENSP00000362441	ATRX	850	KDFDSSEDEKH		hprd;pelm;psite	539
ENSP00000362441	ATRX	875	TSQEGSSDDAE		hprd;pelm;psite	539
ENSP00000362441	ATRX	889	ERETFSSAEGT		hprd;pelm;psite	539
ENSP00000362441	ATRX	925	GVDKLSGKEQS		psite	539
ENSP00000362441	ATRX	1011	EQQYESSSDGT		hprd;psite	539
ENSP00000362441	ATRX	1076	GDSCDSSEDKK		psite	539
ENSP00000362441	ATRX	1141	ERRNLSSKRNT		hprd;psite	539
ENSP00000362441	ATRX	1285	IKANLSSDEDG		psite	539
ENSP00000362441	ATRX	1286	KANLSSDEDGS		psite	539
ENSP00000362441	ATRX	1291	SDEDGSSDDEP		psite	539
ENSP00000362441	ATRX	1292	DEDGSSDDEPE		psite	539
ENSP00000362441	ATRX	1322	KNQVNSESDSD		hprd;psite	539
ENSP00000362441	ATRX	1324	QVNSESDSDSE		hprd;psite	539
ENSP00000362441	ATRX	1326	NSESDSDSEES		hprd;psite	539
ENSP00000362441	ATRX	1346	LRHKLTVSDGE		hprd;psite	539
ENSP00000362441	ATRX	1348	HKLTVSDGESG		hprd;pelm;psite	539
ENSP00000362441	ATRX	1352	VSDGESGEEKK		hprd;pelm;psite	539
ENSP00000362441	ATRX	1434	KVQEDSSSENK		psite	539
ENSP00000362441	ATRX	1442	ENKSNSEEEEE		hprd;psite	539
ENSP00000362441	ATRX	1493	KLRTETQNALK		psite	539
ENSP00000362441	ATRX	1772	ENLLGSIKEFR		hprd;psite	539
ENSP00000362441	ATRX	1906	YFDEDSMDEFI		psite	539
ENSP00000362441	ATRX	1913	DEFIASDSDET		hprd;pelm;psite	539
ENSP00000362441	ATRX	2379	LSRQASQELDV		psite	539
ENSP00000218147	BCORL1	1033	SSRRGSSTERP		hprd;psite	458
ENSP00000218147	BCORL1	1034	SRRGSSTERPQ		hprd;psite	458
ENSP00000218147	BCORL1	1042	RPQLGSQVDLG		psite	458
ENSP00000362372	BRWD3	678	VNRAYSVNGAL		psite	500
ENSP00000362372	BRWD3	702	RLRRHSSQIEG		psite	500
ENSP00000362372	BRWD3	703	LRRHSSQIEGV		hprd;pelm;psite	500
ENSP00000362372	BRWD3	1265	EERNSTDAEED		psite	500
ENSP00000362372	BRWD3	1577	KRKLLSASEED		hprd;psite	500
ENSP00000362372	BRWD3	1579	KLLSASEEDEN		psite	500
ENSP00000369325	CDKL5	343	HHRSNSKDIQN		psite	409
ENSP00000369325	CDKL5	446	QQNRHSFMESS		psite	409
ENSP00000369325	CDKL5	520	RYFPSSCLDLN		psite	409
ENSP00000369325	CDKL5	726	PRPDNSFHENN		hprd;psite	409
ENSP00000380921	SH3KBP1	165	DELGISQDEQL		psite	452
ENSP00000380921	SH3KBP1	179	SLRETTGSESD		psite	452
ENSP00000380921	SH3KBP1	181	RETTGSESDGG		psite	452
ENSP00000380921	SH3KBP1	230	KLRPRSIEVEN		hprd;pelm;psite	452
ENSP00000380921	SH3KBP1	502	TSSSLSSPDIF		psite	452
ENSP00000368824	CNKSR2	908	EKLGDSLQDLY		hprd;psite	435
ENSP00000352222	CTPS2	562	QGCKLSSSDRY		psite	463
ENSP00000352222	CTPS2	574	DASDDSFSEPR		hprd;pelm;psite	463
ENSP00000362456	PBDC1	181	EKRADSGEEEN		hprd;psite	508
ENSP00000362456	PBDC1	197	EKGADSGEEKE		hprd;pelm;psite	508
ENSP00000280346	DLAT	475	GRSKISVNDFI		psite	998
ENSP00000247161	ELK1	303	GGHAASSPEIS		psite	436
ENSP00000358547	MPP1	110	IHRQGSLHVGD		hprd;psite	458
ENSP00000358547	MPP1	324	RPPRKSEEDGK		psite	458
ENSP00000358547	MPP1	335	EYHFISTEEMT		psite	458
ENSP00000358547	MPP1	407	PTDQGTQTEAL		psite	458
ENSP00000358857	EMD	8	NYADLSDTELT		hprd;pelm;psite	466
ENSP00000358857	EMD	60	AASSYSFSDLN		hprd;pelm;psite	466
ENSP00000358857	EMD	67	SDLNSTRGDAD		hprd;pelm;psite	466
ENSP00000358857	EMD	104	YFTTRTYGEPE		psite	466
ENSP00000358857	EMD	141	DDDLLSSSEEE		hprd;psite	466
ENSP00000358857	EMD	142	DDLLSSSEEEC		hprd;psite	466
ENSP00000358857	EMD	143	DLLSSSEEECK		hprd;psite	466
ENSP00000358857	EMD	171	HYRPVSASRSS		hprd;pelm;psite	466
ENSP00000358857	EMD	175	VSASRSSLDLS		hprd;pelm;psite	466
ENSP00000364324	FAM120C	31	LARTVSRQQQQ		psite	550
ENSP00000364324	FAM120C	1031	QGRSRSQVNGN		psite	550
ENSP00000377225	FAM50A	118	AKRKISSLSFT		psite	402
ENSP00000377225	FAM50A	123	SSLSFTLEEEE		psite	402
ENSP00000377225	FAM50A	276	KARGKSGPLFN		psite	402
ENSP00000363377	FOXO4	30	QSRPRSCTWPL		psite	646
ENSP00000363377	FOXO4	32	RPRSCTWPLPR	AKT1;AKT2	hprd;pelm;psite	646
ENSP00000363377	FOXO4	197	RRRAASMDSSS	AKT1	hprd;pelm;psite	646
ENSP00000363377	FOXO4	262	RPRSSSNASSV	AKT1	hprd;pelm;psite	646
ENSP00000326948	FTSJ1	302	ISRVDTFPQPL		hprd;psite	567
ENSP00000358510	FUNDC2	10	APRAGSQVVAT		psite	532
ENSP00000358510	FUNDC2	31	DPLRVSSRDKL		psite	532
ENSP00000168216	HSD17B10	45	LDLPNSGGEAQ		psite	477
ENSP00000362674	HDAC8	43	ASMVHSLIEAY		psite	626
ENSP00000359393	HMGB3	98	PKRPPSGFFLF		psite	506
ENSP00000358997	IRAK1	556	TGRAHSGAAPW		psite	452
ENSP00000314153	ZBTB33	186	KKIIVTDSDDD		psite	413
ENSP00000314153	ZBTB33	188	IIVTDSDDDDD		psite	413
ENSP00000408411	LAMP2	269	SCRSHTALLRL		hprd;psite	514
ENSP00000363193	MED12	1269	GGRNISVETAS		hprd;psite	510
ENSP00000369860	MOSPD2	454	KPNTLTLKDNA		psite	540
ENSP00000312244	MSL3	147	EISEESDIEEK		psite	597
ENSP00000359417	MTMR1	43	GSRQPSVETLD		psite	639
ENSP00000369400	NHS	243	RREHRSRSDRR		pelm;psite	434
ENSP00000369400	NHS	380	LRRRKTISGIP	CHEK1	hprd;pelm;psite	434
ENSP00000369400	NHS	483	SSRTRSRSLPR		hprd;pelm;psite	434
ENSP00000369400	NHS	485	RTRSRSLPREG		hprd;pelm;psite	434
ENSP00000369400	NHS	680	GHRANSFTSTV		psite	434
ENSP00000369400	NHS	878	FANTPSRMENA		hprd;pelm;psite	434
ENSP00000369400	NHS	1097	HNKQNTVGETL		psite	434
ENSP00000369400	NHS	1173	VSRQYSTEDTI		psite	434
ENSP00000369400	NHS	1505	LLKKGSRSDSS		psite	434
ENSP00000360464	NKAP	15	PDREASGSGGR		psite	627
ENSP00000360464	NKAP	80	RSRSRSRERPS		psite	627
ENSP00000360464	NKAP	178	TSASTSEEEKK		psite	627
ENSP00000360464	NKAP	213	KYSEDSDSDSD		psite	627
ENSP00000360464	NKAP	261	KSRKESSDSSS		hprd;pelm;psite	627
ENSP00000360464	NKAP	265	ESSDSSSKESQ		hprd;pelm;psite	627
ENSP00000360464	NKAP	269	SSSKESQEEFL		hprd;pelm;psite	627
ENSP00000360464	NKAP	375	ENQIYSADEKR		psite	627
ENSP00000304803	NKRF	35	QKRHLSTCDGQ		psite	529
ENSP00000304803	NKRF	67	FVASSSKDERQ		psite	529
ENSP00000304803	NKRF	618	YARSESHTDLT		psite	529
ENSP00000156084	OTUD5	177	GAGYNSEDEYE		hprd;pelm;psite	548
ENSP00000156084	OTUD5	431	QPRKASATCSS		psite	548
ENSP00000156084	OTUD5	457	SPRQRSSASSP		psite	548
ENSP00000156084	OTUD5	460	QRSSASSPEHP		psite	548
ENSP00000368439	PCYT1B	362	SISSMSEGDED		psite	476
ENSP00000287295	AIFM1	116	KKAALSASEGE		psite	520
ENSP00000287295	AIFM1	118	AALSASEGEEV		psite	520
ENSP00000287295	AIFM1	268	TPRSLSAIDRA		hprd;pelm;psite	520
ENSP00000287295	AIFM1	519	QDNPKSATEQS		psite	520
ENSP00000394382	PDHA1	231	RYGMGTSVERA		hprd;pelm;psite	993
ENSP00000394382	PDHA1	293	RYHGHSMSDPG	PDK1;PDK2;PDK3;PDK4;PDPK1	hprd;pelm;psite	993
ENSP00000394382	PDHA1	303	GVSYRTREEIQ		psite	993
ENSP00000309548	PDP2	43	KWRLFSRVPPT		psite	632
ENSP00000362413	PGK1	256	MEIGTSLFDEE		psite	722
ENSP00000218343	PHF16	715	EHFSRSFKETT		psite	441
ENSP00000218343	PHF16	774	PDLELSDSEAE		hprd;pelm;psite	441
ENSP00000218343	PHF16	776	LELSDSEAESD		hprd;pelm;psite	441
ENSP00000218343	PHF16	793	RVRKDSSDREN		psite	441
ENSP00000329097	PHF6	138	KTAHNSEADLE		hprd;pelm;psite	496
ENSP00000329097	PHF6	145	ADLEESFNEHE		hprd;pelm;psite	496
ENSP00000329097	PHF6	183	DTRSTSSHGTD		hprd;pelm;psite	496
ENSP00000329097	PHF6	194	EMESSSYRDRS		psite	496
ENSP00000338868	PHF8	615	EFDLDSDDELQ		psite	593
ENSP00000338868	PHF8	669	IEEDYTTDEDM		hprd;pelm;psite	593
ENSP00000338868	PHF8	670	EEDYTTDEDMV		hprd;pelm;psite	593
ENSP00000338868	PHF8	790	YWRTESEEEEE		hprd;psite	593
ENSP00000338868	PHF8	798	EEENASLDEQD		psite	593
ENSP00000338868	PHF8	821	YPSLESDDDDP		hprd;pelm;psite	593
ENSP00000338868	PHF8	868	GTRVASIETGL	CHEK1	psite	593
ENSP00000338868	PHF8	985	TQRRPSVGSQS		psite	593
ENSP00000362643	PHKA1	431	LNRRFSTVPKP		psite	496
ENSP00000362643	PHKA1	432	NRRFSTVPKPD		psite	496
ENSP00000362643	PHKA1	758	LPRDQSGEVDF		psite	496
ENSP00000362643	PHKA1	985	VSPAISIHEIG	PHKA1	hprd;pelm;psite	496
ENSP00000362643	PHKA1	1018	EFRRLSISAES	PHKA1	hprd;pelm;psite	496
ENSP00000369274	PHKA2	695	FSAIHSTRDIL		psite	581
ENSP00000369274	PHKA2	1015	MTRRFSADEQF		hprd;pelm;psite	581
ENSP00000381504	PRPS2	183	AKRVTSIADRL		psite	581
ENSP00000340274	RAP2C	66	TEQFASMRDLY		hprd;psite	414
ENSP00000359645	RBMX	116	GGRGGSGGTRG		psite	565
ENSP00000359645	RBMX	175	PVRSSSGMGGR		hprd;psite	565
ENSP00000359645	RBMX	215	RDDGYSTKDSY		hprd;pelm;psite	565
ENSP00000359645	RBMX	221	TKDSYSSRDYP		psite	565
ENSP00000359645	RBMX	242	PPRDYTYRDYG		psite	565
ENSP00000359645	RBMX	250	DYGHSSSRDDY		psite	565
ENSP00000359645	RBMX	251	YGHSSSRDDYP		hprd;pelm;psite	565
ENSP00000359645	RBMX	261	PSRGYSDRDGY		hprd;psite	565
ENSP00000359645	RBMX	273	RDRDYSDHPSG		psite	565
ENSP00000359645	RBMX	280	HPSGGSYRDSY		hprd;pelm;psite	565
ENSP00000359645	RBMX	308	SYGGSSRYDDY		psite	565
ENSP00000359645	RBMX	315	YDDYSSSRDGY		hprd;psite	565
ENSP00000359645	RBMX	330	DSYSSSRSDLY		hprd;pelm;psite	565
ENSP00000359645	RBMX	337	SDLYSSGRDRV		hprd;pelm;psite	565
ENSP00000339090	RBMX2	144	RTPSPSLSESS		psite	558
ENSP00000339090	RBMX2	148	PSLSESSEDEK		psite	558
ENSP00000339090	RBMX2	149	SLSESSEDEKP		psite	558
ENSP00000339090	RBMX2	272	RDRGRSSDAHS		psite	558
ENSP00000339090	RBMX2	314	RERESSNPSDR		hprd;psite	558
ENSP00000349824	REPS2	461	RPRSRSYSSTS		psite	562
ENSP00000349824	REPS2	463	RSRSYSSTSIE	CDK1	psite	562
ENSP00000349824	REPS2	493	HSRASSLDLNK		psite	562
ENSP00000349824	REPS2	544	LSRAPSQAAES		psite	562
ENSP00000349824	REPS2	631	LARLNSELQQQ		psite	562
ENSP00000253571	RLIM	276	LRQQISGPELL		psite	571
ENSP00000253571	RLIM	347	RTRSRSQTPNN		psite	571
ENSP00000368884	RPS6KA3	386	LFRGFSFVAIT		hprd;pelm;psite	565
ENSP00000368884	RPS6KA3	392	FVAITSDDESQ		psite	565
ENSP00000368884	RPS6KA3	478	HPNIITLKDVY		psite	565
ENSP00000251900	SCML2	300	PKRSSSVKNIT		hprd;pelm;psite	458
ENSP00000251900	SCML2	496	TERQSTKRSPQ		psite	458
ENSP00000251900	SCML2	522	TKEYASEGEPL		psite	458
ENSP00000330320	SLC9A7	693	SRRTKSSSEEV		psite	599
ENSP00000385746	SMS	236	KYMRKTCGDVL		psite	412
ENSP00000363392	SNX12	14	TRRLNSKPQDL		psite	567
ENSP00000363392	SNX12	73	VRRRYSDFEWL		hprd;pelm;psite	567
ENSP00000218089	STAG2	1091	EGMQLSLTEES		pelm;psite	469
ENSP00000218089	STAG2	1109	LSREQTLHTPV		psite	469
ENSP00000276072	TAF1	1381	KRRVGTTVHCD		psite	480
ENSP00000276072	TAF1	1693	DESNMSVLDIP		psite	480
ENSP00000276072	TAF1	1823	NISYGSYEEPD		psite	480
ENSP00000276072	TAF1	1847	GGYEVSEEEED		psite	480
ENSP00000218364	HTATSF1	30	GKDGDTQTDAG		psite	484
ENSP00000218364	HTATSF1	387	LRRSDSVSASE		hprd;pelm;psite	484
ENSP00000218364	HTATSF1	403	RARHFSEHPST		hprd;psite	484
ENSP00000218364	HTATSF1	452	NNAKESSPEKE		hprd;pelm;psite	484
ENSP00000218364	HTATSF1	481	FEGSCSQKESE		hprd;pelm;psite	484
ENSP00000218364	HTATSF1	494	NPVRGSEEDSP		hprd;pelm;psite	484
ENSP00000218364	HTATSF1	521	GLAKESEDDLN		hprd;psite	484
ENSP00000218364	HTATSF1	529	DLNKESEEEVG		hprd;psite	484
ENSP00000218364	HTATSF1	561	QSEDGSEREFE		hprd;psite	484
ENSP00000218364	HTATSF1	579	LDEEGSEKELH		hprd;pelm;psite	484
ENSP00000218364	HTATSF1	600	NDSENSEFEDD		hprd;pelm;psite	484
ENSP00000218364	HTATSF1	616	LDEEGSEREFD		hprd;pelm;psite	484
ENSP00000218364	HTATSF1	747	SSFILSSDDDD		hprd;psite	484
ENSP00000218364	HTATSF1	748	SFILSSDDDDD		hprd;psite	484
ENSP00000314129	TFE3	548	PLRAASDPLLS		hprd;psite	456
ENSP00000314129	TFE3	568	SSRRSSFSMEE		hprd;psite	456
ENSP00000361138	TMEM164	64	HILRQTKEDGR		hprd;psite	495
ENSP00000361138	TMEM164	74	RGSPGSQPEQV		hprd;psite	495
ENSP00000306220	MMGT1	110	DTANSSNQDAL		hprd;pelm;psite	484
ENSP00000362026	TRMT2B	235	TVRTNSQGHTM		psite	550
ENSP00000362026	TRMT2B	251	HPQKLSQEELH		psite	550
ENSP00000364591	TSPYL2	16	KTRRLSSSESP		hprd;pelm;psite	447
ENSP00000364591	TSPYL2	17	TRRLSSSESPQ		hprd;pelm;psite	447
ENSP00000377944	UTP14A	14	SLLALSQQEEL		hprd;psite	428
ENSP00000377944	UTP14A	29	KDYLLSESEDE		hprd;pelm;psite	428
ENSP00000377944	UTP14A	31	YLLSESEDEGD		hprd;pelm;psite	428
ENSP00000377944	UTP14A	389	TKEAATQEDPE		hprd;psite	428
ENSP00000377944	UTP14A	405	EAHGVSESEGE		hprd;pelm;psite	428
ENSP00000377944	UTP14A	407	HGVSESEGEER		hprd;pelm;psite	428
ENSP00000377944	UTP14A	434	SLRKRSELSQD		hprd;pelm;psite	428
ENSP00000377944	UTP14A	510	PERVQTLEELE		psite	428
ENSP00000346667	WNK3	509	EERRDSQCKSM		psite	462
ENSP00000346667	WNK3	734	KQRRASCPRPE		psite	462
ENSP00000322845	ZMYM3	263	ESIPVSDEDSD		hprd;pelm;psite	526
ENSP00000315173	ZNF41	434	HQRIHTGEKPY		psite	561
ENSP00000315173	ZNF41	462	HQRIHTGEKPY		psite	561
ENSP00000315173	ZNF41	490	HQRIHTGEKPY		psite	561
ENSP00000315173	ZNF41	602	HQRIHTGEKPY		psite	561
ENSP00000315173	ZNF41	630	HHRIHTGEKPY		psite	561
ENSP00000345797	KRBOX4	9	SQESLTFKDVF		psite	465
ENSP00000362441	ATRX	870	HKNLKTSQEGS		hprd;pelm	539
ENSP00000218343	PHF16	548	LKMPKSTPEDH		hprd;pelm	441
ENSP00000369860	MOSPD2	444	RLRCHTVESSK		hprd;pelm	540
ENSP00000369400	NHS	684	NSFTSTVADLL		hprd;pelm	434
ENSP00000362441	ATRX	1440	SSENKSNSEEE		hprd	539
ENSP00000362441	ATRX	977	DQSDETSEDDK		hprd	539
ENSP00000362441	ATRX	978	QSDETSEDDKK		hprd	539
ENSP00000362441	ATRX	1244	TGFCQSSGDEA		hprd	539
ENSP00000362441	ATRX	1245	GFCQSSGDEAL		hprd	539
ENSP00000363193	MED12	1778	GAAPPSTEERK		hprd	510
ENSP00000369325	CDKL5	681	HTRQKSEGGVY		hprd	409
ENSP00000359729	SLC9A6	656	RFMGNSSEDAL		hprd	527
ENSP00000218364	HTATSF1	539	GPTKESEEDDS		hprd	484
ENSP00000218364	HTATSF1	544	SEEDDSEKESD		hprd	484
ENSP00000346667	WNK3	1471	GKQPSSDSEFS		hprd	462
ENSP00000358857	EMD	123	RQSVTSFPDAD		hprd	466
ENSP00000369400	NHS	310	IHNIPSTLDKQ		hprd	434
ENSP00000358547	MPP1	230	EWRVASMAQSA		hprd	458
ENSP00000368349	POLA1	212	IASPVSRKEPP		hprd	639
ENSP00000314129	TFE3	257	TIGSSSEKEID		hprd	456
ENSP00000301585	ICT1	169	TPKEPTKEDVK		hprd	417
ENSP00000218089	STAG2	1197	AIRRGTSLMED		hprd	469
ENSP00000218089	STAG2	23	ETHFSSDTDFE		hprd	469
ENSP00000218089	STAG2	25	HFSSDTDFEDI		hprd	469
ENSP00000218089	STAG2	1198	IRRGTSLMEDD		hprd	469
ENSP00000218147	BCORL1	1314	RQMWDTNEEEE		hprd	458
ENSP00000362372	BRWD3	1454	RKRLRSSSSSL		hprd	500
ENSP00000369860	MOSPD2	266	SEDETSSKEDI		hprd	540
ENSP00000369860	MOSPD2	267	EDETSSKEDIE		hprd	540
ENSP00000369860	MOSPD2	261	NGPITSEDETS		hprd	540
ENSP00000369860	MOSPD2	283	TLETISNEEQT		hprd	540
ENSP00000218343	PHF16	612	ASLSHSRSEAK		hprd	441
ENSP00000340274	RAP2C	27	QFVTGTFIEKY		hprd	414
ENSP00000377944	UTP14A	51	LLEAISSLDGK		hprd	428
