name	PDPK1
id	ENSP00000344220
type	Serine/threonine kinase
proline+1_removed	Yes
npartners	63
npartners_with_sites	56
nsites	99
//
motif	score	fg_matches	fg_size	bg_matches	bg_size	fold_increase
..R..[ST].....	15.48	96	744	483	9383	2.51
//
prot_id	prot_name	position	flank	kinase	source	string_score
ENSP00000248975	YWHAH	59	GARRSSWRVIS		pelm;psite	621
ENSP00000270202	AKT1	72	RPRPNTFIIRC	AKT1	psite	998
ENSP00000270202	AKT1	246	RERVFSEDRAR	AKT1	psite	998
ENSP00000375892	AKT2	458	PDRYDSLGLLE		psite	938
ENSP00000251973	CARD10	638	VRRVLSGPGSA		psite	619
ENSP00000380150	CARD11	116	PTRRFSTIVVE	CAMK2A	psite	729
ENSP00000380150	CARD11	117	TRRFSTIVVEE		psite	729
ENSP00000380150	CARD11	558	PPRSRSSIMSI	MAP4K1	psite	729
ENSP00000380150	CARD11	644	MFRKFSLERPF		psite	729
ENSP00000302886	PA2G4	335	PMRITSGPFEP		hprd;psite	760
ENSP00000348578	G3BP1	250	DLRTFSWASVT		psite	768
ENSP00000348578	G3BP1	373	ELRINSGGKLP		hprd;pelm;psite	768
ENSP00000335153	HSP90AA1	185	KIRYESLTDPS		psite	653
ENSP00000335153	HSP90AA1	212	QDRTLTIVDTG	PRKACA	hprd;psite	653
ENSP00000335153	HSP90AA1	745	ALRDNSTMGYM		psite	653
ENSP00000299421	ILK	181	RPRNGTLNKHS		psite	745
ENSP00000299421	ILK	246	RLRIFSHPNVL	PAK1	psite	745
ENSP00000303830	INSR	361	ELRGCTVINGS		psite	540
ENSP00000303830	INSR	1375	NGRILTLPRSN	PRKCA	hprd;pelm;psite	540
ENSP00000304895	IRS1	268	EFRPRSKSQSS	IKBKB	hprd;pelm;psite	803
ENSP00000304895	IRS1	270	RPRSKSQSSSN	ATR;IKBKB;RPS6KB1	hprd;pelm;psite	803
ENSP00000304895	IRS1	305	TRRSRTESITA		psite	803
ENSP00000304895	IRS1	307	RSRTESITATS	IKBKB;PRKCD;RPS6KB1	hprd;pelm;psite	803
ENSP00000304895	IRS1	330	RVRASSDGEGT	CSNK2B	hprd;psite	803
ENSP00000304895	IRS1	341	MSRPASVDGSP	IKBKB	hprd;pelm;psite	803
ENSP00000304895	IRS1	527	RKRTHSAGTSP	IKBKB;RPS6KB1	hprd;pelm;psite	803
ENSP00000304895	IRS1	603	HHRPDSSTLHT		psite	803
ENSP00000304895	IRS1	629	SGRKGSGDYMP	AKT1	hprd;pelm;psite	803
ENSP00000304895	IRS1	1100	CRRRHSSETFS		hprd;psite	803
ENSP00000304895	IRS1	1101	RRRHSSETFSS	PRKCQ;RPS6KA1;RPS6KB1	hprd;pelm;psite	803
ENSP00000304895	IRS1	1143	VKRHSSASFEN		hprd;psite	803
ENSP00000304895	IRS1	1223	STRRSSEDLSA		hprd;pelm;psite	803
ENSP00000365016	IRS2	304	EFRPRSKSQSS		pelm;psite	419
ENSP00000365016	IRS2	306	RPRSKSQSSGS		hprd;pelm;psite	419
ENSP00000365016	IRS2	344	VRRSRTDSLAA		psite	419
ENSP00000365016	IRS2	346	RSRTDSLAATP		hprd;pelm;psite	419
ENSP00000365016	IRS2	363	SCRVRTASEGD		hprd;pelm;psite	419
ENSP00000365016	IRS2	365	RVRTASEGDGG		hprd;pelm;psite	419
ENSP00000365016	IRS2	384	GARPVSVAGSP		hprd;pelm;psite	419
ENSP00000365016	IRS2	404	LSRSHTLSGGC		psite	419
ENSP00000365016	IRS2	550	MDRPLSHCGRS		hprd;pelm;psite	419
ENSP00000365016	IRS2	560	SYRRVSGDAAQ		hprd;pelm;psite	419
ENSP00000365016	IRS2	575	GLRKRTYSLTT		psite	419
ENSP00000365016	IRS2	577	RKRTYSLTTPA		hprd;pelm;psite	419
ENSP00000365016	IRS2	1148	GRRRHSSETFS		hprd;pelm;psite	419
ENSP00000365016	IRS2	1149	RRRHSSETFSS		hprd;pelm;psite	419
ENSP00000365016	IRS2	1174	PKRHNSASVEN		hprd;pelm;psite	419
ENSP00000365016	IRS2	1186	SLRKSSEGGVG		hprd;psite	419
ENSP00000354558	MTOR	1821	KLRHASGANIT		psite	823
ENSP00000354558	MTOR	2444	NKRSRTRTDSY		hprd;psite	823
ENSP00000354558	MTOR	2446	RSRTRTDSYSA	AKT1;RPS6KB1	hprd;pelm;psite	823
ENSP00000354558	MTOR	2448	RTRTDSYSAGQ	AKT1;RPS6KB1	hprd;pelm;psite	823
ENSP00000308413	RPS6KB2	416	PRRLNSSPRAP		psite	931
ENSP00000278568	PAK1	21	PMRNTSTMIGA	PAK1;PRKG1	hprd;psite	638
ENSP00000282077	PDK1	346	RPRVETSRAVP		psite	913
ENSP00000263967	PIK3CA	312	YSRRISTATPY		psite	921
ENSP00000263967	PIK3CA	313	SRRISTATPYM		psite	921
ENSP00000366563	PIK3CD	520	LERRGSGELYE		psite	920
ENSP00000352121	PIK3CG	582	HFRYESLKHPK		psite	907
ENSP00000352121	PIK3CG	1024	ALRHHTNLLII		psite	907
ENSP00000274335	PIK3R1	154	LYRTQSSSNLA		psite	844
ENSP00000274335	PIK3R1	265	NARVLSEIFSP		psite	844
ENSP00000309591	PRKACA	49	FERIKTLGTGS		hprd;psite	640
ENSP00000309591	PRKACA	198	KGRTWTLCGTP	PRKACA	hprd;pelm;psite	640
ENSP00000309591	PRKACA	260	KVRFPSHFSSD		psite	640
ENSP00000305355	PRKCB	364	SERKGTDELYA		psite	638
ENSP00000305355	PRKCB	634	FDRFFTRHPPV		psite	638
ENSP00000331602	PRKCD	43	TERGKTLVQKK		hprd;psite	854
ENSP00000331602	PRKCD	304	SRRSDSASSEP	PRKCD	hprd;pelm;psite	854
ENSP00000331602	PRKCD	507	ESRASTFCGTP	PDK1;PDPK1	hprd;pelm;psite	854
ENSP00000306124	PRKCE	181	YLRQPTYCSHC		psite	940
ENSP00000306124	PRKCE	346	EDRSKSAPTSP	GSK3B	hprd;psite	940
ENSP00000295797	PRKCI	8	TQRDSSTMSHT		hprd;psite	626
ENSP00000263125	PRKCQ	695	MFRNFSFMNPG		hprd;pelm;psite	649
ENSP00000343325	PKN1	69	NLRRATTDLGR		psite	950
ENSP00000343325	PKN1	70	LRRATTDLGRS	PKN1	hprd;psite	950
ENSP00000343325	PKN1	246	VLRLLSAAKAP		hprd;psite	950
ENSP00000343325	PKN1	380	YSRSGSLSGRS	PKN1	hprd;psite	950
ENSP00000343325	PKN1	780	GDRTSTFCGTP	PDK1;PDPK1;PKN1	hprd;pelm;psite	950
ENSP00000359552	PKN2	583	PPRASSLGEID		hprd;pelm;psite	950
ENSP00000359552	PKN2	816	GDRTSTFCGTP	PDK1;PDPK1	hprd;pelm;psite	950
ENSP00000234313	PLEK	114	FARKSTRRSIR		hprd;pelm;psite	611
ENSP00000228307	PXN	250	PQRVTSTQQQT		psite	655
ENSP00000263895	RND3	210	VKRNKSQRATK		psite	653
ENSP00000349959	RICTOR	21	RGRNDSGEENV		hprd;pelm;psite	430
ENSP00000349959	RICTOR	35	LTREPSDNLRE		psite	430
ENSP00000349959	RICTOR	383	PHRARSRPDLM		psite	430
ENSP00000349959	RICTOR	1035	SSRHNSESESV		psite	430
ENSP00000349959	RICTOR	1133	NRRIRTLTEPS		psite	430
ENSP00000349959	RICTOR	1135	RIRTLTEPSVD	AKT1;RPS6KB1;RPS6KB2;SGK1	psite	430
ENSP00000349959	RICTOR	1219	KIRSQSFNTDT		hprd;psite	430
ENSP00000349959	RICTOR	1302	PRRAQSLKAPS		psite	430
ENSP00000368884	RPS6KA3	386	LFRGFSFVAIT		hprd;pelm;psite	647
ENSP00000369757	RPS6	235	KRRRLSSLRAS	PAK2;PRKCD;RPS6KA1;RPS6KA3;RPS6KB1	hprd;pelm;psite	429
ENSP00000369757	RPS6	236	RRRLSSLRAST	PAK2;PRKCD;RPS6KA1;RPS6KA3;RPS6KB1	hprd;pelm;psite	429
ENSP00000369757	RPS6	241	SLRASTSKSES		hprd;pelm;psite	429
ENSP00000350941	SRC	17	SQRRRSLEPAE	PRKACA	hprd;pelm;psite	684
ENSP00000350941	SRC	51	GHRGPSAAFAP		psite	684
ENSP00000306124	PRKCE	380	EHRAASSPDGQ		hprd	940
