name	PIK3CD
id	ENSP00000366563
type	Serine/threonine kinase
proline+1_removed	Yes
npartners	281
npartners_with_sites	230
nsites	438
//
motif	score	fg_matches	fg_size	bg_matches	bg_size	fold_increase
R.RT.[ST].....	623.76	14	1908	1	9383	68.85
R.R..[ST].....	317.67	49	1894	33	9382	7.36
..R..[ST].....	307.65	210	1845	449	9349	2.37
R..S.[ST].....	13.49	35	1635	52	8900	3.66
.D...[ST].....	7.5	115	1478	383	8428	1.71
//
prot_id	prot_name	position	flank	kinase	source	string_score
ENSP00000265724	ABCB1	661	NDSRSSLIRKR	PRKCA	hprd;pelm;psite	845
ENSP00000265724	ABCB1	667	LIRKRSTRRSV	PRKACA;PRKCA	hprd;pelm;psite	845
ENSP00000265724	ABCB1	683	QDRKLSTKEAL	PRKACA	hprd;pelm;psite	845
ENSP00000270202	AKT1	72	RPRPNTFIIRC	AKT1	psite	997
ENSP00000270202	AKT1	126	RSGSPSDNSGA		hprd;pelm;psite	997
ENSP00000270202	AKT1	246	RERVFSEDRAR	AKT1	psite	997
ENSP00000375892	AKT2	458	PDRYDSLGLLE		psite	943
ENSP00000263826	AKT3	440	FDEEFTAQTIT		psite	935
ENSP00000348602	AMPH	295	RPRSPSQTRKG	DYRK1A	psite	803
ENSP00000348602	AMPH	387	WDLWTTSTDLV	CSNK2A1	psite	803
ENSP00000332454	RIPK4	396	FEREPSTSDLG		psite	469
ENSP00000364893	ARHGEF7	153	SHRIKSFDSLG		psite	567
ENSP00000364893	ARHGEF7	694	PERKPSDEEFA		hprd;pelm;psite	567
ENSP00000364893	ARHGEF7	704	ASRKSTAALEE		hprd;psite	567
ENSP00000364893	ARHGEF7	761	LGRRSSLSRLE		hprd;psite	567
ENSP00000364893	ARHGEF7	763	RRSSLSRLEPS		psite	567
ENSP00000335203	ATPIF1	63	YFRAQSREQLA		psite	899
ENSP00000257749	BACH2	159	EDCENSAGEEE		psite	800
ENSP00000257749	BACH2	334	LERSRSVASPS		psite	800
ENSP00000257749	BACH2	521	RTRTSSSCSSY	RPS6KB1	psite	800
ENSP00000339826	PIK3AP1	642	KKRSESFRFQQ		hprd;psite	921
ENSP00000303507	BCR	130	KARPGTARRPG		psite	901
ENSP00000303507	BCR	202	SDRISSLGSQA		psite	901
ENSP00000303507	BCR	215	MERKKSQHGAG		psite	901
ENSP00000303507	BCR	235	PYRGRSSESSC		psite	901
ENSP00000303507	BCR	301	LLRSQSTSEQE		psite	901
ENSP00000303507	BCR	303	RSQSTSEQEKR		psite	901
ENSP00000303507	BCR	429	GDADGSFGTPP		psite	901
ENSP00000303507	BCR	461	IDDSPSSSPHL		psite	901
ENSP00000303507	BCR	462	DDSPSSSPHLS		psite	901
ENSP00000303507	BCR	698	TPRRQSMTVKK		psite	901
ENSP00000303507	BCR	1049	PSRKQTGVFGV		psite	901
ENSP00000308176	BTK	51	RGRRGSKKGSI		psite	935
ENSP00000308176	BTK	495	RHRFQTQQLLE		psite	935
ENSP00000308176	BTK	543	SDFGLSRYVLD		psite	935
ENSP00000308176	BTK	552	LDDEYTSSVGS		psite	935
ENSP00000308176	BTK	553	DDEYTSSVGSK		psite	935
ENSP00000272298	CALM2	29	GDGTITTKELG		psite	429
ENSP00000291295	CALM3	29	GDGTITTKELG		psite	429
ENSP00000349467	CALM1	29	GDGTITTKELG		psite	429
ENSP00000311032	CASP3	150	GDRCRSLTGKP	MAPK14	pelm;psite	651
ENSP00000351273	CASP8	322	RDRNGTHLDAG		psite	430
ENSP00000330237	CASP9	183	RTRTGSNIDCE	AKT1;PRKACA	hprd;pelm;psite	906
ENSP00000330237	CASP9	195	LRRRFSSLHFM	PRKACA	psite	906
ENSP00000330237	CASP9	196	RRRFSSLHFMV	AKT1	hprd;pelm;psite	906
ENSP00000264033	CBL	439	FDPRGSGSLLR		psite	933
ENSP00000264033	CBL	639	VPRLGSTFSLD	PRKCA	hprd;psite	933
ENSP00000264033	CBL	716	LDTSQSSRACD		psite	933
ENSP00000264033	CBL	791	ARRTLSDISNA		psite	933
ENSP00000264033	CBL	833	PRRINSERKAG		psite	933
ENSP00000264122	CBLB	634	HSRVGSDPVLM		psite	903
ENSP00000264122	CBLB	894	YDQLPSCSDGS		psite	903
ENSP00000227507	CCND1	90	LDRFLSLEPVK	PRKACA	hprd;pelm;psite	547
ENSP00000227507	CCND1	234	LTRFLSRVIKC	PRKACA	hprd;pelm;psite	547
ENSP00000300692	CD3D	161	DDAQYSHLGGN		psite	800
ENSP00000316333	CD55	360	TTRLLSGSRPV		psite	817
ENSP00000316333	CD55	366	GSRPVTQAGMR		psite	817
ENSP00000261769	CDH1	770	QDFDLSQLHRG		psite	520
ENSP00000261769	CDH1	838	FDYEGSGSEAA	CSNK2A1	hprd;psite	520
ENSP00000405798	CDK16	18	IKRQLSMTLRG	PRKACA	hprd;pelm;psite	425
ENSP00000405798	CDK16	20	RQLSMTLRGGR		psite	425
ENSP00000405798	CDK16	116	PPRKISTEDIN	PRKACA	hprd;pelm;psite	425
ENSP00000405798	CDK16	159	RLRRVSLSEIG	PRKACA	hprd;pelm;psite	425
ENSP00000405798	CDK16	161	RRVSLSEIGFG		hprd;pelm;psite	425
ENSP00000405798	CDK16	486	SLRSSSMPDSG		hprd;pelm;psite	425
ENSP00000380921	SH3KBP1	179	SLRETTGSESD		psite	899
ENSP00000380921	SH3KBP1	230	KLRPRSIEVEN		hprd;pelm;psite	899
ENSP00000380921	SH3KBP1	589	RANSPSLFGTE		hprd;psite	899
ENSP00000387699	CREB1	98	LKRLFSGTQIS	PRKD1	psite	893
ENSP00000387699	CREB1	100	RLFSGTQISTI	ATM	hprd;psite	893
ENSP00000387699	CREB1	114	EDSQESVDSVT	CSNK1A1	psite	893
ENSP00000387699	CREB1	133	LSRRPSYRKIL	ATM;CAMK4;CAMKK1;DYRK3;MAP3K8;MAPKAPK2;PRKACA;PRKCE;PRKD1;RPS6KA1;RPS6KA2;RPS6KA3;RPS6KA4;RPS6KA5;SGK1;TSSK4	hprd;pelm;psite	893
ENSP00000300574	CRK	41	LVRDSSTSPGD		hprd;psite	869
ENSP00000300574	CRK	125	RSRQGSGVILR		hprd;psite	869
ENSP00000300574	CRK	194	KYRPASASVSA		hprd;psite	869
ENSP00000300574	CRK	196	RPASASVSALI		hprd;psite	869
ENSP00000346300	CRKL	42	LVRDSSTCPGD		hprd;psite	867
ENSP00000286301	CSF1R	713	YVRRDSGFSSQ		psite	837
ENSP00000286301	CSF1R	716	RDSGFSSQGVD		psite	837
ENSP00000220003	CSK	284	RSRGRSVLGGD		psite	849
ENSP00000386884	CXCR4	329	VSRGSSLKILS	GRK6;PRKCD	hprd;pelm;psite	425
ENSP00000233668	DOK1	48	FDHKGSSSGGG		psite	800
ENSP00000233668	DOK1	269	VLRADSHEGEV		hprd;pelm;psite	800
ENSP00000233668	DOK1	316	QDSLYSDPLDS		psite	800
ENSP00000233668	DOK1	470	LSRVGTDKTGV		psite	800
ENSP00000266481	DNM1L	78	EDKRKTTGEEN		psite	818
ENSP00000266481	DNM1L	79	DKRKTTGEENG		psite	818
ENSP00000362014	DNM1	433	VDMVISELIST		psite	801
ENSP00000362014	DNM1	776	GRRSPTSSPTP		hprd;pelm;psite	801
ENSP00000362014	DNM1	795	PARPGSRGPAP	PRKCA	hprd;psite	801
ENSP00000356705	DNM3	781	LARPTSGRGPA		psite	801
ENSP00000275493	EGFR	229	RGKSPSDCCHN		psite	946
ENSP00000275493	EGFR	678	IVRKRTLRRLL	PKN1;PKN3;PRKCA;PRKCD	hprd;pelm;psite	946
ENSP00000275493	EGFR	1071	LQRYSSDPTGA	CAMK2G	hprd;pelm;psite	946
ENSP00000275493	EGFR	1131	QDPHSTAVGNP		psite	946
ENSP00000337159	ZFYVE16	216	VDTTLSDSYNY		psite	800
ENSP00000297494	NOS3	495	ITRKKTFKEVA	PRKACA;PRKCA;PRKG2	pelm;psite	916
ENSP00000297494	NOS3	615	KIRFNSISCSD	AKT1;PRKACA	pelm;psite	916
ENSP00000297494	NOS3	633	RKRKESSNTDS	PRKAA1;PRKACA;PRKG2	hprd;pelm;psite	916
ENSP00000297494	NOS3	1175	TSRIRTQSFSL		hprd;psite	916
ENSP00000297494	NOS3	1177	RIRTQSFSLQE	AKT1;PRKAA1;PRKACA;PRKG2	hprd;pelm;psite	916
ENSP00000297494	NOS3	1179	RTQSFSLQERQ		pelm;psite	916
ENSP00000351209	EPHA2	433	RTASVSINQTE		psite	515
ENSP00000351209	EPHA2	577	EDVYFSKSEQL		psite	515
ENSP00000351209	EPHA2	761	SDFGLSRVLED		psite	515
ENSP00000351209	EPHA2	771	DDPEATYTTSG		hprd;psite	515
ENSP00000351209	EPHA2	892	FDPRVSIRLPS		hprd;pelm;psite	515
ENSP00000351209	EPHA2	897	SIRLPSTSGSE	AKT1;EPHA2	hprd;pelm;psite	515
ENSP00000351209	EPHA2	899	RLPSTSGSEGV	EPHA2	hprd;pelm;psite	515
ENSP00000351209	EPHA2	910	PFRTVSEWLES		psite	515
ENSP00000252723	EPO	127	VDKAVSGLRSL		hprd;psite	411
ENSP00000206249	ESR1	154	FYRPNSDNRRQ		pelm;psite	896
ENSP00000206249	ESR1	167	RERLASTNDKG	AKT1;AKT2;CSNK2A1;IKBKE;RPS6KA1;RPS6KA3;RPS6KB1	hprd;pelm;psite	896
ENSP00000206249	ESR1	236	KNRRKSCQACR	PRKACA	pelm;psite	896
ENSP00000215832	MAPK1	181	PDHDHTGFLTE		hprd;psite	659
ENSP00000215832	MAPK1	295	LDKMLTFNPHK		psite	659
ENSP00000338934	EZR	66	LDKKVSAQEVR	PRKACA	psite	400
ENSP00000338934	EZR	332	KKRRETVEREK		psite	400
ENSP00000338934	EZR	366	AERELSEQIQR		psite	400
ENSP00000338934	EZR	567	RDKYKTLRQIR	ADRBK1;AKT2;LRRK2;MAP3K8;MST4;PRKCA;PRKCI;PRKCQ;ROCK1;STK10	hprd;pelm;psite	400
ENSP00000341189	PTK2	406	IDEEDTYTMPS		psite	870
ENSP00000341189	PTK2	517	QVRKYSLDLAS		psite	870
ENSP00000341189	PTK2	568	GDFGLSRYMED		hprd;psite	870
ENSP00000341189	PTK2	695	RMRMESRRQAT		psite	870
ENSP00000341189	PTK2	700	SRRQATVSWDS		psite	870
ENSP00000341189	PTK2	708	WDSGGSDEAPP		psite	870
ENSP00000341189	PTK2	840	PDVRLSRGSID		hprd;pelm;psite	870
ENSP00000410294	FGFR2	450	LVRITTRLSST		psite	872
ENSP00000410294	FGFR2	454	TTRLSSTADTP		psite	872
ENSP00000306245	FOS	362	AHRKGSSSNEP	PRKACA;RPS6KA1;RPS6KA3	hprd;pelm;psite	564
ENSP00000368880	FOXO1	24	RPRSCTWPLPR	AKT1	hprd;pelm;psite	469
ENSP00000368880	FOXO1	256	RRRAASMDNNS	AKT1	hprd;pelm;psite	469
ENSP00000368880	FOXO1	319	RPRTSSNASTI	AKT1	hprd;pelm;psite	469
ENSP00000357656	FYN	12	KDKEATKLTEE		hprd;pelm;psite	894
ENSP00000357656	FYN	21	EERDGSLNQSS	PRKACA	hprd;pelm;psite	894
ENSP00000357656	FYN	421	EDNEYTARQGA		psite	894
ENSP00000312999	GNAI2	302	YDEAASYIQSK	PRKCE	psite	808
ENSP00000262995	GAB1	251	PSRAPSASVDS		psite	843
ENSP00000262995	GAB1	253	RAPSASVDSSL		psite	843
ENSP00000262995	GAB1	266	LPRSYSHDVLP		hprd;pelm;psite	843
ENSP00000262995	GAB1	304	QMRHVSISYDI		psite	843
ENSP00000262995	GAB1	306	RHVSISYDIPP		psite	843
ENSP00000262995	GAB1	369	RTASDTDSSYC		psite	843
ENSP00000262995	GAB1	387	PSRSNTISTVD		psite	843
ENSP00000262995	GAB1	419	SDRSSSLEGFH		psite	843
ENSP00000262995	GAB1	667	LDSGKSTPPRK		hprd;psite	843
ENSP00000262995	GAB1	713	TDGRQSTESET		psite	843
ENSP00000262995	GAB1	714	DGRQSTESETP		psite	843
ENSP00000262995	GAB1	547	LERTDSQTIGD		hprd;psite	843
ENSP00000320935	SLC2A4	274	RERPLSLLQLL	SGK1	pelm;psite	846
ENSP00000262493	GNAO1	182	RTRVKTTGIVE		psite	800
ENSP00000229264	GNB3	140	VSRELSAHTGY		psite	800
ENSP00000339007	GRB2	18	ADDELSFKRGD		psite	540
ENSP00000324806	GSK3B	9	RPRTTSFAESC	AKT1;AURKA;MAP4K5;PRKACA;PRKCA;PRKCB;PRKCD;PRKCG;PRKCH;RPS6KA1;RPS6KA3;RPS6KB1	hprd;pelm;psite	899
ENSP00000365012	HCK	412	EDNEYTAREGA		psite	845
ENSP00000269571	ERBB2	686	KIRKYTMRRLL	PRKACA;PRKCA	pelm;psite	917
ENSP00000269571	ERBB2	875	LDIDETEYHAD		psite	917
ENSP00000269571	ERBB2	1049	HHRHRSSSTRS		psite	917
ENSP00000269571	ERBB2	1051	RHRSSSTRSGG		psite	917
ENSP00000269571	ERBB2	1172	LERPKTLSPGK		pelm;psite	917
ENSP00000267101	ERBB3	686	LERGESIEPLD		hprd;psite	675
ENSP00000267101	ERBB3	1331	PDYWHSRLFPK		psite	675
ENSP00000216117	HMOX1	188	RSRMNSLEMTP	AKT1	hprd;psite	563
ENSP00000216117	HMOX1	231	KDQSPSRAPGL		hprd;pelm;psite	563
ENSP00000335153	HSP90AA1	185	KIRYESLTDPS		psite	484
ENSP00000335153	HSP90AA1	212	QDRTLTIVDTG	PRKACA	hprd;psite	484
ENSP00000335153	HSP90AA1	353	RDKEVSDDEAE	CSNK2A1	hprd;pelm;psite	484
ENSP00000335153	HSP90AA1	598	GDEMVSLKDYC		psite	484
ENSP00000335153	HSP90AA1	745	ALRDNSTMGYM		psite	484
ENSP00000335153	HSP90AA1	848	GDDDTSRMEEV		hprd;pelm;psite	484
ENSP00000268035	IGF1R	1163	RDIYETDYYRK		psite	902
ENSP00000268035	IGF1R	1278	GFREVSFYYSE		hprd;psite	902
ENSP00000268035	IGF1R	1310	LDPSASSSSLP		hprd;psite	902
ENSP00000216797	NFKBIA	32	DDRHDSGLDSM	CHUK;CSNK2A1;IKBKB;IKBKE;RPS6KA1;RPS6KA3;SGK1	hprd;pelm;psite	424
ENSP00000327890	IL3RA	175	ISRLSSGSQSS		psite	801
ENSP00000299421	ILK	181	RPRNGTLNKHS		psite	867
ENSP00000299421	ILK	246	RLRIFSHPNVL	PAK1	psite	867
ENSP00000299421	ILK	343	ADVKFSFQCPG	ILK	hprd;pelm;psite	867
ENSP00000360777	INPP5E	85	LERALSLDDKG		psite	914
ENSP00000360777	INPP5E	109	EARNGTSPSRG		hprd;pelm;psite	914
ENSP00000360777	INPP5E	232	LVRAHSSLGPG		psite	914
ENSP00000303830	INSR	361	ELRGCTVINGS		psite	647
ENSP00000303830	INSR	1187	RDIYETDYYRK		psite	647
ENSP00000303830	INSR	1348	RDGGSSLGFKR	INSR	hprd;pelm;psite	647
ENSP00000303830	INSR	1375	NGRILTLPRSN	PRKCA	hprd;pelm;psite	647
ENSP00000304895	IRS1	268	EFRPRSKSQSS	IKBKB	hprd;pelm;psite	989
ENSP00000304895	IRS1	270	RPRSKSQSSSN	ATR;IKBKB;RPS6KB1	hprd;pelm;psite	989
ENSP00000304895	IRS1	305	TRRSRTESITA		psite	989
ENSP00000304895	IRS1	307	RSRTESITATS	IKBKB;PRKCD;RPS6KB1	hprd;pelm;psite	989
ENSP00000304895	IRS1	309	RTESITATSPA		psite	989
ENSP00000304895	IRS1	330	RVRASSDGEGT	CSNK2B	hprd;psite	989
ENSP00000304895	IRS1	341	MSRPASVDGSP	IKBKB	hprd;pelm;psite	989
ENSP00000304895	IRS1	441	CDFRSSFRSVT	PRKCB;PRKCD;PRKCZ	psite	989
ENSP00000304895	IRS1	527	RKRTHSAGTSP	IKBKB;RPS6KB1	hprd;pelm;psite	989
ENSP00000304895	IRS1	603	HHRPDSSTLHT		psite	989
ENSP00000304895	IRS1	605	RPDSSTLHTDD		psite	989
ENSP00000304895	IRS1	629	SGRKGSGDYMP	AKT1	hprd;pelm;psite	989
ENSP00000304895	IRS1	1100	CRRRHSSETFS		hprd;psite	989
ENSP00000304895	IRS1	1101	RRRHSSETFSS	PRKCQ;RPS6KA1;RPS6KB1	hprd;pelm;psite	989
ENSP00000304895	IRS1	1103	RHSSETFSSTP		hprd;psite	989
ENSP00000304895	IRS1	1143	VKRHSSASFEN		hprd;psite	989
ENSP00000304895	IRS1	1145	RHSSASFENVW		hprd;pelm;psite	989
ENSP00000304895	IRS1	1223	STRRSSEDLSA		hprd;pelm;psite	989
ENSP00000365016	IRS2	304	EFRPRSKSQSS		pelm;psite	970
ENSP00000365016	IRS2	306	RPRSKSQSSGS		hprd;pelm;psite	970
ENSP00000365016	IRS2	308	RSKSQSSGSSA		hprd;pelm;psite	970
ENSP00000365016	IRS2	344	VRRSRTDSLAA		psite	970
ENSP00000365016	IRS2	346	RSRTDSLAATP		hprd;pelm;psite	970
ENSP00000365016	IRS2	363	SCRVRTASEGD		hprd;pelm;psite	970
ENSP00000365016	IRS2	365	RVRTASEGDGG		hprd;pelm;psite	970
ENSP00000365016	IRS2	384	GARPVSVAGSP		hprd;pelm;psite	970
ENSP00000365016	IRS2	404	LSRSHTLSGGC		psite	970
ENSP00000365016	IRS2	505	LDEYGSSPGDL		psite	970
ENSP00000365016	IRS2	550	MDRPLSHCGRS		hprd;pelm;psite	970
ENSP00000365016	IRS2	560	SYRRVSGDAAQ		hprd;pelm;psite	970
ENSP00000365016	IRS2	575	GLRKRTYSLTT		psite	970
ENSP00000365016	IRS2	577	RKRTYSLTTPA		hprd;pelm;psite	970
ENSP00000365016	IRS2	579	RTYSLTTPARQ		hprd;pelm;psite	970
ENSP00000365016	IRS2	777	SDAVTTGTPPD		hprd;pelm;psite	970
ENSP00000365016	IRS2	1148	GRRRHSSETFS		hprd;pelm;psite	970
ENSP00000365016	IRS2	1149	RRRHSSETFSS		hprd;pelm;psite	970
ENSP00000365016	IRS2	1151	RHSSETFSSTT		hprd;pelm;psite	970
ENSP00000365016	IRS2	1174	PKRHNSASVEN		hprd;pelm;psite	970
ENSP00000365016	IRS2	1176	RHNSASVENVS		hprd;pelm;psite	970
ENSP00000365016	IRS2	1186	SLRKSSEGGVG		hprd;psite	970
ENSP00000365016	IRS2	1202	GDEPPTSPRQL		hprd;pelm;psite	970
ENSP00000361202	IRS4	552	RDGQGTAGGHG		psite	882
ENSP00000398655	ITK	513	LDDQYTSSTGT		psite	838
ENSP00000398655	ITK	514	DDQYTSSTGTK		psite	838
ENSP00000398655	ITK	565	ENRSNSEVVED	ITK	hprd;pelm;psite	838
ENSP00000391676	JAK3	17	PQRSCSLLSTE		psite	859
ENSP00000353483	MAPK8	155	RDLKPSNIVVK		psite	516
ENSP00000288135	KIT	741	ADKRRSVRIGS	PRKCA	hprd;pelm;psite	867
ENSP00000288135	KIT	746	SVRIGSYIERD	PRKCA	hprd;pelm;psite	867
ENSP00000288135	KIT	959	SVRINSVGSTA	PRKCA	hprd;pelm;psite	867
ENSP00000354119	LAT	41	YDSTSSDSLYP		psite	829
ENSP00000354119	LAT	96	SHRTPSSRRDS		psite	829
ENSP00000354119	LAT	101	SSRRDSDGANS		hprd;pelm;psite	829
ENSP00000354119	LAT	106	SDGANSVASYE		psite	829
ENSP00000337825	LCK	35	LDGKGTLLIRN		psite	872
ENSP00000337825	LCK	42	LIRNGSEVRDP	MAPK1;MAPK3;PRKACA;PRKCA	hprd;pelm;psite	872
ENSP00000337825	LCK	50	RDPLVTYEGSN		psite	872
ENSP00000337825	LCK	210	LVRHYTNASDG		psite	872
ENSP00000337825	LCK	395	EDNEYTAREGA		psite	872
ENSP00000302486	MAP2K1	194	RDVKPSNILVN		psite	854
ENSP00000302486	MAP2K1	212	CDFGVSGQLID		pelm;psite	854
ENSP00000302486	MAP2K1	298	PGRPLSSYGMD	PAK1	hprd;pelm;psite	854
ENSP00000262948	MAP2K2	198	RDVKPSNILVN		psite	805
ENSP00000262948	MAP2K2	216	CDFGVSGQLID		pelm;psite	805
ENSP00000262948	MAP2K2	306	PGRPVSGHGMD		psite	805
ENSP00000317272	MET	1003	LDRLVSARSVS	PRKCA;PRKCD;PRKCE	hprd;pelm;psite	886
ENSP00000317272	MET	1010	RSVSPTTEMVS		hprd;pelm;psite	886
ENSP00000317272	MET	1024	VDYRATFPEDQ		psite	886
ENSP00000354558	MTOR	1821	KLRHASGANIT		psite	968
ENSP00000354558	MTOR	1876	EDLSKTLLMYT		psite	968
ENSP00000354558	MTOR	2444	NKRSRTRTDSY		hprd;psite	968
ENSP00000354558	MTOR	2446	RSRTRTDSYSA	AKT1;RPS6KB1	hprd;pelm;psite	968
ENSP00000354558	MTOR	2448	RTRTDSYSAGQ	AKT1;RPS6KB1	hprd;pelm;psite	968
ENSP00000354558	MTOR	2450	RTDSYSAGQSV		psite	968
ENSP00000226207	MYH1	964	DDLELTLAKVE		psite	412
ENSP00000226207	MYH1	1023	EDKVNTLTKAK		psite	412
ENSP00000226207	MYH1	1041	DDLEGSLEQEK		psite	412
ENSP00000226207	MYH1	1237	IDDLASNMETV		hprd;psite	412
ENSP00000226207	MYH1	1300	LDEKDTLVSQL		psite	412
ENSP00000226207	MYH1	1303	KDTLVSQLSRG		psite	412
ENSP00000226207	MYH1	1366	LQRAMSKANSE		hprd;psite	412
ENSP00000226207	MYH1	1482	ESRSLSTELFK		psite	412
ENSP00000226207	MYH1	1501	LDQLETLKREN		psite	412
ENSP00000226207	MYH1	1667	DDALRSQEDLK		psite	412
ENSP00000226207	MYH1	1919	ADIAESQVNKL		psite	412
ENSP00000288986	NCK1	61	VERKNSARKAS		psite	917
ENSP00000288986	NCK1	66	SARKASIVKNL		psite	917
ENSP00000288986	NCK1	85	VKRKPSVPDSA		hprd;pelm;psite	917
ENSP00000288986	NCK1	347	GQRKFSTMEEL		psite	917
ENSP00000172229	NGFR	277	FKRWNSCKQNK	PRKCG	psite	825
ENSP00000228872	CDKN1B	140	TDPSDSQTGLA		hprd;pelm;psite	885
ENSP00000228872	CDKN1B	157	RKRPATDDSST	AKT1;PIM1;SGK1	hprd;pelm;psite	885
ENSP00000229794	MAPK14	180	TDDEMTGYVAT	MAP2K3;MAP2K4;MAP2K6;MAP3K5;MAP3K6	hprd;pelm;psite	462
ENSP00000269305	TP53	211	LDDRNTFRHSV	AURKB	psite	653
ENSP00000269305	TP53	366	GSRAHSSHLKS	CHEK2	hprd;psite	653
ENSP00000225577	RPS6KB1	250	HDGTVTHTFCG		psite	947
ENSP00000257290	PDGFRA	760	SDIQRSLYDRP		psite	854
ENSP00000257290	PDGFRA	767	YDRPASYKKKS		hprd;pelm;psite	854
ENSP00000257290	PDGFRA	1042	RNRHSSQTSEE		psite	854
ENSP00000282077	PDK1	346	RPRVETSRAVP		psite	899
ENSP00000344220	PDPK1	241	QARANSFVGTA	PDK1;PDPK1	hprd;pelm;psite	920
ENSP00000344220	PDPK1	410	PQRSGSNIEQY	PDK1;PDPK1	hprd;pelm;psite	920
ENSP00000307235	EIF2AK3	555	RQRKESETQCQ		psite	430
ENSP00000307235	EIF2AK3	557	RKESETQCQTE		psite	430
ENSP00000307235	EIF2AK3	705	MDPFATKEHIE		psite	430
ENSP00000307235	EIF2AK3	802	RSRERTSSSIV		psite	430
ENSP00000307235	EIF2AK3	804	RERTSSSIVFE		psite	430
ENSP00000307235	EIF2AK3	1094	RQRSRSLSSSG		psite	430
ENSP00000307235	EIF2AK3	1096	RSRSLSSSGTK		psite	430
ENSP00000263967	PIK3CA	312	YSRRISTATPY		psite	409
ENSP00000263967	PIK3CA	313	SRRISTATPYM		psite	409
ENSP00000352121	PIK3CG	582	HFRYESLKHPK		psite	664
ENSP00000352121	PIK3CG	1024	ALRHHTNLLII		psite	664
ENSP00000274335	PIK3R1	154	LYRTQSSSNLA		psite	975
ENSP00000274335	PIK3R1	265	NARVLSEIFSP		psite	975
ENSP00000269554	PIP4K2B	196	VDGVETYMVVT		hprd;psite	904
ENSP00000357883	PIP5K1A	475	SRRAGSSGNSC		psite	904
ENSP00000265382	PIP5K1B	413	KKRCNSIAALK		psite	904
ENSP00000295797	PRKCI	8	TQRDSSTMSHT		hprd;psite	809
ENSP00000295797	PRKCI	412	GDTTSTFCGTP		hprd;pelm;psite	809
ENSP00000367830	PRKCZ	410	GDTTSTFCGTP	PDK1;PDPK1	hprd;pelm;psite	424
ENSP00000343325	PKN1	69	NLRRATTDLGR		psite	463
ENSP00000343325	PKN1	70	LRRATTDLGRS	PKN1	hprd;psite	463
ENSP00000343325	PKN1	75	TDLGRSLGPVE		psite	463
ENSP00000343325	PKN1	246	VLRLLSAAKAP		hprd;psite	463
ENSP00000343325	PKN1	380	YSRSGSLSGRS	PKN1	hprd;psite	463
ENSP00000343325	PKN1	780	GDRTSTFCGTP	PDK1;PDPK1;PKN1	hprd;pelm;psite	463
ENSP00000338185	PLCB1	988	PDHGSSTIEQD		psite	901
ENSP00000260402	PLCB2	601	NKRQMSRIYPK		pelm;psite	916
ENSP00000279230	PLCB3	1105	RKRHNSISEAK	PRKACA;PRKCA;PRKG1;PRKG2	hprd;pelm;psite	903
ENSP00000279230	PLCB3	1107	RHNSISEAKMR		psite	903
ENSP00000279230	PLCB3	1130	NRRHITESVNS		psite	903
ENSP00000313731	PLCD3	105	IPRAPSQHIFF		hprd;pelm;psite	901
ENSP00000313731	PLCD3	496	DGRALSDREEE		hprd;pelm;psite	901
ENSP00000313731	PLCD3	582	NARQLTRVYPL		psite	901
ENSP00000313731	PLCD3	741	EDYDATSPNDF		psite	901
ENSP00000260766	PLCE1	1096	LMRGESGEVTD		psite	910
ENSP00000244007	PLCG1	981	CYRDMSSFPET		psite	933
ENSP00000244007	PLCG1	1249	RAREGSFESRY	AKT1;PRKACA;PRKCA;PRKD1	hprd;pelm;psite	933
ENSP00000244007	PLCG1	1264	EDFRISQEHLA		hprd;pelm;psite	933
ENSP00000352336	PLCG2	160	QTRRNSISLRE		psite	913
ENSP00000352336	PLCG2	677	RKREGSDSYAI		psite	913
ENSP00000234313	PLEK	114	FARKSTRRSIR		hprd;pelm;psite	645
ENSP00000301242	PPP1R14A	12	GKRVLSKLQSP	DAPK3	pelm;psite	817
ENSP00000301242	PPP1R14A	130	RQPSPSHDGSL	CAMK2A	hprd;pelm;psite	817
ENSP00000325120	PGR	549	YLRPDSEASQS		psite	844
ENSP00000325120	PGR	552	PDSEASQSPQY		psite	844
ENSP00000361009	PREX1	319	TKRTKSINGSL		psite	800
ENSP00000361009	PREX1	436	RRRKLSTVPKC		psite	800
ENSP00000361009	PREX1	1001	FGRKPSLIGLD		psite	800
ENSP00000361009	PREX1	1182	RDSVLSYTSVR		psite	800
ENSP00000361009	PREX1	1200	SDEMGSGDELP		psite	800
ENSP00000361021	PTEN	385	SDTTDSDPENE	AKT1;CSNK2A1	hprd;pelm;psite	997
ENSP00000332816	PTK2B	571	GDFGLSRYIED		psite	466
ENSP00000348461	RAC1	71	RLRPLSYPQTV	AKT1	hprd;psite	901
ENSP00000307272	RPTOR	719	TPRLRSVSSYG	RPS6KA1	hprd;pelm;psite	514
ENSP00000307272	RPTOR	721	RLRSVSSYGNI	RPS6KA1	psite	514
ENSP00000307272	RPTOR	792	MRRASSYSSLN	PRKAA1	pelm;psite	514
ENSP00000307272	RPTOR	908	SGRPGTTGPAG	ICK	psite	514
ENSP00000349959	RICTOR	21	RGRNDSGEENV		hprd;pelm;psite	412
ENSP00000349959	RICTOR	35	LTREPSDNLRE		psite	412
ENSP00000349959	RICTOR	383	PHRARSRPDLM		psite	412
ENSP00000349959	RICTOR	1035	SSRHNSESESV		psite	412
ENSP00000349959	RICTOR	1037	RHNSESESVPS		psite	412
ENSP00000349959	RICTOR	1133	NRRIRTLTEPS		psite	412
ENSP00000349959	RICTOR	1135	RIRTLTEPSVD	AKT1;RPS6KB1;RPS6KB2;SGK1	psite	412
ENSP00000349959	RICTOR	1144	VDFNHSDDFTP		psite	412
ENSP00000349959	RICTOR	1219	KIRSQSFNTDT		hprd;psite	412
ENSP00000349959	RICTOR	1227	TDTTTSGISSM		psite	412
ENSP00000349959	RICTOR	1302	PRRAQSLKAPS		psite	412
ENSP00000349959	RICTOR	1320	ADCNFSYTSSR		psite	412
ENSP00000401802	PSMC6	258	GGRRFSEGTSA		psite	430
ENSP00000256196	RRAS2	10	GWRDGSGQEKY		psite	817
ENSP00000369757	RPS6	235	KRRRLSSLRAS	PAK2;PRKCD;RPS6KA1;RPS6KA3;RPS6KB1	hprd;pelm;psite	517
ENSP00000369757	RPS6	236	RRRLSSLRAST	PAK2;PRKCD;RPS6KA1;RPS6KA3;RPS6KB1	hprd;pelm;psite	517
ENSP00000369757	RPS6	241	SLRASTSKSES		hprd;pelm;psite	517
ENSP00000391592	PTPN6	10	FHRDLSGLDAE		psite	841
ENSP00000340944	PTPN11	576	EMREDSARVYE	PRKCA;PRKCB;PRKCH	hprd;psite	897
ENSP00000332973	SMAD3	388	EYRRQTVTSTP		psite	487
ENSP00000384675	SOS1	1134	GPRSASVSSIS		hprd;pelm;psite	915
ENSP00000384675	SOS1	1161	RRRPESAPAES		psite	915
ENSP00000350941	SRC	17	SQRRRSLEPAE	PRKACA	hprd;pelm;psite	988
ENSP00000350941	SRC	51	GHRGPSAAFAP		psite	988
ENSP00000350941	SRC	420	EDNEYTARQGA		psite	988
ENSP00000264657	STAT3	691	YCRPESQEHPE		hprd;pelm;psite	640
ENSP00000301633	BIRC5	20	KDHRISTFKNW	PLK1;PRKACA	psite	878
ENSP00000301633	BIRC5	21	DHRISTFKNWP	PLK1	psite	878
ENSP00000364898	SYK	178	ISREESEQIVL		psite	987
ENSP00000364898	SYK	295	ISRIKSYSFPK	CHEK1	psite	987
ENSP00000364898	SYK	297	RIKSYSFPKPG		hprd;pelm;psite	987
ENSP00000322234	SYNJ1	1292	PPRSRSSHSLP		psite	899
ENSP00000322234	SYNJ1	1385	PARSQSQENMR		psite	899
ENSP00000347792	SYNJ2	1439	SDPLDSGTRSP		psite	914
ENSP00000370912	TEC	520	LDDQYTSSSGA		psite	515
ENSP00000171887	TNS1	330	VDYNTSDPLIR		psite	577
ENSP00000171887	TNS1	338	LIRWDSYDNFS		pelm;psite	577
ENSP00000171887	TNS1	445	LDRLLSGFGLE		pelm;psite	577
ENSP00000171887	TNS1	621	MFRSQSFSEAE		pelm;psite	577
ENSP00000171887	TNS1	701	FPRAASQQEIE		psite	577
ENSP00000171887	TNS1	899	RRRAASDGQYE		psite	577
ENSP00000171887	TNS1	1107	GPRTPTQPLLE		psite	577
ENSP00000171887	TNS1	1119	GFRSGSLGQPS		psite	577
ENSP00000171887	TNS1	1184	QARHRTVGTNT		psite	577
ENSP00000171887	TNS1	1335	EDRRPTLSRQS		psite	577
ENSP00000171887	TNS1	1343	RQSSASGYQAP		psite	577
ENSP00000171887	TNS1	1393	EKRRMSVGDRA		psite	577
ENSP00000171887	TNS1	1400	GDRAGSLPNYA		psite	577
ENSP00000286827	TIAM1	26	LGRKHTSRSLR		psite	850
ENSP00000286827	TIAM1	231	CQRANSLGDLY		hprd;psite	850
ENSP00000286827	TIAM1	319	GRRAKTTQDVN		psite	850
ENSP00000286827	TIAM1	373	SDSGSSSTGDA		psite	850
ENSP00000286827	TIAM1	695	RSRFSSLWGLD		psite	850
ENSP00000327315	TIAM2	1544	QDSKSTSPGKY		psite	800
ENSP00000219476	TSC2	937	SFRARSTSLNE		psite	515
ENSP00000219476	TSC2	939	RARSTSLNERP	AKT1	hprd;pelm;psite	515
ENSP00000219476	TSC2	946	NERPKSLRIAR		psite	515
ENSP00000219476	TSC2	981	RCRSISVSEHV	AKT1	hprd;pelm;psite	515
ENSP00000219476	TSC2	1130	RDRVRSMSGGH		hprd;psite	515
ENSP00000219476	TSC2	1132	RVRSMSGGHGL		hprd;pelm;psite	515
ENSP00000219476	TSC2	1338	YSRSSSVSSQE		hprd;pelm;psite	515
ENSP00000219476	TSC2	1340	RSSSVSSQEEK		psite	515
ENSP00000219476	TSC2	1364	IERVVSSEGGR		hprd;psite	515
ENSP00000219476	TSC2	1420	KARSQSGTLDG		hprd;pelm;psite	515
ENSP00000219476	TSC2	1454	SPRSPSGLRPR		psite	515
ENSP00000219476	TSC2	1462	RPRGYTISDSA	AKT1	hprd;pelm;psite	515
ENSP00000219476	TSC2	1469	SDSAPSRRGKR		psite	515
ENSP00000219476	TSC2	1798	RKRLISSVEDF	RPS6KA1	hprd;pelm;psite	515
ENSP00000264818	TYK2	499	PDGMQSLRLRK		hprd;psite	883
ENSP00000388107	UBA52	57	DGRTLSDYNIQ		hprd;psite	425
ENSP00000360916	VAV2	779	ASRASSRSPAS		pelm;psite	915
ENSP00000263923	KDR	1235	KSRPVSVKTFE		psite	868
ENSP00000347858	XIAP	32	FNRLKTFANFP		psite	425
ENSP00000264972	ZAP70	286	QRRIDTLNSDG		psite	842
ENSP00000264972	ZAP70	289	IDTLNSDGYTP		hprd;pelm;psite	842
ENSP00000264972	ZAP70	494	DDSYYTARSAG		hprd;psite	842
ENSP00000314709	ZHX2	713	VARKATKPMAE		psite	659
ENSP00000304895	IRS1	272	RSKSQSSSNCS	IKBKB	hprd;pelm	989
ENSP00000343325	PKN1	382	RSGSLSGRSSL		hprd;pelm	463
ENSP00000279230	PLCB3	26	TLRRGSKFIKW	PRKG1;PRKG2	hprd;pelm	903
ENSP00000229264	GNB3	87	WDSYTTNKVHA		hprd	800
ENSP00000357178	INSRR	614	QDVISTSNSSS		hprd	800
ENSP00000343204	JAK1	125	NDNEQSVWRHS		hprd	883
ENSP00000309845	HRAS	136	QDLARSYGIPY		hprd	984
ENSP00000229794	MAPK14	298	SDKRITAAQAL		hprd	462
ENSP00000334105	PLCB4	620	NKRQMSRIYPK		hprd	901
ENSP00000361202	IRS4	1231	PEREDSDNDDD		hprd	882
ENSP00000361202	IRS4	66	GSRSDSESEEE		hprd	882
ENSP00000361202	IRS4	68	RSDSESEEEDL		hprd	882
ENSP00000266481	DNM1L	194	TDMATSEALKI		hprd	818
ENSP00000307235	EIF2AK3	862	PPRPTTLSLDL		hprd	430
ENSP00000344220	PDPK1	33	MVRTQTESSTP	PDPK1	hprd	920
ENSP00000322234	SYNJ1	244	LDDSVSSFIQI		hprd	899
ENSP00000322234	SYNJ1	245	DDSVSSFIQIR		hprd	899
