name	PIK3C3
id	ENSP00000262039
type	Serine/threonine kinase
proline+1_removed	Yes
npartners	72
npartners_with_sites	61
nsites	109
//
motif	score	fg_matches	fg_size	bg_matches	bg_size	fold_increase
..R..[ST].....	307.65	105	604	483	9383	3.38
//
prot_id	prot_name	position	flank	kinase	source	string_score
ENSP00000318313	AMBRA1	297	TLRNLSLGPTR		psite	778
ENSP00000355231	BECN1	90	PARMMSTESAN		psite	998
ENSP00000355231	BECN1	234	YQREYSEFKRQ		psite	998
ENSP00000355231	BECN1	295	LGRLPSVPVEW		psite	998
ENSP00000281474	BICD1	304	DYRTPTLRKGE		psite	714
ENSP00000281474	BICD1	548	VTRSGSLKGPD		psite	714
ENSP00000281474	BICD1	569	ARRGVSSPVET		psite	714
ENSP00000381412	CAMK2A	286	MHRQETVDCLK	CAMK2A	hprd;pelm;psite	800
ENSP00000381412	CAMK2A	314	ATRNFSGGKSG		psite	800
ENSP00000381412	CAMK2A	333	KKRKSSSSVQL		psite	800
ENSP00000258682	CAMK2B	287	MHRQETVECLK	CAMK2B	hprd;psite	803
ENSP00000339740	CAMK2D	287	MHRQETVDCLK		hprd;psite	800
ENSP00000339740	CAMK2D	315	ATRNFSAAKSL	CAMK2D	hprd;pelm;psite	800
ENSP00000319060	CAMK2G	287	MHRQETVECLR		hprd;pelm;psite	801
ENSP00000319060	CAMK2G	315	VSRNFSAAKSL		hprd;pelm;psite	801
ENSP00000342681	CD5	434	FHRNHTATVRS	PRKCA;PRKCG	hprd;pelm;psite	621
ENSP00000367265	CKAP4	231	RERDFTSLENT		hprd;psite	768
ENSP00000367265	CKAP4	535	LDRLSSLDNLK		hprd;psite	768
ENSP00000317955	EEA1	15	PGRVGSQGSDL		hprd;psite	958
ENSP00000317955	EEA1	1265	SQRRVSELEKQ		psite	958
ENSP00000331201	HGS	284	RLRQKSTYTSY		psite	413
ENSP00000074304	INPP4A	22	MQRASTIDVAA		psite	913
ENSP00000074304	INPP4A	851	LPRSRSQTCLP		psite	913
ENSP00000263881	MAP4K3	24	IQRIGSGTYGD		psite	411
ENSP00000344668	KRIT1	276	WQRSMSSVTED		psite	621
ENSP00000371577	MTMR12	564	HQRQLSLPLTQ		psite	601
ENSP00000371577	MTMR12	716	LQRHSSKPVLP		psite	601
ENSP00000375097	SBF1	1747	AARRSTSTLYS		psite	528
ENSP00000375097	SBF1	1748	ARRSTSTLYSQ		hprd;pelm;psite	528
ENSP00000354558	MTOR	1821	KLRHASGANIT		psite	552
ENSP00000354558	MTOR	2444	NKRSRTRTDSY		hprd;psite	552
ENSP00000354558	MTOR	2446	RSRTRTDSYSA	AKT1;RPS6KB1	hprd;pelm;psite	552
ENSP00000354558	MTOR	2448	RTRTDSYSAGQ	AKT1;RPS6KB1	hprd;pelm;psite	552
ENSP00000359665	PI4K2A	462	HQRSSSESYTQ		hprd;pelm;psite	919
ENSP00000264864	PI4K2B	12	PDRLASADGGS		psite	901
ENSP00000349205	PIK3R4	894	PPRSESSAGIC		hprd;psite	999
ENSP00000271657	PI4KB	289	HQRSKSDATAS		hprd;pelm;psite	904
ENSP00000271657	PI4KB	306	LKRTASNPKVE	PRKD1;PRKD2	hprd;pelm;psite	904
ENSP00000271657	PI4KB	437	ENRIRSTRSVE		psite	904
ENSP00000271657	PI4KB	523	IRRRLSEQLAH		hprd;pelm;psite	904
ENSP00000264380	PIKFYVE	105	LQRRSSALDTR		psite	954
ENSP00000264380	PIKFYVE	261	GSRKASRNIFL		psite	954
ENSP00000264380	PIKFYVE	291	STRLVSVQEDA		psite	954
ENSP00000264380	PIKFYVE	305	PARNRSASITN		psite	954
ENSP00000264380	PIKFYVE	307	RNRSASITNLS	AKT1	hprd;pelm;psite	954
ENSP00000264380	PIKFYVE	341	YVRTETTEDER		psite	954
ENSP00000264380	PIKFYVE	1712	DSRPKSSSPIR		hprd;psite	954
ENSP00000333568	PRKD1	205	RRRRLSNVSLT	PKD1;PRKD1	hprd;pelm;psite	800
ENSP00000333568	PRKD1	219	TIRTSSAELST		pelm;psite	800
ENSP00000333568	PRKD1	249	EKRSNSQSYIG		hprd;pelm;psite	800
ENSP00000333568	PRKD1	421	TKRKSSTVMKE		psite	800
ENSP00000333568	PRKD1	448	YWRLDSKCITL		psite	800
ENSP00000260402	PLCB2	601	NKRQMSRIYPK		pelm;psite	901
ENSP00000279230	PLCB3	1105	RKRHNSISEAK	PRKACA;PRKCA;PRKG1;PRKG2	hprd;pelm;psite	903
ENSP00000279230	PLCB3	1130	NRRHITESVNS		psite	903
ENSP00000313731	PLCD3	105	IPRAPSQHIFF		hprd;pelm;psite	904
ENSP00000313731	PLCD3	496	DGRALSDREEE		hprd;pelm;psite	904
ENSP00000313731	PLCD3	582	NARQLTRVYPL		psite	904
ENSP00000260766	PLCE1	1096	LMRGESGEVTD		psite	906
ENSP00000244007	PLCG1	981	CYRDMSSFPET		psite	899
ENSP00000244007	PLCG1	1249	RAREGSFESRY	AKT1;PRKACA;PRKCA;PRKD1	hprd;pelm;psite	899
ENSP00000352336	PLCG2	160	QTRRNSISLRE		psite	899
ENSP00000352336	PLCG2	677	RKREGSDSYAI		psite	899
ENSP00000273047	RAB5A	84	QERYHSLAPMY		psite	940
ENSP00000353444	RAB5B	84	QERYHSLAPMY		psite	820
ENSP00000345689	RAB5C	85	QERYHSLAPMY		psite	800
ENSP00000262477	RABEP1	407	LRRAQSTDSLG	PRKD1	hprd;pelm;psite	412
ENSP00000307272	RPTOR	719	TPRLRSVSSYG	RPS6KA1	hprd;pelm;psite	460
ENSP00000307272	RPTOR	721	RLRSVSSYGNI	RPS6KA1	psite	460
ENSP00000307272	RPTOR	792	MRRASSYSSLN	PRKAA1	pelm;psite	460
ENSP00000307272	RPTOR	908	SGRPGTTGPAG	ICK	psite	460
ENSP00000025008	RB1CC1	222	LGRLDSLPEHE		hprd;psite	402
ENSP00000025008	RB1CC1	1482	NQRLMSQSMSS		psite	402
ENSP00000262187	RHEB	130	MERVISYEEGK		psite	508
ENSP00000296343	KIAA0226	248	ERRSTSFPLSG		psite	948
ENSP00000296343	KIAA0226	388	VLRRSSFSEGQ		psite	948
ENSP00000296343	KIAA0226	410	HIRSHSDTSIA		hprd;psite	948
ENSP00000296343	KIAA0226	469	MFRRPSEGQSL		psite	948
ENSP00000219476	TSC2	937	SFRARSTSLNE		psite	467
ENSP00000219476	TSC2	939	RARSTSLNERP	AKT1	hprd;pelm;psite	467
ENSP00000219476	TSC2	946	NERPKSLRIAR		psite	467
ENSP00000219476	TSC2	981	RCRSISVSEHV	AKT1	hprd;pelm;psite	467
ENSP00000219476	TSC2	1130	RDRVRSMSGGH		hprd;psite	467
ENSP00000219476	TSC2	1132	RVRSMSGGHGL		hprd;pelm;psite	467
ENSP00000219476	TSC2	1338	YSRSSSVSSQE		hprd;pelm;psite	467
ENSP00000219476	TSC2	1364	IERVVSSEGGR		hprd;psite	467
ENSP00000219476	TSC2	1420	KARSQSGTLDG		hprd;pelm;psite	467
ENSP00000219476	TSC2	1454	SPRSPSGLRPR		psite	467
ENSP00000219476	TSC2	1462	RPRGYTISDSA	AKT1	hprd;pelm;psite	467
ENSP00000219476	TSC2	1798	RKRLISSVEDF	RPS6KA1	hprd;pelm;psite	467
ENSP00000324560	ULK1	467	IRRSGSTSPLG		hprd;pelm;psite	534
ENSP00000324560	ULK1	495	LARKMSLGGGR		psite	534
ENSP00000324560	ULK1	556	GCRLHSAPNLS		hprd;pelm;psite	534
ENSP00000324560	ULK1	660	PPRNRTLPDLS		psite	534
ENSP00000324560	ULK1	694	FGRSFSTSRLT		psite	534
ENSP00000324560	ULK1	775	RTRMFSAGPTG		psite	534
ENSP00000348455	UVRAG	108	PDRLDTSVSCF		psite	865
ENSP00000348455	UVRAG	483	PKRQSSIFGGA		psite	865
ENSP00000348455	UVRAG	545	TERKITSLSSS		psite	865
ENSP00000253699	ZFYVE20	230	GSRRGSISSMS		hprd;psite	936
ENSP00000253699	ZFYVE20	548	HTRTRSLDFRE		psite	936
ENSP00000253699	ZFYVE20	601	PTRVWSGPPAV		pelm;psite	936
ENSP00000279230	PLCB3	26	TLRRGSKFIKW	PRKG1;PRKG2	hprd;pelm	903
ENSP00000218348	USP11	644	LSRYVTKPNSD		hprd	779
ENSP00000334105	PLCB4	620	NKRQMSRIYPK		hprd	901
ENSP00000262477	RABEP1	766	TLREKSQQLES		hprd	412
ENSP00000263881	MAP4K3	661	LPRKFSVSAKI		hprd	411
ENSP00000317955	EEA1	836	NNRIQTTVTEL		hprd	958
ENSP00000271657	PI4KB	353	GKRLATLPTKE		hprd	904
