name	PIK3CA
id	ENSP00000263967
type	Serine/threonine kinase
proline+1_removed	Yes
npartners	497
npartners_with_sites	366
nsites	188
//
motif	score	fg_matches	fg_size	bg_matches	bg_size	fold_increase
R.R..[ST]...G.	922.96	10	2865	0	9383	Inf
R.R..[ST]S....	328.47	14	2855	1	9383	46.01
R.R..[ST].....	317.1	56	2799	30	9364	6.24
..RR.[ST].....	316.53	42	2841	18	9382	7.71
..R..[ST].S...	314.78	64	2743	48	9334	4.54
//
prot_id	prot_name	position	flank	kinase	source	string_score
ENSP00000248975	YWHAH	59	GARRSSWRVIS		pelm;psite	652
ENSP00000309503	YWHAZ	58	GARRSSWRVVS	AKT1;MAPKAPK2;PRKACA	hprd;pelm;psite	908
ENSP00000270202	AKT1	72	RPRPNTFIIRC	AKT1	psite	998
ENSP00000270202	AKT1	246	RERVFSEDRAR	AKT1	psite	998
ENSP00000348602	AMPH	295	RPRSPSQTRKG	DYRK1A	psite	803
ENSP00000332454	RIPK4	396	FEREPSTSDLG		psite	467
ENSP00000288266	APPL1	636	LDRRASEKQKE		psite	670
ENSP00000364893	ARHGEF7	761	LGRRSSLSRLE		hprd;psite	532
ENSP00000351908	MAP3K5	83	RGRGSSVGGGS	AKT1;AKT2;PIM1	hprd;pelm;psite	839
ENSP00000343741	ATR	435	KRRRLSSSLNP		hprd;psite	445
ENSP00000343741	ATR	436	RRRLSSSLNPS		hprd;psite	445
ENSP00000257749	BACH2	521	RTRTSSSCSSY	RPS6KB1	psite	800
ENSP00000303507	BCR	301	LLRSQSTSEQE		psite	989
ENSP00000303507	BCR	698	TPRRQSMTVKK		psite	989
ENSP00000350283	BRCA1	509	RKRRPTSGLHP	AKT1	hprd;pelm;psite	412
ENSP00000350283	BRCA1	615	RLRRKSSTRHI		psite	412
ENSP00000350283	BRCA1	1328	QMRHQSESQGV		hprd;psite	412
ENSP00000308176	BTK	51	RGRRGSKKGSI		psite	933
ENSP00000308176	BTK	495	RHRFQTQQLLE		psite	933
ENSP00000296154	CASR	899	VSRKRSSSLGG		psite	906
ENSP00000351273	CASP8	322	RDRNGTHLDAG		psite	430
ENSP00000330237	CASP9	183	RTRTGSNIDCE	AKT1;PRKACA	hprd;pelm;psite	906
ENSP00000330237	CASP9	195	LRRRFSSLHFM	PRKACA	psite	906
ENSP00000330237	CASP9	196	RRRFSSLHFMV	AKT1	hprd;pelm;psite	906
ENSP00000352264	CD2AP	231	KLRTRTSSSET		hprd;psite	899
ENSP00000352264	CD2AP	233	RTRTSSSETEE		hprd;pelm;psite	899
ENSP00000316333	CD55	360	TTRLLSGSRPV		psite	817
ENSP00000405798	CDK16	159	RLRRVSLSEIG	PRKACA	hprd;pelm;psite	429
ENSP00000265846	ADAP1	87	RARFESKVPSF	PRKCA;PRKCE	hprd;psite	710
ENSP00000265846	ADAP1	276	RKRWFTMDDRR	PRKCA;PRKCE	hprd;psite	710
ENSP00000380921	SH3KBP1	179	SLRETTGSESD		psite	621
ENSP00000387699	CREB1	133	LSRRPSYRKIL	ATM;CAMK4;CAMKK1;DYRK3;MAP3K8;MAPKAPK2;PRKACA;PRKCE;PRKD1;RPS6KA1;RPS6KA2;RPS6KA3;RPS6KA4;RPS6KA5;SGK1;TSSK4	hprd;pelm;psite	894
ENSP00000300574	CRK	41	LVRDSSTSPGD		hprd;psite	928
ENSP00000300574	CRK	125	RSRQGSGVILR		hprd;psite	928
ENSP00000300574	CRK	194	KYRPASASVSA		hprd;psite	928
ENSP00000286301	CSF1R	713	YVRRDSGFSSQ		psite	838
ENSP00000220003	CSK	284	RSRGRSVLGGD		psite	837
ENSP00000344456	CTNNB1	552	TQRRTSMGGTQ	AKT1;AKT2;CAMK2A;PRKACA	hprd;pelm;psite	939
ENSP00000382004	CTNND1	320	RRRLRSYEDMI		hprd;pelm;psite	906
ENSP00000362401	CYSLTR1	308	RKRLSTFRKHS		psite	899
ENSP00000362401	CYSLTR1	313	TFRKHSLSSVT		psite	899
ENSP00000259371	DAB2IP	700	PARSSSYSEAN	RIPK1	pelm;psite	802
ENSP00000259371	DAB2IP	943	RLRQQSSSSKG		psite	802
ENSP00000259371	DAB2IP	1003	RDRLRSKDELS		psite	802
ENSP00000362014	DNM1	776	GRRSPTSSPTP		hprd;pelm;psite	801
ENSP00000359643	LPAR3	321	PERRPSRIPST		psite	899
ENSP00000297494	NOS3	615	KIRFNSISCSD	AKT1;PRKACA	pelm;psite	916
ENSP00000297494	NOS3	633	RKRKESSNTDS	PRKAA1;PRKACA;PRKG2	hprd;pelm;psite	916
ENSP00000297494	NOS3	1175	TSRIRTQSFSL		hprd;psite	916
ENSP00000297494	NOS3	1177	RIRTQSFSLQE	AKT1;PRKAA1;PRKACA;PRKG2	hprd;pelm;psite	916
ENSP00000337168	EPB41L1	441	FSRPASVSENH		pelm;psite	917
ENSP00000337168	EPB41L1	648	LDRDKSDSDTE		hprd;pelm;psite	917
ENSP00000351209	EPHA2	897	SIRLPSTSGSE	AKT1;EPHA2	hprd;pelm;psite	948
ENSP00000206249	ESR1	167	RERLASTNDKG	AKT1;AKT2;CSNK2A1;IKBKE;RPS6KA1;RPS6KA3;RPS6KB1	hprd;pelm;psite	989
ENSP00000206249	ESR1	236	KNRRKSCQACR	PRKACA	pelm;psite	989
ENSP00000341189	PTK2	695	RMRMESRRQAT		psite	940
ENSP00000341189	PTK2	700	SRRQATVSWDS		psite	940
ENSP00000331504	FES	409	DDRHSTSSSEQ		psite	901
ENSP00000306245	FOS	362	AHRKGSSSNEP	PRKACA;RPS6KA1;RPS6KA3	hprd;pelm;psite	583
ENSP00000368880	FOXO1	24	RPRSCTWPLPR	AKT1	hprd;pelm;psite	500
ENSP00000368880	FOXO1	256	RRRAASMDNNS	AKT1	hprd;pelm;psite	500
ENSP00000368880	FOXO1	319	RPRTSSNASTI	AKT1	hprd;pelm;psite	500
ENSP00000299293	FRS2	327	RGRLTSTSTSD		psite	931
ENSP00000400717	GNA13	203	LARRPTKGIHE	PRKACA	hprd;pelm;psite	900
ENSP00000262995	GAB1	251	PSRAPSASVDS		psite	838
ENSP00000262995	GAB1	304	QMRHVSISYDI		psite	838
ENSP00000262995	GAB1	387	PSRSNTISTVD		psite	838
ENSP00000262995	GAB1	714	DGRQSTESETP		psite	838
ENSP00000317145	GDNF	146	IFRYCSGSCDA		psite	927
ENSP00000320935	SLC2A4	274	RERPLSLLQLL	SGK1	pelm;psite	842
ENSP00000262493	GNAO1	182	RTRVKTTGIVE		psite	828
ENSP00000324806	GSK3B	9	RPRTTSFAESC	AKT1;AURKA;MAP4K5;PRKACA;PRKCA;PRKCB;PRKCD;PRKCG;PRKCH;RPS6KA1;RPS6KA3;RPS6KB1	hprd;pelm;psite	900
ENSP00000269571	ERBB2	1049	HHRHRSSSTRS		psite	946
ENSP00000269571	ERBB2	1051	RHRSSSTRSGG		psite	946
ENSP00000269571	ERBB2	1172	LERPKTLSPGK		pelm;psite	946
ENSP00000216117	HMOX1	188	RSRMNSLEMTP	AKT1	hprd;psite	523
ENSP00000327890	IL3RA	175	ISRLSSGSQSS		psite	900
ENSP00000299421	ILK	181	RPRNGTLNKHS		psite	874
ENSP00000299421	ILK	246	RLRIFSHPNVL	PAK1	psite	874
ENSP00000304895	IRS1	268	EFRPRSKSQSS	IKBKB	hprd;pelm;psite	999
ENSP00000304895	IRS1	270	RPRSKSQSSSN	ATR;IKBKB;RPS6KB1	hprd;pelm;psite	999
ENSP00000304895	IRS1	305	TRRSRTESITA		psite	999
ENSP00000304895	IRS1	307	RSRTESITATS	IKBKB;PRKCD;RPS6KB1	hprd;pelm;psite	999
ENSP00000304895	IRS1	330	RVRASSDGEGT	CSNK2B	hprd;psite	999
ENSP00000304895	IRS1	527	RKRTHSAGTSP	IKBKB;RPS6KB1	hprd;pelm;psite	999
ENSP00000304895	IRS1	1100	CRRRHSSETFS		hprd;psite	999
ENSP00000304895	IRS1	1101	RRRHSSETFSS	PRKCQ;RPS6KA1;RPS6KB1	hprd;pelm;psite	999
ENSP00000304895	IRS1	1143	VKRHSSASFEN		hprd;psite	999
ENSP00000304895	IRS1	1223	STRRSSEDLSA		hprd;pelm;psite	999
ENSP00000365016	IRS2	304	EFRPRSKSQSS		pelm;psite	984
ENSP00000365016	IRS2	306	RPRSKSQSSGS		hprd;pelm;psite	984
ENSP00000365016	IRS2	344	VRRSRTDSLAA		psite	984
ENSP00000365016	IRS2	346	RSRTDSLAATP		hprd;pelm;psite	984
ENSP00000365016	IRS2	363	SCRVRTASEGD		hprd;pelm;psite	984
ENSP00000365016	IRS2	365	RVRTASEGDGG		hprd;pelm;psite	984
ENSP00000365016	IRS2	404	LSRSHTLSGGC		psite	984
ENSP00000365016	IRS2	560	SYRRVSGDAAQ		hprd;pelm;psite	984
ENSP00000365016	IRS2	575	GLRKRTYSLTT		psite	984
ENSP00000365016	IRS2	577	RKRTYSLTTPA		hprd;pelm;psite	984
ENSP00000365016	IRS2	1148	GRRRHSSETFS		hprd;pelm;psite	984
ENSP00000365016	IRS2	1149	RRRHSSETFSS		hprd;pelm;psite	984
ENSP00000365016	IRS2	1174	PKRHNSASVEN		hprd;pelm;psite	984
ENSP00000200181	ITGB4	1483	PHRVLSTSSTL		psite	913
ENSP00000200181	ITGB4	1604	RVRAQSQEGWG		psite	913
ENSP00000200181	ITGB4	1806	VSRTLTTSGTL		psite	913
ENSP00000200181	ITGB4	1358	VLRSPSGSQRP		psite	913
ENSP00000265023	KNG1	327	VARETTCSKES		hprd;psite	929
ENSP00000354119	LAT	101	SSRRDSDGANS		hprd;pelm;psite	829
ENSP00000324856	STK11	336	RWRSMTVVPYL	STK11	hprd;psite	462
ENSP00000324856	STK11	428	KIRRLSACKQQ	PRKCZ;RPS6KA3;STK11	hprd;pelm;psite	462
ENSP00000417281	MDM2	164	VSRPSTSSRRR		psite	466
ENSP00000417281	MDM2	172	RRRAISETEEN	AKT1;CSNK1D;DAPK3;MAPKAPK2;PIM1	hprd;pelm;psite	466
ENSP00000417281	MDM2	192	RKRHKSDSISL	AKT1;DAPK3;PIM1	hprd;pelm;psite	466
ENSP00000354558	MTOR	2446	RSRTRTDSYSA	AKT1;RPS6KB1	hprd;pelm;psite	968
ENSP00000354558	MTOR	2448	RTRTDSYSAGQ	AKT1;RPS6KB1	hprd;pelm;psite	968
ENSP00000261207	PPP1R12A	507	PRRLASTSDIE		hprd;pelm;psite	424
ENSP00000261207	PPP1R12A	668	RERRRSYLTPV		hprd;psite	424
ENSP00000261207	PPP1R12A	696	QSRRSTQGVTL	RAF1;ROCK1;ROCK2	hprd;pelm;psite	424
ENSP00000261207	PPP1R12A	853	EKRRSTGVSFW	PRKCQ;ROCK1	hprd;psite	424
ENSP00000261207	PPP1R12A	892	ISRYETSSTSA		psite	424
ENSP00000261207	PPP1R12A	910	LGRSGSYSYLE	NUAK1	hprd;pelm;psite	424
ENSP00000261207	PPP1R12A	995	LERRISEMEEE		psite	424
ENSP00000226574	NFKB1	338	QLRRKSDLETS	PRKACA	hprd;pelm;psite	908
ENSP00000384273	RELA	276	QLRRPSDRELS	PIM1;PRKACA;RPS6KA4;RPS6KA5	hprd;pelm;psite	925
ENSP00000262613	SLC9A3R1	156	RPRLCTMKKGP		psite	698
ENSP00000244741	CDKN1A	145	RKRRQTSMTDF	AKT1;DAPK3;PIM1;PIM2;PRKCA	hprd;pelm;psite	429
ENSP00000228872	CDKN1B	157	RKRPATDDSST	AKT1;PIM1;SGK1	hprd;pelm;psite	895
ENSP00000257290	PDGFRA	1042	RNRHSSQTSEE		psite	938
ENSP00000282077	PDK1	346	RPRVETSRAVP		psite	899
ENSP00000307235	EIF2AK3	555	RQRKESETQCQ		psite	500
ENSP00000307235	EIF2AK3	802	RSRERTSSSIV		psite	500
ENSP00000307235	EIF2AK3	804	RERTSSSIVFE		psite	500
ENSP00000307235	EIF2AK3	1094	RQRSRSLSSSG		psite	500
ENSP00000307235	EIF2AK3	1096	RSRSLSSSGTK		psite	500
ENSP00000366563	PIK3CD	520	LERRGSGELYE		psite	409
ENSP00000274335	PIK3R1	154	LYRTQSSSNLA		psite	999
ENSP00000331602	PRKCD	304	SRRSDSASSEP	PRKCD	hprd;pelm;psite	966
ENSP00000343325	PKN1	69	NLRRATTDLGR		psite	469
ENSP00000343325	PKN1	380	YSRSGSLSGRS	PKN1	hprd;psite	469
ENSP00000279230	PLCB3	1105	RKRHNSISEAK	PRKACA;PRKCA;PRKG1;PRKG2	hprd;pelm;psite	904
ENSP00000279230	PLCB3	1130	NRRHITESVNS		psite	904
ENSP00000244007	PLCG1	1249	RAREGSFESRY	AKT1;PRKACA;PRKCA;PRKD1	hprd;pelm;psite	933
ENSP00000352336	PLCG2	160	QTRRNSISLRE		psite	913
ENSP00000352336	PLCG2	677	RKREGSDSYAI		psite	913
ENSP00000361009	PREX1	436	RRRKLSTVPKC		psite	800
ENSP00000248594	PTPN12	39	RLRRLSTKYRT	PRKACA;PRKCA	hprd;pelm;psite	417
ENSP00000348461	RAC1	71	RLRPLSYPQTV	AKT1	hprd;psite	989
ENSP00000307272	RPTOR	719	TPRLRSVSSYG	RPS6KA1	hprd;pelm;psite	530
ENSP00000307272	RPTOR	721	RLRSVSSYGNI	RPS6KA1	psite	530
ENSP00000307272	RPTOR	792	MRRASSYSSLN	PRKAA1	pelm;psite	530
ENSP00000216127	RASD2	239	FARRPSVNSDL		psite	635
ENSP00000384192	RASGRP3	133	WMRRVTQRKKV	PRKCD;PRKCQ	hprd;pelm;psite	619
ENSP00000267163	RB1	778	STRPPTLSPIP		psite	425
ENSP00000025008	RB1CC1	1482	NQRLMSQSMSS		psite	416
ENSP00000347942	RET	696	GARRPSLDSME	PRKACA	pelm;psite	938
ENSP00000349959	RICTOR	21	RGRNDSGEENV		hprd;pelm;psite	569
ENSP00000349959	RICTOR	1035	SSRHNSESESV		psite	569
ENSP00000349959	RICTOR	1135	RIRTLTEPSVD	AKT1;RPS6KB1;RPS6KB2;SGK1	psite	569
ENSP00000401802	PSMC6	258	GGRRFSEGTSA		psite	434
ENSP00000369757	RPS6	235	KRRRLSSLRAS	PAK2;PRKCD;RPS6KA1;RPS6KA3;RPS6KB1	hprd;pelm;psite	540
ENSP00000369757	RPS6	236	RRRLSSLRAST	PAK2;PRKCD;RPS6KA1;RPS6KA3;RPS6KB1	hprd;pelm;psite	540
ENSP00000332973	SMAD3	388	EYRRQTVTSTP		psite	494
ENSP00000384675	SOS1	1134	GPRSASVSSIS		hprd;pelm;psite	917
ENSP00000384675	SOS1	1161	RRRPESAPAES		psite	917
ENSP00000350941	SRC	17	SQRRRSLEPAE	PRKACA	hprd;pelm;psite	994
ENSP00000364898	SYK	295	ISRIKSYSFPK	CHEK1	psite	987
ENSP00000171887	TNS1	621	MFRSQSFSEAE		pelm;psite	642
ENSP00000171887	TNS1	899	RRRAASDGQYE		psite	642
ENSP00000171887	TNS1	1335	EDRRPTLSRQS		psite	642
ENSP00000171887	TNS1	1393	EKRRMSVGDRA		psite	642
ENSP00000286827	TIAM1	695	RSRFSSLWGLD		psite	846
ENSP00000298552	TSC1	1100	LFRNKSESQCD		psite	452
ENSP00000219476	TSC2	937	SFRARSTSLNE		psite	608
ENSP00000219476	TSC2	939	RARSTSLNERP	AKT1	hprd;pelm;psite	608
ENSP00000219476	TSC2	981	RCRSISVSEHV	AKT1	hprd;pelm;psite	608
ENSP00000219476	TSC2	1130	RDRVRSMSGGH		hprd;psite	608
ENSP00000219476	TSC2	1132	RVRSMSGGHGL		hprd;pelm;psite	608
ENSP00000219476	TSC2	1338	YSRSSSVSSQE		hprd;pelm;psite	608
ENSP00000219476	TSC2	1462	RPRGYTISDSA	AKT1	hprd;pelm;psite	608
ENSP00000219476	TSC2	1798	RKRLISSVEDF	RPS6KA1	hprd;pelm;psite	608
ENSP00000364336	TBXA2R	329	STRPRSLSLQP	PRKACA;PRKCA	hprd;psite	901
ENSP00000364336	TBXA2R	331	RPRSLSLQPQL	PRKCA	hprd;psite	901
ENSP00000360916	VAV2	779	ASRASSRSPAS		pelm;psite	915
ENSP00000295454	GABRB1	434	IRRRASQLKVK		pelm	621
ENSP00000279230	PLCB3	26	TLRRGSKFIKW	PRKG1;PRKG2	hprd;pelm	904
ENSP00000361202	IRS4	66	GSRSDSESEEE		hprd	945
ENSP00000307235	EIF2AK3	862	PPRPTTLSLDL		hprd	500
ENSP00000344220	PDPK1	33	MVRTQTESSTP	PDPK1	hprd	921
