name	PIK3CB
id	ENSP00000289153
type	Serine/threonine kinase
proline+1_removed	Yes
npartners	300
npartners_with_sites	248
nsites	469
//
motif	score	fg_matches	fg_size	bg_matches	bg_size	fold_increase
R.RT.[ST].....	624.47	15	2087	1	9383	67.44
R.R..[ST].....	317.66	51	2072	33	9382	7
..R..[ST].....	307.65	225	2021	449	9349	2.32
R..S.[ST].....	14.22	34	1524	46	8091	3.92
.....[ST].D...	9.16	135	1659	396	8487	1.74
//
prot_id	prot_name	position	flank	kinase	source	string_score
ENSP00000238081	YWHAQ	229	NLTLWTSDSAG		psite	621
ENSP00000340691	EIF4EBP1	85	GVTSPSSDEPP		hprd;pelm;psite	929
ENSP00000265724	ABCB1	667	LIRKRSTRRSV	PRKACA;PRKCA	hprd;pelm;psite	845
ENSP00000265724	ABCB1	683	QDRKLSTKEAL	PRKACA	hprd;pelm;psite	845
ENSP00000270202	AKT1	72	RPRPNTFIIRC	AKT1	psite	998
ENSP00000270202	AKT1	126	RSGSPSDNSGA		hprd;pelm;psite	998
ENSP00000270202	AKT1	246	RERVFSEDRAR	AKT1	psite	998
ENSP00000375892	AKT2	458	PDRYDSLGLLE		psite	943
ENSP00000373700	ALK	326	LLLNTSADSKH		psite	614
ENSP00000348602	AMPH	295	RPRSPSQTRKG	DYRK1A	psite	803
ENSP00000332454	RIPK4	396	FEREPSTSDLG		psite	467
ENSP00000364893	ARHGEF7	153	SHRIKSFDSLG		psite	567
ENSP00000364893	ARHGEF7	176	QGQYRSLDMTD		psite	567
ENSP00000364893	ARHGEF7	694	PERKPSDEEFA		hprd;pelm;psite	567
ENSP00000364893	ARHGEF7	704	ASRKSTAALEE		hprd;psite	567
ENSP00000364893	ARHGEF7	761	LGRRSSLSRLE		hprd;psite	567
ENSP00000364893	ARHGEF7	763	RRSSLSRLEPS		psite	567
ENSP00000257749	BACH2	334	LERSRSVASPS		psite	800
ENSP00000257749	BACH2	521	RTRTSSSCSSY	RPS6KB1	psite	800
ENSP00000293288	BAX	140	TIMGWTLDFLR		psite	917
ENSP00000339826	PIK3AP1	642	KKRSESFRFQQ		hprd;psite	842
ENSP00000303507	BCR	130	KARPGTARRPG		psite	899
ENSP00000303507	BCR	202	SDRISSLGSQA		psite	899
ENSP00000303507	BCR	215	MERKKSQHGAG		psite	899
ENSP00000303507	BCR	235	PYRGRSSESSC		psite	899
ENSP00000303507	BCR	301	LLRSQSTSEQE		psite	899
ENSP00000303507	BCR	303	RSQSTSEQEKR		psite	899
ENSP00000303507	BCR	377	QNSQQSFDSSS		psite	899
ENSP00000303507	BCR	473	SKGRGSRDALV		psite	899
ENSP00000303507	BCR	698	TPRRQSMTVKK		psite	899
ENSP00000303507	BCR	1049	PSRKQTGVFGV		psite	899
ENSP00000355231	BECN1	90	PARMMSTESAN		psite	411
ENSP00000355231	BECN1	119	RRLKVTGDLFD	DAPK1	pelm;psite	411
ENSP00000355231	BECN1	234	YQREYSEFKRQ		psite	411
ENSP00000355231	BECN1	295	LGRLPSVPVEW		psite	411
ENSP00000308176	BTK	51	RGRRGSKKGSI		psite	933
ENSP00000308176	BTK	55	GSKKGSIDVEK		psite	933
ENSP00000308176	BTK	495	RHRFQTQQLLE		psite	933
ENSP00000311032	CASP3	26	IHGSESMDSGI		hprd;psite	653
ENSP00000311032	CASP3	150	GDRCRSLTGKP	MAPK14	pelm;psite	653
ENSP00000351273	CASP8	322	RDRNGTHLDAG		psite	430
ENSP00000330237	CASP9	183	RTRTGSNIDCE	AKT1;PRKACA	hprd;pelm;psite	906
ENSP00000330237	CASP9	195	LRRRFSSLHFM	PRKACA	psite	906
ENSP00000330237	CASP9	196	RRRFSSLHFMV	AKT1	hprd;pelm;psite	906
ENSP00000264033	CBL	639	VPRLGSTFSLD	PRKCA	hprd;psite	955
ENSP00000264033	CBL	642	LGSTFSLDTSM	PRKCA	hprd;psite	955
ENSP00000264033	CBL	791	ARRTLSDISNA		psite	955
ENSP00000264033	CBL	804	SFGWLSLDGDP		psite	955
ENSP00000264033	CBL	833	PRRINSERKAG		psite	955
ENSP00000264122	CBLB	634	HSRVGSDPVLM		psite	800
ENSP00000264122	CBLB	886	KTNRTSQDYDQ		psite	800
ENSP00000227507	CCND1	90	LDRFLSLEPVK	PRKACA	hprd;pelm;psite	548
ENSP00000227507	CCND1	234	LTRFLSRVIKC	PRKACA	hprd;pelm;psite	548
ENSP00000352264	CD2AP	87	VQRISTYGLPA		psite	899
ENSP00000352264	CD2AP	231	KLRTRTSSSET		hprd;psite	899
ENSP00000352264	CD2AP	233	RTRTSSSETEE		hprd;pelm;psite	899
ENSP00000352264	CD2AP	458	PLRPKSVDFDS		hprd;pelm;psite	899
ENSP00000352264	CD2AP	582	DVKKNSLDELR		hprd;psite	899
ENSP00000316333	CD55	360	TTRLLSGSRPV		psite	817
ENSP00000316333	CD55	366	GSRPVTQAGMR		psite	817
ENSP00000261769	CDH1	748	PPEDDTRDNVY		psite	564
ENSP00000405798	CDK16	18	IKRQLSMTLRG	PRKACA	hprd;pelm;psite	428
ENSP00000405798	CDK16	20	RQLSMTLRGGR		psite	428
ENSP00000405798	CDK16	95	QASATSSDEVQ		hprd;psite	428
ENSP00000405798	CDK16	116	PPRKISTEDIN	PRKACA	hprd;pelm;psite	428
ENSP00000405798	CDK16	117	PRKISTEDINK		psite	428
ENSP00000405798	CDK16	159	RLRRVSLSEIG	PRKACA	hprd;pelm;psite	428
ENSP00000405798	CDK16	161	RRVSLSEIGFG		hprd;pelm;psite	428
ENSP00000405798	CDK16	486	SLRSSSMPDSG		hprd;pelm;psite	428
ENSP00000360540	CEP55	360	QMQACTLDFEN		psite	835
ENSP00000387699	CREB1	98	LKRLFSGTQIS	PRKD1	psite	894
ENSP00000387699	CREB1	100	RLFSGTQISTI	ATM	hprd;psite	894
ENSP00000387699	CREB1	108	STIAESEDSQE	CSNK1A1;CSNK2A1	psite	894
ENSP00000387699	CREB1	114	EDSQESVDSVT	CSNK1A1	psite	894
ENSP00000387699	CREB1	133	LSRRPSYRKIL	ATM;CAMK4;CAMKK1;DYRK3;MAP3K8;MAPKAPK2;PRKACA;PRKCE;PRKD1;RPS6KA1;RPS6KA2;RPS6KA3;RPS6KA4;RPS6KA5;SGK1;TSSK4	hprd;pelm;psite	894
ENSP00000387699	CREB1	142	ILNDLSSDAPG		hprd;pelm;psite	894
ENSP00000300574	CRK	41	LVRDSSTSPGD		hprd;psite	889
ENSP00000300574	CRK	125	RSRQGSGVILR		hprd;psite	889
ENSP00000300574	CRK	194	KYRPASASVSA		hprd;psite	889
ENSP00000300574	CRK	196	RPASASVSALI		hprd;psite	889
ENSP00000346300	CRKL	42	LVRDSSTCPGD		hprd;psite	867
ENSP00000286301	CSF1R	713	YVRRDSGFSSQ		psite	842
ENSP00000220003	CSK	284	RSRGRSVLGGD		psite	843
ENSP00000386884	CXCR4	329	VSRGSSLKILS	GRK6;PRKCD	hprd;pelm;psite	878
ENSP00000233668	DOK1	269	VLRADSHEGEV		hprd;pelm;psite	800
ENSP00000233668	DOK1	310	IAPCPSQDSLY		hprd;psite	800
ENSP00000233668	DOK1	406	PYNPATDDYAV		psite	800
ENSP00000233668	DOK1	460	SGASGSWDCGL		psite	800
ENSP00000233668	DOK1	470	LSRVGTDKTGV		psite	800
ENSP00000266481	DNM1L	79	DKRKTTGEENG		psite	834
ENSP00000362014	DNM1	347	KRIEGSGDQID		psite	801
ENSP00000362014	DNM1	776	GRRSPTSSPTP		hprd;pelm;psite	801
ENSP00000362014	DNM1	795	PARPGSRGPAP	PRKCA	hprd;psite	801
ENSP00000352721	DNM2	347	KRIEGSGDQVD		psite	830
ENSP00000356705	DNM3	347	KRIEGSGDQVD		hprd;psite	801
ENSP00000356705	DNM3	781	LARPTSGRGPA		psite	801
ENSP00000359643	LPAR3	321	PERRPSRIPST		psite	899
ENSP00000275493	EGFR	229	RGKSPSDCCHN		psite	973
ENSP00000275493	EGFR	678	IVRKRTLRRLL	PKN1;PKN3;PRKCA;PRKCD	hprd;pelm;psite	973
ENSP00000275493	EGFR	768	AYVMASVDNPH	CAMK2A	hprd;pelm;psite	973
ENSP00000275493	EGFR	940	QPPICTIDVYM		psite	973
ENSP00000275493	EGFR	1070	FLQRYSSDPTG	CAMK2G	hprd;pelm;psite	973
ENSP00000275493	EGFR	1071	LQRYSSDPTGA	CAMK2G	hprd;pelm;psite	973
ENSP00000275493	EGFR	1081	ALTEDSIDDTF	CAMK2A	hprd;pelm;psite	973
ENSP00000275493	EGFR	1120	LNPAPSRDPHY	CAMK2A	hprd;psite	973
ENSP00000275493	EGFR	1166	GSHQISLDNPD	CAMK2A	hprd;pelm;psite	973
ENSP00000297494	NOS3	495	ITRKKTFKEVA	PRKACA;PRKCA;PRKG2	pelm;psite	916
ENSP00000297494	NOS3	615	KIRFNSISCSD	AKT1;PRKACA	pelm;psite	916
ENSP00000297494	NOS3	633	RKRKESSNTDS	PRKAA1;PRKACA;PRKG2	hprd;pelm;psite	916
ENSP00000297494	NOS3	1175	TSRIRTQSFSL		hprd;psite	916
ENSP00000297494	NOS3	1177	RIRTQSFSLQE	AKT1;PRKAA1;PRKACA;PRKG2	hprd;pelm;psite	916
ENSP00000297494	NOS3	1179	RTQSFSLQERQ		pelm;psite	916
ENSP00000351209	EPHA2	153	DEITVSSDFEA		psite	515
ENSP00000351209	EPHA2	433	RTASVSINQTE		psite	515
ENSP00000351209	EPHA2	897	SIRLPSTSGSE	AKT1;EPHA2	hprd;pelm;psite	515
ENSP00000351209	EPHA2	899	RLPSTSGSEGV	EPHA2	hprd;pelm;psite	515
ENSP00000351209	EPHA2	910	PFRTVSEWLES		psite	515
ENSP00000351209	EPHA2	940	KVVQMTNDDIK		psite	515
ENSP00000206249	ESR1	154	FYRPNSDNRRQ		pelm;psite	896
ENSP00000206249	ESR1	167	RERLASTNDKG	AKT1;AKT2;CSNK2A1;IKBKE;RPS6KA1;RPS6KA3;RPS6KB1	hprd;pelm;psite	896
ENSP00000206249	ESR1	236	KNRRKSCQACR	PRKACA	pelm;psite	896
ENSP00000206249	ESR1	311	LALSLTADQMV	MAPK14	hprd;pelm;psite	896
ENSP00000263025	MAPK3	177	LLINTTCDLKI		psite	409
ENSP00000215832	MAPK1	160	LLLNTTCDLKI		psite	659
ENSP00000338934	EZR	332	KKRRETVEREK		psite	468
ENSP00000338934	EZR	366	AERELSEQIQR		psite	468
ENSP00000341189	PTK2	394	VSVSETDDYAE		psite	883
ENSP00000341189	PTK2	517	QVRKYSLDLAS		psite	883
ENSP00000341189	PTK2	695	RMRMESRRQAT		psite	883
ENSP00000341189	PTK2	700	SRRQATVSWDS		psite	883
ENSP00000341189	PTK2	702	RQATVSWDSGG		psite	883
ENSP00000341189	PTK2	843	RLSRGSIDRED		hprd;pelm;psite	883
ENSP00000410294	FGFR2	450	LVRITTRLSST		psite	876
ENSP00000410294	FGFR2	454	TTRLSSTADTP		psite	876
ENSP00000410294	FGFR2	455	TRLSSTADTPM		psite	876
ENSP00000410294	FGFR2	588	PGMEYSYDINR		psite	876
ENSP00000306245	FOS	362	AHRKGSSSNEP	PRKACA;RPS6KA1;RPS6KA3	hprd;pelm;psite	596
ENSP00000368880	FOXO1	24	RPRSCTWPLPR	AKT1	hprd;pelm;psite	480
ENSP00000368880	FOXO1	256	RRRAASMDNNS	AKT1	hprd;pelm;psite	480
ENSP00000368880	FOXO1	303	SPGSHSNDDFD		psite	480
ENSP00000368880	FOXO1	319	RPRTSSNASTI	AKT1	hprd;pelm;psite	480
ENSP00000357656	FYN	21	EERDGSLNQSS	PRKACA	hprd;pelm;psite	953
ENSP00000358867	GNAI3	62	HEDGYSEDECK		psite	826
ENSP00000262995	GAB1	251	PSRAPSASVDS		psite	844
ENSP00000262995	GAB1	253	RAPSASVDSSL		psite	844
ENSP00000262995	GAB1	266	LPRSYSHDVLP		hprd;pelm;psite	844
ENSP00000262995	GAB1	304	QMRHVSISYDI		psite	844
ENSP00000262995	GAB1	306	RHVSISYDIPP		psite	844
ENSP00000262995	GAB1	369	RTASDTDSSYC		psite	844
ENSP00000262995	GAB1	387	PSRSNTISTVD		psite	844
ENSP00000262995	GAB1	402	RKDASSQDCYD		psite	844
ENSP00000262995	GAB1	419	SDRSSSLEGFH		psite	844
ENSP00000262995	GAB1	714	DGRQSTESETP		psite	844
ENSP00000262995	GAB1	547	LERTDSQTIGD		hprd;psite	844
ENSP00000320935	SLC2A4	274	RERPLSLLQLL	SGK1	pelm;psite	846
ENSP00000262493	GNAO1	182	RTRVKTTGIVE		psite	800
ENSP00000229264	GNB3	140	VSRELSAHTGY		psite	800
ENSP00000312262	ADRBK1	248	LSLVSTGDCPF		psite	467
ENSP00000324806	GSK3B	9	RPRTTSFAESC	AKT1;AURKA;MAP4K5;PRKACA;PRKCA;PRKCB;PRKCD;PRKCG;PRKCH;RPS6KA1;RPS6KA3;RPS6KB1	hprd;pelm;psite	898
ENSP00000324806	GSK3B	415	ASDANTGDRGQ		hprd;pelm;psite	898
ENSP00000365012	HCK	202	HYKIRTLDNGG		psite	905
ENSP00000269571	ERBB2	686	KIRKYTMRRLL	PRKACA;PRKCA	pelm;psite	923
ENSP00000269571	ERBB2	948	QPPICTIDVYM		psite	923
ENSP00000269571	ERBB2	1049	HHRHRSSSTRS		psite	923
ENSP00000269571	ERBB2	1051	RHRSSSTRSGG		psite	923
ENSP00000269571	ERBB2	1172	LERPKTLSPGK		pelm;psite	923
ENSP00000267101	ERBB3	686	LERGESIEPLD		hprd;psite	677
ENSP00000338018	HIF1A	247	FLSRHSLDMKF	CSNK1D	psite	515
ENSP00000338018	HIF1A	576	DFQLRSFDQLS	PLK3	psite	515
ENSP00000216117	HMOX1	188	RSRMNSLEMTP	AKT1	hprd;psite	565
ENSP00000335153	HSP90AA1	174	ELISNSSDALD		psite	468
ENSP00000335153	HSP90AA1	185	KIRYESLTDPS		psite	468
ENSP00000335153	HSP90AA1	212	QDRTLTIVDTG	PRKACA	hprd;psite	468
ENSP00000335153	HSP90AA1	353	RDKEVSDDEAE	CSNK2A1	hprd;pelm;psite	468
ENSP00000335153	HSP90AA1	374	KEEKESEDKPE		hprd;pelm;psite	468
ENSP00000335153	HSP90AA1	439	FYKSLTNDWED		psite	468
ENSP00000335153	HSP90AA1	513	RGVVDSEDLPL	PNCK	psite	468
ENSP00000335153	HSP90AA1	745	ALRDNSTMGYM		psite	468
ENSP00000268035	IGF1R	1278	GFREVSFYYSE		hprd;psite	906
ENSP00000268035	IGF1R	1339	LVLRASFDERQ		hprd;pelm;psite	906
ENSP00000216797	NFKBIA	32	DDRHDSGLDSM	CHUK;CSNK2A1;IKBKB;IKBKE;RPS6KA1;RPS6KA3;SGK1	hprd;pelm;psite	428
ENSP00000216797	NFKBIA	283	QMLPESEDEES	CSNK2A1	hprd;pelm;psite	428
ENSP00000216797	NFKBIA	288	SEDEESYDTES	CSNK2A1	hprd;pelm;psite	428
ENSP00000216797	NFKBIA	299	EFTEFTEDELP	CSNK2A1	psite	428
ENSP00000327890	IL3RA	175	ISRLSSGSQSS		psite	810
ENSP00000299421	ILK	181	RPRNGTLNKHS		psite	867
ENSP00000299421	ILK	232	WSTRKSRDFNE		psite	867
ENSP00000299421	ILK	246	RLRIFSHPNVL	PAK1	psite	867
ENSP00000360777	INPP5E	85	LERALSLDDKG		psite	914
ENSP00000360777	INPP5E	109	EARNGTSPSRG		hprd;pelm;psite	914
ENSP00000360777	INPP5E	232	LVRAHSSLGPG		psite	914
ENSP00000303830	INSR	361	ELRGCTVINGS		psite	653
ENSP00000303830	INSR	1216	GVFTTSSDMWS		psite	653
ENSP00000303830	INSR	1375	NGRILTLPRSN	PRKCA	hprd;pelm;psite	653
ENSP00000304895	IRS1	268	EFRPRSKSQSS	IKBKB	hprd;pelm;psite	994
ENSP00000304895	IRS1	270	RPRSKSQSSSN	ATR;IKBKB;RPS6KB1	hprd;pelm;psite	994
ENSP00000304895	IRS1	305	TRRSRTESITA		psite	994
ENSP00000304895	IRS1	307	RSRTESITATS	IKBKB;PRKCD;RPS6KB1	hprd;pelm;psite	994
ENSP00000304895	IRS1	309	RTESITATSPA		psite	994
ENSP00000304895	IRS1	329	FRVRASSDGEG		psite	994
ENSP00000304895	IRS1	330	RVRASSDGEGT	CSNK2B	hprd;psite	994
ENSP00000304895	IRS1	341	MSRPASVDGSP	IKBKB	hprd;pelm;psite	994
ENSP00000304895	IRS1	527	RKRTHSAGTSP	IKBKB;RPS6KB1	hprd;pelm;psite	994
ENSP00000304895	IRS1	603	HHRPDSSTLHT		psite	994
ENSP00000304895	IRS1	605	RPDSSTLHTDD		psite	994
ENSP00000304895	IRS1	608	SSTLHTDDGYM		psite	994
ENSP00000304895	IRS1	629	SGRKGSGDYMP	AKT1	hprd;pelm;psite	994
ENSP00000304895	IRS1	1100	CRRRHSSETFS		hprd;psite	994
ENSP00000304895	IRS1	1101	RRRHSSETFSS	PRKCQ;RPS6KA1;RPS6KB1	hprd;pelm;psite	994
ENSP00000304895	IRS1	1103	RHSSETFSSTP		hprd;psite	994
ENSP00000304895	IRS1	1143	VKRHSSASFEN		hprd;psite	994
ENSP00000304895	IRS1	1145	RHSSASFENVW		hprd;pelm;psite	994
ENSP00000304895	IRS1	1223	STRRSSEDLSA		hprd;pelm;psite	994
ENSP00000365016	IRS2	304	EFRPRSKSQSS		pelm;psite	964
ENSP00000365016	IRS2	306	RPRSKSQSSGS		hprd;pelm;psite	964
ENSP00000365016	IRS2	308	RSKSQSSGSSA		hprd;pelm;psite	964
ENSP00000365016	IRS2	344	VRRSRTDSLAA		psite	964
ENSP00000365016	IRS2	346	RSRTDSLAATP		hprd;pelm;psite	964
ENSP00000365016	IRS2	363	SCRVRTASEGD		hprd;pelm;psite	964
ENSP00000365016	IRS2	365	RVRTASEGDGG		hprd;pelm;psite	964
ENSP00000365016	IRS2	384	GARPVSVAGSP		hprd;pelm;psite	964
ENSP00000365016	IRS2	404	LSRSHTLSGGC		psite	964
ENSP00000365016	IRS2	544	FYGYMTMDRPL		psite	964
ENSP00000365016	IRS2	550	MDRPLSHCGRS		hprd;pelm;psite	964
ENSP00000365016	IRS2	560	SYRRVSGDAAQ		hprd;pelm;psite	964
ENSP00000365016	IRS2	575	GLRKRTYSLTT		psite	964
ENSP00000365016	IRS2	577	RKRTYSLTTPA		hprd;pelm;psite	964
ENSP00000365016	IRS2	579	RTYSLTTPARQ		hprd;pelm;psite	964
ENSP00000365016	IRS2	594	QPSSASLDEYT		hprd;pelm;psite	964
ENSP00000365016	IRS2	672	SGSCRSDDYMP		hprd;psite	964
ENSP00000365016	IRS2	1148	GRRRHSSETFS		hprd;pelm;psite	964
ENSP00000365016	IRS2	1149	RRRHSSETFSS		hprd;pelm;psite	964
ENSP00000365016	IRS2	1151	RHSSETFSSTT		hprd;pelm;psite	964
ENSP00000365016	IRS2	1174	PKRHNSASVEN		hprd;pelm;psite	964
ENSP00000365016	IRS2	1176	RHNSASVENVS		hprd;pelm;psite	964
ENSP00000365016	IRS2	1186	SLRKSSEGGVG		hprd;psite	964
ENSP00000361202	IRS4	714	TPLVSSSDYMP		psite	885
ENSP00000398655	ITK	565	ENRSNSEVVED	ITK	hprd;pelm;psite	838
ENSP00000343204	JAK1	574	PMSQLSFDRIL		psite	916
ENSP00000391676	JAK3	17	PQRSCSLLSTE		psite	866
ENSP00000391676	JAK3	782	LNSLISSDYEL		psite	866
ENSP00000352138	KIRREL	639	DGRPSSRLSHS		psite	899
ENSP00000288135	KIT	746	SVRIGSYIERD	PRKCA	hprd;pelm;psite	867
ENSP00000288135	KIT	959	SVRINSVGSTA	PRKCA	hprd;pelm;psite	867
ENSP00000354119	LAT	35	HRLPGSYDSTS		psite	828
ENSP00000354119	LAT	40	SYDSTSSDSLY		hprd;pelm;psite	828
ENSP00000354119	LAT	96	SHRTPSSRRDS		psite	828
ENSP00000354119	LAT	101	SSRRDSDGANS		hprd;pelm;psite	828
ENSP00000354119	LAT	213	ESAEASLDGSR		psite	828
ENSP00000337825	LCK	42	LIRNGSEVRDP	MAPK1;MAPK3;PRKACA;PRKCA	hprd;pelm;psite	933
ENSP00000337825	LCK	210	LVRHYTNASDG		psite	933
ENSP00000351755	LPAR1	236	YVRQRTMRMSR		psite	899
ENSP00000351755	LPAR1	244	MSRHSSGPRRN		psite	899
ENSP00000417281	MDM2	164	VSRPSTSSRRR		psite	411
ENSP00000417281	MDM2	172	RRRAISETEEN	AKT1;CSNK1D;DAPK3;MAPKAPK2;PIM1	hprd;pelm;psite	411
ENSP00000417281	MDM2	174	RAISETEENSD		psite	411
ENSP00000417281	MDM2	192	RKRHKSDSISL	AKT1;DAPK3;PIM1	hprd;pelm;psite	411
ENSP00000417281	MDM2	194	RHKSDSISLSF	AKT1	pelm;psite	411
ENSP00000417281	MDM2	198	DSISLSFDESL		psite	411
ENSP00000417281	MDM2	259	EFEVESLDSED	CSNK1D	psite	411
ENSP00000417281	MDM2	262	VESLDSEDYSL		psite	411
ENSP00000417281	MDM2	425	FEREETQDKEE	CSNK1D	psite	411
ENSP00000302486	MAP2K1	298	PGRPLSSYGMD	PAK1	hprd;pelm;psite	854
ENSP00000262948	MAP2K2	306	PGRPVSGHGMD		psite	806
ENSP00000317272	MET	1003	LDRLVSARSVS	PRKCA;PRKCD;PRKCE	hprd;pelm;psite	889
ENSP00000317272	MET	1010	RSVSPTTEMVS		hprd;pelm;psite	889
ENSP00000317272	MET	1018	MVSNESVDYRA		hprd;pelm;psite	889
ENSP00000317272	MET	1307	YPDVNTFDITV		psite	889
ENSP00000354558	MTOR	909	GMIDQSRDASA		psite	938
ENSP00000354558	MTOR	1162	HPIVRTLDQSP		hprd;pelm;psite	938
ENSP00000354558	MTOR	1821	KLRHASGANIT		psite	938
ENSP00000354558	MTOR	1870	LQKKVTEDLSK		psite	938
ENSP00000354558	MTOR	2444	NKRSRTRTDSY		hprd;psite	938
ENSP00000354558	MTOR	2446	RSRTRTDSYSA	AKT1;RPS6KB1	hprd;pelm;psite	938
ENSP00000354558	MTOR	2448	RTRTDSYSAGQ	AKT1;RPS6KB1	hprd;pelm;psite	938
ENSP00000354558	MTOR	2450	RTDSYSAGQSV		psite	938
ENSP00000226207	MYH1	1366	LQRAMSKANSE		hprd;psite	410
ENSP00000226207	MYH1	1482	ESRSLSTELFK		psite	410
ENSP00000226207	MYH1	1604	ESMQSTLDAEI		psite	410
ENSP00000265433	NBN	347	LSQGVSVDEKL		psite	667
ENSP00000265433	NBN	397	KFRMLSQDAPT	ATM	hprd;pelm;psite	667
ENSP00000265433	NBN	442	PSINKSKDRAS		hprd;psite	667
ENSP00000265433	NBN	673	TSRNPSGINDD		psite	667
ENSP00000172229	NGFR	277	FKRWNSCKQNK	PRKCG	psite	829
ENSP00000244741	CDKN1A	145	RKRRQTSMTDF	AKT1;DAPK3;PIM1;PIM2;PRKCA	hprd;pelm;psite	409
ENSP00000244741	CDKN1A	146	KRRQTSMTDFY	AKT1;PIM1;PIM2;PRKCA	hprd;pelm;psite	409
ENSP00000228872	CDKN1B	157	RKRPATDDSST	AKT1;PIM1;SGK1	hprd;pelm;psite	885
ENSP00000229794	MAPK14	123	KCQKLTDDHVQ	ADRBK1	psite	488
ENSP00000229794	MAPK14	175	GLARHTDDEMT		hprd;psite	488
ENSP00000269305	TP53	55	IEQWFTEDPGP	GRK5;MAPK1;TAF1	hprd;pelm;psite	653
ENSP00000269305	TP53	366	GSRAHSSHLKS	CHEK2	hprd;psite	653
ENSP00000225577	RPS6KB1	53	GQLNESMDHGG	NEK6	pelm;psite	947
ENSP00000257290	PDGFRA	767	YDRPASYKKKS		hprd;pelm;psite	854
ENSP00000257290	PDGFRA	1042	RNRHSSQTSEE		psite	854
ENSP00000282077	PDK1	346	RPRVETSRAVP		psite	899
ENSP00000344220	PDPK1	176	IRKIGSFDETC		psite	922
ENSP00000344220	PDPK1	241	QARANSFVGTA	PDK1;PDPK1	hprd;pelm;psite	922
ENSP00000344220	PDPK1	366	YLPAMSEDDED		psite	922
ENSP00000344220	PDPK1	410	PQRSGSNIEQY	PDK1;PDPK1	hprd;pelm;psite	922
ENSP00000307235	EIF2AK3	555	RQRKESETQCQ		psite	462
ENSP00000307235	EIF2AK3	557	RKESETQCQTE		psite	462
ENSP00000307235	EIF2AK3	802	RSRERTSSSIV		psite	462
ENSP00000307235	EIF2AK3	804	RERTSSSIVFE		psite	462
ENSP00000307235	EIF2AK3	1094	RQRSRSLSSSG		psite	462
ENSP00000307235	EIF2AK3	1096	RSRSLSSSGTK		psite	462
ENSP00000263967	PIK3CA	312	YSRRISTATPY		psite	908
ENSP00000263967	PIK3CA	313	SRRISTATPYM		psite	908
ENSP00000352121	PIK3CG	582	HFRYESLKHPK		psite	911
ENSP00000352121	PIK3CG	746	MLQKVTLDIKS		psite	911
ENSP00000352121	PIK3CG	1024	ALRHHTNLLII		psite	911
ENSP00000274335	PIK3R1	154	LYRTQSSSNLA		psite	995
ENSP00000274335	PIK3R1	265	NARVLSEIFSP		psite	995
ENSP00000274335	PIK3R1	279	RFSAASSDNTE		psite	995
ENSP00000274335	PIK3R1	576	IQLRKTRDQYL		psite	995
ENSP00000274335	PIK3R1	603	LGNENTEDQYS		psite	995
ENSP00000222254	PIK3R2	601	GIKNETEDQYA		psite	991
ENSP00000357883	PIP5K1A	68	KIGHRSVDSSG		psite	904
ENSP00000357883	PIP5K1A	475	SRRAGSSGNSC		psite	904
ENSP00000265382	PIP5K1B	413	KKRCNSIAALK		psite	904
ENSP00000265382	PIP5K1B	448	GQSFSSLDEEA		psite	904
ENSP00000331602	PRKCD	43	TERGKTLVQKK		hprd;psite	686
ENSP00000331602	PRKCD	304	SRRSDSASSEP	PRKCD	hprd;pelm;psite	686
ENSP00000331602	PRKCD	306	RSDSASSEPVG		hprd;psite	686
ENSP00000331602	PRKCD	507	ESRASTFCGTP	PDK1;PDPK1	hprd;pelm;psite	686
ENSP00000331602	PRKCD	654	KNLIDSMDQSA		hprd;psite	686
ENSP00000306124	PRKCE	181	YLRQPTYCSHC		psite	661
ENSP00000306124	PRKCE	346	EDRSKSAPTSP	GSK3B	hprd;psite	661
ENSP00000306124	PRKCE	368	IRKALSFDNRG	PRKCA;PRKCE	hprd;psite	661
ENSP00000295797	PRKCI	8	TQRDSSTMSHT		hprd;psite	812
ENSP00000295797	PRKCI	19	VAGGGSGDHSH		hprd;psite	812
ENSP00000295797	PRKCI	226	PSSHESLDQVG		psite	812
ENSP00000343325	PKN1	69	NLRRATTDLGR		psite	463
ENSP00000343325	PKN1	70	LRRATTDLGRS	PKN1	hprd;psite	463
ENSP00000343325	PKN1	246	VLRLLSAAKAP		hprd;psite	463
ENSP00000343325	PKN1	380	YSRSGSLSGRS	PKN1	hprd;psite	463
ENSP00000343325	PKN1	780	GDRTSTFCGTP	PDK1;PDPK1;PKN1	hprd;pelm;psite	463
ENSP00000260402	PLCB2	601	NKRQMSRIYPK		pelm;psite	901
ENSP00000279230	PLCB3	1105	RKRHNSISEAK	PRKACA;PRKCA;PRKG1;PRKG2	hprd;pelm;psite	906
ENSP00000279230	PLCB3	1107	RHNSISEAKMR		psite	906
ENSP00000279230	PLCB3	1130	NRRHITESVNS		psite	906
ENSP00000313731	PLCD3	105	IPRAPSQHIFF		hprd;pelm;psite	901
ENSP00000313731	PLCD3	496	DGRALSDREEE		hprd;pelm;psite	901
ENSP00000313731	PLCD3	582	NARQLTRVYPL		psite	901
ENSP00000260766	PLCE1	1096	LMRGESGEVTD		psite	910
ENSP00000260766	PLCE1	1100	ESGEVTDDEMA		psite	910
ENSP00000244007	PLCG1	981	CYRDMSSFPET		psite	933
ENSP00000244007	PLCG1	1249	RAREGSFESRY	AKT1;PRKACA;PRKCA;PRKD1	hprd;pelm;psite	933
ENSP00000352336	PLCG2	160	QTRRNSISLRE		psite	913
ENSP00000352336	PLCG2	677	RKREGSDSYAI		psite	913
ENSP00000234313	PLEK	114	FARKSTRRSIR		hprd;pelm;psite	611
ENSP00000234313	PLEK	123	IRLPETIDLGA		psite	611
ENSP00000301242	PPP1R14A	12	GKRVLSKLQSP	DAPK3	pelm;psite	816
ENSP00000301242	PPP1R14A	130	RQPSPSHDGSL	CAMK2A	hprd;pelm;psite	816
ENSP00000325120	PGR	549	YLRPDSEASQS		psite	844
ENSP00000361009	PREX1	319	TKRTKSINGSL		psite	800
ENSP00000361009	PREX1	436	RRRKLSTVPKC		psite	800
ENSP00000361009	PREX1	1001	FGRKPSLIGLD		psite	800
ENSP00000361009	PREX1	1200	SDEMGSGDELP		psite	800
ENSP00000361021	PTEN	382	YRYSDTTDSDP	CSNK2A1;PRKCZ;STK11	hprd;pelm;psite	997
ENSP00000332816	PTK2B	828	RQEEKSLDPMV		psite	590
ENSP00000348461	RAC1	71	RLRPLSYPQTV	AKT1	hprd;psite	901
ENSP00000370151	RAD17	304	LNRIVTIEANK		hprd;psite	446
ENSP00000307272	RPTOR	719	TPRLRSVSSYG	RPS6KA1	hprd;pelm;psite	510
ENSP00000307272	RPTOR	721	RLRSVSSYGNI	RPS6KA1	psite	510
ENSP00000307272	RPTOR	792	MRRASSYSSLN	PRKAA1	pelm;psite	510
ENSP00000307272	RPTOR	889	SSSSLTNDVAK		psite	510
ENSP00000307272	RPTOR	908	SGRPGTTGPAG	ICK	psite	510
ENSP00000349959	RICTOR	21	RGRNDSGEENV		hprd;pelm;psite	411
ENSP00000349959	RICTOR	35	LTREPSDNLRE		psite	411
ENSP00000349959	RICTOR	383	PHRARSRPDLM		psite	411
ENSP00000349959	RICTOR	1035	SSRHNSESESV		psite	411
ENSP00000349959	RICTOR	1037	RHNSESESVPS		psite	411
ENSP00000349959	RICTOR	1133	NRRIRTLTEPS		psite	411
ENSP00000349959	RICTOR	1135	RIRTLTEPSVD	AKT1;RPS6KB1;RPS6KB2;SGK1	psite	411
ENSP00000349959	RICTOR	1138	TLTEPSVDFNH		psite	411
ENSP00000349959	RICTOR	1144	VDFNHSDDFTP		psite	411
ENSP00000349959	RICTOR	1219	KIRSQSFNTDT		hprd;psite	411
ENSP00000349959	RICTOR	1302	PRRAQSLKAPS		psite	411
ENSP00000349959	RICTOR	1388	ALSYASLDKED		hprd;psite	411
ENSP00000349959	RICTOR	1421	ATYGGSDDYIG		psite	411
ENSP00000401802	PSMC6	258	GGRRFSEGTSA		psite	462
ENSP00000256196	RRAS2	10	GWRDGSGQEKY		psite	814
ENSP00000369757	RPS6	235	KRRRLSSLRAS	PAK2;PRKCD;RPS6KA1;RPS6KA3;RPS6KB1	hprd;pelm;psite	516
ENSP00000369757	RPS6	236	RRRLSSLRAST	PAK2;PRKCD;RPS6KA1;RPS6KA3;RPS6KB1	hprd;pelm;psite	516
ENSP00000369757	RPS6	241	SLRASTSKSES		hprd;pelm;psite	516
ENSP00000391592	PTPN6	10	FHRDLSGLDAE		psite	828
ENSP00000340944	PTPN11	59	IKIQNTGDYYD		psite	901
ENSP00000340944	PTPN11	153	VLSVRTGDDKG		psite	901
ENSP00000340944	PTPN11	576	EMREDSARVYE	PRKCA;PRKCB;PRKCH	hprd;psite	901
ENSP00000262160	SMAD2	110	SEQTRSLDGRL	CAMK2A	hprd;psite	490
ENSP00000262160	SMAD2	240	QQLNQSMDTGS	CAMK2A	hprd;psite	490
ENSP00000262160	SMAD2	260	SPVNHSLDLQP	CAMK2A	hprd;psite	490
ENSP00000332973	SMAD3	388	EYRRQTVTSTP		psite	538
ENSP00000350941	SRC	17	SQRRRSLEPAE	PRKACA	hprd;pelm;psite	990
ENSP00000350941	SRC	51	GHRGPSAAFAP		psite	990
ENSP00000350941	SRC	69	FGGFNSSDTVT		pelm;psite	990
ENSP00000264657	STAT3	691	YCRPESQEHPE		hprd;pelm;psite	758
ENSP00000264657	STAT3	721	TTCSNTIDLPM		psite	758
ENSP00000301633	BIRC5	21	DHRISTFKNWP	PLK1	psite	885
ENSP00000364898	SYK	178	ISREESEQIVL		psite	987
ENSP00000364898	SYK	295	ISRIKSYSFPK	CHEK1	psite	987
ENSP00000364898	SYK	297	RIKSYSFPKPG		hprd;pelm;psite	987
ENSP00000322234	SYNJ1	1292	PPRSRSSHSLP		psite	899
ENSP00000322234	SYNJ1	1385	PARSQSQENMR		psite	899
ENSP00000347792	SYNJ2	1433	TWLSKSSDPLD		psite	914
ENSP00000171887	TNS1	329	SVDYNTSDPLI		psite	577
ENSP00000171887	TNS1	338	LIRWDSYDNFS		pelm;psite	577
ENSP00000171887	TNS1	445	LDRLLSGFGLE		pelm;psite	577
ENSP00000171887	TNS1	621	MFRSQSFSEAE		pelm;psite	577
ENSP00000171887	TNS1	701	FPRAASQQEIE		psite	577
ENSP00000171887	TNS1	899	RRRAASDGQYE		psite	577
ENSP00000171887	TNS1	1107	GPRTPTQPLLE		psite	577
ENSP00000171887	TNS1	1119	GFRSGSLGQPS		psite	577
ENSP00000171887	TNS1	1184	QARHRTVGTNT		psite	577
ENSP00000171887	TNS1	1335	EDRRPTLSRQS		psite	577
ENSP00000171887	TNS1	1343	RQSSASGYQAP		psite	577
ENSP00000171887	TNS1	1393	EKRRMSVGDRA		psite	577
ENSP00000171887	TNS1	1400	GDRAGSLPNYA		psite	577
ENSP00000286827	TIAM1	26	LGRKHTSRSLR		psite	924
ENSP00000286827	TIAM1	231	CQRANSLGDLY		hprd;psite	924
ENSP00000286827	TIAM1	319	GRRAKTTQDVN		psite	924
ENSP00000286827	TIAM1	320	RRAKTTQDVNA		psite	924
ENSP00000286827	TIAM1	695	RSRFSSLWGLD		psite	924
ENSP00000286827	TIAM1	1506	ETDILSDDDEF		hprd;psite	924
ENSP00000286827	TIAM1	1519	SVKGASVDRDL		psite	924
ENSP00000295756	TRAT1	46	KMYSYSSDHTR		psite	902
ENSP00000295756	TRAT1	112	QMCYASLDHSV		psite	902
ENSP00000219476	TSC2	937	SFRARSTSLNE		psite	518
ENSP00000219476	TSC2	939	RARSTSLNERP	AKT1	hprd;pelm;psite	518
ENSP00000219476	TSC2	946	NERPKSLRIAR		psite	518
ENSP00000219476	TSC2	981	RCRSISVSEHV	AKT1	hprd;pelm;psite	518
ENSP00000219476	TSC2	1130	RDRVRSMSGGH		hprd;psite	518
ENSP00000219476	TSC2	1132	RVRSMSGGHGL		hprd;pelm;psite	518
ENSP00000219476	TSC2	1338	YSRSSSVSSQE		hprd;pelm;psite	518
ENSP00000219476	TSC2	1340	RSSSVSSQEEK		psite	518
ENSP00000219476	TSC2	1364	IERVVSSEGGR		hprd;psite	518
ENSP00000219476	TSC2	1371	EGGRPSVDLSF		psite	518
ENSP00000219476	TSC2	1420	KARSQSGTLDG		hprd;pelm;psite	518
ENSP00000219476	TSC2	1454	SPRSPSGLRPR		psite	518
ENSP00000219476	TSC2	1462	RPRGYTISDSA	AKT1	hprd;pelm;psite	518
ENSP00000219476	TSC2	1798	RKRLISSVEDF	RPS6KA1	hprd;pelm;psite	518
ENSP00000263798	TYRO3	682	SRKIYSGDYYR		psite	499
ENSP00000388107	UBA52	57	DGRTLSDYNIQ		hprd;psite	429
ENSP00000360916	VAV2	779	ASRASSRSPAS		pelm;psite	915
ENSP00000282397	FLT1	1207	KFNSGSSDDVR		psite	867
ENSP00000263923	KDR	1235	KSRPVSVKTFE		psite	869
ENSP00000347858	XIAP	32	FNRLKTFANFP		psite	424
ENSP00000347858	XIAP	123	ENYLGSRDHFA		psite	424
ENSP00000264972	ZAP70	286	QRRIDTLNSDG		psite	842
ENSP00000314709	ZHX2	713	VARKATKPMAE		psite	659
ENSP00000275493	EGFR	1078	PTGALTEDSID		hprd;pelm	973
ENSP00000304895	IRS1	272	RSKSQSSSNCS	IKBKB	hprd;pelm	994
ENSP00000343325	PKN1	382	RSGSLSGRSSL		hprd;pelm	463
ENSP00000279230	PLCB3	26	TLRRGSKFIKW	PRKG1;PRKG2	hprd;pelm	906
ENSP00000282077	PDK1	393	YIKALSTDSIE	PDK1	hprd;pelm	899
ENSP00000335153	HSP90AA1	129	PEETQTQDQPM	PRKDC	hprd	468
ENSP00000335153	HSP90AA1	826	DEDDPTADDTS		hprd	468
ENSP00000304895	IRS1	88	LVALYTRDEHF	CSNK2B	hprd	994
ENSP00000343204	JAK1	119	TNWHGTNDNEQ		hprd	916
ENSP00000386884	CXCR4	22	TEEMGSGDYDS		hprd	878
ENSP00000306124	PRKCE	380	EHRAASSPDGQ		hprd	661
ENSP00000286827	TIAM1	1542	ERGRKTLDSHA		hprd	924
ENSP00000334105	PLCB4	620	NKRQMSRIYPK		hprd	901
ENSP00000265433	NBN	485	SARIETSCSLL		hprd	667
ENSP00000361202	IRS4	1231	PEREDSDNDDD		hprd	885
ENSP00000361202	IRS4	66	GSRSDSESEEE		hprd	885
ENSP00000361202	IRS4	68	RSDSESEEEDL		hprd	885
ENSP00000307235	EIF2AK3	862	PPRPTTLSLDL		hprd	462
ENSP00000344220	PDPK1	33	MVRTQTESSTP	PDPK1	hprd	922
