name	PIK3CG
id	ENSP00000352121
type	Serine/threonine kinase
proline+1_removed	Yes
npartners	291
npartners_with_sites	244
nsites	319
//
motif	score	fg_matches	fg_size	bg_matches	bg_size	fold_increase
R.RT.[ST].....	330.79	13	1886	1	9383	64.68
R.R..[ST].....	317.69	50	1873	33	9382	7.59
..RR.[ST].....	315.27	26	1823	15	9349	8.89
..R..[ST].....	307.65	191	1797	434	9334	2.29
R..S.[ST].....	12.84	32	1361	49	8096	3.88
//
prot_id	prot_name	position	flank	kinase	source	string_score
ENSP00000265724	ABCB1	667	LIRKRSTRRSV	PRKACA;PRKCA	hprd;pelm;psite	847
ENSP00000265724	ABCB1	683	QDRKLSTKEAL	PRKACA	hprd;pelm;psite	847
ENSP00000270202	AKT1	72	RPRPNTFIIRC	AKT1	psite	998
ENSP00000270202	AKT1	126	RSGSPSDNSGA		hprd;pelm;psite	998
ENSP00000270202	AKT1	246	RERVFSEDRAR	AKT1	psite	998
ENSP00000375892	AKT2	458	PDRYDSLGLLE		psite	935
ENSP00000348602	AMPH	295	RPRSPSQTRKG	DYRK1A	psite	804
ENSP00000332454	RIPK4	396	FEREPSTSDLG		psite	467
ENSP00000364893	ARHGEF7	153	SHRIKSFDSLG		psite	531
ENSP00000364893	ARHGEF7	694	PERKPSDEEFA		hprd;pelm;psite	531
ENSP00000364893	ARHGEF7	704	ASRKSTAALEE		hprd;psite	531
ENSP00000364893	ARHGEF7	761	LGRRSSLSRLE		hprd;psite	531
ENSP00000364893	ARHGEF7	763	RRSSLSRLEPS		psite	531
ENSP00000257749	BACH2	334	LERSRSVASPS		psite	803
ENSP00000257749	BACH2	521	RTRTSSSCSSY	RPS6KB1	psite	803
ENSP00000339826	PIK3AP1	642	KKRSESFRFQQ		hprd;psite	839
ENSP00000303507	BCR	130	KARPGTARRPG		psite	993
ENSP00000303507	BCR	202	SDRISSLGSQA		psite	993
ENSP00000303507	BCR	215	MERKKSQHGAG		psite	993
ENSP00000303507	BCR	235	PYRGRSSESSC		psite	993
ENSP00000303507	BCR	301	LLRSQSTSEQE		psite	993
ENSP00000303507	BCR	303	RSQSTSEQEKR		psite	993
ENSP00000303507	BCR	698	TPRRQSMTVKK		psite	993
ENSP00000303507	BCR	1049	PSRKQTGVFGV		psite	993
ENSP00000355231	BECN1	90	PARMMSTESAN		psite	748
ENSP00000355231	BECN1	234	YQREYSEFKRQ		psite	748
ENSP00000355231	BECN1	295	LGRLPSVPVEW		psite	748
ENSP00000308176	BTK	51	RGRRGSKKGSI		psite	938
ENSP00000308176	BTK	495	RHRFQTQQLLE		psite	938
ENSP00000311032	CASP3	150	GDRCRSLTGKP	MAPK14	pelm;psite	651
ENSP00000351273	CASP8	322	RDRNGTHLDAG		psite	430
ENSP00000330237	CASP9	183	RTRTGSNIDCE	AKT1;PRKACA	hprd;pelm;psite	906
ENSP00000330237	CASP9	195	LRRRFSSLHFM	PRKACA	psite	906
ENSP00000330237	CASP9	196	RRRFSSLHFMV	AKT1	hprd;pelm;psite	906
ENSP00000264033	CBL	639	VPRLGSTFSLD	PRKCA	hprd;psite	933
ENSP00000264033	CBL	791	ARRTLSDISNA		psite	933
ENSP00000264033	CBL	833	PRRINSERKAG		psite	933
ENSP00000264122	CBLB	634	HSRVGSDPVLM		psite	800
ENSP00000227507	CCND1	90	LDRFLSLEPVK	PRKACA	hprd;pelm;psite	547
ENSP00000227507	CCND1	234	LTRFLSRVIKC	PRKACA	hprd;pelm;psite	547
ENSP00000011653	CD4	440	IKRLLSEKKTC	PRKCA	psite	407
ENSP00000356346	PTPRC	951	FQRLPSYRSWR		psite	403
ENSP00000316333	CD55	360	TTRLLSGSRPV		psite	817
ENSP00000316333	CD55	366	GSRPVTQAGMR		psite	817
ENSP00000405798	CDK16	18	IKRQLSMTLRG	PRKACA	hprd;pelm;psite	427
ENSP00000405798	CDK16	20	RQLSMTLRGGR		psite	427
ENSP00000405798	CDK16	116	PPRKISTEDIN	PRKACA	hprd;pelm;psite	427
ENSP00000405798	CDK16	159	RLRRVSLSEIG	PRKACA	hprd;pelm;psite	427
ENSP00000405798	CDK16	161	RRVSLSEIGFG		hprd;pelm;psite	427
ENSP00000405798	CDK16	486	SLRSSSMPDSG		hprd;pelm;psite	427
ENSP00000387699	CREB1	98	LKRLFSGTQIS	PRKD1	psite	893
ENSP00000387699	CREB1	100	RLFSGTQISTI	ATM	hprd;psite	893
ENSP00000387699	CREB1	133	LSRRPSYRKIL	ATM;CAMK4;CAMKK1;DYRK3;MAP3K8;MAPKAPK2;PRKACA;PRKCE;PRKD1;RPS6KA1;RPS6KA2;RPS6KA3;RPS6KA4;RPS6KA5;SGK1;TSSK4	hprd;pelm;psite	893
ENSP00000300574	CRK	41	LVRDSSTSPGD		hprd;psite	856
ENSP00000300574	CRK	125	RSRQGSGVILR		hprd;psite	856
ENSP00000300574	CRK	194	KYRPASASVSA		hprd;psite	856
ENSP00000300574	CRK	196	RPASASVSALI		hprd;psite	856
ENSP00000346300	CRKL	42	LVRDSSTCPGD		hprd;psite	860
ENSP00000286301	CSF1R	713	YVRRDSGFSSQ		psite	844
ENSP00000220003	CSK	284	RSRGRSVLGGD		psite	838
ENSP00000386884	CXCR4	329	VSRGSSLKILS	GRK6;PRKCD	hprd;pelm;psite	569
ENSP00000233668	DOK1	269	VLRADSHEGEV		hprd;pelm;psite	800
ENSP00000233668	DOK1	470	LSRVGTDKTGV		psite	800
ENSP00000266481	DNM1L	79	DKRKTTGEENG		psite	822
ENSP00000362014	DNM1	776	GRRSPTSSPTP		hprd;pelm;psite	801
ENSP00000362014	DNM1	795	PARPGSRGPAP	PRKCA	hprd;psite	801
ENSP00000356705	DNM3	781	LARPTSGRGPA		psite	829
ENSP00000275493	EGFR	229	RGKSPSDCCHN		psite	946
ENSP00000275493	EGFR	678	IVRKRTLRRLL	PKN1;PKN3;PRKCA;PRKCD	hprd;pelm;psite	946
ENSP00000275493	EGFR	1071	LQRYSSDPTGA	CAMK2G	hprd;pelm;psite	946
ENSP00000297494	NOS3	495	ITRKKTFKEVA	PRKACA;PRKCA;PRKG2	pelm;psite	916
ENSP00000297494	NOS3	615	KIRFNSISCSD	AKT1;PRKACA	pelm;psite	916
ENSP00000297494	NOS3	633	RKRKESSNTDS	PRKAA1;PRKACA;PRKG2	hprd;pelm;psite	916
ENSP00000297494	NOS3	1175	TSRIRTQSFSL		hprd;psite	916
ENSP00000297494	NOS3	1177	RIRTQSFSLQE	AKT1;PRKAA1;PRKACA;PRKG2	hprd;pelm;psite	916
ENSP00000297494	NOS3	1179	RTQSFSLQERQ		pelm;psite	916
ENSP00000351209	EPHA2	433	RTASVSINQTE		psite	515
ENSP00000351209	EPHA2	897	SIRLPSTSGSE	AKT1;EPHA2	hprd;pelm;psite	515
ENSP00000351209	EPHA2	899	RLPSTSGSEGV	EPHA2	hprd;pelm;psite	515
ENSP00000351209	EPHA2	910	PFRTVSEWLES		psite	515
ENSP00000206249	ESR1	154	FYRPNSDNRRQ		pelm;psite	896
ENSP00000206249	ESR1	167	RERLASTNDKG	AKT1;AKT2;CSNK2A1;IKBKE;RPS6KA1;RPS6KA3;RPS6KB1	hprd;pelm;psite	896
ENSP00000206249	ESR1	236	KNRRKSCQACR	PRKACA	pelm;psite	896
ENSP00000338934	EZR	332	KKRRETVEREK		psite	408
ENSP00000338934	EZR	366	AERELSEQIQR		psite	408
ENSP00000341189	PTK2	517	QVRKYSLDLAS		psite	854
ENSP00000341189	PTK2	695	RMRMESRRQAT		psite	854
ENSP00000341189	PTK2	700	SRRQATVSWDS		psite	854
ENSP00000410294	FGFR2	450	LVRITTRLSST		psite	874
ENSP00000410294	FGFR2	454	TTRLSSTADTP		psite	874
ENSP00000306245	FOS	362	AHRKGSSSNEP	PRKACA;RPS6KA1;RPS6KA3	hprd;pelm;psite	583
ENSP00000368880	FOXO1	24	RPRSCTWPLPR	AKT1	hprd;pelm;psite	466
ENSP00000368880	FOXO1	256	RRRAASMDNNS	AKT1	hprd;pelm;psite	466
ENSP00000368880	FOXO1	319	RPRTSSNASTI	AKT1	hprd;pelm;psite	466
ENSP00000357656	FYN	21	EERDGSLNQSS	PRKACA	hprd;pelm;psite	947
ENSP00000262995	GAB1	251	PSRAPSASVDS		psite	934
ENSP00000262995	GAB1	253	RAPSASVDSSL		psite	934
ENSP00000262995	GAB1	266	LPRSYSHDVLP		hprd;pelm;psite	934
ENSP00000262995	GAB1	304	QMRHVSISYDI		psite	934
ENSP00000262995	GAB1	306	RHVSISYDIPP		psite	934
ENSP00000262995	GAB1	369	RTASDTDSSYC		psite	934
ENSP00000262995	GAB1	387	PSRSNTISTVD		psite	934
ENSP00000262995	GAB1	419	SDRSSSLEGFH		psite	934
ENSP00000262995	GAB1	714	DGRQSTESETP		psite	934
ENSP00000262995	GAB1	547	LERTDSQTIGD		hprd;psite	934
ENSP00000362924	GSN	51	EARPNSMVVEH		psite	669
ENSP00000320935	SLC2A4	274	RERPLSLLQLL	SGK1	pelm;psite	841
ENSP00000262493	GNAO1	182	RTRVKTTGIVE		psite	800
ENSP00000229264	GNB3	140	VSRELSAHTGY		psite	800
ENSP00000338799	IL6ST	782	FSRSESTQPLL		hprd;pelm;psite	653
ENSP00000338799	IL6ST	890	VERFETVGMEA	PRKCD	hprd;pelm;psite	653
ENSP00000324806	GSK3B	9	RPRTTSFAESC	AKT1;AURKA;MAP4K5;PRKACA;PRKCA;PRKCB;PRKCD;PRKCG;PRKCH;RPS6KA1;RPS6KA3;RPS6KB1	hprd;pelm;psite	899
ENSP00000269571	ERBB2	686	KIRKYTMRRLL	PRKACA;PRKCA	pelm;psite	917
ENSP00000269571	ERBB2	1049	HHRHRSSSTRS		psite	917
ENSP00000269571	ERBB2	1051	RHRSSSTRSGG		psite	917
ENSP00000269571	ERBB2	1172	LERPKTLSPGK		pelm;psite	917
ENSP00000267101	ERBB3	686	LERGESIEPLD		hprd;psite	534
ENSP00000216117	HMOX1	188	RSRMNSLEMTP	AKT1	hprd;psite	507
ENSP00000335153	HSP90AA1	185	KIRYESLTDPS		psite	469
ENSP00000335153	HSP90AA1	212	QDRTLTIVDTG	PRKACA	hprd;psite	469
ENSP00000335153	HSP90AA1	745	ALRDNSTMGYM		psite	469
ENSP00000268035	IGF1R	1278	GFREVSFYYSE		hprd;psite	902
ENSP00000216797	NFKBIA	32	DDRHDSGLDSM	CHUK;CSNK2A1;IKBKB;IKBKE;RPS6KA1;RPS6KA3;SGK1	hprd;pelm;psite	424
ENSP00000327890	IL3RA	175	ISRLSSGSQSS		psite	817
ENSP00000299421	ILK	181	RPRNGTLNKHS		psite	867
ENSP00000299421	ILK	246	RLRIFSHPNVL	PAK1	psite	867
ENSP00000360777	INPP5E	85	LERALSLDDKG		psite	913
ENSP00000360777	INPP5E	109	EARNGTSPSRG		hprd;pelm;psite	913
ENSP00000360777	INPP5E	232	LVRAHSSLGPG		psite	913
ENSP00000303830	INSR	361	ELRGCTVINGS		psite	645
ENSP00000303830	INSR	1375	NGRILTLPRSN	PRKCA	hprd;pelm;psite	645
ENSP00000304895	IRS1	268	EFRPRSKSQSS	IKBKB	hprd;pelm;psite	987
ENSP00000304895	IRS1	270	RPRSKSQSSSN	ATR;IKBKB;RPS6KB1	hprd;pelm;psite	987
ENSP00000304895	IRS1	305	TRRSRTESITA		psite	987
ENSP00000304895	IRS1	307	RSRTESITATS	IKBKB;PRKCD;RPS6KB1	hprd;pelm;psite	987
ENSP00000304895	IRS1	309	RTESITATSPA		psite	987
ENSP00000304895	IRS1	330	RVRASSDGEGT	CSNK2B	hprd;psite	987
ENSP00000304895	IRS1	341	MSRPASVDGSP	IKBKB	hprd;pelm;psite	987
ENSP00000304895	IRS1	527	RKRTHSAGTSP	IKBKB;RPS6KB1	hprd;pelm;psite	987
ENSP00000304895	IRS1	603	HHRPDSSTLHT		psite	987
ENSP00000304895	IRS1	605	RPDSSTLHTDD		psite	987
ENSP00000304895	IRS1	629	SGRKGSGDYMP	AKT1	hprd;pelm;psite	987
ENSP00000304895	IRS1	1100	CRRRHSSETFS		hprd;psite	987
ENSP00000304895	IRS1	1101	RRRHSSETFSS	PRKCQ;RPS6KA1;RPS6KB1	hprd;pelm;psite	987
ENSP00000304895	IRS1	1103	RHSSETFSSTP		hprd;psite	987
ENSP00000304895	IRS1	1143	VKRHSSASFEN		hprd;psite	987
ENSP00000304895	IRS1	1145	RHSSASFENVW		hprd;pelm;psite	987
ENSP00000304895	IRS1	1223	STRRSSEDLSA		hprd;pelm;psite	987
ENSP00000365016	IRS2	304	EFRPRSKSQSS		pelm;psite	918
ENSP00000365016	IRS2	306	RPRSKSQSSGS		hprd;pelm;psite	918
ENSP00000365016	IRS2	308	RSKSQSSGSSA		hprd;pelm;psite	918
ENSP00000365016	IRS2	344	VRRSRTDSLAA		psite	918
ENSP00000365016	IRS2	346	RSRTDSLAATP		hprd;pelm;psite	918
ENSP00000365016	IRS2	363	SCRVRTASEGD		hprd;pelm;psite	918
ENSP00000365016	IRS2	365	RVRTASEGDGG		hprd;pelm;psite	918
ENSP00000365016	IRS2	384	GARPVSVAGSP		hprd;pelm;psite	918
ENSP00000365016	IRS2	404	LSRSHTLSGGC		psite	918
ENSP00000365016	IRS2	550	MDRPLSHCGRS		hprd;pelm;psite	918
ENSP00000365016	IRS2	560	SYRRVSGDAAQ		hprd;pelm;psite	918
ENSP00000365016	IRS2	575	GLRKRTYSLTT		psite	918
ENSP00000365016	IRS2	577	RKRTYSLTTPA		hprd;pelm;psite	918
ENSP00000365016	IRS2	579	RTYSLTTPARQ		hprd;pelm;psite	918
ENSP00000365016	IRS2	1148	GRRRHSSETFS		hprd;pelm;psite	918
ENSP00000365016	IRS2	1149	RRRHSSETFSS		hprd;pelm;psite	918
ENSP00000365016	IRS2	1151	RHSSETFSSTT		hprd;pelm;psite	918
ENSP00000365016	IRS2	1174	PKRHNSASVEN		hprd;pelm;psite	918
ENSP00000365016	IRS2	1176	RHNSASVENVS		hprd;pelm;psite	918
ENSP00000365016	IRS2	1186	SLRKSSEGGVG		hprd;psite	918
ENSP00000398655	ITK	565	ENRSNSEVVED	ITK	hprd;pelm;psite	835
ENSP00000391676	JAK3	17	PQRSCSLLSTE		psite	859
ENSP00000288135	KIT	746	SVRIGSYIERD	PRKCA	hprd;pelm;psite	946
ENSP00000288135	KIT	959	SVRINSVGSTA	PRKCA	hprd;pelm;psite	946
ENSP00000205386	LAMB4	1135	CNRAGTQKPIC		psite	406
ENSP00000354119	LAT	96	SHRTPSSRRDS		psite	829
ENSP00000354119	LAT	101	SSRRDSDGANS		hprd;pelm;psite	829
ENSP00000337825	LCK	42	LIRNGSEVRDP	MAPK1;MAPK3;PRKACA;PRKCA	hprd;pelm;psite	865
ENSP00000337825	LCK	210	LVRHYTNASDG		psite	865
ENSP00000302486	MAP2K1	298	PGRPLSSYGMD	PAK1	hprd;pelm;psite	854
ENSP00000262948	MAP2K2	306	PGRPVSGHGMD		psite	842
ENSP00000317272	MET	1003	LDRLVSARSVS	PRKCA;PRKCD;PRKCE	hprd;pelm;psite	885
ENSP00000317272	MET	1010	RSVSPTTEMVS		hprd;pelm;psite	885
ENSP00000354558	MTOR	1821	KLRHASGANIT		psite	937
ENSP00000354558	MTOR	2444	NKRSRTRTDSY		hprd;psite	937
ENSP00000354558	MTOR	2446	RSRTRTDSYSA	AKT1;RPS6KB1	hprd;pelm;psite	937
ENSP00000354558	MTOR	2448	RTRTDSYSAGQ	AKT1;RPS6KB1	hprd;pelm;psite	937
ENSP00000354558	MTOR	2450	RTDSYSAGQSV		psite	937
ENSP00000172229	NGFR	277	FKRWNSCKQNK	PRKCG	psite	825
ENSP00000228872	CDKN1B	157	RKRPATDDSST	AKT1;PIM1;SGK1	hprd;pelm;psite	885
ENSP00000269305	TP53	366	GSRAHSSHLKS	CHEK2	hprd;psite	653
ENSP00000282096	PDE3B	295	RPRRRSSCVSL	AKT1	hprd;psite	743
ENSP00000282096	PDE3B	296	PRRRSSCVSLG	PRKACA	psite	743
ENSP00000282096	PDE3B	318	IFRRPSLPCIS	PRKACA	hprd;pelm;psite	743
ENSP00000282096	PDE3B	442	QLRRSSGTSGL	AKT1	hprd;pelm;psite	743
ENSP00000282096	PDE3B	444	RRSSGTSGLLP		hprd;pelm;psite	743
ENSP00000257290	PDGFRA	767	YDRPASYKKKS		hprd;pelm;psite	852
ENSP00000257290	PDGFRA	1042	RNRHSSQTSEE		psite	852
ENSP00000282077	PDK1	346	RPRVETSRAVP		psite	899
ENSP00000344220	PDPK1	241	QARANSFVGTA	PDK1;PDPK1	hprd;pelm;psite	907
ENSP00000344220	PDPK1	410	PQRSGSNIEQY	PDK1;PDPK1	hprd;pelm;psite	907
ENSP00000307235	EIF2AK3	555	RQRKESETQCQ		psite	430
ENSP00000307235	EIF2AK3	557	RKESETQCQTE		psite	430
ENSP00000307235	EIF2AK3	802	RSRERTSSSIV		psite	430
ENSP00000307235	EIF2AK3	804	RERTSSSIVFE		psite	430
ENSP00000307235	EIF2AK3	1094	RQRSRSLSSSG		psite	430
ENSP00000307235	EIF2AK3	1096	RSRSLSSSGTK		psite	430
ENSP00000366563	PIK3CD	520	LERRGSGELYE		psite	664
ENSP00000274335	PIK3R1	154	LYRTQSSSNLA		psite	960
ENSP00000274335	PIK3R1	265	NARVLSEIFSP		psite	960
ENSP00000264380	PIKFYVE	105	LQRRSSALDTR		psite	919
ENSP00000264380	PIKFYVE	261	GSRKASRNIFL		psite	919
ENSP00000264380	PIKFYVE	291	STRLVSVQEDA		psite	919
ENSP00000264380	PIKFYVE	305	PARNRSASITN		psite	919
ENSP00000264380	PIKFYVE	307	RNRSASITNLS	AKT1	hprd;pelm;psite	919
ENSP00000264380	PIKFYVE	309	RSASITNLSLD		psite	919
ENSP00000264380	PIKFYVE	341	YVRTETTEDER		psite	919
ENSP00000264380	PIKFYVE	1712	DSRPKSSSPIR		hprd;psite	919
ENSP00000357883	PIP5K1A	475	SRRAGSSGNSC		psite	904
ENSP00000265382	PIP5K1B	413	KKRCNSIAALK		psite	904
ENSP00000295797	PRKCI	8	TQRDSSTMSHT		hprd;psite	804
ENSP00000343325	PKN1	69	NLRRATTDLGR		psite	465
ENSP00000343325	PKN1	70	LRRATTDLGRS	PKN1	hprd;psite	465
ENSP00000343325	PKN1	246	VLRLLSAAKAP		hprd;psite	465
ENSP00000343325	PKN1	380	YSRSGSLSGRS	PKN1	hprd;psite	465
ENSP00000343325	PKN1	780	GDRTSTFCGTP	PDK1;PDPK1;PKN1	hprd;pelm;psite	465
ENSP00000260402	PLCB2	601	NKRQMSRIYPK		pelm;psite	903
ENSP00000279230	PLCB3	1105	RKRHNSISEAK	PRKACA;PRKCA;PRKG1;PRKG2	hprd;pelm;psite	907
ENSP00000279230	PLCB3	1107	RHNSISEAKMR		psite	907
ENSP00000279230	PLCB3	1130	NRRHITESVNS		psite	907
ENSP00000313731	PLCD3	105	IPRAPSQHIFF		hprd;pelm;psite	901
ENSP00000313731	PLCD3	496	DGRALSDREEE		hprd;pelm;psite	901
ENSP00000313731	PLCD3	582	NARQLTRVYPL		psite	901
ENSP00000260766	PLCE1	1096	LMRGESGEVTD		psite	910
ENSP00000244007	PLCG1	981	CYRDMSSFPET		psite	933
ENSP00000244007	PLCG1	1249	RAREGSFESRY	AKT1;PRKACA;PRKCA;PRKD1	hprd;pelm;psite	933
ENSP00000352336	PLCG2	160	QTRRNSISLRE		psite	914
ENSP00000352336	PLCG2	677	RKREGSDSYAI		psite	914
ENSP00000234313	PLEK	114	FARKSTRRSIR		hprd;pelm;psite	663
ENSP00000301242	PPP1R14A	12	GKRVLSKLQSP	DAPK3	pelm;psite	817
ENSP00000301242	PPP1R14A	130	RQPSPSHDGSL	CAMK2A	hprd;pelm;psite	817
ENSP00000325120	PGR	549	YLRPDSEASQS		psite	846
ENSP00000361009	PREX1	319	TKRTKSINGSL		psite	800
ENSP00000361009	PREX1	436	RRRKLSTVPKC		psite	800
ENSP00000361009	PREX1	1001	FGRKPSLIGLD		psite	800
ENSP00000348461	RAC1	71	RLRPLSYPQTV	AKT1	hprd;psite	907
ENSP00000307272	RPTOR	719	TPRLRSVSSYG	RPS6KA1	hprd;pelm;psite	511
ENSP00000307272	RPTOR	721	RLRSVSSYGNI	RPS6KA1	psite	511
ENSP00000307272	RPTOR	792	MRRASSYSSLN	PRKAA1	pelm;psite	511
ENSP00000307272	RPTOR	908	SGRPGTTGPAG	ICK	psite	511
ENSP00000401802	PSMC6	258	GGRRFSEGTSA		psite	430
ENSP00000256196	RRAS2	10	GWRDGSGQEKY		psite	811
ENSP00000369757	RPS6	235	KRRRLSSLRAS	PAK2;PRKCD;RPS6KA1;RPS6KA3;RPS6KB1	hprd;pelm;psite	515
ENSP00000369757	RPS6	236	RRRLSSLRAST	PAK2;PRKCD;RPS6KA1;RPS6KA3;RPS6KB1	hprd;pelm;psite	515
ENSP00000369757	RPS6	241	SLRASTSKSES		hprd;pelm;psite	515
ENSP00000316203	SEC14L2	289	ISRGSSHQVEY	PRKACA	psite	621
ENSP00000347532	KIAA1598	487	RRRKVTAEADS		psite	406
ENSP00000391592	PTPN6	10	FHRDLSGLDAE		psite	837
ENSP00000340944	PTPN11	576	EMREDSARVYE	PRKCA;PRKCB;PRKCH	hprd;psite	958
ENSP00000332973	SMAD3	388	EYRRQTVTSTP		psite	493
ENSP00000350941	SRC	17	SQRRRSLEPAE	PRKACA	hprd;pelm;psite	988
ENSP00000350941	SRC	51	GHRGPSAAFAP		psite	988
ENSP00000264657	STAT3	691	YCRPESQEHPE		hprd;pelm;psite	635
ENSP00000301633	BIRC5	21	DHRISTFKNWP	PLK1	psite	878
ENSP00000364898	SYK	178	ISREESEQIVL		psite	987
ENSP00000364898	SYK	295	ISRIKSYSFPK	CHEK1	psite	987
ENSP00000364898	SYK	297	RIKSYSFPKPG		hprd;pelm;psite	987
ENSP00000322234	SYNJ1	1292	PPRSRSSHSLP		psite	899
ENSP00000322234	SYNJ1	1385	PARSQSQENMR		psite	899
ENSP00000171887	TNS1	338	LIRWDSYDNFS		pelm;psite	574
ENSP00000171887	TNS1	445	LDRLLSGFGLE		pelm;psite	574
ENSP00000171887	TNS1	621	MFRSQSFSEAE		pelm;psite	574
ENSP00000171887	TNS1	701	FPRAASQQEIE		psite	574
ENSP00000171887	TNS1	899	RRRAASDGQYE		psite	574
ENSP00000171887	TNS1	1107	GPRTPTQPLLE		psite	574
ENSP00000171887	TNS1	1119	GFRSGSLGQPS		psite	574
ENSP00000171887	TNS1	1184	QARHRTVGTNT		psite	574
ENSP00000171887	TNS1	1335	EDRRPTLSRQS		psite	574
ENSP00000171887	TNS1	1343	RQSSASGYQAP		psite	574
ENSP00000171887	TNS1	1393	EKRRMSVGDRA		psite	574
ENSP00000171887	TNS1	1400	GDRAGSLPNYA		psite	574
ENSP00000286827	TIAM1	26	LGRKHTSRSLR		psite	843
ENSP00000286827	TIAM1	231	CQRANSLGDLY		hprd;psite	843
ENSP00000286827	TIAM1	319	GRRAKTTQDVN		psite	843
ENSP00000286827	TIAM1	695	RSRFSSLWGLD		psite	843
ENSP00000354219	TPM2	108	QERLATALQKL		psite	621
ENSP00000219476	TSC2	937	SFRARSTSLNE		psite	541
ENSP00000219476	TSC2	939	RARSTSLNERP	AKT1	hprd;pelm;psite	541
ENSP00000219476	TSC2	946	NERPKSLRIAR		psite	541
ENSP00000219476	TSC2	981	RCRSISVSEHV	AKT1	hprd;pelm;psite	541
ENSP00000219476	TSC2	1130	RDRVRSMSGGH		hprd;psite	541
ENSP00000219476	TSC2	1132	RVRSMSGGHGL		hprd;pelm;psite	541
ENSP00000219476	TSC2	1338	YSRSSSVSSQE		hprd;pelm;psite	541
ENSP00000219476	TSC2	1340	RSSSVSSQEEK		psite	541
ENSP00000219476	TSC2	1364	IERVVSSEGGR		hprd;psite	541
ENSP00000219476	TSC2	1420	KARSQSGTLDG		hprd;pelm;psite	541
ENSP00000219476	TSC2	1454	SPRSPSGLRPR		psite	541
ENSP00000219476	TSC2	1462	RPRGYTISDSA	AKT1	hprd;pelm;psite	541
ENSP00000219476	TSC2	1798	RKRLISSVEDF	RPS6KA1	hprd;pelm;psite	541
ENSP00000388107	UBA52	57	DGRTLSDYNIQ		hprd;psite	427
ENSP00000333376	USP45	450	CIRKLSSGETV		psite	641
ENSP00000356515	UTRN	1258	EERMKSTEVLP	MARK2	psite	625
ENSP00000356515	UTRN	1415	TARGGSQMDVL		psite	625
ENSP00000360916	VAV2	779	ASRASSRSPAS		pelm;psite	917
ENSP00000263923	KDR	1235	KSRPVSVKTFE		psite	884
ENSP00000347858	XIAP	32	FNRLKTFANFP		psite	424
ENSP00000264972	ZAP70	286	QRRIDTLNSDG		psite	838
ENSP00000314709	ZHX2	713	VARKATKPMAE		psite	659
ENSP00000334146	ZNF347	620	HQRIHTGEKPY		psite	425
ENSP00000334146	ZNF347	788	HQRIHTGEKPY		psite	425
ENSP00000304895	IRS1	272	RSKSQSSSNCS	IKBKB	hprd;pelm	987
ENSP00000343325	PKN1	382	RSGSLSGRSSL		hprd;pelm	465
ENSP00000279230	PLCB3	26	TLRRGSKFIKW	PRKG1;PRKG2	hprd;pelm	907
ENSP00000356515	UTRN	2665	AMRKQSSEVKE		hprd	625
ENSP00000334105	PLCB4	620	NKRQMSRIYPK		hprd	901
ENSP00000361202	IRS4	1231	PEREDSDNDDD		hprd	875
ENSP00000361202	IRS4	66	GSRSDSESEEE		hprd	875
ENSP00000361202	IRS4	68	RSDSESEEEDL		hprd	875
ENSP00000307235	EIF2AK3	862	PPRPTTLSLDL		hprd	430
ENSP00000344220	PDPK1	33	MVRTQTESSTP	PDPK1	hprd	907
ENSP00000334146	ZNF347	498	AFRAHSNLTTH		hprd	425
