name	PIM1
id	ENSP00000362608
type	Serine/threonine kinase
proline+1_removed	Yes
npartners	56
npartners_with_sites	49
nsites	51
//
motif	score	fg_matches	fg_size	bg_matches	bg_size	fold_increase
..R..[ST].....	7.34	47	383	483	9383	2.38
//
prot_id	prot_name	position	flank	kinase	source	string_score
ENSP00000265724	ABCB1	667	LIRKRSTRRSV	PRKACA;PRKCA	hprd;pelm;psite	621
ENSP00000265724	ABCB1	683	QDRKLSTKEAL	PRKACA	hprd;pelm;psite	621
ENSP00000237612	ABCG2	187	FIRGVSGGERK		psite	621
ENSP00000229335	AICDA	27	KGRRETYLCYV	PRKACA	psite	408
ENSP00000229335	AICDA	38	VKRRDSATSFS	PRKACA	hprd;psite	408
ENSP00000300305	RUNX1	323	SSRLSTAPDLT		psite	814
ENSP00000309103	BAD	75	RSRHSSYPAGT	ARAF;BRAF;PAK1;PIM3;PRKACA;PRKCE;PRKCI;PRKCQ;PRKD1;RAF1;RPS6KA1;RPS6KA3	hprd;pelm;psite	745
ENSP00000309103	BAD	97	PFRGRSRSAPP		psite	745
ENSP00000309103	BAD	99	RGRSRSAPPNL	AKT1;ARAF;BRAF;PAK1;PRKACA;PRKCE;PRKCI;PRKCQ;PRKD1;RAF1;RPS6KA3	hprd;pelm;psite	745
ENSP00000309103	BAD	118	ELRRMSDEFVD	ARAF;BRAF;PAK1;PRKACA;PRKCE;PRKCI;PRKD1;RAF1;RPS6KA1	hprd;pelm;psite	745
ENSP00000309103	BAD	134	LPRPKSAGTAT		hprd;psite	745
ENSP00000308450	CDC20	51	ANRSHSAGRTP		psite	619
ENSP00000308450	CDC20	448	TSRVLSLTMSP		psite	619
ENSP00000303706	CDC25A	76	LQRMGSSESTD	CHEK1;GSK3B	hprd;pelm;psite	978
ENSP00000303706	CDC25A	107	MRRIHSLPQKL		psite	978
ENSP00000303706	CDC25A	124	LKRSHSDSLDH	CHEK1;CHEK2	hprd;pelm;psite	978
ENSP00000303706	CDC25A	178	TQRQNSAPARM	CHEK1;CHEK2	hprd;pelm;psite	978
ENSP00000303706	CDC25A	293	TKRRKSMSGAS	CHEK1;CHEK2;RPS6KA1	hprd;pelm;psite	978
ENSP00000386884	CXCR4	329	VSRGSSLKILS	GRK6;PRKCD	hprd;pelm;psite	815
ENSP00000254810	H3F3B	46	RYRPGTVALRE	DYRK1B;DYRK2;DYRK3	psite	808
ENSP00000355778	H3F3A	46	RYRPGTVALRE	DYRK1B;DYRK2;DYRK3	psite	807
ENSP00000358154	HIST2H3C	46	RYRPGTVALRE		psite	619
ENSP00000355657	HIST3H3	46	RYRPGTVALRE		psite	619
ENSP00000355657	HIST3H3	87	DLRFQSSAVMA		psite	619
ENSP00000302961	HSPA4	76	HGRAFSDPFVE		hprd;pelm;psite	804
ENSP00000302961	HSPA4	113	EERNFTTEQVT		hprd;psite	804
ENSP00000302961	HSPA4	393	KVREFSITDVV		psite	804
ENSP00000335153	HSP90AA1	185	KIRYESLTDPS		psite	626
ENSP00000335153	HSP90AA1	212	QDRTLTIVDTG	PRKACA	hprd;psite	626
ENSP00000335153	HSP90AA1	745	ALRDNSTMGYM		psite	626
ENSP00000417281	MDM2	164	VSRPSTSSRRR		psite	662
ENSP00000417281	MDM2	172	RRRAISETEEN	AKT1;CSNK1D;DAPK3;MAPKAPK2;PIM1	hprd;pelm;psite	662
ENSP00000417281	MDM2	192	RKRHKSDSISL	AKT1;DAPK3;PIM1	hprd;pelm;psite	662
ENSP00000417281	MDM2	425	FEREETQDKEE	CSNK1D	psite	662
ENSP00000367207	MYC	358	NNRKCTSPRSS		psite	792
ENSP00000327850	NFATC1	256	NKRKYSLNGRQ	PRKACA;PRKCA	hprd;pelm;psite	677
ENSP00000244741	CDKN1A	145	RKRRQTSMTDF	AKT1;DAPK3;PIM1;PIM2;PRKCA	hprd;pelm;psite	937
ENSP00000244741	CDKN1A	146	KRRQTSMTDFY	AKT1;PIM1;PIM2;PRKCA	hprd;pelm;psite	937
ENSP00000247970	PIN1	71	QSRRPSSWRQE		psite	619
ENSP00000247970	PIN1	72	SRRPSSWRQEK		psite	619
ENSP00000234038	PPP1R7	24	DRRVESEESGD		hprd;pelm;psite	675
ENSP00000337641	PPP2R5E	32	QKRSQSSSQFR		psite	630
ENSP00000302150	PRL	207	CLRRDSHKIDN	PAK2	pelm;psite	852
ENSP00000274255	SKP2	72	RKRLKSKGSDK	PIM1	psite	637
ENSP00000346762	SND1	779	STRLGTLSPAF		psite	622
ENSP00000264657	STAT3	691	YCRPESQEHPE		hprd;pelm;psite	681
ENSP00000344818	UBC	57	DGRTLSDYNIQ		hprd;psite	711
ENSP00000356853	UCK2	254	RKRQASESSSR		hprd;pelm;psite	526
ENSP00000232014	BCL6	308	EERPSSEDEIA		hprd	423
ENSP00000254810	H3F3B	87	DLRFQSAAIGA		hprd	808
ENSP00000355778	H3F3A	87	DLRFQSAAIGA		hprd	807
