name	PKMYT1
id	ENSP00000262300
type	Serine/threonine kinase
proline+1_removed	Yes
npartners	86
npartners_with_sites	64
nsites	180
//
motif	score	fg_matches	fg_size	bg_matches	bg_size	fold_increase
..R..[ST].....	11.77	90	780	483	9383	2.24
.....[ST]..E..	8.5	88	690	585	8900	1.94
//
prot_id	prot_name	position	flank	kinase	source	string_score
ENSP00000216911	AURKA	104	KQPLPSAPENN	AURKA	pelm;psite	480
ENSP00000216911	AURKA	266	NLLLGSAGELK	AURKA	pelm;psite	480
ENSP00000216911	AURKA	288	SSRRTTLCGTL	AURKA;PAK1;PRKACA	hprd;pelm;psite	480
ENSP00000216911	AURKA	342	TYKRISRVEFT	AURKA;PAK1	pelm;psite	480
ENSP00000357625	BNIP3	17	ESLQGSWVELH		psite	792
ENSP00000357625	BNIP3	86	ETDTHSIGEKN		hprd;pelm;psite	792
ENSP00000357625	BNIP3	93	GEKNSSQSEED		hprd;psite	792
ENSP00000357625	BNIP3	149	SMRNTSVMKKG		hprd;psite	792
ENSP00000316121	CDCA8	154	KKRTQSIQGKG	AURKB	hprd;psite	617
ENSP00000316121	CDCA8	169	SSRANTVTPAV	TTK	hprd;pelm;psite	617
ENSP00000316121	CDCA8	194	TPRFDSRVFKT		hprd;psite	617
ENSP00000302530	BUB1	331	GPSVGSQQELR		psite	574
ENSP00000302530	BUB1	411	GCVNKSTHEFK		psite	574
ENSP00000302530	BUB1	563	VSRLPSKPKEE		hprd;psite	574
ENSP00000302530	BUB1	640	QATLDSCEENM		psite	574
ENSP00000287598	BUB1B	39	QGRIMSTLQGA		psite	531
ENSP00000287598	BUB1B	384	LQRVQSHQQAS		psite	531
ENSP00000287598	BUB1B	434	EAELLTSAEKR		hprd;psite	531
ENSP00000287598	BUB1B	600	GFRNVTICPNP		psite	531
ENSP00000287598	BUB1B	680	DSREATHSSGF	PLK1	psite	531
ENSP00000287598	BUB1B	733	RQLLKSLPELS		pelm;psite	531
ENSP00000158166	CAMKK1	52	RARAASVIPGS		psite	470
ENSP00000158166	CAMKK1	74	SARKLSLQERP	PRKACA	hprd;psite	470
ENSP00000158166	CAMKK1	108	AWRRPTIESHH		hprd;pelm;psite	470
ENSP00000158166	CAMKK1	496	MLRKRSFGNPF		hprd;psite	470
ENSP00000158166	CAMKK1	513	EERSMSAPGNL	PRKACA	hprd;psite	470
ENSP00000312741	CAMKK2	100	SGRKLSLQERS		psite	468
ENSP00000312741	CAMKK2	145	LPRRPTVESHH		psite	468
ENSP00000312741	CAMKK2	495	MIRKRSFGNPF		hprd;psite	468
ENSP00000312741	CAMKK2	511	EERSLSAPGNL	DAPK1	hprd;pelm;psite	468
ENSP00000288207	CCNB2	8	LLRRPTVSSDL		psite	648
ENSP00000288207	CCNB2	11	RPTVSSDLENI		psite	648
ENSP00000288207	CCNB2	99	TPEDVSMKEEN		hprd;pelm;psite	648
ENSP00000288207	CCNB2	220	ALLLASKYEEM		psite	648
ENSP00000308450	CDC20	51	ANRSHSAGRTP		psite	791
ENSP00000308450	CDC20	448	TSRVLSLTMSP		psite	791
ENSP00000303706	CDC25A	76	LQRMGSSESTD	CHEK1;GSK3B	hprd;pelm;psite	721
ENSP00000303706	CDC25A	107	MRRIHSLPQKL		psite	721
ENSP00000303706	CDC25A	124	LKRSHSDSLDH	CHEK1;CHEK2	hprd;pelm;psite	721
ENSP00000303706	CDC25A	178	TQRQNSAPARM	CHEK1;CHEK2	hprd;pelm;psite	721
ENSP00000303706	CDC25A	279	KRPERSQEESP	CHEK1;CHEK2	hprd;pelm;psite	721
ENSP00000303706	CDC25A	293	TKRRKSMSGAS	CHEK1;CHEK2;RPS6KA1	hprd;pelm;psite	721
ENSP00000303706	CDC25A	513	WAGEKSKREMY		psite	721
ENSP00000245960	CDC25B	151	IRRFQSMPVRL		psite	737
ENSP00000245960	CDC25B	167	VLRNITNSQAP		psite	737
ENSP00000245960	CDC25B	178	DGRRKSEAGSG		psite	737
ENSP00000245960	CDC25B	187	SGAASSSGEDK	CSNK2A1	hprd;pelm;psite	737
ENSP00000245960	CDC25B	230	AQRPSSAPDLM	CHEK1	pelm;psite	737
ENSP00000245960	CDC25B	323	LFRSPSMPCSV	MAPKAPK2;MELK	pelm;psite	737
ENSP00000245960	CDC25B	353	NKRRRSVTPPE	AURKA;MAPKAPK2;RPS6KA1	hprd;pelm;psite	737
ENSP00000245960	CDC25B	375	VLRSKSLCHDE	BRSK1;MAPKAPK2	hprd;pelm;psite	737
ENSP00000321656	CDC25C	38	LERDTSFTVCP		hprd;pelm;psite	684
ENSP00000321656	CDC25C	216	LYRSPSMPENL	BRSK1;CHEK1;CHEK2;MAPK14;MAPKAPK2;MARK3	hprd;pelm;psite	684
ENSP00000321656	CDC25C	449	LLRCRSQSKVQ		psite	684
ENSP00000215574	CDC34	231	DDEDDSGTEES	CSNK2A1;CSNK2B	hprd;pelm;psite	481
ENSP00000209728	CDC6	20	PKRKLSRALNK		psite	492
ENSP00000209728	CDC6	381	CARKVSAVSGD		hprd;psite	492
ENSP00000275517	CDCA5	33	RSQRKSGSELP		hprd;pelm;psite	597
ENSP00000275517	CDCA5	98	PGRELTKEDLF		psite	597
ENSP00000275517	CDCA5	151	YSRLETLGSAS		psite	597
ENSP00000266970	CDK2	39	KIRLDTETEGV	AKT1	hprd;psite	921
ENSP00000266970	CDK2	160	PVRTYTHEVVT	CDK2;CDK20;CDK7;MAPK1;MAPK3	hprd;pelm;psite	921
ENSP00000301019	CDT1	73	RRLRLSVDEVS		psite	560
ENSP00000355922	CENPF	242	IRRDFSASYFS		psite	413
ENSP00000355922	CENPF	480	NELRRSMEEMK		psite	413
ENSP00000355922	CENPF	834	QNRVDSLEFSL		hprd;pelm;psite	413
ENSP00000355922	CENPF	940	HLLEDSLKELQ		psite	413
ENSP00000355922	CENPF	1010	DEREKSISELS		hprd;psite	413
ENSP00000355922	CENPF	1324	TELNDSRSECI		hprd;pelm;psite	413
ENSP00000355922	CENPF	1862	LQRVETSEGLN		psite	413
ENSP00000355922	CENPF	1868	SEGLNSDLEMH		hprd;psite	413
ENSP00000355922	CENPF	1892	AKVNDSWKERF		hprd;pelm;psite	413
ENSP00000355922	CENPF	2082	ARLSESDYEKL		hprd;psite	413
ENSP00000355922	CENPF	2189	VETLKTQIEEM		psite	413
ENSP00000355922	CENPF	2416	LEIINSSFENI		hprd;pelm;psite	413
ENSP00000355922	CENPF	2542	LVSKLSQVEGE		hprd;pelm;psite	413
ENSP00000355922	CENPF	2606	KMDKMSFVEKV		hprd;psite	413
ENSP00000355922	CENPF	2615	KVNKMTAKETE		hprd;psite	413
ENSP00000355922	CENPF	3081	PERSPTDSPRE		hprd;pelm;psite	413
ENSP00000372023	CHEK2	67	SLETVSTQELY		psite	604
ENSP00000372023	CHEK2	73	TQELYSIPEDQ	PLK3	psite	604
ENSP00000372023	CHEK2	163	FGRDKSCEYCF	CHEK2	psite	604
ENSP00000372023	CHEK2	183	KYRTYSKKHFR	CHEK2	psite	604
ENSP00000372023	CHEK2	303	KFAIGSAREAD	CHEK2	psite	604
ENSP00000281708	FBXW7	227	RRRITSVQPPT	SGK1	psite	503
ENSP00000378529	FZR1	120	RRLQPSTPEKK		psite	569
ENSP00000299767	HSP90B1	42	KSREGSRTDDE		psite	448
ENSP00000299767	HSP90B1	44	REGSRTDDEVV		psite	448
ENSP00000299767	HSP90B1	306	EEKEESDDEAA		hprd;psite	448
ENSP00000299767	HSP90B1	786	EMDVGTDEEEE		hprd;pelm;psite	448
ENSP00000264108	HAT1	343	LVTDMSDAEQY		psite	591
ENSP00000263208	HIRA	557	VLTTPSKIEPM		hprd;psite	588
ENSP00000263208	HIRA	588	TSMTPTAVERL	CDK2	psite	588
ENSP00000263208	HIRA	650	RPRKDSRLMPV		psite	588
ENSP00000335153	HSP90AA1	185	KIRYESLTDPS		psite	448
ENSP00000335153	HSP90AA1	194	PSKLDSGKELH		psite	448
ENSP00000335153	HSP90AA1	212	QDRTLTIVDTG	PRKACA	hprd;psite	448
ENSP00000335153	HSP90AA1	353	RDKEVSDDEAE	CSNK2A1	hprd;pelm;psite	448
ENSP00000335153	HSP90AA1	385	IEDVGSDEEEE	CSNK2A1	hprd;pelm;psite	448
ENSP00000335153	HSP90AA1	688	QEEKKTKFENL		psite	448
ENSP00000335153	HSP90AA1	745	ALRDNSTMGYM		psite	448
ENSP00000335153	HSP90AA1	763	INPDHSIIETL		hprd;psite	448
ENSP00000335153	HSP90AA1	848	GDDDTSRMEEV		hprd;pelm;psite	448
ENSP00000325875	HSP90AB1	58	KIRYESLTDPS		psite	448
ENSP00000325875	HSP90AB1	67	PSKLDSGKELK		psite	448
ENSP00000325875	HSP90AB1	226	REKEISDDEAE	CSNK2A1	hprd;pelm;psite	448
ENSP00000325875	HSP90AB1	255	IEDVGSDEEDD	AURKB;CSNK2A1	hprd;pelm;psite	448
ENSP00000325875	HSP90AB1	297	NPDDITQEEYG		hprd;pelm;psite	448
ENSP00000325875	HSP90AB1	365	VFIMDSCDELI		psite	448
ENSP00000325875	HSP90AB1	452	NRRRLSELLRY	AURKB	hprd;psite	448
ENSP00000325875	HSP90AB1	459	LLRYHTSQSGD		psite	448
ENSP00000325875	HSP90AB1	615	ALRDNSTMGYM		psite	448
ENSP00000325875	HSP90AB1	718	GDEDASRMEEV	PLK3	hprd;psite	448
ENSP00000263274	LIG1	66	ARVLGSEGEEE	CSNK2A1	hprd;pelm;psite	455
ENSP00000263274	LIG1	97	PPRPATSPENN		hprd;pelm;psite	455
ENSP00000263274	LIG1	141	VLEEQSEDEDR		hprd;pelm;psite	455
ENSP00000263274	LIG1	165	PKESLTEAEVA		psite	455
ENSP00000263274	LIG1	199	ETPTESVSEPE		hprd;psite	455
ENSP00000263274	LIG1	201	PTESVSEPEVA		hprd;pelm;psite	455
ENSP00000263274	LIG1	207	EPEVATKQELQ		psite	455
ENSP00000263274	LIG1	801	LGTGFSDEELE		psite	455
ENSP00000263274	LIG1	913	GEDSGSDPEDT		hprd;pelm;psite	455
ENSP00000296509	MAD2L1	185	EVRLRSFTTTI		psite	709
ENSP00000296509	MAD2L1	187	RLRSFTTTIHK		psite	709
ENSP00000265056	MCM2	108	EELTASQREAA	ATR;CDC7;CDK2;CDK7;CSNK2A1	hprd;pelm;psite	608
ENSP00000265056	MCM2	139	GLLYDSDEEDE	CDC7;CDK2;CDK7;CSNK2A1	hprd;pelm;psite	608
ENSP00000265056	MCM2	754	DLRKESMATGS		hprd;psite	608
ENSP00000229854	MCM3	160	IERRYSDLTTL	DAPK1	hprd;pelm;psite	555
ENSP00000229854	MCM3	668	KRKKRSEDESE		hprd;pelm;psite	555
ENSP00000229854	MCM3	672	RSEDESETEDE		hprd;pelm;psite	555
ENSP00000229854	MCM3	674	EDESETEDEEE		hprd;pelm;psite	555
ENSP00000229854	MCM3	711	DPYDFSDTEEE		hprd;pelm;psite	555
ENSP00000229854	MCM3	713	YDFSDTEEEMP		hprd;pelm;psite	555
ENSP00000216122	MCM5	605	SDRRSSIPITV		psite	471
ENSP00000264156	MCM6	557	IVDLHSRIEES		psite	439
ENSP00000264156	MCM6	568	IDRVYSLDDIR		psite	439
ENSP00000264156	MCM6	762	ESEIDSEEELI		hprd;pelm;psite	439
ENSP00000309871	RACGAP1	187	KRRSTSRQFVD	AURKB	hprd;pelm;psite	484
ENSP00000309871	RACGAP1	249	RSRRKTGTLQP	AKT2;AURKB	psite	484
ENSP00000309871	RACGAP1	405	FLRVKTVPLLS		psite	484
ENSP00000309871	RACGAP1	579	LLGPVTTPEHQ		hprd;pelm;psite	484
ENSP00000309871	RACGAP1	600	SQRVRSTLTKN		hprd;pelm;psite	484
ENSP00000261182	NAP1L1	39	KARQLTVQMMQ		psite	403
ENSP00000229794	MAPK14	16	QELNKTIWEVP		hprd;psite	407
ENSP00000229794	MAPK14	175	GLARHTDDEMT		hprd;psite	407
ENSP00000247970	PIN1	71	QSRRPSSWRQE		psite	849
ENSP00000247970	PIN1	72	SRRPSSWRQEK		psite	849
ENSP00000300093	PLK1	137	LCRRRSLLELH	MAP3K8	pelm;psite	980
ENSP00000300093	PLK1	210	GERKKTLCGTP	AURKA;MAP3K8;STK10	hprd;pelm;psite	980
ENSP00000300093	PLK1	597	SSRSASNRLKA		psite	980
ENSP00000370113	PPP2R2A	378	TKRDITLEASR		hprd;psite	464
ENSP00000355958	DTL	485	INRRGSVSSVS		hprd;pelm;psite	454
ENSP00000355958	DTL	510	VTRTPSSSPPI		hprd;pelm;psite	454
ENSP00000355958	DTL	557	KRRLDSSCLES		hprd;pelm;psite	454
ENSP00000355958	DTL	558	RRLDSSCLESV		hprd;psite	454
ENSP00000355958	DTL	681	SPRSPSSQTPN		hprd;pelm;psite	454
ENSP00000368884	RPS6KA3	386	LFRGFSFVAIT		hprd;pelm;psite	801
ENSP00000368884	RPS6KA3	392	FVAITSDDESQ		psite	801
ENSP00000306473	SHCBP1	273	LSNCNSDSEQE		hprd;pelm;psite	469
ENSP00000306473	SHCBP1	275	NCNSDSEQENI		pelm;psite	469
ENSP00000376822	STEAP3	480	WERESTIKFTL		psite	982
ENSP00000301633	BIRC5	21	DHRISTFKNWP	PLK1	psite	567
ENSP00000301633	BIRC5	48	FIHCPTENEPD	CSNK2A1	psite	567
ENSP00000326550	TACC3	39	SVLRVSQKENV		psite	447
ENSP00000326550	TACC3	315	AGRAMTLSPQE		hprd;pelm;psite	447
ENSP00000326550	TACC3	558	ALRKQSLYLKF	AURKA	hprd;pelm;psite	447
ENSP00000263228	UBE2R2	233	YDDDDSGNEES	CSNK2A1	hprd;pelm;psite	438
ENSP00000306473	SHCBP1	573	ALKIQTSGEPD		hprd;pelm	469
ENSP00000275517	CDCA5	125	PEAESSSKEGE		pelm	597
ENSP00000299767	HSP90B1	792	DEEEETAKEST		hprd	448
ENSP00000355922	CENPF	2915	PSPIPSVTEKR		hprd	413
ENSP00000355922	CENPF	162	QYYSGSKYEDL		hprd	413
ENSP00000355922	CENPF	2923	EKRLSSGQNKA		hprd	413
ENSP00000302530	BUB1	306	HQVVETSHEDL		hprd	574
ENSP00000357625	BNIP3	142	PKRTATLSMRN		hprd	792
ENSP00000309871	RACGAP1	145	NKRLSTIDESG	AURKB	hprd	484
ENSP00000309871	RACGAP1	186	EKRRSTSRQFV	AURKB	hprd	484
ENSP00000309871	RACGAP1	234	PIEAVSTIETV		hprd	484
ENSP00000309871	RACGAP1	533	VERLLSLPLEY		hprd	484
ENSP00000355958	DTL	539	VSQKSSQAEAC		hprd	454
