name	PKN1
id	ENSP00000343325
type	Serine/threonine kinase
proline+1_removed	Yes
npartners	115
npartners_with_sites	106
nsites	445
//
motif	score	fg_matches	fg_size	bg_matches	bg_size	fold_increase
..R..[ST].....	307.65	170	1290	483	9383	2.56
...R.[ST].....	9.63	100	1120	404	8900	1.97
...S.[ST].....	7.92	169	1020	913	8496	1.54
//
prot_id	prot_name	position	flank	kinase	source	string_score
ENSP00000340691	EIF4EBP1	85	GVTSPSSDEPP		hprd;pelm;psite	430
ENSP00000377941	ACTN1	842	FMSRETADTDT		psite	846
ENSP00000354718	AKAP13	180	GLLRLTWFLLQ		psite	830
ENSP00000354718	AKAP13	946	ALSSGTLQEEQ		psite	830
ENSP00000354718	AKAP13	1226	SGRERSTPSLP		psite	830
ENSP00000354718	AKAP13	1507	SRDRQSLDGFY		hprd;psite	830
ENSP00000354718	AKAP13	1565	PFRRHSWGPGK	PRKACA	hprd;pelm;psite	830
ENSP00000354718	AKAP13	1646	EERVDSLVSLS		hprd;psite	830
ENSP00000354718	AKAP13	1651	SLVSLSEEDLE		hprd;pelm;psite	830
ENSP00000354718	AKAP13	1754	VSRTFSYIKNK		hprd;pelm;psite	830
ENSP00000354718	AKAP13	1880	KERPRSAVLLV		hprd;pelm;psite	830
ENSP00000354718	AKAP13	1899	FANRRSQQSVS		psite	830
ENSP00000354718	AKAP13	1908	VSLSKSVSIQN		psite	830
ENSP00000354718	AKAP13	1910	LSKSVSIQNIT		psite	830
ENSP00000354718	AKAP13	1933	KFLSHSTDSLN		hprd;pelm;psite	830
ENSP00000354718	AKAP13	2216	KTDSKSIMRMK		hprd;psite	830
ENSP00000354718	AKAP13	2404	EDCSPTHSPRV		hprd;pelm;psite	830
ENSP00000354718	AKAP13	2415	LFRSNTEEALK		psite	830
ENSP00000354718	AKAP13	2471	PRRAETFGGFD		hprd;psite	830
ENSP00000354718	AKAP13	2502	LRRTESDSGLK		psite	830
ENSP00000354718	AKAP13	2567	LTRSLSRPSSL		hprd;pelm;psite	830
ENSP00000354718	AKAP13	2570	SLSRPSSLIEQ		psite	830
ENSP00000354718	AKAP13	2571	LSRPSSLIEQE		hprd;pelm;psite	830
ENSP00000354718	AKAP13	2703	LMRIPSFFPSP		psite	830
ENSP00000354718	AKAP13	2715	EPPSPSAPSIA		psite	830
ENSP00000354718	AKAP13	2737	SPKRNSISRTH	PRKACA	pelm;psite	830
ENSP00000348573	AKAP9	43	KKRKTSSSKHD	PRKACA	psite	934
ENSP00000348573	AKAP9	390	QKERQSSEEIK		hprd;psite	934
ENSP00000348573	AKAP9	1765	SSKSQSSASLI		psite	934
ENSP00000348573	AKAP9	1768	SQSSASLIWRS		psite	934
ENSP00000348573	AKAP9	3089	KADRRSLLSEI		psite	934
ENSP00000348573	AKAP9	3637	NSSRFSLNGGA		psite	934
ENSP00000348573	AKAP9	3684	ELRNDSLLQTL		psite	934
ENSP00000348573	AKAP9	3835	TYRSRSDLDYI		psite	934
ENSP00000348573	AKAP9	3897	TIQSGSTTQFH		psite	934
ENSP00000295897	ALB	107	ATLRETYGEMA		psite	430
ENSP00000315325	ARHGEF2	82	ALQSVSLRSKT		psite	856
ENSP00000315325	ARHGEF2	94	IRERPSSAIYP		psite	856
ENSP00000315325	ARHGEF2	95	RERPSSAIYPS		psite	856
ENSP00000315325	ARHGEF2	102	IYPSDSFRQSL		psite	856
ENSP00000315325	ARHGEF2	106	DSFRQSLLGSR		psite	856
ENSP00000315325	ARHGEF2	115	SRRGRSSLSLA		psite	856
ENSP00000315325	ARHGEF2	116	RRGRSSLSLAK		hprd;psite	856
ENSP00000315325	ARHGEF2	124	LAKSVSTTNIA		pelm;psite	856
ENSP00000315325	ARHGEF2	126	KSVSTTNIAGH		pelm;psite	856
ENSP00000315325	ARHGEF2	145	LRRILSQSTDS	CHEK1	hprd;psite	856
ENSP00000315325	ARHGEF2	147	RILSQSTDSLN		hprd;pelm;psite	856
ENSP00000315325	ARHGEF2	157	NMRNRTLSVES		psite	856
ENSP00000315325	ARHGEF2	159	RNRTLSVESLI		psite	856
ENSP00000315325	ARHGEF2	267	HTRFLSQLLER		psite	856
ENSP00000315325	ARHGEF2	617	LFRSESLESPR		hprd;pelm;psite	856
ENSP00000315325	ARHGEF2	691	LCRADSDSSQR		psite	856
ENSP00000315325	ARHGEF2	754	LCRANSRDGEA		hprd;psite	856
ENSP00000315325	ARHGEF2	802	GEERATEAGSL		psite	856
ENSP00000315325	ARHGEF2	858	DPRRRSLPAGD	MARK2;PAK1;PAK4	hprd;psite	856
ENSP00000364893	ARHGEF7	153	SHRIKSFDSLG		psite	480
ENSP00000364893	ARHGEF7	518	ASPRMSGFIYQ		hprd;pelm;psite	480
ENSP00000364893	ARHGEF7	653	KPWSLSCLRPA		psite	480
ENSP00000364893	ARHGEF7	694	PERKPSDEEFA		hprd;pelm;psite	480
ENSP00000364893	ARHGEF7	703	FASRKSTAALE		hprd;psite	480
ENSP00000364893	ARHGEF7	704	ASRKSTAALEE		hprd;psite	480
ENSP00000364893	ARHGEF7	761	LGRRSSLSRLE		hprd;psite	480
ENSP00000364893	ARHGEF7	763	RRSSLSRLEPS		psite	480
ENSP00000278616	ATM	85	PNVSASTQASR		hprd;pelm;psite	430
ENSP00000278616	ATM	1878	CLRHFSQTSRS		psite	430
ENSP00000278616	ATM	1883	SQTSRSTTPAN		psite	430
ENSP00000278616	ATM	1893	NLDSESEHFFR	ATM	hprd;psite	430
ENSP00000278616	ATM	2996	CKRNLSDIDQS	ATM	hprd;psite	430
ENSP00000264705	CAD	1220	CNVRVSRSFPF		psite	811
ENSP00000264705	CAD	1222	VRVSRSFPFVS		psite	811
ENSP00000264705	CAD	1406	GGRRLSSFVTK	PRKACA	hprd;pelm;psite	811
ENSP00000264705	CAD	1407	GRRLSSFVTKG		hprd;psite	811
ENSP00000264705	CAD	1859	RIHRASDPGLP	PRKACA;RPS6KB1	hprd;pelm;psite	811
ENSP00000264705	CAD	2154	KERFGSTQEYE		psite	811
ENSP00000410076	CASP1	376	RKVRFSFEQPD	PAK1	hprd;psite	822
ENSP00000311032	CASP3	12	SVDSKSIKNLE		psite	763
ENSP00000311032	CASP3	26	IHGSESMDSGI		hprd;psite	763
ENSP00000311032	CASP3	150	GDRCRSLTGKP	MAPK14	pelm;psite	763
ENSP00000227507	CCND1	90	LDRFLSLEPVK	PRKACA	hprd;pelm;psite	429
ENSP00000227507	CCND1	234	LTRFLSRVIKC	PRKACA	hprd;pelm;psite	429
ENSP00000264157	CCNT2	479	SSSSVTSPIKM		hprd;pelm;psite	694
ENSP00000264157	CCNT2	536	SSERHSSSDEG		psite	694
ENSP00000264157	CCNT2	538	ERHSSSDEGSG		psite	694
ENSP00000321656	CDC25C	38	LERDTSFTVCP		hprd;pelm;psite	705
ENSP00000321656	CDC25C	148	AMCSSSANKEN		hprd;pelm;psite	705
ENSP00000321656	CDC25C	216	LYRSPSMPENL	BRSK1;CHEK1;CHEK2;MAPK14;MAPKAPK2;MARK3	hprd;pelm;psite	705
ENSP00000321656	CDC25C	449	LLRCRSQSKVQ		psite	705
ENSP00000268383	CDR2	310	PLKRSSSETIL		hprd;psite	734
ENSP00000268383	CDR2	311	LKRSSSETILS		hprd;pelm;psite	734
ENSP00000268383	CDR2	313	RSSSETILSSL		hprd;psite	734
ENSP00000268383	CDR2	344	KQRGISLLHEV		psite	734
ENSP00000268383	CDR2	417	PVSSPTTPPEY		psite	734
ENSP00000301843	CTTN	282	SERQDSAAVGF		hprd;psite	844
ENSP00000301843	CTTN	399	QARAKTQTPPV		hprd;pelm;psite	844
ENSP00000301843	CTTN	417	EERLPSSPVYE		hprd;pelm;psite	844
ENSP00000301843	CTTN	440	GPVSGTEPEPV		psite	844
ENSP00000246891	CSN1S1	33	QNPSESSEPIP		hprd;pelm;psite	429
ENSP00000246891	CSN1S1	88	MESSISSSSEE		psite	429
ENSP00000246891	CSN1S1	90	SSISSSSEEMS		hprd;pelm;psite	429
ENSP00000246891	CSN1S1	91	SISSSSEEMSL		hprd;psite	429
ENSP00000363071	DES	12	SSQRVSSYRRT	AURKB;PRKACA;ROCK1	hprd;pelm;psite	818
ENSP00000363071	DES	13	SQRVSSYRRTF		psite	818
ENSP00000363071	DES	17	SSYRRTFGGAP	AURKB;PRKACA;ROCK1	hprd;pelm;psite	818
ENSP00000363071	DES	59	YQVSRTSGGAG		psite	818
ENSP00000363071	DES	60	QVSRTSGGAGG	AURKB;ROCK1	hprd;pelm;psite	818
ENSP00000363071	DES	76	ASRLGTTRTPS	PRKACA;ROCK1	hprd;pelm;psite	818
ENSP00000363071	DES	81	TTRTPSSYGAG		psite	818
ENSP00000363071	DES	332	QIQSYTCEIDA		psite	818
ENSP00000363071	DES	358	EDRFASEASGY		psite	818
ENSP00000313420	PRKDC	511	EDHRASGEVRT	AURKB	psite	540
ENSP00000313420	PRKDC	893	REKRLSFAVPF		hprd;pelm;psite	540
ENSP00000313420	PRKDC	1065	FKRLYSLALHP		psite	540
ENSP00000313420	PRKDC	2052	GVQSYSYSSQD		psite	540
ENSP00000313420	PRKDC	2534	RLPSNTLDRLL		psite	540
ENSP00000313420	PRKDC	2598	DWRFRSTVLTP		hprd;psite	540
ENSP00000313420	PRKDC	2599	WRFRSTVLTPM		psite	540
ENSP00000313420	PRKDC	2625	QEGSLSARWPV		psite	540
ENSP00000313420	PRKDC	2637	GQIRATQQQHD	ATM;PRKDC	hprd;pelm;psite	540
ENSP00000313420	PRKDC	2673	DHTSPSSDSLL		hprd;pelm;psite	540
ENSP00000313420	PRKDC	3289	HCRSRSQGCSE		psite	540
ENSP00000313420	PRKDC	3949	AFGSATQFLPV	PRKDC	psite	540
ENSP00000297494	NOS3	495	ITRKKTFKEVA	PRKACA;PRKCA;PRKG2	pelm;psite	866
ENSP00000297494	NOS3	508	VKISASLMGTV		psite	866
ENSP00000297494	NOS3	615	KIRFNSISCSD	AKT1;PRKACA	pelm;psite	866
ENSP00000297494	NOS3	633	RKRKESSNTDS	PRKAA1;PRKACA;PRKG2	hprd;pelm;psite	866
ENSP00000297494	NOS3	1175	TSRIRTQSFSL		hprd;psite	866
ENSP00000297494	NOS3	1177	RIRTQSFSLQE	AKT1;PRKAA1;PRKACA;PRKG2	hprd;pelm;psite	866
ENSP00000297494	NOS3	1179	RTQSFSLQERQ		pelm;psite	866
ENSP00000358866	FLNA	734	GTYSCSYVPRK		psite	854
ENSP00000358866	FLNA	968	VAVSPSLDLSK		psite	854
ENSP00000358866	FLNA	1286	DARALTQTGGP		psite	854
ENSP00000358866	FLNA	2053	SRVRVSGQGLH		hprd;pelm;psite	854
ENSP00000358866	FLNA	2152	RRRAPSVANVG	PAK1;PRKACA;RPS6KA1	hprd;pelm;psite	854
ENSP00000358866	FLNA	2182	QVTSPSGKTHE		psite	854
ENSP00000358866	FLNA	2336	DARRLTVSSLQ		hprd;psite	854
ENSP00000358866	FLNA	2372	KVHSPSGALEE		psite	854
ENSP00000358866	FLNA	2523	GPRLVSNHSLH	CAMK2A;CAMK2G	hprd;pelm;psite	854
ENSP00000306245	FOS	362	AHRKGSSSNEP	PRKACA;RPS6KA1;RPS6KA3	hprd;pelm;psite	430
ENSP00000339007	GRB2	88	FLIRESESAPG		psite	411
ENSP00000254810	H3F3B	11	QTARKSTGGKA	AURKB;FYN;PRKACA	hprd;pelm;psite	843
ENSP00000355778	H3F3A	11	QTARKSTGGKA	AURKB;FYN;PRKACA	hprd;pelm;psite	842
ENSP00000254810	H3F3B	29	KAARKSAPSTG	AURKB;MAPK9;PRKACA	hprd;pelm;psite	843
ENSP00000355778	H3F3A	29	KAARKSAPSTG	AURKB;MAPK9;PRKACA	hprd;pelm;psite	842
ENSP00000254810	H3F3B	46	RYRPGTVALRE	DYRK1B;DYRK2;DYRK3	psite	843
ENSP00000355778	H3F3A	46	RYRPGTVALRE	DYRK1B;DYRK2;DYRK3	psite	842
ENSP00000225983	HDAC5	279	VAERRSSPLLR	AURKB	psite	649
ENSP00000225983	HDAC5	369	LYTSPSLPNIS		psite	649
ENSP00000225983	HDAC5	497	RPLSRTQSSPL		psite	649
ENSP00000225983	HDAC5	499	LSRTQSSPLPQ	CAMK1;CAMK4;CAMKK1;PRKAA1;PRKAA2;PRKD1;PRKD2;PRKD3	hprd;pelm;psite	649
ENSP00000225983	HDAC5	547	LPRQPTTHPEE		psite	649
ENSP00000225983	HDAC5	662	LGRTQSSPAAP		psite	649
ENSP00000334061	HDAC6	30	QDSSVTSKRNI		hprd;pelm;psite	630
ENSP00000334061	HDAC6	1062	ELGSESQGASE		psite	630
ENSP00000358154	HIST2H3C	11	QTARKSTGGKA		psite	621
ENSP00000358154	HIST2H3C	29	KAARKSAPATG		psite	621
ENSP00000358154	HIST2H3C	46	RYRPGTVALRE		psite	621
ENSP00000299421	ILK	181	RPRNGTLNKHS		psite	455
ENSP00000299421	ILK	232	WSTRKSRDFNE		psite	455
ENSP00000299421	ILK	246	RLRIFSHPNVL	PAK1	psite	455
ENSP00000304895	IRS1	268	EFRPRSKSQSS	IKBKB	hprd;pelm;psite	419
ENSP00000304895	IRS1	270	RPRSKSQSSSN	ATR;IKBKB;RPS6KB1	hprd;pelm;psite	419
ENSP00000304895	IRS1	274	KSQSSSNCSNP	IKBKB	hprd;pelm;psite	419
ENSP00000304895	IRS1	303	GLTRRSRTESI		psite	419
ENSP00000304895	IRS1	305	TRRSRTESITA		psite	419
ENSP00000304895	IRS1	307	RSRTESITATS	IKBKB;PRKCD;RPS6KB1	hprd;pelm;psite	419
ENSP00000304895	IRS1	309	RTESITATSPA		psite	419
ENSP00000304895	IRS1	329	FRVRASSDGEG		psite	419
ENSP00000304895	IRS1	330	RVRASSDGEGT	CSNK2B	hprd;psite	419
ENSP00000304895	IRS1	341	MSRPASVDGSP	IKBKB	hprd;pelm;psite	419
ENSP00000304895	IRS1	362	HRHRGSARLHP		psite	419
ENSP00000304895	IRS1	374	LNHSRSIPMPA		pelm;psite	419
ENSP00000304895	IRS1	441	CDFRSSFRSVT	PRKCB;PRKCD;PRKCZ	psite	419
ENSP00000304895	IRS1	527	RKRTHSAGTSP	IKBKB;RPS6KB1	hprd;pelm;psite	419
ENSP00000304895	IRS1	574	PGHRHSAFVPT	PRKCD	hprd;pelm;psite	419
ENSP00000304895	IRS1	603	HHRPDSSTLHT		psite	419
ENSP00000304895	IRS1	605	RPDSSTLHTDD		psite	419
ENSP00000304895	IRS1	629	SGRKGSGDYMP	AKT1	hprd;pelm;psite	419
ENSP00000304895	IRS1	668	MMMSPSGGCSP		psite	419
ENSP00000304895	IRS1	794	LRLSTSSGRLL	SIK1	hprd;pelm;psite	419
ENSP00000304895	IRS1	1100	CRRRHSSETFS		hprd;psite	419
ENSP00000304895	IRS1	1101	RRRHSSETFSS	PRKCQ;RPS6KA1;RPS6KB1	hprd;pelm;psite	419
ENSP00000304895	IRS1	1103	RHSSETFSSTP		hprd;psite	419
ENSP00000304895	IRS1	1111	STPSATRVGNT		pelm;psite	419
ENSP00000304895	IRS1	1142	DVKRHSSASFE		psite	419
ENSP00000304895	IRS1	1143	VKRHSSASFEN		hprd;psite	419
ENSP00000304895	IRS1	1145	RHSSASFENVW		hprd;pelm;psite	419
ENSP00000304895	IRS1	1222	SSTRRSSEDLS		pelm;psite	419
ENSP00000304895	IRS1	1223	STRRSSEDLSA		hprd;pelm;psite	419
ENSP00000336740	LIMK1	298	VLRSCSIDRSP	LIMK1	hprd;pelm;psite	411
ENSP00000336740	LIMK1	323	LGRSESLRVVC	MAPKAPK2	psite	411
ENSP00000336740	LIMK1	337	RIFRPSDLIHG		hprd;psite	411
ENSP00000336740	LIMK1	508	RKKRYTVVGNP	CDC42BPA;PAK1;ROCK1	hprd;pelm;psite	411
ENSP00000336740	LIMK1	637	YRRGESGLPAH		psite	411
ENSP00000349049	KDM1A	111	EGRRTSRRKRA		psite	701
ENSP00000349049	KDM1A	611	NTRSTSQTFIY		psite	701
ENSP00000357624	MARCKS	29	VASSPSKANGQ		hprd;pelm;psite	693
ENSP00000357624	MARCKS	120	EPGSPTAAEGE		hprd;pelm;psite	693
ENSP00000357624	MARCKS	133	SAASSTSSPKA	CDK2	psite	693
ENSP00000357624	MARCKS	134	AASSTSSPKAE	CDK2	hprd;psite	693
ENSP00000357624	MARCKS	147	ATPSPSNETPK	CDK2	hprd;pelm;psite	693
ENSP00000357624	MARCKS	159	KKKRFSFKKSF	PRKCA;ROCK1	hprd;pelm;psite	693
ENSP00000348273	MBP	26	TNRGESEKKRN		psite	467
ENSP00000348273	MBP	39	ELSRTTSEDNE		psite	467
ENSP00000348273	MBP	40	LSRTTSEDNEV		psite	467
ENSP00000348273	MBP	96	LIRLFSRDAPG		hprd;pelm;psite	467
ENSP00000348273	MBP	114	DRPSESDELQT		hprd;psite	467
ENSP00000348273	MBP	141	SQKRPSQRHGS	PRKCA	hprd;psite	467
ENSP00000348273	MBP	146	SQRHGSKYLAT	PRKCA	hprd;psite	467
ENSP00000348273	MBP	169	PRHRDTGILDS	PRKACA	hprd;psite	467
ENSP00000348273	MBP	249	SLSRFSWGAEG	PRKCA	hprd;psite	467
ENSP00000348273	MBP	266	YGGRASDYKSA	PRKCA	hprd;psite	467
ENSP00000354558	MTOR	1172	PELRSTAMDTL		psite	565
ENSP00000354558	MTOR	1821	KLRHASGANIT		psite	565
ENSP00000354558	MTOR	1876	EDLSKTLLMYT		psite	565
ENSP00000354558	MTOR	2444	NKRSRTRTDSY		hprd;psite	565
ENSP00000354558	MTOR	2446	RSRTRTDSYSA	AKT1;RPS6KB1	hprd;pelm;psite	565
ENSP00000354558	MTOR	2448	RTRTDSYSAGQ	AKT1;RPS6KB1	hprd;pelm;psite	565
ENSP00000354558	MTOR	2450	RTDSYSAGQSV		psite	565
ENSP00000367207	MYC	23	LNVSFTNRNYD	RAF1	psite	407
ENSP00000367207	MYC	79	PPLSPSRRSGL		hprd;psite	407
ENSP00000367207	MYC	82	SPSRRSGLCSP		psite	407
ENSP00000367207	MYC	267	TTSSDSEEEQE	CSNK2A1	psite	407
ENSP00000367207	MYC	358	NNRKCTSPRSS		psite	407
ENSP00000367207	MYC	363	TSPRSSDTEEN	CSNK2A1	hprd;psite	407
ENSP00000367207	MYC	373	NVKRRTHNVLE		psite	407
ENSP00000311997	NEFH	59	SVSSVSASPSR		psite	650
ENSP00000229794	MAPK14	175	GLARHTDDEMT		hprd;psite	690
ENSP00000229794	MAPK14	263	YIQSLTQMPKM		hprd;pelm;psite	690
ENSP00000282077	PDK1	346	RPRVETSRAVP		psite	619
ENSP00000344220	PDPK1	241	QARANSFVGTA	PDK1;PDPK1	hprd;pelm;psite	950
ENSP00000344220	PDPK1	393	VSSSSSSHSLS	PDK1;PDPK1	hprd;pelm;psite	950
ENSP00000344220	PDPK1	394	SSSSSSHSLSA	MAP3K5	psite	950
ENSP00000344220	PDPK1	396	SSSSHSLSASD	PDK1;PDPK1	hprd;pelm;psite	950
ENSP00000344220	PDPK1	398	SSHSLSASDTG	MAP3K5	psite	950
ENSP00000344220	PDPK1	410	PQRSGSNIEQY	PDK1;PDPK1	hprd;pelm;psite	950
ENSP00000263967	PIK3CA	312	YSRRISTATPY		psite	469
ENSP00000263967	PIK3CA	313	SRRISTATPYM		psite	469
ENSP00000263967	PIK3CA	509	AGFSYSHAGLS		psite	469
ENSP00000366563	PIK3CD	520	LERRGSGELYE		psite	463
ENSP00000352121	PIK3CG	228	VIHRSTTSQTI		psite	465
ENSP00000352121	PIK3CG	582	HFRYESLKHPK		psite	465
ENSP00000352121	PIK3CG	1024	ALRHHTNLLII		psite	465
ENSP00000305355	PRKCB	364	SERKGTDELYA		psite	642
ENSP00000305355	PRKCB	634	FDRFFTRHPPV		psite	642
ENSP00000342793	PLD1	505	VKRVTSGPSLG	PRKAA2	psite	937
ENSP00000342793	PLD1	147	PTRRHTFRRQN	PRKCA	hprd;psite	937
ENSP00000234313	PLEK	113	KFARKSTRRSI	PRKCA	hprd;pelm;psite	542
ENSP00000234313	PLEK	114	FARKSTRRSIR		hprd;pelm;psite	542
ENSP00000234313	PLEK	117	KSTRRSIRLPE	PRKCA	hprd;pelm;psite	542
ENSP00000264977	PPP2R3A	101	RVKRGSTFQNT		psite	804
ENSP00000264977	PPP2R3A	181	LLRSSSVEEKP		psite	804
ENSP00000361021	PTEN	229	IYSSNSGPTRR	ROCK1	pelm;psite	546
ENSP00000361021	PTEN	362	PEASSSTSVTP	GSK3B	pelm;psite	546
ENSP00000361021	PTEN	380	DHYRYSDTTDS	AKT1;CSNK2A1;PRKCZ;STK11	hprd;pelm;psite	546
ENSP00000361021	PTEN	382	YRYSDTTDSDP	CSNK2A1;PRKCZ;STK11	hprd;pelm;psite	546
ENSP00000228307	PXN	137	TVMSTSLGSNL		hprd;pelm;psite	879
ENSP00000228307	PXN	249	SPQRVTSTQQQ		psite	879
ENSP00000228307	PXN	250	PQRVTSTQQQT		psite	879
ENSP00000228307	PXN	258	QQTRISASSAT		hprd;psite	879
ENSP00000228307	PXN	260	TRISASSATRE		psite	879
ENSP00000228307	PXN	263	SASSATRELDE		psite	879
ENSP00000228307	PXN	274	LMASLSDFKIQ		psite	879
ENSP00000310226	RAB1B	72	QERFRTITSSY		psite	506
ENSP00000310226	RAB1B	74	RFRTITSSYYR		psite	506
ENSP00000310226	RAB1B	111	IDRYASENVNK		psite	506
ENSP00000348461	RAC1	71	RLRPLSYPQTV	AKT1	hprd;psite	647
ENSP00000272233	RHOB	185	QKRYGSQNGCI	CSNK1A1	psite	457
ENSP00000269321	ARHGDIA	174	MLARGSYSIKS	PAK1;PRKACA	pelm;psite	899
ENSP00000349959	RICTOR	21	RGRNDSGEENV		hprd;pelm;psite	452
ENSP00000349959	RICTOR	35	LTREPSDNLRE		psite	452
ENSP00000349959	RICTOR	383	PHRARSRPDLM		psite	452
ENSP00000349959	RICTOR	424	ISVRATILLGE		psite	452
ENSP00000349959	RICTOR	1028	SLNSESTSSRH		psite	452
ENSP00000349959	RICTOR	1030	NSESTSSRHNS		psite	452
ENSP00000349959	RICTOR	1035	SSRHNSESESV		psite	452
ENSP00000349959	RICTOR	1037	RHNSESESVPS		psite	452
ENSP00000349959	RICTOR	1103	ILNSLTLPNKK		psite	452
ENSP00000349959	RICTOR	1133	NRRIRTLTEPS		psite	452
ENSP00000349959	RICTOR	1135	RIRTLTEPSVD	AKT1;RPS6KB1;RPS6KB2;SGK1	psite	452
ENSP00000349959	RICTOR	1219	KIRSQSFNTDT		hprd;psite	452
ENSP00000349959	RICTOR	1282	LSLSKSNSVSL		hprd;psite	452
ENSP00000349959	RICTOR	1284	LSKSNSVSLVP		hprd;psite	452
ENSP00000349959	RICTOR	1286	KSNSVSLVPPG		psite	452
ENSP00000349959	RICTOR	1295	PGSSHTLPRRA		hprd;psite	452
ENSP00000349959	RICTOR	1302	PRRAQSLKAPS		psite	452
ENSP00000349959	RICTOR	1346	MHPSLSHSEAL		psite	452
ENSP00000349959	RICTOR	1407	TLQRSSSVRSM		psite	452
ENSP00000349959	RICTOR	1417	MVSSATYGGSD		psite	452
ENSP00000349959	RICTOR	1472	GLPSGTGGLVK		psite	452
ENSP00000272430	RTKN	106	TSRRPSDSGPP		hprd;psite	520
ENSP00000272430	RTKN	220	TKLSSSLGRSS		hprd;psite	520
ENSP00000272430	RTKN	232	RRVRASLDSAG		hprd;pelm;psite	520
ENSP00000272430	RTKN	518	WGRPRTFSLDA		pelm;psite	520
ENSP00000272430	RTKN	520	RPRTFSLDAVP		pelm;psite	520
ENSP00000369757	RPS6	235	KRRRLSSLRAS	PAK2;PRKCD;RPS6KA1;RPS6KA3;RPS6KB1	hprd;pelm;psite	411
ENSP00000369757	RPS6	236	RRRLSSLRAST	PAK2;PRKCD;RPS6KA1;RPS6KA3;RPS6KB1	hprd;pelm;psite	411
ENSP00000369757	RPS6	240	SSLRASTSKSE	PAK2;RPS6KB1	hprd;pelm;psite	411
ENSP00000369757	RPS6	241	SLRASTSKSES		hprd;pelm;psite	411
ENSP00000369757	RPS6	242	LRASTSKSESS	PAK2	hprd;pelm;psite	411
ENSP00000369757	RPS6	244	ASTSKSESSQK	RPS6KB1	hprd;pelm;psite	411
ENSP00000349486	SCRIB	35	EIYRYSRSLEE		pelm;psite	835
ENSP00000349486	SCRIB	37	YRYSRSLEELL		hprd;psite	835
ENSP00000349486	SCRIB	735	TILRQTGGLGI		hprd;psite	835
ENSP00000349486	SCRIB	1220	IGHRNSLESIS		hprd;pelm;psite	835
ENSP00000349486	SCRIB	1225	SLESISSIDRE		hprd;pelm;psite	835
ENSP00000349486	SCRIB	1285	VQRVPSGAAGG		psite	835
ENSP00000349486	SCRIB	1378	PPKRVSLVGAD		hprd;pelm;psite	835
ENSP00000349486	SCRIB	1508	AARMKSLEQDA		hprd;pelm;psite	835
ENSP00000399968	NCOA2	771	LERLDSKTDPA		psite	925
ENSP00000399968	NCOA2	773	RLDSKTDPASN		psite	925
ENSP00000340820	MAPT	171	ATRQPSGTGPE		psite	654
ENSP00000340820	MAPT	549	RSRTPSLPTPP	CDK5;PRKACA	hprd;pelm;psite	654
ENSP00000340820	MAPT	572	PPKSPSSAKSR	PHKG1	hprd;psite	654
ENSP00000340820	MAPT	744	SPRHLSNVSST	PRKACA	hprd;psite	654
ENSP00000340820	MAPT	749	SNVSSTGSIDM		psite	654
ENSP00000396704	TOP2B	1337	DDESKSESDLE		hprd;pelm;psite	478
ENSP00000396704	TOP2B	1339	ESKSESDLEET		hprd;pelm;psite	478
ENSP00000396704	TOP2B	1353	VIPRDSLLRRA		psite	478
ENSP00000396704	TOP2B	1449	SFPSYSQKSED		hprd;pelm;psite	478
ENSP00000396704	TOP2B	1468	EEDSASVFSPS		hprd;psite	478
ENSP00000396704	TOP2B	1519	AVNSDSDSEFG		hprd;pelm;psite	478
ENSP00000396704	TOP2B	1521	NSDSDSEFGIP		hprd;pelm;psite	478
ENSP00000396704	TOP2B	1545	KKRKASGSENE		hprd;pelm;psite	478
ENSP00000396704	TOP2B	1547	RKASGSENEGD		hprd;pelm;psite	478
ENSP00000247668	TRAF2	22	PGFSKTLLGTK		hprd;psite	654
ENSP00000247668	TRAF2	55	GHRYCSFCLAS	PRKCZ	psite	654
ENSP00000247668	TRAF2	274	LQRCESLEKKT		psite	654
ENSP00000219476	TSC2	760	EGFSRTDLHLA		psite	428
ENSP00000219476	TSC2	937	SFRARSTSLNE		psite	428
ENSP00000219476	TSC2	938	FRARSTSLNER		psite	428
ENSP00000219476	TSC2	939	RARSTSLNERP	AKT1	hprd;pelm;psite	428
ENSP00000219476	TSC2	946	NERPKSLRIAR		psite	428
ENSP00000219476	TSC2	981	RCRSISVSEHV	AKT1	hprd;pelm;psite	428
ENSP00000219476	TSC2	1096	GPESSSSPGVH		hprd;pelm;psite	428
ENSP00000219476	TSC2	1130	RDRVRSMSGGH		hprd;psite	428
ENSP00000219476	TSC2	1132	RVRSMSGGHGL		hprd;pelm;psite	428
ENSP00000219476	TSC2	1254	LYKSLSVPAAS	MAPKAPK2	hprd;pelm;psite	428
ENSP00000219476	TSC2	1337	AYSRSSSVSSQ		hprd;pelm;psite	428
ENSP00000219476	TSC2	1338	YSRSSSVSSQE		hprd;pelm;psite	428
ENSP00000219476	TSC2	1340	RSSSVSSQEEK		psite	428
ENSP00000219476	TSC2	1364	IERVVSSEGGR		hprd;psite	428
ENSP00000219476	TSC2	1371	EGGRPSVDLSF		psite	428
ENSP00000219476	TSC2	1385	QPLSKSSSSPE		hprd;pelm;psite	428
ENSP00000219476	TSC2	1387	LSKSSSSPELQ		hprd;pelm;psite	428
ENSP00000219476	TSC2	1420	KARSQSGTLDG		hprd;pelm;psite	428
ENSP00000219476	TSC2	1454	SPRSPSGLRPR		psite	428
ENSP00000219476	TSC2	1462	RPRGYTISDSA	AKT1	hprd;pelm;psite	428
ENSP00000219476	TSC2	1798	RKRLISSVEDF	RPS6KA1	hprd;pelm;psite	428
ENSP00000301071	TUBA1A	56	TFFSETGAGKH		psite	622
ENSP00000301071	TUBA1A	82	EVRTGTYRQLF		psite	622
ENSP00000301071	TUBA1A	158	LMERLSVDYGK		psite	622
ENSP00000301071	TUBA1A	223	DIERPTYTNLN		psite	622
ENSP00000410071	TUBB	48	QLDRISVYYNE		hprd;psite	619
ENSP00000410071	TUBB	278	LTSRGSQQYRA		psite	619
ENSP00000410071	TUBB	285	QYRALTVPELT		psite	619
ENSP00000410071	TUBB	312	HGRYLTVAAVF		psite	619
ENSP00000410071	TUBB	322	FRGRMSMKEVD		psite	619
ENSP00000410071	TUBB	382	LFKRISEQFTA		psite	619
ENSP00000388107	UBA52	57	DGRTLSDYNIQ		hprd;psite	430
ENSP00000219473	USP10	70	IEPSDTLPRTP		psite	459
ENSP00000219473	USP10	76	LPRTPSYSISS		psite	459
ENSP00000219473	USP10	82	YSISSTLNPQA		psite	459
ENSP00000219473	USP10	263	EAGRDTLSRTA		psite	459
ENSP00000224237	VIM	9	RSVSSSSYRRM	PRKCA	hprd;psite	937
ENSP00000224237	VIM	10	SVSSSSYRRMF	PRKCA	hprd;psite	937
ENSP00000224237	VIM	25	TASRPSSSRSY	PRKCA	hprd;pelm;psite	937
ENSP00000224237	VIM	26	ASRPSSSRSYV	PRKCA	hprd;pelm;psite	937
ENSP00000224237	VIM	27	SRPSSSRSYVT		hprd;pelm;psite	937
ENSP00000224237	VIM	29	PSSSRSYVTTS		hprd;psite	937
ENSP00000224237	VIM	39	STRTYSLGSAL	AKT1;MAPKAPK2;PRKACA;PRKCA	hprd;pelm;psite	937
ENSP00000224237	VIM	47	SALRPSTSRSL	PRKACA	hprd;pelm;psite	937
ENSP00000224237	VIM	48	ALRPSTSRSLY		hprd;pelm;psite	937
ENSP00000224237	VIM	49	LRPSTSRSLYA		psite	937
ENSP00000224237	VIM	51	PSTSRSLYASS	MAPKAPK2;PAK2	hprd;pelm;psite	937
ENSP00000224237	VIM	66	YATRSSAVRLR	PAK2	hprd;pelm;psite	937
ENSP00000224237	VIM	72	AVRLRSSVPGV	PRKACA;ROCK1	hprd;pelm;psite	937
ENSP00000224237	VIM	73	VRLRSSVPGVR	AURKB;PAK2;PRKACA	hprd;pelm;psite	937
ENSP00000224237	VIM	327	QVQSLTCEVDA		hprd;pelm;psite	937
ENSP00000224237	VIM	412	EESRISLPLPN		hprd;pelm;psite	937
ENSP00000224237	VIM	426	LNLRETNLDSL		hprd;pelm;psite	937
ENSP00000237937	ZFAND5	56	GTASGSNSPTS		psite	497
ENSP00000261749	ZFAND6	43	LQRQNSSNGRI		psite	767
ENSP00000261749	ZFAND6	138	EEQSKSLEKPK		hprd;pelm;psite	767
ENSP00000364361	MLTK	302	LERDLSFKEQE		hprd;psite	960
ENSP00000364361	MLTK	567	GSRSDSSADCQ		psite	960
ENSP00000364361	MLTK	593	LQRSQSNPILG		hprd;pelm;psite	960
ENSP00000364361	MLTK	635	VNQSRSSSPTQ		hprd;psite	960
ENSP00000364361	MLTK	636	NQSRSSSPTQY	MLTK	hprd;psite	960
ENSP00000364361	MLTK	639	RSSSPTQYGLT		hprd;psite	960
ENSP00000364361	MLTK	685	KYGRGSISLNS		psite	960
ENSP00000364361	MLTK	687	GRGSISLNSSP		hprd;psite	960
ENSP00000364361	MLTK	718	KFYRVSQSALN		hprd;psite	960
ENSP00000314709	ZHX2	713	VARKATKPMAE		psite	516
ENSP00000321656	CDC25C	17	EGSSGSGPSFR		hprd;pelm	705
ENSP00000304895	IRS1	272	RSKSQSSSNCS	IKBKB	hprd;pelm	419
ENSP00000228307	PXN	132	AEPSPTVMSTS		hprd;pelm	879
ENSP00000313420	PRKDC	2676	SPSSDSLLFAH		hprd;pelm	540
ENSP00000340691	EIF4EBP1	8	GGSSCSQTPSR	ATM	pelm	430
ENSP00000349486	SCRIB	1300	SPCSPSGQQPP		hprd;pelm	835
ENSP00000219473	USP10	220	STDSVSDIVPD		hprd;pelm	459
ENSP00000354718	AKAP13	1951	STESLTDEGVG		hprd;pelm	830
ENSP00000354718	AKAP13	393	IVDSGTVSDQD		hprd;pelm	830
ENSP00000354718	AKAP13	1170	ADHSCTMGDAE		hprd;pelm	830
ENSP00000354718	AKAP13	797	GSESVTKDDAL		hprd;pelm	830
ENSP00000272430	RTKN	241	AGGSGSSPILL		hprd;pelm	520
ENSP00000396704	TOP2B	1130	DSSSDSGTPSG		hprd	478
ENSP00000396704	TOP2B	1128	HDDSSSDSGTP		hprd	478
ENSP00000304895	IRS1	811	DSSSSTSSDSL	CSNK2B	hprd	419
ENSP00000340820	MAPT	545	TPGSRSRTPSL		hprd	654
ENSP00000340820	MAPT	687	KDRVQSKIGSL	PKN1	hprd	654
ENSP00000321656	CDC25C	37	LLERDTSFTVC		hprd	705
ENSP00000348273	MBP	295	LGGRDSRSGSP	PRKCA	hprd	467
ENSP00000348273	MBP	190	APKRGSGKDSH	PRKCA	hprd	467
ENSP00000319096	RAP2B	127	GEREVSYGEGK		hprd	480
ENSP00000367207	MYC	365	PRSSDTEENVK		hprd	407
ENSP00000367207	MYC	88	GLCSPSYVAVT		hprd	407
ENSP00000358866	FLNA	2329	PVASPSGDARR		hprd	854
ENSP00000358866	FLNA	1089	SPARFTIDTKG		hprd	854
ENSP00000358866	FLNA	2486	EGYRVTYTPMA		hprd	854
ENSP00000397055	MCF2	101	LQRTFTDIGFW		hprd	402
ENSP00000229794	MAPK14	298	SDKRITAAQAL		hprd	690
ENSP00000313420	PRKDC	1702	FFTSLTGGSLE		hprd	540
ENSP00000313420	PRKDC	3364	LELSGSSSEDS		hprd	540
ENSP00000254810	H3F3B	87	DLRFQSAAIGA		hprd	843
ENSP00000355778	H3F3A	87	DLRFQSAAIGA		hprd	842
ENSP00000354558	MTOR	1849	TEGSNSESEAE		hprd	565
ENSP00000336740	LIMK1	439	WSQRVSFAKDI		hprd	411
ENSP00000340691	EIF4EBP1	96	MEASQSHLRNS		hprd	430
ENSP00000264157	CCNT2	582	HSHSGSSSGGS		hprd	694
ENSP00000348573	AKAP9	255	TLRNSTHSSTA		hprd	934
ENSP00000354718	AKAP13	1747	EWKSGTKVSRT		hprd	830
ENSP00000354718	AKAP13	1606	NYRSFSLEGLT		hprd	830
ENSP00000344220	PDPK1	33	MVRTQTESSTP	PDPK1	hprd	950
ENSP00000364893	ARHGEF7	254	SPKSGTLKSPP		hprd	480
ENSP00000364893	ARHGEF7	760	SLGRRSSLSRL		hprd	480
ENSP00000264705	CAD	375	VRERLTERLCP		hprd	811
ENSP00000349486	SCRIB	941	TAASPTIALLL		hprd	835
ENSP00000349486	SCRIB	1142	SKVSPTGAAGR		hprd	835
ENSP00000219473	USP10	549	KLLSPSNEKLT		hprd	459
ENSP00000219473	USP10	354	SKPSSSSPVAY		hprd	459
ENSP00000357624	MARCKS	83	GAASPSAAEKG		hprd	693
ENSP00000399968	NCOA2	471	KMNSPSQSSPG		hprd	925
ENSP00000399968	NCOA2	721	SQESSSTAPGS		hprd	925
ENSP00000399968	NCOA2	722	QESSSTAPGSE		hprd	925
ENSP00000349959	RICTOR	1348	PSLSHSEALAS		hprd	452
