name	PKN2
id	ENSP00000359552
type	Serine/threonine kinase
proline+1_removed	Yes
npartners	17
npartners_with_sites	16
nsites	30
//
motif	score	fg_matches	fg_size	bg_matches	bg_size	fold_increase
..R..[ST].....	6.6	30	204	483	9383	2.86
//
prot_id	prot_name	position	flank	kinase	source	string_score
ENSP00000270202	AKT1	72	RPRPNTFIIRC	AKT1	psite	653
ENSP00000270202	AKT1	246	RERVFSEDRAR	AKT1	psite	653
ENSP00000311032	CASP3	150	GDRCRSLTGKP	MAPK14	pelm;psite	649
ENSP00000225983	HDAC5	499	LSRTQSSPLPQ	CAMK1;CAMK4;CAMKK1;PRKAA1;PRKAA2;PRKD1;PRKD2;PRKD3	hprd;pelm;psite	621
ENSP00000225983	HDAC5	547	LPRQPTTHPEE		psite	621
ENSP00000225983	HDAC5	662	LGRTQSSPAAP		psite	621
ENSP00000343463	MAP3K2	163	TSRDRSSPPPG		hprd;pelm;psite	705
ENSP00000343463	MAP3K2	239	MPRAQSYPDNH		hprd;pelm;psite	705
ENSP00000343463	MAP3K2	331	IRRRGSDIDNP		hprd;pelm;psite	705
ENSP00000288986	NCK1	61	VERKNSARKAS		psite	846
ENSP00000288986	NCK1	66	SARKASIVKNL		psite	846
ENSP00000288986	NCK1	85	VKRKPSVPDSA		hprd;pelm;psite	846
ENSP00000288986	NCK1	347	GQRKFSTMEEL		psite	846
ENSP00000233154	NCK2	61	VERKNSLKKGS		psite	845
ENSP00000314067	PAK2	20	PVRMSSTIFST	PAK2;PRKAA2	hprd;psite	646
ENSP00000282077	PDK1	346	RPRVETSRAVP		psite	849
ENSP00000344220	PDPK1	241	QARANSFVGTA	PDK1;PDPK1	hprd;pelm;psite	950
ENSP00000344220	PDPK1	410	PQRSGSNIEQY	PDK1;PDPK1	hprd;pelm;psite	950
ENSP00000244007	PLCG1	981	CYRDMSSFPET		psite	621
ENSP00000244007	PLCG1	1249	RAREGSFESRY	AKT1;PRKACA;PRKCA;PRKD1	hprd;pelm;psite	621
ENSP00000394794	PTPN13	335	TVRTSTTPRKK		psite	659
ENSP00000394794	PTPN13	442	SKRFESSSGLP		psite	659
ENSP00000394794	PTPN13	908	MGRAISTGSLA		hprd;psite	659
ENSP00000219473	USP10	76	LPRTPSYSISS		psite	459
ENSP00000335434	WDR20	347	RDRANSTQSRL		psite	641
ENSP00000335434	WDR20	358	SKRNSTDSRPV		psite	641
ENSP00000335434	WDR20	434	LPRSNSLPHSA		hprd;pelm;psite	641
ENSP00000335434	WDR20	483	HKRNHSMGHIS		psite	641
ENSP00000218348	USP11	644	LSRYVTKPNSD		hprd	642
ENSP00000344220	PDPK1	33	MVRTQTESSTP	PDPK1	hprd	950
