name	PLK1
id	ENSP00000300093
type	Serine/threonine kinase
proline+1_removed	Yes
npartners	478
npartners_with_sites	419
nsites	247
//
motif	score	fg_matches	fg_size	bg_matches	bg_size	fold_increase
.....[ST]D.ED.	922.96	16	5233	0	9383	Inf
..RR.[ST]...T.	922.96	14	5123	0	9344	Inf
..RR.[ST].....	615.31	76	5109	17	9344	8.18
.S...[ST]..EE.	329.29	16	5217	1	9383	28.78
.....[ST]SP...	321.69	104	3682	56	7905	3.99
//
prot_id	prot_name	position	flank	kinase	source	string_score
ENSP00000306330	YWHAG	59	GARRSSWRVIS	LATS2	psite	899
ENSP00000371475	TP53BP1	384	PFIVPSSPTEQ		hprd;pelm;psite	734
ENSP00000371475	TP53BP1	1118	VIQGPSSPQGE		hprd;pelm;psite	734
ENSP00000371475	TP53BP1	1485	DGLDASSPGNS		hprd;pelm;psite	734
ENSP00000371475	TP53BP1	1639	RRSNVSSPATP		hprd;pelm;psite	734
ENSP00000339109	ANAPC1	316	GDSPVTSPFQN		pelm;psite	910
ENSP00000339109	ANAPC1	333	QSRSTSSPSLH		pelm;psite	910
ENSP00000355090	ARHGAP11A	285	RKRRQSVGDFV		hprd;pelm;psite	538
ENSP00000355090	ARHGAP11A	581	NSNITSSPLSG		psite	538
ENSP00000356379	ASPM	170	HNRRVSNIQNV		hprd;psite	958
ENSP00000216911	AURKA	288	SSRRTTLCGTL	AURKA;PAK1;PRKACA	hprd;pelm;psite	995
ENSP00000302898	AURKC	198	SLRRKTMCGTL		hprd;pelm;psite	473
ENSP00000349351	BICD2	567	GGAGRTSPGGR		hprd;psite	412
ENSP00000349351	BICD2	573	SPGGRTSPEAR		hprd;psite	412
ENSP00000393596	BIRC6	453	DSRRPTLAWLE		psite	620
ENSP00000393596	BIRC6	580	YKSPATSPISS		hprd;pelm;psite	620
ENSP00000347232	BLM	1295	SPAEDSSPGIS		hprd;pelm;psite	523
ENSP00000350283	BRCA1	509	RKRRPTSGLHP	AKT1	hprd;pelm;psite	697
ENSP00000350283	BRCA1	615	RLRRKSSTRHI		psite	697
ENSP00000263377	BRD4	324	GQRRESSRPVK		psite	820
ENSP00000263377	BRD4	469	PVVAVSSPAVP		hprd;pelm;psite	820
ENSP00000287598	BUB1B	1042	KVGKLTSPGAL		hprd;psite	999
ENSP00000301280	CHAF1A	309	KQHSSTSPFPT		psite	476
ENSP00000301280	CHAF1A	950	KATLTSSPLGA		psite	476
ENSP00000315700	CHAF1B	409	QTHRGSSPGPR		hprd;pelm;psite	611
ENSP00000315700	CHAF1B	428	RTQDPSSPGTT		hprd;psite	611
ENSP00000315700	CHAF1B	485	PSRRVTLNTLQ		hprd;psite	611
ENSP00000335463	CASC5	24	VRRRHSSILKP	AURKB	psite	952
ENSP00000335463	CASC5	60	NSRRVSFADTI	AURKB	hprd;pelm;psite	952
ENSP00000335463	CASC5	1093	SQRRKSLKLKN		psite	952
ENSP00000335463	CASC5	1675	KVRRCSLGIFL		hprd;pelm;psite	952
ENSP00000288207	CCNB2	8	LLRRPTVSSDL		psite	990
ENSP00000303706	CDC25A	293	TKRRKSMSGAS	CHEK1;CHEK2;RPS6KA1	hprd;pelm;psite	966
ENSP00000245960	CDC25B	178	DGRRKSEAGSG		psite	957
ENSP00000245960	CDC25B	353	NKRRRSVTPPE	AURKA;MAPKAPK2;RPS6KA1	hprd;pelm;psite	957
ENSP00000328228	CDCA2	977	GKRRKSFCIST		psite	780
ENSP00000328228	CDCA2	1000	YRRRSSLNGKG		psite	780
ENSP00000306968	CDCA7	242	RPRRRTFPGVA	AKT1	psite	705
ENSP00000273853	CENPC	225	IDNKVSDEEDK		hprd;pelm;psite	912
ENSP00000273853	CENPC	524	KSRRISRRPSD		hprd;psite	912
ENSP00000273853	CENPC	528	ISRRPSDWWVV		psite	912
ENSP00000265148	CENPE	422	RKRRVTWCLGK		hprd;pelm;psite	993
ENSP00000355922	CENPF	2997	IPTGKTSPYIL		psite	990
ENSP00000382271	CEP152	1562	PSGYLSDTEES		psite	915
ENSP00000317902	CEP57	33	MVRHSSSPYVV		psite	900
ENSP00000262127	CEP76	82	EQELPSSPKQP		hprd;psite	899
ENSP00000324464	CSNK1D	355	SHTANTSPRPV		hprd;psite	903
ENSP00000352929	CSNK1E	362	QPAGNTSPRAI		hprd;pelm;psite	903
ENSP00000367276	CKAP2	39	LLRRKTLFAYK		psite	698
ENSP00000263710	CLASP1	646	RTRRQSSGSAT		hprd;pelm;psite	918
ENSP00000263710	CLASP1	687	AGSRSSSPGKL		psite	918
ENSP00000261833	CIT	480	LHRRVSEVEAV		psite	403
ENSP00000261833	CIT	582	SARRRSDLYES		psite	403
ENSP00000261833	CIT	1939	TKRVASSPAPP		hprd;psite	403
ENSP00000246891	CSN1S1	89	ESSISSSSEEM		hprd;psite	878
ENSP00000290921	CTBP1	144	LYRRATWLHQA		psite	621
ENSP00000262315	CHTF18	63	RGDAASSPAPA		hprd;psite	503
ENSP00000344456	CTNNB1	552	TQRRTSMGGTQ	AKT1;AKT2;CAMK2A;PRKACA	hprd;pelm;psite	862
ENSP00000412292	DEPDC1	109	FRFPATSPLKT		hprd;psite	706
ENSP00000394352	DIXDC1	591	LPHSQSSPTVS		psite	621
ENSP00000352516	DNMT1	224	KRRRVTSRERV		hprd;psite	520
ENSP00000362850	DSN1	57	RIHLGSSPKKG		hprd;pelm;psite	924
ENSP00000362850	DSN1	95	QDRRQSWRRAS		psite	924
ENSP00000362850	DSN1	100	SWRRASMKETN	AURKB	psite	924
ENSP00000362850	DSN1	109	TNRRKSLHPIH	AURKB	hprd;pelm;psite	924
ENSP00000250024	E2F8	357	PNTSGSSPVIH		pelm;psite	448
ENSP00000262056	EIF4B	442	ARRRESEKSLE		hprd;psite	692
ENSP00000375705	AHCTF1	2009	SIRRRSTRNTP		psite	899
ENSP00000375705	AHCTF1	2010	IRRRSTRNTPA		psite	899
ENSP00000310520	ERCC4	524	SSSPESCPEEI		hprd;psite	439
ENSP00000359356	EVI5	113	GSRRNSGSSLV		psite	957
ENSP00000359356	EVI5	128	ASSNLSHLEED		psite	957
ENSP00000359356	EVI5	805	PRRRESYSTTV		psite	957
ENSP00000287647	FANCD2	8	SKRRLSKSEDK		hprd;pelm;psite	444
ENSP00000414109	HJURP	486	ETRRLSLPSSK	AKT1	hprd;psite	658
ENSP00000414109	HJURP	641	FQKLPSSPLGC		psite	658
ENSP00000342307	FOXM1	730	VPFGNSSPSDI		psite	997
ENSP00000378529	FZR1	35	TLTPASSPVSS		psite	973
ENSP00000378529	FZR1	137	LSTKRSSPDDG		hprd;pelm;psite	973
ENSP00000248846	TUBGCP6	963	RPAVATSPAPG		psite	917
ENSP00000230056	GMNN	63	LTSTTSSPGVI		hprd;pelm;psite	686
ENSP00000239027	HELLS	832	ENSEDSSPECL		hprd;psite	536
ENSP00000358622	IKBKG	444	APAYLSSPLAL	IKBKB	hprd;pelm;psite	673
ENSP00000378295	INCENP	72	KKRRISYVQDE	AURKB	hprd;pelm;psite	989
ENSP00000378295	INCENP	91	LSRRKSRSSQL		hprd;psite	989
ENSP00000378295	INCENP	142	ALAAPSSPTPE		hprd;pelm;psite	989
ENSP00000378295	INCENP	311	SPIAPSSPSPQ		hprd;pelm;psite	989
ENSP00000378295	INCENP	336	VVRRASRRLAK		psite	989
ENSP00000378295	INCENP	420	PKPAASSPETP		hprd;psite	989
ENSP00000378295	INCENP	480	RSKTPSSPCPA		hprd;psite	989
ENSP00000357643	MKI67	125	PARRVSRSSFS		hprd;pelm;psite	841
ENSP00000357643	MKI67	374	TGRRESVNLGK	AURKB	hprd;pelm;psite	841
ENSP00000357643	MKI67	507	KRRRVSFGGHL		psite	841
ENSP00000357643	MKI67	598	DQRRRSCKTAP		hprd;psite	841
ENSP00000357643	MKI67	1375	KMPCESSPPES		hprd;pelm;psite	841
ENSP00000357643	MKI67	2827	KIPCKSSPELE		hprd;pelm;psite	841
ENSP00000356319	KIF14	1200	KNRRISGCLHD		hprd;pelm;psite	671
ENSP00000341466	KIF18B	416	PEHLPSSPLPP		psite	607
ENSP00000341466	KIF18B	636	KRRRPSALEAD		psite	607
ENSP00000341466	KIF18B	665	CLRRGSLPDTQ		psite	607
ENSP00000341466	KIF18B	684	KGERASSPCHS		psite	607
ENSP00000260363	KIF23	912	RKRRSSTVAPA		hprd;pelm;psite	999
ENSP00000385000	KIF2A	157	PSRRKSNCVKE		psite	988
ENSP00000385000	KIF2A	623	QWGVGSSPQRD		psite	988
ENSP00000361298	KIF2C	192	SVRRKSCLVKE	AURKB;PAK1	psite	998
ENSP00000363524	KIF4A	799	KLRRRTFSLTE		hprd;pelm;psite	946
ENSP00000363647	KIFC1	359	DERRGTLSGAP		hprd;psite	423
ENSP00000393963	KIFC1	359	DERRGTLSGAP		hprd;psite	842
ENSP00000407885	KIFC1	359	DERRGTLSGAP		hprd;psite	646
ENSP00000332455	KPNA2	61	FPDDATSPLQE		hprd;pelm;psite	781
ENSP00000263274	LIG1	97	PPRPATSPENN		hprd;pelm;psite	628
ENSP00000263274	LIG1	913	GEDSGSDPEDT		hprd;pelm;psite	628
ENSP00000265056	MCM2	12	SFTMASSPAQR		psite	931
ENSP00000265056	MCM2	26	NDPLTSSPGRS		hprd;pelm;psite	931
ENSP00000265056	MCM2	40	TDALTSSPGRD	CDC7;CDK2;CDK7;CSNK2A1	hprd;pelm;psite	931
ENSP00000265056	MCM2	139	GLLYDSDEEDE	CDC7;CDK2;CDK7;CSNK2A1	hprd;pelm;psite	931
ENSP00000229854	MCM3	160	IERRYSDLTTL	DAPK1	hprd;pelm;psite	984
ENSP00000262105	MCM4	13	PSRRGSRRGRA		psite	767
ENSP00000262105	MCM4	31	SEDARSSPSQR		hprd;pelm;psite	767
ENSP00000262105	MCM4	53	LQPMPTSPGVD	CDK2	hprd;psite	767
ENSP00000262105	MCM4	87	LDFDVSSPLTY		psite	767
ENSP00000216122	MCM5	605	SDRRSSIPITV		psite	840
ENSP00000417281	MDM2	266	DSEDYSLSEEG	CSNK1D;CSNK2A1;PLK1	pelm;psite	745
ENSP00000309871	RACGAP1	249	RSRRKTGTLQP	AKT2;AURKB	psite	988
ENSP00000367207	MYC	358	NNRKCTSPRSS		psite	409
ENSP00000367207	MYC	363	TSPRSSDTEEN	CSNK2A1	hprd;psite	409
ENSP00000261207	PPP1R12A	472	VTRSASSPRLS	NUAK1	psite	981
ENSP00000261207	PPP1R12A	668	RERRRSYLTPV		hprd;psite	981
ENSP00000261207	PPP1R12A	696	QSRRSTQGVTL	RAF1;ROCK1;ROCK2	hprd;pelm;psite	981
ENSP00000261207	PPP1R12A	853	EKRRSTGVSFW	PRKCQ;ROCK1	hprd;psite	981
ENSP00000261207	PPP1R12A	912	RSGSYSYLEER		psite	981
ENSP00000261207	PPP1R12A	995	LERRISEMEEE		psite	981
ENSP00000259021	KAT7	56	QSSQDSSPVRN		hprd;pelm;psite	924
ENSP00000268712	NCOR1	70	LRRRPSLLSEF	PRKACA;PRKCA	psite	720
ENSP00000268712	NCOR1	88	QERRTSYEPFH		hprd;pelm;psite	720
ENSP00000268712	NCOR1	157	KHEAPSSPISG		hprd;psite	720
ENSP00000268712	NCOR1	1195	MPIEDSSPEKG		psite	720
ENSP00000268712	NCOR1	2201	TKLENTSPMVK		psite	720
ENSP00000240423	NCAPH	70	LQRRRSRVFDL		hprd;pelm;psite	842
ENSP00000240423	NCAPH	570	LQAADSDDEDL	CSNK2A1	psite	842
ENSP00000238616	NEK9	28	GGCGDSSPGPS		hprd;psite	655
ENSP00000238616	NEK9	868	PQVEASSPRLN	NEK9	hprd;pelm;psite	655
ENSP00000384273	RELA	276	QLRRPSDRELS	PIM1;PRKACA;RPS6KA4;RPS6KA5	hprd;pelm;psite	653
ENSP00000245441	NIN	1145	RRHVLSDLEDD		psite	448
ENSP00000345892	NDE1	306	GERRPSSTSVP	PRKACA	hprd;pelm;psite	907
ENSP00000229179	NUP107	10	GFGEISSPVIR	CDK2	hprd;pelm;psite	912
ENSP00000261396	NUP133	44	LGSAVSSPVLF		hprd;pelm;psite	905
ENSP00000261396	NUP133	57	VGRRSSLSSRG		hprd;psite	905
ENSP00000344314	OFD1	735	SSRRLSSTPLP		hprd;psite	915
ENSP00000344314	OFD1	899	EERRQSNLQEV		psite	915
ENSP00000220514	OIP5	47	QVVKGSSPLGP		hprd;pelm;psite	644
ENSP00000360621	ORC1	383	RIRRKSSVLTM		psite	502
ENSP00000360621	ORC1	421	ISDSSSDEEEA		hprd;pelm;psite	502
ENSP00000244741	CDKN1A	145	RKRRQTSMTDF	AKT1;DAPK3;PIM1;PIM2;PRKCA	hprd;pelm;psite	430
ENSP00000269305	TP53	314	PNNTSSSPQPK	CDK2	hprd;psite	920
ENSP00000278568	PAK1	219	TRDVATSPISP		psite	632
ENSP00000352572	PCNT	1653	LLRRESEVLDL		psite	989
ENSP00000352572	PCNT	1814	QERRHSQALEA		hprd;psite	989
ENSP00000334675	ERCC6L	1028	ARRIVSDGEDE		hprd;psite	999
ENSP00000247970	PIN1	71	QSRRPSSWRQE		psite	990
ENSP00000348772	PITPNM1	593	SSRRGSMNNEL		hprd;psite	700
ENSP00000265717	PRKAR2B	83	EEPMQSDSEDG		hprd;psite	899
ENSP00000265717	PRKAR2B	114	FTRRASVCAEA	PRKACA;PRKAR2B	hprd;pelm;psite	899
ENSP00000270861	PLK4	591	TLRSITSPLVA		psite	970
ENSP00000271308	PSMA5	55	VEKRITSPLME		hprd;pelm;psite	899
ENSP00000351314	PSMB10	229	LLRTLSSPTEP		psite	899
ENSP00000327704	PSMF1	152	EKANVSSPHRE		hprd;pelm;psite	899
ENSP00000327704	PSMF1	251	FGPIGTSPPGP		hprd;pelm;psite	899
ENSP00000358925	PSRC1	116	SPRRETFVLKD		psite	459
ENSP00000297338	RAD21	138	FSLNQSRVEEI		pelm;psite	993
ENSP00000350708	RAD23B	159	ETPVATSPTAT		hprd;psite	636
ENSP00000319417	SKA3	34	LDGEESDFEDY		hprd;pelm;psite	935
ENSP00000355958	DTL	485	INRRGSVSSVS		hprd;pelm;psite	648
ENSP00000355958	DTL	511	TRTPSSSPPIT		hprd;pelm;psite	648
ENSP00000348577	RANGAP1	358	VLASLSDDEDE	CSNK2A1	hprd;pelm;psite	927
ENSP00000348577	RANGAP1	427	PAPVLSSPPPA		hprd;pelm;psite	927
ENSP00000405963	RASGRF1	738	ATRKFSSPPPL		psite	621
ENSP00000405963	RASGRF1	927	KYRRMSLASAG	PRKACA	hprd;pelm;psite	621
ENSP00000351665	CLIP1	146	PASRATSPLCT		hprd;pelm;psite	995
ENSP00000221486	RNASEH2A	17	GRCRLSSPVPA		psite	457
ENSP00000317985	ROCK2	1379	SIRRPSRQLAP		psite	910
ENSP00000401802	PSMC6	258	GGRRFSEGTSA		psite	899
ENSP00000386348	SAPCD2	219	ERRRHTIASGV		psite	491
ENSP00000257934	ESPL1	1399	NFSDDSDLEDP	PLK1	hprd;pelm;psite	956
ENSP00000257934	ESPL1	1508	EILRGSDGEDS		hprd;pelm;psite	956
ENSP00000263753	SGOL1	459	KIRRLSLSPKK		hprd;psite	998
ENSP00000212015	SIRT1	26	DREAASSPAGE		hprd;psite	429
ENSP00000212015	SIRT1	162	FHSCESDEEDR		psite	429
ENSP00000212015	SIRT1	539	VSEDSSSPERT		hprd;psite	429
ENSP00000212015	SIRT1	544	SSPERTSPPDS		psite	429
ENSP00000212015	SIRT1	659	GAEVYSDSEDD	CSNK2A1	psite	429
ENSP00000358770	SLK	189	IQRRDSFIGTP		hprd;pelm;psite	826
ENSP00000294008	SLX4	1452	GPLSTSSPSRR		hprd;psite	908
ENSP00000323300	SPAG5	65	EGSNNSSPVDF		hprd;pelm;psite	846
ENSP00000372689	STAG1	24	HSDAGSELEET		psite	506
ENSP00000360944	STIL	1136	QSSDNSEDEEE		psite	496
ENSP00000326550	TACC3	249	PAAVATSPPGA		hprd;psite	882
ENSP00000268138	TICRR	1125	TPRRISHTPQT		psite	511
ENSP00000268138	TICRR	1302	NSTVTSSPPVT		hprd;psite	511
ENSP00000411532	TOP2A	1343	DFDEKTDDEDF	CSNK2A1;PLK1;PLK3;PRKCB	hprd;pelm;psite	885
ENSP00000411532	TOP2A	1392	SVPLSSSPPAT		hprd;pelm;psite	885
ENSP00000396704	TOP2B	1339	ESKSESDLEET		hprd;pelm;psite	498
ENSP00000353735	TOPORS	499	LVELSSDSEDL		psite	645
ENSP00000353735	TOPORS	569	RSTSLSSPRNL		hprd;psite	645
ENSP00000353735	TOPORS	735	YSRQSSSPEFR		psite	645
ENSP00000300403	TPX2	185	AEKNASSPEKA		hprd;psite	996
ENSP00000300403	TPX2	292	LRKHPSSPARV		hprd;psite	996
ENSP00000298552	TSC1	360	MTTPPTSPGNV		psite	687
ENSP00000219476	TSC2	1096	GPESSSSPGVH		hprd;pelm;psite	675
ENSP00000219476	TSC2	1340	RSSSVSSQEEK		psite	675
ENSP00000219476	TSC2	1387	LSKSSSSPELQ		hprd;pelm;psite	675
ENSP00000219476	TSC2	1448	GPLPSSSPRSP		hprd;pelm;psite	675
ENSP00000315644	TYMS	124	DSLGFSTREEG	CSNK2A1;CSNK2A2	psite	755
ENSP00000313811	USP20	372	PSPRSSSPCRT		hprd;psite	641
ENSP00000313811	USP20	407	HAKLSSSPPRA		hprd;pelm;psite	641
ENSP00000224237	VIM	55	RSLYASSPGGV	CDK1;CDK2	hprd;pelm;psite	872
ENSP00000263710	CLASP1	1112	RTSPLTSPTNC		pelm	918
ENSP00000325017	NCAPD2	976	TSSETTMEEEL		hprd;pelm	837
ENSP00000356319	KIF14	1631	YELHGSSPAVS		hprd;pelm	671
ENSP00000333982	NDEL1	241	PNGFGTSPLTP		hprd;pelm	918
ENSP00000411532	TOP2A	1360	PPKTKTSPKLS		hprd	885
ENSP00000310520	ERCC4	520	RREISSSPESC		hprd	439
ENSP00000402084	WEE1	559	PERRPSAMALV		hprd	977
ENSP00000402084	WEE1	471	HVTRISSPQVE		hprd	977
ENSP00000355922	CENPF	275	FFDNSSSPHLL		hprd	990
ENSP00000268712	NCOR1	1980	VISPASSPAPP		hprd	720
ENSP00000240423	NCAPH	27	HPHSASSPSER		hprd	842
ENSP00000378529	FZR1	39	ASSPVSSPSKH		hprd	973
ENSP00000259075	TANK	116	RRQEVSSPRKE		hprd	688
ENSP00000317985	ROCK2	1361	DPFARSSPRTS		hprd	910
ENSP00000355966	NEK2	299	EKSQDSSPVLS		hprd	980
ENSP00000218089	STAG2	1197	AIRRGTSLMED		hprd	990
ENSP00000218089	STAG2	25	HFSSDTDFEDI		hprd	990
ENSP00000347232	BLM	143	KLEFSSSPDSL		hprd	523
ENSP00000309871	RACGAP1	186	EKRRSTSRQFV	AURKB	hprd	988
ENSP00000333982	NDEL1	197	RKSAPSSPTLD		hprd	918
ENSP00000247191	DLGAP5	661	IPQQTTSPENA		hprd	919
ENSP00000257934	ESPL1	1125	APSTNSSPVLK		hprd	956
ENSP00000311873	EXO1	700	CSSKDSDSEES		hprd	754
ENSP00000356379	ASPM	34	AEEEASSPPVL		hprd	958
ENSP00000357643	MKI67	3127	KKPMKTSPEMD		hprd	841
ENSP00000349351	BICD2	605	GGTGDSSPSPG		hprd	412
ENSP00000375705	AHCTF1	1897	KVSTVTSPSRM		hprd	899
ENSP00000263377	BRD4	795	APAMKSSPPPF		hprd	820
ENSP00000384312	TRIOBP	1175	DAPSFSSPPRQ		hprd	621
ENSP00000238616	NEK9	749	TVFQSSSPGGG		hprd	655
ENSP00000310842	FANCI	406	GKTIETSPSLS		hprd	666
