name	PLK2
id	ENSP00000274289
type	Serine/threonine kinase
proline+1_removed	Yes
npartners	74
npartners_with_sites	65
nsites	119
//
motif	score	fg_matches	fg_size	bg_matches	bg_size	fold_increase
..R..[ST].....	307.65	119	969	483	9383	2.39
//
prot_id	prot_name	position	flank	kinase	source	string_score
ENSP00000265748	ANLN	658	VPRAESGDSLG		hprd;pelm;psite	479
ENSP00000356379	ASPM	170	HNRRVSNIQNV		hprd;psite	542
ENSP00000356379	ASPM	246	VRRSTTYSSLH		hprd;pelm;psite	542
ENSP00000356379	ASPM	2429	RRRFISLKKAT		hprd;pelm;psite	542
ENSP00000316121	CDCA8	154	KKRTQSIQGKG	AURKB	hprd;psite	462
ENSP00000316121	CDCA8	169	SSRANTVTPAV	TTK	hprd;pelm;psite	462
ENSP00000316121	CDCA8	194	TPRFDSRVFKT		hprd;psite	462
ENSP00000369497	BRCA2	70	PQRKPSYNQLA		psite	814
ENSP00000287598	BUB1B	39	QGRIMSTLQGA		psite	531
ENSP00000287598	BUB1B	384	LQRVQSHQQAS		psite	531
ENSP00000287598	BUB1B	600	GFRNVTICPNP		psite	531
ENSP00000287598	BUB1B	680	DSREATHSSGF	PLK1	psite	531
ENSP00000288207	CCNB2	8	LLRRPTVSSDL		psite	659
ENSP00000308450	CDC20	51	ANRSHSAGRTP		psite	711
ENSP00000308450	CDC20	448	TSRVLSLTMSP		psite	711
ENSP00000303706	CDC25A	76	LQRMGSSESTD	CHEK1;GSK3B	hprd;pelm;psite	655
ENSP00000303706	CDC25A	107	MRRIHSLPQKL		psite	655
ENSP00000303706	CDC25A	124	LKRSHSDSLDH	CHEK1;CHEK2	hprd;pelm;psite	655
ENSP00000303706	CDC25A	178	TQRQNSAPARM	CHEK1;CHEK2	hprd;pelm;psite	655
ENSP00000303706	CDC25A	293	TKRRKSMSGAS	CHEK1;CHEK2;RPS6KA1	hprd;pelm;psite	655
ENSP00000245960	CDC25B	151	IRRFQSMPVRL		psite	665
ENSP00000245960	CDC25B	167	VLRNITNSQAP		psite	665
ENSP00000245960	CDC25B	178	DGRRKSEAGSG		psite	665
ENSP00000245960	CDC25B	230	AQRPSSAPDLM	CHEK1	pelm;psite	665
ENSP00000245960	CDC25B	323	LFRSPSMPCSV	MAPKAPK2;MELK	pelm;psite	665
ENSP00000245960	CDC25B	353	NKRRRSVTPPE	AURKA;MAPKAPK2;RPS6KA1	hprd;pelm;psite	665
ENSP00000245960	CDC25B	375	VLRSKSLCHDE	BRSK1;MAPKAPK2	hprd;pelm;psite	665
ENSP00000321656	CDC25C	38	LERDTSFTVCP		hprd;pelm;psite	782
ENSP00000321656	CDC25C	216	LYRSPSMPENL	BRSK1;CHEK1;CHEK2;MAPK14;MAPKAPK2;MARK3	hprd;pelm;psite	782
ENSP00000321656	CDC25C	449	LLRCRSQSKVQ		psite	782
ENSP00000266970	CDK2	39	KIRLDTETEGV	AKT1	hprd;psite	501
ENSP00000266970	CDK2	160	PVRTYTHEVVT	CDK2;CDK20;CDK7;MAPK1;MAPK3	hprd;pelm;psite	501
ENSP00000400088	CDK3	160	PLRTYTHEVVT	CDK3	hprd;pelm;psite	451
ENSP00000265148	CENPE	422	RKRRVTWCLGK		hprd;pelm;psite	447
ENSP00000265148	CENPE	2083	EKRLLSDGQQH		psite	447
ENSP00000265148	CENPE	2651	DSRSKSLPSPH		hprd;pelm;psite	447
ENSP00000371308	CENPJ	615	GHRMSSTPVKA		psite	634
ENSP00000371308	CENPJ	1109	PRRSKSAPPRD		hprd;psite	634
ENSP00000333873	CIB1	78	ICRVFSTSPAK		psite	869
ENSP00000247191	DLGAP5	830	HARHISFGGNL	AURKA	hprd;pelm;psite	494
ENSP00000354791	DCTN1	1153	LYRKTSQLLET		psite	844
ENSP00000232458	ECT2	571	VQRLPSVALLL		psite	461
ENSP00000232458	ECT2	811	VTRAFSFSKTP		hprd;pelm;psite	461
ENSP00000232458	ECT2	849	MSRLSSTSSLA		psite	461
ENSP00000262056	EIF4B	131	LPREPSNPERL		hprd;psite	523
ENSP00000262056	EIF4B	205	RARPATDSFDD		psite	523
ENSP00000262056	EIF4B	230	RDRYDSDRYRD		psite	523
ENSP00000262056	EIF4B	359	STRAASIFGGA		hprd;psite	523
ENSP00000262056	EIF4B	406	RERHPSWRSEE		hprd;pelm;psite	523
ENSP00000262056	EIF4B	418	QERERSRTGSE		psite	523
ENSP00000262056	EIF4B	420	RERSRTGSESS		hprd;psite	523
ENSP00000262056	EIF4B	422	RSRTGSESSQT	RPS6KA1;RPS6KB1	hprd;pelm;psite	523
ENSP00000262056	EIF4B	442	ARRRESEKSLE		hprd;psite	523
ENSP00000262056	EIF4B	497	PARSQSSDTEQ		hprd;pelm;psite	523
ENSP00000281708	FBXW7	227	RRRITSVQPPT	SGK1	psite	817
ENSP00000342307	FOXM1	191	WLRKMSSDGLG		psite	412
ENSP00000261597	NDC80	55	SERKVSLFGKR	AURKB	hprd;pelm;psite	660
ENSP00000378295	INCENP	72	KKRRISYVQDE	AURKB	hprd;pelm;psite	540
ENSP00000378295	INCENP	91	LSRRKSRSSQL		hprd;psite	540
ENSP00000378295	INCENP	103	SRRLRSKDSVE		hprd;psite	540
ENSP00000378295	INCENP	255	TGRSASKLRIA		hprd;pelm;psite	540
ENSP00000378295	INCENP	300	GSRTDSQSVRH		hprd;pelm;psite	540
ENSP00000378295	INCENP	336	VVRRASRRLAK		psite	540
ENSP00000378295	INCENP	452	ARRKRSYKQAV		psite	540
ENSP00000378295	INCENP	894	HKRTSSAVWNS	AURKB	hprd;pelm;psite	540
ENSP00000378295	INCENP	909	GARVPSSLAYS		psite	540
ENSP00000378356	KIF20A	662	EARQQSVAHQQ		hprd;pelm;psite	484
ENSP00000378356	KIF20A	859	LPRTPTCQSST		hprd;pelm;psite	484
ENSP00000260363	KIF23	605	LQRQFSDKRRL		psite	601
ENSP00000260363	KIF23	716	HRRSNSCSSIS		pelm;psite	601
ENSP00000260363	KIF23	814	HRRSRSAGDRW		hprd;pelm;psite	601
ENSP00000260363	KIF23	912	RKRRSSTVAPA		hprd;pelm;psite	601
ENSP00000260363	KIF23	913	KRRSSTVAPAQ		hprd;pelm;psite	601
ENSP00000260363	KIF23	943	EMRAGSQLGPG		pelm;psite	601
ENSP00000296509	MAD2L1	185	EVRLRSFTTTI		psite	652
ENSP00000296509	MAD2L1	187	RLRSFTTTIHK		psite	652
ENSP00000216122	MCM5	605	SDRRSSIPITV		psite	472
ENSP00000309871	RACGAP1	187	KRRSTSRQFVD	AURKB	hprd;pelm;psite	536
ENSP00000309871	RACGAP1	249	RSRRKTGTLQP	AKT2;AURKB	psite	536
ENSP00000309871	RACGAP1	405	FLRVKTVPLLS		psite	536
ENSP00000309871	RACGAP1	600	SQRVRSTLTKN		hprd;pelm;psite	536
ENSP00000322218	PITPNM2	642	SSRHLSRSNVD		psite	619
ENSP00000322218	PITPNM2	666	LPRKRSDSSTY		psite	619
ENSP00000322218	PITPNM2	668	RKRSDSSTYEL		psite	619
ENSP00000322218	PITPNM2	834	GFRRASEISIA		psite	619
ENSP00000322218	PITPNM2	1277	ALRKGSFGLPG		psite	619
ENSP00000322218	PITPNM2	1337	WGRAMTGRLEP		psite	619
ENSP00000300093	PLK1	137	LCRRRSLLELH	MAP3K8	pelm;psite	652
ENSP00000300093	PLK1	210	GERKKTLCGTP	AURKA;MAP3K8;STK10	hprd;pelm;psite	652
ENSP00000300093	PLK1	597	SSRSASNRLKA		psite	652
ENSP00000419425	PPIA	40	NFRALSTGEKG		psite	425
ENSP00000419425	PPIA	147	MERFGSRNGKT		psite	425
ENSP00000377793	PRC1	571	LQRNFSINSVA		hprd;psite	485
ENSP00000297338	RAD21	175	IMREGSAFEDD		hprd;pelm;psite	483
ENSP00000327583	RANBP1	60	LFRFASENDLP		hprd;psite	801
ENSP00000283109	RIOK2	483	RTRTLSITSSG		psite	800
ENSP00000257934	ESPL1	1501	NWRKMSFEILR	CAMK2A;PRKACA	pelm;psite	602
ENSP00000257934	ESPL1	1538	LLRLDSSKKKL		psite	602
ENSP00000274255	SKP2	72	RKRLKSKGSDK	PIM1	psite	447
ENSP00000218089	STAG2	1109	LSREQTLHTPV		psite	858
ENSP00000301633	BIRC5	21	DHRISTFKNWP	PLK1	psite	533
ENSP00000300403	TPX2	499	RIRMPTKEDEE		hprd;psite	507
ENSP00000298552	TSC1	487	ISRELSEITTA		psite	824
ENSP00000298552	TSC1	1100	LFRNKSESQCD		psite	824
ENSP00000230510	TTK	12	SGRELTIDSIM	TTK	psite	514
ENSP00000342307	FOXM1	757	ANRSLTEGLVL		hprd;pelm	412
ENSP00000265148	CENPE	22	NSREESLGETA		hprd	447
ENSP00000262056	EIF4B	311	DDRSWSSRDDY		hprd	523
ENSP00000218089	STAG2	1197	AIRRGTSLMED		hprd	858
ENSP00000218089	STAG2	1198	IRRGTSLMEDD		hprd	858
ENSP00000378295	INCENP	50	FTREFSKEPEL		hprd	540
ENSP00000309871	RACGAP1	145	NKRLSTIDESG	AURKB	hprd	536
ENSP00000309871	RACGAP1	186	EKRRSTSRQFV	AURKB	hprd	536
ENSP00000309871	RACGAP1	533	VERLLSLPLEY		hprd	536
ENSP00000247191	DLGAP5	221	VPRTVSSTTAR		hprd	494
ENSP00000356379	ASPM	3186	RNRAASVIQKA		hprd	542
ENSP00000356379	ASPM	503	TKRKATCTREN		hprd	542
ENSP00000371308	CENPJ	785	PSRSSSLSLSK		hprd	634
ENSP00000301905	PBK	57	SPRGLSHSPWA		hprd	411
