name	PLK3
id	ENSP00000361275
type	Serine/threonine kinase
proline+1_removed	Yes
npartners	62
npartners_with_sites	52
nsites	88
//
motif	score	fg_matches	fg_size	bg_matches	bg_size	fold_increase
..R..[ST].....	11.8	88	754	483	9383	2.27
//
prot_id	prot_name	position	flank	kinase	source	string_score
ENSP00000356379	ASPM	170	HNRRVSNIQNV		hprd;psite	497
ENSP00000356379	ASPM	246	VRRSTTYSSLH		hprd;pelm;psite	497
ENSP00000356379	ASPM	2429	RRRFISLKKAT		hprd;pelm;psite	497
ENSP00000278616	ATM	1878	CLRHFSQTSRS		psite	425
ENSP00000278616	ATM	2996	CKRNLSDIDQS	ATM	hprd;psite	425
ENSP00000287598	BUB1B	39	QGRIMSTLQGA		psite	441
ENSP00000287598	BUB1B	384	LQRVQSHQQAS		psite	441
ENSP00000287598	BUB1B	600	GFRNVTICPNP		psite	441
ENSP00000287598	BUB1B	680	DSREATHSSGF	PLK1	psite	441
ENSP00000288207	CCNB2	8	LLRRPTVSSDL		psite	595
ENSP00000356346	PTPRC	951	FQRLPSYRSWR		psite	621
ENSP00000308450	CDC20	51	ANRSHSAGRTP		psite	623
ENSP00000308450	CDC20	448	TSRVLSLTMSP		psite	623
ENSP00000303706	CDC25A	76	LQRMGSSESTD	CHEK1;GSK3B	hprd;pelm;psite	614
ENSP00000303706	CDC25A	107	MRRIHSLPQKL		psite	614
ENSP00000303706	CDC25A	124	LKRSHSDSLDH	CHEK1;CHEK2	hprd;pelm;psite	614
ENSP00000303706	CDC25A	178	TQRQNSAPARM	CHEK1;CHEK2	hprd;pelm;psite	614
ENSP00000303706	CDC25A	293	TKRRKSMSGAS	CHEK1;CHEK2;RPS6KA1	hprd;pelm;psite	614
ENSP00000245960	CDC25B	151	IRRFQSMPVRL		psite	554
ENSP00000245960	CDC25B	167	VLRNITNSQAP		psite	554
ENSP00000245960	CDC25B	178	DGRRKSEAGSG		psite	554
ENSP00000245960	CDC25B	230	AQRPSSAPDLM	CHEK1	pelm;psite	554
ENSP00000245960	CDC25B	323	LFRSPSMPCSV	MAPKAPK2;MELK	pelm;psite	554
ENSP00000245960	CDC25B	353	NKRRRSVTPPE	AURKA;MAPKAPK2;RPS6KA1	hprd;pelm;psite	554
ENSP00000245960	CDC25B	375	VLRSKSLCHDE	BRSK1;MAPKAPK2	hprd;pelm;psite	554
ENSP00000321656	CDC25C	38	LERDTSFTVCP		hprd;pelm;psite	999
ENSP00000321656	CDC25C	216	LYRSPSMPENL	BRSK1;CHEK1;CHEK2;MAPK14;MAPKAPK2;MARK3	hprd;pelm;psite	999
ENSP00000321656	CDC25C	449	LLRCRSQSKVQ		psite	999
ENSP00000360532	CDC5L	417	PFRTPSNGAEG		hprd;pelm;psite	726
ENSP00000360532	CDC5L	429	TPRSGTTPKPV		hprd;pelm;psite	726
ENSP00000266970	CDK2	39	KIRLDTETEGV	AKT1	hprd;psite	488
ENSP00000266970	CDK2	160	PVRTYTHEVVT	CDK2;CDK20;CDK7;MAPK1;MAPK3	hprd;pelm;psite	488
ENSP00000400088	CDK3	160	PLRTYTHEVVT	CDK3	hprd;pelm;psite	451
ENSP00000372023	CHEK2	163	FGRDKSCEYCF	CHEK2	psite	985
ENSP00000372023	CHEK2	183	KYRTYSKKHFR	CHEK2	psite	985
ENSP00000333873	CIB1	78	ICRVFSTSPAK		psite	976
ENSP00000232458	ECT2	571	VQRLPSVALLL		psite	410
ENSP00000232458	ECT2	811	VTRAFSFSKTP		hprd;pelm;psite	410
ENSP00000232458	ECT2	849	MSRLSSTSSLA		psite	410
ENSP00000261597	NDC80	55	SERKVSLFGKR	AURKB	hprd;pelm;psite	533
ENSP00000378295	INCENP	72	KKRRISYVQDE	AURKB	hprd;pelm;psite	431
ENSP00000378295	INCENP	91	LSRRKSRSSQL		hprd;psite	431
ENSP00000378295	INCENP	103	SRRLRSKDSVE		hprd;psite	431
ENSP00000378295	INCENP	255	TGRSASKLRIA		hprd;pelm;psite	431
ENSP00000378295	INCENP	300	GSRTDSQSVRH		hprd;pelm;psite	431
ENSP00000378295	INCENP	336	VVRRASRRLAK		psite	431
ENSP00000378295	INCENP	452	ARRKRSYKQAV		psite	431
ENSP00000378295	INCENP	894	HKRTSSAVWNS	AURKB	hprd;pelm;psite	431
ENSP00000378295	INCENP	909	GARVPSSLAYS		psite	431
ENSP00000260363	KIF23	605	LQRQFSDKRRL		psite	530
ENSP00000260363	KIF23	716	HRRSNSCSSIS		pelm;psite	530
ENSP00000260363	KIF23	814	HRRSRSAGDRW		hprd;pelm;psite	530
ENSP00000260363	KIF23	912	RKRRSSTVAPA		hprd;pelm;psite	530
ENSP00000260363	KIF23	913	KRRSSTVAPAQ		hprd;pelm;psite	530
ENSP00000260363	KIF23	943	EMRAGSQLGPG		pelm;psite	530
ENSP00000308383	LSP1	204	IDRTESLNRSI	MAPKAPK2	hprd;pelm;psite	800
ENSP00000308383	LSP1	252	LARQASIELPS	MAPKAPK2	hprd;pelm;psite	800
ENSP00000296509	MAD2L1	185	EVRLRSFTTTI		psite	611
ENSP00000296509	MAD2L1	187	RLRSFTTTIHK		psite	611
ENSP00000216122	MCM5	605	SDRRSSIPITV		psite	430
ENSP00000302486	MAP2K1	298	PGRPLSSYGMD	PAK1	hprd;pelm;psite	625
ENSP00000309871	RACGAP1	187	KRRSTSRQFVD	AURKB	hprd;pelm;psite	490
ENSP00000309871	RACGAP1	249	RSRRKTGTLQP	AKT2;AURKB	psite	490
ENSP00000309871	RACGAP1	405	FLRVKTVPLLS		psite	490
ENSP00000309871	RACGAP1	600	SQRVRSTLTKN		hprd;pelm;psite	490
ENSP00000228872	CDKN1B	157	RKRPATDDSST	AKT1;PIM1;SGK1	hprd;pelm;psite	440
ENSP00000269305	TP53	366	GSRAHSSHLKS	CHEK2	hprd;psite	998
ENSP00000377793	PRC1	571	LQRNFSINSVA		hprd;psite	415
ENSP00000297338	RAD21	175	IMREGSAFEDD		hprd;pelm;psite	434
ENSP00000251849	RAF1	43	YQRRASDDGKL	PRKACA;PRKCA	hprd;pelm;psite	800
ENSP00000251849	RAF1	257	SQRQRSTSTPN		hprd;pelm;psite	800
ENSP00000251849	RAF1	259	RQRSTSTPNVH	AKT1;PRKACA;RAF1	hprd;pelm;psite	800
ENSP00000251849	RAF1	285	AIRSHSESASP		psite	800
ENSP00000251849	RAF1	339	GQRDSSYYWEI	PAK1	hprd;pelm;psite	800
ENSP00000251849	RAF1	357	STRIGSGSFGT		psite	800
ENSP00000251849	RAF1	621	INRSASEPSLH	PRKACA;RAF1	hprd;pelm;psite	800
ENSP00000257934	ESPL1	1501	NWRKMSFEILR	CAMK2A;PRKACA	pelm;psite	495
ENSP00000257934	ESPL1	1538	LLRLDSSKKKL		psite	495
ENSP00000300403	TPX2	499	RIRMPTKEDEE		hprd;psite	432
ENSP00000230510	TTK	12	SGRELTIDSIM	TTK	psite	491
ENSP00000344818	UBC	57	DGRTLSDYNIQ		hprd;psite	652
ENSP00000216639	VRK1	390	QTRSRTRKRVQ		hprd;pelm	773
ENSP00000378295	INCENP	50	FTREFSKEPEL		hprd	431
ENSP00000309871	RACGAP1	145	NKRLSTIDESG	AURKB	hprd	490
ENSP00000309871	RACGAP1	186	EKRRSTSRQFV	AURKB	hprd	490
ENSP00000309871	RACGAP1	533	VERLLSLPLEY		hprd	490
ENSP00000356379	ASPM	3186	RNRAASVIQKA		hprd	497
ENSP00000356379	ASPM	503	TKRKATCTREN		hprd	497
