name	PLK4
id	ENSP00000270861
type	Serine/threonine kinase
proline+1_removed	Yes
npartners	294
npartners_with_sites	256
nsites	456
//
motif	score	fg_matches	fg_size	bg_matches	bg_size	fold_increase
..D..[ST]D.E..	627.3	11	3358	0	9383	Inf
..RR.[ST].....	615.31	58	3295	17	9345	9.68
.....[ST]D.E..	315.21	52	3347	38	9383	3.84
.KR..[ST].....	313.77	27	2617	15	8228	5.66
.....[ST]..K..	307.65	304	3237	518	9328	1.69
//
prot_id	prot_name	position	flank	kinase	source	string_score
ENSP00000264335	YWHAE	91	RQMVETELKLI		hprd;psite	899
ENSP00000306330	YWHAG	59	GARRSSWRVIS	LATS2	psite	899
ENSP00000340989	SFN	74	SNEEGSEEKGP		psite	458
ENSP00000348573	AKAP9	43	KKRKTSSSKHD	PRKACA	psite	908
ENSP00000348573	AKAP9	2481	SLENQTYFKSF		psite	908
ENSP00000264448	ALMS1	987	AIPGLTDQKTV		psite	899
ENSP00000264448	ALMS1	2779	KMHSNSQDKEV		hprd;pelm;psite	899
ENSP00000265748	ANLN	358	CLQSQSKDKST		psite	827
ENSP00000265748	ANLN	449	KGNIWSAEKGG		hprd;pelm;psite	827
ENSP00000339109	ANAPC1	307	TAHLRSLSKGD		hprd;pelm;psite	502
ENSP00000339109	ANAPC1	536	PLDGVSTPKPL		pelm;psite	502
ENSP00000339109	ANAPC1	1058	QYPELSDHEFI		psite	502
ENSP00000355090	ARHGAP11A	285	RKRRQSVGDFV		hprd;pelm;psite	793
ENSP00000355090	ARHGAP11A	339	SSHGFSSKKRK		hprd;pelm;psite	793
ENSP00000356379	ASPM	153	RSLWDTIKKKK		psite	859
ENSP00000356379	ASPM	170	HNRRVSNIQNV		hprd;psite	859
ENSP00000356379	ASPM	370	ILSPDSFIKDN		hprd;pelm;psite	859
ENSP00000356379	ASPM	463	KSNYYSFIKQN		hprd;pelm;psite	859
ENSP00000356379	ASPM	607	IHFSPSEPKTS		hprd;psite	859
ENSP00000356379	ASPM	1516	KESILTIQKYY		psite	859
ENSP00000356379	ASPM	2096	LNLKKTAIKIQ		psite	859
ENSP00000356379	ASPM	2429	RRRFISLKKAT		hprd;pelm;psite	859
ENSP00000287394	ATAD2	60	KAGDGSSVKEV		psite	681
ENSP00000287394	ATAD2	76	TRALRSLRKDA		psite	681
ENSP00000287394	ATAD2	1139	VGDKRSDPEQN		psite	681
ENSP00000287394	ATAD2	1176	NWYLGTIKKRR		psite	681
ENSP00000287394	ATAD2	1200	DHKIESDTEET		hprd;psite	681
ENSP00000287394	ATAD2	1233	KQQNASESKLE		hprd;psite	681
ENSP00000313171	ATAD5	356	MENSLSDPENE		hprd;psite	462
ENSP00000313171	ATAD5	621	DVQDNSQLKAS		hprd;psite	462
ENSP00000313171	ATAD5	663	KFTRISTPKKS		hprd;pelm;psite	462
ENSP00000313171	ATAD5	1116	DFKGSSDDEEE		hprd;psite	462
ENSP00000216911	AURKA	116	EEELASKQKNE		hprd;psite	754
ENSP00000216911	AURKA	288	SSRRTTLCGTL	AURKA;PAK1;PRKACA	hprd;pelm;psite	754
ENSP00000393583	AZI1	114	KKRPASLSTAP		psite	899
ENSP00000393583	AZI1	522	DGTLLSEAKLQ		psite	899
ENSP00000217026	MYBL2	28	PEQRDSKCKVK		psite	496
ENSP00000347232	BLM	28	NKLSLSKPKFS		hprd;psite	565
ENSP00000347232	BLM	36	KFSGFTFKKKT		psite	565
ENSP00000347232	BLM	53	SVTNVSVAKTP		hprd;pelm;psite	565
ENSP00000347232	BLM	269	DERDNSEKKKN		psite	565
ENSP00000347232	BLM	328	KDLDTSDRKED		hprd;psite	565
ENSP00000347232	BLM	601	VSERLSSAKTD		hprd;psite	565
ENSP00000347232	BLM	1197	TENSSSVKKQK		psite	565
ENSP00000316121	CDCA8	23	RRKLASFLKDF		hprd;psite	792
ENSP00000316121	CDCA8	154	KKRTQSIQGKG	AURKB	hprd;psite	792
ENSP00000350283	BRCA1	509	RKRRPTSGLHP	AKT1	hprd;pelm;psite	704
ENSP00000350283	BRCA1	615	RLRRKSSTRHI		psite	704
ENSP00000350283	BRCA1	694	SKRHDSDTFPE	AKT1	hprd;psite	704
ENSP00000350283	BRCA1	708	TNAPGSFTKCS		psite	704
ENSP00000350283	BRCA1	988	LFPIKSFVKTK	CHEK1;CHEK2	hprd;pelm;psite	704
ENSP00000350283	BRCA1	1336	QGVGLSDKELV		hprd;pelm;psite	704
ENSP00000350283	BRCA1	1342	DKELVSDDEER		hprd;pelm;psite	704
ENSP00000259008	BRIP1	1239	FKPSPSKNKGM		psite	472
ENSP00000302530	BUB1	563	VSRLPSKPKEE		hprd;psite	920
ENSP00000287598	BUB1B	367	INHILSTRKPG		pelm;psite	858
ENSP00000287598	BUB1B	435	AELLTSAEKRA	TTK	hprd;pelm;psite	858
ENSP00000287598	BUB1B	537	DEFLLSEKKNK		pelm;psite	858
ENSP00000287598	BUB1B	665	YSQTLSIKKLS		psite	858
ENSP00000287598	BUB1B	792	NSAELTVIKVS	PLK1	psite	858
ENSP00000315700	CHAF1B	464	PLPGPSEEKTL		psite	587
ENSP00000315700	CHAF1B	485	PSRRVTLNTLQ		hprd;psite	587
ENSP00000335463	CASC5	24	VRRRHSSILKP	AURKB	psite	591
ENSP00000335463	CASC5	25	RRRHSSILKPP		psite	591
ENSP00000335463	CASC5	60	NSRRVSFADTI	AURKB	hprd;pelm;psite	591
ENSP00000335463	CASC5	586	LSISLTDRKTE		psite	591
ENSP00000335463	CASC5	1004	PNFELSQRKSL		psite	591
ENSP00000335463	CASC5	1093	SQRRKSLKLKN		psite	591
ENSP00000335463	CASC5	1675	KVRRCSLGIFL		hprd;pelm;psite	591
ENSP00000335463	CASC5	1690	NKRNCSVTGID		hprd;pelm;psite	591
ENSP00000256442	CCNB1	321	DVEQHTLAKYL		hprd;psite	812
ENSP00000288207	CCNB2	8	LLRRPTVSSDL		psite	818
ENSP00000288207	CCNB2	11	RPTVSSDLENI		psite	818
ENSP00000288207	CCNB2	22	DTGVNSKVKSH		psite	818
ENSP00000288207	CCNB2	204	QVQPVSRKKLQ		hprd;psite	818
ENSP00000262643	CCNE1	90	RVYPNSTCKPR		psite	413
ENSP00000262643	CCNE1	399	LTPPQSGKKQS	CDK2	hprd;pelm;psite	413
ENSP00000309181	CCNE2	396	MTPPKSTEKPP		hprd;psite	711
ENSP00000303706	CDC25A	124	LKRSHSDSLDH	CHEK1;CHEK2	hprd;pelm;psite	701
ENSP00000303706	CDC25A	293	TKRRKSMSGAS	CHEK1;CHEK2;RPS6KA1	hprd;pelm;psite	701
ENSP00000303706	CDC25A	519	KREMYSRLKKL		psite	701
ENSP00000245960	CDC25B	178	DGRRKSEAGSG		psite	454
ENSP00000245960	CDC25B	353	NKRRRSVTPPE	AURKA;MAPKAPK2;RPS6KA1	hprd;pelm;psite	454
ENSP00000321656	CDC25C	148	AMCSSSANKEN		hprd;pelm;psite	974
ENSP00000321656	CDC25C	449	LLRCRSQSKVQ		psite	974
ENSP00000209728	CDC6	20	PKRKLSRALNK		psite	835
ENSP00000234626	CDC7	27	FQAEGSLKKNE		hprd;psite	716
ENSP00000328228	CDCA2	977	GKRRKSFCIST		psite	726
ENSP00000328228	CDCA2	1000	YRRRSSLNGKG		psite	726
ENSP00000275517	CDCA5	29	KPLRRSQRKSG		hprd;pelm;psite	753
ENSP00000306968	CDCA7	242	RPRRRTFPGVA	AKT1	psite	767
ENSP00000343818	CDK5RAP2	400	HRLRRSIKKIT		psite	910
ENSP00000343818	CDK5RAP2	548	EKKQSSDYEEL		psite	910
ENSP00000343818	CDK5RAP2	1360	ASHALSDYETS		psite	910
ENSP00000265148	CENPE	422	RKRRVTWCLGK		hprd;pelm;psite	905
ENSP00000265148	CENPE	1886	LEEMKSVMKER		psite	905
ENSP00000265148	CENPE	2083	EKRLLSDGQQH		psite	905
ENSP00000265148	CENPE	2647	SCFFDSRSKSL		hprd;pelm;psite	905
ENSP00000355922	CENPF	106	EGQLNSGKKQI		hprd;pelm;psite	848
ENSP00000355922	CENPF	963	MSSIISLNKRE		hprd;psite	848
ENSP00000355922	CENPF	1259	QSQEISGLKDC		hprd;psite	848
ENSP00000355922	CENPF	1868	SEGLNSDLEMH		hprd;psite	848
ENSP00000355922	CENPF	2082	ARLSESDYEKL		hprd;psite	848
ENSP00000355922	CENPF	2952	PATPESFSKKS		hprd;psite	848
ENSP00000355922	CENPF	3026	ALSPLSLGKEN		hprd;pelm;psite	848
ENSP00000371308	CENPJ	471	KSLSPSGLKIQ		psite	993
ENSP00000371308	CENPJ	556	SSLDVSLQKKL		hprd;psite	993
ENSP00000242872	CENPK	194	PLPDRSVKKKK		hprd;psite	756
ENSP00000337289	CENPQ	31	EEVVLSENKVR		hprd;psite	445
ENSP00000337289	CENPQ	249	ILHNSSQMKSM		hprd;psite	445
ENSP00000238341	CNTRL	1475	LLQTESDAEEL		psite	914
ENSP00000238341	CNTRL	1671	RKTQLTLIKQE		hprd;psite	914
ENSP00000382271	CEP152	1562	PSGYLSDTEES		psite	998
ENSP00000278935	CEP164	319	EENEKSEPKIC		psite	917
ENSP00000360540	CEP55	52	GKGKLTDKERH		psite	879
ENSP00000264935	CEP72	346	RFQTFSDQEGL		psite	902
ENSP00000262127	CEP76	82	EQELPSSPKQP		hprd;psite	907
ENSP00000365782	CEP78	372	SGRKHSLGKEY		psite	907
ENSP00000359300	CETN2	14	NMASSSQRKRM		psite	942
ENSP00000359300	CETN2	138	LGENLTDEELQ		psite	942
ENSP00000367276	CKAP2	39	LLRRKTLFAYK		psite	756
ENSP00000367276	CKAP2	190	QSKINSFRKPL		psite	756
ENSP00000367276	CKAP2	602	TPYLQSVKKKV		hprd;pelm;psite	756
ENSP00000367276	CKAP2	614	FDGTNSAFKEL		hprd;pelm;psite	756
ENSP00000305204	CKAP2L	499	KEMNISFWKSI		hprd;pelm;psite	699
ENSP00000263710	CLASP1	574	AKRSPTGSTTS		psite	902
ENSP00000263710	CLASP1	646	RTRRQSSGSAT		hprd;pelm;psite	902
ENSP00000263710	CLASP1	713	PPVTPSSEKRS		hprd;pelm;psite	902
ENSP00000263710	CLASP1	798	VLSTSTDLEAA		hprd;pelm;psite	902
ENSP00000325017	NCAPD2	577	GPAASTQEKNP		hprd;pelm;psite	672
ENSP00000325017	NCAPD2	1315	SQRAPSAKKPS		psite	672
ENSP00000370021	CNTLN	973	KYKNITAQKSS		hprd;psite	567
ENSP00000326804	CUL1	70	AGVPPSKSKKG		hprd;psite	599
ENSP00000265728	DBF4	502	TDNSGSQPKQK	ATM;ATR	psite	707
ENSP00000383178	DIAPH3	149	REKDFSIKKEM		psite	529
ENSP00000247191	DLGAP5	642	LGTPKSVNKAV		hprd;pelm;psite	907
ENSP00000380308	DYNC1I2	51	PVQEESDLEKK		psite	899
ENSP00000307143	DONSON	28	RKRARSRGAAA		psite	484
ENSP00000362850	DSN1	57	RIHLGSSPKKG		hprd;pelm;psite	563
ENSP00000362850	DSN1	95	QDRRQSWRRAS		psite	563
ENSP00000362850	DSN1	100	SWRRASMKETN	AURKB	psite	563
ENSP00000362850	DSN1	109	TNRRKSLHPIH	AURKB	hprd;pelm;psite	563
ENSP00000362850	DSN1	245	LSRGSTEAKIT		psite	563
ENSP00000250024	E2F8	46	PLTTPTKPKEG		psite	547
ENSP00000250024	E2F8	396	FTRHPSLIKLV		psite	547
ENSP00000232458	ECT2	345	LNTPNSNRKRR		hprd;pelm;psite	945
ENSP00000232458	ECT2	811	VTRAFSFSKTP		hprd;pelm;psite	945
ENSP00000306999	ESCO2	244	EVIEDSDVETV		hprd;pelm;psite	734
ENSP00000311873	EXO1	422	VKRPRSAELSE		hprd;pelm;psite	768
ENSP00000311873	EXO1	581	KATVFTDEESY		psite	768
ENSP00000311873	EXO1	660	KSEESSDDESH		hprd;psite	768
ENSP00000320147	EZH2	21	RKRVKSEYMRL	AKT1	hprd;pelm;psite	551
ENSP00000320147	EZH2	385	SKDTDSDREAG		hprd;pelm;psite	551
ENSP00000287647	FANCD2	8	SKRRLSKSEDK		hprd;pelm;psite	445
ENSP00000287647	FANCD2	178	PRLIVSQLKWL		hprd;pelm;psite	445
ENSP00000313034	FBXW5	284	IFDLGSDNEEV		psite	668
ENSP00000305480	FEN1	197	RHLTASEAKKL		hprd;psite	610
ENSP00000305480	FEN1	364	EPKGSTKKKAK		hprd;psite	610
ENSP00000349356	FIGNL1	571	PLPEASARKQI		psite	596
ENSP00000414109	HJURP	123	EVDATSDQEES		hprd;pelm;psite	736
ENSP00000414109	HJURP	347	NVLDVSCRKTG		psite	736
ENSP00000414109	HJURP	486	ETRRLSLPSSK	AKT1	hprd;psite	736
ENSP00000414109	HJURP	490	LSLPSSKAKAK		hprd;psite	736
ENSP00000355812	FGFR1OP	61	PLVNESLKKFL		psite	904
ENSP00000355812	FGFR1OP	209	TSVSLSEPKSK		hprd;psite	904
ENSP00000342307	FOXM1	768	DTMNDSLSKIL		hprd;pelm;psite	707
ENSP00000283645	TUBGCP5	407	LAPRLSQLKVL		psite	899
ENSP00000230056	GMNN	49	LSAGLSKRKHR		hprd;psite	585
ENSP00000230056	GMNN	203	TVSSSTDAKPC		psite	585
ENSP00000325290	GSG2	288	GPGLSSTGKRR		hprd;psite	504
ENSP00000369871	HAUS6	660	EEKVISDCECV		psite	548
ENSP00000369871	HAUS6	742	DHLEVSCNKPS		psite	548
ENSP00000369871	HAUS6	843	EALKKSLSKKR		psite	548
ENSP00000369871	HAUS6	851	KKREESYLSNS		psite	548
ENSP00000261597	NDC80	44	TFGKLSINKPT		hprd;psite	901
ENSP00000261597	NDC80	50	INKPTSERKVS		hprd;psite	901
ENSP00000261597	NDC80	76	LGIFSSSEKIK		hprd;pelm;psite	901
ENSP00000269571	ERBB2	733	SGAFGTVYKGI		psite	463
ENSP00000296503	HMGB2	100	PKRPPSAFFLF		psite	461
ENSP00000377492	HMMR	206	RSLEESQGKIA		psite	880
ENSP00000378295	INCENP	72	KKRRISYVQDE	AURKB	hprd;pelm;psite	549
ENSP00000378295	INCENP	91	LSRRKSRSSQL		hprd;psite	549
ENSP00000378295	INCENP	214	QGIPTSDEEST		hprd;pelm;psite	549
ENSP00000378295	INCENP	218	TSDEESTPKKS		hprd;pelm;psite	549
ENSP00000378295	INCENP	336	VVRRASRRLAK		psite	549
ENSP00000378295	INCENP	514	TSAPRSVMKSF		hprd;pelm;psite	549
ENSP00000378295	INCENP	518	RSVMKSFIKRN	AURKB	psite	549
ENSP00000378295	INCENP	832	NSDDSTDDEAH		hprd;pelm;psite	549
ENSP00000378295	INCENP	894	HKRTSSAVWNS	AURKB	hprd;pelm;psite	549
ENSP00000357643	MKI67	125	PARRVSRSSFS		hprd;pelm;psite	754
ENSP00000357643	MKI67	374	TGRRESVNLGK	AURKB	hprd;pelm;psite	754
ENSP00000357643	MKI67	411	EDAADSATKPE		hprd;pelm;psite	754
ENSP00000357643	MKI67	507	KRRRVSFGGHL		psite	754
ENSP00000357643	MKI67	598	DQRRRSCKTAP		hprd;psite	754
ENSP00000357643	MKI67	859	LETKTSDTETE		hprd;pelm;psite	754
ENSP00000357643	MKI67	1272	QRPKRSIRKAD		psite	754
ENSP00000357643	MKI67	1291	RNLMPSAGKAM		hprd;psite	754
ENSP00000357643	MKI67	1327	LTENLTGSKRR		hprd;pelm;psite	754
ENSP00000357643	MKI67	1347	ALEDLTGFKEL		psite	754
ENSP00000357643	MKI67	1449	PAASVTGSKRH		psite	754
ENSP00000357643	MKI67	1505	PVDTPTSSKPQ		hprd;psite	754
ENSP00000357643	MKI67	1514	PQSKRSLRKVD		psite	754
ENSP00000357643	MKI67	1533	RKRTPSAGKAM		psite	754
ENSP00000357643	MKI67	1546	PKPAVSGEKNI		hprd;pelm;psite	754
ENSP00000357643	MKI67	1569	LTENLTGSKRR		hprd;pelm;psite	754
ENSP00000357643	MKI67	1691	SAASLTGSKRQ		hprd;pelm;psite	754
ENSP00000357643	MKI67	1721	LFQTPSHTKES		hprd;pelm;psite	754
ENSP00000357643	MKI67	1749	LVDTPTSSKPQ		hprd;pelm;psite	754
ENSP00000357643	MKI67	1758	PQPKRSLRKAD		psite	754
ENSP00000357643	MKI67	1849	TDNPTTDEKTT		hprd;pelm;psite	754
ENSP00000357643	MKI67	1871	PADTPTNTKQR		hprd;pelm;psite	754
ENSP00000357643	MKI67	1880	QRPKRSLKKAD		psite	754
ENSP00000357643	MKI67	2002	QRLKISLGKVG		hprd;pelm;psite	754
ENSP00000357643	MKI67	2021	GKLTQTSGKTT		psite	754
ENSP00000357643	MKI67	2135	IVEELSALKQL		hprd;pelm;psite	754
ENSP00000357643	MKI67	2175	PAASVTGSKRQ		psite	754
ENSP00000357643	MKI67	2233	PVGTPTIFKPQ		hprd;pelm;psite	754
ENSP00000357643	MKI67	2242	PQSKRSLRKAD		psite	754
ENSP00000357643	MKI67	2261	RKRTPSVGKAM		hprd;psite	754
ENSP00000357643	MKI67	2333	TDKPTTDEKTT		hprd;pelm;psite	754
ENSP00000357643	MKI67	2382	RKRTPSAGKAM		psite	754
ENSP00000357643	MKI67	2395	PKPAVSDEKNI		hprd;pelm;psite	754
ENSP00000295746	KIAA1524	409	LDEALTRKKCE		psite	656
ENSP00000295746	KIAA1524	761	NKQIETVKKLN		hprd;psite	656
ENSP00000356319	KIF14	272	SNKFGSLEKRT		hprd;psite	754
ENSP00000356319	KIF14	346	VVQNTSAGKDP		psite	754
ENSP00000356319	KIF14	632	NKSLLTLGKVI		psite	754
ENSP00000356319	KIF14	1192	RRRSRSLMKNR		psite	754
ENSP00000356319	KIF14	1200	KNRRISGCLHD		hprd;pelm;psite	754
ENSP00000263181	KIF18A	357	AKDIKSSLKSN		psite	769
ENSP00000263181	KIF18A	695	VQLNDSLSKEL		hprd;psite	769
ENSP00000263181	KIF18A	834	RKRKLTSSTSN		psite	769
ENSP00000378356	KIF20A	61	VPSEDSMEKVK		psite	833
ENSP00000378356	KIF20A	825	LQGQVSAKKRL		hprd;psite	833
ENSP00000260753	KIF20B	310	DVKGYSFIKDL		hprd;psite	734
ENSP00000260753	KIF20B	488	DTLNSSQEKLF		hprd;pelm;psite	734
ENSP00000260753	KIF20B	1431	KMMLITQAKEA		psite	734
ENSP00000160827	KIF22	462	GAPLLSTPKRE	CDK2	hprd;psite	664
ENSP00000260363	KIF23	20	KKGSQTNLKDP		psite	912
ENSP00000260363	KIF23	867	HQELASDGEIE		hprd;pelm;psite	912
ENSP00000260363	KIF23	912	RKRRSSTVAPA		hprd;pelm;psite	912
ENSP00000260363	KIF23	927	AESEWTDVETR		psite	912
ENSP00000361298	KIF2C	192	SVRRKSCLVKE	AURKB;PAK1	psite	820
ENSP00000361298	KIF2C	719	ASRQISSKKRP		psite	820
ENSP00000363524	KIF4A	799	KLRRRTFSLTE		hprd;pelm;psite	788
ENSP00000363524	KIF4A	815	SESEDSITKQI		hprd;pelm;psite	788
ENSP00000363524	KIF4A	1001	LLQVASRQKHL		hprd;pelm;psite	788
ENSP00000363524	KIF4A	1028	PKPKPSRVKEK		hprd;pelm;psite	788
ENSP00000393963	KIFC1	33	LPLSGSRLKRR		hprd;psite	644
ENSP00000393963	KIFC1	359	DERRGTLSGAP		hprd;psite	644
ENSP00000309790	MIS18BP1	304	SLLMVSDSERT		psite	490
ENSP00000309790	MIS18BP1	761	NQVAMSFYKHQ		psite	490
ENSP00000332455	KPNA2	105	ARKLLSREKQP	PRKAA1	pelm;psite	627
ENSP00000261366	LMNB1	340	SRRMLTDKERE		psite	439
ENSP00000261366	LMNB1	412	RSVRTTRGKRK		psite	439
ENSP00000263274	LIG1	639	PFQVLTTRKRK		psite	476
ENSP00000263274	LIG1	801	LGTGFSDEELE		psite	476
ENSP00000263274	LIG1	913	GEDSGSDPEDT		hprd;pelm;psite	476
ENSP00000365113	MASTL	319	ESECHSSPKWE		psite	523
ENSP00000365113	MASTL	631	PAVQESNQKML		hprd;pelm;psite	523
ENSP00000265056	MCM2	139	GLLYDSDEEDE	CDC7;CDK2;CDK7;CSNK2A1	hprd;pelm;psite	736
ENSP00000229854	MCM3	160	IERRYSDLTTL	DAPK1	hprd;pelm;psite	711
ENSP00000229854	MCM3	711	DPYDFSDTEEE		hprd;pelm;psite	711
ENSP00000262105	MCM4	13	PSRRGSRRGRA		psite	810
ENSP00000262105	MCM4	120	RPDLGSAQKGL		hprd;pelm;psite	810
ENSP00000262105	MCM4	406	VNPRVSNVKSV		hprd;psite	810
ENSP00000216122	MCM5	605	SDRRSSIPITV		psite	644
ENSP00000216122	MCM5	693	QVSEHSIIKDF		psite	644
ENSP00000264156	MCM6	119	FQDLPTRHKIR		psite	612
ENSP00000298048	MELK	431	VYTPKSAVKNE	MELK	hprd;pelm;psite	899
ENSP00000309871	RACGAP1	157	ILSDISFDKTD	PLK1	hprd;pelm;psite	813
ENSP00000309871	RACGAP1	170	LDWDSSLVKTF	PLK1	hprd;pelm;psite	813
ENSP00000309871	RACGAP1	249	RSRRKTGTLQP	AKT2;AURKB	psite	813
ENSP00000309871	RACGAP1	601	QRVRSTLTKNT		hprd;pelm;psite	813
ENSP00000281453	MLF1IP	194	LSAQPSVEKEN		hprd;psite	743
ENSP00000281453	MLF1IP	300	ESQMLTNLKRK		psite	743
ENSP00000251496	NCAPG	674	GTEINSDDEQE		hprd;pelm;psite	885
ENSP00000251496	NCAPG	975	EADSESDHEVP		hprd;pelm;psite	885
ENSP00000251496	NCAPG	984	VPEPESEMKMR		pelm;psite	885
ENSP00000240423	NCAPH	70	LQRRRSRVFDL		hprd;pelm;psite	825
ENSP00000240423	NCAPH	570	LQAADSDDEDL	CSNK2A1	psite	825
ENSP00000355966	NEK2	171	LNHDTSFAKTF	NEK2	psite	975
ENSP00000355966	NEK2	304	SSPVLSELKLK		psite	975
ENSP00000355966	NEK2	356	LLKNYSLLKER	NEK2;STK3	psite	975
ENSP00000355966	NEK2	378	LNLPSSVIKKK		psite	975
ENSP00000355966	NEK2	406	ESQLTSKSKCK	STK3	psite	975
ENSP00000355966	NEK2	428	RAQALSDIEKN	NEK2	psite	975
ENSP00000345892	NDE1	306	GERRPSSTSVP	PRKACA	hprd;pelm;psite	901
ENSP00000231498	NUP155	994	APQSPSVPKKP		hprd;pelm;psite	466
ENSP00000307781	ODF2	207	MALKDTIGKLK		psite	925
ENSP00000344314	OFD1	735	SSRRLSSTPLP		hprd;psite	901
ENSP00000344314	OFD1	899	EERRQSNLQEV		psite	901
ENSP00000360621	ORC1	383	RIRRKSSVLTM		psite	663
ENSP00000360621	ORC1	421	ISDSSSDEEEA		hprd;pelm;psite	663
ENSP00000300035	KIAA0101	12	DSVPGTYRKVV		psite	701
ENSP00000301905	PBK	14	TPSKLSEKKKS		psite	905
ENSP00000352572	PCNT	44	AKRKGSAVDAS		psite	942
ENSP00000352572	PCNT	1653	LLRRESEVLDL		psite	942
ENSP00000352572	PCNT	1814	QERRHSQALEA		hprd;psite	942
ENSP00000334675	ERCC6L	813	ADSIATLPKGF		hprd;psite	635
ENSP00000334675	ERCC6L	1028	ARRIVSDGEDE		hprd;psite	635
ENSP00000334675	ERCC6L	1082	SQIPSSVNKSM		hprd;psite	635
ENSP00000265717	PRKAR2B	83	EEPMQSDSEDG		hprd;psite	899
ENSP00000265717	PRKAR2B	114	FTRRASVCAEA	PRKACA;PRKAR2B	hprd;pelm;psite	899
ENSP00000234179	PRKD3	9	NNSPPSAQKSV		hprd;psite	404
ENSP00000234179	PRKD3	30	AASPCSSPKTG		hprd;pelm;psite	404
ENSP00000234179	PRKD3	213	RKRRLSNVSLP		hprd;psite	404
ENSP00000234179	PRKD3	252	SKRIPSWSGRP		hprd;psite	404
ENSP00000234179	PRKD3	415	TKRKSSTMVKE		psite	404
ENSP00000300093	PLK1	137	LCRRRSLLELH	MAP3K8	pelm;psite	970
ENSP00000300093	PLK1	335	SSLDPSNRKPL		psite	970
ENSP00000265465	POLA2	126	QKRAISTPETP		hprd;pelm;psite	570
ENSP00000265465	POLA2	229	IEELGSELKEH		hprd;psite	570
ENSP00000216367	POLE2	188	VLGMITQLKEG		psite	842
ENSP00000377793	PRC1	265	VATIMSGSKAK		hprd;psite	829
ENSP00000337194	PRPF4B	36	VSEDQSQNKHS		hprd;pelm;psite	450
ENSP00000337194	PRPF4B	87	EIIDASDKEGM		psite	450
ENSP00000337194	PRPF4B	165	SSTRSSSTKGK		psite	450
ENSP00000337194	PRPF4B	196	RTRHRSDKKKS		psite	450
ENSP00000337194	PRPF4B	259	KARSPTDDKVK		hprd;pelm;psite	450
ENSP00000337194	PRPF4B	410	ERRRLSSPRTR		hprd;pelm;psite	450
ENSP00000337194	PRPF4B	443	PTRRRSRSPIR		pelm;psite	450
ENSP00000262293	PRR11	209	LLRKPSLAKAL		psite	493
ENSP00000264926	RAD18	107	KSPASSSSKNL		pelm;psite	464
ENSP00000264926	RAD18	403	VTNHFSQSKLD	ATM	hprd;pelm;psite	464
ENSP00000228843	RAD51AP1	120	TNVQNSQDKSI		hprd;pelm;psite	833
ENSP00000228843	RAD51AP1	124	NSQDKSIEKHG		psite	833
ENSP00000336606	RAD54B	14	QLQGNSFKKPK		psite	402
ENSP00000361043	RAD54L	38	RKRKSSSETQI		psite	645
ENSP00000319417	SKA3	34	LDGEESDFEDY		hprd;pelm;psite	753
ENSP00000319417	SKA3	119	QEAINSDPELS		hprd;pelm;psite	753
ENSP00000319417	SKA3	196	PPTKQSLVKVL		hprd;psite	753
ENSP00000319417	SKA3	276	QQLEKSDAEYT		hprd;psite	753
ENSP00000355958	DTL	410	TVGWASQKKKE		hprd;psite	827
ENSP00000355958	DTL	485	INRRGSVSSVS		hprd;pelm;psite	827
ENSP00000355958	DTL	495	SPKPPSSFKMS		hprd;pelm;psite	827
ENSP00000355958	DTL	520	ITPPASETKIM		psite	827
ENSP00000300738	RRM1	751	NPIQFTLNKEK		psite	655
ENSP00000302955	RRM2	56	IFQEPTEPKTK		psite	789
ENSP00000302955	RRM2	318	IGMNCTLMKQY		psite	789
ENSP00000287482	SASS6	555	TSHPGSGTKVQ		hprd;psite	872
ENSP00000287482	SASS6	608	KKREDSIPLRG		psite	872
ENSP00000257934	ESPL1	1073	TQHLDSVKKVH		pelm;psite	730
ENSP00000257934	ESPL1	1399	NFSDDSDLEDP	PLK1	hprd;pelm;psite	730
ENSP00000257934	ESPL1	1508	EILRGSDGEDS		hprd;pelm;psite	730
ENSP00000257934	ESPL1	1538	LLRLDSSKKKL		psite	730
ENSP00000263753	SGOL1	459	KIRRLSLSPKK		hprd;psite	795
ENSP00000350447	SGOL2	1187	PAFQVSDDEHE		psite	703
ENSP00000306473	SHCBP1	31	EQELASLEKGL		hprd;pelm;psite	790
ENSP00000306473	SHCBP1	273	LSNCNSDSEQE		hprd;pelm;psite	790
ENSP00000274255	SKP2	72	RKRLKSKGSDK	PIM1	psite	654
ENSP00000274255	SKP2	417	IKCRLTLQKPS	PIM1	psite	654
ENSP00000323421	SMC1A	657	ISGGASDLKAK		psite	427
ENSP00000341382	SMC4	28	PDGASSDAEPE		hprd;pelm;psite	839
ENSP00000341382	SMC4	595	LAMNRSRGKVL		psite	839
ENSP00000323300	SPAG5	334	GRILGSDTESW		hprd;pelm;psite	698
ENSP00000301633	BIRC5	20	KDHRISTFKNW	PLK1;PRKACA	psite	785
ENSP00000301633	BIRC5	140	KIAKETNNKKK	AURKB	pelm;psite	785
ENSP00000268138	TICRR	557	AHQEDSKKKRG		psite	697
ENSP00000268138	TICRR	851	ELRTRSAKKRR		psite	697
ENSP00000268138	TICRR	1115	HQKSLSFSKTT		hprd;psite	697
ENSP00000268138	TICRR	1125	TPRRISHTPQT		psite	697
ENSP00000268138	TICRR	1613	PRASRSLSKPE		psite	697
ENSP00000266732	TMPO	184	DSDRYSDNEEG		hprd;pelm;psite	623
ENSP00000411532	TOP2A	230	KFKMQSLDKDI		hprd;psite	864
ENSP00000411532	TOP2A	1106	EENEESDNEKE		hprd;pelm;psite	864
ENSP00000411532	TOP2A	1295	KRNPWSDSESD		hprd;pelm;psite	864
ENSP00000411532	TOP2A	1343	DFDEKTDDEDF	CSNK2A1;PLK1;PLK3;PRKCB	hprd;pelm;psite	864
ENSP00000411532	TOP2A	1377	QKSVVSDLEAD	CSNK2A1	hprd;pelm;psite	864
ENSP00000411532	TOP2A	1430	SSTSTTGAKKR		psite	864
ENSP00000411532	TOP2A	1469	RKRKPSTSDDS	CSNK2A1	hprd;pelm;psite	864
ENSP00000300403	TPX2	125	RSLRLSAQKDL		hprd;pelm;psite	854
ENSP00000300403	TPX2	310	KPFNLSQGKKR		hprd;pelm;psite	854
ENSP00000300403	TPX2	359	LPSKSSVTKIC		hprd;pelm;psite	854
ENSP00000300403	TPX2	542	PFSFDSRDKER		hprd;pelm;psite	854
ENSP00000230510	TTK	37	LTDELSLNKIS	TTK	hprd;psite	922
ENSP00000230510	TTK	382	PEVPESNQKQW		psite	922
ENSP00000301071	TUBA1A	109	ARGHYTIGKEI		psite	421
ENSP00000301071	TUBA1A	277	YAPVISAEKAY		psite	421
ENSP00000251413	TUBG1	284	DQSVASVRKTT		hprd;psite	711
ENSP00000356243	UBE2T	184	QKRKASQLVGI		hprd;pelm;psite	687
ENSP00000343526	USP1	307	SKRKATSDTLE		psite	581
ENSP00000263923	KDR	984	EEKSLSDVEEE		psite	477
ENSP00000353793	WDHD1	387	NSVDISMLKTG		hprd;pelm;psite	851
ENSP00000353793	WDHD1	394	LKTGSSLLKEE		psite	851
ENSP00000353793	WDHD1	886	KPGQNSFSKST		psite	851
ENSP00000363055	ZWINT	46	EFVVDSQKKDK		psite	679
ENSP00000350283	BRCA1	405	DGESESNAKVA		hprd;pelm	704
ENSP00000247191	DLGAP5	224	TVSSTTARKPV		hprd;pelm	907
ENSP00000266732	TMPO	67	PPDFSSDEERE		hprd;pelm	623
ENSP00000357643	MKI67	2697	TQESLTAGKAT		hprd;pelm	754
ENSP00000357643	MKI67	2212	TDKPTTHEKTT		hprd;pelm	754
ENSP00000357643	MKI67	1853	TTDEKTTKKIL		hprd;pelm	754
ENSP00000357643	MKI67	1141	SVDTPTSTKQW		hprd;pelm	754
ENSP00000357643	MKI67	1263	PVDTPTSTKQR		hprd;pelm	754
ENSP00000357643	MKI67	2836	LEDTATSSKRR		hprd;pelm	754
ENSP00000309790	MIS18BP1	261	SIVATTKSKKD		hprd;pelm	490
ENSP00000275517	CDCA5	124	NPEAESSSKEG		hprd;pelm	753
ENSP00000393583	AZI1	107	FEGSPSGKKRP		hprd;pelm	899
ENSP00000365113	MASTL	618	DCQEKTSPKGV		hprd;pelm	523
ENSP00000411532	TOP2A	1360	PPKTKTSPKLS		hprd	864
ENSP00000266732	TMPO	57	PLPAGTNSKGP		hprd	623
ENSP00000266732	TMPO	137	GPIVGTTRKLY		hprd	623
ENSP00000266732	TMPO	459	SELMSSFAKTV		hprd	623
ENSP00000266732	TMPO	12	DPSVLTKDKLK		hprd	623
ENSP00000266732	TMPO	355	QSPLSSKRKAL		hprd	623
ENSP00000287647	FANCD2	720	VTSQESGQKLV		hprd	445
ENSP00000323421	SMC1A	841	HMWEQTVKKDE		hprd	427
ENSP00000309597	MAP3K11	569	WAWGPSSPKPG		hprd	419
ENSP00000355922	CENPF	160	PSQYYSGSKYE		hprd	848
ENSP00000355922	CENPF	2048	DSQALSLTKCE		hprd	848
ENSP00000355922	CENPF	2923	EKRLSSGQNKA		hprd	848
ENSP00000377492	HMMR	65	TTLPASARKVK		hprd	880
ENSP00000240423	NCAPH	459	DAPSQSENKKK		hprd	825
ENSP00000216911	AURKA	66	AQKLVSSHKPV		hprd	754
ENSP00000308450	CDC20	63	RTPGKSSSKVQ		hprd	878
ENSP00000378295	INCENP	373	PQKVGSEQKEP		hprd	549
ENSP00000378295	INCENP	106	LRSKDSVEKLA		hprd	549
ENSP00000347232	BLM	282	EAELHSTEKVP		hprd	565
ENSP00000347232	BLM	336	KEDVLSTSKDL		hprd	565
ENSP00000309871	RACGAP1	145	NKRLSTIDESG	AURKB	hprd	813
ENSP00000309871	RACGAP1	186	EKRRSTSRQFV	AURKB	hprd	813
ENSP00000300403	TPX2	179	SAHQDTAEKNA		hprd	854
ENSP00000352572	PCNT	3063	ALSTVTQEKLE		hprd	942
ENSP00000261597	NDC80	34	LYTPQTKEKPT		hprd	901
ENSP00000311873	EXO1	700	CSSKDSDSEES		hprd	768
ENSP00000313171	ATAD5	1206	SPKKISSPKKV		hprd	462
ENSP00000356379	ASPM	2138	RISYHTMRKAA		hprd	859
ENSP00000356379	ASPM	482	DISSHSHNKQP		hprd	859
ENSP00000356379	ASPM	503	TKRKATCTREN		hprd	859
ENSP00000357643	MKI67	1636	RRLKTSLGKVG		hprd	754
ENSP00000357643	MKI67	1120	SEESMTDEKTT		hprd	754
ENSP00000337194	PRPF4B	622	EQNNGSSQKKL		hprd	450
ENSP00000337194	PRPF4B	623	QNNGSSQKKLL		hprd	450
ENSP00000260753	KIF20B	1031	EIVKASSKKSH		hprd	734
ENSP00000260753	KIF20B	321	QWIQVSDSKEA		hprd	734
ENSP00000378356	KIF20A	534	LQVSPSLEKGA		hprd	833
ENSP00000343818	CDK5RAP2	468	SLLSESNKKLH		hprd	910
ENSP00000265748	ANLN	368	TTPGGTGIKPF		hprd	827
ENSP00000265748	ANLN	536	SLKVTSDPKVE		hprd	827
ENSP00000261965	TUBGCP3	839	GEFKESIPKMC		hprd	921
ENSP00000234626	CDC7	512	QYSGNSFKKGD		hprd	716
ENSP00000350036	SMC1B	883	VTQNSSAEKVQ		hprd	427
ENSP00000370021	CNTLN	1113	LTKQSSNVKTL		hprd	567
ENSP00000271452	NUF2	261	EKMKDTVQKLK		hprd	807
ENSP00000367276	CKAP2	211	KKLSATIPKAT		hprd	756
ENSP00000367276	CKAP2	280	TSANVTIRKGP		hprd	756
ENSP00000334675	ERCC6L	1153	GETLSSENKSS		hprd	635
ENSP00000334675	ERCC6L	1062	KQFDASTPKND		hprd	635
ENSP00000350447	SGOL2	1085	KKRKTSIDPSP		hprd	703
ENSP00000328228	CDCA2	561	SQVLKSCRKKK		hprd	726
ENSP00000316121	CDCA8	180	GRLEVSMVKPT		hprd	792
ENSP00000310842	FANCI	937	RALDVTDKEGE		hprd	676
ENSP00000281453	MLF1IP	204	NLAIESQSKTQ		hprd	743
ENSP00000393583	AZI1	52	SVVTGSEQKRK		hprd	899
ENSP00000377793	PRC1	267	TIMSGSKAKVR		hprd	829
