name	PRKACA
id	ENSP00000309591
type	Serine/threonine kinase
proline+1_removed	Yes
npartners	273
npartners_with_sites	241
nsites	197
//
motif	score	fg_matches	fg_size	bg_matches	bg_size	fold_increase
..RR.[ST]...T.	922.96	12	2142	0	9383	Inf
..RR.[ST].....	615.31	82	2130	18	9383	20.07
..KR.[ST].....	316.67	32	1752	20	8900	8.13
R.R..[ST].....	316.01	49	2048	31	9365	7.23
..R..[ST]F....	315.16	19	1999	7	9334	12.67
//
prot_id	prot_name	position	flank	kinase	source	string_score
ENSP00000309503	YWHAZ	58	GARRSSWRVVS	AKT1;MAPKAPK2;PRKACA	hprd;pelm;psite	685
ENSP00000253792	ACLY	455	PSRTASFSESR	PRKACA	hprd;pelm;psite	621
ENSP00000311405	ADCY6	576	RTRANSMEGLM		hprd;pelm;psite	907
ENSP00000264758	ADD1	59	QKKRVSMILQS		pelm;psite	619
ENSP00000264758	ADD1	757	KFRTPSFLKKS	CHEK1;PRKCA;PRKCZ	hprd;pelm;psite	619
ENSP00000264436	ADD2	55	QKKRVTMILQS		pelm;psite	619
ENSP00000264436	ADD2	713	KFRTPSFLKKS	CHEK1;PRKCA;PRKCD;PRKCZ	hprd;pelm;psite	619
ENSP00000257430	APC	2442	LVRQSTFIKEA		psite	621
ENSP00000257430	APC	2724	ENRLNSFIQVD		psite	621
ENSP00000257430	APC	2835	SPKRHSGSYLV		hprd;pelm;psite	621
ENSP00000385057	APOBEC3G	32	LSRRNTVWLCY	PRKACA	psite	621
ENSP00000385057	APOBEC3G	218	RGRHETYLCYE		psite	621
ENSP00000199280	AQP2	256	VRRRQSVELHS	PRKACA	hprd;pelm;psite	800
ENSP00000262215	ARFGEF1	1079	RGREGSLTGTK		psite	429
ENSP00000360985	ARFGEF2	277	RERGSSLSGTD		hprd;psite	625
ENSP00000360985	ARFGEF2	614	MARRCSVTSME		hprd;pelm;psite	625
ENSP00000360985	ARFGEF2	1024	REREGSLKGHT		psite	625
ENSP00000228468	ASIC1	525	EAKRSSADKGV	PRKACA	hprd;pelm;psite	621
ENSP00000262053	ATF1	63	LARRPSYRKIL	CAMK2G;CDK3;RPS6KA5	hprd;pelm;psite	621
ENSP00000216911	AURKA	288	SSRRTTLCGTL	AURKA;PAK1;PRKACA	hprd;pelm;psite	621
ENSP00000216911	AURKA	342	TYKRISRVEFT	AURKA;PAK1	pelm;psite	621
ENSP00000309103	BAD	75	RSRHSSYPAGT	ARAF;BRAF;PAK1;PIM3;PRKACA;PRKCE;PRKCI;PRKCQ;PRKD1;RAF1;RPS6KA1;RPS6KA3	hprd;pelm;psite	967
ENSP00000309103	BAD	99	RGRSRSAPPNL	AKT1;ARAF;BRAF;PAK1;PRKACA;PRKCE;PRKCI;PRKCQ;PRKD1;RAF1;RPS6KA3	hprd;pelm;psite	967
ENSP00000309103	BAD	118	ELRRMSDEFVD	ARAF;BRAF;PAK1;PRKACA;PRKCE;PRKCI;PRKD1;RAF1;RPS6KA1	hprd;pelm;psite	967
ENSP00000288602	BRAF	365	RDRSSSAPNVH	AKT1;AKT3	hprd;pelm;psite	621
ENSP00000288602	BRAF	429	RERKSSSSSED	AKT1;AKT3	hprd;pelm;psite	621
ENSP00000288602	BRAF	440	RNRMKTLGRRD		hprd;pelm;psite	621
ENSP00000288602	BRAF	446	LGRRDSSDDWE	PAK1	hprd;pelm;psite	621
ENSP00000266376	CACNA1C	1946	LGRRASFHLEC	PRKACA;PRKD1	hprd;psite	919
ENSP00000365441	CACNA1F	1802	AGRKPSFTIQC		psite	800
ENSP00000377840	CACNB1	499	LSRQDTFDADT		psite	800
ENSP00000320025	CACNB2	554	LSRQETFDSET		psite	919
ENSP00000264705	CAD	1406	GGRRLSSFVTK	PRKACA	hprd;pelm;psite	621
ENSP00000264705	CAD	1407	GRRLSSFVTKG		hprd;psite	621
ENSP00000312741	CAMKK2	145	LPRRPTVESHH		psite	625
ENSP00000312741	CAMKK2	495	MIRKRSFGNPF		hprd;psite	625
ENSP00000336687	CBX3	93	GTKRKSLSDSE	PRKACA	hprd;pelm;psite	423
ENSP00000245960	CDC25B	178	DGRRKSEAGSG		psite	846
ENSP00000245960	CDC25B	353	NKRRRSVTPPE	AURKA;MAPKAPK2;RPS6KA1	hprd;pelm;psite	846
ENSP00000321656	CDC25C	38	LERDTSFTVCP		hprd;pelm;psite	843
ENSP00000405798	CDK16	125	INKRLSLPADI	PRKACA	hprd;pelm;psite	628
ENSP00000405798	CDK16	159	RLRRVSLSEIG	PRKACA	hprd;pelm;psite	628
ENSP00000003084	CFTR	660	AERRNSILTET	PRKACA;PRKCA;PRKG1	hprd;pelm;psite	967
ENSP00000003084	CFTR	737	LERRLSLVPDS	LMTK2;PRKAA1;PRKACA;PRKCA	hprd;pelm;psite	967
ENSP00000003084	CFTR	768	ARRRQSVLNLM	PRKAA1;PRKACA	hprd;pelm;psite	967
ENSP00000003084	CFTR	813	YSRRLSQETGL	PRKACA;PRKCA	hprd;pelm;psite	967
ENSP00000387699	CREB1	133	LSRRPSYRKIL	ATM;CAMK4;CAMKK1;DYRK3;MAP3K8;MAPKAPK2;PRKACA;PRKCE;PRKD1;RPS6KA1;RPS6KA2;RPS6KA3;RPS6KA4;RPS6KA5;SGK1;TSSK4	hprd;pelm;psite	930
ENSP00000265372	CREM	87	LSRRPSYRKIL		hprd;psite	647
ENSP00000220003	CSK	284	RSRGRSVLGGD		psite	621
ENSP00000344456	CTNNB1	552	TQRRTSMGGTQ	AKT1;AKT2;CAMK2A;PRKACA	hprd;pelm;psite	800
ENSP00000344456	CTNNB1	675	YKKRLSVELTS	PAK4;PRKACA	hprd;pelm;psite	800
ENSP00000369129	DSP	165	RVRRASSKGGG		hprd;pelm;psite	621
ENSP00000369129	DSP	1127	KRRRKSVEDRF		hprd;psite	621
ENSP00000369129	DSP	1658	ELRRLSSEVEA		hprd;pelm;psite	621
ENSP00000369129	DSP	2209	QKRSMSFQGIR		hprd;pelm;psite	621
ENSP00000369129	DSP	2608	TIRSSSFSDTL		hprd;pelm;psite	621
ENSP00000369129	DSP	2849	GSRRGSFDATG	PRKACA	hprd;pelm;psite	621
ENSP00000290374	GJD2	293	QAKRKSIYEIR		psite	800
ENSP00000265800	DMTN	85	RSRERSLSPKS		psite	621
ENSP00000265800	DMTN	211	RKRKASRRGAE		psite	621
ENSP00000354111	DNAJC5	10	RQRSLSTSGES	PRKACA	hprd;pelm;psite	644
ENSP00000206249	ESR1	167	RERLASTNDKG	AKT1;AKT2;CSNK2A1;IKBKE;RPS6KA1;RPS6KA3;RPS6KB1	hprd;pelm;psite	621
ENSP00000206249	ESR1	236	KNRRKSCQACR	PRKACA	pelm;psite	621
ENSP00000338934	EZR	332	KKRRETVEREK		psite	800
ENSP00000400717	GNA13	203	LARRPTKGIHE	PRKACA	hprd;pelm;psite	645
ENSP00000299267	GABRB3	432	HLRRRSSQLKI		psite	619
ENSP00000299267	GABRB3	433	LRRRSSQLKIK		psite	619
ENSP00000253408	GFAP	8	RRRITSAARRS	CDK1;PRKACA	hprd;pelm;psite	684
ENSP00000228682	GLI1	374	CTKRYTDPSSL	PRKACA	psite	803
ENSP00000228682	GLI1	544	LERRSSSSSSI	PRKACA	psite	803
ENSP00000228682	GLI1	560	VSRRSSLASPF	PRKACA	psite	803
ENSP00000228682	GLI1	640	VTRRASDPAQA	PRKACA	psite	803
ENSP00000354586	GLI2	234	RKRALSISPLS		hprd;psite	855
ENSP00000354586	GLI2	808	QERRDSSTSTV		psite	855
ENSP00000354586	GLI2	824	VSRRSSGISPY		psite	855
ENSP00000354586	GLI2	941	GPRRGSDGPTY		psite	855
ENSP00000354586	GLI2	970	GARRASDPVRR		psite	855
ENSP00000350757	GMFB	27	RFRKETNNAAI	PRKACA;RPS6KA1	hprd;pelm;psite	635
ENSP00000222330	GSK3A	21	RARTSSFAEPG	AKT1;PRKACA;PRKCA;PRKCB;PRKCD;PRKCG;PRKCH;RPS6KA3	hprd;pelm;psite	629
ENSP00000324806	GSK3B	9	RPRTTSFAESC	AKT1;AURKA;MAP4K5;PRKACA;PRKCA;PRKCB;PRKCD;PRKCG;PRKCH;RPS6KA1;RPS6KA3;RPS6KB1	hprd;pelm;psite	926
ENSP00000317904	GYS1	698	WPRRASCTSST	CSNK2A1	hprd;psite	644
ENSP00000317904	GYS1	710	GSKRNSVDTAT	PRKACA	hprd;psite	644
ENSP00000352565	HAND2	114	RRRTQSINSAF		psite	619
ENSP00000362674	HDAC8	39	IPKRASMVHSL	PRKACA	hprd;pelm;psite	926
ENSP00000356248	PTPN7	83	QERRGSNVALM	PRKACA	hprd;pelm;psite	623
ENSP00000370125	HMGN1	21	EPKRRSARLSA	PRKCA	hprd;pelm;psite	621
ENSP00000349428	PTBP1	16	GTKRGSDELFS	PRKACA	hprd;pelm;psite	621
ENSP00000244289	LIPE	951	HPRRSSQGATQ	PRKACA	hprd;pelm;psite	919
ENSP00000268035	IGF1R	1278	GFREVSFYYSE		hprd;psite	899
ENSP00000405934	ITPR1	1589	AARRDSVLAAS	PRKACA	hprd;pelm;psite	951
ENSP00000405934	ITPR1	1716	SGRRESLTSFG	PRKACA	hprd;pelm;psite	951
ENSP00000405934	ITPR1	2642	RMRAMSLVSSD		psite	951
ENSP00000370744	ITPR2	1856	RVRDSTLHLKE		psite	944
ENSP00000370744	ITPR2	2633	RMRAMSLVSNE		hprd;psite	944
ENSP00000363435	ITPR3	1832	KGRVASFSIPG		hprd;pelm;psite	879
ENSP00000363435	ITPR3	2609	RMRAMSLVSNE		hprd;psite	879
ENSP00000380227	ITGA4	1021	ENRRDSWSYIN	PRKACA	hprd;pelm;psite	621
ENSP00000272117	ITPKB	84	RRRLNSSSGSG		psite	621
ENSP00000262186	KCNH2	283	SVRRASSADDI	PRKACA	hprd;pelm;psite	630
ENSP00000262186	KCNH2	890	RKRKLSFRRRT	PRKACA;PRKCA	psite	630
ENSP00000262186	KCNH2	895	SFRRRTDKDTE	PRKACA	psite	630
ENSP00000262186	KCNH2	1137	PTRRLSLPGQL	PRKACA	hprd;pelm;psite	630
ENSP00000155840	KCNQ1	27	GARRGSAGLAK	PRKACA	psite	918
ENSP00000336740	LIMK1	508	RKKRYTVVGNP	CDC42BPA;PAK1;ROCK1	hprd;pelm;psite	624
ENSP00000324856	STK11	336	RWRSMTVVPYL	STK11	hprd;psite	626
ENSP00000324856	STK11	428	KIRRLSACKQQ	PRKCZ;RPS6KA3;STK11	hprd;pelm;psite	626
ENSP00000353508	MAP2	821	RSRLASVSADA		hprd;psite	621
ENSP00000353508	MAP2	833	VARRKSVPSET		pelm;psite	621
ENSP00000353508	MAP2	1540	PEKRSSLPRPS	MARK1	hprd;psite	621
ENSP00000353508	MAP2	1795	SPRRLSNVSSS	MARK1	hprd;pelm;psite	621
ENSP00000348273	MBP	141	SQKRPSQRHGS	PRKCA	hprd;psite	621
ENSP00000271555	MEF2D	121	KYRRASEELDG		hprd;pelm;psite	621
ENSP00000354927	MAP3K3	197	RSRHLSVSSQN	PRKACA	hprd;pelm;psite	622
ENSP00000354927	MAP3K3	281	MSRAQSFPDNR		hprd;psite	622
ENSP00000354927	MAP3K3	368	RGRLRSADSEN	PRKACA	hprd;pelm;psite	622
ENSP00000302111	MGMT	42	EMKRTTLDSPL		psite	619
ENSP00000226574	NFKB1	338	QLRRKSDLETS	PRKACA	hprd;pelm;psite	621
ENSP00000226574	NFKB1	938	SFRKLSFTESL		psite	621
ENSP00000384273	RELA	276	QLRRPSDRELS	PIM1;PRKACA;RPS6KA4;RPS6KA5	hprd;pelm;psite	846
ENSP00000311677	PPP1R8	178	HNKRISTLTIE	PRKACA	hprd;pelm;psite	621
ENSP00000311677	PPP1R8	199	RKRKNSRVTFS	PRKACA	hprd;pelm;psite	621
ENSP00000320758	NOS1	1417	RLRSESIAFIE		hprd;pelm;psite	619
ENSP00000263253	EP300	1834	RRRMASMQRTG	AKT1	hprd;pelm;psite	817
ENSP00000351957	PDE3A	292	KRRRRSSSVVS		psite	410
ENSP00000351957	PDE3A	293	RRRRSSSVVSA		psite	410
ENSP00000351957	PDE3A	294	RRRSSSVVSAE		psite	410
ENSP00000351957	PDE3A	312	SHRRTSLPCIP	PRKACA;PRKCA	hprd;pelm;psite	410
ENSP00000351957	PDE3A	438	LLRRVSSTWTT	PRKCA	psite	410
ENSP00000351957	PDE3A	465	RDRSTSIKLQE	PRKCA	psite	410
ENSP00000282096	PDE3B	295	RPRRRSSCVSL	AKT1	hprd;psite	652
ENSP00000282096	PDE3B	296	PRRRSSCVSLG	PRKACA	psite	652
ENSP00000282096	PDE3B	318	IFRRPSLPCIS	PRKACA	hprd;pelm;psite	652
ENSP00000282096	PDE3B	442	QLRRSSGTSGL	AKT1	hprd;pelm;psite	652
ENSP00000332116	PDE4B	133	SQRRESFLYRS	PRKACA	hprd;pelm;psite	660
ENSP00000344220	PDPK1	241	QARANSFVGTA	PDK1;PDPK1	hprd;pelm;psite	640
ENSP00000300055	PLIN1	81	VVRRLSTQFTA	PRKACA	hprd;psite	621
ENSP00000300055	PLIN1	497	PKRRVSDSFFR		psite	621
ENSP00000356047	PFKFB2	466	RMRRNSFTPLS	AKT1;PRKAA1;PRKAA2;PRKACA	hprd;pelm;psite	620
ENSP00000356047	PFKFB2	483	RPRNYSVGSRP	AKT1	hprd;pelm;psite	620
ENSP00000362643	PHKA1	431	LNRRFSTVPKP		psite	621
ENSP00000362643	PHKA1	1018	EFRRLSISAES	PHKA1	hprd;pelm;psite	621
ENSP00000265563	PRKAR2A	99	FNRRVSVCAET	PRKAR2A	hprd;pelm;psite	883
ENSP00000265717	PRKAR2B	114	FTRRASVCAEA	PRKACA;PRKAR2B	hprd;pelm;psite	882
ENSP00000350132	PLN	16	AIRRASTIEMP	PRKACA	hprd;pelm;psite	921
ENSP00000261173	ATP2B1	1177	PTKRNSSPPPS		hprd;psite	621
ENSP00000326366	PSEN1	310	AQRRVSKNSKY	PRKACA	hprd;pelm;psite	919
ENSP00000248594	PTPN12	39	RLRRLSTKYRT	PRKACA;PRKCA	hprd;pelm;psite	623
ENSP00000248594	PTPN12	435	LERNLSFEIKK	PRKACA;PRKCA	hprd;pelm;psite	623
ENSP00000394794	PTPN13	936	ILKRLSCSELS		psite	621
ENSP00000394794	PTPN13	1082	LHKRWSIVSSP		pelm;psite	621
ENSP00000251849	RAF1	43	YQRRASDDGKL	PRKACA;PRKCA	hprd;pelm;psite	630
ENSP00000251849	RAF1	259	RQRSTSTPNVH	AKT1;PRKACA;RAF1	hprd;pelm;psite	630
ENSP00000363897	RAP1GAP	441	RSRSQSMDAMG		psite	621
ENSP00000363897	RAP1GAP	499	GSRRSSAIGIE	PRKACA	hprd;pelm;psite	621
ENSP00000405963	RASGRF1	927	KYRRMSLASAG	PRKACA	hprd;pelm;psite	621
ENSP00000384192	RASGRP3	133	WMRRVTQRKKV	PRKCD;PRKCQ	hprd;pelm;psite	619
ENSP00000358099	RGS10	176	AAKRASRIYNT	PRKACA	hprd;pelm;psite	621
ENSP00000358099	RGS10	16	RKRPPSDIHDS		hprd;psite	621
ENSP00000386229	RGS14	260	ALRRESQGSLN	PRKACA	hprd;pelm;psite	621
ENSP00000386229	RGS14	495	TGKRQTCDIEG	PRKACA	hprd;pelm;psite	621
ENSP00000299759	RRAD	214	RSREVSVDEGR	CSNK2A1;PRKCA	hprd;pelm;psite	631
ENSP00000299759	RRAD	257	RLRRDSKEANA	CSNK2A1;PRKCA	hprd;psite	631
ENSP00000299759	RRAD	273	TRRRESLGKKA	CAMK2A;CSNK2A1;PRKACA;PRKCA	hprd;psite	631
ENSP00000261441	RSBN1	92	RQRRSSSGGSQ		psite	621
ENSP00000325905	SRSF7	167	RSRSISLRRSR		hprd;pelm;psite	621
ENSP00000325905	SRSF7	175	RSRSASLRRSR		hprd;pelm;psite	621
ENSP00000325905	SRSF7	183	RSRSGSIKGSR		hprd;pelm;psite	621
ENSP00000325905	SRSF7	200	RSRSRSRSISR		psite	621
ENSP00000325905	SRSF7	202	RSRSRSISRPR		hprd;psite	621
ENSP00000325905	SRSF7	204	RSRSISRPRSS		hprd;psite	621
ENSP00000325905	SRSF7	225	RSRSPSGSPRR		hprd;pelm;psite	621
ENSP00000393557	SLC4A4	12	LDRGASFLKHV		psite	621
ENSP00000393557	SLC4A4	49	RHKRKTGHKEK		psite	621
ENSP00000254976	SNAP25	138	FIRRVTNDARE	PRKCA	hprd;psite	621
ENSP00000349259	SPTBN1	2358	KEKRFSLFGKK		psite	621
ENSP00000350941	SRC	17	SQRRRSLEPAE	PRKACA	hprd;pelm;psite	629
ENSP00000410452	STMN1	16	LEKRASGQAFE	CAMK2B;CAMK4;CSNK2A1;PAK1;PRKACA	hprd;pelm;psite	621
ENSP00000410452	STMN1	63	EERRKSHEAEV	CSNK2A1;PRKACA	hprd;pelm;psite	621
ENSP00000358918	SUFU	301	QPRRLSGKDTE		psite	501
ENSP00000295987	SYN1	9	LRRRLSDSNFM	PRKACA	hprd;psite	621
ENSP00000370571	TH	71	IGRRQSLIEDA	CAMK2A;MAPKAPK2;PRKACA;RPS6KA3	hprd;pelm;psite	657
ENSP00000245932	VASP	157	IERRVSNAGGP	PRKACA;PRKCA;PRKG1	hprd;pelm;psite	621
ENSP00000245932	VASP	278	RRRKATQVGEK	PRKAA1;PRKACA;PRKG1;RPS6KA1	hprd;pelm;psite	621
ENSP00000226218	VTN	397	NSRRPSRATWL	PRKACA;PRKCA	hprd;pelm;psite	621
ENSP00000396211	WASF2	293	GPKRSSVVSPS		psite	619
ENSP00000331327	WT1	433	CERRFSRSDQL	PRKACA	hprd;pelm;psite	621
ENSP00000362649	HDAC1	406	PDKRISICSSD		hprd;pelm	846
ENSP00000231121	HAND1	107	KERRRTESINS	PRKCA	hprd;pelm	619
ENSP00000231121	HAND1	109	RRRTESINSAF	PRKCA	hprd;pelm	619
ENSP00000250018	TPH1	58	SKRRNSEFEIF	PRKACA	hprd;pelm	621
ENSP00000266376	CACNA1C	1645	IWKRTSMKLLD	PRKACA	hprd	919
ENSP00000348273	MBP	190	APKRGSGKDSH	PRKCA	hprd	621
ENSP00000262367	CREBBP	1771	ESRRLSIQRCI		hprd	828
ENSP00000283228	PTPRR	339	QERRGSNVSLT	PRKACA	hprd	623
ENSP00000271348	GJA5	345	DKRRLSKASSK	PRKACA	hprd	621
ENSP00000220876	STMN2	50	INKRASGQAFE	PRKACA	hprd	621
ENSP00000220876	STMN2	97	EERRKSQEAQV	PRKACA	hprd	621
