name	PRKAA2
id	ENSP00000360290
type	Serine/threonine kinase
proline+1_removed	Yes
npartners	64
npartners_with_sites	56
nsites	224
//
motif	score	fg_matches	fg_size	bg_matches	bg_size	fold_increase
..RR.[ST].....	314.49	19	588	18	9383	16.84
R.R..[ST].....	314.26	23	569	31	9365	12.21
..R..[ST].....	307.65	80	546	434	9334	3.15
..S..[ST].P...	15.73	22	466	60	8900	7
.....[ST].S...	6.31	80	444	905	8840	1.76
//
prot_id	prot_name	position	flank	kinase	source	string_score
ENSP00000344789	ACACA	60	RFIIGSVSEDN		hprd;pelm;psite	960
ENSP00000344789	ACACA	85	EEKEGSLSPAS		hprd;pelm;psite	960
ENSP00000344789	ACACA	115	LHIRSSMSGLH	PRKACA	hprd;pelm;psite	960
ENSP00000344789	ACACA	647	MNRIDTGWLDR		psite	960
ENSP00000344789	ACACA	1238	TLNRMSFSSNL	PRKAA1;PRKACA	hprd;pelm;psite	960
ENSP00000344789	ACACA	1253	MTHVASVSDVL		hprd;psite	960
ENSP00000367079	ACACB	220	PTMRPSMSGLH		psite	968
ENSP00000367079	ACACB	1641	IRQTTTGSAVP		psite	968
ENSP00000361027	AMOT	175	HVRSLSERLMQ		psite	497
ENSP00000361027	AMOT	712	DTTVISHSPNT		psite	497
ENSP00000346148	PRKAA1	308	FPEDPSYSSTM		psite	974
ENSP00000346148	PRKAA1	509	ATPQRSGSVSN	PRKAA1	psite	974
ENSP00000346148	PRKAA1	511	PQRSGSVSNYR	PRKAA1	hprd;pelm;psite	974
ENSP00000346148	PRKAA1	521	RSCQRSDSDAE		hprd;psite	974
ENSP00000346148	PRKAA1	523	CQRSDSDAEAQ		hprd;psite	974
ENSP00000229328	PRKAB1	24	TPRRDSSGGTK	PRKAA1	hprd;pelm;psite	991
ENSP00000229328	PRKAB1	25	PRRDSSGGTKD		psite	991
ENSP00000229328	PRKAB1	180	DVSELSSSPPG		hprd;pelm;psite	991
ENSP00000254101	PRKAB2	182	SCRDLSSSPPG		hprd;pelm;psite	993
ENSP00000287878	PRKAG2	90	PSSPMSAPVRP		psite	973
ENSP00000287878	PRKAG2	97	PVRPKTSPGSP		psite	973
ENSP00000287878	PRKAG2	122	SPRRMSFSGIF		psite	973
ENSP00000287878	PRKAG2	131	IFRSSSKESSP		psite	973
ENSP00000287878	PRKAG2	151	GIRFFSRSRKT		psite	973
ENSP00000287878	PRKAG2	157	RSRKTSGLSSS		hprd;pelm;psite	973
ENSP00000287878	PRKAG2	160	KTSGLSSSPST		psite	973
ENSP00000287878	PRKAG2	164	LSSSPSTPTQV		hprd;psite	973
ENSP00000351908	MAP3K5	83	RGRGSSVGGGS	AKT1;AKT2;PIM1	hprd;pelm;psite	760
ENSP00000351908	MAP3K5	813	NVLINTYSGVL	MAP3K5	psite	760
ENSP00000351908	MAP3K5	966	YLRSISLPVPV	MAP3K5;PDPK1	hprd;pelm;psite	760
ENSP00000351908	MAP3K5	1109	KIIATTLSKLK		psite	760
ENSP00000351908	MAP3K5	1326	GADEDTISRFL		psite	760
ENSP00000236959	ATIC	25	FARNLTALGLN		hprd;psite	908
ENSP00000158166	CAMKK1	52	RARAASVIPGS		psite	804
ENSP00000158166	CAMKK1	67	LPARPSLSARK		psite	804
ENSP00000158166	CAMKK1	74	SARKLSLQERP	PRKACA	hprd;psite	804
ENSP00000158166	CAMKK1	108	AWRRPTIESHH		hprd;pelm;psite	804
ENSP00000158166	CAMKK1	496	MLRKRSFGNPF		hprd;psite	804
ENSP00000158166	CAMKK1	513	EERSMSAPGNL	PRKACA	hprd;psite	804
ENSP00000312741	CAMKK2	100	SGRKLSLQERS		psite	870
ENSP00000312741	CAMKK2	132	PYSPVSSPQSS		hprd;psite	870
ENSP00000312741	CAMKK2	136	VSSPQSSPRLP		hprd;pelm;psite	870
ENSP00000312741	CAMKK2	145	LPRRPTVESHH		psite	870
ENSP00000312741	CAMKK2	495	MIRKRSFGNPF		hprd;psite	870
ENSP00000312741	CAMKK2	509	RREERSLSAPG		hprd;psite	870
ENSP00000312741	CAMKK2	511	EERSLSAPGNL	DAPK1	hprd;pelm;psite	870
ENSP00000404151	CEP170B	224	FRREPSYFEIP		psite	497
ENSP00000404151	CEP170B	360	EDGTQSDSEDP		hprd;psite	497
ENSP00000404151	CEP170B	419	PRKKRSQSFTH		psite	497
ENSP00000404151	CEP170B	421	KKRSQSFTHSP		psite	497
ENSP00000404151	CEP170B	472	LKREKTEERLG		psite	497
ENSP00000404151	CEP170B	605	LSRASSATFRP		psite	497
ENSP00000404151	CEP170B	721	ESSRRSGPGPP		hprd;pelm;psite	497
ENSP00000404151	CEP170B	746	ELDPDSLSDAS		hprd;pelm;psite	497
ENSP00000404151	CEP170B	751	SLSDASGSDGG		hprd;pelm;psite	497
ENSP00000404151	CEP170B	868	FLRQESFTKEP		psite	497
ENSP00000404151	CEP170B	969	LRSGKSGPSPT		hprd;psite	497
ENSP00000404151	CEP170B	1112	QALTRSNSLST		psite	497
ENSP00000404151	CEP170B	1114	LTRSNSLSTPR		psite	497
ENSP00000404151	CEP170B	1179	RKRAGSFTGTS		psite	497
ENSP00000404151	CEP170B	1255	TPRAGSSSRAR		psite	497
ENSP00000320886	MLXIPL	196	RLRKPSREDDL		hprd;psite	905
ENSP00000320886	MLXIPL	614	SERRLSGDLSS		hprd;psite	905
ENSP00000366237	DFFA	28	LRRNYSREQHG		hprd;psite	593
ENSP00000366237	DFFA	232	ISRETSSDVAL		psite	593
ENSP00000366237	DFFA	310	SLRSISASKAS		hprd;psite	593
ENSP00000375889	C19orf47	87	HDSPPSTPPRR		psite	609
ENSP00000375889	C19orf47	95	PRRPDTSTSKI		psite	609
ENSP00000375889	C19orf47	137	KRRRVTAEMEG		psite	609
ENSP00000263026	EEF2K	70	KSERYSSSGSP		hprd;psite	636
ENSP00000263026	EEF2K	72	ERYSSSGSPAN	MTOR	hprd;pelm;psite	636
ENSP00000263026	EEF2K	364	SPQVRTLSGSR		psite	636
ENSP00000263026	EEF2K	366	QVRTLSGSRPP	RPS6KA1;RPS6KB1;RPS6KB2	psite	636
ENSP00000263026	EEF2K	377	LLRPLSENSGD	MAPKAPK2;MAPKAPK3	hprd;pelm;psite	636
ENSP00000263026	EEF2K	395	FDSLPSSPSSA		psite	636
ENSP00000354347	GFPT1	243	LSRVDSTTCLF	CAMK2A;PRKAA1	hprd;pelm;psite	760
ENSP00000416293	SLC2A1	226	ENRAKSVLKKL		psite	829
ENSP00000416293	SLC2A1	473	RQGGASQSDKT		hprd;psite	829
ENSP00000320935	SLC2A4	274	RERPLSLLQLL	SGK1	pelm;psite	966
ENSP00000317904	GYS1	8	LNRTLSMSSLP	PRKACA	hprd;psite	561
ENSP00000317904	GYS1	11	TLSMSSLPGLE		psite	561
ENSP00000317904	GYS1	641	YPRPASVPPSP	GSK3B	hprd;pelm;psite	561
ENSP00000317904	GYS1	647	VPPSPSLSRHS	CSNK2A1	hprd;pelm;psite	561
ENSP00000317904	GYS1	652	SLSRHSSPHQS	CSNK2A1	hprd;psite	561
ENSP00000317904	GYS1	698	WPRRASCTSST	CSNK2A1	hprd;psite	561
ENSP00000317904	GYS1	715	SVDTATSSSLS		hprd;psite	561
ENSP00000317904	GYS1	716	VDTATSSSLST		hprd;psite	561
ENSP00000317904	GYS1	718	TATSSSLSTPS		hprd;pelm;psite	561
ENSP00000381237	HM13	407	DPAAVTESKEG		hprd;psite	497
ENSP00000312987	HNF4A	143	STRRSSYEDSS		pelm;psite	621
ENSP00000312987	HNF4A	166	LSRQITSPVSG		psite	621
ENSP00000312987	HNF4A	313	IKRLRSQVQVS	PRKAA1;PRKAA2	hprd;pelm;psite	621
ENSP00000005260	BAIAP2L1	147	KIRRKSQGSRN		psite	760
ENSP00000005260	BAIAP2L1	276	RKDYDTLSKCS		hprd;psite	760
ENSP00000005260	BAIAP2L1	329	PSLQRSVSVAT		psite	760
ENSP00000005260	BAIAP2L1	331	LQRSVSVATGL		hprd;pelm;psite	760
ENSP00000005260	BAIAP2L1	420	PTPVRSISTVN		psite	760
ENSP00000005260	BAIAP2L1	422	PVRSISTVNLS		psite	760
ENSP00000324856	STK11	31	IHRIDSTEVIY		hprd;psite	963
ENSP00000324856	STK11	307	QIRQHSWFRKK	PRKCZ	psite	963
ENSP00000324856	STK11	334	KDRWRSMTVVP		psite	963
ENSP00000324856	STK11	336	RWRSMTVVPYL	STK11	hprd;psite	963
ENSP00000324856	STK11	402	AAQLSTKSRAE	STK11	psite	963
ENSP00000324856	STK11	428	KIRRLSACKQQ	PRKCZ;RPS6KA3;STK11	hprd;pelm;psite	963
ENSP00000262811	MAST3	66	SPRNFSAASAL		psite	760
ENSP00000262811	MAST3	85	DGRRWSLASLP		psite	760
ENSP00000262811	MAST3	153	RLRPRSRSLSP		psite	760
ENSP00000262811	MAST3	155	RPRSRSLSPGR		psite	760
ENSP00000262811	MAST3	709	FSKVYSSSEFL		psite	760
ENSP00000262811	MAST3	728	AERSFSEDREE		psite	760
ENSP00000262811	MAST3	747	YGRRLSADIRL		psite	760
ENSP00000262811	MAST3	754	DIRLRSWTSSG		psite	760
ENSP00000262811	MAST3	847	RLRSNSIGARH		psite	760
ENSP00000262811	MAST3	1223	LRRGQSADKLG		hprd;pelm;psite	760
ENSP00000262811	MAST3	1262	SERRDSFKKQE		psite	760
ENSP00000350195	MAP3K6	964	PKRCLSYGGTS		hprd;psite	760
ENSP00000203630	MLF2	32	MSRMLSGGFGY		psite	497
ENSP00000203630	MLF2	144	RTVRDSDSGLE		hprd;pelm;psite	497
ENSP00000203630	MLF2	216	FRRLESSGAGG		psite	497
ENSP00000354558	MTOR	1821	KLRHASGANIT		psite	872
ENSP00000354558	MTOR	2444	NKRSRTRTDSY		hprd;psite	872
ENSP00000354558	MTOR	2446	RSRTRTDSYSA	AKT1;RPS6KB1	hprd;pelm;psite	872
ENSP00000354558	MTOR	2448	RTRTDSYSAGQ	AKT1;RPS6KB1	hprd;pelm;psite	872
ENSP00000352272	MYOZ1	16	KKRKSSKLIME		psite	609
ENSP00000352272	MYOZ1	165	AGVGETGSGDQ		psite	609
ENSP00000357448	PBXIP1	146	EEGRCSSSDDD		hprd;pelm;psite	609
ENSP00000357448	PBXIP1	147	EGRCSSSDDDT		hprd;pelm;psite	609
ENSP00000356047	PFKFB2	466	RMRRNSFTPLS	AKT1;PRKAA1;PRKAA2;PRKACA	hprd;pelm;psite	619
ENSP00000356047	PFKFB2	471	SFTPLSSSNTI		hprd;pelm;psite	619
ENSP00000356047	PFKFB2	483	RPRNYSVGSRP	AKT1	hprd;pelm;psite	619
ENSP00000356047	PFKFB2	486	NYSVGSRPLKP		hprd;pelm;psite	619
ENSP00000311368	POLD4	8	RKRLITDSYPV		hprd;psite	400
ENSP00000312411	PPM1E	548	DGRVDSFTDRT		psite	624
ENSP00000261712	PSMD11	14	FQRAQSLLSTD		hprd;psite	609
ENSP00000261712	PSMD11	23	TDREASIDILH		psite	609
ENSP00000261712	PSMD11	79	RPFLNSISKAK		hprd;psite	609
ENSP00000262187	RHEB	130	MERVISYEEGK		psite	923
ENSP00000261531	SNW1	33	RSRQTSLVSSR		hprd;psite	609
ENSP00000261531	SNW1	479	PDKEFSGSDRR		psite	609
ENSP00000264657	STAT3	691	YCRPESQEHPE		hprd;pelm;psite	800
ENSP00000300737	STIM1	517	SQRDLTHSDSE		hprd;psite	497
ENSP00000300737	STIM1	519	RDLTHSDSESS		hprd;pelm;psite	497
ENSP00000300737	STIM1	521	LTHSDSESSLH		hprd;psite	497
ENSP00000300737	STIM1	616	LDSSRSHSPSS		hprd;pelm;psite	497
ENSP00000300737	STIM1	665	SIGEETDSSPG		hprd;psite	497
ENSP00000404812	STIM2	653	ILSVSSCPALY		psite	760
ENSP00000194530	STRADB	304	SRMKNSQSGVD		psite	902
ENSP00000336655	STRADA	52	SESIASFSKQE		psite	903
ENSP00000261439	TBC1D1	571	SEDLSSDSESH		psite	911
ENSP00000261439	TBC1D1	573	DLSSDSESHLP		psite	911
ENSP00000261439	TBC1D1	596	RRRANTLSHFP	AKT1;PRKAA1	psite	911
ENSP00000261439	TBC1D1	627	LMRYHSVSTET		psite	911
ENSP00000261439	TBC1D1	660	KTRRHSWRQQI		psite	911
ENSP00000348215	SH3PXD2A	487	LSRRTSTLTRP		psite	760
ENSP00000348215	SH3PXD2A	490	RTSTLTRPKVP		psite	760
ENSP00000348215	SH3PXD2A	739	LNRAESQSQEK		hprd;psite	760
ENSP00000348215	SH3PXD2A	790	EGSRRSSSDLI		psite	760
ENSP00000348215	SH3PXD2A	791	GSRRSSSDLIT		psite	760
ENSP00000348215	SH3PXD2A	953	AVRPQSVFVSP		psite	760
ENSP00000348215	SH3PXD2A	974	LRRNESLTATD		hprd;pelm;psite	760
ENSP00000348215	SH3PXD2A	988	GVRRNSSFSTA		hprd;pelm;psite	760
ENSP00000348215	SH3PXD2A	989	VRRNSSFSTAR		hprd;pelm;psite	760
ENSP00000348215	SH3PXD2A	1010	AERAASQGSDS		hprd;pelm;psite	760
ENSP00000200457	TRIP6	92	GLRPGSLDAEI		hprd;pelm;psite	841
ENSP00000200457	TRIP6	189	PRRGASQASGP		psite	841
ENSP00000200457	TRIP6	192	GASQASGPLPG		psite	841
ENSP00000298552	TSC1	487	ISRELSEITTA		psite	923
ENSP00000298552	TSC1	1046	SSSELSTPEKP		psite	923
ENSP00000298552	TSC1	1100	LFRNKSESQCD		psite	923
ENSP00000219476	TSC2	937	SFRARSTSLNE		psite	838
ENSP00000219476	TSC2	939	RARSTSLNERP	AKT1	hprd;pelm;psite	838
ENSP00000219476	TSC2	946	NERPKSLRIAR		psite	838
ENSP00000219476	TSC2	981	RCRSISVSEHV	AKT1	hprd;pelm;psite	838
ENSP00000219476	TSC2	1130	RDRVRSMSGGH		hprd;psite	838
ENSP00000219476	TSC2	1132	RVRSMSGGHGL		hprd;pelm;psite	838
ENSP00000219476	TSC2	1252	TALYKSLSVPA		psite	838
ENSP00000219476	TSC2	1338	YSRSSSVSSQE		hprd;pelm;psite	838
ENSP00000219476	TSC2	1364	IERVVSSEGGR		hprd;psite	838
ENSP00000219476	TSC2	1383	PSQPLSKSSSS		psite	838
ENSP00000219476	TSC2	1385	QPLSKSSSSPE		hprd;pelm;psite	838
ENSP00000219476	TSC2	1386	PLSKSSSSPEL		hprd;pelm;psite	838
ENSP00000219476	TSC2	1418	EVKARSQSGTL		hprd;pelm;psite	838
ENSP00000219476	TSC2	1420	KARSQSGTLDG		hprd;pelm;psite	838
ENSP00000219476	TSC2	1454	SPRSPSGLRPR		psite	838
ENSP00000219476	TSC2	1462	RPRGYTISDSA	AKT1	hprd;pelm;psite	838
ENSP00000219476	TSC2	1764	AYSNPSLPLVH		psite	838
ENSP00000219476	TSC2	1798	RKRLISSVEDF	RPS6KA1	hprd;pelm;psite	838
ENSP00000324560	ULK1	465	SAIRRSGSTSP		hprd;psite	482
ENSP00000324560	ULK1	467	IRRSGSTSPLG		hprd;pelm;psite	482
ENSP00000324560	ULK1	468	RRSGSTSPLGF		psite	482
ENSP00000324560	ULK1	495	LARKMSLGGGR		psite	482
ENSP00000324560	ULK1	556	GCRLHSAPNLS		hprd;pelm;psite	482
ENSP00000324560	ULK1	660	PPRNRTLPDLS		psite	482
ENSP00000324560	ULK1	694	FGRSFSTSRLT		psite	482
ENSP00000324560	ULK1	761	VGSPPSGSTPP		psite	482
ENSP00000324560	ULK1	775	RTRMFSAGPTG		psite	482
ENSP00000264657	STAT3	717	CVTPTTCSNTI		hprd;pelm	800
ENSP00000219476	TSC2	1334	RTDAYSRSSSV		hprd;pelm	838
ENSP00000344789	ACACA	95	SVGSDTLSDLG		hprd;pelm	960
ENSP00000348215	SH3PXD2A	696	KPRSASDAGIR		hprd;pelm	760
ENSP00000317904	GYS1	723	SLSTPSEPLSP		pelm	561
ENSP00000317904	GYS1	720	TSSSLSTPSEP		hprd;pelm	561
ENSP00000317904	GYS1	729	EPLSPTSSLGE		hprd	561
ENSP00000317904	GYS1	700	RRASCTSSTSG		hprd	561
ENSP00000317904	GYS1	702	ASCTSSTSGSK		hprd	561
ENSP00000317904	GYS1	704	CTSSTSGSKRN		hprd	561
ENSP00000259365	TMOD1	234	FSIVGTRSNDP		hprd	609
ENSP00000219476	TSC2	1447	EGPLPSSSPRS		hprd	838
ENSP00000219476	TSC2	1094	QSGPESSSSPG		hprd	838
ENSP00000344789	ACACA	1294	VMGCFSDSPPQ		hprd	960
ENSP00000354558	MTOR	1847	ASTEGSNSESE		hprd	872
ENSP00000354558	MTOR	1849	TEGSNSESEAE		hprd	872
ENSP00000366237	DFFA	254	QAPELSLSSQD		hprd	593
ENSP00000346148	PRKAA1	545	VTSLDSSPVDL		hprd	974
ENSP00000287878	PRKAG2	129	SGIFRSSSKES		hprd	973
ENSP00000287878	PRKAG2	138	ESSPNSNPATS		hprd	973
ENSP00000261531	SNW1	518	GSKRPSDSSRP		hprd	609
ENSP00000261531	SNW1	521	RPSDSSRPKEH		hprd	609
ENSP00000350195	MAP3K6	912	QPGKRSRSPSS		hprd	760
ENSP00000300737	STIM1	614	PHLDSSRSHSP		hprd	497
ENSP00000348215	SH3PXD2A	514	GPTGASESQDS		hprd	760
ENSP00000324560	ULK1	717	PDPGSTESLQE		hprd	482
ENSP00000320886	MLXIPL	653	ENRRITHISAE		hprd	905
ENSP00000404151	CEP170B	358	KHEDGTQSDSE		hprd	497
