name	PRKAA1
id	ENSP00000346148
type	Serine/threonine kinase
proline+1_removed	Yes
npartners	83
npartners_with_sites	71
nsites	153
//
motif	score	fg_matches	fg_size	bg_matches	bg_size	fold_increase
..RR.[ST].....	323.31	33	883	18	9383	19.48
..R..[ST].....	307.65	119	850	465	9365	2.82
//
prot_id	prot_name	position	flank	kinase	source	string_score
ENSP00000264335	YWHAE	64	SWRIISSIEQK		hprd;psite	480
ENSP00000309503	YWHAZ	58	GARRSSWRVVS	AKT1;MAPKAPK2;PRKACA	hprd;pelm;psite	493
ENSP00000309503	YWHAZ	63	SWRVVSSIEQK		psite	493
ENSP00000365312	ABI1	222	PARLGSQHSPG		hprd;psite	623
ENSP00000365312	ABI1	231	PGRTASLNQRP		psite	623
ENSP00000365312	ABI1	238	NQRPRTHSGSS		psite	623
ENSP00000365312	ABI1	240	RPRTHSGSSGG		psite	623
ENSP00000365312	ABI1	319	MTRQISRHNST		psite	623
ENSP00000365312	ABI1	323	ISRHNSTTSST		hprd;psite	623
ENSP00000365312	ABI1	338	YRRTPSVTAQF		psite	623
ENSP00000344789	ACACA	647	MNRIDTGWLDR		psite	957
ENSP00000360290	PRKAA2	491	PQRSCSAAGLH		psite	974
ENSP00000360290	PRKAA2	500	LHRPRSSFDST		hprd;psite	974
ENSP00000229328	PRKAB1	24	TPRRDSSGGTK	PRKAA1	hprd;pelm;psite	999
ENSP00000229328	PRKAB1	25	PRRDSSGGTKD		psite	999
ENSP00000254101	PRKAB2	182	SCRDLSSSPPG		hprd;pelm;psite	996
ENSP00000287878	PRKAG2	97	PVRPKTSPGSP		psite	987
ENSP00000287878	PRKAG2	122	SPRRMSFSGIF		psite	987
ENSP00000287878	PRKAG2	131	IFRSSSKESSP		psite	987
ENSP00000287878	PRKAG2	151	GIRFFSRSRKT		psite	987
ENSP00000287878	PRKAG2	157	RSRKTSGLSSS		hprd;pelm;psite	987
ENSP00000310697	BRSK2	260	AARRLTLEHIQ	PRKACA	psite	512
ENSP00000310697	BRSK2	412	GQRSRSISGAS		psite	512
ENSP00000310697	BRSK2	481	RARLNSIKNSF		psite	512
ENSP00000158166	CAMKK1	52	RARAASVIPGS		psite	807
ENSP00000158166	CAMKK1	74	SARKLSLQERP	PRKACA	hprd;psite	807
ENSP00000158166	CAMKK1	108	AWRRPTIESHH		hprd;pelm;psite	807
ENSP00000158166	CAMKK1	496	MLRKRSFGNPF		hprd;psite	807
ENSP00000158166	CAMKK1	513	EERSMSAPGNL	PRKACA	hprd;psite	807
ENSP00000312741	CAMKK2	100	SGRKLSLQERS		psite	817
ENSP00000312741	CAMKK2	145	LPRRPTVESHH		psite	817
ENSP00000312741	CAMKK2	495	MIRKRSFGNPF		hprd;psite	817
ENSP00000312741	CAMKK2	511	EERSLSAPGNL	DAPK1	hprd;pelm;psite	817
ENSP00000003084	CFTR	422	NNRKTSNGDDS		psite	846
ENSP00000003084	CFTR	660	AERRNSILTET	PRKACA;PRKCA;PRKG1	hprd;pelm;psite	846
ENSP00000003084	CFTR	700	EKRKNSILNPI	PRKACA	hprd;pelm;psite	846
ENSP00000003084	CFTR	712	SIRKFSIVQKT	PRKACA	pelm;psite	846
ENSP00000003084	CFTR	737	LERRLSLVPDS	LMTK2;PRKAA1;PRKACA;PRKCA	hprd;pelm;psite	846
ENSP00000003084	CFTR	768	ARRRQSVLNLM	PRKAA1;PRKACA	hprd;pelm;psite	846
ENSP00000003084	CFTR	795	STRKVSLAPQA	PRKACA;PRKCA	hprd;pelm;psite	846
ENSP00000003084	CFTR	813	YSRRLSQETGL	PRKACA;PRKCA	hprd;pelm;psite	846
ENSP00000231948	CRBN	174	ELRTQSDGIQQ		psite	622
ENSP00000263026	EEF2K	366	QVRTLSGSRPP	RPS6KA1;RPS6KB1;RPS6KB2	psite	651
ENSP00000263026	EEF2K	377	LLRPLSENSGD	MAPKAPK2;MAPKAPK3	hprd;pelm;psite	651
ENSP00000289371	EIF5B	182	RSRINSSGESG		hprd;pelm;psite	588
ENSP00000264433	FNIP2	216	PCRTGSNLAHS		psite	605
ENSP00000264433	FNIP2	667	SSRLPSCEVLG		psite	605
ENSP00000250113	FXR2	500	APRPTSRYNSS		psite	486
ENSP00000250113	FXR2	504	TSRYNSSSISS		psite	486
ENSP00000250113	FXR2	548	ARRRRSRRRRT		psite	486
ENSP00000250113	FXR2	553	SRRRRTDEDRT		psite	486
ENSP00000250113	FXR2	620	ISRAESQSRQR		psite	486
ENSP00000348578	G3BP1	250	DLRTFSWASVT		psite	766
ENSP00000348578	G3BP1	373	ELRINSGGKLP		hprd;pelm;psite	766
ENSP00000416293	SLC2A1	226	ENRAKSVLKKL		psite	804
ENSP00000320935	SLC2A4	274	RERPLSLLQLL	SGK1	pelm;psite	824
ENSP00000302961	HSPA4	76	HGRAFSDPFVE		hprd;pelm;psite	524
ENSP00000302961	HSPA4	113	EERNFTTEQVT		hprd;psite	524
ENSP00000302961	HSPA4	393	KVREFSITDVV		psite	524
ENSP00000335153	HSP90AA1	185	KIRYESLTDPS		psite	571
ENSP00000335153	HSP90AA1	212	QDRTLTIVDTG	PRKACA	hprd;psite	571
ENSP00000335153	HSP90AA1	745	ALRDNSTMGYM		psite	571
ENSP00000324856	STK11	31	IHRIDSTEVIY		hprd;psite	972
ENSP00000324856	STK11	307	QIRQHSWFRKK	PRKCZ	psite	972
ENSP00000324856	STK11	334	KDRWRSMTVVP		psite	972
ENSP00000324856	STK11	336	RWRSMTVVPYL	STK11	hprd;psite	972
ENSP00000324856	STK11	428	KIRRLSACKQQ	PRKCZ;RPS6KA3;STK11	hprd;pelm;psite	972
ENSP00000355884	MARK1	423	KQRRFSDHAGP		hprd;psite	480
ENSP00000355884	MARK1	504	MARRNTYVCER		psite	480
ENSP00000355884	MARK1	649	ARRGTSTGIIS		pelm;psite	480
ENSP00000411397	MARK3	419	KQRRYSDHAGP		hprd;pelm;psite	517
ENSP00000411397	MARK3	438	PKRSQTSTADS		psite	517
ENSP00000411397	MARK3	489	PERKKSSTVPS		psite	517
ENSP00000411397	MARK3	507	MTRRNTYVCSE	PRKACA	pelm;psite	517
ENSP00000411397	MARK3	576	ERRTATYNGPP		psite	517
ENSP00000411397	MARK3	643	SSRNVSAEQKD		psite	517
ENSP00000411397	MARK3	602	RSRGSTNLFSK	MARK3	psite	517
ENSP00000300843	MARK4	391	RVRAPSDTTNG		psite	528
ENSP00000300843	MARK4	423	RQRRHSDFCGP		psite	528
ENSP00000300843	MARK4	440	PKRSPTSTGEA		psite	528
ENSP00000300843	MARK4	511	MTRRNTYVCTE		psite	528
ENSP00000300843	MARK4	564	LARGSTIRSTF		psite	528
ENSP00000354558	MTOR	1821	KLRHASGANIT		psite	948
ENSP00000354558	MTOR	2444	NKRSRTRTDSY		hprd;psite	948
ENSP00000354558	MTOR	2446	RSRTRTDSYSA	AKT1;RPS6KB1	hprd;pelm;psite	948
ENSP00000354558	MTOR	2448	RTRTDSYSAGQ	AKT1;RPS6KB1	hprd;pelm;psite	948
ENSP00000261182	NAP1L1	39	KARQLTVQMMQ		psite	415
ENSP00000261402	NUAK1	600	RQRIRSCVSAE	AKT1	pelm;psite	576
ENSP00000269305	TP53	366	GSRAHSSHLKS	CHEK2	hprd;psite	413
ENSP00000355759	PARP1	782	LLRGGSDDSSK		hprd;pelm;psite	581
ENSP00000356047	PFKFB2	466	RMRRNSFTPLS	AKT1;PRKAA1;PRKAA2;PRKACA	hprd;pelm;psite	619
ENSP00000356047	PFKFB2	483	RPRNYSVGSRP	AKT1	hprd;pelm;psite	619
ENSP00000261712	PSMD11	14	FQRAQSLLSTD		hprd;psite	609
ENSP00000261712	PSMD11	23	TDREASIDILH		psite	609
ENSP00000305976	SIK2	358	RQRRPSTIAEQ		psite	480
ENSP00000305976	SIK2	359	QRRPSTIAEQT		psite	480
ENSP00000305976	SIK2	484	GQRRHTLSEVT		psite	480
ENSP00000305976	SIK2	587	EGRRASDTSLT		hprd;pelm;psite	480
ENSP00000292055	SIK3	411	SMRRHTVGVAD		psite	480
ENSP00000292055	SIK3	493	LGRRASDGGAN		psite	480
ENSP00000292055	SIK3	568	PVRRFSDGAAS		hprd;psite	480
ENSP00000292055	SIK3	1159	LQRHHTIQNSD		psite	480
ENSP00000251849	RAF1	43	YQRRASDDGKL	PRKACA;PRKCA	hprd;pelm;psite	621
ENSP00000251849	RAF1	257	SQRQRSTSTPN		hprd;pelm;psite	621
ENSP00000251849	RAF1	259	RQRSTSTPNVH	AKT1;PRKACA;RAF1	hprd;pelm;psite	621
ENSP00000251849	RAF1	285	AIRSHSESASP		psite	621
ENSP00000251849	RAF1	339	GQRDSSYYWEI	PAK1	hprd;pelm;psite	621
ENSP00000251849	RAF1	357	STRIGSGSFGT		psite	621
ENSP00000251849	RAF1	621	INRSASEPSLH	PRKACA;RAF1	hprd;pelm;psite	621
ENSP00000262187	RHEB	130	MERVISYEEGK		psite	912
ENSP00000270162	SIK1	473	TGRRHTLAEVS		psite	483
ENSP00000270162	SIK1	575	EGRRASDTSLT		psite	483
ENSP00000296088	SNRK	569	WHRRDSSEGPP		psite	486
ENSP00000296088	SNRK	570	HRRDSSEGPPG		psite	486
ENSP00000216297	SUPT16H	494	AKRRLTEQKGE	AURKB	psite	581
ENSP00000216297	SUPT16H	1023	RKRKASVHSSG		hprd;psite	581
ENSP00000216297	SUPT16H	1039	GSRHSSAPPKK		hprd;psite	581
ENSP00000264657	STAT3	691	YCRPESQEHPE		hprd;pelm;psite	800
ENSP00000361900	TOMM34	93	LLRRASAYEAL		psite	623
ENSP00000361900	TOMM34	160	QKRWNSLPSEN		psite	623
ENSP00000361900	TOMM34	186	KNRVPSAGDVE		hprd;pelm;psite	623
ENSP00000298552	TSC1	487	ISRELSEITTA		psite	912
ENSP00000298552	TSC1	1100	LFRNKSESQCD		psite	912
ENSP00000219476	TSC2	937	SFRARSTSLNE		psite	972
ENSP00000219476	TSC2	939	RARSTSLNERP	AKT1	hprd;pelm;psite	972
ENSP00000219476	TSC2	946	NERPKSLRIAR		psite	972
ENSP00000219476	TSC2	981	RCRSISVSEHV	AKT1	hprd;pelm;psite	972
ENSP00000219476	TSC2	1130	RDRVRSMSGGH		hprd;psite	972
ENSP00000219476	TSC2	1132	RVRSMSGGHGL		hprd;pelm;psite	972
ENSP00000219476	TSC2	1338	YSRSSSVSSQE		hprd;pelm;psite	972
ENSP00000219476	TSC2	1364	IERVVSSEGGR		hprd;psite	972
ENSP00000219476	TSC2	1420	KARSQSGTLDG		hprd;pelm;psite	972
ENSP00000219476	TSC2	1454	SPRSPSGLRPR		psite	972
ENSP00000219476	TSC2	1462	RPRGYTISDSA	AKT1	hprd;pelm;psite	972
ENSP00000219476	TSC2	1798	RKRLISSVEDF	RPS6KA1	hprd;pelm;psite	972
ENSP00000301071	TUBA1A	82	EVRTGTYRQLF		psite	480
ENSP00000344818	UBC	57	DGRTLSDYNIQ		hprd;psite	481
ENSP00000324560	ULK1	467	IRRSGSTSPLG		hprd;pelm;psite	763
ENSP00000324560	ULK1	495	LARKMSLGGGR		psite	763
ENSP00000324560	ULK1	556	GCRLHSAPNLS		hprd;pelm;psite	763
ENSP00000324560	ULK1	660	PPRNRTLPDLS		psite	763
ENSP00000324560	ULK1	694	FGRSFSTSRLT		psite	763
ENSP00000324560	ULK1	775	RTRMFSAGPTG		psite	763
ENSP00000354877	ULK2	148	NRRKSSVSGIR		psite	471
ENSP00000351777	VCP	56	LFRGDTVLLKG		psite	480
ENSP00000351777	VCP	316	PKREKTHGEVE		psite	480
ENSP00000351777	VCP	326	ERRIVSQLLTL	ATM	psite	480
ENSP00000351777	VCP	352	TNRPNSIDPAL	AKT1	pelm;psite	480
ENSP00000351777	VCP	748	ARRSVSDNDIR	AKT1	pelm;psite	480
ENSP00000351777	VCP	775	SFRFPSGNQGG		hprd;psite	480
ENSP00000397026	GRIK2	715	SSRRQSVLVKS	PRKAA1	hprd;pelm	621
ENSP00000411397	MARK3	391	KVRPSSDLNNS		hprd	517
ENSP00000355884	MARK1	648	HARRGTSTGII		hprd	480
