name	PRKCH
id	ENSP00000329127
type	Serine/threonine kinase
proline+1_removed	Yes
npartners	50
npartners_with_sites	42
nsites	133
//
motif	score	fg_matches	fg_size	bg_matches	bg_size	fold_increase
..R..[ST].....	12.8	79	615	483	9383	2.5
...R.[ST].....	6.46	52	536	404	8900	2.14
//
prot_id	prot_name	position	flank	kinase	source	string_score
ENSP00000349960	ACTB	186	AGRDLTDYLMK		psite	829
ENSP00000349960	ACTB	199	TERGYSFTTTA		psite	829
ENSP00000331514	ACTG1	186	AGRDLTDYLMK		psite	829
ENSP00000331514	ACTG1	199	TERGYSFTTTA		psite	829
ENSP00000366244	ARAF	212	LQRIRSTSTPN		hprd;pelm;psite	832
ENSP00000366244	ARAF	213	QRIRSTSTPNV		pelm;psite	832
ENSP00000366244	ARAF	214	RIRSTSTPNVH		hprd;pelm;psite	832
ENSP00000366244	ARAF	250	GSRGGSDGTPR		psite	832
ENSP00000366244	ARAF	283	QRERKSLADDK		psite	832
ENSP00000366244	ARAF	299	LGYRDSGYYWE		pelm;psite	832
ENSP00000366244	ARAF	318	LKRIGTGSFGT		psite	832
ENSP00000366244	ARAF	413	DVARQTAQGMD		psite	832
ENSP00000366244	ARAF	458	VKTRWSGAQPL		psite	832
ENSP00000366244	ARAF	547	MRRLLSDCLKF		psite	832
ENSP00000366244	ARAF	582	IERSASEPSLH		hprd;pelm;psite	832
ENSP00000362441	ATRX	84	SKRKPSIVTKY		hprd;pelm;psite	461
ENSP00000362441	ATRX	191	IYRHPSLQVLI		psite	461
ENSP00000362441	ATRX	661	SPRVKTTPLRR		psite	461
ENSP00000362441	ATRX	668	PLRRPTETNPV		psite	461
ENSP00000362441	ATRX	703	KDKRNSSDSAI		hprd;psite	461
ENSP00000362441	ATRX	704	DKRNSSDSAID		psite	461
ENSP00000362441	ATRX	784	RKRKSSTSGSD		psite	461
ENSP00000362441	ATRX	1141	ERRNLSSKRNT		hprd;psite	461
ENSP00000362441	ATRX	1493	KLRTETQNALK		psite	461
ENSP00000362441	ATRX	2379	LSRQASQELDV		psite	461
ENSP00000288602	BRAF	363	GQRDRSSSAPN		hprd;psite	835
ENSP00000288602	BRAF	364	QRDRSSSAPNV		hprd;pelm;psite	835
ENSP00000288602	BRAF	365	RDRSSSAPNVH	AKT1;AKT3	hprd;pelm;psite	835
ENSP00000288602	BRAF	428	QRERKSSSSSE		psite	835
ENSP00000288602	BRAF	429	RERKSSSSSED	AKT1;AKT3	hprd;pelm;psite	835
ENSP00000288602	BRAF	440	RNRMKTLGRRD		hprd;pelm;psite	835
ENSP00000288602	BRAF	446	LGRRDSSDDWE	PAK1	hprd;pelm;psite	835
ENSP00000288602	BRAF	447	GRRDSSDDWEI		hprd;pelm;psite	835
ENSP00000288602	BRAF	465	GQRIGSGSFGT		psite	835
ENSP00000288602	BRAF	605	VKSRWSGSHQF		psite	835
ENSP00000288602	BRAF	729	IHRSASEPSLN		hprd;pelm;psite	835
ENSP00000266970	CDK2	39	KIRLDTETEGV	AKT1	hprd;psite	623
ENSP00000266970	CDK2	160	PVRTYTHEVVT	CDK2;CDK20;CDK7;MAPK1;MAPK3	hprd;pelm;psite	623
ENSP00000300574	CRK	40	FLVRDSSTSPG		hprd;psite	900
ENSP00000300574	CRK	41	LVRDSSTSPGD		hprd;psite	900
ENSP00000300574	CRK	125	RSRQGSGVILR		hprd;psite	900
ENSP00000300574	CRK	194	KYRPASASVSA		hprd;psite	900
ENSP00000328547	DNMT3B	51	IRGRRSSSRLS		psite	423
ENSP00000328547	DNMT3B	52	RGRRSSSRLSK		psite	423
ENSP00000328547	DNMT3B	53	GRRSSSRLSKR		psite	423
ENSP00000328547	DNMT3B	56	SSSRLSKREVS		psite	423
ENSP00000328547	DNMT3B	98	ETRTRSESPAV		psite	423
ENSP00000328547	DNMT3B	383	KTRRRTADDSA		hprd;psite	423
ENSP00000357656	FYN	21	EERDGSLNQSS	PRKACA	hprd;pelm;psite	699
ENSP00000355296	LDB3	267	EWARRSSNLQS		psite	433
ENSP00000355296	LDB3	268	WARRSSNLQSR		psite	433
ENSP00000396219	MEF2C	82	ESRTNSDIVET		psite	504
ENSP00000302111	MGMT	42	EMKRTTLDSPL		psite	475
ENSP00000347169	NUMB	194	FTREGSFRVTT		psite	732
ENSP00000347169	NUMB	276	LARQGSFRGFP		hprd;pelm;psite	732
ENSP00000347169	NUMB	295	FKRQLSLRINE	PRKCZ	hprd;pelm;psite	732
ENSP00000347169	NUMB	438	HRRTPSEADRW		hprd;pelm;psite	732
ENSP00000347169	NUMB	561	LVRQQTFPHYE		psite	732
ENSP00000347379	OCLN	369	RQPRYSSGGNF		hprd;psite	621
ENSP00000347379	OCLN	370	QPRYSSGGNFE		psite	621
ENSP00000162330	BCAR1	326	LLREETYDVPP		hprd;psite	899
ENSP00000162330	BCAR1	428	EGKRLSASSTG		hprd;psite	899
ENSP00000331602	PRKCD	43	TERGKTLVQKK		hprd;psite	902
ENSP00000331602	PRKCD	218	ANSRDTIFQKE	PRKCD	psite	902
ENSP00000331602	PRKCD	299	VTQRASRRSDS	PRKCD	hprd;pelm;psite	902
ENSP00000331602	PRKCD	302	RASRRSDSASS	PRKCD	hprd;pelm;psite	902
ENSP00000331602	PRKCD	304	SRRSDSASSEP	PRKCD	hprd;pelm;psite	902
ENSP00000331602	PRKCD	451	ELYRATFYAAE		psite	902
ENSP00000331602	PRKCD	506	GESRASTFCGT		hprd;psite	902
ENSP00000331602	PRKCD	507	ESRASTFCGTP	PDK1;PDPK1	hprd;pelm;psite	902
ENSP00000331602	PRKCD	645	EKARLSYSDKN	PRKCD	hprd;pelm;psite	902
ENSP00000306124	PRKCE	181	YLRQPTYCSHC		psite	901
ENSP00000306124	PRKCE	346	EDRSKSAPTSP	GSK3B	hprd;psite	901
ENSP00000263125	PRKCQ	219	INSRETMFHKE	PRKCQ	hprd;pelm;psite	902
ENSP00000263125	PRKCQ	307	RCLRDTEQIFR		psite	902
ENSP00000263125	PRKCQ	370	NKERPSLQIKL		psite	902
ENSP00000263125	PRKCQ	676	EKPRLSFADRA		hprd;pelm;psite	902
ENSP00000263125	PRKCQ	695	MFRNFSFMNPG		hprd;pelm;psite	902
ENSP00000333568	PRKD1	205	RRRRLSNVSLT	PKD1;PRKD1	hprd;pelm;psite	676
ENSP00000333568	PRKD1	219	TIRTSSAELST		pelm;psite	676
ENSP00000333568	PRKD1	249	EKRSNSQSYIG		hprd;pelm;psite	676
ENSP00000333568	PRKD1	421	TKRKSSTVMKE		psite	676
ENSP00000333568	PRKD1	448	YWRLDSKCITL		psite	676
ENSP00000333568	PRKD1	742	KSFRRSVVGTP	PRKCA;PRKCD;PRKCE;PRKCH;PRKD1;PRKD3	hprd;pelm;psite	676
ENSP00000332816	PTK2B	375	GEKRNSLPQIP	PTK2B	hprd;pelm;psite	917
ENSP00000332816	PTK2B	778	VFKRHSMREED	PTK2B	hprd;psite	917
ENSP00000251849	RAF1	43	YQRRASDDGKL	PRKACA;PRKCA	hprd;pelm;psite	832
ENSP00000251849	RAF1	220	RRMRESVSRMP		psite	832
ENSP00000251849	RAF1	233	SQHRYSTPHAF	PRKACA	hprd;pelm;psite	832
ENSP00000251849	RAF1	257	SQRQRSTSTPN		hprd;pelm;psite	832
ENSP00000251849	RAF1	258	QRQRSTSTPNV		hprd;pelm;psite	832
ENSP00000251849	RAF1	259	RQRSTSTPNVH	AKT1;PRKACA;RAF1	hprd;pelm;psite	832
ENSP00000251849	RAF1	285	AIRSHSESASP		psite	832
ENSP00000251849	RAF1	338	RGQRDSSYYWE	MAP2K1;PAK1;PAK3;RAF1	hprd;pelm;psite	832
ENSP00000251849	RAF1	339	GQRDSSYYWEI	PAK1	hprd;pelm;psite	832
ENSP00000251849	RAF1	357	STRIGSGSFGT		psite	832
ENSP00000251849	RAF1	497	VKSRWSGSQQV		psite	832
ENSP00000251849	RAF1	621	INRSASEPSLH	PRKACA;RAF1	hprd;pelm;psite	832
ENSP00000340944	PTPN11	34	FLARPSKSNPG		psite	621
ENSP00000340944	PTPN11	576	EMREDSARVYE	PRKCA;PRKCB;PRKCH	hprd;psite	621
ENSP00000350941	SRC	17	SQRRRSLEPAE	PRKACA	hprd;pelm;psite	963
ENSP00000350941	SRC	51	GHRGPSAAFAP		psite	963
ENSP00000350941	SRC	269	EIPRESLRLEV		psite	963
ENSP00000353224	TFRC	24	SYTRFSLARQV	PRKCA	hprd;pelm;psite	422
ENSP00000364336	TBXA2R	239	QRPRDSEVEMM	ADRBK1;ADRBK2	psite	900
ENSP00000364336	TBXA2R	324	LQPRLSTRPRS	PRKCA	psite	900
ENSP00000364336	TBXA2R	329	STRPRSLSLQP	PRKACA;PRKCA	hprd;psite	900
ENSP00000364336	TBXA2R	331	RPRSLSLQPQL	PRKCA	hprd;psite	900
ENSP00000219473	USP10	76	LPRTPSYSISS		psite	459
ENSP00000219473	USP10	263	EAGRDTLSRTA		psite	459
ENSP00000281537	TJP1	151	VVNRRSEKIWP		psite	865
ENSP00000281537	TJP1	160	WPRDRSASRER		psite	865
ENSP00000281537	TJP1	162	RDRSASRERSL		psite	865
ENSP00000281537	TJP1	166	ASRERSLSPRS		hprd;pelm;psite	865
ENSP00000281537	TJP1	175	RSDRRSVASSQ		hprd;psite	865
ENSP00000281537	TJP1	313	PRRSRSRSPDQ		psite	865
ENSP00000281537	TJP1	347	DEERISKPGAV		psite	865
ENSP00000281537	TJP1	617	RNLRKSREDLS		hprd;pelm;psite	865
ENSP00000281537	TJP1	648	FLRPVTIFGPI		psite	865
ENSP00000281537	TJP1	821	HDDRLSYLSAP		psite	865
ENSP00000281537	TJP1	978	SLRTPSTEAAH		psite	865
ENSP00000281537	TJP1	1366	YFDRRSFENKP		hprd;pelm;psite	865
ENSP00000396219	MEF2C	192	THRPPSAGNTG	RPS6KA3	pelm	504
ENSP00000357656	FYN	512	PEERPTFEYLQ		hprd	699
ENSP00000306124	PRKCE	380	EHRAASSPDGQ		hprd	901
ENSP00000353224	TFRC	658	TSRLTTDFGNA		hprd	422
ENSP00000362441	ATRX	887	KQERETFSSAE		hprd	461
ENSP00000362441	ATRX	745	EVSRMSHSSSS		hprd	461
ENSP00000281537	TJP1	885	PVREDSSGMHH		hprd	865
ENSP00000281537	TJP1	840	TDSRHTSDYED		hprd	865
ENSP00000281537	TJP1	841	DSRHTSDYEDT		hprd	865
ENSP00000332816	PTK2B	389	LEARRSHLSES		hprd	917
ENSP00000263119	CABIN1	1795	PESRPTELSLE		hprd	900
