name	PRKCZ
id	ENSP00000367830
type	Serine/threonine kinase
proline+1_removed	Yes
npartners	178
npartners_with_sites	151
nsites	485
//
motif	score	fg_matches	fg_size	bg_matches	bg_size	fold_increase
..RR.[ST].....	317.01	31	1549	18	9383	10.43
R.R..[ST].....	314.84	35	1518	31	9365	6.97
..R..[ST].....	307.65	158	1483	434	9334	2.29
...R.[ST].....	307.65	148	1325	404	8900	2.46
R....[ST].....	7.68	107	1177	439	8496	1.76
//
prot_id	prot_name	position	flank	kinase	source	string_score
ENSP00000300161	YWHAB	60	GARRSSWRVIS	PRKCD	hprd;pelm;psite	687
ENSP00000248975	YWHAH	59	GARRSSWRVIS		pelm;psite	643
ENSP00000306330	YWHAG	59	GARRSSWRVIS	LATS2	psite	659
ENSP00000309503	YWHAZ	58	GARRSSWRVVS	AKT1;MAPKAPK2;PRKACA	hprd;pelm;psite	857
ENSP00000309503	YWHAZ	63	SWRVVSSIEQK		psite	857
ENSP00000270202	AKT1	72	RPRPNTFIIRC	AKT1	psite	993
ENSP00000270202	AKT1	126	RSGSPSDNSGA		hprd;pelm;psite	993
ENSP00000270202	AKT1	146	PKHRVTMNEFE		psite	993
ENSP00000270202	AKT1	211	RHPFLTALKYS		psite	993
ENSP00000270202	AKT1	246	RERVFSEDRAR	AKT1	psite	993
ENSP00000346032	ANXA2	202	RAEDGSVIDYE		hprd;psite	462
ENSP00000346032	ANXA2	332	RKYGKSLYYYI		psite	462
ENSP00000352995	ARHGEF18	147	RGTLLSDGSPA		psite	904
ENSP00000352995	ARHGEF18	724	PRRAETFAGYD		psite	904
ENSP00000352995	ARHGEF18	1014	VARRDSAPTEN		psite	904
ENSP00000352995	ARHGEF18	1101	SRNRRSLSPIL		hprd;psite	904
ENSP00000308176	BTK	51	RGRRGSKKGSI		psite	646
ENSP00000308176	BTK	184	SSHRKTKKPLP		psite	646
ENSP00000308176	BTK	495	RHRFQTQQLLE		psite	646
ENSP00000308176	BTK	602	PYERFTNSETA		psite	646
ENSP00000311032	CASP3	150	GDRCRSLTGKP	MAPK14	pelm;psite	689
ENSP00000265164	CASP6	257	VNRKVSQRRVD	NUAK1	hprd;pelm;psite	626
ENSP00000351273	CASP8	322	RDRNGTHLDAG		psite	669
ENSP00000330237	CASP9	183	RTRTGSNIDCE	AKT1;PRKACA	hprd;pelm;psite	631
ENSP00000330237	CASP9	195	LRRRFSSLHFM	PRKACA	psite	631
ENSP00000330237	CASP9	196	RRRFSSLHFMV	AKT1	hprd;pelm;psite	631
ENSP00000265846	ADAP1	87	RARFESKVPSF	PRKCA;PRKCE	hprd;psite	619
ENSP00000265846	ADAP1	276	RKRWFTMDDRR	PRKCA;PRKCE	hprd;psite	619
ENSP00000271636	CGN	137	LLRSHSQASLA		hprd;pelm;psite	906
ENSP00000271636	CGN	155	SNRSNSMLELA		hprd;psite	906
ENSP00000271636	CGN	214	RKRSKSLDSRL		psite	906
ENSP00000271636	CGN	338	VRRKVSLVLEK		hprd;psite	906
ENSP00000271636	CGN	931	QAERDTARLDK		hprd;psite	906
ENSP00000271636	CGN	1161	SWRKASRSAAE		psite	906
ENSP00000271636	CGN	1163	RKASRSAAESA		hprd;pelm;psite	906
ENSP00000271636	CGN	1167	RSAAESALKNE		hprd;pelm;psite	906
ENSP00000337103	CHAT	473	LIRADSVSELP		psite	619
ENSP00000337103	CHAT	475	RADSVSELPAP		hprd;psite	619
ENSP00000219548	STUB1	149	KKRWNSIEERR		psite	625
ENSP00000415615	CSNK2B	14	RMAGTTSADVK		psite	715
ENSP00000362734	CRB2	1274	RLEMDSVLKVP		hprd;psite	577
ENSP00000304669	CTNNA1	654	DVRSRTSVQTE		hprd;pelm;psite	917
ENSP00000304669	CTNNA1	655	VRSRTSVQTED		hprd;pelm;psite	917
ENSP00000304669	CTNNA1	658	RTSVQTEDDQL		hprd;pelm;psite	917
ENSP00000304669	CTNNA1	886	KIKRASQKKHV		psite	917
ENSP00000344456	CTNNB1	23	RKAAVSHWQQQ		psite	917
ENSP00000344456	CTNNB1	332	IMRTYTYEKLL	CAMK2A	psite	917
ENSP00000344456	CTNNB1	472	ALRHLTSRHQE	CAMK2A	psite	917
ENSP00000344456	CTNNB1	547	RAHQDTQRRTS		psite	917
ENSP00000344456	CTNNB1	551	DTQRRTSMGGT		hprd;pelm;psite	917
ENSP00000344456	CTNNB1	552	TQRRTSMGGTQ	AKT1;AKT2;CAMK2A;PRKACA	hprd;pelm;psite	917
ENSP00000344456	CTNNB1	675	YKKRLSVELTS	PAK4;PRKACA	hprd;pelm;psite	917
ENSP00000301264	DAPK3	50	KKRRLSSSRRG		psite	619
ENSP00000301264	DAPK3	265	PKRRMTIAQSL	DAPK3;ROCK1	pelm;psite	619
ENSP00000301264	DAPK3	299	RRRLKTTRLKE	DAPK3;ROCK1	pelm;psite	619
ENSP00000301264	DAPK3	306	RLKEYTIKSHS	DAPK3	pelm;psite	619
ENSP00000368169	DVL1	654	TGSRQSFQKAM		psite	502
ENSP00000232458	ECT2	15	TTGRTSLADSS		psite	629
ENSP00000232458	ECT2	375	PRKRPSAEHSL		psite	629
ENSP00000232458	ECT2	571	VQRLPSVALLL		psite	629
ENSP00000232458	ECT2	811	VTRAFSFSKTP		hprd;pelm;psite	629
ENSP00000232458	ECT2	826	RRALMTSHGSV		psite	629
ENSP00000232458	ECT2	848	VMSRLSSTSSL		psite	629
ENSP00000232458	ECT2	849	MSRLSSTSSLA		psite	629
ENSP00000232458	ECT2	851	RLSSTSSLAGI		psite	629
ENSP00000232458	ECT2	876	RSHTLSRSTTH		psite	629
ENSP00000206249	ESR1	154	FYRPNSDNRRQ		pelm;psite	675
ENSP00000206249	ESR1	167	RERLASTNDKG	AKT1;AKT2;CSNK2A1;IKBKE;RPS6KA1;RPS6KA3;RPS6KB1	hprd;pelm;psite	675
ENSP00000206249	ESR1	236	KNRRKSCQACR	PRKACA	pelm;psite	675
ENSP00000206249	ESR1	282	RGEVGSAGDMR	CSNK2A1	pelm;psite	675
ENSP00000206249	ESR1	305	RSKKNSLALSL	AKT1;PAK1;PRKACA	hprd;pelm;psite	675
ENSP00000354158	ERC1	35	LGHRRTNSTGG		hprd;psite	901
ENSP00000354158	ERC1	37	HRRTNSTGGSS		psite	901
ENSP00000354158	ERC1	38	RRTNSTGGSSG		psite	901
ENSP00000263025	MAPK3	170	RDLKPSNLLIN		psite	650
ENSP00000215832	MAPK1	29	RYTNLSYIGEG	RAF1;SGK1	hprd;psite	654
ENSP00000301838	FADD	41	LERVQSGLDLF		hprd;psite	621
ENSP00000278919	FEZ1	247	AIRDFSEELVQ		psite	930
ENSP00000278919	FEZ1	316	PLKRFSMEGIS		psite	930
ENSP00000368547	FEZ2	195	RLSMLSQEIQT		hprd;psite	640
ENSP00000368547	FEZ2	217	RVKRLSVSELN		psite	640
ENSP00000299293	FRS2	125	RNNHQTELEVP		psite	619
ENSP00000299293	FRS2	137	TPRTPTTPGFA		psite	619
ENSP00000299293	FRS2	155	YPRYPSFGDAS		psite	619
ENSP00000299293	FRS2	169	SSRHPSVGSAR		psite	619
ENSP00000299293	FRS2	177	SARLPSVGEES		psite	619
ENSP00000299293	FRS2	211	RKNRTSVHVPL		psite	619
ENSP00000299293	FRS2	221	LEARVSNAESS		hprd;psite	619
ENSP00000299293	FRS2	326	RRGRLTSTSTS		psite	619
ENSP00000299293	FRS2	327	RGRLTSTSTSD		psite	619
ENSP00000299293	FRS2	344	SAQRRTALLNY		psite	619
ENSP00000299293	FRS2	365	EARKLSRDEDD		psite	619
ENSP00000299293	FRS2	468	TPTRRTELYAV		hprd;psite	619
ENSP00000299293	FRS2	503	KTRHNSTDLPM		psite	619
ENSP00000357656	FYN	21	EERDGSLNQSS	PRKACA	hprd;pelm;psite	682
ENSP00000357656	FYN	257	RLTDLSVKTKD		hprd;psite	682
ENSP00000367848	GABRD	300	VSARSSLPRAS		psite	462
ENSP00000330836	GLRX3	117	VQRHASSGSFL		psite	800
ENSP00000320935	SLC2A4	274	RERPLSLLQLL	SGK1	pelm;psite	899
ENSP00000263915	GRB14	362	RSGCSSQSISP		psite	959
ENSP00000263915	GRB14	372	PMRSISENSLV		hprd;psite	959
ENSP00000339007	GRB2	88	FLIRESESAPG		psite	906
ENSP00000222330	GSK3A	19	SGRARTSSFAE		hprd;pelm;psite	669
ENSP00000222330	GSK3A	20	GRARTSSFAEP		hprd;pelm;psite	669
ENSP00000222330	GSK3A	21	RARTSSFAEPG	AKT1;PRKACA;PRKCA;PRKCB;PRKCD;PRKCG;PRKCH;RPS6KA3	hprd;pelm;psite	669
ENSP00000222330	GSK3A	97	KLGRDSGKVTT		psite	669
ENSP00000324806	GSK3B	8	GRPRTTSFAES		psite	966
ENSP00000324806	GSK3B	9	RPRTTSFAESC	AKT1;AURKA;MAP4K5;PRKACA;PRKCA;PRKCB;PRKCD;PRKCG;PRKCH;RPS6KA1;RPS6KA3;RPS6KB1	hprd;pelm;psite	966
ENSP00000364398	HABP4	97	QKERKSLPAPV		hprd;pelm;psite	619
ENSP00000364398	HABP4	375	GARGGTRGGRG	PRKCA;PRKCQ;PRKCZ	hprd;psite	619
ENSP00000355657	HIST3H3	29	KVARKSAPATG	RPS6KA5	hprd;psite	619
ENSP00000355657	HIST3H3	46	RYRPGTVALRE		psite	619
ENSP00000355657	HIST3H3	58	RRYQKSTELLI		psite	619
ENSP00000355657	HIST3H3	59	RYQKSTELLIR		psite	619
ENSP00000355657	HIST3H3	87	DLRFQSSAVMA		psite	619
ENSP00000355657	HIST3H3	119	HAKRVTIMPKD		psite	619
ENSP00000216797	NFKBIA	32	DDRHDSGLDSM	CHUK;CSNK2A1;IKBKB;IKBKE;RPS6KA1;RPS6KA3;SGK1	hprd;pelm;psite	923
ENSP00000359424	CHUK	23	RERLGTGGFGN	AKT1;AKT2	hprd;pelm;psite	912
ENSP00000358622	IKBKG	136	DAIRQSNQILR	IKBKB	psite	899
ENSP00000170630	IL4R	756	RSSPPTTPLRA		psite	621
ENSP00000360200	INADL	455	VRRKTSSSTSP		psite	426
ENSP00000360200	INADL	456	RRKTSSSTSPL		psite	426
ENSP00000360200	INADL	1078	REPNVSLGISI		psite	426
ENSP00000303830	INSR	361	ELRGCTVINGS		psite	917
ENSP00000303830	INSR	400	LKIRRSYALVS		hprd;pelm;psite	917
ENSP00000303830	INSR	1187	RDIYETDYYRK		psite	917
ENSP00000303830	INSR	1333	PLDRSSHCQRE		pelm;psite	917
ENSP00000303830	INSR	1348	RDGGSSLGFKR	INSR	hprd;pelm;psite	917
ENSP00000303830	INSR	1375	NGRILTLPRSN	PRKCA	hprd;pelm;psite	917
ENSP00000358997	IRAK1	66	RSGQRTASVLW	IRAK1	hprd;psite	961
ENSP00000358997	IRAK1	209	EISRGTHNFSE	IRAK1	pelm;psite	961
ENSP00000358997	IRAK1	387	QTVRGTLAYLP	IRAK1;IRAK4	hprd;pelm;psite	961
ENSP00000358997	IRAK1	556	TGRAHSGAAPW		psite	961
ENSP00000231368	LNPEP	51	YEPRGSRLLVR		psite	980
ENSP00000231368	LNPEP	91	SGLRNSATGYR		psite	980
ENSP00000231368	LNPEP	666	EGRNYSKYQSV		psite	980
ENSP00000304895	IRS1	268	EFRPRSKSQSS	IKBKB	hprd;pelm;psite	946
ENSP00000304895	IRS1	270	RPRSKSQSSSN	ATR;IKBKB;RPS6KB1	hprd;pelm;psite	946
ENSP00000304895	IRS1	303	GLTRRSRTESI		psite	946
ENSP00000304895	IRS1	305	TRRSRTESITA		psite	946
ENSP00000304895	IRS1	307	RSRTESITATS	IKBKB;PRKCD;RPS6KB1	hprd;pelm;psite	946
ENSP00000304895	IRS1	309	RTESITATSPA		psite	946
ENSP00000304895	IRS1	329	FRVRASSDGEG		psite	946
ENSP00000304895	IRS1	330	RVRASSDGEGT	CSNK2B	hprd;psite	946
ENSP00000304895	IRS1	341	MSRPASVDGSP	IKBKB	hprd;pelm;psite	946
ENSP00000304895	IRS1	362	HRHRGSARLHP		psite	946
ENSP00000304895	IRS1	441	CDFRSSFRSVT	PRKCB;PRKCD;PRKCZ	psite	946
ENSP00000304895	IRS1	527	RKRTHSAGTSP	IKBKB;RPS6KB1	hprd;pelm;psite	946
ENSP00000304895	IRS1	574	PGHRHSAFVPT	PRKCD	hprd;pelm;psite	946
ENSP00000304895	IRS1	603	HHRPDSSTLHT		psite	946
ENSP00000304895	IRS1	605	RPDSSTLHTDD		psite	946
ENSP00000304895	IRS1	629	SGRKGSGDYMP	AKT1	hprd;pelm;psite	946
ENSP00000304895	IRS1	1100	CRRRHSSETFS		hprd;psite	946
ENSP00000304895	IRS1	1101	RRRHSSETFSS	PRKCQ;RPS6KA1;RPS6KB1	hprd;pelm;psite	946
ENSP00000304895	IRS1	1103	RHSSETFSSTP		hprd;psite	946
ENSP00000304895	IRS1	1142	DVKRHSSASFE		psite	946
ENSP00000304895	IRS1	1143	VKRHSSASFEN		hprd;psite	946
ENSP00000304895	IRS1	1145	RHSSASFENVW		hprd;pelm;psite	946
ENSP00000304895	IRS1	1222	SSTRRSSEDLS		pelm;psite	946
ENSP00000304895	IRS1	1223	STRRSSEDLSA		hprd;pelm;psite	946
ENSP00000361202	IRS4	552	RDGQGTAGGHG		psite	643
ENSP00000370719	ITSN1	313	FRRVRSGSGIS		hprd;pelm;psite	466
ENSP00000370719	ITSN1	315	RVRSGSGISVI		hprd;pelm;psite	466
ENSP00000370719	ITSN1	687	LKREESVKKKD		hprd;psite	466
ENSP00000391676	JAK3	17	PQRSCSLLSTE		psite	902
ENSP00000269576	KRT10	38	SLRISSSKGSL		psite	621
ENSP00000269576	KRT10	159	NDRLASYLDKV		psite	621
ENSP00000269576	KRT10	170	RALEESNYELE		psite	621
ENSP00000265293	WWC1	255	RTDRGSHSDLW		psite	953
ENSP00000265293	WWC1	539	LSPRSSLSSPS	AURKA;AURKB	psite	953
ENSP00000265293	WWC1	929	IIRSKTFSPGP		hprd;pelm;psite	953
ENSP00000265293	WWC1	947	LNRSDSDSSTL		hprd;pelm;psite	953
ENSP00000265293	WWC1	962	PFVRNSLERRS		psite	953
ENSP00000265293	WWC1	975	MKRPSSVKSLR	PRKCZ	hprd;psite	953
ENSP00000352138	KIRREL	639	DGRPSSRLSHS		psite	899
ENSP00000352138	KIRREL	642	PSSRLSHSSGY		psite	899
ENSP00000352138	KIRREL	737	TATRFSYTSQH		psite	899
ENSP00000352138	KIRREL	740	RFSYTSQHSDY		psite	899
ENSP00000164247	KCNAB2	14	SPARLSLRQTG		psite	917
ENSP00000164247	KCNAB2	18	LSLRQTGSPGM		psite	917
ENSP00000164247	KCNAB2	112	GWRRSSLVITT		psite	917
ENSP00000164247	KCNAB2	266	PYSRASLKGYQ	PRKCA	psite	917
ENSP00000337825	LCK	42	LIRNGSEVRDP	MAPK1;MAPK3;PRKACA;PRKCA	hprd;pelm;psite	906
ENSP00000337825	LCK	50	RDPLVTYEGSN		psite	906
ENSP00000337825	LCK	159	RESESTAGSFS		psite	906
ENSP00000337825	LCK	210	LVRHYTNASDG		psite	906
ENSP00000321537	LLGL1	655	LSRVKSLKKSL		psite	424
ENSP00000321537	LLGL1	663	KSLRQSFRRIR		psite	424
ENSP00000376333	LLGL2	645	LSRVKSLKKSL		psite	475
ENSP00000376333	LLGL2	653	KSLRQSFRRMR		psite	475
ENSP00000376333	LLGL2	961	SRARNSGTQSD		psite	475
ENSP00000298910	LRRK2	524	ESREDTEFHHK	LRRK2	psite	437
ENSP00000298910	LRRK2	833	NLRKQTNIAST	LRRK2	psite	437
ENSP00000298910	LRRK2	850	RYQMKSAVEEG		psite	437
ENSP00000298910	LRRK2	933	NLQRHSNSLGP		psite	437
ENSP00000298910	LRRK2	955	RKILSSDDSLR		psite	437
ENSP00000298910	LRRK2	962	DSLRSSKLQSH		psite	437
ENSP00000298910	LRRK2	971	SHMRHSDSISS		psite	437
ENSP00000298910	LRRK2	1403	REEFYSTHPHF	LRRK2	psite	437
ENSP00000298910	LRRK2	1443	IKARASSSPVI	LRRK2	psite	437
ENSP00000298910	LRRK2	1444	KARASSSPVIL	LRRK2	psite	437
ENSP00000298910	LRRK2	1467	RKACMSKITKE	LRRK2	psite	437
ENSP00000298910	LRRK2	1503	AKLRKTIINES	LRRK2	psite	437
ENSP00000298910	LRRK2	1849	DQPRLTIPISQ	LRRK2	psite	437
ENSP00000298910	LRRK2	2031	RMGIKTSEGTP	LRRK2	psite	437
ENSP00000298910	LRRK2	2166	NSRNASIWLGC		psite	437
ENSP00000348273	MBP	26	TNRGESEKKRN		psite	862
ENSP00000348273	MBP	39	ELSRTTSEDNE		psite	862
ENSP00000348273	MBP	40	LSRTTSEDNEV		psite	862
ENSP00000348273	MBP	96	LIRLFSRDAPG		hprd;pelm;psite	862
ENSP00000348273	MBP	141	SQKRPSQRHGS	PRKCA	hprd;psite	862
ENSP00000348273	MBP	146	SQRHGSKYLAT	PRKCA	hprd;psite	862
ENSP00000348273	MBP	169	PRHRDTGILDS	PRKACA	hprd;psite	862
ENSP00000348273	MBP	249	SLSRFSWGAEG	PRKCA	hprd;psite	862
ENSP00000348273	MBP	266	YGGRASDYKSA	PRKCA	hprd;psite	862
ENSP00000302486	MAP2K1	194	RDVKPSNILVN		psite	629
ENSP00000302486	MAP2K1	298	PGRPLSSYGMD	PAK1	hprd;pelm;psite	629
ENSP00000353408	MSN	384	RKRAQSEAEKL		psite	809
ENSP00000353408	MSN	429	LTARISQLEMA		psite	809
ENSP00000353408	MSN	465	RAELKTAMSTP		hprd;psite	809
ENSP00000353408	MSN	558	RDKYKTLRQIR	ADRBK1;LRRK2;MAP3K8;PRKACA;PRKCQ;ROCK1;STK10	hprd;pelm;psite	809
ENSP00000234420	MSH6	79	GGLRRSVAPAA		hprd;pelm;psite	619
ENSP00000234420	MSH6	252	KRRVISDSESD		hprd;pelm;psite	619
ENSP00000234420	MSH6	254	RVISDSESDIG		hprd;pelm;psite	619
ENSP00000234420	MSH6	305	RKRMVTGNGSL		hprd;psite	619
ENSP00000234420	MSH6	1010	RYWTKTIEKKL		psite	619
ENSP00000318195	NCL	423	EIRLVSKDGKS		psite	655
ENSP00000318195	NCL	460	DGRSISLYYTG		psite	655
ENSP00000318195	NCL	602	RARIVTDRETG		psite	655
ENSP00000379330	NFATC2	243	VPRPASRSSSP		hprd;psite	959
ENSP00000379330	NFATC2	245	RPASRSSSPGA		psite	959
ENSP00000379330	NFATC2	255	AKRRHSCAEAL		psite	959
ENSP00000379330	NFATC2	363	GERRNSAPESI		hprd;psite	959
ENSP00000379330	NFATC2	483	RITGKTVTTTS		hprd;psite	959
ENSP00000379330	NFATC2	585	VERQDTDSCLV		hprd;pelm;psite	959
ENSP00000379330	NFATC2	757	YQRSKSLSPSL		hprd;psite	959
ENSP00000379330	NFATC2	859	RLSPGSYPTVI		psite	959
ENSP00000327850	NFATC1	232	TSPRASVTEES	PRKACA;PRKCA	hprd;pelm;psite	914
ENSP00000327850	NFATC1	256	NKRKYSLNGRQ	PRKACA;PRKCA	hprd;pelm;psite	914
ENSP00000327850	NFATC1	281	GSPRVSVTDDS	PRKACA;PRKCA	hprd;pelm;psite	914
ENSP00000327850	NFATC1	529	LKLRNSDIELR		psite	914
ENSP00000300659	NFATC3	204	AAARFTLGSPL	CSNK1A1	hprd;pelm;psite	899
ENSP00000300659	NFATC3	268	PSSRPTSPCGK		psite	899
ENSP00000300659	NFATC3	277	GKRRHSSAEVC		psite	899
ENSP00000300659	NFATC3	344	KTRKTSEDQAA		psite	899
ENSP00000300659	NFATC3	371	SPARETSIDDG		psite	899
ENSP00000300659	NFATC3	372	PARETSIDDGL		psite	899
ENSP00000300659	NFATC3	415	PIFRTSSLPPL		psite	899
ENSP00000300659	NFATC3	416	IFRTSSLPPLD		psite	899
ENSP00000300659	NFATC3	546	LKLRNSDIELR		psite	899
ENSP00000300659	NFATC3	730	QTQRPSSDSGC		psite	899
ENSP00000300659	NFATC3	731	TQRPSSDSGCS		psite	899
ENSP00000300659	NFATC3	1045	IGRDMSQISVS		psite	899
ENSP00000226574	NFKB1	338	QLRRKSDLETS	PRKACA	hprd;pelm;psite	903
ENSP00000226574	NFKB1	938	SFRKLSFTESL		psite	903
ENSP00000226574	NFKB1	940	RKLSFTESLTS		hprd;pelm;psite	903
ENSP00000384273	RELA	276	QLRRPSDRELS	PIM1;PRKACA;RPS6KA4;RPS6KA5	hprd;pelm;psite	994
ENSP00000384273	RELA	281	SDRELSEPMEF		psite	994
ENSP00000384273	RELA	505	ITRLVTGAQRP		pelm;psite	994
ENSP00000172229	NGFR	277	FKRWNSCKQNK	PRKCG	psite	914
ENSP00000368190	NPHS1	1125	TGERDTQSSTV	PRKCA	psite	899
ENSP00000347169	NUMB	194	FTREGSFRVTT		psite	976
ENSP00000347169	NUMB	276	LARQGSFRGFP		hprd;pelm;psite	976
ENSP00000347169	NUMB	295	FKRQLSLRINE	PRKCZ	hprd;pelm;psite	976
ENSP00000347169	NUMB	438	HRRTPSEADRW		hprd;pelm;psite	976
ENSP00000347169	NUMB	561	LVRQQTFPHYE		psite	976
ENSP00000347379	OCLN	340	RFYPESSYKST	PRKCA	hprd;pelm;psite	846
ENSP00000347379	OCLN	369	RQPRYSSGGNF		hprd;psite	846
ENSP00000347379	OCLN	370	QPRYSSGGNFE		psite	846
ENSP00000289473	NCF1	303	APPRRSSIRNA	PRKCA;PRKCB;PRKCD	pelm;psite	619
ENSP00000289473	NCF1	304	PPRRSSIRNAH	AKT1;PRKCA;PRKCB;PRKCD;PRKCZ	pelm;psite	619
ENSP00000289473	NCF1	320	SRKRLSQDAYR	IRAK4;PRKACA;PRKCA;PRKCB;PRKCD	pelm;psite	619
ENSP00000289473	NCF1	328	AYRRNSVRFLQ	AKT1;PRKACA;PRKCA;PRKCB;PRKCD	pelm;psite	619
ENSP00000289473	NCF1	356	EEERQTQRSKP	IRAK4	psite	619
ENSP00000289473	NCF1	359	RQTQRSKPQPA	IRAK4;PRKACA;PRKCA;PRKCB;PRKCD	pelm;psite	619
ENSP00000289473	NCF1	370	VPPRPSADLIL	IRAK4;PRKACA;PRKCA;PRKCB;PRKCD	pelm;psite	619
ENSP00000289473	NCF1	379	ILNRCSESTKR	PRKCA;PRKCB;PRKCD	pelm;psite	619
ENSP00000328088	PAWR	162	REKRRSTGVVN		psite	959
ENSP00000328088	PAWR	163	EKRRSTGVVNI		psite	959
ENSP00000328088	PAWR	228	SGRYKSTTSVS		hprd;pelm;psite	959
ENSP00000328088	PAWR	230	RYKSTTSVSEE		hprd;psite	959
ENSP00000328088	PAWR	259	RDANVSGTLVS		hprd;psite	959
ENSP00000363921	PARD3	143	LHVRRSSDPAL		hprd;pelm;psite	989
ENSP00000363921	PARD3	144	HVRRSSDPALI	MARK2	hprd;pelm;psite	989
ENSP00000363921	PARD3	174	NPTRWSTTAGF		hprd;psite	989
ENSP00000363921	PARD3	175	PTRWSTTAGFL		hprd;psite	989
ENSP00000363921	PARD3	220	RDNARSSLSAS		psite	989
ENSP00000363921	PARD3	221	DNARSSLSASH		psite	989
ENSP00000363921	PARD3	386	RFSPDSQYIDN		psite	989
ENSP00000363921	PARD3	481	TSRDVTIGGSA		psite	989
ENSP00000363921	PARD3	534	SLLRSTKMEGT		hprd;psite	989
ENSP00000363921	PARD3	665	ETLRRSMSTEG		psite	989
ENSP00000363921	PARD3	667	LRRSMSTEGNK		psite	989
ENSP00000363921	PARD3	668	RRSMSTEGNKR		psite	989
ENSP00000363921	PARD3	715	RERRISHSLYS		hprd;pelm;psite	989
ENSP00000363921	PARD3	717	RRISHSLYSGI		pelm;psite	989
ENSP00000363921	PARD3	827	GFGRQSMSEKR		psite	989
ENSP00000363921	PARD3	837	RTKQFSDASQL		psite	989
ENSP00000363921	PARD3	850	VKTRKSKSMDL		psite	989
ENSP00000363921	PARD3	924	RGCNESFRAAI		psite	989
ENSP00000363921	PARD3	962	RSGRESVSTAS	AURKA;AURKB	psite	989
ENSP00000363921	PARD3	1178	RRRTYSFEQPW		psite	989
ENSP00000363921	PARD3	1222	AQRQYSSLPRQ		psite	989
ENSP00000360672	PARD6B	11	RHGAGSGCLGT		hprd;pelm;psite	954
ENSP00000360672	PARD6B	177	YIRDGSSVRVT		psite	954
ENSP00000344220	PDPK1	241	QARANSFVGTA	PDK1;PDPK1	hprd;pelm;psite	990
ENSP00000344220	PDPK1	410	PQRSGSNIEQY	PDK1;PDPK1	hprd;pelm;psite	990
ENSP00000348099	PDLIM7	78	CGERLSLGLSR		hprd;psite	619
ENSP00000348099	PDLIM7	105	DPPRYTFAPSV		psite	619
ENSP00000348099	PDLIM7	161	RPRPGTGQSRS		psite	619
ENSP00000348099	PDLIM7	247	VLTRHSQPATP		hprd;pelm;psite	619
ENSP00000263967	PIK3CA	312	YSRRISTATPY		psite	937
ENSP00000263967	PIK3CA	313	SRRISTATPYM		psite	937
ENSP00000263967	PIK3CA	507	REAGFSYSHAG		psite	937
ENSP00000366563	PIK3CD	520	LERRGSGELYE		psite	424
ENSP00000352121	PIK3CG	228	VIHRSTTSQTI		psite	423
ENSP00000352121	PIK3CG	582	HFRYESLKHPK		psite	423
ENSP00000352121	PIK3CG	1024	ALRHHTNLLII		psite	423
ENSP00000274335	PIK3R1	154	LYRTQSSSNLA		psite	909
ENSP00000274335	PIK3R1	265	NARVLSEIFSP		psite	909
ENSP00000274335	PIK3R1	279	RFSAASSDNTE		psite	909
ENSP00000274335	PIK3R1	576	IQLRKTRDQYL		psite	909
ENSP00000331602	PRKCD	43	TERGKTLVQKK		hprd;psite	648
ENSP00000331602	PRKCD	218	ANSRDTIFQKE	PRKCD	psite	648
ENSP00000331602	PRKCD	299	VTQRASRRSDS	PRKCD	hprd;pelm;psite	648
ENSP00000331602	PRKCD	302	RASRRSDSASS	PRKCD	hprd;pelm;psite	648
ENSP00000331602	PRKCD	304	SRRSDSASSEP	PRKCD	hprd;pelm;psite	648
ENSP00000331602	PRKCD	306	RSDSASSEPVG		hprd;psite	648
ENSP00000331602	PRKCD	451	ELYRATFYAAE		psite	648
ENSP00000331602	PRKCD	506	GESRASTFCGT		hprd;psite	648
ENSP00000331602	PRKCD	507	ESRASTFCGTP	PDK1;PDPK1	hprd;pelm;psite	648
ENSP00000331602	PRKCD	645	EKARLSYSDKN	PRKCD	hprd;pelm;psite	648
ENSP00000295797	PRKCI	8	TQRDSSTMSHT		hprd;psite	971
ENSP00000295797	PRKCI	410	RPGDTTSTFCG		hprd;pelm;psite	971
ENSP00000263125	PRKCQ	219	INSRETMFHKE	PRKCQ	hprd;pelm;psite	643
ENSP00000263125	PRKCQ	307	RCLRDTEQIFR		psite	643
ENSP00000263125	PRKCQ	370	NKERPSLQIKL		psite	643
ENSP00000263125	PRKCQ	676	EKPRLSFADRA		hprd;pelm;psite	643
ENSP00000263125	PRKCQ	685	RALINSMDQNM		hprd;pelm;psite	643
ENSP00000263125	PRKCQ	695	MFRNFSFMNPG		hprd;pelm;psite	643
ENSP00000301242	PPP1R14A	12	GKRVLSKLQSP	DAPK3	pelm;psite	632
ENSP00000301242	PPP1R14A	38	RHARVTVKYDR	DAPK3;ILK;PKD1;PRKACA;PRKCA;PRKCD;PRKCE;PRKCZ;PRKD1;PRKG1;ROCK2	hprd;pelm;psite	632
ENSP00000301242	PPP1R14A	130	RQPSPSHDGSL	CAMK2A	hprd;pelm;psite	632
ENSP00000378323	PPP3CA	411	MARVFSVLREE		psite	694
ENSP00000378323	PPP3CA	492	RDAMPSDANLN		psite	694
ENSP00000326366	PSEN1	43	HNDRRSLGHPE		hprd;pelm;psite	621
ENSP00000326366	PSEN1	310	AQRRVSKNSKY	PRKACA	hprd;pelm;psite	621
ENSP00000326366	PSEN1	324	STERESQDTVA		psite	621
ENSP00000326366	PSEN1	346	EAQRDSHLGPH	PRKCA;PRKCZ	hprd;pelm;psite	621
ENSP00000326366	PSEN1	357	RSTPESRAAVQ	GSK3B	hprd;pelm;psite	621
ENSP00000361021	PTEN	380	DHYRYSDTTDS	AKT1;CSNK2A1;PRKCZ;STK11	hprd;pelm;psite	503
ENSP00000361021	PTEN	383	RYSDTTDSDPE	CSNK2A1;PRKCZ;STK11	hprd;pelm;psite	503
ENSP00000251849	RAF1	43	YQRRASDDGKL	PRKACA;PRKCA	hprd;pelm;psite	959
ENSP00000251849	RAF1	220	RRMRESVSRMP		psite	959
ENSP00000251849	RAF1	233	SQHRYSTPHAF	PRKACA	hprd;pelm;psite	959
ENSP00000251849	RAF1	257	SQRQRSTSTPN		hprd;pelm;psite	959
ENSP00000251849	RAF1	258	QRQRSTSTPNV		hprd;pelm;psite	959
ENSP00000251849	RAF1	259	RQRSTSTPNVH	AKT1;PRKACA;RAF1	hprd;pelm;psite	959
ENSP00000251849	RAF1	285	AIRSHSESASP		psite	959
ENSP00000251849	RAF1	287	RSHSESASPSA		psite	959
ENSP00000251849	RAF1	338	RGQRDSSYYWE	MAP2K1;PAK1;PAK3;RAF1	hprd;pelm;psite	959
ENSP00000251849	RAF1	339	GQRDSSYYWEI	PAK1	hprd;pelm;psite	959
ENSP00000251849	RAF1	357	STRIGSGSFGT		psite	959
ENSP00000251849	RAF1	359	RIGSGSFGTVY		psite	959
ENSP00000251849	RAF1	497	VKSRWSGSQQV		psite	959
ENSP00000251849	RAF1	621	INRSASEPSLH	PRKACA;RAF1	hprd;pelm;psite	959
ENSP00000400175	RHOA	188	RGKKKSGCLVL	PRKACA;PRKG1	hprd;pelm;psite	644
ENSP00000349959	RICTOR	21	RGRNDSGEENV		hprd;pelm;psite	817
ENSP00000349959	RICTOR	35	LTREPSDNLRE		psite	817
ENSP00000349959	RICTOR	383	PHRARSRPDLM		psite	817
ENSP00000349959	RICTOR	424	ISVRATILLGE		psite	817
ENSP00000349959	RICTOR	1035	SSRHNSESESV		psite	817
ENSP00000349959	RICTOR	1037	RHNSESESVPS		psite	817
ENSP00000349959	RICTOR	1133	NRRIRTLTEPS		psite	817
ENSP00000349959	RICTOR	1135	RIRTLTEPSVD	AKT1;RPS6KB1;RPS6KB2;SGK1	psite	817
ENSP00000349959	RICTOR	1219	KIRSQSFNTDT		hprd;psite	817
ENSP00000349959	RICTOR	1302	PRRAQSLKAPS		psite	817
ENSP00000349959	RICTOR	1407	TLQRSSSVRSM		psite	817
ENSP00000349959	RICTOR	1415	RSMVSSATYGG		psite	817
ENSP00000259808	RIPK1	320	VKRMQSLQLDC		hprd;pelm;psite	903
ENSP00000259808	RIPK1	416	RRRRVSHDPFA		psite	903
ENSP00000220751	RIPK2	174	KWRMMSLSQSR		psite	900
ENSP00000220751	RIPK2	176	RMMSLSQSRSS	RIPK2	hprd;pelm;psite	900
ENSP00000220751	RIPK2	181	SQSRSSKSAPE		psite	900
ENSP00000220751	RIPK2	531	VSRSPSLNLLQ		hprd;pelm;psite	900
ENSP00000261313	PEBP1	51	VKNRPTSISWD		hprd;psite	959
ENSP00000261313	PEBP1	52	KNRPTSISWDG		hprd;pelm;psite	959
ENSP00000261313	PEBP1	54	RPTSISWDGLD		hprd;psite	959
ENSP00000317985	ROCK2	567	RQLDETNALLR		hprd;psite	900
ENSP00000317985	ROCK2	577	RTESDTAARLR		psite	900
ENSP00000317985	ROCK2	1212	HVRPVTQTDVY		psite	900
ENSP00000317985	ROCK2	1366	SSPRTSMKIQQ		psite	900
ENSP00000317985	ROCK2	1379	SIRRPSRQLAP		psite	900
ENSP00000401303	SHC1	139	WTRHGSFVNKP	PRKCA	hprd;pelm;psite	899
ENSP00000340944	PTPN11	28	RGVDGSFLARP		psite	909
ENSP00000340944	PTPN11	34	FLARPSKSNPG		psite	909
ENSP00000340944	PTPN11	576	EMREDSARVYE	PRKCA;PRKCB;PRKCH	hprd;psite	909
ENSP00000384675	SOS1	158	RHYEITKQDIK		psite	899
ENSP00000384675	SOS1	1043	PGVRPSNPRPG		pelm;psite	899
ENSP00000384675	SOS1	1134	GPRSASVSSIS		hprd;pelm;psite	899
ENSP00000384675	SOS1	1161	RRRPESAPAES		psite	899
ENSP00000384675	SOS1	1197	YSPRYSISDRT	MAPK1	hprd;pelm;psite	899
ENSP00000329357	SP1	42	QARSSSTGSSS		hprd;pelm;psite	863
ENSP00000329357	SP1	617	SEGRGSGDPGK		hprd;psite	863
ENSP00000329357	SP1	651	HLRWHTGERPF		hprd;pelm;psite	863
ENSP00000329357	SP1	668	CGKRFTRSDEL	PRKCZ	psite	863
ENSP00000329357	SP1	681	HKRTHTGEKKF	PRKCZ	psite	863
ENSP00000329357	SP1	702	RSDHLSKHIKT		psite	863
ENSP00000374455	SQSTM1	24	EIRRFSFCCSP		hprd;psite	998
ENSP00000374455	SQSTM1	49	CERLLSRVAAL		psite	998
ENSP00000350941	SRC	17	SQRRRSLEPAE	PRKACA	hprd;pelm;psite	969
ENSP00000350941	SRC	51	GHRGPSAAFAP		psite	969
ENSP00000350941	SRC	183	RESETTKGAYC		psite	969
ENSP00000350941	SRC	269	EIPRESLRLEV		psite	969
ENSP00000361066	NCOA3	288	NSLRSSMRPGF		hprd;psite	619
ENSP00000361066	NCOA3	857	YNRAVSLDSPV	CHUK;MAPK6;PRKACA	hprd;pelm;psite	619
ENSP00000361066	NCOA3	1033	PLLRNSLDDLV	PRKCZ	psite	619
ENSP00000264657	STAT3	691	YCRPESQEHPE		hprd;pelm;psite	646
ENSP00000321826	STXBP5	692	KSRQPSGAGLC		psite	474
ENSP00000321826	STXBP5	759	MSRKLSLPTDL		hprd;pelm;psite	474
ENSP00000321826	STXBP5	780	FSRSRSSSVTS		hprd;pelm;psite	474
ENSP00000321826	STXBP5	781	SRSRSSSVTSI		hprd;psite	474
ENSP00000321826	STXBP5	782	RSRSSSVTSID		hprd;pelm;psite	474
ENSP00000321826	STXBP5	784	RSSSVTSIDKE		hprd;pelm;psite	474
ENSP00000364133	TGFBR1	204	RTIARTIVLQE		psite	899
ENSP00000351905	TGFBR2	573	HLDRLSGRSCS		hprd;pelm;psite	899
ENSP00000351905	TGFBR2	578	SGRSCSEEKIP		hprd;psite	899
ENSP00000286827	TIAM1	26	LGRKHTSRSLR		psite	969
ENSP00000286827	TIAM1	33	RSLRLSHKTRR		psite	969
ENSP00000286827	TIAM1	231	CQRANSLGDLY		hprd;psite	969
ENSP00000286827	TIAM1	294	LPCRKSHCLSE		psite	969
ENSP00000286827	TIAM1	319	GRRAKTTQDVN		psite	969
ENSP00000286827	TIAM1	320	RRAKTTQDVNA		psite	969
ENSP00000286827	TIAM1	368	RAFVGSDSGSS		psite	969
ENSP00000286827	TIAM1	695	RSRFSSLWGLD		psite	969
ENSP00000286827	TIAM1	1143	RFKLYSAFCAS		psite	969
ENSP00000286827	TIAM1	1321	GSHRLSIYEDW		psite	969
ENSP00000363089	TLR4	790	LYRLLSRNTYL	PRKD1	psite	680
ENSP00000162749	TNFRSF1A	381	RRLGLSDHEID		psite	912
ENSP00000162749	TNFRSF1A	417	PRREATLELLG		psite	912
ENSP00000341268	TRADD	215	VNRPLSLKDQQ		psite	900
ENSP00000320493	TRIP10	296	MNRAPSDSSLG		hprd;pelm;psite	905
ENSP00000320493	TRIP10	298	RAPSDSSLGTP		hprd;pelm;psite	905
ENSP00000320493	TRIP10	426	SNRGDSLSRHA		hprd;pelm;psite	905
ENSP00000364336	TBXA2R	145	RPAVASQRRAW		psite	899
ENSP00000364336	TBXA2R	239	QRPRDSEVEMM	ADRBK1;ADRBK2	psite	899
ENSP00000364336	TBXA2R	324	LQPRLSTRPRS	PRKCA	psite	899
ENSP00000364336	TBXA2R	329	STRPRSLSLQP	PRKACA;PRKCA	hprd;psite	899
ENSP00000364336	TBXA2R	331	RPRSLSLQPQL	PRKCA	hprd;psite	899
ENSP00000388107	UBA52	57	DGRTLSDYNIQ		hprd;psite	916
ENSP00000304697	UBB	57	DGRTLSDYNIQ		hprd;psite	902
ENSP00000344818	UBC	57	DGRTLSDYNIQ		hprd;psite	963
ENSP00000314214	VAMP2	61	RDQKLSELDDR		psite	911
ENSP00000256474	VHL	72	NSREPSQVIFC	CSNK1A1	psite	645
ENSP00000256474	VHL	111	GRRIHSYRGHL	CHEK2	psite	645
ENSP00000256474	VHL	202	DLERLTQERIA		psite	645
ENSP00000329357	SP1	41	SQARSSSTGSS		hprd;pelm	863
ENSP00000300161	YWHAB	132	YFRYLSEVASG	PRKCZ	hprd;pelm	687
ENSP00000304895	IRS1	272	RSKSQSSSNCS	IKBKB	hprd;pelm	946
ENSP00000234420	MSH6	924	EKARKTGLITP		hprd;pelm	619
ENSP00000259808	RIPK1	337	RSNSATEQPGS		hprd;pelm	903
ENSP00000326366	PSEN1	59	RPQGNSRQVVE		hprd	621
ENSP00000357656	FYN	512	PEERPTFEYLQ		hprd	682
ENSP00000269576	KRT10	298	DLRNVSTGDVN		hprd	621
ENSP00000348273	MBP	295	LGGRDSRSGSP	PRKCA	hprd	862
ENSP00000348273	MBP	190	APKRGSGKDSH	PRKCA	hprd	862
ENSP00000226574	NFKB1	922	DELRDSDSVCD	CHUK	hprd	903
ENSP00000225655	PFN1	92	DLRTKSTGGAP		hprd	801
ENSP00000351905	TGFBR2	254	RSDISSTCANN		hprd	899
ENSP00000351905	TGFBR2	576	RLSGRSCSEEK		hprd	899
ENSP00000286827	TIAM1	1542	ERGRKTLDSHA		hprd	969
ENSP00000361066	NCOA3	1329	AFGRVSSPPNA		hprd	619
ENSP00000370719	ITSN1	891	QLRQRSAFTPA		hprd	466
ENSP00000370719	ITSN1	976	GPIRKSTSMDS		hprd	466
ENSP00000355657	HIST3H3	11	QTARKSTGGKA	RPS6KA3	hprd	619
ENSP00000361202	IRS4	1231	PEREDSDNDDD		hprd	643
ENSP00000361202	IRS4	66	GSRSDSESEEE		hprd	643
ENSP00000361202	IRS4	68	RSDSESEEEDL		hprd	643
ENSP00000320493	TRIP10	428	RGDSLSRHARP		hprd	905
ENSP00000344220	PDPK1	33	MVRTQTESSTP	PDPK1	hprd	990
ENSP00000363921	PARD3	1176	EDRRRTYSFEQ		hprd	989
ENSP00000299293	FRS2	483	RTAAMSNLQKA		hprd	619
ENSP00000328088	PAWR	223	PPRTVSGRYKS		hprd	959
ENSP00000265293	WWC1	922	PFLRGSTIIRS		hprd	953
ENSP00000265293	WWC1	923	FLRGSTIIRSK		hprd	953
