name	PRKCE
id	ENSP00000306124
type	Serine/threonine kinase
proline+1_removed	Yes
npartners	134
npartners_with_sites	114
nsites	300
//
motif	score	fg_matches	fg_size	bg_matches	bg_size	fold_increase
..RR.[ST].....	316.47	27	1346	18	9383	10.46
..R..[ST].....	307.65	157	1319	465	9365	2.4
...R.[ST].....	11.35	108	1162	404	8900	2.05
//
prot_id	prot_name	position	flank	kinase	source	string_score
ENSP00000300161	YWHAB	60	GARRSSWRVIS	PRKCD	hprd;pelm;psite	606
ENSP00000309503	YWHAZ	58	GARRSSWRVVS	AKT1;MAPKAPK2;PRKACA	hprd;pelm;psite	984
ENSP00000309503	YWHAZ	63	SWRVVSSIEQK		psite	984
ENSP00000355645	ACTA1	151	ASGRTTGIVLD		psite	861
ENSP00000355645	ACTA1	188	AGRDLTDYLMK		psite	861
ENSP00000355645	ACTA1	201	TERGYSFVTTA		psite	861
ENSP00000349960	ACTB	186	AGRDLTDYLMK		psite	851
ENSP00000349960	ACTB	199	TERGYSFTTTA		psite	851
ENSP00000290378	ACTC1	151	ASGRTTGIVLD		psite	657
ENSP00000290378	ACTC1	188	AGRDLTDYLMK		psite	657
ENSP00000290378	ACTC1	201	TERGYSFVTTA		psite	657
ENSP00000331514	ACTG1	186	AGRDLTDYLMK		psite	846
ENSP00000331514	ACTG1	199	TERGYSFTTTA		psite	846
ENSP00000311405	ADCY6	576	RTRANSMEGLM		hprd;pelm;psite	901
ENSP00000348573	AKAP9	43	KKRKTSSSKHD	PRKACA	psite	621
ENSP00000348573	AKAP9	390	QKERQSSEEIK		hprd;psite	621
ENSP00000348573	AKAP9	3089	KADRRSLLSEI		psite	621
ENSP00000348573	AKAP9	3637	NSSRFSLNGGA		psite	621
ENSP00000348573	AKAP9	3684	ELRNDSLLQTL		psite	621
ENSP00000348573	AKAP9	3835	TYRSRSDLDYI		psite	621
ENSP00000366244	ARAF	212	LQRIRSTSTPN		hprd;pelm;psite	833
ENSP00000366244	ARAF	213	QRIRSTSTPNV		pelm;psite	833
ENSP00000366244	ARAF	214	RIRSTSTPNVH		hprd;pelm;psite	833
ENSP00000366244	ARAF	250	GSRGGSDGTPR		psite	833
ENSP00000366244	ARAF	283	QRERKSLADDK		psite	833
ENSP00000366244	ARAF	299	LGYRDSGYYWE		pelm;psite	833
ENSP00000366244	ARAF	318	LKRIGTGSFGT		psite	833
ENSP00000366244	ARAF	413	DVARQTAQGMD		psite	833
ENSP00000366244	ARAF	458	VKTRWSGAQPL		psite	833
ENSP00000366244	ARAF	547	MRRLLSDCLKF		psite	833
ENSP00000366244	ARAF	582	IERSASEPSLH		hprd;pelm;psite	833
ENSP00000288602	BRAF	363	GQRDRSSSAPN		hprd;psite	933
ENSP00000288602	BRAF	364	QRDRSSSAPNV		hprd;pelm;psite	933
ENSP00000288602	BRAF	365	RDRSSSAPNVH	AKT1;AKT3	hprd;pelm;psite	933
ENSP00000288602	BRAF	428	QRERKSSSSSE		psite	933
ENSP00000288602	BRAF	429	RERKSSSSSED	AKT1;AKT3	hprd;pelm;psite	933
ENSP00000288602	BRAF	440	RNRMKTLGRRD		hprd;pelm;psite	933
ENSP00000288602	BRAF	446	LGRRDSSDDWE	PAK1	hprd;pelm;psite	933
ENSP00000288602	BRAF	447	GRRDSSDDWEI		hprd;pelm;psite	933
ENSP00000288602	BRAF	465	GQRIGSGSFGT		psite	933
ENSP00000288602	BRAF	605	VKSRWSGSHQF		psite	933
ENSP00000288602	BRAF	729	IHRSASEPSLN		hprd;pelm;psite	933
ENSP00000308176	BTK	51	RGRRGSKKGSI		psite	648
ENSP00000308176	BTK	184	SSHRKTKKPLP		psite	648
ENSP00000308176	BTK	495	RHRFQTQQLLE		psite	648
ENSP00000308176	BTK	602	PYERFTNSETA		psite	648
ENSP00000306522	CAMTA1	1138	DRRAISIPDSL		psite	514
ENSP00000251973	CARD10	638	VRRVLSGPGSA		psite	621
ENSP00000265846	ADAP1	87	RARFESKVPSF	PRKCA;PRKCE	hprd;psite	619
ENSP00000265846	ADAP1	276	RKRWFTMDDRR	PRKCA;PRKCE	hprd;psite	619
ENSP00000003084	CFTR	291	ENLRQTELKLT		hprd;psite	630
ENSP00000003084	CFTR	422	NNRKTSNGDDS		psite	630
ENSP00000003084	CFTR	660	AERRNSILTET	PRKACA;PRKCA;PRKG1	hprd;pelm;psite	630
ENSP00000003084	CFTR	700	EKRKNSILNPI	PRKACA	hprd;pelm;psite	630
ENSP00000003084	CFTR	712	SIRKFSIVQKT	PRKACA	pelm;psite	630
ENSP00000003084	CFTR	737	LERRLSLVPDS	LMTK2;PRKAA1;PRKACA;PRKCA	hprd;pelm;psite	630
ENSP00000003084	CFTR	753	ILPRISVISTG	PRKACA	pelm;psite	630
ENSP00000003084	CFTR	768	ARRRQSVLNLM	PRKAA1;PRKACA	hprd;pelm;psite	630
ENSP00000003084	CFTR	795	STRKVSLAPQA	PRKACA;PRKCA	hprd;pelm;psite	630
ENSP00000003084	CFTR	813	YSRRLSQETGL	PRKACA;PRKCA	hprd;pelm;psite	630
ENSP00000337103	CHAT	473	LIRADSVSELP		psite	619
ENSP00000249923	COPB1	933	RIRAKSQGMAL		psite	708
ENSP00000329419	COPB2	20	SDRVKSVDLHP		psite	946
ENSP00000329419	COPB2	848	QPSRSTAQQEL		psite	946
ENSP00000387699	CREB1	98	LKRLFSGTQIS	PRKD1	psite	412
ENSP00000387699	CREB1	133	LSRRPSYRKIL	ATM;CAMK4;CAMKK1;DYRK3;MAP3K8;MAPKAPK2;PRKACA;PRKCE;PRKD1;RPS6KA1;RPS6KA2;RPS6KA3;RPS6KA4;RPS6KA5;SGK1;TSSK4	hprd;pelm;psite	412
ENSP00000300574	CRK	40	FLVRDSSTSPG		hprd;psite	904
ENSP00000300574	CRK	41	LVRDSSTSPGD		hprd;psite	904
ENSP00000300574	CRK	125	RSRQGSGVILR		hprd;psite	904
ENSP00000300574	CRK	194	KYRPASASVSA		hprd;psite	904
ENSP00000282561	GJA1	296	GDRNNSSCRNY		psite	665
ENSP00000282561	GJA1	364	VDQRPSSRASS		psite	665
ENSP00000282561	GJA1	365	DQRPSSRASSR		hprd;psite	665
ENSP00000282561	GJA1	368	PSSRASSRASS	PRKCA;PRKCE	hprd;pelm;psite	665
ENSP00000282561	GJA1	369	SSRASSRASSR		hprd;psite	665
ENSP00000282561	GJA1	372	ASSRASSRPRP		psite	665
ENSP00000282561	GJA1	373	SSRASSRPRPD		hprd;psite	665
ENSP00000234961	OPRD1	358	ARERVTACTPS	ADRBK1	hprd;pelm;psite	667
ENSP00000364028	ECE1	25	TYKRATLDEED		psite	528
ENSP00000357656	FYN	21	EERDGSLNQSS	PRKACA	hprd;pelm;psite	660
ENSP00000275364	GNA12	40	EARRRSRDIDA		psite	625
ENSP00000400717	GNA13	43	LSREKTYVKRL		hprd;psite	625
ENSP00000400717	GNA13	203	LARRPTKGIHE	PRKACA	hprd;pelm;psite	625
ENSP00000350928	GAD1	91	ARFRRTETDFS	PRKACA;PRKCE	hprd;psite	644
ENSP00000330836	GLRX3	117	VQRHASSGSFL		psite	621
ENSP00000325875	HSP90AB1	58	KIRYESLTDPS		psite	629
ENSP00000325875	HSP90AB1	452	NRRRLSELLRY	AURKB	hprd;psite	629
ENSP00000325875	HSP90AB1	459	LLRYHTSQSGD		psite	629
ENSP00000325875	HSP90AB1	615	ALRDNSTMGYM		psite	629
ENSP00000359424	CHUK	23	RERLGTGGFGN	AKT1;AKT2	hprd;pelm;psite	900
ENSP00000358622	IKBKG	136	DAIRQSNQILR	IKBKB	psite	961
ENSP00000304895	IRS1	268	EFRPRSKSQSS	IKBKB	hprd;pelm;psite	863
ENSP00000304895	IRS1	270	RPRSKSQSSSN	ATR;IKBKB;RPS6KB1	hprd;pelm;psite	863
ENSP00000304895	IRS1	303	GLTRRSRTESI		psite	863
ENSP00000304895	IRS1	305	TRRSRTESITA		psite	863
ENSP00000304895	IRS1	307	RSRTESITATS	IKBKB;PRKCD;RPS6KB1	hprd;pelm;psite	863
ENSP00000304895	IRS1	329	FRVRASSDGEG		psite	863
ENSP00000304895	IRS1	330	RVRASSDGEGT	CSNK2B	hprd;psite	863
ENSP00000304895	IRS1	341	MSRPASVDGSP	IKBKB	hprd;pelm;psite	863
ENSP00000304895	IRS1	362	HRHRGSARLHP		psite	863
ENSP00000304895	IRS1	441	CDFRSSFRSVT	PRKCB;PRKCD;PRKCZ	psite	863
ENSP00000304895	IRS1	527	RKRTHSAGTSP	IKBKB;RPS6KB1	hprd;pelm;psite	863
ENSP00000304895	IRS1	574	PGHRHSAFVPT	PRKCD	hprd;pelm;psite	863
ENSP00000304895	IRS1	603	HHRPDSSTLHT		psite	863
ENSP00000304895	IRS1	629	SGRKGSGDYMP	AKT1	hprd;pelm;psite	863
ENSP00000304895	IRS1	1100	CRRRHSSETFS		hprd;psite	863
ENSP00000304895	IRS1	1101	RRRHSSETFSS	PRKCQ;RPS6KA1;RPS6KB1	hprd;pelm;psite	863
ENSP00000304895	IRS1	1142	DVKRHSSASFE		psite	863
ENSP00000304895	IRS1	1143	VKRHSSASFEN		hprd;psite	863
ENSP00000304895	IRS1	1222	SSTRRSSEDLS		pelm;psite	863
ENSP00000304895	IRS1	1223	STRRSSEDLSA		hprd;pelm;psite	863
ENSP00000365016	IRS2	304	EFRPRSKSQSS		pelm;psite	902
ENSP00000365016	IRS2	306	RPRSKSQSSGS		hprd;pelm;psite	902
ENSP00000365016	IRS2	342	GLVRRSRTDSL		hprd;psite	902
ENSP00000365016	IRS2	344	VRRSRTDSLAA		psite	902
ENSP00000365016	IRS2	346	RSRTDSLAATP		hprd;pelm;psite	902
ENSP00000365016	IRS2	363	SCRVRTASEGD		hprd;pelm;psite	902
ENSP00000365016	IRS2	365	RVRTASEGDGG		hprd;pelm;psite	902
ENSP00000365016	IRS2	384	GARPVSVAGSP		hprd;pelm;psite	902
ENSP00000365016	IRS2	404	LSRSHTLSGGC		psite	902
ENSP00000365016	IRS2	550	MDRPLSHCGRS		hprd;pelm;psite	902
ENSP00000365016	IRS2	560	SYRRVSGDAAQ		hprd;pelm;psite	902
ENSP00000365016	IRS2	575	GLRKRTYSLTT		psite	902
ENSP00000365016	IRS2	577	RKRTYSLTTPA		hprd;pelm;psite	902
ENSP00000365016	IRS2	604	TLMRATFSGSA		hprd;psite	902
ENSP00000365016	IRS2	894	RPTRLSLEGLP		hprd;pelm;psite	902
ENSP00000365016	IRS2	1109	GVKRLSLMEQV		hprd;pelm;psite	902
ENSP00000365016	IRS2	1148	GRRRHSSETFS		hprd;pelm;psite	902
ENSP00000365016	IRS2	1149	RRRHSSETFSS		hprd;pelm;psite	902
ENSP00000365016	IRS2	1174	PKRHNSASVEN		hprd;pelm;psite	902
ENSP00000365016	IRS2	1186	SLRKSSEGGVG		hprd;psite	902
ENSP00000296181	ITGB5	61	SPRSITSRCDL		psite	523
ENSP00000391676	JAK3	17	PQRSCSLLSTE		psite	899
ENSP00000252244	KRT1	31	NYQRRTTSSST		psite	696
ENSP00000252244	KRT1	394	DSVRNSKIEIS		hprd;psite	696
ENSP00000373487	KRT18	8	FTTRSTFSTNY		hprd;psite	846
ENSP00000373487	KRT18	30	GARPVSSAASV		hprd;pelm;psite	846
ENSP00000373487	KRT18	47	SGSRISVSRST		hprd;psite	846
ENSP00000373487	KRT18	52	SVSRSTSFRGG		hprd;psite	846
ENSP00000373487	KRT18	53	VSRSTSFRGGM	CAMK1;MAPKAPK2;PRKCA;PRKCE;RPS6KB2	hprd;pelm;psite	846
ENSP00000373487	KRT18	93	NDRLASYLDRV		psite	846
ENSP00000373487	KRT18	100	LDRVRSLETEN		hprd;psite	846
ENSP00000373487	KRT18	110	NRRLESKIREH		psite	846
ENSP00000373487	KRT18	127	QVRDWSHYFKI		hprd;psite	846
ENSP00000373487	KRT18	177	LAMRQSVENDI		hprd;psite	846
ENSP00000373487	KRT18	302	TELRRTVQSLE		hprd;psite	846
ENSP00000293308	KRT8	21	GPRAFSSRSYT		hprd;pelm;psite	733
ENSP00000293308	KRT8	26	SSRSYTSGPGS		hprd;psite	733
ENSP00000293308	KRT8	34	PGSRISSSSFS		hprd;pelm;psite	733
ENSP00000293308	KRT8	35	GSRISSSSFSR		hprd;pelm;psite	733
ENSP00000293308	KRT8	43	FSRVGSSNFRG		hprd;pelm;psite	733
ENSP00000293308	KRT8	303	DDLRRTKTEIS		psite	733
ENSP00000293308	KRT8	305	LRRTKTEISEM		psite	733
ENSP00000293308	KRT8	315	MNRNISRLQAE		hprd;psite	733
ENSP00000293308	KRT8	330	KGQRASLEAAI		hprd;pelm;psite	733
ENSP00000293308	KRT8	404	ESRLESGMQNM		psite	733
ENSP00000293308	KRT8	456	SFSRTSSSRAV		hprd;psite	733
ENSP00000293308	KRT8	457	FSRTSSSRAVV		psite	733
ENSP00000337825	LCK	42	LIRNGSEVRDP	MAPK1;MAPK3;PRKACA;PRKCA	hprd;pelm;psite	911
ENSP00000337825	LCK	210	LVRHYTNASDG		psite	911
ENSP00000355296	LDB3	267	EWARRSSNLQS		psite	446
ENSP00000355296	LDB3	268	WARRSSNLQSR		psite	446
ENSP00000321746	PDLIM5	208	VPRQPTVTSVC		psite	733
ENSP00000321746	PDLIM5	228	GQRRGSQGDSK		hprd;psite	733
ENSP00000321746	PDLIM5	248	IVERYTEFYHV		psite	733
ENSP00000357624	MARCKS	159	KKKRFSFKKSF	PRKCA;ROCK1	hprd;pelm;psite	847
ENSP00000245503	MYH2	1134	EAERASRAKAE		psite	632
ENSP00000245503	MYH2	1288	RGRLQTESGEF		psite	632
ENSP00000245503	MYH2	1368	LQRALSKANTE		psite	632
ENSP00000216181	MYH9	1269	GERVRTELADK		psite	741
ENSP00000216181	MYH9	1915	MNREVSSLKNK		psite	741
ENSP00000360616	GRIN1	896	FKRRRSSKDTS		hprd;pelm;psite	416
ENSP00000360616	GRIN1	897	KRRRSSKDTST		hprd;pelm;psite	416
ENSP00000347169	NUMB	194	FTREGSFRVTT		psite	732
ENSP00000347169	NUMB	276	LARQGSFRGFP		hprd;pelm;psite	732
ENSP00000347169	NUMB	295	FKRQLSLRINE	PRKCZ	hprd;pelm;psite	732
ENSP00000347169	NUMB	438	HRRTPSEADRW		hprd;pelm;psite	732
ENSP00000347169	NUMB	561	LVRQQTFPHYE		psite	732
ENSP00000162330	BCAR1	326	LLREETYDVPP		hprd;psite	904
ENSP00000162330	BCAR1	428	EGKRLSASSTG		hprd;psite	904
ENSP00000308413	RPS6KB2	416	PRRLNSSPRAP		psite	634
ENSP00000314067	PAK2	19	PPVRMSSTIFS	PAK2	hprd;psite	899
ENSP00000314067	PAK2	20	PVRMSSTIFST	PAK2;PRKAA2	hprd;psite	899
ENSP00000314067	PAK2	402	QSKRSTMVGTP	PAK2	hprd;psite	899
ENSP00000351049	PAK4	99	VTRSNSLRRDS	PAK4	hprd;pelm;psite	899
ENSP00000351049	PAK4	167	SSREGSGGPQE	PAK4	hprd;pelm;psite	899
ENSP00000351049	PAK4	181	DKRPLSGPDVG		hprd;pelm;psite	899
ENSP00000351049	PAK4	474	VPRRKSLVGTP	PAK4	hprd;pelm;psite	899
ENSP00000344220	PDPK1	241	QARANSFVGTA	PDK1;PDPK1	hprd;pelm;psite	940
ENSP00000344220	PDPK1	410	PQRSGSNIEQY	PDK1;PDPK1	hprd;pelm;psite	940
ENSP00000331602	PRKCD	43	TERGKTLVQKK		hprd;psite	904
ENSP00000331602	PRKCD	218	ANSRDTIFQKE	PRKCD	psite	904
ENSP00000331602	PRKCD	299	VTQRASRRSDS	PRKCD	hprd;pelm;psite	904
ENSP00000331602	PRKCD	302	RASRRSDSASS	PRKCD	hprd;pelm;psite	904
ENSP00000331602	PRKCD	304	SRRSDSASSEP	PRKCD	hprd;pelm;psite	904
ENSP00000331602	PRKCD	451	ELYRATFYAAE		psite	904
ENSP00000331602	PRKCD	506	GESRASTFCGT		hprd;psite	904
ENSP00000331602	PRKCD	507	ESRASTFCGTP	PDK1;PDPK1	hprd;pelm;psite	904
ENSP00000331602	PRKCD	645	EKARLSYSDKN	PRKCD	hprd;pelm;psite	904
ENSP00000329127	PRKCH	28	QPTRWSLRHSL	PRKCH	psite	901
ENSP00000329127	PRKCH	32	WSLRHSLFKKG	PRKCH	psite	901
ENSP00000329127	PRKCH	183	YLRQPTYCSHC		psite	901
ENSP00000329127	PRKCH	675	EFRNFSYVSPE		psite	901
ENSP00000263125	PRKCQ	219	INSRETMFHKE	PRKCQ	hprd;pelm;psite	902
ENSP00000263125	PRKCQ	307	RCLRDTEQIFR		psite	902
ENSP00000263125	PRKCQ	370	NKERPSLQIKL		psite	902
ENSP00000263125	PRKCQ	676	EKPRLSFADRA		hprd;pelm;psite	902
ENSP00000263125	PRKCQ	695	MFRNFSFMNPG		hprd;pelm;psite	902
ENSP00000333568	PRKD1	205	RRRRLSNVSLT	PKD1;PRKD1	hprd;pelm;psite	947
ENSP00000333568	PRKD1	219	TIRTSSAELST		pelm;psite	947
ENSP00000333568	PRKD1	249	EKRSNSQSYIG		hprd;pelm;psite	947
ENSP00000333568	PRKD1	421	TKRKSSTVMKE		psite	947
ENSP00000333568	PRKD1	448	YWRLDSKCITL		psite	947
ENSP00000333568	PRKD1	742	KSFRRSVVGTP	PRKCA;PRKCD;PRKCE;PRKCH;PRKD1;PRKD3	hprd;pelm;psite	947
ENSP00000244007	PLCG1	981	CYRDMSSFPET		psite	906
ENSP00000244007	PLCG1	1234	LRERGSDASGQ		hprd;pelm;psite	906
ENSP00000244007	PLCG1	1249	RAREGSFESRY	AKT1;PRKACA;PRKCA;PRKD1	hprd;pelm;psite	906
ENSP00000244007	PLCG1	1264	EDFRISQEHLA		hprd;pelm;psite	906
ENSP00000352336	PLCG2	160	QTRRNSISLRE		psite	899
ENSP00000352336	PLCG2	677	RKREGSDSYAI		psite	899
ENSP00000352336	PLCG2	1259	REKRVSNSKFY		psite	899
ENSP00000301242	PPP1R14A	12	GKRVLSKLQSP	DAPK3	pelm;psite	637
ENSP00000301242	PPP1R14A	38	RHARVTVKYDR	DAPK3;ILK;PKD1;PRKACA;PRKCA;PRKCD;PRKCE;PRKCZ;PRKD1;PRKG1;ROCK2	hprd;pelm;psite	637
ENSP00000332816	PTK2B	375	GEKRNSLPQIP	PTK2B	hprd;pelm;psite	923
ENSP00000332816	PTK2B	778	VFKRHSMREED	PTK2B	hprd;psite	923
ENSP00000251849	RAF1	43	YQRRASDDGKL	PRKACA;PRKCA	hprd;pelm;psite	932
ENSP00000251849	RAF1	220	RRMRESVSRMP		psite	932
ENSP00000251849	RAF1	233	SQHRYSTPHAF	PRKACA	hprd;pelm;psite	932
ENSP00000251849	RAF1	257	SQRQRSTSTPN		hprd;pelm;psite	932
ENSP00000251849	RAF1	258	QRQRSTSTPNV		hprd;pelm;psite	932
ENSP00000251849	RAF1	259	RQRSTSTPNVH	AKT1;PRKACA;RAF1	hprd;pelm;psite	932
ENSP00000251849	RAF1	285	AIRSHSESASP		psite	932
ENSP00000251849	RAF1	338	RGQRDSSYYWE	MAP2K1;PAK1;PAK3;RAF1	hprd;pelm;psite	932
ENSP00000251849	RAF1	339	GQRDSSYYWEI	PAK1	hprd;pelm;psite	932
ENSP00000251849	RAF1	357	STRIGSGSFGT		psite	932
ENSP00000251849	RAF1	497	VKSRWSGSQQV		psite	932
ENSP00000251849	RAF1	621	INRSASEPSLH	PRKACA;RAF1	hprd;pelm;psite	932
ENSP00000384192	RASGRP3	133	WMRRVTQRKKV	PRKCD;PRKCQ	hprd;pelm;psite	619
ENSP00000372191	SIRT3	391	LVQRETGKLDG		psite	400
ENSP00000354966	SLC9A8	544	FTRRLTQEDLH		psite	461
ENSP00000350941	SRC	17	SQRRRSLEPAE	PRKACA	hprd;pelm;psite	965
ENSP00000350941	SRC	51	GHRGPSAAFAP		psite	965
ENSP00000350941	SRC	269	EIPRESLRLEV		psite	965
ENSP00000264657	STAT3	691	YCRPESQEHPE		hprd;pelm;psite	443
ENSP00000286827	TIAM1	26	LGRKHTSRSLR		psite	959
ENSP00000286827	TIAM1	33	RSLRLSHKTRR		psite	959
ENSP00000286827	TIAM1	231	CQRANSLGDLY		hprd;psite	959
ENSP00000286827	TIAM1	294	LPCRKSHCLSE		psite	959
ENSP00000286827	TIAM1	319	GRRAKTTQDVN		psite	959
ENSP00000286827	TIAM1	695	RSRFSSLWGLD		psite	959
ENSP00000286827	TIAM1	1321	GSHRLSIYEDW		psite	959
ENSP00000364336	TBXA2R	239	QRPRDSEVEMM	ADRBK1;ADRBK2	psite	899
ENSP00000364336	TBXA2R	324	LQPRLSTRPRS	PRKCA	psite	899
ENSP00000364336	TBXA2R	329	STRPRSLSLQP	PRKACA;PRKCA	hprd;psite	899
ENSP00000364336	TBXA2R	331	RPRSLSLQPQL	PRKCA	hprd;psite	899
ENSP00000219473	USP10	76	LPRTPSYSISS		psite	459
ENSP00000219473	USP10	263	EAGRDTLSRTA		psite	459
ENSP00000360916	VAV2	778	SASRASSRSPA		psite	629
ENSP00000360916	VAV2	779	ASRASSRSPAS		pelm;psite	629
ENSP00000265333	VDAC1	165	AKSRVTQSNFA		psite	936
ENSP00000224237	VIM	25	TASRPSSSRSY	PRKCA	hprd;pelm;psite	441
ENSP00000224237	VIM	26	ASRPSSSRSYV	PRKCA	hprd;pelm;psite	441
ENSP00000224237	VIM	39	STRTYSLGSAL	AKT1;MAPKAPK2;PRKACA;PRKCA	hprd;pelm;psite	441
ENSP00000224237	VIM	47	SALRPSTSRSL	PRKACA	hprd;pelm;psite	441
ENSP00000224237	VIM	48	ALRPSTSRSLY		hprd;pelm;psite	441
ENSP00000224237	VIM	66	YATRSSAVRLR	PAK2	hprd;pelm;psite	441
ENSP00000224237	VIM	72	AVRLRSSVPGV	PRKACA;ROCK1	hprd;pelm;psite	441
ENSP00000224237	VIM	73	VRLRSSVPGVR	AURKB;PAK2;PRKACA	hprd;pelm;psite	441
ENSP00000224237	VIM	412	EESRISLPLPN		hprd;pelm;psite	441
ENSP00000224237	VIM	426	LNLRETNLDSL		hprd;pelm;psite	441
ENSP00000281537	TJP1	151	VVNRRSEKIWP		psite	865
ENSP00000281537	TJP1	160	WPRDRSASRER		psite	865
ENSP00000281537	TJP1	162	RDRSASRERSL		psite	865
ENSP00000281537	TJP1	166	ASRERSLSPRS		hprd;pelm;psite	865
ENSP00000281537	TJP1	175	RSDRRSVASSQ		hprd;psite	865
ENSP00000281537	TJP1	313	PRRSRSRSPDQ		psite	865
ENSP00000281537	TJP1	347	DEERISKPGAV		psite	865
ENSP00000281537	TJP1	617	RNLRKSREDLS		hprd;pelm;psite	865
ENSP00000281537	TJP1	648	FLRPVTIFGPI		psite	865
ENSP00000281537	TJP1	821	HDDRLSYLSAP		psite	865
ENSP00000281537	TJP1	978	SLRTPSTEAAH		psite	865
ENSP00000281537	TJP1	1366	YFDRRSFENKP		hprd;pelm;psite	865
ENSP00000300161	YWHAB	132	YFRYLSEVASG	PRKCZ	hprd;pelm	606
ENSP00000365016	IRS2	1185	VSLRKSSEGGV		hprd;pelm	902
ENSP00000273063	SLC4A3	67	PSRSYSERDFE	PRKCE	hprd;pelm	621
ENSP00000297323	ADCY1	53	LFRGYTLRLEQ		hprd	899
ENSP00000357656	FYN	512	PEERPTFEYLQ		hprd	660
ENSP00000286827	TIAM1	1542	ERGRKTLDSHA		hprd	959
ENSP00000281537	TJP1	885	PVREDSSGMHH		hprd	865
ENSP00000281537	TJP1	840	TDSRHTSDYED		hprd	865
ENSP00000281537	TJP1	841	DSRHTSDYEDT		hprd	865
ENSP00000332816	PTK2B	389	LEARRSHLSES		hprd	923
ENSP00000361202	IRS4	1231	PEREDSDNDDD		hprd	840
ENSP00000361202	IRS4	66	GSRSDSESEEE		hprd	840
ENSP00000348573	AKAP9	255	TLRNSTHSSTA		hprd	621
ENSP00000344220	PDPK1	33	MVRTQTESSTP	PDPK1	hprd	940
ENSP00000321746	PDLIM5	377	STGRISNSATY		hprd	733
ENSP00000372191	SIRT3	103	GRRSISFSVGA		hprd	400
ENSP00000372191	SIRT3	101	KGGRRSISFSV		hprd	400
ENSP00000263119	CABIN1	1795	PESRPTELSLE		hprd	902
