name	PRKCI
id	ENSP00000295797
type	Serine/threonine kinase
proline+1_removed	Yes
npartners	110
npartners_with_sites	95
nsites	244
//
motif	score	fg_matches	fg_size	bg_matches	bg_size	fold_increase
..RR.[ST].....	313.92	18	794	18	9383	11.82
..R..[ST].....	307.65	102	776	465	9365	2.65
...R.[ST].....	7.32	59	610	381	8477	2.15
.....[ST].D...	6.72	64	674	423	8900	2
//
prot_id	prot_name	position	flank	kinase	source	string_score
ENSP00000248975	YWHAH	59	GARRSSWRVIS		pelm;psite	646
ENSP00000309503	YWHAZ	58	GARRSSWRVVS	AKT1;MAPKAPK2;PRKACA	hprd;pelm;psite	827
ENSP00000309503	YWHAZ	63	SWRVVSSIEQK		psite	827
ENSP00000309503	YWHAZ	229	NLTLWTSDTQG		psite	827
ENSP00000257497	ANXA1	45	PTFNPSSDVAA		psite	621
ENSP00000257497	ANXA1	169	LAKDITSDTSG		psite	621
ENSP00000257497	ANXA1	173	ITSDTSGDFRN		psite	621
ENSP00000257497	ANXA1	216	ERRKGTDVNVF	PRKACA	hprd;pelm;psite	621
ENSP00000309103	BAD	74	IRSRHSSYPAG	PAK1	hprd;psite	621
ENSP00000309103	BAD	75	RSRHSSYPAGT	ARAF;BRAF;PAK1;PIM3;PRKACA;PRKCE;PRKCI;PRKCQ;PRKD1;RAF1;RPS6KA1;RPS6KA3	hprd;pelm;psite	621
ENSP00000309103	BAD	80	SYPAGTEDDEG		psite	621
ENSP00000309103	BAD	97	PFRGRSRSAPP		psite	621
ENSP00000309103	BAD	99	RGRSRSAPPNL	AKT1;ARAF;BRAF;PAK1;PRKACA;PRKCE;PRKCI;PRKCQ;PRKD1;RAF1;RPS6KA3	hprd;pelm;psite	621
ENSP00000309103	BAD	118	ELRRMSDEFVD	ARAF;BRAF;PAK1;PRKACA;PRKCE;PRKCI;PRKD1;RAF1;RPS6KA1	hprd;pelm;psite	621
ENSP00000309103	BAD	134	LPRPKSAGTAT		hprd;psite	621
ENSP00000222005	CDC37	13	DHIEVSDDEDE	CSNK2A1;CSNK2A2	hprd;pelm;psite	547
ENSP00000222005	CDC37	120	NVDTLSKDGFS		psite	547
ENSP00000222005	CDC37	370	EAVPKTGDEKD		psite	547
ENSP00000256443	CDK7	170	PNRAYTHQVVT	CDK1;CDK2;CDK7	hprd;pelm;psite	627
ENSP00000256443	CDK7	332	IKRKRTEALEQ		psite	627
ENSP00000265846	ADAP1	87	RARFESKVPSF	PRKCA;PRKCE	hprd;psite	619
ENSP00000265846	ADAP1	276	RKRWFTMDDRR	PRKCA;PRKCE	hprd;psite	619
ENSP00000304669	CTNNA1	645	DSDFETEDFDV		hprd;psite	899
ENSP00000304669	CTNNA1	654	DVRSRTSVQTE		hprd;pelm;psite	899
ENSP00000304669	CTNNA1	655	VRSRTSVQTED		hprd;pelm;psite	899
ENSP00000304669	CTNNA1	658	RTSVQTEDDQL		hprd;pelm;psite	899
ENSP00000304669	CTNNA1	886	KIKRASQKKHV		psite	899
ENSP00000344456	CTNNB1	102	AMFPETLDEGM	CSNK2A1;CSNK2A2	hprd;pelm;psite	899
ENSP00000344456	CTNNB1	332	IMRTYTYEKLL	CAMK2A	psite	899
ENSP00000344456	CTNNB1	472	ALRHLTSRHQE	CAMK2A	psite	899
ENSP00000344456	CTNNB1	551	DTQRRTSMGGT		hprd;pelm;psite	899
ENSP00000344456	CTNNB1	552	TQRRTSMGGTQ	AKT1;AKT2;CAMK2A;PRKACA	hprd;pelm;psite	899
ENSP00000344456	CTNNB1	675	YKKRLSVELTS	PAK4;PRKACA	hprd;pelm;psite	899
ENSP00000354158	ERC1	35	LGHRRTNSTGG		hprd;psite	901
ENSP00000354158	ERC1	37	HRRTNSTGGSS		psite	901
ENSP00000353741	ETF1	70	RVNRLSVLGAI		psite	657
ENSP00000353741	ETF1	215	VQLFISGDKVN		hprd;psite	657
ENSP00000299293	FRS2	137	TPRTPTTPGFA		psite	619
ENSP00000299293	FRS2	155	YPRYPSFGDAS		psite	619
ENSP00000299293	FRS2	169	SSRHPSVGSAR		psite	619
ENSP00000299293	FRS2	177	SARLPSVGEES		psite	619
ENSP00000299293	FRS2	211	RKNRTSVHVPL		psite	619
ENSP00000299293	FRS2	221	LEARVSNAESS		hprd;psite	619
ENSP00000299293	FRS2	326	RRGRLTSTSTS		psite	619
ENSP00000299293	FRS2	327	RGRLTSTSTSD		psite	619
ENSP00000299293	FRS2	344	SAQRRTALLNY		psite	619
ENSP00000299293	FRS2	365	EARKLSRDEDD		psite	619
ENSP00000299293	FRS2	468	TPTRRTELYAV		hprd;psite	619
ENSP00000299293	FRS2	503	KTRHNSTDLPM		psite	619
ENSP00000229239	GAPDH	83	QERDPSKIKWG		hprd;pelm;psite	621
ENSP00000229239	GAPDH	187	TATQKTVDGPS		psite	621
ENSP00000229239	GAPDH	237	AFRVPTANVSV	AKT2	psite	621
ENSP00000320935	SLC2A4	274	RERPLSLLQLL	SGK1	pelm;psite	899
ENSP00000263915	GRB14	372	PMRSISENSLV		hprd;psite	907
ENSP00000335153	HSP90AA1	174	ELISNSSDALD		psite	556
ENSP00000335153	HSP90AA1	185	KIRYESLTDPS		psite	556
ENSP00000335153	HSP90AA1	212	QDRTLTIVDTG	PRKACA	hprd;psite	556
ENSP00000335153	HSP90AA1	353	RDKEVSDDEAE	CSNK2A1	hprd;pelm;psite	556
ENSP00000335153	HSP90AA1	374	KEEKESEDKPE		hprd;pelm;psite	556
ENSP00000335153	HSP90AA1	439	FYKSLTNDWED		psite	556
ENSP00000335153	HSP90AA1	513	RGVVDSEDLPL	PNCK	psite	556
ENSP00000335153	HSP90AA1	745	ALRDNSTMGYM		psite	556
ENSP00000216797	NFKBIA	32	DDRHDSGLDSM	CHUK;CSNK2A1;IKBKB;IKBKE;RPS6KA1;RPS6KA3;SGK1	hprd;pelm;psite	619
ENSP00000216797	NFKBIA	283	QMLPESEDEES	CSNK2A1	hprd;pelm;psite	619
ENSP00000216797	NFKBIA	288	SEDEESYDTES	CSNK2A1	hprd;pelm;psite	619
ENSP00000216797	NFKBIA	299	EFTEFTEDELP	CSNK2A1	psite	619
ENSP00000359424	CHUK	23	RERLGTGGFGN	AKT1;AKT2	hprd;pelm;psite	985
ENSP00000358622	IKBKG	136	DAIRQSNQILR	IKBKB	psite	916
ENSP00000303830	INSR	361	ELRGCTVINGS		psite	904
ENSP00000303830	INSR	400	LKIRRSYALVS		hprd;pelm;psite	904
ENSP00000303830	INSR	1216	GVFTTSSDMWS		psite	904
ENSP00000303830	INSR	1333	PLDRSSHCQRE		pelm;psite	904
ENSP00000303830	INSR	1375	NGRILTLPRSN	PRKCA	hprd;pelm;psite	904
ENSP00000358997	IRAK1	209	EISRGTHNFSE	IRAK1	pelm;psite	959
ENSP00000358997	IRAK1	387	QTVRGTLAYLP	IRAK1;IRAK4	hprd;pelm;psite	959
ENSP00000358997	IRAK1	556	TGRAHSGAAPW		psite	959
ENSP00000231368	LNPEP	51	YEPRGSRLLVR		psite	901
ENSP00000231368	LNPEP	91	SGLRNSATGYR		psite	901
ENSP00000231368	LNPEP	666	EGRNYSKYQSV		psite	901
ENSP00000352138	KIRREL	639	DGRPSSRLSHS		psite	899
ENSP00000352138	KIRREL	642	PSSRLSHSSGY		psite	899
ENSP00000352138	KIRREL	737	TATRFSYTSQH		psite	899
ENSP00000321537	LLGL1	510	CFDPYSDDPRL		psite	957
ENSP00000321537	LLGL1	655	LSRVKSLKKSL		psite	957
ENSP00000321537	LLGL1	663	KSLRQSFRRIR		psite	957
ENSP00000376333	LLGL2	645	LSRVKSLKKSL		psite	992
ENSP00000376333	LLGL2	653	KSLRQSFRRMR		psite	992
ENSP00000376333	LLGL2	961	SRARNSGTQSD		psite	992
ENSP00000300843	MARK4	26	LGSGRSSDKGP	MARK4	hprd;pelm;psite	548
ENSP00000300843	MARK4	391	RVRAPSDTTNG		psite	548
ENSP00000300843	MARK4	423	RQRRHSDFCGP		psite	548
ENSP00000300843	MARK4	440	PKRSPTSTGEA		psite	548
ENSP00000300843	MARK4	511	MTRRNTYVCTE		psite	548
ENSP00000300843	MARK4	563	RLARGSTIRST		psite	548
ENSP00000300843	MARK4	564	LARGSTIRSTF		psite	548
ENSP00000300843	MARK4	568	STIRSTFHGGQ		psite	548
ENSP00000348273	MBP	26	TNRGESEKKRN		psite	846
ENSP00000348273	MBP	39	ELSRTTSEDNE		psite	846
ENSP00000348273	MBP	40	LSRTTSEDNEV		psite	846
ENSP00000348273	MBP	96	LIRLFSRDAPG		hprd;pelm;psite	846
ENSP00000348273	MBP	141	SQKRPSQRHGS	PRKCA	hprd;psite	846
ENSP00000348273	MBP	146	SQRHGSKYLAT	PRKCA	hprd;psite	846
ENSP00000348273	MBP	154	LATASTMDHAR		psite	846
ENSP00000348273	MBP	169	PRHRDTGILDS	PRKACA	hprd;psite	846
ENSP00000348273	MBP	249	SLSRFSWGAEG	PRKCA	hprd;psite	846
ENSP00000348273	MBP	266	YGGRASDYKSA	PRKCA	hprd;psite	846
ENSP00000302486	MAP2K1	298	PGRPLSSYGMD	PAK1	hprd;pelm;psite	620
ENSP00000226574	NFKB1	338	QLRRKSDLETS	PRKACA	hprd;pelm;psite	900
ENSP00000226574	NFKB1	450	EGCDKSDDKNT		psite	900
ENSP00000226574	NFKB1	938	SFRKLSFTESL		psite	900
ENSP00000384273	RELA	276	QLRRPSDRELS	PIM1;PRKACA;RPS6KA4;RPS6KA5	hprd;pelm;psite	899
ENSP00000384273	RELA	281	SDRELSEPMEF		psite	899
ENSP00000384273	RELA	468	FTDLASVDNSE	GSK3B;IKBKB;IKBKE	pelm;psite	899
ENSP00000384273	RELA	505	ITRLVTGAQRP		pelm;psite	899
ENSP00000384273	RELA	529	PNGLLSGDEDF	CSNK2A1	pelm;psite	899
ENSP00000172229	NGFR	277	FKRWNSCKQNK	PRKCG	psite	899
ENSP00000368190	NPHS1	1125	TGERDTQSSTV	PRKCA	psite	899
ENSP00000347169	NUMB	91	AVLWVSADGLR		psite	958
ENSP00000347169	NUMB	102	VVDEKTKDLIV	AAK1	pelm;psite	958
ENSP00000347169	NUMB	194	FTREGSFRVTT		psite	958
ENSP00000347169	NUMB	246	SPTSPTSDATT		psite	958
ENSP00000347169	NUMB	276	LARQGSFRGFP		hprd;pelm;psite	958
ENSP00000347169	NUMB	295	FKRQLSLRINE	PRKCZ	hprd;pelm;psite	958
ENSP00000347169	NUMB	438	HRRTPSEADRW		hprd;pelm;psite	958
ENSP00000347169	NUMB	561	LVRQQTFPHYE		psite	958
ENSP00000252891	NUMBL	48	NKLRQSLRRRK		psite	615
ENSP00000252891	NUMBL	224	FAREGSFRLSG		psite	615
ENSP00000252891	NUMBL	228	GSFRLSGGGRP		psite	615
ENSP00000252891	NUMBL	305	LVRQGSFRGFP		pelm;psite	615
ENSP00000252891	NUMBL	324	FKRQLSLRLNE		pelm;psite	615
ENSP00000252891	NUMBL	411	HKRTPSEAERW		hprd;pelm;psite	615
ENSP00000363921	PARD3	143	LHVRRSSDPAL		hprd;pelm;psite	989
ENSP00000363921	PARD3	144	HVRRSSDPALI	MARK2	hprd;pelm;psite	989
ENSP00000363921	PARD3	174	NPTRWSTTAGF		hprd;psite	989
ENSP00000363921	PARD3	175	PTRWSTTAGFL		hprd;psite	989
ENSP00000363921	PARD3	221	DNARSSLSASH		psite	989
ENSP00000363921	PARD3	481	TSRDVTIGGSA		psite	989
ENSP00000363921	PARD3	534	SLLRSTKMEGT		hprd;psite	989
ENSP00000363921	PARD3	665	ETLRRSMSTEG		psite	989
ENSP00000363921	PARD3	667	LRRSMSTEGNK		psite	989
ENSP00000363921	PARD3	715	RERRISHSLYS		hprd;pelm;psite	989
ENSP00000363921	PARD3	827	GFGRQSMSEKR		psite	989
ENSP00000363921	PARD3	850	VKTRKSKSMDL		psite	989
ENSP00000363921	PARD3	852	TRKSKSMDLGI		hprd;pelm;psite	989
ENSP00000363921	PARD3	875	KAGSPSRDVGP		hprd;psite	989
ENSP00000363921	PARD3	962	RSGRESVSTAS	AURKA;AURKB	psite	989
ENSP00000363921	PARD3	1178	RRRTYSFEQPW		psite	989
ENSP00000363921	PARD3	1222	AQRQYSSLPRQ		psite	989
ENSP00000219255	PARD6A	278	PAEPDSDDDSS		hprd;pelm;psite	999
ENSP00000360672	PARD6B	177	YIRDGSSVRVT		psite	995
ENSP00000344220	PDPK1	176	IRKIGSFDETC		psite	626
ENSP00000344220	PDPK1	241	QARANSFVGTA	PDK1;PDPK1	hprd;pelm;psite	626
ENSP00000344220	PDPK1	366	YLPAMSEDDED		psite	626
ENSP00000344220	PDPK1	410	PQRSGSNIEQY	PDK1;PDPK1	hprd;pelm;psite	626
ENSP00000263967	PIK3CA	312	YSRRISTATPY		psite	851
ENSP00000263967	PIK3CA	313	SRRISTATPYM		psite	851
ENSP00000289153	PIK3CB	961	VPFILTYDFIH		psite	812
ENSP00000366563	PIK3CD	520	LERRGSGELYE		psite	809
ENSP00000366563	PIK3CD	935	VPFILTYDFVH		psite	809
ENSP00000366563	PIK3CD	1039	LAHNVSKDNRQ	PIK3CD	hprd;pelm;psite	809
ENSP00000352121	PIK3CG	228	VIHRSTTSQTI		psite	804
ENSP00000352121	PIK3CG	582	HFRYESLKHPK		psite	804
ENSP00000352121	PIK3CG	746	MLQKVTLDIKS		psite	804
ENSP00000352121	PIK3CG	1024	ALRHHTNLLII		psite	804
ENSP00000274335	PIK3R1	154	LYRTQSSSNLA		psite	813
ENSP00000274335	PIK3R1	265	NARVLSEIFSP		psite	813
ENSP00000274335	PIK3R1	279	RFSAASSDNTE		psite	813
ENSP00000274335	PIK3R1	576	IQLRKTRDQYL		psite	813
ENSP00000274335	PIK3R1	603	LGNENTEDQYS		psite	813
ENSP00000222254	PIK3R2	601	GIKNETEDQYA		psite	806
ENSP00000350132	PLN	16	AIRRASTIEMP	PRKACA	hprd;pelm;psite	569
ENSP00000350132	PLN	17	IRRASTIEMPQ	CAMK2A	hprd;pelm;psite	569
ENSP00000370113	PPP2R2A	378	TKRDITLEASR		hprd;psite	803
ENSP00000335083	PPP2R2C	405	RRDDISVDSLD		psite	800
ENSP00000335083	PPP2R2C	408	DISVDSLDFTK		psite	800
ENSP00000349748	SFPQ	8	RDRFRSRGGGG	MKNK1;MKNK2	psite	637
ENSP00000349748	SFPQ	368	RVRFATHAAAL		psite	637
ENSP00000349748	SFPQ	496	SQRWKSLDEME		psite	637
ENSP00000262646	RAB2A	108	DARQHSNSNMV		psite	621
ENSP00000355651	RAB4A	190	PERMGSGIQYG		psite	621
ENSP00000348461	RAC1	71	RLRPLSYPQTV	AKT1	hprd;psite	808
ENSP00000264431	RAPGEF2	387	KRRLMTLTKPS		hprd;psite	547
ENSP00000264431	RAPGEF2	960	RVRRSSFLNAK	PRKCQ	hprd;psite	547
ENSP00000264431	RAPGEF2	1159	IVSNSSFDSVP		psite	547
ENSP00000264431	RAPGEF2	1176	RRQRHSVSIVE		psite	547
ENSP00000264431	RAPGEF2	1248	DSGRGSWTSCS		psite	547
ENSP00000262803	UPF1	464	LPKRFTAQGLP		hprd;psite	466
ENSP00000262803	UPF1	1078	SQPELSQDSYL	SMG1	psite	466
ENSP00000262803	UPF1	1096	IDVALSQDSTY	SMG1	hprd;pelm;psite	466
ENSP00000259808	RIPK1	14	VIKMKSSDFLE	RIPK1	psite	899
ENSP00000259808	RIPK1	320	VKRMQSLQLDC		hprd;pelm;psite	899
ENSP00000259808	RIPK1	416	RRRRVSHDPFA		psite	899
ENSP00000220751	RIPK2	174	KWRMMSLSQSR		psite	899
ENSP00000220751	RIPK2	181	SQSRSSKSAPE		psite	899
ENSP00000220751	RIPK2	393	CPGNHSWDSTI		psite	899
ENSP00000220751	RIPK2	531	VSRSPSLNLLQ		hprd;pelm;psite	899
ENSP00000402515	SMG1	1907	GSPPASQDSNK		psite	809
ENSP00000402515	SMG1	2087	AQKRASYILRL		psite	809
ENSP00000402515	SMG1	3546	AVRSNTGQKTQ		psite	809
ENSP00000402515	SMG1	3570	KNLATSADTPP		hprd;pelm;psite	809
ENSP00000300917	SMG8	742	VDRQASTVEYL		hprd;psite	675
ENSP00000270066	SMG9	53	ERRDASEETST		hprd;pelm;psite	675
ENSP00000374455	SQSTM1	24	EIRRFSFCCSP		hprd;psite	998
ENSP00000374455	SQSTM1	49	CERLLSRVAAL		psite	998
ENSP00000374455	SQSTM1	366	SEGPSSLDPSQ		hprd;pelm;psite	998
ENSP00000350941	SRC	17	SQRRRSLEPAE	PRKACA	hprd;pelm;psite	965
ENSP00000350941	SRC	51	GHRGPSAAFAP		psite	965
ENSP00000350941	SRC	69	FGGFNSSDTVT		pelm;psite	965
ENSP00000350941	SRC	269	EIPRESLRLEV		psite	965
ENSP00000348069	SREBF1	368	KRYRSSINDKI	PRKACA	psite	800
ENSP00000321826	STXBP5	692	KSRQPSGAGLC		psite	491
ENSP00000321826	STXBP5	759	MSRKLSLPTDL		hprd;pelm;psite	491
ENSP00000321826	STXBP5	780	FSRSRSSSVTS		hprd;pelm;psite	491
ENSP00000321826	STXBP5	781	SRSRSSSVTSI		hprd;psite	491
ENSP00000321826	STXBP5	782	RSRSSSVTSID		hprd;pelm;psite	491
ENSP00000321826	STXBP5	785	SSSVTSIDKES		hprd;pelm;psite	491
ENSP00000162749	TNFRSF1A	417	PRREATLELLG		psite	899
ENSP00000341268	TRADD	215	VNRPLSLKDQQ		psite	899
ENSP00000320493	TRIP10	296	MNRAPSDSSLG		hprd;pelm;psite	903
ENSP00000320493	TRIP10	426	SNRGDSLSRHA		hprd;pelm;psite	903
ENSP00000344818	UBC	57	DGRTLSDYNIQ		hprd;psite	729
ENSP00000313811	USP20	134	EGESESEDDDL		hprd;pelm;psite	619
ENSP00000313811	USP20	265	ARDSDSSDTDE		psite	619
ENSP00000313811	USP20	333	KDRKFSWGQQR		psite	619
ENSP00000313811	USP20	341	QQRTNSEQVDE		psite	619
ENSP00000313811	USP20	372	PSPRSSSPCRT		hprd;psite	619
ENSP00000256474	VHL	72	NSREPSQVIFC	CSNK1A1	psite	621
ENSP00000256474	VHL	111	GRRIHSYRGHL	CHEK2	psite	621
ENSP00000256474	VHL	202	DLERLTQERIA		psite	621
ENSP00000348069	SREBF1	478	LGSRGSGSGGS		hprd;pelm	800
ENSP00000363921	PARD3	803	AAISDSADCSL		hprd;pelm	989
ENSP00000219255	PARD6A	282	DSDDDSSDLVI		hprd;pelm	999
ENSP00000335153	HSP90AA1	129	PEETQTQDQPM	PRKDC	hprd	556
ENSP00000335153	HSP90AA1	826	DEDDPTADDTS		hprd	556
ENSP00000348273	MBP	295	LGGRDSRSGSP	PRKCA	hprd	846
ENSP00000348273	MBP	190	APKRGSGKDSH	PRKCA	hprd	846
ENSP00000226574	NFKB1	922	DELRDSDSVCD	CHUK	hprd	900
ENSP00000348069	SREBF1	1049	FQRDLSSLRRL		hprd	800
ENSP00000289865	USP21	116	SKSVSSGDLRP		hprd	871
ENSP00000289865	USP21	132	GGHRGTGELGA		hprd	871
ENSP00000344220	PDPK1	33	MVRTQTESSTP	PDPK1	hprd	626
ENSP00000363921	PARD3	1176	EDRRRTYSFEQ		hprd	989
ENSP00000313811	USP20	263	TEARDSDSSDT		hprd	619
ENSP00000264431	RAPGEF2	959	KRVRRSSFLNA		hprd	547
