name	PRKCB
id	ENSP00000305355
type	Serine/threonine kinase
proline+1_removed	Yes
npartners	198
npartners_with_sites	162
nsites	732
//
motif	score	fg_matches	fg_size	bg_matches	bg_size	fold_increase
..RR.[ST].....	321.97	38	1813	18	9383	10.93
..R..[ST].....	307.65	183	1775	465	9365	2.08
...R.[ST].....	15.18	148	1592	404	8900	2.05
.....[ST]..E..	7.16	128	1231	487	7622	1.63
..S..[ST].....	7.12	213	1444	874	8496	1.43
//
prot_id	prot_name	position	flank	kinase	source	string_score
ENSP00000306330	YWHAG	59	GARRSSWRVIS	LATS2	psite	619
ENSP00000306330	YWHAG	115	KNCSETQYESK		psite	619
ENSP00000349960	ACTB	186	AGRDLTDYLMK		psite	849
ENSP00000349960	ACTB	199	TERGYSFTTTA		psite	849
ENSP00000349960	ACTB	202	GYSFTTTAERE		psite	849
ENSP00000349960	ACTB	303	VLSGGTTMYPG		psite	849
ENSP00000349960	ACTB	368	DESGPSIVHRK		psite	849
ENSP00000331514	ACTG1	186	AGRDLTDYLMK		psite	848
ENSP00000331514	ACTG1	199	TERGYSFTTTA		psite	848
ENSP00000331514	ACTG1	202	GYSFTTTAERE		psite	848
ENSP00000331514	ACTG1	303	VLSGGTTMYPG		psite	848
ENSP00000331514	ACTG1	368	DESGPSIVHRK		psite	848
ENSP00000332454	RIPK4	367	LPSSGSGKRLS		psite	679
ENSP00000332454	RIPK4	372	SGKRLSGVSSV		psite	679
ENSP00000332454	RIPK4	396	FEREPSTSDLG		psite	679
ENSP00000346032	ANXA2	145	GTDEDSLIEII		hprd;psite	621
ENSP00000346032	ANXA2	182	IISDTSGDFRK		psite	621
ENSP00000366244	ARAF	212	LQRIRSTSTPN		hprd;pelm;psite	800
ENSP00000366244	ARAF	213	QRIRSTSTPNV		pelm;psite	800
ENSP00000366244	ARAF	214	RIRSTSTPNVH		hprd;pelm;psite	800
ENSP00000366244	ARAF	250	GSRGGSDGTPR		psite	800
ENSP00000366244	ARAF	262	SPSPASVSSGR		psite	800
ENSP00000366244	ARAF	265	PASVSSGRKSP		psite	800
ENSP00000366244	ARAF	272	RKSPHSKSPAE		hprd;psite	800
ENSP00000366244	ARAF	283	QRERKSLADDK		psite	800
ENSP00000366244	ARAF	299	LGYRDSGYYWE		pelm;psite	800
ENSP00000366244	ARAF	318	LKRIGTGSFGT		psite	800
ENSP00000366244	ARAF	323	TGSFGTVFRGR		psite	800
ENSP00000366244	ARAF	344	KVSQPTAEQAQ		psite	800
ENSP00000366244	ARAF	413	DVARQTAQGMD		psite	800
ENSP00000366244	ARAF	458	VKTRWSGAQPL		psite	800
ENSP00000366244	ARAF	535	DLSKISSNCPK		psite	800
ENSP00000366244	ARAF	547	MRRLLSDCLKF		psite	800
ENSP00000366244	ARAF	580	PKIERSASEPS		hprd;psite	800
ENSP00000366244	ARAF	582	IERSASEPSLH		hprd;pelm;psite	800
ENSP00000366244	ARAF	585	SASEPSLHRTQ		psite	800
ENSP00000363708	BMPR2	586	EKNRNSINYER		hprd;psite	585
ENSP00000363708	BMPR2	680	KNLKESSDENL		hprd;psite	585
ENSP00000363708	BMPR2	757	PKRPTSLPLNT		hprd;pelm;psite	585
ENSP00000288602	BRAF	119	SASMDTVTSSS		hprd;psite	909
ENSP00000288602	BRAF	363	GQRDRSSSAPN		hprd;psite	909
ENSP00000288602	BRAF	364	QRDRSSSAPNV		hprd;pelm;psite	909
ENSP00000288602	BRAF	365	RDRSSSAPNVH	AKT1;AKT3	hprd;pelm;psite	909
ENSP00000288602	BRAF	428	QRERKSSSSSE		psite	909
ENSP00000288602	BRAF	429	RERKSSSSSED	AKT1;AKT3	hprd;pelm;psite	909
ENSP00000288602	BRAF	430	ERKSSSSSEDR	PRKACA	hprd;psite	909
ENSP00000288602	BRAF	432	KSSSSSEDRNR		psite	909
ENSP00000288602	BRAF	440	RNRMKTLGRRD		hprd;pelm;psite	909
ENSP00000288602	BRAF	446	LGRRDSSDDWE	PAK1	hprd;pelm;psite	909
ENSP00000288602	BRAF	447	GRRDSSDDWEI		hprd;pelm;psite	909
ENSP00000288602	BRAF	465	GQRIGSGSFGT		psite	909
ENSP00000288602	BRAF	605	VKSRWSGSHQF		psite	909
ENSP00000288602	BRAF	729	IHRSASEPSLN		hprd;pelm;psite	909
ENSP00000288602	BRAF	732	SASEPSLNRAG		psite	909
ENSP00000308176	BTK	51	RGRRGSKKGSI		psite	866
ENSP00000308176	BTK	184	SSHRKTKKPLP		psite	866
ENSP00000308176	BTK	495	RHRFQTQQLLE		psite	866
ENSP00000308176	BTK	602	PYERFTNSETA		psite	866
ENSP00000272298	CALM2	29	GDGTITTKELG		psite	424
ENSP00000291295	CALM3	29	GDGTITTKELG		psite	420
ENSP00000349467	CALM1	29	GDGTITTKELG		psite	428
ENSP00000272298	CALM2	80	RKMKDTDSEEE	CSNK2A1	pelm;psite	424
ENSP00000291295	CALM3	80	RKMKDTDSEEE	CSNK2A1	pelm;psite	420
ENSP00000349467	CALM1	80	RKMKDTDSEEE	CSNK2A1	pelm;psite	428
ENSP00000272298	CALM2	82	MKDTDSEEEIR		psite	424
ENSP00000291295	CALM3	82	MKDTDSEEEIR		psite	420
ENSP00000349467	CALM1	82	MKDTDSEEEIR		psite	428
ENSP00000272298	CALM2	102	GNGYISAAELR		hprd;pelm;psite	424
ENSP00000291295	CALM3	102	GNGYISAAELR		hprd;pelm;psite	420
ENSP00000349467	CALM1	102	GNGYISAAELR		hprd;pelm;psite	428
ENSP00000272298	CALM2	118	LGEKLTDEEVD		psite	424
ENSP00000291295	CALM3	118	LGEKLTDEEVD		psite	420
ENSP00000349467	CALM1	118	LGEKLTDEEVD		psite	428
ENSP00000296154	CASR	342	VHPRKSVHNGF		psite	621
ENSP00000296154	CASR	888	VAARATLRRSN	PRKCA	hprd;pelm;psite	621
ENSP00000296154	CASR	892	ATLRRSNVSRK		psite	621
ENSP00000296154	CASR	895	RRSNVSRKRSS		psite	621
ENSP00000296154	CASR	899	VSRKRSSSLGG		psite	621
ENSP00000296154	CASR	915	PSSSISSKSNS		psite	621
ENSP00000380150	CARD11	116	PTRRFSTIVVE	CAMK2A	psite	961
ENSP00000380150	CARD11	117	TRRFSTIVVEE		psite	961
ENSP00000380150	CARD11	515	AKSPISLKRTS		psite	961
ENSP00000380150	CARD11	541	PSSCGSLPITN		psite	961
ENSP00000380150	CARD11	558	PPRSRSSIMSI	MAP4K1	psite	961
ENSP00000380150	CARD11	559	PRSRSSIMSIT	PRKCQ	psite	961
ENSP00000380150	CARD11	562	RSSIMSITAEP		psite	961
ENSP00000380150	CARD11	644	MFRKFSLERPF		psite	961
ENSP00000380150	CARD11	652	RPFRPSVTSVG		psite	961
ENSP00000342681	CD5	434	FHRNHTATVRS	PRKCA;PRKCG	hprd;pelm;psite	688
ENSP00000342681	CD5	439	TATVRSHAENP		hprd;pelm;psite	688
ENSP00000342681	CD5	460	QPPRNSHLSAY		hprd;psite	688
ENSP00000342681	CD5	476	ALHRSSMQPDN		psite	688
ENSP00000342681	CD5	485	DNSSDSDYDLH	CSNK2A1	hprd;pelm;psite	688
ENSP00000337103	CHAT	125	AAKTPSSEESG		psite	619
ENSP00000337103	CHAT	473	LIRADSVSELP		psite	619
ENSP00000356436	PLA2G4A	434	IVSNDSSDSDD		hprd;pelm;psite	816
ENSP00000356436	PLA2G4A	437	NDSSDSDDESH		hprd;pelm;psite	816
ENSP00000356436	PLA2G4A	727	NPSRCSVSLSN	RPS6KA5	hprd;pelm;psite	816
ENSP00000290374	GJD2	293	QAKRKSIYEIR		psite	802
ENSP00000282561	GJA1	296	GDRNNSSCRNY		psite	919
ENSP00000282561	GJA1	328	AGSTISNSHAQ	CSNK1D	hprd;psite	919
ENSP00000282561	GJA1	364	VDQRPSSRASS		psite	919
ENSP00000282561	GJA1	365	DQRPSSRASSR		hprd;psite	919
ENSP00000282561	GJA1	368	PSSRASSRASS	PRKCA;PRKCE	hprd;pelm;psite	919
ENSP00000282561	GJA1	369	SSRASSRASSR		hprd;psite	919
ENSP00000282561	GJA1	372	ASSRASSRPRP		psite	919
ENSP00000282561	GJA1	373	SSRASSRPRPD		hprd;psite	919
ENSP00000408236	CYTH2	391	RKKRISVKKKQ	PRKCA	hprd;pelm;psite	621
ENSP00000313391	DAB2	24	APKAPSKKEKK	PRKCB;PRKCD;PRKCG	hprd;pelm;psite	621
ENSP00000313391	DAB2	393	GFSVKSSPNPF		hprd;pelm;psite	621
ENSP00000313391	DAB2	723	APRQVSLPVTK		hprd;psite	621
ENSP00000369213	DDX58	8	TEQRRSLQAFQ		psite	619
ENSP00000369213	DDX58	770	ILRLQTWDEAV	CSNK2A1	psite	619
ENSP00000369213	DDX58	854	KPKQFSSFEKR	CSNK2A1	psite	619
ENSP00000005340	DVL2	151	NLEPETETESV		psite	619
ENSP00000005340	DVL2	158	TESVVSLRRER		psite	619
ENSP00000005340	DVL2	169	PRRRDSSEHGA		psite	619
ENSP00000005340	DVL2	170	RRRDSSEHGAG		psite	619
ENSP00000005340	DVL2	211	TSLGDSDEEDT		hprd;psite	619
ENSP00000005340	DVL2	224	RFSSSTEQSSA	CSNK1D;CSNK1E	psite	619
ENSP00000005340	DVL2	592	EGSRSSGSTRS		psite	619
ENSP00000005340	DVL2	594	SRSSGSTRSDG		psite	619
ENSP00000005340	DVL2	595	RSSGSTRSDGG		psite	619
ENSP00000005340	DVL2	597	SGSTRSDGGAG		psite	619
ENSP00000005340	DVL2	630	SSRGGSLRRGG		psite	619
ENSP00000005340	DVL2	720	TASRQSFHMAM		psite	619
ENSP00000302886	PA2G4	11	EQQEQTIAEDL		hprd;psite	619
ENSP00000302886	PA2G4	267	SRAFFSEVERR		psite	619
ENSP00000302886	PA2G4	335	PMRITSGPFEP		hprd;psite	619
ENSP00000302886	PA2G4	363	LQSSASRKTQK	PRKCA	hprd;psite	619
ENSP00000302886	PA2G4	366	SASRKTQKKKK	PRKCA	hprd;psite	619
ENSP00000302886	PA2G4	382	TAENATSGETL		psite	619
ENSP00000302886	PA2G4	386	ATSGETLEENE		hprd;pelm;psite	619
ENSP00000275493	EGFR	151	GAVRFSNNPAL		psite	637
ENSP00000275493	EGFR	678	IVRKRTLRRLL	PKN1;PKN3;PRKCA;PRKCD	hprd;pelm;psite	637
ENSP00000275493	EGFR	1039	LLSSLSATSNN	MAPK11;MAPK14	hprd;pelm;psite	637
ENSP00000275493	EGFR	1042	SLSATSNNSTV		hprd;pelm;psite	637
ENSP00000275493	EGFR	1045	ATSNNSTVACI		hprd;pelm;psite	637
ENSP00000275493	EGFR	1070	FLQRYSSDPTG	CAMK2G	hprd;pelm;psite	637
ENSP00000275493	EGFR	1071	LQRYSSDPTGA	CAMK2G	hprd;pelm;psite	637
ENSP00000275493	EGFR	1074	YSSDPTGALTE		psite	637
ENSP00000275493	EGFR	1190	GIFKGSTAENA		pelm;psite	637
ENSP00000363559	EIF6	239	TSMRDSLIDSL		hprd;pelm;psite	621
ENSP00000290100	EPB41	84	LSRLFSSFLKR		hprd;psite	621
ENSP00000290100	EPB41	92	LKRPKSQVSEE		hprd;pelm;psite	621
ENSP00000290100	EPB41	95	PKSQVSEEEGK		psite	621
ENSP00000290100	EPB41	104	GKEVESDKEKG		psite	621
ENSP00000290100	EPB41	151	DLHSLSSAETQ		psite	621
ENSP00000290100	EPB41	152	LHSLSSAETQP		psite	621
ENSP00000290100	EPB41	155	LSSAETQPAQE		psite	621
ENSP00000290100	EPB41	191	EESPQSKAETE		hprd;pelm;psite	621
ENSP00000290100	EPB41	459	LTSTDTIPKSK		psite	621
ENSP00000290100	EPB41	486	QTRQASALIDR	PRKCB	hprd;psite	621
ENSP00000290100	EPB41	505	ASKRASRSLDG		hprd;psite	621
ENSP00000290100	EPB41	525	SPRPTSAPAIT		psite	621
ENSP00000290100	EPB41	595	KKHHASISELK		hprd;psite	621
ENSP00000290100	EPB41	620	WDKRLSTHSPF		hprd;psite	621
ENSP00000290100	EPB41	621	DKRLSTHSPFR		hprd;psite	621
ENSP00000290100	EPB41	585	KDLDKSQEEIK		psite	621
ENSP00000261845	MAPK6	386	DPRALSDVTDE		hprd;pelm;psite	621
ENSP00000261845	MAPK6	389	ALSDVTDEEEV		hprd;pelm;psite	621
ENSP00000261845	MAPK6	452	KTRSSSYLDNL		psite	621
ENSP00000261845	MAPK6	558	LNSSVSQLELK		psite	621
ENSP00000311005	MAPK7	567	SDNDRSLLERW		psite	800
ENSP00000311005	MAPK7	720	QQLSKSQVEDP		hprd;psite	800
ENSP00000338934	EZR	66	LDKKVSAQEVR	PRKACA	psite	800
ENSP00000338934	EZR	332	KKRRETVEREK		psite	800
ENSP00000338934	EZR	366	AERELSEQIQR		psite	800
ENSP00000338934	EZR	539	LSSELSQARDE		hprd;psite	800
ENSP00000341189	PTK2	390	RTHAVSVSETD	PTK2	hprd;psite	805
ENSP00000341189	PTK2	503	IMELCTLGELR		psite	805
ENSP00000341189	PTK2	517	QVRKYSLDLAS		psite	805
ENSP00000341189	PTK2	695	RMRMESRRQAT		psite	805
ENSP00000341189	PTK2	700	SRRQATVSWDS		psite	805
ENSP00000341189	PTK2	705	TVSWDSGGSDE		hprd;psite	805
ENSP00000341189	PTK2	708	WDSGGSDEAPP		psite	805
ENSP00000341189	PTK2	726	PSPRSSEGFYP		psite	805
ENSP00000341189	PTK2	840	PDVRLSRGSID		hprd;pelm;psite	805
ENSP00000341189	PTK2	843	RLSRGSIDRED		hprd;pelm;psite	805
ENSP00000271450	FCGR2A	297	NPRAPTDDDKN		psite	899
ENSP00000275364	GNA12	40	EARRRSRDIDA		psite	619
ENSP00000400717	GNA13	43	LSREKTYVKRL		hprd;psite	626
ENSP00000400717	GNA13	203	LARRPTKGIHE	PRKACA	hprd;pelm;psite	626
ENSP00000274547	GABRB2	389	PTRRTTNYDFS		psite	621
ENSP00000312262	ADRBK1	29	PAARASKKILL	PRKCA;PRKCG	hprd;pelm;psite	851
ENSP00000312262	ADRBK1	247	MLSLVSTGDCP		psite	851
ENSP00000312262	ADRBK1	353	HASVGTHGYMA		psite	851
ENSP00000222330	GSK3A	19	SGRARTSSFAE		hprd;pelm;psite	631
ENSP00000222330	GSK3A	20	GRARTSSFAEP		hprd;pelm;psite	631
ENSP00000222330	GSK3A	21	RARTSSFAEPG	AKT1;PRKACA;PRKCA;PRKCB;PRKCD;PRKCG;PRKCH;RPS6KA3	hprd;pelm;psite	631
ENSP00000222330	GSK3A	97	KLGRDSGKVTT		psite	631
ENSP00000324806	GSK3B	8	GRPRTTSFAES		psite	639
ENSP00000324806	GSK3B	9	RPRTTSFAESC	AKT1;AURKA;MAP4K5;PRKACA;PRKCA;PRKCB;PRKCD;PRKCG;PRKCH;RPS6KA1;RPS6KA3;RPS6KB1	hprd;pelm;psite	639
ENSP00000324806	GSK3B	405	AASTPTNATAA		hprd;pelm;psite	639
ENSP00000350275	HIST1H3A	11	QTARKSTGGKA	AKT2;AURKA;AURKB;AURKC;PAK1;PBK;PIM1;PRKCQ;ROCK1;RPS6KA3;RPS6KA5;TGM2;TLK1;VRK1	pelm;psite	619
ENSP00000350275	HIST1H3A	12	TARKSTGGKAP	DAPK3;PKN1	pelm;psite	619
ENSP00000350275	HIST1H3A	29	KAARKSAPATG	AKT2;AURKB;MLTK;ROCK1;RPS6KA5;TGM2	hprd;pelm;psite	619
ENSP00000350275	HIST1H3A	46	RYRPGTVALRE	AKT2;PRKCD	psite	619
ENSP00000350275	HIST1H3A	87	DLRFQSSAVMA		psite	619
ENSP00000350275	HIST1H3A	119	HAKRVTIMPKD		psite	619
ENSP00000364398	HABP4	97	QKERKSLPAPV		hprd;pelm;psite	619
ENSP00000364398	HABP4	375	GARGGTRGGRG	PRKCA;PRKCQ;PRKCZ	hprd;psite	619
ENSP00000309845	HRAS	148	ETSAKTRQGVE		psite	886
ENSP00000302961	HSPA4	76	HGRAFSDPFVE		hprd;pelm;psite	621
ENSP00000302961	HSPA4	113	EERNFTTEQVT		hprd;psite	621
ENSP00000302961	HSPA4	393	KVREFSITDVV		psite	621
ENSP00000302961	HSPA4	415	AEEGSSDCEVF		hprd;psite	621
ENSP00000302961	HSPA4	647	EDDRNSFTLKL		psite	621
ENSP00000343957	IFNAR2	324	DDESDSDTEAA		psite	621
ENSP00000343957	IFNAR2	364	LIDPESEEEPD		psite	621
ENSP00000359424	CHUK	23	RERLGTGGFGN	AKT1;AKT2	hprd;pelm;psite	959
ENSP00000358622	IKBKG	136	DAIRQSNQILR	IKBKB	psite	939
ENSP00000358622	IKBKG	153	LHFQASQREEK	ATM;IKBKB	pelm;psite	939
ENSP00000216223	IL2RB	293	FFSQLSSEHGG		psite	899
ENSP00000216223	IL2RB	458	ERMPPSLQERV		psite	899
ENSP00000405934	ITPR1	704	LFWRDSNKEIR		hprd;psite	803
ENSP00000405934	ITPR1	1589	AARRDSVLAAS	PRKACA	hprd;pelm;psite	803
ENSP00000405934	ITPR1	1678	IKVLQTLREMM		psite	803
ENSP00000405934	ITPR1	1716	SGRRESLTSFG	PRKACA	hprd;pelm;psite	803
ENSP00000405934	ITPR1	1719	RESLTSFGNGP		hprd;pelm;psite	803
ENSP00000405934	ITPR1	2386	VYREETLLNVI		psite	803
ENSP00000405934	ITPR1	2642	RMRAMSLVSSD		psite	803
ENSP00000405934	ITPR1	2648	LVSSDSEGEQN		psite	803
ENSP00000370744	ITPR2	277	ATSATSSKALW		psite	803
ENSP00000370744	ITPR2	1855	MRVRDSTLHLK		psite	803
ENSP00000370744	ITPR2	1856	RVRDSTLHLKE		psite	803
ENSP00000370744	ITPR2	2380	VYREETLLNVI		hprd;psite	803
ENSP00000370744	ITPR2	2633	RMRAMSLVSNE		hprd;psite	803
ENSP00000370744	ITPR2	2636	AMSLVSNEGDS		hprd;psite	803
ENSP00000363435	ITPR3	916	KNVRRSIQGVG		hprd;pelm;psite	803
ENSP00000363435	ITPR3	934	LSRKQSVFSAP		hprd;pelm;psite	803
ENSP00000363435	ITPR3	937	KQSVFSAPSLS		hprd;pelm;psite	803
ENSP00000363435	ITPR3	1567	AQRNASSYKAT		psite	803
ENSP00000363435	ITPR3	1832	KGRVASFSIPG		hprd;pelm;psite	803
ENSP00000363435	ITPR3	1843	SSSRYSLGPSL		hprd;psite	803
ENSP00000363435	ITPR3	2609	RMRAMSLVSNE		hprd;psite	803
ENSP00000303242	ITGB2	759	FKSATTTVMNP		pelm;psite	672
ENSP00000200181	ITGB4	368	FNRIRSNLDIR		psite	869
ENSP00000200181	ITGB4	829	LARLCTENLLK		psite	869
ENSP00000200181	ITGB4	1246	AEPAETNGEIT		psite	869
ENSP00000200181	ITGB4	1297	QPYRYTVKARN		psite	869
ENSP00000200181	ITGB4	1325	PKRPMSIPIIP		psite	869
ENSP00000200181	ITGB4	1364	GSQRPSVSDDT	PRKACA;PRKCA;RPS6KA1	pelm;psite	869
ENSP00000200181	ITGB4	1457	PGSTNSLHRMT		psite	869
ENSP00000200181	ITGB4	1483	PHRVLSTSSTL		psite	869
ENSP00000200181	ITGB4	1486	VLSTSSTLTRD		psite	869
ENSP00000200181	ITGB4	1489	TSSTLTRDYNS		psite	869
ENSP00000200181	ITGB4	1496	DYNSLTRSEHS		psite	869
ENSP00000200181	ITGB4	1501	TRSEHSHSTTL		psite	869
ENSP00000200181	ITGB4	1504	EHSHSTTLPRD		psite	869
ENSP00000200181	ITGB4	1511	LPRDYSTLTSV		psite	869
ENSP00000200181	ITGB4	1514	DYSTLTSVSSH		psite	869
ENSP00000200181	ITGB4	1518	LTSVSSHDSRL		psite	869
ENSP00000200181	ITGB4	1524	HDSRLTAGVPD		psite	869
ENSP00000200181	ITGB4	1604	RVRAQSQEGWG		psite	869
ENSP00000200181	ITGB4	1761	LQSEYSSITTT		psite	869
ENSP00000200181	ITGB4	1765	YSSITTTHTSA		psite	869
ENSP00000200181	ITGB4	1797	LTRHVTQEFVS		psite	869
ENSP00000200181	ITGB4	1806	VSRTLTTSGTL		psite	869
ENSP00000200181	ITGB4	1358	VLRSPSGSQRP		psite	869
ENSP00000296181	ITGB5	61	SPRSITSRCDL		psite	861
ENSP00000296181	ITGB5	762	FQSERSRARYE	PAK4	psite	861
ENSP00000283249	ITGB6	765	PLYRGSTSTFK		psite	823
ENSP00000267082	ITGB7	783	YKSAITTTINP	PRKCB	hprd;pelm;psite	935
ENSP00000343204	JAK1	574	PMSQLSFDRIL		psite	899
ENSP00000343204	JAK1	1030	TKAIETDKEYY		psite	899
ENSP00000343204	JAK1	1107	TRLVNTLKEGK		hprd;psite	899
ENSP00000391676	JAK3	17	PQRSCSLLSTE		psite	900
ENSP00000391676	JAK3	782	LNSLISSDYEL		psite	900
ENSP00000357643	MKI67	108	QNGRKSTEFPR		hprd;pelm;psite	621
ENSP00000357643	MKI67	125	PARRVSRSSFS		hprd;pelm;psite	621
ENSP00000357643	MKI67	128	RVSRSSFSSDP		hprd;pelm;psite	621
ENSP00000357643	MKI67	130	SRSSFSSDPDE		pelm;psite	621
ENSP00000357643	MKI67	131	RSSFSSDPDEK		hprd;pelm;psite	621
ENSP00000357643	MKI67	264	QYCRKSGLQTD		hprd;pelm;psite	621
ENSP00000357643	MKI67	374	TGRRESVNLGK	AURKB	hprd;pelm;psite	621
ENSP00000357643	MKI67	507	KRRRVSFGGHL		psite	621
ENSP00000357643	MKI67	538	PTKRKSLVMHT	AURKB	hprd;pelm;psite	621
ENSP00000357643	MKI67	598	DQRRRSCKTAP		hprd;psite	621
ENSP00000357643	MKI67	601	RRSCKTAPASS		hprd;psite	621
ENSP00000357643	MKI67	621	RGGRKSGNLPS		psite	621
ENSP00000357643	MKI67	648	CSKRRSGASEA		hprd;pelm;psite	621
ENSP00000357643	MKI67	651	RRSGASEANLI		psite	621
ENSP00000357643	MKI67	859	LETKTSDTETE		hprd;pelm;psite	621
ENSP00000357643	MKI67	1256	CDSPQSDPVDT		hprd;pelm;psite	621
ENSP00000357643	MKI67	1302	HTPKPSVGEEK		hprd;pelm;psite	621
ENSP00000357643	MKI67	1514	PQSKRSLRKVD		psite	621
ENSP00000357643	MKI67	1533	RKRTPSAGKAM		psite	621
ENSP00000357643	MKI67	1689	LDSAASLTGSK		hprd;pelm;psite	621
ENSP00000357643	MKI67	1740	VSYRASQPDLV		hprd;pelm;psite	621
ENSP00000357643	MKI67	1764	LRKADTEEEFL	CHEK1	hprd;pelm;psite	621
ENSP00000357643	MKI67	1864	CKSPQSDPADT		hprd;pelm;psite	621
ENSP00000357643	MKI67	2025	QTSGKTTQTHR		psite	621
ENSP00000357643	MKI67	2028	GKTTQTHRETA		psite	621
ENSP00000357643	MKI67	2242	PQSKRSLRKAD		psite	621
ENSP00000357643	MKI67	2261	RKRTPSVGKAM		hprd;psite	621
ENSP00000357643	MKI67	2382	RKRTPSAGKAM		psite	621
ENSP00000357643	MKI67	2502	AVSKLTRTSGE		psite	621
ENSP00000357643	MKI67	2504	SKLTRTSGETT		hprd;psite	621
ENSP00000357643	MKI67	2505	KLTRTSGETTQ		hprd;pelm;psite	621
ENSP00000357643	MKI67	2638	HKEPASGDEGI		hprd;pelm;psite	621
ENSP00000357643	MKI67	2692	ETSGHTQESLT		psite	621
ENSP00000357643	MKI67	2749	QTSGETTDADK		psite	621
ENSP00000357643	MKI67	2827	KIPCKSSPELE		hprd;pelm;psite	621
ENSP00000357643	MKI67	3041	RARGKSSEPVV		hprd;pelm;psite	621
ENSP00000357643	MKI67	3223	SVQRVTRSVKR		hprd;psite	621
ENSP00000357643	MKI67	3249	KIRTRSHRDSE		psite	621
ENSP00000288135	KIT	718	SCSDSTNEYMD		psite	621
ENSP00000288135	KIT	741	ADKRRSVRIGS	PRKCA	hprd;pelm;psite	621
ENSP00000288135	KIT	746	SVRIGSYIERD	PRKCA	hprd;pelm;psite	621
ENSP00000288135	KIT	959	SVRINSVGSTA	PRKCA	hprd;pelm;psite	621
ENSP00000261366	LMNB1	13	PPRMGSRAGGP		psite	847
ENSP00000261366	LMNB1	28	SPTRLSRLQEK		hprd;pelm;psite	847
ENSP00000261366	LMNB1	200	ENRCQSLTEDL		hprd;pelm;psite	847
ENSP00000261366	LMNB1	210	LEFRKSMYEEE		hprd;psite	847
ENSP00000261366	LMNB1	278	ENARLSSEMNT		hprd;psite	847
ENSP00000261366	LMNB1	302	RMRIESLSSQL		psite	847
ENSP00000261366	LMNB1	340	SRRMLTDKERE		psite	847
ENSP00000261366	LMNB1	396	SPSPSSRVTVS		hprd;pelm;psite	847
ENSP00000261366	LMNB1	399	PSSRVTVSRAS		psite	847
ENSP00000261366	LMNB1	404	TVSRASSSRSV		hprd;pelm;psite	847
ENSP00000261366	LMNB1	405	VSRASSSRSVR	PRKCB	hprd;pelm;psite	847
ENSP00000261366	LMNB1	408	ASSSRSVRTTR		psite	847
ENSP00000261366	LMNB1	411	SRSVRTTRGKR		psite	847
ENSP00000261366	LMNB1	412	RSVRTTRGKRK		psite	847
ENSP00000261366	LMNB1	534	VILKNSQGEEV		psite	847
ENSP00000337825	LCK	42	LIRNGSEVRDP	MAPK1;MAPK3;PRKACA;PRKCA	hprd;pelm;psite	915
ENSP00000337825	LCK	159	RESESTAGSFS		psite	915
ENSP00000337825	LCK	210	LVRHYTNASDG		psite	915
ENSP00000337825	LCK	395	EDNEYTAREGA		psite	915
ENSP00000321746	PDLIM5	208	VPRQPTVTSVC		psite	619
ENSP00000321746	PDLIM5	216	SVCSETSQELA		psite	619
ENSP00000321746	PDLIM5	228	GQRRGSQGDSK		hprd;psite	619
ENSP00000321746	PDLIM5	248	IVERYTEFYHV		psite	619
ENSP00000321746	PDLIM5	260	THSDASKKRLI		psite	619
ENSP00000349049	KDM1A	111	EGRRTSRRKRA		psite	765
ENSP00000349049	KDM1A	131	SLANLSEDEYY		hprd;pelm;psite	765
ENSP00000349049	KDM1A	137	EDEYYSEEERN		hprd;pelm;psite	765
ENSP00000349049	KDM1A	166	EEENESEPEEP		hprd;pelm;psite	765
ENSP00000349049	KDM1A	611	NTRSTSQTFIY		psite	765
ENSP00000319279	MALT1	70	GRLRLSCLDLE		psite	902
ENSP00000357624	MARCKS	29	VASSPSKANGQ		hprd;pelm;psite	744
ENSP00000357624	MARCKS	120	EPGSPTAAEGE		hprd;pelm;psite	744
ENSP00000357624	MARCKS	131	AASAASSTSSP	CDK2	hprd;psite	744
ENSP00000357624	MARCKS	134	AASSTSSPKAE	CDK2	hprd;psite	744
ENSP00000357624	MARCKS	159	KKKRFSFKKSF	PRKCA;ROCK1	hprd;pelm;psite	744
ENSP00000357624	MARCKS	170	KLSGFSFKKNK	PRKCA	hprd;pelm;psite	744
ENSP00000382423	MAP3K1	20	PGARATSPEAG		psite	803
ENSP00000382423	MAP3K1	1016	PCRIPSASPQT		psite	803
ENSP00000382423	MAP3K1	1026	TQRKFSLQFHR		psite	803
ENSP00000343463	MAP3K2	26	SRPALSLQETR		pelm;psite	815
ENSP00000343463	MAP3K2	153	RKKRLSIIGPT		hprd;pelm;psite	815
ENSP00000343463	MAP3K2	163	TSRDRSSPPPG		hprd;pelm;psite	815
ENSP00000343463	MAP3K2	239	MPRAQSYPDNH		hprd;pelm;psite	815
ENSP00000343463	MAP3K2	290	PRARRTQGTSL		psite	815
ENSP00000343463	MAP3K2	300	LRSPVSFSPTD		pelm;psite	815
ENSP00000343463	MAP3K2	312	SLSTSSGSSIF		hprd;psite	815
ENSP00000343463	MAP3K2	315	TSSGSSIFTPE		hprd;psite	815
ENSP00000343463	MAP3K2	331	IRRRGSDIDNP		hprd;pelm;psite	815
ENSP00000354927	MAP3K3	197	RSRHLSVSSQN	PRKACA	hprd;pelm;psite	815
ENSP00000354927	MAP3K3	200	HLSVSSQNPGR		psite	815
ENSP00000354927	MAP3K3	281	MSRAQSFPDNR		hprd;psite	815
ENSP00000354927	MAP3K3	325	SDGRRTFPRIR		hprd;psite	815
ENSP00000354927	MAP3K3	347	SSRSLSTNGEN		psite	815
ENSP00000354927	MAP3K3	348	SRSLSTNGENM		psite	815
ENSP00000354927	MAP3K3	368	RGRLRSADSEN	PRKACA	hprd;pelm;psite	815
ENSP00000354927	MAP3K3	371	LRSADSENALS		hprd;psite	815
ENSP00000354927	MAP3K3	547	SKRLQTICMSG		psite	815
ENSP00000354927	MAP3K3	559	GMRSVTGTPYW		psite	815
ENSP00000375986	MAP3K4	66	CKSPESDLEDF		psite	800
ENSP00000375986	MAP3K4	447	YEGDDTEGELK		hprd;psite	800
ENSP00000375986	MAP3K4	457	KELESSTDESE		hprd;psite	800
ENSP00000375986	MAP3K4	461	SSTDESEEEQI		hprd;psite	800
ENSP00000375986	MAP3K4	499	LERLESEDDSL		hprd;psite	800
ENSP00000375986	MAP3K4	835	AEFRLSAPVRD		psite	800
ENSP00000375986	MAP3K4	1270	GDSSGSTRRSW		psite	800
ENSP00000375986	MAP3K4	1271	DSSGSTRRSWE		psite	800
ENSP00000375986	MAP3K4	1274	GSTRRSWELRT		psite	800
ENSP00000360616	GRIN1	896	FKRRRSSKDTS		hprd;pelm;psite	864
ENSP00000360616	GRIN1	897	KRRRSSKDTST		hprd;pelm;psite	864
ENSP00000360616	GRIN1	900	RSSKDTSTGGG		psite	864
ENSP00000332549	GRIN2A	908	NISSMSNMNSS		psite	800
ENSP00000332549	GRIN2A	929	FIQRGSLIMDM		psite	800
ENSP00000279593	GRIN2B	1166	DFKRDSVSGGG		psite	918
ENSP00000279593	GRIN2B	1303	LRRQHSYDTFV	CAMK2A;PRKCA	hprd;pelm;psite	918
ENSP00000279593	GRIN2B	1306	QHSYDTFVDLQ		psite	918
ENSP00000279593	GRIN2B	1323	APRSVSLKDKG	PRKCA	hprd;pelm;psite	918
ENSP00000263269	GRIN2D	1288	PARRLTGPSRH		psite	864
ENSP00000347169	NUMB	194	FTREGSFRVTT		psite	619
ENSP00000347169	NUMB	243	SPSSPTSPTSD		psite	619
ENSP00000347169	NUMB	276	LARQGSFRGFP		hprd;pelm;psite	619
ENSP00000347169	NUMB	295	FKRQLSLRINE	PRKCZ	hprd;pelm;psite	619
ENSP00000347169	NUMB	438	HRRTPSEADRW		hprd;pelm;psite	619
ENSP00000347169	NUMB	561	LVRQQTFPHYE		psite	619
ENSP00000347379	OCLN	305	NVSAGTQDVPS		hprd;pelm;psite	634
ENSP00000347379	OCLN	313	VPSPPSDYVER		hprd;psite	634
ENSP00000347379	OCLN	344	ESSYKSTPVPE		psite	634
ENSP00000347379	OCLN	369	RQPRYSSGGNF		hprd;psite	634
ENSP00000347379	OCLN	370	QPRYSSGGNFE		psite	634
ENSP00000347379	OCLN	404	ETDYTTGGESC	CSNK2B;PRKCE	hprd;pelm;psite	634
ENSP00000347379	OCLN	408	TTGGESCDELE	CSNK2B	hprd;pelm;psite	634
ENSP00000162330	BCAR1	326	LLREETYDVPP		hprd;psite	812
ENSP00000162330	BCAR1	428	EGKRLSASSTG		hprd;psite	812
ENSP00000162330	BCAR1	431	RLSASSTGSTR		psite	812
ENSP00000162330	BCAR1	434	ASSTGSTRSSQ		psite	812
ENSP00000162330	BCAR1	437	TGSTRSSQSAS		psite	812
ENSP00000162330	BCAR1	694	TRQGKSQLELQ		psite	812
ENSP00000289473	NCF1	208	GWIPASFLEPL	CSNK2A1	pelm;psite	937
ENSP00000289473	NCF1	303	APPRRSSIRNA	PRKCA;PRKCB;PRKCD	pelm;psite	937
ENSP00000289473	NCF1	304	PPRRSSIRNAH	AKT1;PRKCA;PRKCB;PRKCD;PRKCZ	pelm;psite	937
ENSP00000289473	NCF1	320	SRKRLSQDAYR	IRAK4;PRKACA;PRKCA;PRKCB;PRKCD	pelm;psite	937
ENSP00000289473	NCF1	328	AYRRNSVRFLQ	AKT1;PRKACA;PRKCA;PRKCB;PRKCD	pelm;psite	937
ENSP00000289473	NCF1	356	EEERQTQRSKP	IRAK4	psite	937
ENSP00000289473	NCF1	370	VPPRPSADLIL	IRAK4;PRKACA;PRKCA;PRKCB;PRKCD	pelm;psite	937
ENSP00000289473	NCF1	379	ILNRCSESTKR	PRKCA;PRKCB;PRKCD	pelm;psite	937
ENSP00000356505	NCF2	315	ESSPQSDIPAP		psite	800
ENSP00000344220	PDPK1	176	IRKIGSFDETC		psite	638
ENSP00000344220	PDPK1	241	QARANSFVGTA	PDK1;PDPK1	hprd;pelm;psite	638
ENSP00000344220	PDPK1	393	VSSSSSSHSLS	PDK1;PDPK1	hprd;pelm;psite	638
ENSP00000344220	PDPK1	394	SSSSSSHSLSA	MAP3K5	psite	638
ENSP00000344220	PDPK1	396	SSSSHSLSASD	PDK1;PDPK1	hprd;pelm;psite	638
ENSP00000344220	PDPK1	410	PQRSGSNIEQY	PDK1;PDPK1	hprd;pelm;psite	638
ENSP00000348099	PDLIM7	78	CGERLSLGLSR		hprd;psite	619
ENSP00000348099	PDLIM7	105	DPPRYTFAPSV		psite	619
ENSP00000348099	PDLIM7	161	RPRPGTGQSRS		psite	619
ENSP00000348099	PDLIM7	247	VLTRHSQPATP		hprd;pelm;psite	619
ENSP00000309591	PRKACA	11	AAKKGSEQESV		hprd;psite	801
ENSP00000309591	PRKACA	49	FERIKTLGTGS		hprd;psite	801
ENSP00000309591	PRKACA	140	RIGRFSEPHAR		hprd;psite	801
ENSP00000309591	PRKACA	198	KGRTWTLCGTP	PRKACA	hprd;pelm;psite	801
ENSP00000309591	PRKACA	260	KVRFPSHFSSD		psite	801
ENSP00000309591	PRKACA	339	EEIRVSINEKC		hprd;pelm;psite	801
ENSP00000359719	PRKACB	245	KGRTWTLCGTP		hprd;psite	801
ENSP00000359719	PRKACB	307	KVRFPSHFSSD		psite	801
ENSP00000359719	PRKACB	369	PKFRGSGDTSN		psite	801
ENSP00000359719	PRKACB	386	EDIRVSITEKC		hprd;psite	801
ENSP00000366488	PRKACG	198	KGRTWTLCGTP		hprd;psite	800
ENSP00000343325	PKN1	69	NLRRATTDLGR		psite	642
ENSP00000343325	PKN1	70	LRRATTDLGRS	PKN1	hprd;psite	642
ENSP00000343325	PKN1	86	LLLRGSSRRLD		psite	642
ENSP00000343325	PKN1	246	VLRLLSAAKAP		hprd;psite	642
ENSP00000343325	PKN1	380	YSRSGSLSGRS	PKN1	hprd;psite	642
ENSP00000343325	PKN1	385	SLSGRSSLKAE		psite	642
ENSP00000343325	PKN1	386	LSGRSSLKAEA	PKN1	hprd;psite	642
ENSP00000343325	PKN1	546	GASPGSEARTT		psite	642
ENSP00000343325	PKN1	582	PSSPSSLSSPI	PKN1	hprd;psite	642
ENSP00000343325	PKN1	617	RKSPLTLEDFK		psite	642
ENSP00000343325	PKN1	779	YGDRTSTFCGT		psite	642
ENSP00000343325	PKN1	780	GDRTSTFCGTP	PDK1;PDPK1;PKN1	hprd;pelm;psite	642
ENSP00000338185	PLCB1	981	KKSEPSSPDHG		psite	821
ENSP00000338185	PLCB1	988	PDHGSSTIEQD		psite	821
ENSP00000260402	PLCB2	601	NKRQMSRIYPK		pelm;psite	809
ENSP00000279230	PLCB3	474	KRHRPSAGGPD		psite	804
ENSP00000279230	PLCB3	1105	RKRHNSISEAK	PRKACA;PRKCA;PRKG1;PRKG2	hprd;pelm;psite	804
ENSP00000279230	PLCB3	1130	NRRHITESVNS		psite	804
ENSP00000313731	PLCD3	105	IPRAPSQHIFF		hprd;pelm;psite	800
ENSP00000313731	PLCD3	496	DGRALSDREEE		hprd;pelm;psite	800
ENSP00000313731	PLCD3	582	NARQLTRVYPL		psite	800
ENSP00000260766	PLCE1	1096	LMRGESGEVTD		psite	800
ENSP00000260766	PLCE1	1100	ESGEVTDDEMA		psite	800
ENSP00000244007	PLCG1	470	KLAEGSAYEEV		psite	907
ENSP00000244007	PLCG1	542	EVSSSTELHSN		psite	907
ENSP00000244007	PLCG1	981	CYRDMSSFPET		psite	907
ENSP00000244007	PLCG1	1225	DLSPFSGTSLR		psite	907
ENSP00000244007	PLCG1	1228	PFSGTSLRERG		psite	907
ENSP00000244007	PLCG1	1234	LRERGSDASGQ		hprd;pelm;psite	907
ENSP00000244007	PLCG1	1237	RGSDASGQLFH		psite	907
ENSP00000244007	PLCG1	1249	RAREGSFESRY	AKT1;PRKACA;PRKCA;PRKD1	hprd;pelm;psite	907
ENSP00000244007	PLCG1	1252	EGSFESRYQQP		psite	907
ENSP00000244007	PLCG1	1264	EDFRISQEHLA		hprd;pelm;psite	907
ENSP00000352336	PLCG2	160	QTRRNSISLRE		psite	903
ENSP00000352336	PLCG2	276	KFIDDTMRETA		hprd;psite	903
ENSP00000352336	PLCG2	677	RKREGSDSYAI		psite	903
ENSP00000352336	PLCG2	1045	PESMRTEKYDP		psite	903
ENSP00000352336	PLCG2	1259	REKRVSNSKFY		psite	903
ENSP00000342793	PLD1	505	VKRVTSGPSLG	PRKAA2	psite	811
ENSP00000342793	PLD1	561	KFSKFSLYKQL	PRKCA	hprd;psite	811
ENSP00000342793	PLD1	611	LFHPSSESEQG	CSNK2A1	psite	811
ENSP00000342793	PLD1	629	TGSIRSLQTGV		hprd;pelm;psite	811
ENSP00000342793	PLD1	147	PTRRHTFRRQN	PRKCA	hprd;psite	811
ENSP00000263088	PLD2	100	DFSWTTKKKYR		pelm;psite	800
ENSP00000263088	PLD2	175	LNRLLTMSFYR		psite	800
ENSP00000301242	PPP1R14A	12	GKRVLSKLQSP	DAPK3	pelm;psite	825
ENSP00000301242	PPP1R14A	38	RHARVTVKYDR	DAPK3;ILK;PKD1;PRKACA;PRKCA;PRKCD;PRKCE;PRKCZ;PRKD1;PRKG1;ROCK2	hprd;pelm;psite	825
ENSP00000262848	PRKX	203	VDRTWTLCGTP		psite	801
ENSP00000228307	PXN	35	PYSYPTGNHTY		psite	807
ENSP00000228307	PXN	39	PTGNHTYQEIA		psite	807
ENSP00000228307	PXN	109	VGSPCSRVGEE		psite	807
ENSP00000228307	PXN	249	SPQRVTSTQQQ		psite	807
ENSP00000228307	PXN	250	PQRVTSTQQQT		psite	807
ENSP00000228307	PXN	258	QQTRISASSAT		hprd;psite	807
ENSP00000228307	PXN	261	RISASSATREL		hprd;pelm;psite	807
ENSP00000228307	PXN	263	SASSATRELDE		psite	807
ENSP00000332816	PTK2B	375	GEKRNSLPQIP	PTK2B	hprd;pelm;psite	805
ENSP00000332816	PTK2B	399	SCSIESDIYAE		hprd;psite	805
ENSP00000332816	PTK2B	778	VFKRHSMREED	PTK2B	hprd;psite	805
ENSP00000418210	ZMYND8	440	VLSGGTGRRIS		hprd;psite	621
ENSP00000418210	ZMYND8	445	TGRRISLSDMP		hprd;pelm;psite	621
ENSP00000418210	ZMYND8	455	PRSPMSTNSSV		hprd;psite	621
ENSP00000418210	ZMYND8	462	NSSVHTGSDVE		hprd;psite	621
ENSP00000418210	ZMYND8	464	SVHTGSDVEQD		hprd;psite	621
ENSP00000418210	ZMYND8	480	TSSHFSASEES		hprd;pelm;psite	621
ENSP00000418210	ZMYND8	485	SASEESMDFLD		hprd;pelm;psite	621
ENSP00000418210	ZMYND8	543	LNLDRSKAEMD		psite	621
ENSP00000418210	ZMYND8	612	SDSEDSEKSDS		hprd;psite	621
ENSP00000418210	ZMYND8	615	EDSEKSDSSDS		psite	621
ENSP00000418210	ZMYND8	675	STSPASEKADP		psite	621
ENSP00000418210	ZMYND8	727	HLGLDSDSESE		hprd;pelm;psite	621
ENSP00000418210	ZMYND8	729	GLDSDSESELV		hprd;pelm;psite	621
ENSP00000251849	RAF1	43	YQRRASDDGKL	PRKACA;PRKCA	hprd;pelm;psite	900
ENSP00000251849	RAF1	220	RRMRESVSRMP		psite	900
ENSP00000251849	RAF1	233	SQHRYSTPHAF	PRKACA	hprd;pelm;psite	900
ENSP00000251849	RAF1	257	SQRQRSTSTPN		hprd;pelm;psite	900
ENSP00000251849	RAF1	258	QRQRSTSTPNV		hprd;pelm;psite	900
ENSP00000251849	RAF1	259	RQRSTSTPNVH	AKT1;PRKACA;RAF1	hprd;pelm;psite	900
ENSP00000251849	RAF1	283	EDAIRSHSESA		psite	900
ENSP00000251849	RAF1	285	AIRSHSESASP		psite	900
ENSP00000251849	RAF1	294	SPSALSSSPNN		hprd;pelm;psite	900
ENSP00000251849	RAF1	338	RGQRDSSYYWE	MAP2K1;PAK1;PAK3;RAF1	hprd;pelm;psite	900
ENSP00000251849	RAF1	339	GQRDSSYYWEI	PAK1	hprd;pelm;psite	900
ENSP00000251849	RAF1	357	STRIGSGSFGT		psite	900
ENSP00000251849	RAF1	497	VKSRWSGSQQV		psite	900
ENSP00000251849	RAF1	619	PKINRSASEPS		hprd;psite	900
ENSP00000251849	RAF1	621	INRSASEPSLH	PRKACA;RAF1	hprd;pelm;psite	900
ENSP00000251849	RAF1	624	SASEPSLHRAA		hprd;psite	900
ENSP00000384192	RASGRP3	133	WMRRVTQRKKV	PRKCD;PRKCQ	hprd;pelm;psite	846
ENSP00000267163	RB1	37	DPEQDSGPEDL		hprd;pelm;psite	621
ENSP00000267163	RB1	350	TDSIDSFETQR		psite	621
ENSP00000267163	RB1	353	IDSFETQRTPR		hprd;pelm;psite	621
ENSP00000267163	RB1	360	RTPRKSNLDEE		psite	621
ENSP00000267163	RB1	624	TTRVNSTANAE		psite	621
ENSP00000267163	RB1	778	STRPPTLSPIP		psite	621
ENSP00000267163	RB1	834	SRILVSIGESF		psite	621
ENSP00000267163	RB1	841	GESFGTSEKFQ		psite	621
ENSP00000235382	RGS2	46	WKTRLSYFLQN	PRKG1	hprd;pelm;psite	660
ENSP00000261313	PEBP1	13	WSGPLSLQEVD		psite	619
ENSP00000261313	PEBP1	51	VKNRPTSISWD		hprd;psite	619
ENSP00000261313	PEBP1	52	KNRPTSISWDG		hprd;pelm;psite	619
ENSP00000299759	RRAD	39	PLHRRSMPVDE		psite	619
ENSP00000299759	RRAD	214	RSREVSVDEGR	CSNK2A1;PRKCA	hprd;pelm;psite	619
ENSP00000299759	RRAD	257	RLRRDSKEANA	CSNK2A1;PRKCA	hprd;psite	619
ENSP00000299759	RRAD	273	TRRRESLGKKA	CAMK2A;CSNK2A1;PRKACA;PRKCA	hprd;psite	619
ENSP00000299759	RRAD	290	IVARNSRKMAF	CSNK2A1;PRKCA	hprd;psite	619
ENSP00000299759	RRAD	299	AFRAKSKSCHD	CSNK2A1;PRKCA	hprd;psite	619
ENSP00000256196	RRAS2	10	GWRDGSGQEKY		psite	816
ENSP00000256196	RRAS2	190	PSPEPTRKEKD		hprd;psite	816
ENSP00000262519	SETD1A	220	ESRRRSSSDTA		psite	435
ENSP00000262519	SETD1A	221	SRRRSSSDTAA		psite	435
ENSP00000262519	SETD1A	222	RRRSSSDTAAY		psite	435
ENSP00000262519	SETD1A	224	RSSSDTAAYPA		psite	435
ENSP00000262519	SETD1A	349	LSSSSSSSSSS		psite	435
ENSP00000262519	SETD1A	350	SSSSSSSSSSS		psite	435
ENSP00000262519	SETD1A	508	FSFLASDTEEE		hprd;psite	435
ENSP00000262519	SETD1A	510	FLASDTEEEEE		hprd;psite	435
ENSP00000262519	SETD1A	892	ALRLPSFKVKR		psite	435
ENSP00000262519	SETD1A	907	EISEASEEKRP		hprd;psite	435
ENSP00000262519	SETD1A	915	KRPRPSTPAEE		hprd;psite	435
ENSP00000262519	SETD1A	1167	KKRRKTVSFSA		psite	435
ENSP00000262519	SETD1A	1171	KTVSFSAIEVV		psite	435
ENSP00000340944	PTPN11	34	FLARPSKSNPG		psite	649
ENSP00000340944	PTPN11	153	VLSVRTGDDKG		psite	649
ENSP00000340944	PTPN11	576	EMREDSARVYE	PRKCA;PRKCB;PRKCH	hprd;psite	649
ENSP00000313681	SPHK1	279	GEMRFTLGTFL		hprd;psite	800
ENSP00000245222	SPHK2	399	LPRAKSELTLT		psite	800
ENSP00000245222	SPHK2	421	LHRSVSDLPLP	PRKD1	psite	800
ENSP00000361824	SPTAN1	517	FEKSLSAQEEK		psite	621
ENSP00000361824	SPTAN1	1207	VATFNSIKELN		psite	621
ENSP00000361824	SPTAN1	1217	NERWRSLQQLA		hprd;pelm;psite	621
ENSP00000361824	SPTAN1	1302	ERLIQSHPESA		psite	621
ENSP00000361824	SPTAN1	1578	TASDESYKDPT		psite	621
ENSP00000361824	SPTAN1	1620	IDMGNSLIERG		psite	621
ENSP00000361824	SPTAN1	1802	YGRDLTGVQNL		psite	621
ENSP00000361824	SPTAN1	1964	LNGKVSDLEKA		psite	621
ENSP00000361824	SPTAN1	2021	VQTLLTKQETF		psite	621
ENSP00000361824	SPTAN1	2071	LMKRWSQLLAN		psite	621
ENSP00000361824	SPTAN1	2430	GKPYVTKEELY		psite	621
ENSP00000350941	SRC	17	SQRRRSLEPAE	PRKACA	hprd;pelm;psite	811
ENSP00000350941	SRC	51	GHRGPSAAFAP		psite	811
ENSP00000350941	SRC	72	FNSSDTVTSPQ		psite	811
ENSP00000350941	SRC	97	LYDYESRTETD		hprd;pelm;psite	811
ENSP00000350941	SRC	183	RESETTKGAYC		psite	811
ENSP00000350941	SRC	269	EIPRESLRLEV		psite	811
ENSP00000362399	STXBP1	509	TRSSASFSTTA		psite	703
ENSP00000307046	SDC2	187	GERKPSSAAYQ	PRKCA	hprd;pelm;psite	621
ENSP00000286827	TIAM1	26	LGRKHTSRSLR		psite	620
ENSP00000286827	TIAM1	33	RSLRLSHKTRR		psite	620
ENSP00000286827	TIAM1	231	CQRANSLGDLY		hprd;psite	620
ENSP00000286827	TIAM1	294	LPCRKSHCLSE		psite	620
ENSP00000286827	TIAM1	319	GRRAKTTQDVN		psite	620
ENSP00000286827	TIAM1	373	SDSGSSSTGDA		psite	620
ENSP00000286827	TIAM1	695	RSRFSSLWGLD		psite	620
ENSP00000286827	TIAM1	1321	GSHRLSIYEDW		psite	620
ENSP00000411532	TOP2A	29	AKKRLSVERIY	PRKCA	hprd;pelm;psite	698
ENSP00000411532	TOP2A	1106	EENEESDNEKE		hprd;pelm;psite	698
ENSP00000411532	TOP2A	1295	KRNPWSDSESD		hprd;pelm;psite	698
ENSP00000411532	TOP2A	1302	SESDRSSDESN		hprd;psite	698
ENSP00000411532	TOP2A	1303	ESDRSSDESNF		hprd;psite	698
ENSP00000411532	TOP2A	1343	DFDEKTDDEDF	CSNK2A1;PLK1;PLK3;PRKCB	hprd;pelm;psite	698
ENSP00000411532	TOP2A	1365	TSPKLSNKELK	CSNK2A1	hprd;psite	698
ENSP00000411532	TOP2A	1377	QKSVVSDLEAD	CSNK2A1	hprd;pelm;psite	698
ENSP00000411532	TOP2A	1452	LNSGVSQKPDP		hprd;pelm;psite	698
ENSP00000411532	TOP2A	1469	RKRKPSTSDDS	CSNK2A1	hprd;pelm;psite	698
ENSP00000411532	TOP2A	1474	STSDDSDSNFE		hprd;pelm;psite	698
ENSP00000411532	TOP2A	1476	SDDSDSNFEKI		hprd;psite	698
ENSP00000411532	TOP2A	1491	VTSKKSKGESD		hprd;pelm;psite	698
ENSP00000396704	TOP2B	1331	KRNPWSDDESK		hprd;pelm;psite	523
ENSP00000396704	TOP2B	1335	WSDDESKSESD		hprd;pelm;psite	523
ENSP00000396704	TOP2B	1339	ESKSESDLEET		hprd;pelm;psite	523
ENSP00000396704	TOP2B	1353	VIPRDSLLRRA		psite	523
ENSP00000396704	TOP2B	1370	YTFDFSEEEDD		hprd;pelm;psite	523
ENSP00000396704	TOP2B	1398	KASPITNDGED		hprd;psite	523
ENSP00000396704	TOP2B	1447	LFSFPSYSQKS		hprd;psite	523
ENSP00000396704	TOP2B	1452	SYSQKSEDDSA		hprd;pelm;psite	523
ENSP00000396704	TOP2B	1461	SAKFDSNEEDS		hprd;pelm;psite	523
ENSP00000396704	TOP2B	1519	AVNSDSDSEFG		hprd;pelm;psite	523
ENSP00000396704	TOP2B	1545	KKRKASGSENE		hprd;pelm;psite	523
ENSP00000396704	TOP2B	1547	RKASGSENEGD		hprd;pelm;psite	523
ENSP00000396704	TOP2B	1608	KYFAESDEEED		hprd;pelm;psite	523
ENSP00000344818	UBC	57	DGRTLSDYNIQ		hprd;psite	859
ENSP00000226218	VTN	69	RGDVFTMPEDE	CSNK2A1	hprd;pelm;psite	639
ENSP00000226218	VTN	312	MMQRDSWEDIF		hprd;pelm;psite	639
ENSP00000226218	VTN	386	SQRGHSRGRNQ	PRKCA	psite	639
ENSP00000226218	VTN	397	NSRRPSRATWL	PRKACA;PRKCA	hprd;pelm;psite	639
ENSP00000347858	XIAP	32	FNRLKTFANFP		psite	504
ENSP00000347858	XIAP	46	PVSASTLARAG		psite	504
ENSP00000347858	XIAP	430	ESSQTSLQKEI		psite	504
ENSP00000281537	TJP1	125	DPEPVSDNEED		hprd;pelm;psite	804
ENSP00000281537	TJP1	131	DNEEDSYDEEI		hprd;pelm;psite	804
ENSP00000281537	TJP1	144	PRSGRSGVVNR		psite	804
ENSP00000281537	TJP1	151	VVNRRSEKIWP		psite	804
ENSP00000281537	TJP1	160	WPRDRSASRER		psite	804
ENSP00000281537	TJP1	162	RDRSASRERSL		psite	804
ENSP00000281537	TJP1	166	ASRERSLSPRS		hprd;pelm;psite	804
ENSP00000281537	TJP1	175	RSDRRSVASSQ		hprd;psite	804
ENSP00000281537	TJP1	178	RRSVASSQPAK		hprd;psite	804
ENSP00000281537	TJP1	280	SDSIHSANASE		hprd;pelm;psite	804
ENSP00000281537	TJP1	297	IQSLASDHSGR		psite	804
ENSP00000281537	TJP1	300	LASDHSGRSHD		hprd;psite	804
ENSP00000281537	TJP1	313	PRRSRSRSPDQ		psite	804
ENSP00000281537	TJP1	337	QPSNGSLRSRD		hprd;pelm;psite	804
ENSP00000281537	TJP1	340	NGSLRSRDEER		psite	804
ENSP00000281537	TJP1	347	DEERISKPGAV		psite	804
ENSP00000281537	TJP1	617	RNLRKSREDLS		hprd;pelm;psite	804
ENSP00000281537	TJP1	648	FLRPVTIFGPI		psite	804
ENSP00000281537	TJP1	821	HDDRLSYLSAP		psite	804
ENSP00000281537	TJP1	824	RLSYLSAPGSE		psite	804
ENSP00000281537	TJP1	831	PGSEYSMYSTD		psite	804
ENSP00000281537	TJP1	837	MYSTDSRHTSD		psite	804
ENSP00000281537	TJP1	854	EGGAYTDQELD		psite	804
ENSP00000281537	TJP1	978	SLRTPSTEAAH		psite	804
ENSP00000281537	TJP1	1067	ESSSYTDQFSR		psite	804
ENSP00000281537	TJP1	1366	YFDRRSFENKP		hprd;pelm;psite	804
ENSP00000281537	TJP1	1413	DGVDRSFGEKR		psite	804
ENSP00000281537	TJP1	1619	IPVSPSAVEED		pelm;psite	804
ENSP00000275493	EGFR	1028	FFSSPSTSRTP		hprd;pelm	637
ENSP00000274547	GABRB2	472	LRRRASQLKIT		hprd;pelm	621
ENSP00000323568	SLC2A2	491	ETKGKSFEEIA	PRKACA	hprd;pelm	800
ENSP00000279230	PLCB3	26	TLRRGSKFIKW	PRKG1;PRKG2	hprd;pelm	804
ENSP00000288602	BRAF	727	PKIHRSASEPS		pelm	909
ENSP00000288602	BRAF	319	SGSSPSAPASD		hprd;pelm	909
ENSP00000357643	MKI67	1118	GPSEESMTDEK		hprd;pelm	621
ENSP00000357643	MKI67	2211	CTDKPTTHEKT		hprd;pelm	621
ENSP00000357643	MKI67	2332	GTDKPTTDEKT		hprd;pelm	621
ENSP00000357643	MKI67	299	PKSGGSGHAVA		hprd;pelm	621
ENSP00000357643	MKI67	413	AADSATKPENL		hprd;pelm	621
ENSP00000357643	MKI67	296	KSRPKSGGSGH		hprd;pelm	621
ENSP00000343463	MAP3K2	347	DISPPSRSPRA		hprd;pelm	815
ENSP00000281537	TJP1	326	EPSDHSRHSPQ		pelm	804
ENSP00000411532	TOP2A	1306	RSSDESNFDVP		hprd	698
ENSP00000396704	TOP2B	1130	DSSSDSGTPSG		hprd	523
ENSP00000290100	EPB41	411	SYKRSSFFIKI		hprd	621
ENSP00000332549	GRIN2A	1416	YCSRDSRGHND	PRKCA	hprd	800
ENSP00000332549	GRIN2A	1291	ISRQHSYDNIV	CAMK2A	hprd	800
ENSP00000332549	GRIN2A	1337	PSSKLSGKKSS		hprd	800
ENSP00000405934	ITPR1	1743	GGSGSSSMSRG		hprd	803
ENSP00000405934	ITPR1	1746	GSSSMSRGEMS		hprd	803
ENSP00000261366	LMNB1	579	GTPRASNRSCA		hprd	847
ENSP00000261366	LMNB1	279	NARLSSEMNTS		hprd	847
ENSP00000346032	ANXA2	21	SFKMSTVHEIL		hprd	621
ENSP00000346032	ANXA2	171	KEMYKTDLEKD		hprd	621
ENSP00000361824	SPTAN1	2144	DAFRSSLSSAQ		hprd	621
ENSP00000361824	SPTAN1	940	LMSDLSAYGSS		hprd	621
ENSP00000361824	SPTAN1	1075	EELYHSLLELG		hprd	621
ENSP00000347858	XIAP	356	CLVRTTEKTPS		hprd	504
ENSP00000347858	XIAP	436	LQKEISTEEQL		hprd	504
ENSP00000370744	ITPR2	1826	IRSTVTVNTID		hprd	803
ENSP00000279230	PLCB3	929	TTSPASTSLSS		hprd	804
ENSP00000286827	TIAM1	1542	ERGRKTLDSHA		hprd	620
ENSP00000341189	PTK2	24	KTHLGTGMERS		hprd	805
ENSP00000363708	BMPR2	513	WERNKSVSPTV		hprd	585
ENSP00000334105	PLCB4	620	NKRQMSRIYPK		hprd	800
ENSP00000281537	TJP1	323	QRSEPSDHSRH		hprd	804
ENSP00000281537	TJP1	885	PVREDSSGMHH		hprd	804
ENSP00000281537	TJP1	840	TDSRHTSDYED		hprd	804
ENSP00000281537	TJP1	841	DSRHTSDYEDT		hprd	804
ENSP00000332816	PTK2B	389	LEARRSHLSES		hprd	805
ENSP00000313391	DAB2	422	ESSVQSSPHDS		hprd	621
ENSP00000005340	DVL2	222	MSRFSSSTEQS		hprd	619
ENSP00000005340	DVL2	230	EQSSASRLLKR		hprd	619
ENSP00000228307	PXN	219	RPSVESLLDEL		hprd	807
ENSP00000354927	MAP3K3	345	VPSSRSLSTNG		hprd	815
ENSP00000362399	STXBP1	590	PDFRESSRVSF		hprd	703
ENSP00000311344	PPP2R1B	59	LGVERTRSELL		hprd	800
ENSP00000260402	PLCB2	728	SPSTNSINPVW		hprd	809
ENSP00000344220	PDPK1	33	MVRTQTESSTP	PDPK1	hprd	638
ENSP00000321746	PDLIM5	377	STGRISNSATY		hprd	619
ENSP00000338185	PLCB1	569	SFEMSSFVETK		hprd	821
ENSP00000357624	MARCKS	262	AAEEPSKVEEK		hprd	744
ENSP00000357624	MARCKS	83	GAASPSAAEKG		hprd	744
ENSP00000357643	MKI67	2632	GQSTHTHKEPA		hprd	621
ENSP00000357643	MKI67	716	ANSPCTIIIGK		hprd	621
ENSP00000357643	MKI67	2508	RTSGETTQTHT		hprd	621
ENSP00000357643	MKI67	3082	HKLQDSVPENK		hprd	621
ENSP00000357643	MKI67	630	PSKRVSISRSQ		hprd	621
ENSP00000357643	MKI67	109	NGRKSTEFPRK		hprd	621
ENSP00000357643	MKI67	1635	KRRLKTSLGKV		hprd	621
ENSP00000357643	MKI67	3127	KKPMKTSPEMD		hprd	621
ENSP00000357643	MKI67	1848	CTDNPTTDEKT		hprd	621
ENSP00000356436	PLA2G4A	508	PLSPLSDFATQ		hprd	816
ENSP00000302961	HSPA4	474	PQSDGSSSKVK		hprd	621
ENSP00000343463	MAP3K2	310	DHSLSTSSGSS		hprd	815
ENSP00000343463	MAP3K2	314	STSSGSSIFTP		hprd	815
ENSP00000418210	ZMYND8	602	SEDVYTAVEHS		hprd	621
ENSP00000418210	ZMYND8	501	PASTKTGQAGS		hprd	621
ENSP00000418210	ZMYND8	1063	KSSQGSSSSTQ		hprd	621
ENSP00000418210	ZMYND8	1067	GSSSSTQSAPS		hprd	621
ENSP00000398824	PHF21A	450	PTSPQSSHPDS		hprd	462
ENSP00000262519	SETD1A	963	SFALDSEGEEA		hprd	435
ENSP00000262519	SETD1A	972	EASQESSSEKD		hprd	435
ENSP00000262519	SETD1A	504	QRSKFSFLASD		hprd	435
ENSP00000262519	SETD1A	958	GKHRKSFALDS		hprd	435
ENSP00000262519	SETD1A	904	EPSEISEASEE		hprd	435
