name	PRKCG
id	ENSP00000263431
type	Serine/threonine kinase
proline+1_removed	Yes
npartners	163
npartners_with_sites	139
nsites	472
//
motif	score	fg_matches	fg_size	bg_matches	bg_size	fold_increase
..RR.[ST].....	315.84	25	1231	18	9383	10.59
..R..[ST].....	307.65	146	1206	465	9365	2.44
...R.[ST].....	307.65	117	1060	404	8900	2.43
.....[ST]..R..	7.26	80	857	396	8057	1.9
R....[ST].....	6.39	86	943	439	8496	1.76
//
prot_id	prot_name	position	flank	kinase	source	string_score
ENSP00000300161	YWHAB	60	GARRSSWRVIS	PRKCD	hprd;pelm;psite	722
ENSP00000264335	YWHAE	64	SWRIISSIEQK		hprd;psite	650
ENSP00000264335	YWHAE	91	RQMVETELKLI		hprd;psite	650
ENSP00000306330	YWHAG	59	GARRSSWRVIS	LATS2	psite	662
ENSP00000349960	ACTB	33	RAVFPSIVGRP		psite	819
ENSP00000349960	ACTB	186	AGRDLTDYLMK		psite	819
ENSP00000349960	ACTB	199	TERGYSFTTTA		psite	819
ENSP00000349960	ACTB	201	RGYSFTTTAER		hprd;psite	819
ENSP00000349960	ACTB	203	YSFTTTAEREI		psite	819
ENSP00000331514	ACTG1	33	RAVFPSIVGRP		psite	819
ENSP00000331514	ACTG1	186	AGRDLTDYLMK		psite	819
ENSP00000331514	ACTG1	199	TERGYSFTTTA		psite	819
ENSP00000331514	ACTG1	201	RGYSFTTTAER		hprd;psite	819
ENSP00000331514	ACTG1	203	YSFTTTAEREI		psite	819
ENSP00000366244	ARAF	212	LQRIRSTSTPN		hprd;pelm;psite	800
ENSP00000366244	ARAF	213	QRIRSTSTPNV		pelm;psite	800
ENSP00000366244	ARAF	214	RIRSTSTPNVH		hprd;pelm;psite	800
ENSP00000366244	ARAF	250	GSRGGSDGTPR		psite	800
ENSP00000366244	ARAF	264	SPASVSSGRKS		psite	800
ENSP00000366244	ARAF	272	RKSPHSKSPAE		hprd;psite	800
ENSP00000366244	ARAF	283	QRERKSLADDK		psite	800
ENSP00000366244	ARAF	299	LGYRDSGYYWE		pelm;psite	800
ENSP00000366244	ARAF	318	LKRIGTGSFGT		psite	800
ENSP00000366244	ARAF	320	RIGTGSFGTVF		psite	800
ENSP00000366244	ARAF	323	TGSFGTVFRGR		psite	800
ENSP00000366244	ARAF	413	DVARQTAQGMD		psite	800
ENSP00000366244	ARAF	458	VKTRWSGAQPL		psite	800
ENSP00000366244	ARAF	547	MRRLLSDCLKF		psite	800
ENSP00000366244	ARAF	582	IERSASEPSLH		hprd;pelm;psite	800
ENSP00000366244	ARAF	585	SASEPSLHRTQ		psite	800
ENSP00000366244	ARAF	600	PACLLSAARLV		psite	800
ENSP00000288602	BRAF	244	RKTFFTLAFCD		psite	820
ENSP00000288602	BRAF	363	GQRDRSSSAPN		hprd;psite	820
ENSP00000288602	BRAF	364	QRDRSSSAPNV		hprd;pelm;psite	820
ENSP00000288602	BRAF	365	RDRSSSAPNVH	AKT1;AKT3	hprd;pelm;psite	820
ENSP00000288602	BRAF	394	RGDGGSTTGLS		psite	820
ENSP00000288602	BRAF	428	QRERKSSSSSE		psite	820
ENSP00000288602	BRAF	429	RERKSSSSSED	AKT1;AKT3	hprd;pelm;psite	820
ENSP00000288602	BRAF	432	KSSSSSEDRNR		psite	820
ENSP00000288602	BRAF	440	RNRMKTLGRRD		hprd;pelm;psite	820
ENSP00000288602	BRAF	446	LGRRDSSDDWE	PAK1	hprd;pelm;psite	820
ENSP00000288602	BRAF	447	GRRDSSDDWEI		hprd;pelm;psite	820
ENSP00000288602	BRAF	465	GQRIGSGSFGT		psite	820
ENSP00000288602	BRAF	467	RIGSGSFGTVY		psite	820
ENSP00000288602	BRAF	605	VKSRWSGSHQF		psite	820
ENSP00000288602	BRAF	729	IHRSASEPSLN		hprd;pelm;psite	820
ENSP00000288602	BRAF	732	SASEPSLNRAG		psite	820
ENSP00000263119	CABIN1	66	ELLEASLLREA		psite	899
ENSP00000353362	CACNA1A	2264	RQGSSSVSGSP		psite	854
ENSP00000377840	CACNB1	495	TLRALSRQDTF		psite	401
ENSP00000377840	CACNB1	499	LSRQDTFDADT		psite	401
ENSP00000272298	CALM2	80	RKMKDTDSEEE	CSNK2A1	pelm;psite	510
ENSP00000291295	CALM3	80	RKMKDTDSEEE	CSNK2A1	pelm;psite	509
ENSP00000349467	CALM1	80	RKMKDTDSEEE	CSNK2A1	pelm;psite	508
ENSP00000296154	CASR	342	VHPRKSVHNGF		psite	621
ENSP00000296154	CASR	888	VAARATLRRSN	PRKCA	hprd;pelm;psite	621
ENSP00000296154	CASR	892	ATLRRSNVSRK		psite	621
ENSP00000296154	CASR	895	RRSNVSRKRSS		psite	621
ENSP00000296154	CASR	899	VSRKRSSSLGG		psite	621
ENSP00000342681	CD5	428	MNQNMSFHRNH		psite	667
ENSP00000342681	CD5	434	FHRNHTATVRS	PRKCA;PRKCG	hprd;pelm;psite	667
ENSP00000342681	CD5	436	RNHTATVRSHA	PRKCA;PRKCG	hprd;pelm;psite	667
ENSP00000342681	CD5	460	QPPRNSHLSAY		hprd;psite	667
ENSP00000342681	CD5	476	ALHRSSMQPDN		psite	667
ENSP00000337103	CHAT	25	EEGGGTRGRRE		psite	619
ENSP00000337103	CHAT	473	LIRADSVSELP		psite	619
ENSP00000337103	CHAT	475	RADSVSELPAP		hprd;psite	619
ENSP00000221476	CKM	313	FEEILTRLRLQ		psite	528
ENSP00000221476	CKM	322	LQKRGTGGVDT		psite	528
ENSP00000356436	PLA2G4A	727	NPSRCSVSLSN	RPS6KA5	hprd;pelm;psite	800
ENSP00000300574	CRK	40	FLVRDSSTSPG		hprd;psite	899
ENSP00000300574	CRK	41	LVRDSSTSPGD		hprd;psite	899
ENSP00000300574	CRK	85	PGVSPSRLRIG		hprd;psite	899
ENSP00000300574	CRK	125	RSRQGSGVILR		hprd;psite	899
ENSP00000300574	CRK	194	KYRPASASVSA		hprd;psite	899
ENSP00000300574	CRK	196	RPASASVSALI		hprd;psite	899
ENSP00000290374	GJD2	293	QAKRKSIYEIR		psite	823
ENSP00000282561	GJA1	244	RVKGKSDPYHA		psite	987
ENSP00000282561	GJA1	290	GYKLVTGDRNN		psite	987
ENSP00000282561	GJA1	296	GDRNNSSCRNY		psite	987
ENSP00000282561	GJA1	364	VDQRPSSRASS		psite	987
ENSP00000282561	GJA1	365	DQRPSSRASSR		hprd;psite	987
ENSP00000282561	GJA1	368	PSSRASSRASS	PRKCA;PRKCE	hprd;pelm;psite	987
ENSP00000282561	GJA1	369	SSRASSRASSR		hprd;psite	987
ENSP00000282561	GJA1	372	ASSRASSRPRP		psite	987
ENSP00000282561	GJA1	373	SSRASSRPRPD		hprd;psite	987
ENSP00000408236	CYTH2	58	NEGSKTLQRNR		psite	723
ENSP00000408236	CYTH2	391	RKKRISVKKKQ	PRKCA	hprd;pelm;psite	723
ENSP00000313391	DAB2	723	APRQVSLPVTK		hprd;psite	621
ENSP00000369213	DDX58	8	TEQRRSLQAFQ		psite	619
ENSP00000369213	DDX58	770	ILRLQTWDEAV	CSNK2A1	psite	619
ENSP00000005340	DVL2	158	TESVVSLRRER		psite	619
ENSP00000005340	DVL2	169	PRRRDSSEHGA		psite	619
ENSP00000005340	DVL2	170	RRRDSSEHGAG		psite	619
ENSP00000005340	DVL2	224	RFSSSTEQSSA	CSNK1D;CSNK1E	psite	619
ENSP00000005340	DVL2	228	STEQSSASRLL		hprd;pelm;psite	619
ENSP00000005340	DVL2	286	SIVGQSNERGD		psite	619
ENSP00000005340	DVL2	364	PQAYFTLPRNE		psite	619
ENSP00000005340	DVL2	592	EGSRSSGSTRS		psite	619
ENSP00000005340	DVL2	595	RSSGSTRSDGG		psite	619
ENSP00000005340	DVL2	630	SSRGGSLRRGG		psite	619
ENSP00000005340	DVL2	715	VPPELTASRQS		psite	619
ENSP00000005340	DVL2	720	TASRQSFHMAM		psite	619
ENSP00000302886	PA2G4	335	PMRITSGPFEP		hprd;psite	619
ENSP00000302886	PA2G4	361	ALLQSSASRKT		hprd;pelm;psite	619
ENSP00000302886	PA2G4	366	SASRKTQKKKK	PRKCA	hprd;psite	619
ENSP00000338934	EZR	332	KKRRETVEREK		psite	800
ENSP00000338934	EZR	366	AERELSEQIQR		psite	800
ENSP00000338934	EZR	539	LSSELSQARDE		hprd;psite	800
ENSP00000338934	EZR	567	RDKYKTLRQIR	ADRBK1;AKT2;LRRK2;MAP3K8;MST4;PRKCA;PRKCI;PRKCQ;ROCK1;STK10	hprd;pelm;psite	800
ENSP00000338934	EZR	576	IRQGNTKQRID		psite	800
ENSP00000341189	PTK2	390	RTHAVSVSETD	PTK2	hprd;psite	806
ENSP00000341189	PTK2	517	QVRKYSLDLAS		psite	806
ENSP00000341189	PTK2	574	RYMEDSTYYKA		psite	806
ENSP00000341189	PTK2	695	RMRMESRRQAT		psite	806
ENSP00000341189	PTK2	700	SRRQATVSWDS		psite	806
ENSP00000341189	PTK2	702	RQATVSWDSGG		psite	806
ENSP00000341189	PTK2	726	PSPRSSEGFYP		psite	806
ENSP00000341189	PTK2	840	PDVRLSRGSID		hprd;pelm;psite	806
ENSP00000341189	PTK2	843	RLSRGSIDRED		hprd;pelm;psite	806
ENSP00000282499	GRIA4	314	AETFRSLRRQK		hprd;psite	769
ENSP00000282499	GRIA4	862	NKARLSITGSV	PRKCA	hprd;pelm;psite	769
ENSP00000312262	ADRBK1	29	PAARASKKILL	PRKCA;PRKCG	hprd;pelm;psite	960
ENSP00000222330	GSK3A	19	SGRARTSSFAE		hprd;pelm;psite	621
ENSP00000222330	GSK3A	20	GRARTSSFAEP		hprd;pelm;psite	621
ENSP00000222330	GSK3A	21	RARTSSFAEPG	AKT1;PRKACA;PRKCA;PRKCB;PRKCD;PRKCG;PRKCH;RPS6KA3	hprd;pelm;psite	621
ENSP00000222330	GSK3A	97	KLGRDSGKVTT		psite	621
ENSP00000364398	HABP4	97	QKERKSLPAPV		hprd;pelm;psite	619
ENSP00000364398	HABP4	375	GARGGTRGGRG	PRKCA;PRKCQ;PRKCZ	hprd;psite	619
ENSP00000405934	ITPR1	704	LFWRDSNKEIR		hprd;psite	827
ENSP00000405934	ITPR1	1589	AARRDSVLAAS	PRKACA	hprd;pelm;psite	827
ENSP00000405934	ITPR1	1716	SGRRESLTSFG	PRKACA	hprd;pelm;psite	827
ENSP00000405934	ITPR1	1718	RRESLTSFGNG		hprd;psite	827
ENSP00000405934	ITPR1	1719	RESLTSFGNGP		hprd;pelm;psite	827
ENSP00000405934	ITPR1	2386	VYREETLLNVI		psite	827
ENSP00000405934	ITPR1	2642	RMRAMSLVSSD		psite	827
ENSP00000370744	ITPR2	1855	MRVRDSTLHLK		psite	803
ENSP00000370744	ITPR2	1856	RVRDSTLHLKE		psite	803
ENSP00000370744	ITPR2	2380	VYREETLLNVI		hprd;psite	803
ENSP00000370744	ITPR2	2633	RMRAMSLVSNE		hprd;psite	803
ENSP00000363435	ITPR3	916	KNVRRSIQGVG		hprd;pelm;psite	812
ENSP00000363435	ITPR3	934	LSRKQSVFSAP		hprd;pelm;psite	812
ENSP00000363435	ITPR3	1567	AQRNASSYKAT		psite	812
ENSP00000363435	ITPR3	1832	KGRVASFSIPG		hprd;pelm;psite	812
ENSP00000363435	ITPR3	1834	RVASFSIPGSS		hprd;psite	812
ENSP00000363435	ITPR3	1838	FSIPGSSSRYS		psite	812
ENSP00000363435	ITPR3	1843	SSSRYSLGPSL		hprd;psite	812
ENSP00000363435	ITPR3	1847	YSLGPSLRRGH		psite	812
ENSP00000363435	ITPR3	2609	RMRAMSLVSNE		hprd;psite	812
ENSP00000304895	IRS1	268	EFRPRSKSQSS	IKBKB	hprd;pelm;psite	621
ENSP00000304895	IRS1	270	RPRSKSQSSSN	ATR;IKBKB;RPS6KB1	hprd;pelm;psite	621
ENSP00000304895	IRS1	303	GLTRRSRTESI		psite	621
ENSP00000304895	IRS1	305	TRRSRTESITA		psite	621
ENSP00000304895	IRS1	307	RSRTESITATS	IKBKB;PRKCD;RPS6KB1	hprd;pelm;psite	621
ENSP00000304895	IRS1	309	RTESITATSPA		psite	621
ENSP00000304895	IRS1	329	FRVRASSDGEG		psite	621
ENSP00000304895	IRS1	330	RVRASSDGEGT	CSNK2B	hprd;psite	621
ENSP00000304895	IRS1	341	MSRPASVDGSP	IKBKB	hprd;pelm;psite	621
ENSP00000304895	IRS1	362	HRHRGSARLHP		psite	621
ENSP00000304895	IRS1	441	CDFRSSFRSVT	PRKCB;PRKCD;PRKCZ	psite	621
ENSP00000304895	IRS1	527	RKRTHSAGTSP	IKBKB;RPS6KB1	hprd;pelm;psite	621
ENSP00000304895	IRS1	574	PGHRHSAFVPT	PRKCD	hprd;pelm;psite	621
ENSP00000304895	IRS1	603	HHRPDSSTLHT		psite	621
ENSP00000304895	IRS1	605	RPDSSTLHTDD		psite	621
ENSP00000304895	IRS1	629	SGRKGSGDYMP	AKT1	hprd;pelm;psite	621
ENSP00000304895	IRS1	766	VLSYYSLPRSF		hprd;psite	621
ENSP00000304895	IRS1	794	LRLSTSSGRLL	SIK1	hprd;pelm;psite	621
ENSP00000304895	IRS1	1100	CRRRHSSETFS		hprd;psite	621
ENSP00000304895	IRS1	1101	RRRHSSETFSS	PRKCQ;RPS6KA1;RPS6KB1	hprd;pelm;psite	621
ENSP00000304895	IRS1	1103	RHSSETFSSTP		hprd;psite	621
ENSP00000304895	IRS1	1142	DVKRHSSASFE		psite	621
ENSP00000304895	IRS1	1143	VKRHSSASFEN		hprd;psite	621
ENSP00000304895	IRS1	1145	RHSSASFENVW		hprd;pelm;psite	621
ENSP00000304895	IRS1	1222	SSTRRSSEDLS		pelm;psite	621
ENSP00000304895	IRS1	1223	STRRSSEDLSA		hprd;pelm;psite	621
ENSP00000200181	ITGB4	368	FNRIRSNLDIR		psite	859
ENSP00000200181	ITGB4	387	RTEVTSKMFQK		psite	859
ENSP00000200181	ITGB4	829	LARLCTENLLK		psite	859
ENSP00000200181	ITGB4	973	PAGTATLGRRL		psite	859
ENSP00000200181	ITGB4	1000	EQPEFSVSRGD		psite	859
ENSP00000200181	ITGB4	1069	LQEVDSLLRGR		psite	859
ENSP00000200181	ITGB4	1297	QPYRYTVKARN		psite	859
ENSP00000200181	ITGB4	1325	PKRPMSIPIIP		psite	859
ENSP00000200181	ITGB4	1360	RSPSGSQRPSV	PRKCA	pelm;psite	859
ENSP00000200181	ITGB4	1364	GSQRPSVSDDT	PRKACA;PRKCA;RPS6KA1	pelm;psite	859
ENSP00000200181	ITGB4	1403	PRLSASSGRSS		psite	859
ENSP00000200181	ITGB4	1428	GGKGGSLPRSA		psite	859
ENSP00000200181	ITGB4	1457	PGSTNSLHRMT		psite	859
ENSP00000200181	ITGB4	1483	PHRVLSTSSTL		psite	859
ENSP00000200181	ITGB4	1485	RVLSTSSTLTR		psite	859
ENSP00000200181	ITGB4	1487	LSTSSTLTRDY		psite	859
ENSP00000200181	ITGB4	1494	TRDYNSLTRSE	PRKCA	psite	859
ENSP00000200181	ITGB4	1505	HSHSTTLPRDY		psite	859
ENSP00000200181	ITGB4	1511	LPRDYSTLTSV		psite	859
ENSP00000200181	ITGB4	1524	HDSRLTAGVPD		psite	859
ENSP00000200181	ITGB4	1604	RVRAQSQEGWG		psite	859
ENSP00000200181	ITGB4	1688	GGGPATAFRVD		psite	859
ENSP00000200181	ITGB4	1791	LEAGGSLTRHV		psite	859
ENSP00000200181	ITGB4	1797	LTRHVTQEFVS		psite	859
ENSP00000200181	ITGB4	1806	VSRTLTTSGTL		psite	859
ENSP00000200181	ITGB4	1358	VLRSPSGSQRP		psite	859
ENSP00000296181	ITGB5	61	SPRSITSRCDL		psite	861
ENSP00000296181	ITGB5	762	FQSERSRARYE	PAK4	psite	861
ENSP00000296181	ITGB5	770	RYEMASNPLYR		psite	861
ENSP00000283249	ITGB6	765	PLYRGSTSTFK		psite	806
ENSP00000332455	KPNA2	54	KRRNVSSFPDD	CHEK1	hprd;psite	422
ENSP00000332455	KPNA2	55	RRNVSSFPDDA		hprd;pelm;psite	422
ENSP00000332455	KPNA2	73	RNNQGTVNWSV		hprd;psite	422
ENSP00000321746	PDLIM5	208	VPRQPTVTSVC		psite	619
ENSP00000321746	PDLIM5	228	GQRRGSQGDSK		hprd;psite	619
ENSP00000321746	PDLIM5	248	IVERYTEFYHV		psite	619
ENSP00000321746	PDLIM5	260	THSDASKKRLI		psite	619
ENSP00000321746	PDLIM5	362	VIKSPSWQRPN		hprd;psite	619
ENSP00000270233	BCAM	621	GARGGSGGFGD	PRKACA	psite	400
ENSP00000300843	MARK4	391	RVRAPSDTTNG		psite	547
ENSP00000300843	MARK4	423	RQRRHSDFCGP		psite	547
ENSP00000300843	MARK4	440	PKRSPTSTGEA		psite	547
ENSP00000300843	MARK4	442	RSPTSTGEAEL		psite	547
ENSP00000300843	MARK4	511	MTRRNTYVCTE		psite	547
ENSP00000300843	MARK4	563	RLARGSTIRST		psite	547
ENSP00000300843	MARK4	564	LARGSTIRSTF		psite	547
ENSP00000300843	MARK4	568	STIRSTFHGGQ		psite	547
ENSP00000306138	GRM5	23	GSAQSSERRVV		psite	703
ENSP00000360616	GRIN1	890	STLASSFKRRR	NEK6	hprd;pelm;psite	872
ENSP00000360616	GRIN1	896	FKRRRSSKDTS		hprd;pelm;psite	872
ENSP00000360616	GRIN1	897	KRRRSSKDTST		hprd;pelm;psite	872
ENSP00000360616	GRIN1	900	RSSKDTSTGGG		psite	872
ENSP00000332549	GRIN2A	929	FIQRGSLIMDM		psite	829
ENSP00000279593	GRIN2B	1166	DFKRDSVSGGG		psite	939
ENSP00000279593	GRIN2B	1303	LRRQHSYDTFV	CAMK2A;PRKCA	hprd;pelm;psite	939
ENSP00000279593	GRIN2B	1323	APRSVSLKDKG	PRKCA	hprd;pelm;psite	939
ENSP00000263269	GRIN2D	1288	PARRLTGPSRH		psite	864
ENSP00000342848	NOXA1	172	VQRRGSLPPRQ	PRKACA;PRKCA	pelm;psite	538
ENSP00000342848	NOXA1	468	AGPRMSGAPGR	PRKACA	psite	538
ENSP00000380252	NFE2L2	40	EVFDFSQRRKE	PRKCD	hprd;pelm;psite	619
ENSP00000347169	NUMB	194	FTREGSFRVTT		psite	619
ENSP00000347169	NUMB	276	LARQGSFRGFP		hprd;pelm;psite	619
ENSP00000347169	NUMB	295	FKRQLSLRINE	PRKCZ	hprd;pelm;psite	619
ENSP00000347169	NUMB	438	HRRTPSEADRW		hprd;pelm;psite	619
ENSP00000347169	NUMB	561	LVRQQTFPHYE		psite	619
ENSP00000347379	OCLN	340	RFYPESSYKST	PRKCA	hprd;pelm;psite	630
ENSP00000347379	OCLN	369	RQPRYSSGGNF		hprd;psite	630
ENSP00000347379	OCLN	370	QPRYSSGGNFE		psite	630
ENSP00000162330	BCAR1	326	LLREETYDVPP		hprd;psite	901
ENSP00000162330	BCAR1	385	RPGPGTLYDVP		psite	901
ENSP00000162330	BCAR1	428	EGKRLSASSTG		hprd;psite	901
ENSP00000162330	BCAR1	431	RLSASSTGSTR		psite	901
ENSP00000363921	PARD3	32	IQQAVTRYRKA		psite	724
ENSP00000363921	PARD3	143	LHVRRSSDPAL		hprd;pelm;psite	724
ENSP00000363921	PARD3	144	HVRRSSDPALI	MARK2	hprd;pelm;psite	724
ENSP00000363921	PARD3	174	NPTRWSTTAGF		hprd;psite	724
ENSP00000363921	PARD3	175	PTRWSTTAGFL		hprd;psite	724
ENSP00000363921	PARD3	201	DENYRSLPRDT		psite	724
ENSP00000363921	PARD3	220	RDNARSSLSAS		psite	724
ENSP00000363921	PARD3	221	DNARSSLSASH		psite	724
ENSP00000363921	PARD3	386	RFSPDSQYIDN		psite	724
ENSP00000363921	PARD3	481	TSRDVTIGGSA		psite	724
ENSP00000363921	PARD3	534	SLLRSTKMEGT		hprd;psite	724
ENSP00000363921	PARD3	665	ETLRRSMSTEG		psite	724
ENSP00000363921	PARD3	667	LRRSMSTEGNK		psite	724
ENSP00000363921	PARD3	668	RRSMSTEGNKR		psite	724
ENSP00000363921	PARD3	715	RERRISHSLYS		hprd;pelm;psite	724
ENSP00000363921	PARD3	717	RRISHSLYSGI		pelm;psite	724
ENSP00000363921	PARD3	827	GFGRQSMSEKR		psite	724
ENSP00000363921	PARD3	837	RTKQFSDASQL		psite	724
ENSP00000363921	PARD3	850	VKTRKSKSMDL		psite	724
ENSP00000363921	PARD3	924	RGCNESFRAAI		psite	724
ENSP00000363921	PARD3	962	RSGRESVSTAS	AURKA;AURKB	psite	724
ENSP00000363921	PARD3	973	DQPSHSLERQM		hprd;psite	724
ENSP00000363921	PARD3	1178	RRRTYSFEQPW		psite	724
ENSP00000363921	PARD3	1222	AQRQYSSLPRQ		psite	724
ENSP00000360672	PARD6B	11	RHGAGSGCLGT		hprd;pelm;psite	721
ENSP00000360672	PARD6B	177	YIRDGSSVRVT		psite	721
ENSP00000309591	PRKACA	49	FERIKTLGTGS		hprd;psite	801
ENSP00000309591	PRKACA	54	TLGTGSFGRVM		psite	801
ENSP00000309591	PRKACA	140	RIGRFSEPHAR		hprd;psite	801
ENSP00000309591	PRKACA	196	RVKGRTWTLCG		hprd;psite	801
ENSP00000309591	PRKACA	198	KGRTWTLCGTP	PRKACA	hprd;pelm;psite	801
ENSP00000309591	PRKACA	260	KVRFPSHFSSD		psite	801
ENSP00000309591	PRKACA	339	EEIRVSINEKC		hprd;pelm;psite	801
ENSP00000359719	PRKACB	101	TLGTGSFGRVM		psite	801
ENSP00000359719	PRKACB	243	RVKGRTWTLCG		hprd;psite	801
ENSP00000359719	PRKACB	245	KGRTWTLCGTP		hprd;psite	801
ENSP00000359719	PRKACB	307	KVRFPSHFSSD		psite	801
ENSP00000359719	PRKACB	369	PKFRGSGDTSN		psite	801
ENSP00000359719	PRKACB	386	EDIRVSITEKC		hprd;psite	801
ENSP00000366488	PRKACG	196	RVKGRTWTLCG		hprd;psite	803
ENSP00000366488	PRKACG	198	KGRTWTLCGTP		hprd;psite	803
ENSP00000305355	PRKCB	364	SERKGTDELYA		psite	903
ENSP00000305355	PRKCB	634	FDRFFTRHPPV		psite	903
ENSP00000305355	PRKCB	654	RNIDQSEFEGF		hprd;psite	903
ENSP00000331602	PRKCD	43	TERGKTLVQKK		hprd;psite	906
ENSP00000331602	PRKCD	141	EAKFPTMNRRG	PRKCD	psite	906
ENSP00000331602	PRKCD	218	ANSRDTIFQKE	PRKCD	psite	906
ENSP00000331602	PRKCD	299	VTQRASRRSDS	PRKCD	hprd;pelm;psite	906
ENSP00000331602	PRKCD	302	RASRRSDSASS	PRKCD	hprd;pelm;psite	906
ENSP00000331602	PRKCD	304	SRRSDSASSEP	PRKCD	hprd;pelm;psite	906
ENSP00000331602	PRKCD	306	RSDSASSEPVG		hprd;psite	906
ENSP00000331602	PRKCD	451	ELYRATFYAAE		psite	906
ENSP00000331602	PRKCD	506	GESRASTFCGT		hprd;psite	906
ENSP00000331602	PRKCD	507	ESRASTFCGTP	PDK1;PDPK1	hprd;pelm;psite	906
ENSP00000331602	PRKCD	645	EKARLSYSDKN	PRKCD	hprd;pelm;psite	906
ENSP00000260402	PLCB2	601	NKRQMSRIYPK		pelm;psite	812
ENSP00000260402	PLCB2	958	SRKKRSLPREE		psite	812
ENSP00000279230	PLCB3	474	KRHRPSAGGPD		psite	804
ENSP00000279230	PLCB3	814	RILPVSAIRSG		psite	804
ENSP00000279230	PLCB3	924	RPPGPTTSPAS		psite	804
ENSP00000279230	PLCB3	1105	RKRHNSISEAK	PRKACA;PRKCA;PRKG1;PRKG2	hprd;pelm;psite	804
ENSP00000279230	PLCB3	1107	RHNSISEAKMR		psite	804
ENSP00000279230	PLCB3	1130	NRRHITESVNS		psite	804
ENSP00000313731	PLCD3	105	IPRAPSQHIFF		hprd;pelm;psite	800
ENSP00000313731	PLCD3	496	DGRALSDREEE		hprd;pelm;psite	800
ENSP00000313731	PLCD3	572	REAGNSFVRHN		psite	800
ENSP00000313731	PLCD3	582	NARQLTRVYPL		psite	800
ENSP00000260766	PLCE1	490	STFGGSTGRMM		hprd;psite	803
ENSP00000260766	PLCE1	1096	LMRGESGEVTD		psite	803
ENSP00000244007	PLCG1	981	CYRDMSSFPET		psite	906
ENSP00000244007	PLCG1	1227	SPFSGTSLRER		psite	906
ENSP00000244007	PLCG1	1234	LRERGSDASGQ		hprd;pelm;psite	906
ENSP00000244007	PLCG1	1237	RGSDASGQLFH		psite	906
ENSP00000244007	PLCG1	1249	RAREGSFESRY	AKT1;PRKACA;PRKCA;PRKD1	hprd;pelm;psite	906
ENSP00000244007	PLCG1	1264	EDFRISQEHLA		hprd;pelm;psite	906
ENSP00000352336	PLCG2	160	QTRRNSISLRE		psite	899
ENSP00000352336	PLCG2	677	RKREGSDSYAI		psite	899
ENSP00000352336	PLCG2	1259	REKRVSNSKFY		psite	899
ENSP00000342793	PLD1	505	VKRVTSGPSLG	PRKAA2	psite	899
ENSP00000342793	PLD1	147	PTRRHTFRRQN	PRKCA	hprd;psite	899
ENSP00000263088	PLD2	146	NREMPSLPRAG		pelm;psite	899
ENSP00000263088	PLD2	175	LNRLLTMSFYR		psite	899
ENSP00000353646	PLEKHG4	677	LRKAYSFDRNL		psite	429
ENSP00000353646	PLEKHG4	1057	RDIAPSEEAIN		hprd;psite	429
ENSP00000301242	PPP1R14A	12	GKRVLSKLQSP	DAPK3	pelm;psite	619
ENSP00000301242	PPP1R14A	38	RHARVTVKYDR	DAPK3;ILK;PKD1;PRKACA;PRKCA;PRKCD;PRKCE;PRKCZ;PRKD1;PRKG1;ROCK2	hprd;pelm;psite	619
ENSP00000301242	PPP1R14A	130	RQPSPSHDGSL	CAMK2A	hprd;pelm;psite	619
ENSP00000262848	PRKX	203	VDRTWTLCGTP		psite	800
ENSP00000324122	PRPF31	379	QANRMSFGEIE		psite	407
ENSP00000324122	PRPF31	416	QVNEATKARIS		psite	407
ENSP00000324122	PRPF31	439	VYGGKSTIRDR		hprd;pelm;psite	407
ENSP00000324122	PRPF31	445	TIRDRSSGTAS	CDK2	hprd;pelm;psite	407
ENSP00000324122	PRPF31	446	IRDRSSGTASS	CDK2	hprd;pelm;psite	407
ENSP00000360683	PTPN1	243	RKDPSSVDIKK	CLK1;CLK2	hprd;psite	733
ENSP00000360683	PTPN1	368	SMSQDTEVRSR		psite	733
ENSP00000360683	PTPN1	378	RVVGGSLRGAQ	CSNK2A1;PRKCA	hprd;pelm;psite	733
ENSP00000228307	PXN	249	SPQRVTSTQQQ		psite	803
ENSP00000228307	PXN	250	PQRVTSTQQQT		psite	803
ENSP00000228307	PXN	258	QQTRISASSAT		hprd;psite	803
ENSP00000228307	PXN	261	RISASSATREL		hprd;pelm;psite	803
ENSP00000228307	PXN	302	RDGGRSSPGGQ		pelm;psite	803
ENSP00000332816	PTK2B	15	RVKLGTLRRPE		psite	901
ENSP00000332816	PTK2B	375	GEKRNSLPQIP	PTK2B	hprd;pelm;psite	901
ENSP00000332816	PTK2B	409	EIPDETLRRPG		psite	901
ENSP00000332816	PTK2B	583	DYYKASVTRLP		psite	901
ENSP00000332816	PTK2B	778	VFKRHSMREED	PTK2B	hprd;psite	901
ENSP00000332816	PTK2B	828	RQEEKSLDPMV		psite	901
ENSP00000332816	PTK2B	866	RLGAQSIQPTA		psite	901
ENSP00000251849	RAF1	43	YQRRASDDGKL	PRKACA;PRKCA	hprd;pelm;psite	800
ENSP00000251849	RAF1	213	ALPSLTMRRMR		psite	800
ENSP00000251849	RAF1	220	RRMRESVSRMP		psite	800
ENSP00000251849	RAF1	233	SQHRYSTPHAF	PRKACA	hprd;pelm;psite	800
ENSP00000251849	RAF1	257	SQRQRSTSTPN		hprd;pelm;psite	800
ENSP00000251849	RAF1	258	QRQRSTSTPNV		hprd;pelm;psite	800
ENSP00000251849	RAF1	259	RQRSTSTPNVH	AKT1;PRKACA;RAF1	hprd;pelm;psite	800
ENSP00000251849	RAF1	285	AIRSHSESASP		psite	800
ENSP00000251849	RAF1	287	RSHSESASPSA		psite	800
ENSP00000251849	RAF1	338	RGQRDSSYYWE	MAP2K1;PAK1;PAK3;RAF1	hprd;pelm;psite	800
ENSP00000251849	RAF1	339	GQRDSSYYWEI	PAK1	hprd;pelm;psite	800
ENSP00000251849	RAF1	357	STRIGSGSFGT		psite	800
ENSP00000251849	RAF1	359	RIGSGSFGTVY		psite	800
ENSP00000251849	RAF1	497	VKSRWSGSQQV		psite	800
ENSP00000251849	RAF1	621	INRSASEPSLH	PRKACA;RAF1	hprd;pelm;psite	800
ENSP00000251849	RAF1	624	SASEPSLHRAA		hprd;psite	800
ENSP00000254066	RARA	219	SEQRVSLDIDL	PRKACA	psite	899
ENSP00000254066	RARA	369	RKRRPSRPHMF	PRKACA	psite	899
ENSP00000235382	RGS2	46	WKTRLSYFLQN	PRKG1	hprd;pelm;psite	621
ENSP00000400175	RHOA	188	RGKKKSGCLVL	PRKACA;PRKG1	hprd;pelm;psite	841
ENSP00000261313	PEBP1	51	VKNRPTSISWD		hprd;psite	675
ENSP00000261313	PEBP1	52	KNRPTSISWDG		hprd;pelm;psite	675
ENSP00000261313	PEBP1	54	RPTSISWDGLD		hprd;psite	675
ENSP00000256196	RRAS2	10	GWRDGSGQEKY		psite	816
ENSP00000419692	RXRA	27	PTGRGSMAAPS	PRKACA	psite	899
ENSP00000352608	RYR1	2843	KTRKISQSAQT	PRKACA	hprd;psite	401
ENSP00000313681	SPHK1	279	GEMRFTLGTFL		hprd;psite	800
ENSP00000245222	SPHK2	399	LPRAKSELTLT		psite	800
ENSP00000245222	SPHK2	421	LHRSVSDLPLP	PRKD1	psite	800
ENSP00000350941	SRC	12	KPKDASQRRRS	PRKCA;PRKCD	hprd;pelm;psite	905
ENSP00000350941	SRC	17	SQRRRSLEPAE	PRKACA	hprd;pelm;psite	905
ENSP00000350941	SRC	51	GHRGPSAAFAP		psite	905
ENSP00000350941	SRC	183	RESETTKGAYC		psite	905
ENSP00000350941	SRC	269	EIPRESLRLEV		psite	905
ENSP00000362399	STXBP1	454	PIVTDSTLRRR		psite	703
ENSP00000362399	STXBP1	455	IVTDSTLRRRS		psite	703
ENSP00000307046	SDC2	187	GERKPSSAAYQ	PRKCA	hprd;pelm;psite	623
ENSP00000286827	TIAM1	26	LGRKHTSRSLR		psite	627
ENSP00000286827	TIAM1	33	RSLRLSHKTRR		psite	627
ENSP00000286827	TIAM1	231	CQRANSLGDLY		hprd;psite	627
ENSP00000286827	TIAM1	294	LPCRKSHCLSE		psite	627
ENSP00000286827	TIAM1	319	GRRAKTTQDVN		psite	627
ENSP00000286827	TIAM1	320	RRAKTTQDVNA		psite	627
ENSP00000286827	TIAM1	368	RAFVGSDSGSS		psite	627
ENSP00000286827	TIAM1	695	RSRFSSLWGLD		psite	627
ENSP00000286827	TIAM1	1143	RFKLYSAFCAS		psite	627
ENSP00000286827	TIAM1	1321	GSHRLSIYEDW		psite	627
ENSP00000286827	TIAM1	1519	SVKGASVDRDL		psite	627
ENSP00000411532	TOP2A	29	AKKRLSVERIY	PRKCA	hprd;pelm;psite	698
ENSP00000411532	TOP2A	1303	ESDRSSDESNF		hprd;psite	698
ENSP00000411532	TOP2A	1324	RAATKTKFTMD		psite	698
ENSP00000411532	TOP2A	1469	RKRKPSTSDDS	CSNK2A1	hprd;pelm;psite	698
ENSP00000411532	TOP2A	1471	RKPSTSDDSDS		hprd;pelm;psite	698
ENSP00000364336	TBXA2R	145	RPAVASQRRAW		psite	899
ENSP00000364336	TBXA2R	239	QRPRDSEVEMM	ADRBK1;ADRBK2	psite	899
ENSP00000364336	TBXA2R	324	LQPRLSTRPRS	PRKCA	psite	899
ENSP00000364336	TBXA2R	329	STRPRSLSLQP	PRKACA;PRKCA	hprd;psite	899
ENSP00000364336	TBXA2R	331	RPRSLSLQPQL	PRKCA	hprd;psite	899
ENSP00000344818	UBC	57	DGRTLSDYNIQ		hprd;psite	653
ENSP00000226218	VTN	69	RGDVFTMPEDE	CSNK2A1	hprd;pelm;psite	621
ENSP00000226218	VTN	312	MMQRDSWEDIF		hprd;pelm;psite	621
ENSP00000226218	VTN	381	RKGYRSQRGHS	PRKCA	hprd;psite	621
ENSP00000226218	VTN	386	SQRGHSRGRNQ	PRKCA	psite	621
ENSP00000226218	VTN	397	NSRRPSRATWL	PRKACA;PRKCA	hprd;pelm;psite	621
ENSP00000281537	TJP1	151	VVNRRSEKIWP		psite	817
ENSP00000281537	TJP1	160	WPRDRSASRER		psite	817
ENSP00000281537	TJP1	162	RDRSASRERSL		psite	817
ENSP00000281537	TJP1	166	ASRERSLSPRS		hprd;pelm;psite	817
ENSP00000281537	TJP1	175	RSDRRSVASSQ		hprd;psite	817
ENSP00000281537	TJP1	178	RRSVASSQPAK		hprd;psite	817
ENSP00000281537	TJP1	179	RSVASSQPAKP		hprd;psite	817
ENSP00000281537	TJP1	313	PRRSRSRSPDQ		psite	817
ENSP00000281537	TJP1	347	DEERISKPGAV		psite	817
ENSP00000281537	TJP1	617	RNLRKSREDLS		hprd;pelm;psite	817
ENSP00000281537	TJP1	648	FLRPVTIFGPI		psite	817
ENSP00000281537	TJP1	821	HDDRLSYLSAP		psite	817
ENSP00000281537	TJP1	824	RLSYLSAPGSE		psite	817
ENSP00000281537	TJP1	978	SLRTPSTEAAH		psite	817
ENSP00000281537	TJP1	1065	RYESSSYTDQF		psite	817
ENSP00000281537	TJP1	1167	APGYDTHGRLR		psite	817
ENSP00000281537	TJP1	1322	SEHDKTLYRIP		psite	817
ENSP00000281537	TJP1	1366	YFDRRSFENKP		hprd;pelm;psite	817
ENSP00000281537	TJP1	1534	PKPYTSSARPF		psite	817
ENSP00000300161	YWHAB	132	YFRYLSEVASG	PRKCZ	hprd;pelm	722
ENSP00000304895	IRS1	272	RSKSQSSSNCS	IKBKB	hprd;pelm	621
ENSP00000356436	PLA2G4A	724	RRQNPSRCSVS		hprd;pelm	800
ENSP00000279230	PLCB3	26	TLRRGSKFIKW	PRKG1;PRKG2	hprd;pelm	804
ENSP00000411532	TOP2A	1306	RSSDESNFDVP		hprd	698
ENSP00000332549	GRIN2A	1416	YCSRDSRGHND	PRKCA	hprd	829
ENSP00000332549	GRIN2A	1291	ISRQHSYDNIV	CAMK2A	hprd	829
ENSP00000405934	ITPR1	1744	GSGSSSMSRGE		hprd	827
ENSP00000405934	ITPR1	2684	LKDQMTEQRKQ		hprd	827
ENSP00000296181	ITGB5	780	RKPISTHTVDF		hprd	861
ENSP00000251849	RAF1	641	ACTLTTSPRLP		hprd	800
ENSP00000305355	PRKCB	16	SEGEESTVRFA	PRKCB	hprd	903
ENSP00000331602	PRKCD	37	MKEALSTERGK		hprd	906
ENSP00000332455	KPNA2	363	TMSNITAGRQD		hprd	422
ENSP00000286827	TIAM1	1542	ERGRKTLDSHA		hprd	627
ENSP00000334105	PLCB4	620	NKRQMSRIYPK		hprd	822
ENSP00000281537	TJP1	885	PVREDSSGMHH		hprd	817
ENSP00000281537	TJP1	840	TDSRHTSDYED		hprd	817
ENSP00000281537	TJP1	841	DSRHTSDYEDT		hprd	817
ENSP00000332816	PTK2B	389	LEARRSHLSES		hprd	901
ENSP00000005340	DVL2	222	MSRFSSSTEQS		hprd	619
ENSP00000263088	PLD2	609	VQVLRSVDRWS		hprd	899
ENSP00000228307	PXN	219	RPSVESLLDEL		hprd	803
ENSP00000362399	STXBP1	590	PDFRESSRVSF		hprd	703
ENSP00000306138	GRM5	841	AFTTSTVVRMH	PRKCA	hprd	703
ENSP00000260402	PLCB2	62	EFLDITSIRDT		hprd	812
ENSP00000321746	PDLIM5	372	NQGVPSTGRIS		hprd	619
ENSP00000321746	PDLIM5	377	STGRISNSATY		hprd	619
ENSP00000363921	PARD3	1176	EDRRRTYSFEQ		hprd	724
ENSP00000219255	PARD6A	109	AFASNSLQRRK		hprd	734
ENSP00000337103	CHAT	558	TYESASIRRFQ	PRKCA	hprd	619
ENSP00000264318	GABRA4	140	RNGKKSVSHNM		hprd	621
ENSP00000300843	MARK4	496	RKDSTSTPNNL		hprd	547
ENSP00000263119	CABIN1	1795	PESRPTELSLE		hprd	899
