name	PRKCQ
id	ENSP00000263125
type	Serine/threonine kinase
proline+1_removed	Yes
npartners	109
npartners_with_sites	87
nsites	226
//
motif	score	fg_matches	fg_size	bg_matches	bg_size	fold_increase
..RR.[ST].....	314.23	20	1011	18	9383	10.31
..R..[ST].....	307.65	119	991	465	9365	2.42
...R.[ST].....	9.77	84	872	404	8900	2.12
//
prot_id	prot_name	position	flank	kinase	source	string_score
ENSP00000306330	YWHAG	59	GARRSSWRVIS	LATS2	psite	636
ENSP00000349960	ACTB	186	AGRDLTDYLMK		psite	819
ENSP00000349960	ACTB	199	TERGYSFTTTA		psite	819
ENSP00000331514	ACTG1	186	AGRDLTDYLMK		psite	819
ENSP00000331514	ACTG1	199	TERGYSFTTTA		psite	819
ENSP00000348793	AFF3	335	IIREMTWLPPL		hprd;pelm;psite	424
ENSP00000348793	AFF3	418	ALRALSDSAVV		psite	424
ENSP00000270202	AKT1	72	RPRPNTFIIRC	AKT1	psite	642
ENSP00000270202	AKT1	146	PKHRVTMNEFE		psite	642
ENSP00000270202	AKT1	246	RERVFSEDRAR	AKT1	psite	642
ENSP00000366244	ARAF	212	LQRIRSTSTPN		hprd;pelm;psite	830
ENSP00000366244	ARAF	213	QRIRSTSTPNV		pelm;psite	830
ENSP00000366244	ARAF	214	RIRSTSTPNVH		hprd;pelm;psite	830
ENSP00000366244	ARAF	250	GSRGGSDGTPR		psite	830
ENSP00000366244	ARAF	283	QRERKSLADDK		psite	830
ENSP00000366244	ARAF	299	LGYRDSGYYWE		pelm;psite	830
ENSP00000366244	ARAF	318	LKRIGTGSFGT		psite	830
ENSP00000366244	ARAF	413	DVARQTAQGMD		psite	830
ENSP00000366244	ARAF	458	VKTRWSGAQPL		psite	830
ENSP00000366244	ARAF	547	MRRLLSDCLKF		psite	830
ENSP00000366244	ARAF	582	IERSASEPSLH		hprd;pelm;psite	830
ENSP00000288602	BRAF	363	GQRDRSSSAPN		hprd;psite	834
ENSP00000288602	BRAF	364	QRDRSSSAPNV		hprd;pelm;psite	834
ENSP00000288602	BRAF	365	RDRSSSAPNVH	AKT1;AKT3	hprd;pelm;psite	834
ENSP00000288602	BRAF	428	QRERKSSSSSE		psite	834
ENSP00000288602	BRAF	429	RERKSSSSSED	AKT1;AKT3	hprd;pelm;psite	834
ENSP00000288602	BRAF	440	RNRMKTLGRRD		hprd;pelm;psite	834
ENSP00000288602	BRAF	446	LGRRDSSDDWE	PAK1	hprd;pelm;psite	834
ENSP00000288602	BRAF	447	GRRDSSDDWEI		hprd;pelm;psite	834
ENSP00000288602	BRAF	465	GQRIGSGSFGT		psite	834
ENSP00000288602	BRAF	605	VKSRWSGSHQF		psite	834
ENSP00000288602	BRAF	729	IHRSASEPSLN		hprd;pelm;psite	834
ENSP00000308176	BTK	51	RGRRGSKKGSI		psite	649
ENSP00000308176	BTK	184	SSHRKTKKPLP		psite	649
ENSP00000308176	BTK	495	RHRFQTQQLLE		psite	649
ENSP00000308176	BTK	602	PYERFTNSETA		psite	649
ENSP00000380150	CARD11	116	PTRRFSTIVVE	CAMK2A	psite	998
ENSP00000380150	CARD11	117	TRRFSTIVVEE		psite	998
ENSP00000380150	CARD11	558	PPRSRSSIMSI	MAP4K1	psite	998
ENSP00000380150	CARD11	559	PRSRSSIMSIT	PRKCQ	psite	998
ENSP00000380150	CARD11	644	MFRKFSLERPF		psite	998
ENSP00000380150	CARD11	652	RPFRPSVTSVG		psite	998
ENSP00000311032	CASP3	150	GDRCRSLTGKP	MAPK14	pelm;psite	964
ENSP00000227507	CCND1	90	LDRFLSLEPVK	PRKACA	hprd;pelm;psite	401
ENSP00000227507	CCND1	234	LTRFLSRVIKC	PRKACA	hprd;pelm;psite	401
ENSP00000011653	CD4	433	QAERMSQIKRL	PRKCA	pelm;psite	914
ENSP00000011653	CD4	440	IKRLLSEKKTC	PRKCA	psite	914
ENSP00000300574	CRK	40	FLVRDSSTSPG		hprd;psite	900
ENSP00000300574	CRK	41	LVRDSSTSPGD		hprd;psite	900
ENSP00000300574	CRK	125	RSRQGSGVILR		hprd;psite	900
ENSP00000300574	CRK	194	KYRPASASVSA		hprd;psite	900
ENSP00000389140	DCC	1074	LIDRSTLNEPP		psite	899
ENSP00000233668	DOK1	269	VLRADSHEGEV		hprd;pelm;psite	800
ENSP00000233668	DOK1	470	LSRVGTDKTGV		psite	800
ENSP00000338934	EZR	332	KKRRETVEREK		psite	904
ENSP00000338934	EZR	366	AERELSEQIQR		psite	904
ENSP00000358866	FLNA	1286	DARALTQTGGP		psite	919
ENSP00000358866	FLNA	2053	SRVRVSGQGLH		hprd;pelm;psite	919
ENSP00000358866	FLNA	2152	RRRAPSVANVG	PAK1;PRKACA;RPS6KA1	hprd;pelm;psite	919
ENSP00000358866	FLNA	2336	DARRLTVSSLQ		hprd;psite	919
ENSP00000358866	FLNA	2523	GPRLVSNHSLH	CAMK2A;CAMK2G	hprd;pelm;psite	919
ENSP00000357656	FYN	21	EERDGSLNQSS	PRKACA	hprd;pelm;psite	621
ENSP00000339186	GRAP2	187	MNRKLSDHPPT		psite	899
ENSP00000339186	GRAP2	236	ERRGGSLDIND		psite	899
ENSP00000339186	GRAP2	262	MHRRHTDPVQL		hprd;pelm;psite	899
ENSP00000330836	GLRX3	117	VQRHASSGSFL		psite	839
ENSP00000338799	IL6ST	782	FSRSESTQPLL		hprd;pelm;psite	654
ENSP00000338799	IL6ST	890	VERFETVGMEA	PRKCD	hprd;pelm;psite	654
ENSP00000364398	HABP4	97	QKERKSLPAPV		hprd;pelm;psite	696
ENSP00000364398	HABP4	375	GARGGTRGGRG	PRKCA;PRKCQ;PRKCZ	hprd;psite	696
ENSP00000160262	ICAM3	518	HQRSGSYHVRE	PRKCQ	hprd;pelm;psite	621
ENSP00000160262	ICAM3	525	HVREESTYLPL		pelm;psite	621
ENSP00000359424	CHUK	23	RERLGTGGFGN	AKT1;AKT2	hprd;pelm;psite	983
ENSP00000358622	IKBKG	136	DAIRQSNQILR	IKBKB	psite	976
ENSP00000303830	INSR	361	ELRGCTVINGS		psite	641
ENSP00000303830	INSR	400	LKIRRSYALVS		hprd;pelm;psite	641
ENSP00000303830	INSR	1333	PLDRSSHCQRE		pelm;psite	641
ENSP00000303830	INSR	1375	NGRILTLPRSN	PRKCA	hprd;pelm;psite	641
ENSP00000363435	ITPR3	916	KNVRRSIQGVG		hprd;pelm;psite	479
ENSP00000363435	ITPR3	934	LSRKQSVFSAP		hprd;pelm;psite	479
ENSP00000363435	ITPR3	1567	AQRNASSYKAT		psite	479
ENSP00000363435	ITPR3	1832	KGRVASFSIPG		hprd;pelm;psite	479
ENSP00000363435	ITPR3	1843	SSSRYSLGPSL		hprd;psite	479
ENSP00000363435	ITPR3	2609	RMRAMSLVSNE		hprd;psite	479
ENSP00000304895	IRS1	268	EFRPRSKSQSS	IKBKB	hprd;pelm;psite	768
ENSP00000304895	IRS1	270	RPRSKSQSSSN	ATR;IKBKB;RPS6KB1	hprd;pelm;psite	768
ENSP00000304895	IRS1	303	GLTRRSRTESI		psite	768
ENSP00000304895	IRS1	305	TRRSRTESITA		psite	768
ENSP00000304895	IRS1	307	RSRTESITATS	IKBKB;PRKCD;RPS6KB1	hprd;pelm;psite	768
ENSP00000304895	IRS1	329	FRVRASSDGEG		psite	768
ENSP00000304895	IRS1	330	RVRASSDGEGT	CSNK2B	hprd;psite	768
ENSP00000304895	IRS1	341	MSRPASVDGSP	IKBKB	hprd;pelm;psite	768
ENSP00000304895	IRS1	362	HRHRGSARLHP		psite	768
ENSP00000304895	IRS1	441	CDFRSSFRSVT	PRKCB;PRKCD;PRKCZ	psite	768
ENSP00000304895	IRS1	527	RKRTHSAGTSP	IKBKB;RPS6KB1	hprd;pelm;psite	768
ENSP00000304895	IRS1	574	PGHRHSAFVPT	PRKCD	hprd;pelm;psite	768
ENSP00000304895	IRS1	603	HHRPDSSTLHT		psite	768
ENSP00000304895	IRS1	629	SGRKGSGDYMP	AKT1	hprd;pelm;psite	768
ENSP00000304895	IRS1	1100	CRRRHSSETFS		hprd;psite	768
ENSP00000304895	IRS1	1101	RRRHSSETFSS	PRKCQ;RPS6KA1;RPS6KB1	hprd;pelm;psite	768
ENSP00000304895	IRS1	1142	DVKRHSSASFE		psite	768
ENSP00000304895	IRS1	1143	VKRHSSASFEN		hprd;psite	768
ENSP00000304895	IRS1	1222	SSTRRSSEDLS		pelm;psite	768
ENSP00000304895	IRS1	1223	STRRSSEDLSA		hprd;pelm;psite	768
ENSP00000263881	MAP4K3	24	IQRIGSGTYGD		psite	621
ENSP00000263881	MAP4K3	170	IAKRKSFIGTP	MAP4K3	psite	621
ENSP00000337825	LCK	42	LIRNGSEVRDP	MAPK1;MAPK3;PRKACA;PRKCA	hprd;pelm;psite	986
ENSP00000337825	LCK	210	LVRHYTNASDG		psite	986
ENSP00000355296	LDB3	267	EWARRSSNLQS		psite	432
ENSP00000355296	LDB3	268	WARRSSNLQSR		psite	432
ENSP00000319279	MALT1	70	GRLRLSCLDLE		psite	861
ENSP00000411397	MARK3	42	ARCRNSIASCA		hprd;psite	846
ENSP00000411397	MARK3	419	KQRRYSDHAGP		hprd;pelm;psite	846
ENSP00000411397	MARK3	438	PKRSQTSTADS		psite	846
ENSP00000411397	MARK3	455	ISSRKSSGSAV		hprd;psite	846
ENSP00000411397	MARK3	489	PERKKSSTVPS		psite	846
ENSP00000411397	MARK3	507	MTRRNTYVCSE	PRKACA	pelm;psite	846
ENSP00000411397	MARK3	564	TASRSTFHGQP	PRKCI;PRKCZ	psite	846
ENSP00000411397	MARK3	576	ERRTATYNGPP		psite	846
ENSP00000411397	MARK3	601	TRSRGSTNLFS	MARK3	hprd;pelm;psite	846
ENSP00000411397	MARK3	643	SSRNVSAEQKD		psite	846
ENSP00000411397	MARK3	602	RSRGSTNLFSK	MARK3	psite	846
ENSP00000353408	MSN	384	RKRAQSEAEKL		psite	636
ENSP00000353408	MSN	429	LTARISQLEMA		psite	636
ENSP00000162330	BCAR1	326	LLREETYDVPP		hprd;psite	899
ENSP00000162330	BCAR1	428	EGKRLSASSTG		hprd;psite	899
ENSP00000344220	PDPK1	241	QARANSFVGTA	PDK1;PDPK1	hprd;pelm;psite	649
ENSP00000344220	PDPK1	410	PQRSGSNIEQY	PDK1;PDPK1	hprd;pelm;psite	649
ENSP00000331602	PRKCD	43	TERGKTLVQKK		hprd;psite	901
ENSP00000331602	PRKCD	218	ANSRDTIFQKE	PRKCD	psite	901
ENSP00000331602	PRKCD	299	VTQRASRRSDS	PRKCD	hprd;pelm;psite	901
ENSP00000331602	PRKCD	302	RASRRSDSASS	PRKCD	hprd;pelm;psite	901
ENSP00000331602	PRKCD	304	SRRSDSASSEP	PRKCD	hprd;pelm;psite	901
ENSP00000331602	PRKCD	451	ELYRATFYAAE		psite	901
ENSP00000331602	PRKCD	506	GESRASTFCGT		hprd;psite	901
ENSP00000331602	PRKCD	507	ESRASTFCGTP	PDK1;PDPK1	hprd;pelm;psite	901
ENSP00000331602	PRKCD	645	EKARLSYSDKN	PRKCD	hprd;pelm;psite	901
ENSP00000306124	PRKCE	181	YLRQPTYCSHC		psite	902
ENSP00000306124	PRKCE	346	EDRSKSAPTSP	GSK3B	hprd;psite	902
ENSP00000329127	PRKCH	28	QPTRWSLRHSL	PRKCH	psite	902
ENSP00000329127	PRKCH	32	WSLRHSLFKKG	PRKCH	psite	902
ENSP00000329127	PRKCH	183	YLRQPTYCSHC		psite	902
ENSP00000329127	PRKCH	675	EFRNFSYVSPE		psite	902
ENSP00000244007	PLCG1	981	CYRDMSSFPET		psite	801
ENSP00000244007	PLCG1	1234	LRERGSDASGQ		hprd;pelm;psite	801
ENSP00000244007	PLCG1	1249	RAREGSFESRY	AKT1;PRKACA;PRKCA;PRKD1	hprd;pelm;psite	801
ENSP00000244007	PLCG1	1264	EDFRISQEHLA		hprd;pelm;psite	801
ENSP00000334564	POLR3C	204	GKRRRSSDEDA		psite	899
ENSP00000334564	POLR3C	205	KRRRSSDEDAA		psite	899
ENSP00000352833	PTPN22	35	KLKRQSTKYKA	PRKCD	hprd;psite	425
ENSP00000352833	PTPN22	449	ITRTKSTPFEL		psite	425
ENSP00000332816	PTK2B	375	GEKRNSLPQIP	PTK2B	hprd;pelm;psite	915
ENSP00000332816	PTK2B	778	VFKRHSMREED	PTK2B	hprd;psite	915
ENSP00000251849	RAF1	43	YQRRASDDGKL	PRKACA;PRKCA	hprd;pelm;psite	829
ENSP00000251849	RAF1	220	RRMRESVSRMP		psite	829
ENSP00000251849	RAF1	233	SQHRYSTPHAF	PRKACA	hprd;pelm;psite	829
ENSP00000251849	RAF1	257	SQRQRSTSTPN		hprd;pelm;psite	829
ENSP00000251849	RAF1	258	QRQRSTSTPNV		hprd;pelm;psite	829
ENSP00000251849	RAF1	259	RQRSTSTPNVH	AKT1;PRKACA;RAF1	hprd;pelm;psite	829
ENSP00000251849	RAF1	285	AIRSHSESASP		psite	829
ENSP00000251849	RAF1	338	RGQRDSSYYWE	MAP2K1;PAK1;PAK3;RAF1	hprd;pelm;psite	829
ENSP00000251849	RAF1	339	GQRDSSYYWEI	PAK1	hprd;pelm;psite	829
ENSP00000251849	RAF1	357	STRIGSGSFGT		psite	829
ENSP00000251849	RAF1	497	VKSRWSGSQQV		psite	829
ENSP00000251849	RAF1	621	INRSASEPSLH	PRKACA;RAF1	hprd;pelm;psite	829
ENSP00000310244	RASGRP1	184	WSRKLTQRIKS	PRKCQ	psite	901
ENSP00000384192	RASGRP3	133	WMRRVTQRKKV	PRKCD;PRKCQ	hprd;pelm;psite	634
ENSP00000263895	RND3	210	VKRNKSQRATK		psite	402
ENSP00000263895	RND3	218	ATKRISHMPSR		psite	402
ENSP00000261313	PEBP1	51	VKNRPTSISWD		hprd;psite	619
ENSP00000261313	PEBP1	52	KNRPTSISWDG		hprd;pelm;psite	619
ENSP00000316460	FYB	558	RTARGSYGYIK		psite	709
ENSP00000358770	SLK	189	IQRRDSFIGTP		hprd;pelm;psite	619
ENSP00000358770	SLK	340	ASKRASSDLSI		hprd;psite	619
ENSP00000358770	SLK	341	SKRASSDLSIA		hprd;psite	619
ENSP00000358770	SLK	372	TERSNSEDKLN		psite	619
ENSP00000358770	SLK	1188	RPRKKTLEEEF		psite	619
ENSP00000350941	SRC	17	SQRRRSLEPAE	PRKACA	hprd;pelm;psite	901
ENSP00000350941	SRC	51	GHRGPSAAFAP		psite	901
ENSP00000350941	SRC	269	EIPRESLRLEV		psite	901
ENSP00000264657	STAT3	691	YCRPESQEHPE		hprd;pelm;psite	734
ENSP00000348278	STK39	231	NKVRKTFVGTP	WNK1	pelm;psite	959
ENSP00000356033	TAGAP	547	GVRKESQLAGR		psite	425
ENSP00000356033	TAGAP	714	LVRRCSQPVFE		psite	425
ENSP00000358335	MAP3K7	367	ESGRLSLGASR		psite	919
ENSP00000358335	MAP3K7	389	EGKRMSADMSE		hprd;pelm;psite	919
ENSP00000358335	MAP3K7	439	QPRRRSIQDLT		hprd;pelm;psite	919
ENSP00000294339	TAL1	90	RHRVPTTELCR	AKT1	pelm;psite	619
ENSP00000237289	TNFAIP3	699	EQLRSSQRRDV		psite	430
ENSP00000364336	TBXA2R	239	QRPRDSEVEMM	ADRBK1;ADRBK2	psite	899
ENSP00000364336	TBXA2R	324	LQPRLSTRPRS	PRKCA	psite	899
ENSP00000364336	TBXA2R	329	STRPRSLSLQP	PRKACA;PRKCA	hprd;psite	899
ENSP00000364336	TBXA2R	331	RPRSLSLQPQL	PRKCA	hprd;psite	899
ENSP00000219473	USP10	76	LPRTPSYSISS		psite	459
ENSP00000219473	USP10	263	EAGRDTLSRTA		psite	459
ENSP00000352802	WIPF1	276	VGNRPSIHREA		psite	621
ENSP00000352802	WIPF1	340	PQRNLSLSSST		hprd;psite	621
ENSP00000352802	WIPF1	488	ESRSGSNRRER	PRKCQ	hprd;pelm;psite	621
ENSP00000264972	ZAP70	286	QRRIDTLNSDG		psite	909
ENSP00000264972	ZAP70	300	EPARITSPDKP		psite	909
ENSP00000281537	TJP1	151	VVNRRSEKIWP		psite	865
ENSP00000281537	TJP1	160	WPRDRSASRER		psite	865
ENSP00000281537	TJP1	162	RDRSASRERSL		psite	865
ENSP00000281537	TJP1	166	ASRERSLSPRS		hprd;pelm;psite	865
ENSP00000281537	TJP1	175	RSDRRSVASSQ		hprd;psite	865
ENSP00000281537	TJP1	313	PRRSRSRSPDQ		psite	865
ENSP00000281537	TJP1	347	DEERISKPGAV		psite	865
ENSP00000281537	TJP1	617	RNLRKSREDLS		hprd;pelm;psite	865
ENSP00000281537	TJP1	648	FLRPVTIFGPI		psite	865
ENSP00000281537	TJP1	821	HDDRLSYLSAP		psite	865
ENSP00000281537	TJP1	978	SLRTPSTEAAH		psite	865
ENSP00000281537	TJP1	1366	YFDRRSFENKP		hprd;pelm;psite	865
ENSP00000411397	MARK3	520	TADRHSVIQNG		pelm	846
ENSP00000357656	FYN	512	PEERPTFEYLQ		hprd	621
ENSP00000306124	PRKCE	380	EHRAASSPDGQ		hprd	902
ENSP00000358866	FLNA	1089	SPARFTIDTKG		hprd	919
ENSP00000358866	FLNA	2486	EGYRVTYTPMA		hprd	919
ENSP00000281537	TJP1	885	PVREDSSGMHH		hprd	865
ENSP00000281537	TJP1	840	TDSRHTSDYED		hprd	865
ENSP00000281537	TJP1	841	DSRHTSDYEDT		hprd	865
ENSP00000332816	PTK2B	389	LEARRSHLSES		hprd	915
ENSP00000411397	MARK3	391	KVRPSSDLNNS		hprd	846
ENSP00000263881	MAP4K3	661	LPRKFSVSAKI		hprd	621
ENSP00000344220	PDPK1	33	MVRTQTESSTP	PDPK1	hprd	649
ENSP00000263119	CABIN1	1795	PESRPTELSLE		hprd	899
ENSP00000358770	SLK	1094	SLRINSTATPD		hprd	619
