name	PRKCA
id	ENSP00000284384
type	Serine/threonine kinase
proline+1_removed	Yes
npartners	377
npartners_with_sites	324
nsites	661
//
motif	score	fg_matches	fg_size	bg_matches	bg_size	fold_increase
.ARR.[ST].....	922.96	10	2928	0	9383	Inf
R.R..[ST]..S..	327.44	15	2868	1	9365	48.98
..RR.[ST].....	320.97	50	2918	18	9383	8.93
..R..[ST].....	307.65	324	2853	464	9364	2.29
...R.[ST].....	307.65	245	2529	404	8900	2.13
//
prot_id	prot_name	position	flank	kinase	source	string_score
ENSP00000300161	YWHAB	60	GARRSSWRVIS	PRKCD	hprd;pelm;psite	903
ENSP00000264335	YWHAE	64	SWRIISSIEQK		hprd;psite	900
ENSP00000248975	YWHAH	59	GARRSSWRVIS		pelm;psite	899
ENSP00000306330	YWHAG	59	GARRSSWRVIS	LATS2	psite	959
ENSP00000309503	YWHAZ	58	GARRSSWRVVS	AKT1;MAPKAPK2;PRKACA	hprd;pelm;psite	963
ENSP00000309503	YWHAZ	63	SWRVVSSIEQK		psite	963
ENSP00000355645	ACTA1	151	ASGRTTGIVLD		psite	705
ENSP00000355645	ACTA1	188	AGRDLTDYLMK		psite	705
ENSP00000355645	ACTA1	201	TERGYSFVTTA		psite	705
ENSP00000349960	ACTB	186	AGRDLTDYLMK		psite	844
ENSP00000349960	ACTB	199	TERGYSFTTTA		psite	844
ENSP00000331514	ACTG1	186	AGRDLTDYLMK		psite	844
ENSP00000331514	ACTG1	199	TERGYSFTTTA		psite	844
ENSP00000348381	ADD3	59	QRKRVTQILQS		psite	621
ENSP00000348381	ADD3	402	KPRHKSDVEIP		hprd;psite	621
ENSP00000348381	ADD3	650	RVSRLSTSTTI		hprd;psite	621
ENSP00000348381	ADD3	651	VSRLSTSTTIE		psite	621
ENSP00000348381	ADD3	693	KFRTPSFLKKN	CHEK1;PRKCA	hprd;pelm;psite	621
ENSP00000253332	AKAP12	120	VSKRDSDKEMA		psite	940
ENSP00000253332	AKAP12	248	LKREQSHAEIS		psite	940
ENSP00000253332	AKAP12	371	HEPRLSAEYEK		psite	940
ENSP00000253332	AKAP12	627	RVRRPSESDKE		hprd;pelm;psite	940
ENSP00000253332	AKAP12	696	RARRGSSSDEE		hprd;psite	940
ENSP00000253332	AKAP12	697	ARRGSSSDEEG		hprd;psite	940
ENSP00000253332	AKAP12	1039	EQERRTQEVLQ		psite	940
ENSP00000366244	ARAF	212	LQRIRSTSTPN		hprd;pelm;psite	804
ENSP00000366244	ARAF	213	QRIRSTSTPNV		pelm;psite	804
ENSP00000366244	ARAF	214	RIRSTSTPNVH		hprd;pelm;psite	804
ENSP00000366244	ARAF	250	GSRGGSDGTPR		psite	804
ENSP00000366244	ARAF	283	QRERKSLADDK		psite	804
ENSP00000366244	ARAF	299	LGYRDSGYYWE		pelm;psite	804
ENSP00000366244	ARAF	318	LKRIGTGSFGT		psite	804
ENSP00000366244	ARAF	413	DVARQTAQGMD		psite	804
ENSP00000366244	ARAF	458	VKTRWSGAQPL		psite	804
ENSP00000366244	ARAF	547	MRRLLSDCLKF		psite	804
ENSP00000366244	ARAF	582	IERSASEPSLH		hprd;pelm;psite	804
ENSP00000360985	ARFGEF2	276	PRERGSSLSGT		hprd;pelm;psite	425
ENSP00000360985	ARFGEF2	277	RERGSSLSGTD		hprd;psite	425
ENSP00000360985	ARFGEF2	614	MARRCSVTSME		hprd;pelm;psite	425
ENSP00000360985	ARFGEF2	690	EERLDSTQVGD		hprd;pelm;psite	425
ENSP00000360985	ARFGEF2	1024	REREGSLKGHT		psite	425
ENSP00000360985	ARFGEF2	1511	DLDRQSLSSID		hprd;pelm;psite	425
ENSP00000360985	ARFGEF2	1525	SERGQSQLSNP		hprd;pelm;psite	425
ENSP00000337261	ARHGEF1	645	SHLRQSSDPML		psite	638
ENSP00000337261	ARHGEF1	646	HLRQSSDPMLS		psite	638
ENSP00000295598	ATP1A1	943	KTRRNSVFQQG	PRKACA	psite	627
ENSP00000324172	ATP2B2	1139	LNRIQTQIRVV	PRKCA	hprd;psite	639
ENSP00000324172	ATP2B2	1150	KAFRSSLYEGL		psite	639
ENSP00000288602	BRAF	363	GQRDRSSSAPN		hprd;psite	963
ENSP00000288602	BRAF	364	QRDRSSSAPNV		hprd;pelm;psite	963
ENSP00000288602	BRAF	365	RDRSSSAPNVH	AKT1;AKT3	hprd;pelm;psite	963
ENSP00000288602	BRAF	428	QRERKSSSSSE		psite	963
ENSP00000288602	BRAF	429	RERKSSSSSED	AKT1;AKT3	hprd;pelm;psite	963
ENSP00000288602	BRAF	440	RNRMKTLGRRD		hprd;pelm;psite	963
ENSP00000288602	BRAF	446	LGRRDSSDDWE	PAK1	hprd;pelm;psite	963
ENSP00000288602	BRAF	447	GRRDSSDDWEI		hprd;pelm;psite	963
ENSP00000288602	BRAF	465	GQRIGSGSFGT		psite	963
ENSP00000288602	BRAF	605	VKSRWSGSHQF		psite	963
ENSP00000288602	BRAF	729	IHRSASEPSLN		hprd;pelm;psite	963
ENSP00000308176	BTK	51	RGRRGSKKGSI		psite	643
ENSP00000308176	BTK	184	SSHRKTKKPLP		psite	643
ENSP00000308176	BTK	495	RHRFQTQQLLE		psite	643
ENSP00000308176	BTK	602	PYERFTNSETA		psite	643
ENSP00000296154	CASR	342	VHPRKSVHNGF		psite	629
ENSP00000296154	CASR	888	VAARATLRRSN	PRKCA	hprd;pelm;psite	629
ENSP00000296154	CASR	892	ATLRRSNVSRK		psite	629
ENSP00000296154	CASR	899	VSRKRSSSLGG		psite	629
ENSP00000311032	CASP3	150	GDRCRSLTGKP	MAPK14	pelm;psite	409
ENSP00000264033	CBL	439	FDPRGSGSLLR		psite	636
ENSP00000264033	CBL	619	LTNRHSLPFSL	PRKCA	hprd;psite	636
ENSP00000264033	CBL	639	VPRLGSTFSLD	PRKCA	hprd;psite	636
ENSP00000264033	CBL	789	VLARRTLSDIS		psite	636
ENSP00000264033	CBL	791	ARRTLSDISNA		psite	636
ENSP00000264033	CBL	833	PRRINSERKAG		psite	636
ENSP00000342681	CD5	434	FHRNHTATVRS	PRKCA;PRKCG	hprd;pelm;psite	653
ENSP00000342681	CD5	460	QPPRNSHLSAY		hprd;psite	653
ENSP00000342681	CD5	476	ALHRSSMQPDN		psite	653
ENSP00000245960	CDC25B	151	IRRFQSMPVRL		psite	808
ENSP00000245960	CDC25B	167	VLRNITNSQAP		psite	808
ENSP00000245960	CDC25B	178	DGRRKSEAGSG		psite	808
ENSP00000245960	CDC25B	230	AQRPSSAPDLM	CHEK1	pelm;psite	808
ENSP00000245960	CDC25B	323	LFRSPSMPCSV	MAPKAPK2;MELK	pelm;psite	808
ENSP00000245960	CDC25B	353	NKRRRSVTPPE	AURKA;MAPKAPK2;RPS6KA1	hprd;pelm;psite	808
ENSP00000245960	CDC25B	375	VLRSKSLCHDE	BRSK1;MAPKAPK2	hprd;pelm;psite	808
ENSP00000265846	ADAP1	87	RARFESKVPSF	PRKCA;PRKCE	hprd;psite	619
ENSP00000265846	ADAP1	276	RKRWFTMDDRR	PRKCA;PRKCE	hprd;psite	619
ENSP00000003084	CFTR	291	ENLRQTELKLT		hprd;psite	661
ENSP00000003084	CFTR	422	NNRKTSNGDDS		psite	661
ENSP00000003084	CFTR	660	AERRNSILTET	PRKACA;PRKCA;PRKG1	hprd;pelm;psite	661
ENSP00000003084	CFTR	700	EKRKNSILNPI	PRKACA	hprd;pelm;psite	661
ENSP00000003084	CFTR	712	SIRKFSIVQKT	PRKACA	pelm;psite	661
ENSP00000003084	CFTR	737	LERRLSLVPDS	LMTK2;PRKAA1;PRKACA;PRKCA	hprd;pelm;psite	661
ENSP00000003084	CFTR	753	ILPRISVISTG	PRKACA	pelm;psite	661
ENSP00000003084	CFTR	768	ARRRQSVLNLM	PRKAA1;PRKACA	hprd;pelm;psite	661
ENSP00000003084	CFTR	795	STRKVSLAPQA	PRKACA;PRKCA	hprd;pelm;psite	661
ENSP00000003084	CFTR	813	YSRRLSQETGL	PRKACA;PRKCA	hprd;pelm;psite	661
ENSP00000337103	CHAT	473	LIRADSVSELP		psite	621
ENSP00000308741	CLOCK	437	ASSRSSRKSSH		psite	441
ENSP00000340211	CORO1B	209	DPRRGTLVAER		psite	621
ENSP00000356436	PLA2G4A	727	NPSRCSVSLSN	RPS6KA5	hprd;pelm;psite	820
ENSP00000265372	CREM	87	LSRRPSYRKIL		hprd;psite	645
ENSP00000300574	CRK	40	FLVRDSSTSPG		hprd;psite	905
ENSP00000300574	CRK	41	LVRDSSTSPGD		hprd;psite	905
ENSP00000300574	CRK	125	RSRQGSGVILR		hprd;psite	905
ENSP00000300574	CRK	194	KYRPASASVSA		hprd;psite	905
ENSP00000344456	CTNNB1	332	IMRTYTYEKLL	CAMK2A	psite	699
ENSP00000344456	CTNNB1	472	ALRHLTSRHQE	CAMK2A	psite	699
ENSP00000344456	CTNNB1	551	DTQRRTSMGGT		hprd;pelm;psite	699
ENSP00000344456	CTNNB1	552	TQRRTSMGGTQ	AKT1;AKT2;CAMK2A;PRKACA	hprd;pelm;psite	699
ENSP00000344456	CTNNB1	675	YKKRLSVELTS	PAK4;PRKACA	hprd;pelm;psite	699
ENSP00000290374	GJD2	293	QAKRKSIYEIR		psite	806
ENSP00000282561	GJA1	296	GDRNNSSCRNY		psite	994
ENSP00000282561	GJA1	364	VDQRPSSRASS		psite	994
ENSP00000282561	GJA1	365	DQRPSSRASSR		hprd;psite	994
ENSP00000282561	GJA1	368	PSSRASSRASS	PRKCA;PRKCE	hprd;pelm;psite	994
ENSP00000282561	GJA1	369	SSRASSRASSR		hprd;psite	994
ENSP00000282561	GJA1	372	ASSRASSRPRP		psite	994
ENSP00000282561	GJA1	373	SSRASSRPRPD		hprd;psite	994
ENSP00000408236	CYTH2	391	RKKRISVKKKQ	PRKCA	hprd;pelm;psite	623
ENSP00000225792	DDX5	198	ACRLKSTCIYG		psite	621
ENSP00000225792	DDX5	480	VEDRGSGRSRG		hprd;pelm;psite	621
ENSP00000225792	DDX5	498	RRDRYSAGKRG		hprd;psite	621
ENSP00000225792	DDX5	519	YDRGYSSLLKR		hprd;psite	621
ENSP00000369213	DDX58	8	TEQRRSLQAFQ		psite	653
ENSP00000369213	DDX58	770	ILRLQTWDEAV	CSNK2A1	psite	653
ENSP00000264057	DGKD	44	LIRKVSTSGQI		psite	691
ENSP00000264057	DGKD	615	MLRANSLKKAI		psite	691
ENSP00000234961	OPRD1	358	ARERVTACTPS	ADRBK1	hprd;pelm;psite	621
ENSP00000005340	DVL2	169	PRRRDSSEHGA		psite	619
ENSP00000005340	DVL2	170	RRRDSSEHGAG		psite	619
ENSP00000005340	DVL2	592	EGSRSSGSTRS		psite	619
ENSP00000005340	DVL2	630	SSRGGSLRRGG		psite	619
ENSP00000005340	DVL2	720	TASRQSFHMAM		psite	619
ENSP00000362014	DNM1	776	GRRSPTSSPTP		hprd;pelm;psite	621
ENSP00000362014	DNM1	795	PARPGSRGPAP	PRKCA	hprd;psite	621
ENSP00000302886	PA2G4	335	PMRITSGPFEP		hprd;psite	781
ENSP00000302886	PA2G4	366	SASRKTQKKKK	PRKCA	hprd;psite	781
ENSP00000224073	EDF1	74	HHDRVTLEVGK		hprd;psite	658
ENSP00000391944	EEF1D	452	VVRIASLEVEN		hprd;psite	621
ENSP00000275493	EGFR	151	GAVRFSNNPAL		psite	906
ENSP00000275493	EGFR	678	IVRKRTLRRLL	PKN1;PKN3;PRKCA;PRKCD	hprd;pelm;psite	906
ENSP00000275493	EGFR	1070	FLQRYSSDPTG	CAMK2G	hprd;pelm;psite	906
ENSP00000275493	EGFR	1071	LQRYSSDPTGA	CAMK2G	hprd;pelm;psite	906
ENSP00000256383	EIF2S1	58	RRRIRSINKLI		hprd;psite	619
ENSP00000338934	EZR	332	KKRRETVEREK		psite	994
ENSP00000338934	EZR	366	AERELSEQIQR		psite	994
ENSP00000341189	PTK2	517	QVRKYSLDLAS		psite	806
ENSP00000341189	PTK2	695	RMRMESRRQAT		psite	806
ENSP00000341189	PTK2	700	SRRQATVSWDS		psite	806
ENSP00000341189	PTK2	726	PSPRSSEGFYP		psite	806
ENSP00000341189	PTK2	840	PDVRLSRGSID		hprd;pelm;psite	806
ENSP00000341189	PTK2	843	RLSRGSIDRED		hprd;pelm;psite	806
ENSP00000281092	FER	410	DARSVTSMERK		hprd;psite	899
ENSP00000331504	FES	408	QDDRHSTSSSE		psite	899
ENSP00000331504	FES	409	DDRHSTSSSEQ		psite	899
ENSP00000331504	FES	423	GGRTPTLEILK		psite	899
ENSP00000358866	FLNA	1286	DARALTQTGGP		psite	627
ENSP00000358866	FLNA	2053	SRVRVSGQGLH		hprd;pelm;psite	627
ENSP00000358866	FLNA	2152	RRRAPSVANVG	PAK1;PRKACA;RPS6KA1	hprd;pelm;psite	627
ENSP00000358866	FLNA	2336	DARRLTVSSLQ		hprd;psite	627
ENSP00000358866	FLNA	2523	GPRLVSNHSLH	CAMK2A;CAMK2G	hprd;pelm;psite	627
ENSP00000327145	FLNC	1161	SKVRASGPGLE		hprd;pelm;psite	640
ENSP00000327145	FLNC	2179	LTRTFTRSSHT		psite	640
ENSP00000327145	FLNC	2233	RERLGSFGSIT	AKT1;AKT2	hprd;psite	640
ENSP00000327145	FLNC	2412	DARRLTVTSLQ		psite	640
ENSP00000327145	FLNC	2623	SSSRGSSYSSI		psite	640
ENSP00000327145	FLNC	2624	SSRGSSYSSIP		psite	640
ENSP00000380969	THOC5	28	GKRNRSDTEQE		psite	621
ENSP00000380969	THOC5	30	RNRSDTEQEGK		psite	621
ENSP00000380969	THOC5	328	KRRRPTLGVQL		hprd;psite	621
ENSP00000306245	FOS	362	AHRKGSSSNEP	PRKACA;RPS6KA1;RPS6KA3	hprd;pelm;psite	412
ENSP00000357656	FYN	21	EERDGSLNQSS	PRKACA	hprd;pelm;psite	910
ENSP00000275364	GNA12	40	EARRRSRDIDA		psite	621
ENSP00000299267	GABRB3	432	HLRRRSSQLKI		psite	619
ENSP00000299267	GABRB3	433	LRRRSSQLKIK		psite	619
ENSP00000339186	GRAP2	187	MNRKLSDHPPT		psite	899
ENSP00000339186	GRAP2	236	ERRGGSLDIND		psite	899
ENSP00000339186	GRAP2	262	MHRRHTDPVQL		hprd;pelm;psite	899
ENSP00000317145	GDNF	146	IFRYCSGSCDA		psite	905
ENSP00000253408	GFAP	8	RRRITSAARRS	CDK1;PRKACA	hprd;pelm;psite	691
ENSP00000253408	GFAP	13	SAARRSYVSSG	AURKB;PRKACA;PRKCA;ROCK1	hprd;pelm;psite	691
ENSP00000253408	GFAP	38	PGTRLSLARMP	AURKB;PRKACA;PRKCA;ROCK1	hprd;pelm;psite	691
ENSP00000354347	GFPT1	243	LSRVDSTTCLF	CAMK2A;PRKAA1	hprd;pelm;psite	621
ENSP00000340698	GIPC1	232	GGRPGSGPQLG		psite	661
ENSP00000340698	GIPC1	242	GTGRGTLRLRS		psite	661
ENSP00000340698	GIPC1	247	TLRLRSRGPAT		psite	661
ENSP00000330836	GLRX3	117	VQRHASSGSFL		psite	425
ENSP00000285900	GRIA1	836	KSRSESKRMKG	PRKCA	pelm;psite	660
ENSP00000285900	GRIA1	863	TLPRNSGAGAS	PRKACA	hprd;pelm;psite	660
ENSP00000282499	GRIA4	862	NKARLSITGSV	PRKCA	hprd;pelm;psite	651
ENSP00000350757	GMFB	27	RFRKETNNAAI	PRKACA;RPS6KA1	hprd;pelm;psite	621
ENSP00000350757	GMFB	83	DDGRVSYPLCF	PRKACA	hprd;pelm;psite	621
ENSP00000381793	GRB10	428	PVRSVSENSLV	MTOR	psite	910
ENSP00000339007	GRB2	88	FLIRESESAPG		psite	500
ENSP00000312262	ADRBK1	29	PAARASKKILL	PRKCA;PRKCG	hprd;pelm;psite	961
ENSP00000222330	GSK3A	19	SGRARTSSFAE		hprd;pelm;psite	649
ENSP00000222330	GSK3A	20	GRARTSSFAEP		hprd;pelm;psite	649
ENSP00000222330	GSK3A	21	RARTSSFAEPG	AKT1;PRKACA;PRKCA;PRKCB;PRKCD;PRKCG;PRKCH;RPS6KA3	hprd;pelm;psite	649
ENSP00000222330	GSK3A	97	KLGRDSGKVTT		psite	649
ENSP00000324806	GSK3B	8	GRPRTTSFAES		psite	660
ENSP00000324806	GSK3B	9	RPRTTSFAESC	AKT1;AURKA;MAP4K5;PRKACA;PRKCA;PRKCB;PRKCD;PRKCG;PRKCH;RPS6KA1;RPS6KA3;RPS6KB1	hprd;pelm;psite	660
ENSP00000330074	HIST1H1B	39	AKRKATGPPVS		hprd;psite	621
ENSP00000339566	HIST1H1C	36	TPRKASGPPVS	CHEK2	hprd;pelm;psite	621
ENSP00000244534	HIST1H1D	37	GKRKASGPPVS		hprd;psite	621
ENSP00000307705	HIST1H1E	27	KKARKSAGAAK		hprd;pelm;psite	621
ENSP00000307705	HIST1H1E	36	AKRKASGPPVS	PRKACA	hprd;pelm;psite	621
ENSP00000244573	HIST1H1A	165	AATRKSSKNPK		hprd;psite	621
ENSP00000244573	HIST1H1A	166	ATRKSSKNPKK		hprd;psite	621
ENSP00000341214	HIST1H1T	103	VQTRGTGASGS		psite	621
ENSP00000341214	HIST1H1T	159	KKPRATTPKTV		hprd;pelm;psite	621
ENSP00000350275	HIST1H3A	11	QTARKSTGGKA	AKT2;AURKA;AURKB;AURKC;PAK1;PBK;PIM1;PRKCQ;ROCK1;RPS6KA3;RPS6KA5;TGM2;TLK1;VRK1	pelm;psite	619
ENSP00000350275	HIST1H3A	12	TARKSTGGKAP	DAPK3;PKN1	pelm;psite	619
ENSP00000350275	HIST1H3A	29	KAARKSAPATG	AKT2;AURKB;MLTK;ROCK1;RPS6KA5;TGM2	hprd;pelm;psite	619
ENSP00000350275	HIST1H3A	46	RYRPGTVALRE	AKT2;PRKCD	psite	619
ENSP00000350275	HIST1H3A	87	DLRFQSSAVMA		psite	619
ENSP00000350275	HIST1H3A	119	HAKRVTIMPKD		psite	619
ENSP00000364398	HABP4	97	QKERKSLPAPV		hprd;pelm;psite	619
ENSP00000364398	HABP4	375	GARGGTRGGRG	PRKCA;PRKCQ;PRKCZ	hprd;psite	619
ENSP00000231121	HAND1	98	GRRKGSGPKKE	PRKCA	hprd;pelm;psite	619
ENSP00000352565	HAND2	114	RRRTQSINSAF		psite	619
ENSP00000269571	ERBB2	686	KIRKYTMRRLL	PRKACA;PRKCA	pelm;psite	426
ENSP00000269571	ERBB2	1049	HHRHRSSSTRS		psite	426
ENSP00000269571	ERBB2	1050	HRHRSSSTRSG		psite	426
ENSP00000269571	ERBB2	1051	RHRSSSTRSGG		psite	426
ENSP00000269571	ERBB2	1172	LERPKTLSPGK		pelm;psite	426
ENSP00000232424	HES1	37	SEHRKSSKPIM	PRKCA	hprd;pelm;psite	621
ENSP00000232424	HES1	38	EHRKSSKPIME	PRKCA	hprd;pelm;psite	621
ENSP00000355657	HIST3H3	29	KVARKSAPATG	RPS6KA5	hprd;psite	845
ENSP00000355657	HIST3H3	46	RYRPGTVALRE		psite	845
ENSP00000355657	HIST3H3	87	DLRFQSSAVMA		psite	845
ENSP00000355657	HIST3H3	119	HAKRVTIMPKD		psite	845
ENSP00000308227	HMGA1	75	AKTRKTTTTPG		psite	621
ENSP00000308227	HMGA1	76	KTRKTTTTPGR		psite	621
ENSP00000343040	HMGB1	100	PKRPPSAFFLF		hprd;psite	621
ENSP00000370125	HMGN1	21	EPKRRSARLSA	PRKCA	hprd;pelm;psite	621
ENSP00000370125	HMGN1	25	RSARLSAKPPA	PRKCA	hprd;pelm;psite	621
ENSP00000355228	HMGN2	25	EPQRRSARLSA	AURKB;PRKCA	hprd;psite	619
ENSP00000355228	HMGN2	29	RSARLSAKPAP	AURKB;PRKCA	hprd;pelm;psite	619
ENSP00000364802	HSPA1A	265	VRRLRTACERA		psite	695
ENSP00000364802	HSPA1A	313	DLFRSTLEPVE		psite	695
ENSP00000364802	HSPA1A	418	LIKRNSTIPTK		psite	695
ENSP00000335153	HSP90AA1	185	KIRYESLTDPS		psite	691
ENSP00000335153	HSP90AA1	212	QDRTLTIVDTG	PRKACA	hprd;psite	691
ENSP00000335153	HSP90AA1	745	ALRDNSTMGYM		psite	691
ENSP00000281938	HSPB8	57	ALPRLSSAWPG	PRKACA	psite	621
ENSP00000385269	ELAVL1	88	GLRLQSKTIKV	CHEK2	psite	923
ENSP00000385269	ELAVL1	100	YARPSSEVIKD	CHEK2	psite	923
ENSP00000385269	ELAVL1	118	LPRTMTQKDVE	CHEK2;MAPK14	psite	923
ENSP00000216797	NFKBIA	32	DDRHDSGLDSM	CHUK;CSNK2A1;IKBKB;IKBKE;RPS6KA1;RPS6KA3;SGK1	hprd;pelm;psite	927
ENSP00000359424	CHUK	23	RERLGTGGFGN	AKT1;AKT2	hprd;pelm;psite	959
ENSP00000358622	IKBKG	136	DAIRQSNQILR	IKBKB	psite	901
ENSP00000360200	INADL	455	VRRKTSSSTSP		psite	727
ENSP00000303830	INSR	361	ELRGCTVINGS		psite	668
ENSP00000303830	INSR	400	LKIRRSYALVS		hprd;pelm;psite	668
ENSP00000303830	INSR	1333	PLDRSSHCQRE		pelm;psite	668
ENSP00000303830	INSR	1375	NGRILTLPRSN	PRKCA	hprd;pelm;psite	668
ENSP00000405934	ITPR1	704	LFWRDSNKEIR		hprd;psite	820
ENSP00000405934	ITPR1	1589	AARRDSVLAAS	PRKACA	hprd;pelm;psite	820
ENSP00000405934	ITPR1	1716	SGRRESLTSFG	PRKACA	hprd;pelm;psite	820
ENSP00000405934	ITPR1	2386	VYREETLLNVI		psite	820
ENSP00000405934	ITPR1	2642	RMRAMSLVSSD		psite	820
ENSP00000370744	ITPR2	1855	MRVRDSTLHLK		psite	806
ENSP00000370744	ITPR2	1856	RVRDSTLHLKE		psite	806
ENSP00000370744	ITPR2	2380	VYREETLLNVI		hprd;psite	806
ENSP00000370744	ITPR2	2633	RMRAMSLVSNE		hprd;psite	806
ENSP00000363435	ITPR3	916	KNVRRSIQGVG		hprd;pelm;psite	820
ENSP00000363435	ITPR3	934	LSRKQSVFSAP		hprd;pelm;psite	820
ENSP00000363435	ITPR3	1567	AQRNASSYKAT		psite	820
ENSP00000363435	ITPR3	1832	KGRVASFSIPG		hprd;pelm;psite	820
ENSP00000363435	ITPR3	1843	SSSRYSLGPSL		hprd;psite	820
ENSP00000363435	ITPR3	2609	RMRAMSLVSNE		hprd;psite	820
ENSP00000200181	ITGB4	368	FNRIRSNLDIR		psite	975
ENSP00000200181	ITGB4	829	LARLCTENLLK		psite	975
ENSP00000200181	ITGB4	1297	QPYRYTVKARN		psite	975
ENSP00000200181	ITGB4	1325	PKRPMSIPIIP		psite	975
ENSP00000200181	ITGB4	1364	GSQRPSVSDDT	PRKACA;PRKCA;RPS6KA1	pelm;psite	975
ENSP00000200181	ITGB4	1483	PHRVLSTSSTL		psite	975
ENSP00000200181	ITGB4	1511	LPRDYSTLTSV		psite	975
ENSP00000200181	ITGB4	1524	HDSRLTAGVPD		psite	975
ENSP00000200181	ITGB4	1604	RVRAQSQEGWG		psite	975
ENSP00000200181	ITGB4	1797	LTRHVTQEFVS		psite	975
ENSP00000200181	ITGB4	1806	VSRTLTTSGTL		psite	975
ENSP00000200181	ITGB4	1358	VLRSPSGSQRP		psite	975
ENSP00000296181	ITGB5	61	SPRSITSRCDL		psite	861
ENSP00000283249	ITGB6	765	PLYRGSTSTFK		psite	824
ENSP00000260386	ITPKA	311	AQRAVTKPRYM	CAMK2A;PRKCA	hprd;pelm;psite	636
ENSP00000272117	ITPKB	84	RRRLNSSSGSG		psite	621
ENSP00000272117	ITPKB	204	ERRTKSWGEQC		psite	621
ENSP00000373487	KRT18	8	FTTRSTFSTNY		hprd;psite	638
ENSP00000373487	KRT18	30	GARPVSSAASV		hprd;pelm;psite	638
ENSP00000373487	KRT18	47	SGSRISVSRST		hprd;psite	638
ENSP00000373487	KRT18	52	SVSRSTSFRGG		hprd;psite	638
ENSP00000373487	KRT18	53	VSRSTSFRGGM	CAMK1;MAPKAPK2;PRKCA;PRKCE;RPS6KB2	hprd;pelm;psite	638
ENSP00000373487	KRT18	93	NDRLASYLDRV		psite	638
ENSP00000373487	KRT18	100	LDRVRSLETEN		hprd;psite	638
ENSP00000373487	KRT18	110	NRRLESKIREH		psite	638
ENSP00000373487	KRT18	127	QVRDWSHYFKI		hprd;psite	638
ENSP00000373487	KRT18	177	LAMRQSVENDI		hprd;psite	638
ENSP00000373487	KRT18	302	TELRRTVQSLE		hprd;psite	638
ENSP00000288135	KIT	741	ADKRRSVRIGS	PRKCA	hprd;pelm;psite	960
ENSP00000288135	KIT	746	SVRIGSYIERD	PRKCA	hprd;pelm;psite	960
ENSP00000288135	KIT	959	SVRINSVGSTA	PRKCA	hprd;pelm;psite	960
ENSP00000366915	KLF5	443	CNRSFSRSDHL		psite	621
ENSP00000352035	KCNQ2	52	APKRGSILSKP		psite	621
ENSP00000352035	KCNQ2	217	DRRGGTWKLLG		psite	621
ENSP00000352035	KCNQ2	857	PPRSATGEGPF		psite	621
ENSP00000357283	LMNA	10	SQRRATRSGAQ		hprd;pelm;psite	850
ENSP00000357283	LMNA	27	SPTRITRLQEK		psite	850
ENSP00000357283	LMNA	51	IDRVRSLETEN		hprd;psite	850
ENSP00000357283	LMNA	64	LRLRITESEEV		hprd;psite	850
ENSP00000357283	LMNA	224	KRRHETRLVEI		psite	850
ENSP00000357283	LMNA	277	DNARQSAERNS		hprd;pelm;psite	850
ENSP00000357283	LMNA	301	RIRIDSLSAQL		hprd;pelm;psite	850
ENSP00000357283	LMNA	403	SRGRASSHSSQ	PRKCA	hprd;pelm;psite	850
ENSP00000357283	LMNA	404	RGRASSHSSQT	PRKCA	hprd;pelm;psite	850
ENSP00000357283	LMNA	429	TESRSSFSQHA		hprd;psite	850
ENSP00000357283	LMNA	458	RLRNKSNEDQS		hprd;pelm;psite	850
ENSP00000357283	LMNA	548	LVRSVTVVEDD		psite	850
ENSP00000357283	LMNA	585	NLRSRTVLCGT		psite	850
ENSP00000261366	LMNB1	13	PPRMGSRAGGP		psite	847
ENSP00000261366	LMNB1	28	SPTRLSRLQEK		hprd;pelm;psite	847
ENSP00000261366	LMNB1	200	ENRCQSLTEDL		hprd;pelm;psite	847
ENSP00000261366	LMNB1	210	LEFRKSMYEEE		hprd;psite	847
ENSP00000261366	LMNB1	278	ENARLSSEMNT		hprd;psite	847
ENSP00000261366	LMNB1	302	RMRIESLSSQL		psite	847
ENSP00000261366	LMNB1	340	SRRMLTDKERE		psite	847
ENSP00000261366	LMNB1	399	PSSRVTVSRAS		psite	847
ENSP00000261366	LMNB1	404	TVSRASSSRSV		hprd;pelm;psite	847
ENSP00000261366	LMNB1	405	VSRASSSRSVR	PRKCB	hprd;pelm;psite	847
ENSP00000261366	LMNB1	412	RSVRTTRGKRK		psite	847
ENSP00000337825	LCK	42	LIRNGSEVRDP	MAPK1;MAPK3;PRKACA;PRKCA	hprd;pelm;psite	961
ENSP00000337825	LCK	210	LVRHYTNASDG		psite	961
ENSP00000357624	MARCKS	159	KKKRFSFKKSF	PRKCA;ROCK1	hprd;pelm;psite	979
ENSP00000348273	MBP	26	TNRGESEKKRN		psite	954
ENSP00000348273	MBP	39	ELSRTTSEDNE		psite	954
ENSP00000348273	MBP	40	LSRTTSEDNEV		psite	954
ENSP00000348273	MBP	96	LIRLFSRDAPG		hprd;pelm;psite	954
ENSP00000348273	MBP	141	SQKRPSQRHGS	PRKCA	hprd;psite	954
ENSP00000348273	MBP	146	SQRHGSKYLAT	PRKCA	hprd;psite	954
ENSP00000348273	MBP	169	PRHRDTGILDS	PRKACA	hprd;psite	954
ENSP00000348273	MBP	249	SLSRFSWGAEG	PRKCA	hprd;psite	954
ENSP00000348273	MBP	266	YGGRASDYKSA	PRKCA	hprd;psite	954
ENSP00000382423	MAP3K1	20	PGARATSPEAG		psite	811
ENSP00000382423	MAP3K1	1016	PCRIPSASPQT		psite	811
ENSP00000382423	MAP3K1	1026	TQRKFSLQFHR		psite	811
ENSP00000343463	MAP3K2	153	RKKRLSIIGPT		hprd;pelm;psite	817
ENSP00000343463	MAP3K2	163	TSRDRSSPPPG		hprd;pelm;psite	817
ENSP00000343463	MAP3K2	239	MPRAQSYPDNH		hprd;pelm;psite	817
ENSP00000343463	MAP3K2	290	PRARRTQGTSL		psite	817
ENSP00000343463	MAP3K2	331	IRRRGSDIDNP		hprd;pelm;psite	817
ENSP00000354927	MAP3K3	197	RSRHLSVSSQN	PRKACA	hprd;pelm;psite	820
ENSP00000354927	MAP3K3	281	MSRAQSFPDNR		hprd;psite	820
ENSP00000354927	MAP3K3	325	SDGRRTFPRIR		hprd;psite	820
ENSP00000354927	MAP3K3	347	SSRSLSTNGEN		psite	820
ENSP00000354927	MAP3K3	368	RGRLRSADSEN	PRKACA	hprd;pelm;psite	820
ENSP00000354927	MAP3K3	547	SKRLQTICMSG		psite	820
ENSP00000354927	MAP3K3	559	GMRSVTGTPYW		psite	820
ENSP00000375986	MAP3K4	499	LERLESEDDSL		hprd;psite	819
ENSP00000375986	MAP3K4	835	AEFRLSAPVRD		psite	819
ENSP00000375986	MAP3K4	1274	GSTRRSWELRT		psite	819
ENSP00000282753	GRM1	871	PCRSNTFLNIF		psite	653
ENSP00000302111	MGMT	42	EMKRTTLDSPL		psite	619
ENSP00000354558	MTOR	1172	PELRSTAMDTL		psite	974
ENSP00000354558	MTOR	1821	KLRHASGANIT		psite	974
ENSP00000354558	MTOR	2444	NKRSRTRTDSY		hprd;psite	974
ENSP00000354558	MTOR	2446	RSRTRTDSYSA	AKT1;RPS6KB1	hprd;pelm;psite	974
ENSP00000354558	MTOR	2448	RTRTDSYSAGQ	AKT1;RPS6KB1	hprd;pelm;psite	974
ENSP00000215057	MZF1	347	SRGRPSTGGGV		psite	805
ENSP00000215057	MZF1	592	HLRVHTGEKPF		psite	805
ENSP00000327850	NFATC1	232	TSPRASVTEES	PRKACA;PRKCA	hprd;pelm;psite	695
ENSP00000327850	NFATC1	256	NKRKYSLNGRQ	PRKACA;PRKCA	hprd;pelm;psite	695
ENSP00000327850	NFATC1	281	GSPRVSVTDDS	PRKACA;PRKCA	hprd;pelm;psite	695
ENSP00000327850	NFATC1	529	LKLRNSDIELR		psite	695
ENSP00000226574	NFKB1	338	QLRRKSDLETS	PRKACA	hprd;pelm;psite	923
ENSP00000226574	NFKB1	938	SFRKLSFTESL		psite	923
ENSP00000384273	RELA	276	QLRRPSDRELS	PIM1;PRKACA;RPS6KA4;RPS6KA5	hprd;pelm;psite	914
ENSP00000384273	RELA	281	SDRELSEPMEF		psite	914
ENSP00000384273	RELA	505	ITRLVTGAQRP		pelm;psite	914
ENSP00000360616	GRIN1	896	FKRRRSSKDTS		hprd;pelm;psite	839
ENSP00000360616	GRIN1	897	KRRRSSKDTST		hprd;pelm;psite	839
ENSP00000332549	GRIN2A	929	FIQRGSLIMDM		psite	967
ENSP00000279593	GRIN2B	1166	DFKRDSVSGGG		psite	963
ENSP00000279593	GRIN2B	1303	LRRQHSYDTFV	CAMK2A;PRKCA	hprd;pelm;psite	963
ENSP00000279593	GRIN2B	1323	APRSVSLKDKG	PRKCA	hprd;pelm;psite	963
ENSP00000263269	GRIN2D	1288	PARRLTGPSRH		psite	831
ENSP00000320758	NOS1	852	KVRFNSVSSYS	PRKCA	hprd;pelm;psite	619
ENSP00000320758	NOS1	1417	RLRSESIAFIE		hprd;pelm;psite	619
ENSP00000347169	NUMB	194	FTREGSFRVTT		psite	619
ENSP00000347169	NUMB	276	LARQGSFRGFP		hprd;pelm;psite	619
ENSP00000347169	NUMB	295	FKRQLSLRINE	PRKCZ	hprd;pelm;psite	619
ENSP00000347169	NUMB	438	HRRTPSEADRW		hprd;pelm;psite	619
ENSP00000347169	NUMB	561	LVRQQTFPHYE		psite	619
ENSP00000347379	OCLN	369	RQPRYSSGGNF		hprd;psite	676
ENSP00000347379	OCLN	370	QPRYSSGGNFE		psite	676
ENSP00000306561	OGG1	231	QQLRESSYEEA		psite	621
ENSP00000306561	OGG1	232	QLRESSYEEAH		psite	621
ENSP00000306561	OGG1	280	AQRDYSWHPTT		psite	621
ENSP00000378517	SPP1	303	LKFRISHELDS		hprd;psite	622
ENSP00000162330	BCAR1	326	LLREETYDVPP		hprd;psite	906
ENSP00000162330	BCAR1	428	EGKRLSASSTG		hprd;psite	906
ENSP00000289473	NCF1	303	APPRRSSIRNA	PRKCA;PRKCB;PRKCD	pelm;psite	846
ENSP00000289473	NCF1	304	PPRRSSIRNAH	AKT1;PRKCA;PRKCB;PRKCD;PRKCZ	pelm;psite	846
ENSP00000289473	NCF1	320	SRKRLSQDAYR	IRAK4;PRKACA;PRKCA;PRKCB;PRKCD	pelm;psite	846
ENSP00000289473	NCF1	328	AYRRNSVRFLQ	AKT1;PRKACA;PRKCA;PRKCB;PRKCD	pelm;psite	846
ENSP00000289473	NCF1	356	EEERQTQRSKP	IRAK4	psite	846
ENSP00000289473	NCF1	370	VPPRPSADLIL	IRAK4;PRKACA;PRKCA;PRKCB;PRKCD	pelm;psite	846
ENSP00000289473	NCF1	379	ILNRCSESTKR	PRKCA;PRKCB;PRKCD	pelm;psite	846
ENSP00000269305	TP53	183	HHERCSDSDGL	AURKB	psite	718
ENSP00000269305	TP53	211	LDDRNTFRHSV	AURKB	psite	718
ENSP00000269305	TP53	215	NTFRHSVVVPY	AURKA;AURKB	pelm;psite	718
ENSP00000269305	TP53	269	LLGRNSFEVRV	AURKB;DAPK1	psite	718
ENSP00000269305	TP53	284	GRDRRTEEENL	AURKB	psite	718
ENSP00000269305	TP53	366	GSRAHSSHLKS	CHEK2	hprd;psite	718
ENSP00000306100	PAM	943	GFDRLSTEGSD		hprd;pelm;psite	631
ENSP00000306100	PAM	944	FDRLSTEGSDQ		hprd;psite	631
ENSP00000348099	PDLIM7	78	CGERLSLGLSR		hprd;psite	619
ENSP00000348099	PDLIM7	105	DPPRYTFAPSV		psite	619
ENSP00000348099	PDLIM7	161	RPRPGTGQSRS		psite	619
ENSP00000348099	PDLIM7	247	VLTRHSQPATP		hprd;pelm;psite	619
ENSP00000353660	PEA15	104	LTRIPSAKKYK	PRKCA	hprd;pelm;psite	621
ENSP00000353660	PEA15	116	IIRQPSEEEII	AKT1;CAMK2G	hprd;pelm;psite	621
ENSP00000356047	PFKFB2	466	RMRRNSFTPLS	AKT1;PRKAA1;PRKAA2;PRKACA	hprd;pelm;psite	619
ENSP00000356047	PFKFB2	483	RPRNYSVGSRP	AKT1	hprd;pelm;psite	619
ENSP00000263967	PIK3CA	312	YSRRISTATPY		psite	937
ENSP00000263967	PIK3CA	313	SRRISTATPYM		psite	937
ENSP00000352121	PIK3CG	228	VIHRSTTSQTI		psite	874
ENSP00000352121	PIK3CG	582	HFRYESLKHPK		psite	874
ENSP00000352121	PIK3CG	1024	ALRHHTNLLII		psite	874
ENSP00000274335	PIK3R1	154	LYRTQSSSNLA		psite	906
ENSP00000274335	PIK3R1	265	NARVLSEIFSP		psite	906
ENSP00000274335	PIK3R1	576	IQLRKTRDQYL		psite	906
ENSP00000309591	PRKACA	49	FERIKTLGTGS		hprd;psite	919
ENSP00000309591	PRKACA	140	RIGRFSEPHAR		hprd;psite	919
ENSP00000309591	PRKACA	198	KGRTWTLCGTP	PRKACA	hprd;pelm;psite	919
ENSP00000309591	PRKACA	260	KVRFPSHFSSD		psite	919
ENSP00000309591	PRKACA	339	EEIRVSINEKC		hprd;pelm;psite	919
ENSP00000359719	PRKACB	245	KGRTWTLCGTP		hprd;psite	808
ENSP00000359719	PRKACB	307	KVRFPSHFSSD		psite	808
ENSP00000359719	PRKACB	369	PKFRGSGDTSN		psite	808
ENSP00000359719	PRKACB	386	EDIRVSITEKC		hprd;psite	808
ENSP00000366488	PRKACG	198	KGRTWTLCGTP		hprd;psite	814
ENSP00000305355	PRKCB	364	SERKGTDELYA		psite	902
ENSP00000305355	PRKCB	634	FDRFFTRHPPV		psite	902
ENSP00000331602	PRKCD	43	TERGKTLVQKK		hprd;psite	904
ENSP00000331602	PRKCD	218	ANSRDTIFQKE	PRKCD	psite	904
ENSP00000331602	PRKCD	299	VTQRASRRSDS	PRKCD	hprd;pelm;psite	904
ENSP00000331602	PRKCD	302	RASRRSDSASS	PRKCD	hprd;pelm;psite	904
ENSP00000331602	PRKCD	304	SRRSDSASSEP	PRKCD	hprd;pelm;psite	904
ENSP00000331602	PRKCD	451	ELYRATFYAAE		psite	904
ENSP00000331602	PRKCD	506	GESRASTFCGT		hprd;psite	904
ENSP00000331602	PRKCD	507	ESRASTFCGTP	PDK1;PDPK1	hprd;pelm;psite	904
ENSP00000331602	PRKCD	645	EKARLSYSDKN	PRKCD	hprd;pelm;psite	904
ENSP00000306124	PRKCE	181	YLRQPTYCSHC		psite	639
ENSP00000306124	PRKCE	346	EDRSKSAPTSP	GSK3B	hprd;psite	639
ENSP00000260402	PLCB2	601	NKRQMSRIYPK		pelm;psite	813
ENSP00000279230	PLCB3	474	KRHRPSAGGPD		psite	811
ENSP00000279230	PLCB3	1105	RKRHNSISEAK	PRKACA;PRKCA;PRKG1;PRKG2	hprd;pelm;psite	811
ENSP00000279230	PLCB3	1130	NRRHITESVNS		psite	811
ENSP00000313731	PLCD3	105	IPRAPSQHIFF		hprd;pelm;psite	800
ENSP00000313731	PLCD3	496	DGRALSDREEE		hprd;pelm;psite	800
ENSP00000313731	PLCD3	582	NARQLTRVYPL		psite	800
ENSP00000260766	PLCE1	1096	LMRGESGEVTD		psite	804
ENSP00000244007	PLCG1	981	CYRDMSSFPET		psite	927
ENSP00000244007	PLCG1	1234	LRERGSDASGQ		hprd;pelm;psite	927
ENSP00000244007	PLCG1	1249	RAREGSFESRY	AKT1;PRKACA;PRKCA;PRKD1	hprd;pelm;psite	927
ENSP00000244007	PLCG1	1264	EDFRISQEHLA		hprd;pelm;psite	927
ENSP00000352336	PLCG2	160	QTRRNSISLRE		psite	904
ENSP00000352336	PLCG2	677	RKREGSDSYAI		psite	904
ENSP00000352336	PLCG2	1259	REKRVSNSKFY		psite	904
ENSP00000342793	PLD1	505	VKRVTSGPSLG	PRKAA2	psite	997
ENSP00000342793	PLD1	147	PTRRHTFRRQN	PRKCA	hprd;psite	997
ENSP00000263088	PLD2	175	LNRLLTMSFYR		psite	993
ENSP00000261173	ATP2B1	1127	NAFRSSLYEGL		psite	654
ENSP00000261173	ATP2B1	1140	PESRSSIHNFM		hprd;pelm;psite	654
ENSP00000261173	ATP2B1	1177	PTKRNSSPPPS		hprd;psite	654
ENSP00000301242	PPP1R14A	12	GKRVLSKLQSP	DAPK3	pelm;psite	943
ENSP00000301242	PPP1R14A	38	RHARVTVKYDR	DAPK3;ILK;PKD1;PRKACA;PRKCA;PRKCD;PRKCE;PRKCZ;PRKD1;PRKG1;ROCK2	hprd;pelm;psite	943
ENSP00000262848	PRKX	203	VDRTWTLCGTP		psite	801
ENSP00000337464	PRR5	240	LRRSRSGDVLA	CHEK1	psite	912
ENSP00000337464	PRR5	254	VVRSKSYNTPL		psite	912
ENSP00000337464	PRR5	282	SIRRHSVSEMT		psite	912
ENSP00000337464	PRR5	339	DPTRSSLPRSS		psite	912
ENSP00000248594	PTPN12	39	RLRRLSTKYRT	PRKACA;PRKCA	hprd;pelm;psite	647
ENSP00000248594	PTPN12	40	LRRLSTKYRTE		psite	647
ENSP00000248594	PTPN12	435	LERNLSFEIKK	PRKACA;PRKCA	hprd;pelm;psite	647
ENSP00000248594	PTPN12	613	SDERNSDGAVT		hprd;pelm;psite	647
ENSP00000228307	PXN	249	SPQRVTSTQQQ		psite	844
ENSP00000228307	PXN	250	PQRVTSTQQQT		psite	844
ENSP00000228307	PXN	258	QQTRISASSAT		hprd;psite	844
ENSP00000332816	PTK2B	375	GEKRNSLPQIP	PTK2B	hprd;pelm;psite	906
ENSP00000332816	PTK2B	778	VFKRHSMREED	PTK2B	hprd;psite	906
ENSP00000355651	RAB4A	190	PERMGSGIQYG		psite	902
ENSP00000348461	RAC1	71	RLRPLSYPQTV	AKT1	hprd;psite	988
ENSP00000251849	RAF1	43	YQRRASDDGKL	PRKACA;PRKCA	hprd;pelm;psite	959
ENSP00000251849	RAF1	220	RRMRESVSRMP		psite	959
ENSP00000251849	RAF1	233	SQHRYSTPHAF	PRKACA	hprd;pelm;psite	959
ENSP00000251849	RAF1	257	SQRQRSTSTPN		hprd;pelm;psite	959
ENSP00000251849	RAF1	258	QRQRSTSTPNV		hprd;pelm;psite	959
ENSP00000251849	RAF1	259	RQRSTSTPNVH	AKT1;PRKACA;RAF1	hprd;pelm;psite	959
ENSP00000251849	RAF1	285	AIRSHSESASP		psite	959
ENSP00000251849	RAF1	338	RGQRDSSYYWE	MAP2K1;PAK1;PAK3;RAF1	hprd;pelm;psite	959
ENSP00000251849	RAF1	339	GQRDSSYYWEI	PAK1	hprd;pelm;psite	959
ENSP00000251849	RAF1	357	STRIGSGSFGT		psite	959
ENSP00000251849	RAF1	497	VKSRWSGSQQV		psite	959
ENSP00000251849	RAF1	621	INRSASEPSLH	PRKACA;RAF1	hprd;pelm;psite	959
ENSP00000019317	RALBP1	29	LTRTPSSEEIS		hprd;pelm;psite	669
ENSP00000019317	RALBP1	252	YDREESTNLED		psite	669
ENSP00000254066	RARA	219	SEQRVSLDIDL	PRKACA	psite	992
ENSP00000254066	RARA	369	RKRRPSRPHMF	PRKACA	psite	992
ENSP00000347942	RET	696	GARRPSLDSME	PRKACA	pelm;psite	903
ENSP00000235382	RGS2	46	WKTRLSYFLQN	PRKG1	hprd;pelm;psite	638
ENSP00000269321	ARHGDIA	174	MLARGSYSIKS	PAK1;PRKACA	pelm;psite	914
ENSP00000349959	RICTOR	21	RGRNDSGEENV		hprd;pelm;psite	975
ENSP00000349959	RICTOR	35	LTREPSDNLRE		psite	975
ENSP00000349959	RICTOR	383	PHRARSRPDLM		psite	975
ENSP00000349959	RICTOR	424	ISVRATILLGE		psite	975
ENSP00000349959	RICTOR	1035	SSRHNSESESV		psite	975
ENSP00000349959	RICTOR	1133	NRRIRTLTEPS		psite	975
ENSP00000349959	RICTOR	1135	RIRTLTEPSVD	AKT1;RPS6KB1;RPS6KB2;SGK1	psite	975
ENSP00000349959	RICTOR	1219	KIRSQSFNTDT		hprd;psite	975
ENSP00000349959	RICTOR	1302	PRRAQSLKAPS		psite	975
ENSP00000349959	RICTOR	1407	TLQRSSSVRSM		psite	975
ENSP00000261313	PEBP1	51	VKNRPTSISWD		hprd;psite	694
ENSP00000261313	PEBP1	52	KNRPTSISWDG		hprd;pelm;psite	694
ENSP00000299759	RRAD	39	PLHRRSMPVDE		psite	619
ENSP00000299759	RRAD	214	RSREVSVDEGR	CSNK2A1;PRKCA	hprd;pelm;psite	619
ENSP00000299759	RRAD	257	RLRRDSKEANA	CSNK2A1;PRKCA	hprd;psite	619
ENSP00000299759	RRAD	273	TRRRESLGKKA	CAMK2A;CSNK2A1;PRKACA;PRKCA	hprd;psite	619
ENSP00000299759	RRAD	290	IVARNSRKMAF	CSNK2A1;PRKCA	hprd;psite	619
ENSP00000299759	RRAD	299	AFRAKSKSCHD	CSNK2A1;PRKCA	hprd;psite	619
ENSP00000256196	RRAS2	10	GWRDGSGQEKY		psite	816
ENSP00000419692	RXRA	27	PTGRGSMAAPS	PRKACA	psite	905
ENSP00000401303	SHC1	139	WTRHGSFVNKP	PRKCA	hprd;pelm;psite	621
ENSP00000391592	PTPN6	10	FHRDLSGLDAE		psite	655
ENSP00000340944	PTPN11	34	FLARPSKSNPG		psite	663
ENSP00000340944	PTPN11	576	EMREDSARVYE	PRKCA;PRKCB;PRKCH	hprd;psite	663
ENSP00000265960	MAPKAP1	84	GIRRRSNTAQR		psite	900
ENSP00000265960	MAPKAP1	86	RRRSNTAQRLE		psite	900
ENSP00000265960	MAPKAP1	510	LNRRTSFSFQK		hprd;pelm;psite	900
ENSP00000353452	MYLK	88	CGIRGTFSLVI		psite	660
ENSP00000353452	MYLK	1759	AIGRLSSMAMI		psite	660
ENSP00000353452	MYLK	1760	IGRLSSMAMIS	CAMK2G	hprd;pelm;psite	660
ENSP00000353452	MYLK	1772	LSGRKSSTGSP	PAK1	hprd;pelm;psite	660
ENSP00000353452	MYLK	1773	SGRKSSTGSPT	PRKACA	hprd;psite	660
ENSP00000254976	SNAP25	138	FIRRVTNDARE	PRKCA	hprd;psite	621
ENSP00000249647	SNAP23	144	YIKRITNDARE		psite	621
ENSP00000384675	SOS1	1043	PGVRPSNPRPG		pelm;psite	900
ENSP00000384675	SOS1	1134	GPRSASVSSIS		hprd;pelm;psite	900
ENSP00000384675	SOS1	1161	RRRPESAPAES		psite	900
ENSP00000384675	SOS1	1197	YSPRYSISDRT	MAPK1	hprd;pelm;psite	900
ENSP00000251809	SPAG1	423	SPRRASAAAAA		psite	621
ENSP00000313681	SPHK1	279	GEMRFTLGTFL		hprd;psite	835
ENSP00000245222	SPHK2	399	LPRAKSELTLT		psite	802
ENSP00000245222	SPHK2	421	LHRSVSDLPLP	PRKD1	psite	802
ENSP00000350941	SRC	17	SQRRRSLEPAE	PRKACA	hprd;pelm;psite	973
ENSP00000350941	SRC	51	GHRGPSAAFAP		psite	973
ENSP00000350941	SRC	269	EIPRESLRLEV		psite	973
ENSP00000264657	STAT3	691	YCRPESQEHPE		hprd;pelm;psite	509
ENSP00000364898	SYK	178	ISREESEQIVL		psite	644
ENSP00000364898	SYK	295	ISRIKSYSFPK	CHEK1	psite	644
ENSP00000307046	SDC2	187	GERKPSSAAYQ	PRKCA	hprd;pelm;psite	654
ENSP00000309572	TERT	227	RRRGGSASRSL	AKT1	hprd;pelm;psite	671
ENSP00000309572	TERT	824	RIRGKSYVQCQ	AKT1	hprd;pelm;psite	671
ENSP00000286827	TIAM1	26	LGRKHTSRSLR		psite	639
ENSP00000286827	TIAM1	33	RSLRLSHKTRR		psite	639
ENSP00000286827	TIAM1	231	CQRANSLGDLY		hprd;psite	639
ENSP00000286827	TIAM1	294	LPCRKSHCLSE		psite	639
ENSP00000286827	TIAM1	319	GRRAKTTQDVN		psite	639
ENSP00000286827	TIAM1	695	RSRFSSLWGLD		psite	639
ENSP00000286827	TIAM1	1321	GSHRLSIYEDW		psite	639
ENSP00000341838	TNNI3	23	PIRRRSSNYRA	PRKACA;PRKCA;PRKCD	hprd;pelm;psite	742
ENSP00000341838	TNNI3	24	IRRRSSNYRAY	PRKACA;PRKCA;PRKCD	hprd;pelm;psite	742
ENSP00000341838	TNNI3	77	KGRALSTRCQP	PRKCA	hprd;psite	742
ENSP00000341838	TNNI3	143	KFKRPTLRRVR	PRKCA;PRKCD;STK4	hprd;pelm;psite	742
ENSP00000341838	TNNI3	150	RRVRISADAMM	PAK3;PRKAA1	pelm;psite	742
ENSP00000411532	TOP2A	29	AKKRLSVERIY	PRKCA	hprd;pelm;psite	698
ENSP00000411532	TOP2A	1303	ESDRSSDESNF		hprd;psite	698
ENSP00000411532	TOP2A	1469	RKRKPSTSDDS	CSNK2A1	hprd;pelm;psite	698
ENSP00000343129	TRIM29	23	DARSPSGPSGS		hprd;pelm;psite	621
ENSP00000343129	TRIM29	130	GELRKSIFSES		psite	621
ENSP00000343129	TRIM29	166	FSRSKSGSEEV		psite	621
ENSP00000343129	TRIM29	472	TMKRYSMYLTP		psite	621
ENSP00000352358	TRPV6	688	SVSRSTSRSSA	PRKCB	psite	621
ENSP00000352358	TRPV6	702	RLRQGTLRRDL	PRKCA	hprd;pelm;psite	621
ENSP00000364336	TBXA2R	239	QRPRDSEVEMM	ADRBK1;ADRBK2	psite	900
ENSP00000364336	TBXA2R	324	LQPRLSTRPRS	PRKCA	psite	900
ENSP00000364336	TBXA2R	329	STRPRSLSLQP	PRKACA;PRKCA	hprd;psite	900
ENSP00000364336	TBXA2R	331	RPRSLSLQPQL	PRKCA	hprd;psite	900
ENSP00000344818	UBC	57	DGRTLSDYNIQ		hprd;psite	879
ENSP00000229022	VDR	51	GFFRRSMKRKA	PRKCA	psite	821
ENSP00000229022	VDR	172	PSRPNSRHTPS		psite	821
ENSP00000211998	VCL	288	WLRDPSASPGD		hprd;psite	708
ENSP00000226218	VTN	312	MMQRDSWEDIF		hprd;pelm;psite	661
ENSP00000226218	VTN	386	SQRGHSRGRNQ	PRKCA	psite	661
ENSP00000226218	VTN	397	NSRRPSRATWL	PRKACA;PRKCA	hprd;pelm;psite	661
ENSP00000324740	YES1	276	EIPRESLRLEV		psite	901
ENSP00000314709	ZHX2	713	VARKATKPMAE		psite	877
ENSP00000281537	TJP1	151	VVNRRSEKIWP		psite	842
ENSP00000281537	TJP1	160	WPRDRSASRER		psite	842
ENSP00000281537	TJP1	162	RDRSASRERSL		psite	842
ENSP00000281537	TJP1	166	ASRERSLSPRS		hprd;pelm;psite	842
ENSP00000281537	TJP1	175	RSDRRSVASSQ		hprd;psite	842
ENSP00000281537	TJP1	313	PRRSRSRSPDQ		psite	842
ENSP00000281537	TJP1	347	DEERISKPGAV		psite	842
ENSP00000281537	TJP1	617	RNLRKSREDLS		hprd;pelm;psite	842
ENSP00000281537	TJP1	648	FLRPVTIFGPI		psite	842
ENSP00000281537	TJP1	821	HDDRLSYLSAP		psite	842
ENSP00000281537	TJP1	978	SLRTPSTEAAH		psite	842
ENSP00000281537	TJP1	1366	YFDRRSFENKP		hprd;pelm;psite	842
ENSP00000357283	LMNA	199	ENRLQTMKEEL		pelm	850
ENSP00000300161	YWHAB	132	YFRYLSEVASG	PRKCZ	hprd;pelm	903
ENSP00000231121	HAND1	107	KERRRTESINS	PRKCA	hprd;pelm	619
ENSP00000231121	HAND1	109	RRRTESINSAF	PRKCA	hprd;pelm	619
ENSP00000354900	GJB1	233	PSRKGSGFGHR	PRKCA	hprd;pelm	621
ENSP00000367879	XK	63	VHRDLSRDRPL		hprd;pelm	621
ENSP00000279230	PLCB3	26	TLRRGSKFIKW	PRKG1;PRKG2	hprd;pelm	811
ENSP00000353452	MYLK	1208	SRRPKSSLPPV	PAK2	hprd;pelm	660
ENSP00000306662	ADRA1B	396	WTRGGSLERSQ	PRKCA	hprd	660
ENSP00000306662	ADRA1B	402	LERSQSRKDSL	PRKCA	hprd	660
ENSP00000306662	ADRA1B	406	QSRKDSLDDSG	PRKCA	hprd	660
ENSP00000261173	ATP2B1	1116	LNRIQTQIRVV	PRKCA	hprd	654
ENSP00000391944	EEF1D	491	PGHRATAPQTQ		hprd	621
ENSP00000357656	FYN	512	PEERPTFEYLQ		hprd	910
ENSP00000253408	GFAP	393	QIRETSLDTKS	CAMK2A	hprd	691
ENSP00000332549	GRIN2A	1416	YCSRDSRGHND	PRKCA	hprd	967
ENSP00000332549	GRIN2A	1291	ISRQHSYDNIV	CAMK2A	hprd	967
ENSP00000366005	HLA-A	336	MWRRKSSDRKG	PRKAR1A	hprd	621
ENSP00000366005	HLA-A	337	WRRKSSDRKGG	PRKAR1A	hprd	621
ENSP00000386896	ITGA6	446	DLDRNSYPDVA		hprd	906
ENSP00000357283	LMNA	282	SAERNSNLVGA		hprd	850
ENSP00000261366	LMNB1	579	GTPRASNRSCA		hprd	847
ENSP00000261366	LMNB1	279	NARLSSEMNTS		hprd	847
ENSP00000348273	MBP	295	LGGRDSRSGSP	PRKCA	hprd	954
ENSP00000348273	MBP	190	APKRGSGKDSH	PRKCA	hprd	954
ENSP00000226574	NFKB1	922	DELRDSDSVCD	CHUK	hprd	923
ENSP00000378517	SPP1	162	DGRGDSVVYGL	PRKCA	hprd	622
ENSP00000306124	PRKCE	380	EHRAASSPDGQ		hprd	639
ENSP00000361867	SEMG1	139	KAHRGTQNPSQ		hprd	621
ENSP00000215057	MZF1	394	CGRSFSRSSHL		hprd	805
ENSP00000358866	FLNA	1089	SPARFTIDTKG		hprd	627
ENSP00000358866	FLNA	2486	EGYRVTYTPMA		hprd	627
ENSP00000286827	TIAM1	1542	ERGRKTLDSHA		hprd	639
ENSP00000334105	PLCB4	620	NKRQMSRIYPK		hprd	817
ENSP00000281537	TJP1	885	PVREDSSGMHH		hprd	842
ENSP00000281537	TJP1	840	TDSRHTSDYED		hprd	842
ENSP00000281537	TJP1	841	DSRHTSDYEDT		hprd	842
ENSP00000332816	PTK2B	389	LEARRSHLSES		hprd	906
ENSP00000348381	ADD3	180	IPRGLSFSEAT		hprd	621
ENSP00000005340	DVL2	222	MSRFSSSTEQS		hprd	619
ENSP00000355657	HIST3H3	11	QTARKSTGGKA	RPS6KA3	hprd	845
ENSP00000366915	KLF5	116	KYRRDSASVVD		hprd	621
ENSP00000362399	STXBP1	590	PDFRESSRVSF		hprd	703
ENSP00000264426	GRIA2	683	EFFRRSKIAVF	PRKCA	hprd	687
ENSP00000264426	GRIA2	717	ARVRKSKGKYA	PRKCA	hprd	687
ENSP00000253332	AKAP12	904	GTRAATIIEER		hprd	940
ENSP00000253332	AKAP12	311	GWRKKTSFRKP		hprd	940
ENSP00000363092	PRKG1	57	VIRPATQQAQK	PRKCA	hprd	641
ENSP00000360985	ARFGEF2	346	ADDRQSLSSAD		hprd	425
ENSP00000263119	CABIN1	1795	PESRPTELSLE		hprd	908
ENSP00000412673	GABRR1	440	SPQRKSQRSSY	MAPK1	hprd	621
ENSP00000412673	GABRR1	444	KSQRSSYVSMR	PRKCA	hprd	621
