name	PRKCD
id	ENSP00000331602
type	Serine/threonine kinase
proline+1_removed	Yes
npartners	214
npartners_with_sites	186
nsites	378
//
motif	score	fg_matches	fg_size	bg_matches	bg_size	fold_increase
..RR.[ST].....	317.02	35	2056	18	9383	8.87
..R..[ST].S...	314.93	56	2021	51	9365	5.09
..R..[ST].....	307.65	186	1965	414	9314	2.13
.....[ST]SP...	19.04	47	1622	55	8496	4.48
...SP[ST].....	16.52	40	1575	53	8441	4.04
//
prot_id	prot_name	position	flank	kinase	source	string_score
ENSP00000300161	YWHAB	60	GARRSSWRVIS	PRKCD	hprd;pelm;psite	714
ENSP00000306330	YWHAG	59	GARRSSWRVIS	LATS2	psite	669
ENSP00000309503	YWHAZ	58	GARRSSWRVVS	AKT1;MAPKAPK2;PRKACA	hprd;pelm;psite	846
ENSP00000309503	YWHAZ	63	SWRVVSSIEQK		psite	846
ENSP00000361423	ABL1	69	AARWNSKENLL		hprd;psite	667
ENSP00000361423	ABL1	197	HYRINTASDGK	LATS2	psite	667
ENSP00000361423	ABL1	408	LSRLMTGDTYT		psite	667
ENSP00000361423	ABL1	639	PKRSSSFREMD		hprd;psite	667
ENSP00000361423	ABL1	719	SSRLATGEEEG		psite	667
ENSP00000361423	ABL1	737	FLRSCSASCVP		hprd;psite	667
ENSP00000361423	ABL1	754	EWRSVTLPRDL	CLK1;CLK4;MAP3K8;STK3;STK4;TTK	hprd;pelm;psite	667
ENSP00000361423	ABL1	827	ESSPGSSPPNL		hprd;psite	667
ENSP00000361423	ABL1	842	LRRQVTVAPAS		psite	667
ENSP00000361423	ABL1	938	PSQSPSQEAAG	ABL1	hprd;psite	667
ENSP00000361423	ABL1	16	DQRRPSLPALH		psite	667
ENSP00000355645	ACTA1	188	AGRDLTDYLMK		psite	657
ENSP00000355645	ACTA1	201	TERGYSFVTTA		psite	657
ENSP00000224784	ACTA2	188	AGRDLTDYLMK		psite	657
ENSP00000224784	ACTA2	201	TERGYSFVTTA		psite	657
ENSP00000349960	ACTB	186	AGRDLTDYLMK		psite	937
ENSP00000349960	ACTB	199	TERGYSFTTTA		psite	937
ENSP00000331514	ACTG1	186	AGRDLTDYLMK		psite	845
ENSP00000331514	ACTG1	199	TERGYSFTTTA		psite	845
ENSP00000264758	ADD1	11	RAAVVTSPPPT		hprd;psite	734
ENSP00000264758	ADD1	445	QQREKTRWLNS	ROCK1	hprd;pelm;psite	734
ENSP00000264758	ADD1	464	EGQNGSSPKSK		hprd;psite	734
ENSP00000264758	ADD1	513	GHRTSTSAVPN		hprd;psite	734
ENSP00000264758	ADD1	747	PGKSPSKKKKK	PRKCA	hprd;pelm;psite	734
ENSP00000264758	ADD1	757	KFRTPSFLKKS	CHEK1;PRKCA;PRKCZ	hprd;pelm;psite	734
ENSP00000264436	ADD2	532	KSRSPSTESQL		hprd;psite	734
ENSP00000264436	ADD2	619	PLVSPSKSLEE		hprd;psite	734
ENSP00000264436	ADD2	699	PEGSPSKSPSK		hprd;psite	734
ENSP00000264436	ADD2	703	PSKSPSKKKKK	PRKCA	hprd;pelm;psite	734
ENSP00000264436	ADD2	713	KFRTPSFLKKS	CHEK1;PRKCA;PRKCD;PRKCZ	hprd;pelm;psite	734
ENSP00000280155	ADRA2A	149	LDRYWSITQAI		psite	621
ENSP00000305372	ADRB2	262	GLRRSSKFCLK	PRKCD	hprd;pelm;psite	621
ENSP00000305372	ADRB2	346	CLRRSSLKAYG	AKT1;PRKACA;PRKCD	hprd;pelm;psite	621
ENSP00000305372	ADRB2	407	QGRNCSTNDSL	ADRBK1;GRK5	hprd;pelm;psite	621
ENSP00000332454	RIPK4	396	FEREPSTSDLG		psite	665
ENSP00000366244	ARAF	212	LQRIRSTSTPN		hprd;pelm;psite	833
ENSP00000366244	ARAF	214	RIRSTSTPNVH		hprd;pelm;psite	833
ENSP00000366244	ARAF	250	GSRGGSDGTPR		psite	833
ENSP00000366244	ARAF	318	LKRIGTGSFGT		psite	833
ENSP00000366244	ARAF	547	MRRLLSDCLKF		psite	833
ENSP00000366244	ARAF	582	IERSASEPSLH		hprd;pelm;psite	833
ENSP00000309103	BAD	75	RSRHSSYPAGT	ARAF;BRAF;PAK1;PIM3;PRKACA;PRKCE;PRKCI;PRKCQ;PRKD1;RAF1;RPS6KA1;RPS6KA3	hprd;pelm;psite	899
ENSP00000309103	BAD	97	PFRGRSRSAPP		psite	899
ENSP00000309103	BAD	99	RGRSRSAPPNL	AKT1;ARAF;BRAF;PAK1;PRKACA;PRKCE;PRKCI;PRKCQ;PRKD1;RAF1;RPS6KA3	hprd;pelm;psite	899
ENSP00000309103	BAD	118	ELRRMSDEFVD	ARAF;BRAF;PAK1;PRKACA;PRKCE;PRKCI;PRKD1;RAF1;RPS6KA1	hprd;pelm;psite	899
ENSP00000309103	BAD	134	LPRPKSAGTAT		hprd;psite	899
ENSP00000288602	BRAF	363	GQRDRSSSAPN		hprd;psite	832
ENSP00000288602	BRAF	365	RDRSSSAPNVH	AKT1;AKT3	hprd;pelm;psite	832
ENSP00000288602	BRAF	429	RERKSSSSSED	AKT1;AKT3	hprd;pelm;psite	832
ENSP00000288602	BRAF	440	RNRMKTLGRRD		hprd;pelm;psite	832
ENSP00000288602	BRAF	446	LGRRDSSDDWE	PAK1	hprd;pelm;psite	832
ENSP00000288602	BRAF	447	GRRDSSDDWEI		hprd;pelm;psite	832
ENSP00000288602	BRAF	465	GQRIGSGSFGT		psite	832
ENSP00000288602	BRAF	729	IHRSASEPSLN		hprd;pelm;psite	832
ENSP00000311032	CASP3	150	GDRCRSLTGKP	MAPK14	pelm;psite	914
ENSP00000262367	CREBBP	78	LLRGGSGSSIN		psite	623
ENSP00000262367	CREBBP	2065	RSISPSALQDL		psite	623
ENSP00000262367	CREBBP	2356	SPRPQSQPPHS		psite	623
ENSP00000337103	CHAT	473	LIRADSVSELP		psite	619
ENSP00000377470	CNP	22	FFRKMSSSGAK		pelm;psite	621
ENSP00000300574	CRK	41	LVRDSSTSPGD		hprd;psite	901
ENSP00000300574	CRK	42	VRDSSTSPGDY		hprd;psite	901
ENSP00000300574	CRK	85	PGVSPSRLRIG		hprd;psite	901
ENSP00000300574	CRK	125	RSRQGSGVILR		hprd;psite	901
ENSP00000300574	CRK	194	KYRPASASVSA		hprd;psite	901
ENSP00000313391	DAB2	393	GFSVKSSPNPF		hprd;pelm;psite	621
ENSP00000313391	DAB2	723	APRQVSLPVTK		hprd;psite	621
ENSP00000313420	PRKDC	1065	FKRLYSLALHP		psite	640
ENSP00000313420	PRKDC	2598	DWRFRSTVLTP		hprd;psite	640
ENSP00000313420	PRKDC	2673	DHTSPSSDSLL		hprd;pelm;psite	640
ENSP00000313420	PRKDC	3289	HCRSRSQGCSE		psite	640
ENSP00000330054	EEF1A1	269	VGRVETGVLKP		psite	621
ENSP00000275493	EGFR	229	RGKSPSDCCHN		psite	637
ENSP00000275493	EGFR	678	IVRKRTLRRLL	PKN1;PKN3;PRKCA;PRKCD	hprd;pelm;psite	637
ENSP00000275493	EGFR	993	HLPSPTDSNFY		hprd;pelm;psite	637
ENSP00000275493	EGFR	1025	QQGFFSSPSTS		hprd;pelm;psite	637
ENSP00000275493	EGFR	1071	LQRYSSDPTGA	CAMK2G	hprd;pelm;psite	637
ENSP00000256383	EIF2S1	58	RRRIRSINKLI		hprd;psite	619
ENSP00000215832	MAPK1	248	ILGSPSQEDLN		psite	640
ENSP00000357656	FYN	21	EERDGSLNQSS	PRKACA	hprd;pelm;psite	994
ENSP00000275364	GNA12	40	EARRRSRDIDA		psite	625
ENSP00000400717	GNA13	43	LSREKTYVKRL		hprd;psite	625
ENSP00000400717	GNA13	203	LARRPTKGIHE	PRKACA	hprd;pelm;psite	625
ENSP00000248996	GNAZ	27	HLRSESQRQRR	PRKCA;PRKCD	hprd;pelm;psite	626
ENSP00000354586	GLI2	234	RKRALSISPLS		hprd;psite	899
ENSP00000354586	GLI2	808	QERRDSSTSTV		psite	899
ENSP00000354586	GLI2	824	VSRRSSGISPY		psite	899
ENSP00000354586	GLI2	941	GPRRGSDGPTY		psite	899
ENSP00000354586	GLI2	970	GARRASDPVRR		psite	899
ENSP00000338799	IL6ST	782	FSRSESTQPLL		hprd;pelm;psite	621
ENSP00000338799	IL6ST	890	VERFETVGMEA	PRKCD	hprd;pelm;psite	621
ENSP00000222330	GSK3A	19	SGRARTSSFAE		hprd;pelm;psite	634
ENSP00000222330	GSK3A	21	RARTSSFAEPG	AKT1;PRKACA;PRKCA;PRKCB;PRKCD;PRKCG;PRKCH;RPS6KA3	hprd;pelm;psite	634
ENSP00000364398	HABP4	375	GARGGTRGGRG	PRKCA;PRKCQ;PRKCZ	hprd;psite	696
ENSP00000225983	HDAC5	279	VAERRSSPLLR	AURKB	psite	621
ENSP00000225983	HDAC5	369	LYTSPSLPNIS		psite	621
ENSP00000225983	HDAC5	499	LSRTQSSPLPQ	CAMK1;CAMK4;CAMKK1;PRKAA1;PRKAA2;PRKD1;PRKD2;PRKD3	hprd;pelm;psite	621
ENSP00000225983	HDAC5	547	LPRQPTTHPEE		psite	621
ENSP00000225983	HDAC5	662	LGRTQSSPAAP		psite	621
ENSP00000365439	HNRNPK	118	QLPSPTATSQL		hprd;pelm;psite	621
ENSP00000365439	HNRNPK	302	GGRGGSRARNL	PRKCD	hprd;pelm;psite	621
ENSP00000248553	HSPB1	15	LLRGPSWDPFR	MAPKAPK2;PRKG1	hprd;pelm;psite	744
ENSP00000248553	HSPB1	78	YSRALSRQLSS	MAPKAPK2;PRKACA;PRKG1;RPS6KB2	hprd;pelm;psite	744
ENSP00000248553	HSPB1	82	LSRQLSSGVSE	AKT1;MAPKAPK2;PKD1;PRKACA;PRKD1;PRKG1;RPS6KB2	hprd;pelm;psite	744
ENSP00000248553	HSPB1	139	ISRCFTRKYTL		psite	744
ENSP00000248553	HSPB1	143	FTRKYTLPPGV	PRKACA;PRKG1	psite	744
ENSP00000335153	HSP90AA1	185	KIRYESLTDPS		psite	629
ENSP00000335153	HSP90AA1	212	QDRTLTIVDTG	PRKACA	hprd;psite	629
ENSP00000335153	HSP90AA1	745	ALRDNSTMGYM		psite	629
ENSP00000385269	ELAVL1	88	GLRLQSKTIKV	CHEK2	psite	902
ENSP00000385269	ELAVL1	100	YARPSSEVIKD	CHEK2	psite	902
ENSP00000385269	ELAVL1	118	LPRTMTQKDVE	CHEK2;MAPK14	psite	902
ENSP00000356713	IFNGR1	295	VVRSATLETKP		psite	899
ENSP00000268035	IGF1R	1278	GFREVSFYYSE		hprd;psite	960
ENSP00000216797	NFKBIA	32	DDRHDSGLDSM	CHUK;CSNK2A1;IKBKB;IKBKE;RPS6KA1;RPS6KA3;SGK1	hprd;pelm;psite	919
ENSP00000359424	CHUK	23	RERLGTGGFGN	AKT1;AKT2	hprd;pelm;psite	619
ENSP00000303830	INSR	361	ELRGCTVINGS		psite	852
ENSP00000303830	INSR	1375	NGRILTLPRSN	PRKCA	hprd;pelm;psite	852
ENSP00000304895	IRS1	268	EFRPRSKSQSS	IKBKB	hprd;pelm;psite	995
ENSP00000304895	IRS1	270	RPRSKSQSSSN	ATR;IKBKB;RPS6KB1	hprd;pelm;psite	995
ENSP00000304895	IRS1	305	TRRSRTESITA		psite	995
ENSP00000304895	IRS1	307	RSRTESITATS	IKBKB;PRKCD;RPS6KB1	hprd;pelm;psite	995
ENSP00000304895	IRS1	311	ESITATSPASM		psite	995
ENSP00000304895	IRS1	330	RVRASSDGEGT	CSNK2B	hprd;psite	995
ENSP00000304895	IRS1	341	MSRPASVDGSP	IKBKB	hprd;pelm;psite	995
ENSP00000304895	IRS1	527	RKRTHSAGTSP	IKBKB;RPS6KB1	hprd;pelm;psite	995
ENSP00000304895	IRS1	530	THSAGTSPTIT		pelm;psite	995
ENSP00000304895	IRS1	603	HHRPDSSTLHT		psite	995
ENSP00000304895	IRS1	629	SGRKGSGDYMP	AKT1	hprd;pelm;psite	995
ENSP00000304895	IRS1	668	MMMSPSGGCSP		psite	995
ENSP00000304895	IRS1	1100	CRRRHSSETFS		hprd;psite	995
ENSP00000304895	IRS1	1101	RRRHSSETFSS	PRKCQ;RPS6KA1;RPS6KB1	hprd;pelm;psite	995
ENSP00000304895	IRS1	1143	VKRHSSASFEN		hprd;psite	995
ENSP00000304895	IRS1	1223	STRRSSEDLSA		hprd;pelm;psite	995
ENSP00000365016	IRS2	304	EFRPRSKSQSS		pelm;psite	863
ENSP00000365016	IRS2	306	RPRSKSQSSGS		hprd;pelm;psite	863
ENSP00000365016	IRS2	344	VRRSRTDSLAA		psite	863
ENSP00000365016	IRS2	346	RSRTDSLAATP		hprd;pelm;psite	863
ENSP00000365016	IRS2	363	SCRVRTASEGD		hprd;pelm;psite	863
ENSP00000365016	IRS2	365	RVRTASEGDGG		hprd;pelm;psite	863
ENSP00000365016	IRS2	384	GARPVSVAGSP		hprd;pelm;psite	863
ENSP00000365016	IRS2	404	LSRSHTLSGGC		psite	863
ENSP00000365016	IRS2	505	LDEYGSSPGDL		psite	863
ENSP00000365016	IRS2	550	MDRPLSHCGRS		hprd;pelm;psite	863
ENSP00000365016	IRS2	560	SYRRVSGDAAQ		hprd;pelm;psite	863
ENSP00000365016	IRS2	575	GLRKRTYSLTT		psite	863
ENSP00000365016	IRS2	577	RKRTYSLTTPA		hprd;pelm;psite	863
ENSP00000365016	IRS2	730	GGYKASSPAES		hprd;pelm;psite	863
ENSP00000365016	IRS2	735	SSPAESSPEDS		hprd;pelm;psite	863
ENSP00000365016	IRS2	772	LNVSPSDAVTT		hprd;pelm;psite	863
ENSP00000365016	IRS2	827	QYVLMSSPVGR		psite	863
ENSP00000365016	IRS2	1148	GRRRHSSETFS		hprd;pelm;psite	863
ENSP00000365016	IRS2	1149	RRRHSSETFSS		hprd;pelm;psite	863
ENSP00000365016	IRS2	1164	TPVSPSFAHNP		hprd;pelm;psite	863
ENSP00000365016	IRS2	1174	PKRHNSASVEN		hprd;pelm;psite	863
ENSP00000365016	IRS2	1186	SLRKSSEGGVG		hprd;psite	863
ENSP00000365016	IRS2	1202	GDEPPTSPRQL		hprd;pelm;psite	863
ENSP00000386896	ITGA6	683	VTNSPSNPRNP		psite	621
ENSP00000200181	ITGB4	368	FNRIRSNLDIR		psite	626
ENSP00000200181	ITGB4	829	LARLCTENLLK		psite	626
ENSP00000200181	ITGB4	1325	PKRPMSIPIIP		psite	626
ENSP00000200181	ITGB4	1483	PHRVLSTSSTL		psite	626
ENSP00000200181	ITGB4	1511	LPRDYSTLTSV		psite	626
ENSP00000200181	ITGB4	1604	RVRAQSQEGWG		psite	626
ENSP00000200181	ITGB4	1797	LTRHVTQEFVS		psite	626
ENSP00000200181	ITGB4	1806	VSRTLTTSGTL		psite	626
ENSP00000200181	ITGB4	1358	VLRSPSGSQRP		psite	626
ENSP00000366915	KLF5	443	CNRSFSRSDHL		psite	621
ENSP00000261366	LMNB1	13	PPRMGSRAGGP		psite	619
ENSP00000261366	LMNB1	25	TPLSPTRLSRL		hprd;pelm;psite	619
ENSP00000261366	LMNB1	200	ENRCQSLTEDL		hprd;pelm;psite	619
ENSP00000261366	LMNB1	302	RMRIESLSSQL		psite	619
ENSP00000261366	LMNB1	340	SRRMLTDKERE		psite	619
ENSP00000261366	LMNB1	395	LSPSPSSRVTV	PRKCB	hprd;pelm;psite	619
ENSP00000261366	LMNB1	405	VSRASSSRSVR	PRKCB	hprd;pelm;psite	619
ENSP00000337825	LCK	42	LIRNGSEVRDP	MAPK1;MAPK3;PRKACA;PRKCA	hprd;pelm;psite	959
ENSP00000337825	LCK	210	LVRHYTNASDG		psite	959
ENSP00000355296	LDB3	268	WARRSSNLQSR		psite	432
ENSP00000357624	MARCKS	26	EAAVASSPSKA	CDK2	hprd;pelm;psite	864
ENSP00000357624	MARCKS	29	VASSPSKANGQ		hprd;pelm;psite	864
ENSP00000357624	MARCKS	120	EPGSPTAAEGE		hprd;pelm;psite	864
ENSP00000357624	MARCKS	134	AASSTSSPKAE	CDK2	hprd;psite	864
ENSP00000357624	MARCKS	147	ATPSPSNETPK	CDK2	hprd;pelm;psite	864
ENSP00000348273	MBP	26	TNRGESEKKRN		psite	680
ENSP00000348273	MBP	40	LSRTTSEDNEV		psite	680
ENSP00000348273	MBP	96	LIRLFSRDAPG		hprd;pelm;psite	680
ENSP00000348273	MBP	146	SQRHGSKYLAT	PRKCA	hprd;psite	680
ENSP00000302486	MAP2K1	298	PGRPLSSYGMD	PAK1	hprd;pelm;psite	908
ENSP00000262948	MAP2K2	306	PGRPVSGHGMD		psite	819
ENSP00000382423	MAP3K1	20	PGARATSPEAG		psite	800
ENSP00000382423	MAP3K1	1016	PCRIPSASPQT		psite	800
ENSP00000382423	MAP3K1	1026	TQRKFSLQFHR		psite	800
ENSP00000343463	MAP3K2	163	TSRDRSSPPPG		hprd;pelm;psite	816
ENSP00000343463	MAP3K2	239	MPRAQSYPDNH		hprd;pelm;psite	816
ENSP00000343463	MAP3K2	331	IRRRGSDIDNP		hprd;pelm;psite	816
ENSP00000354927	MAP3K3	161	RNHNSSSPHSG		hprd;psite	815
ENSP00000354927	MAP3K3	197	RSRHLSVSSQN	PRKACA	hprd;pelm;psite	815
ENSP00000354927	MAP3K3	206	QNPGRSSPPPG		hprd;psite	815
ENSP00000354927	MAP3K3	281	MSRAQSFPDNR		hprd;psite	815
ENSP00000354927	MAP3K3	347	SSRSLSTNGEN		psite	815
ENSP00000354927	MAP3K3	368	RGRLRSADSEN	PRKACA	hprd;pelm;psite	815
ENSP00000354927	MAP3K3	388	PTKSPSAPINW		psite	815
ENSP00000354927	MAP3K3	547	SKRLQTICMSG		psite	815
ENSP00000354927	MAP3K3	559	GMRSVTGTPYW		psite	815
ENSP00000375986	MAP3K4	499	LERLESEDDSL		hprd;psite	805
ENSP00000262445	MAP2K4	78	IERLRTHSIES		psite	900
ENSP00000262445	MAP2K4	80	RLRTHSIESSG	AKT1	hprd;pelm;psite	900
ENSP00000362638	MARCKSL1	119	GDSSASSPTEE		hprd;psite	804
ENSP00000362638	MARCKSL1	122	SASSPTEEEQE		hprd;pelm;psite	804
ENSP00000354558	MTOR	1821	KLRHASGANIT		psite	663
ENSP00000354558	MTOR	2444	NKRSRTRTDSY		hprd;psite	663
ENSP00000354558	MTOR	2446	RSRTRTDSYSA	AKT1;RPS6KB1	hprd;pelm;psite	663
ENSP00000354558	MTOR	2448	RTRTDSYSAGQ	AKT1;RPS6KB1	hprd;pelm;psite	663
ENSP00000226574	NFKB1	338	QLRRKSDLETS	PRKACA	hprd;pelm;psite	926
ENSP00000226574	NFKB1	938	SFRKLSFTESL		psite	926
ENSP00000384273	RELA	276	QLRRPSDRELS	PIM1;PRKACA;RPS6KA4;RPS6KA5	hprd;pelm;psite	913
ENSP00000384273	RELA	281	SDRELSEPMEF		psite	913
ENSP00000384273	RELA	505	ITRLVTGAQRP		pelm;psite	913
ENSP00000347169	NUMB	194	FTREGSFRVTT		psite	732
ENSP00000347169	NUMB	240	TAPSPSSPTSP		hprd;pelm;psite	732
ENSP00000347169	NUMB	243	SPSSPTSPTSD		psite	732
ENSP00000347169	NUMB	246	SPTSPTSDATT		psite	732
ENSP00000347169	NUMB	276	LARQGSFRGFP		hprd;pelm;psite	732
ENSP00000347169	NUMB	295	FKRQLSLRINE	PRKCZ	hprd;pelm;psite	732
ENSP00000347169	NUMB	438	HRRTPSEADRW		hprd;pelm;psite	732
ENSP00000347169	NUMB	561	LVRQQTFPHYE		psite	732
ENSP00000162330	BCAR1	326	LLREETYDVPP		hprd;psite	899
ENSP00000263253	EP300	89	LLRSGSSPNLN	PRKAA1;PRKCA;PRKCD	hprd;pelm;psite	623
ENSP00000263253	EP300	1037	TSATQSSPAPG		hprd;pelm;psite	623
ENSP00000263253	EP300	1295	AKRLPSTRLGT		psite	623
ENSP00000263253	EP300	1834	RRRMASMQRTG	AKT1	hprd;pelm;psite	623
ENSP00000263253	EP300	2320	SPRPQSQPPHS		psite	623
ENSP00000263253	EP300	2325	SQPPHSSPSPR		psite	623
ENSP00000289473	NCF1	304	PPRRSSIRNAH	AKT1;PRKCA;PRKCB;PRKCD;PRKCZ	pelm;psite	868
ENSP00000289473	NCF1	328	AYRRNSVRFLQ	AKT1;PRKACA;PRKCA;PRKCB;PRKCD	pelm;psite	868
ENSP00000269305	TP53	314	PNNTSSSPQPK	CDK2	hprd;psite	913
ENSP00000269305	TP53	366	GSRAHSSHLKS	CHEK2	hprd;psite	913
ENSP00000278568	PAK1	21	PMRNTSTMIGA	PAK1;PRKG1	hprd;psite	621
ENSP00000278568	PAK1	219	TRDVATSPISP		psite	621
ENSP00000278568	PAK1	225	SPISPTENNTT		hprd;psite	621
ENSP00000344220	PDPK1	241	QARANSFVGTA	PDK1;PDPK1	hprd;pelm;psite	854
ENSP00000344220	PDPK1	410	PQRSGSNIEQY	PDK1;PDPK1	hprd;pelm;psite	854
ENSP00000309548	PDP2	43	KWRLFSRVPPT		psite	626
ENSP00000348611	PHLPP2	1210	IRRQNSVNSGM		psite	403
ENSP00000263967	PIK3CA	312	YSRRISTATPY		psite	966
ENSP00000263967	PIK3CA	313	SRRISTATPYM		psite	966
ENSP00000274335	PIK3R1	154	LYRTQSSSNLA		psite	900
ENSP00000274335	PIK3R1	265	NARVLSEIFSP		psite	900
ENSP00000306124	PRKCE	181	YLRQPTYCSHC		psite	904
ENSP00000306124	PRKCE	339	SGSSPSEEDRS		hprd;psite	904
ENSP00000306124	PRKCE	346	EDRSKSAPTSP	GSK3B	hprd;psite	904
ENSP00000329127	PRKCH	183	YLRQPTYCSHC		psite	902
ENSP00000329127	PRKCH	675	EFRNFSYVSPE		psite	902
ENSP00000263125	PRKCQ	695	MFRNFSFMNPG		hprd;pelm;psite	901
ENSP00000338185	PLCB1	981	KKSEPSSPDHG		psite	929
ENSP00000260402	PLCB2	601	NKRQMSRIYPK		pelm;psite	809
ENSP00000279230	PLCB3	933	ASTSLSSPGQR		hprd;pelm;psite	825
ENSP00000279230	PLCB3	1105	RKRHNSISEAK	PRKACA;PRKCA;PRKG1;PRKG2	hprd;pelm;psite	825
ENSP00000279230	PLCB3	1130	NRRHITESVNS		psite	825
ENSP00000244007	PLCG1	981	CYRDMSSFPET		psite	917
ENSP00000244007	PLCG1	1249	RAREGSFESRY	AKT1;PRKACA;PRKCA;PRKD1	hprd;pelm;psite	917
ENSP00000352336	PLCG2	160	QTRRNSISLRE		psite	902
ENSP00000352336	PLCG2	677	RKREGSDSYAI		psite	902
ENSP00000342793	PLD1	505	VKRVTSGPSLG	PRKAA2	psite	838
ENSP00000342793	PLD1	147	PTRRHTFRRQN	PRKCA	hprd;psite	838
ENSP00000263088	PLD2	175	LNRLLTMSFYR		psite	930
ENSP00000345494	PLSCR1	161	PSRPFTLRIID	PRKCD	hprd;psite	633
ENSP00000316021	PLSCR3	230	KTRDESRSVGR		psite	754
ENSP00000333905	PPP2R5C	336	LAKCVSSPHFQ	PRKAA1	psite	619
ENSP00000333905	PPP2R5C	497	LARRKSELPQD		psite	619
ENSP00000352833	PTPN22	449	ITRTKSTPFEL		psite	621
ENSP00000369756	PTPRA	213	LARSPSTNRKY	PRKCD	hprd;pelm;psite	646
ENSP00000348461	RAC1	71	RLRPLSYPQTV	AKT1	hprd;psite	647
ENSP00000251849	RAF1	31	SCISPTIVQQF		psite	965
ENSP00000251849	RAF1	43	YQRRASDDGKL	PRKACA;PRKCA	hprd;pelm;psite	965
ENSP00000251849	RAF1	257	SQRQRSTSTPN		hprd;pelm;psite	965
ENSP00000251849	RAF1	259	RQRSTSTPNVH	AKT1;PRKACA;RAF1	hprd;pelm;psite	965
ENSP00000251849	RAF1	285	AIRSHSESASP		psite	965
ENSP00000251849	RAF1	291	ESASPSALSSS		hprd;psite	965
ENSP00000251849	RAF1	295	PSALSSSPNNL		hprd;psite	965
ENSP00000251849	RAF1	303	NNLSPTGWSQP		hprd;psite	965
ENSP00000251849	RAF1	339	GQRDSSYYWEI	PAK1	hprd;pelm;psite	965
ENSP00000251849	RAF1	357	STRIGSGSFGT		psite	965
ENSP00000251849	RAF1	621	INRSASEPSLH	PRKACA;RAF1	hprd;pelm;psite	965
ENSP00000384192	RASGRP3	133	WMRRVTQRKKV	PRKCD;PRKCQ	hprd;pelm;psite	620
ENSP00000261313	PEBP1	52	KNRPTSISWDG		hprd;pelm;psite	619
ENSP00000401303	SHC1	139	WTRHGSFVNKP	PRKCA	hprd;pelm;psite	981
ENSP00000391592	PTPN6	10	FHRDLSGLDAE		psite	823
ENSP00000384675	SOS1	1134	GPRSASVSSIS		hprd;pelm;psite	904
ENSP00000384675	SOS1	1161	RRRPESAPAES		psite	904
ENSP00000384675	SOS1	1166	SAPAESSPSKI		psite	904
ENSP00000329357	SP1	42	QARSSSTGSSS		hprd;pelm;psite	853
ENSP00000329357	SP1	651	HLRWHTGERPF		hprd;pelm;psite	853
ENSP00000329357	SP1	681	HKRTHTGEKKF	PRKCZ	psite	853
ENSP00000374455	SQSTM1	24	EIRRFSFCCSP		hprd;psite	453
ENSP00000374455	SQSTM1	49	CERLLSRVAAL		psite	453
ENSP00000350941	SRC	17	SQRRRSLEPAE	PRKACA	hprd;pelm;psite	984
ENSP00000350941	SRC	51	GHRGPSAAFAP		psite	984
ENSP00000350941	SRC	74	SSDTVTSPQRA		hprd;pelm;psite	984
ENSP00000315713	SSH1	402	VSRSASTVIAY	PRKD1	psite	425
ENSP00000315713	SSH1	441	FMRQLSEYEGI		psite	425
ENSP00000315713	SSH1	462	LWRQQTDSSLQ		psite	425
ENSP00000315713	SSH1	515	CFRRLSDPLLP		hprd;psite	425
ENSP00000315713	SSH1	834	LERLKSVPADP		psite	425
ENSP00000315713	SSH1	937	LTRSSSSDSIH	PRKD1;PRKD2	hprd;pelm;psite	425
ENSP00000315713	SSH1	978	LKRSHSLAKLG	PRKD1;PRKD2	pelm;psite	425
ENSP00000264657	STAT3	691	YCRPESQEHPE		hprd;pelm;psite	989
ENSP00000307046	SDC2	187	GERKPSSAAYQ	PRKCA	hprd;pelm;psite	899
ENSP00000278968	TAGLN	186	SNRGASQAGMT		psite	634
ENSP00000340820	MAPT	171	ATRQPSGTGPE		psite	619
ENSP00000340820	MAPT	533	DRSGYSSPGSP	PRKACA	hprd;psite	619
ENSP00000340820	MAPT	549	RSRTPSLPTPP	CDK5;PRKACA	hprd;pelm;psite	619
ENSP00000340820	MAPT	572	PPKSPSSAKSR	PHKG1	hprd;psite	619
ENSP00000340820	MAPT	738	VVSGDTSPRHL		hprd;psite	619
ENSP00000340820	MAPT	744	SPRHLSNVSST	PRKACA	hprd;psite	619
ENSP00000286827	TIAM1	26	LGRKHTSRSLR		psite	619
ENSP00000286827	TIAM1	231	CQRANSLGDLY		hprd;psite	619
ENSP00000286827	TIAM1	319	GRRAKTTQDVN		psite	619
ENSP00000286827	TIAM1	695	RSRFSSLWGLD		psite	619
ENSP00000364336	TBXA2R	329	STRPRSLSLQP	PRKACA;PRKCA	hprd;psite	899
ENSP00000364336	TBXA2R	331	RPRSLSLQPQL	PRKCA	hprd;psite	899
ENSP00000344818	UBC	57	DGRTLSDYNIQ		hprd;psite	736
ENSP00000219473	USP10	76	LPRTPSYSISS		psite	459
ENSP00000256474	VHL	72	NSREPSQVIFC	CSNK1A1	psite	621
ENSP00000256474	VHL	111	GRRIHSYRGHL	CHEK2	psite	621
ENSP00000224237	VIM	26	ASRPSSSRSYV	PRKCA	hprd;pelm;psite	408
ENSP00000224237	VIM	39	STRTYSLGSAL	AKT1;MAPKAPK2;PRKACA;PRKCA	hprd;pelm;psite	408
ENSP00000224237	VIM	48	ALRPSTSRSLY		hprd;pelm;psite	408
ENSP00000224237	VIM	55	RSLYASSPGGV	CDK1;CDK2	hprd;pelm;psite	408
ENSP00000224237	VIM	72	AVRLRSSVPGV	PRKACA;ROCK1	hprd;pelm;psite	408
ENSP00000281537	TJP1	160	WPRDRSASRER		psite	865
ENSP00000281537	TJP1	162	RDRSASRERSL		psite	865
ENSP00000281537	TJP1	166	ASRERSLSPRS		hprd;pelm;psite	865
ENSP00000281537	TJP1	313	PRRSRSRSPDQ		psite	865
ENSP00000281537	TJP1	648	FLRPVTIFGPI		psite	865
ENSP00000281537	TJP1	926	QKAEASSPVPY		hprd;pelm;psite	865
ENSP00000281537	TJP1	978	SLRTPSTEAAH		psite	865
ENSP00000281537	TJP1	1619	IPVSPSAVEED		pelm;psite	865
ENSP00000275493	EGFR	1028	FFSSPSTSRTP		hprd;pelm	637
ENSP00000300161	YWHAB	132	YFRYLSEVASG	PRKCZ	hprd;pelm	714
ENSP00000313420	PRKDC	2670	PLVDHTSPSSD		hprd;pelm	640
ENSP00000262367	CREBBP	2078	TLKSPSSPQQQ		hprd;pelm	623
ENSP00000279230	PLCB3	26	TLRRGSKFIKW	PRKG1;PRKG2	hprd;pelm	825
ENSP00000279230	PLCB3	925	PPGPTTSPAST		hprd;pelm	825
ENSP00000288602	BRAF	319	SGSSPSAPASD		hprd;pelm	832
ENSP00000304895	IRS1	502	GTGLGTSPALA	CSNK2A1	hprd	995
ENSP00000261366	LMNB1	279	NARLSSEMNTS		hprd	619
ENSP00000340820	MAPT	687	KDRVQSKIGSL	PKN1	hprd	619
ENSP00000251849	RAF1	641	ACTLTTSPRLP		hprd	965
ENSP00000306124	PRKCE	380	EHRAASSPDGQ		hprd	904
ENSP00000306124	PRKCE	336	QPASGSSPSEE		hprd	904
ENSP00000361423	ABL1	823	KDIMESSPGSS		hprd	667
ENSP00000262367	CREBBP	1771	ESRRLSIQRCI		hprd	623
ENSP00000338799	IL6ST	824	CSQHESSPDIS		hprd	621
ENSP00000365439	HNRNPK	417	QIRHESGASIK		hprd	621
ENSP00000365016	IRS2	619	PSCPASSPKVA		hprd	863
ENSP00000334105	PLCB4	620	NKRQMSRIYPK		hprd	818
ENSP00000278968	TAGLN	164	HKREFTESQLQ		hprd	634
ENSP00000281537	TJP1	885	PVREDSSGMHH		hprd	865
ENSP00000281537	TJP1	841	DSRHTSDYEDT		hprd	865
ENSP00000281537	TJP1	1569	SSKTPTSPKTL		hprd	865
ENSP00000313391	DAB2	422	ESSVQSSPHDS		hprd	621
ENSP00000313391	DAB2	229	DLNSPTESKDI		hprd	621
ENSP00000313391	DAB2	473	GQASPTGQPTA		hprd	621
ENSP00000262948	MAP2K2	25	EGPSPTSEGAS		hprd	819
ENSP00000262445	MAP2K4	393	MPATPSSPMYV		hprd	900
ENSP00000366915	KLF5	116	KYRRDSASVVD		hprd	621
ENSP00000361202	IRS4	874	DGGSPSKPSDH		hprd	859
ENSP00000361202	IRS4	1231	PEREDSDNDDD		hprd	859
ENSP00000361202	IRS4	66	GSRSDSESEEE		hprd	859
ENSP00000344220	PDPK1	33	MVRTQTESSTP	PDPK1	hprd	854
ENSP00000219473	USP10	549	KLLSPSNEKLT		hprd	459
ENSP00000219473	USP10	354	SKPSSSSPVAY		hprd	459
ENSP00000357624	MARCKS	83	GAASPSAAEKG		hprd	864
