name	PRKDC
id	ENSP00000313420
type	Serine/threonine kinase
proline+1_removed	Yes
npartners	251
npartners_with_sites	220
nsites	514
//
motif	score	fg_matches	fg_size	bg_matches	bg_size	fold_increase
..D..[ST]D.E..	629.6	11	2533	0	9383	Inf
R.R..[ST].....	317.87	48	2196	31	8887	6.27
..RR.[ST].....	317.43	28	2148	14	8856	8.25
.....[ST]D.E..	316.83	49	2522	38	9383	4.8
.....[ST]Q....	307.65	277	2473	458	9345	2.29
//
prot_id	prot_name	position	flank	kinase	source	string_score
ENSP00000309503	YWHAZ	58	GARRSSWRVVS	AKT1;MAPKAPK2;PRKACA	hprd;pelm;psite	469
ENSP00000309503	YWHAZ	232	LWTSDTQGDEA	BCR;CSNK1A1	hprd;pelm;psite	469
ENSP00000340691	EIF4EBP1	94	PPMEASQSHLR	ATM	hprd;pelm;psite	496
ENSP00000340691	EIF4EBP1	112	AGGEESQFEMD	ATM;CSNK2A1	hprd;pelm;psite	496
ENSP00000361423	ABL1	465	PGIDLSQVYEL	ATM	hprd;pelm;psite	940
ENSP00000361423	ABL1	938	PSQSPSQEAAG	ABL1	hprd;psite	940
ENSP00000361423	ABL1	968	DAAKPSQPGEG		hprd;pelm;psite	940
ENSP00000361423	ABL1	16	DQRRPSLPALH		psite	940
ENSP00000229335	AICDA	27	KGRRETYLCYV	PRKACA	psite	745
ENSP00000229335	AICDA	38	VKRRDSATSFS	PRKACA	hprd;psite	745
ENSP00000291582	AIRE	68	LSWLLTQDSTA	PRKDC	psite	847
ENSP00000291582	AIRE	156	TASPGSQLKAK	PRKDC	psite	847
ENSP00000270202	AKT1	72	RPRPNTFIIRC	AKT1	psite	995
ENSP00000270202	AKT1	246	RERVFSEDRAR	AKT1	psite	995
ENSP00000307004	APLF	116	CTLRNSQVLDE	ATM	psite	963
ENSP00000367527	DCLRE1C	516	TVAGGSQSPKL	ATM;ATR;PRKDC	hprd;psite	998
ENSP00000367527	DCLRE1C	534	STHISSQNSSQ	ATM;PRKDC	hprd;psite	998
ENSP00000367527	DCLRE1C	538	SSQNSSQSTHI	ATM;PRKDC	hprd;psite	998
ENSP00000367527	DCLRE1C	548	ITEQGSQGWDS	PRKDC	psite	998
ENSP00000367527	DCLRE1C	553	SQGWDSQSDTV	ATM;PRKDC	hprd;psite	998
ENSP00000367527	DCLRE1C	645	STNADSQSSSD	ATM;ATR;PRKDC	hprd;psite	998
ENSP00000287394	ATAD2	41	RRRLRSAGAAQ		hprd;psite	423
ENSP00000287394	ATAD2	302	RQRKATVYYQA		psite	423
ENSP00000287394	ATAD2	337	RYRLSSAGPRS		hprd;psite	423
ENSP00000287394	ATAD2	379	RRRKRSRNRAI		psite	423
ENSP00000287394	ATAD2	1139	VGDKRSDPEQN		psite	423
ENSP00000287394	ATAD2	1200	DHKIESDTEET		hprd;psite	423
ENSP00000287394	ATAD2	1277	GDASSSQIIHI		psite	423
ENSP00000287394	ATAD2	1302	TRARRSQVEQQ		hprd;pelm;psite	423
ENSP00000278616	ATM	86	NVSASTQASRQ		hprd;pelm;psite	924
ENSP00000278616	ATM	367	RSLEISQSYTT	ATM	hprd;pelm;psite	924
ENSP00000278616	ATM	373	QSYTTTQRESS		hprd;pelm;psite	924
ENSP00000278616	ATM	440	LLMILSQLLPQ	ATM	hprd;psite	924
ENSP00000278616	ATM	1878	CLRHFSQTSRS		psite	924
ENSP00000343741	ATR	435	KRRRLSSSLNP		hprd;psite	405
ENSP00000343741	ATR	436	RRRLSSSLNPS		hprd;psite	405
ENSP00000343741	ATR	1566	QHTINTQDIAS		psite	405
ENSP00000343741	ATR	1578	LCQLSTQTVFS		psite	405
ENSP00000343741	ATR	1589	MLDHLTQWARH		psite	405
ENSP00000343741	ATR	1876	SPGDSSQEDSL		psite	405
ENSP00000323099	ATRIP	38	RARGFSAAAAP		psite	720
ENSP00000323099	ATRIP	68	LDTLASQALSQ	ATR	hprd;pelm;psite	720
ENSP00000323099	ATRIP	72	ASQALSQCPAA	ATR	hprd;pelm;psite	720
ENSP00000260947	BARD1	244	LVSFCSQPSVI		psite	913
ENSP00000260947	BARD1	714	PDSDVTQTINT		psite	913
ENSP00000260947	BARD1	734	DQRFCTQYIIY		psite	913
ENSP00000365851	BMI1	316	RPRKSSVNGSS		psite	653
ENSP00000350283	BRCA1	509	RKRRPTSGLHP	AKT1	hprd;pelm;psite	873
ENSP00000350283	BRCA1	615	RLRRKSSTRHI		psite	873
ENSP00000350283	BRCA1	803	PNKCVSQCAAF		psite	873
ENSP00000350283	BRCA1	1143	GSSHASQVCSE	ATR	hprd;psite	873
ENSP00000350283	BRCA1	1239	VNNIPSQSTRH		hprd;pelm;psite	873
ENSP00000350283	BRCA1	1280	ILAKASQEHHL	ATR	hprd;psite	873
ENSP00000350283	BRCA1	1330	RHQSESQGVGL	ATM	hprd;pelm;psite	873
ENSP00000350283	BRCA1	1336	QGVGLSDKELV		hprd;pelm;psite	873
ENSP00000350283	BRCA1	1342	DKELVSDDEER		hprd;pelm;psite	873
ENSP00000350283	BRCA1	1387	CSGLSSQSDIL	ATM	hprd;pelm;psite	873
ENSP00000350283	BRCA1	1423	LEQHGSQPSNS	ATM;ATR	hprd;pelm;psite	873
ENSP00000350283	BRCA1	1457	KAVLTSQKSSE	ATM;ATR	hprd;pelm;psite	873
ENSP00000350283	BRCA1	1466	SEYPISQNPEG	ATM	hprd;pelm;psite	873
ENSP00000350283	BRCA1	1524	NRNYPSQEELI	ATM;ATR	hprd;pelm;psite	873
ENSP00000350283	BRCA1	1720	SYFWVTQSIKE		hprd;pelm;psite	873
ENSP00000369497	BRCA2	683	NNTVISQDLDY		hprd;pelm;psite	545
ENSP00000369497	BRCA2	755	DTDFQSQKSLL		hprd;pelm;psite	545
ENSP00000369497	BRCA2	805	GNNYESDVELT		psite	545
ENSP00000301280	CHAF1A	199	GRRGDSQECSP		hprd;pelm;psite	649
ENSP00000301280	CHAF1A	862	PSTGPSQGTPI		hprd;psite	649
ENSP00000336687	CBX3	79	EAFLNSQKAGK		hprd;psite	459
ENSP00000336687	CBX3	95	KRKSLSDSESD		hprd;pelm;psite	459
ENSP00000303706	CDC25A	279	KRPERSQEESP	CHEK1;CHEK2	hprd;pelm;psite	493
ENSP00000303706	CDC25A	293	TKRRKSMSGAS	CHEK1;CHEK2;RPS6KA1	hprd;pelm;psite	493
ENSP00000321656	CDC25C	449	LLRCRSQSKVQ		psite	495
ENSP00000360532	CDC5L	303	PAPQISDAELQ		hprd;pelm;psite	774
ENSP00000360532	CDC5L	358	PRTPASQDRIL		psite	774
ENSP00000405798	CDK16	84	DLKMGSDGESD		hprd;psite	562
ENSP00000405798	CDK16	159	RLRRVSLSEIG	PRKACA	hprd;pelm;psite	562
ENSP00000355922	CENPF	156	TPLTPSQYYSG	CDK2	hprd;pelm;psite	477
ENSP00000355922	CENPF	422	MKARLTQELQQ		hprd;psite	477
ENSP00000355922	CENPF	1255	LQDMQSQEISG		hprd;pelm;psite	477
ENSP00000355922	CENPF	1282	HELSTSQNDNA		hprd;pelm;psite	477
ENSP00000355922	CENPF	1868	SEGLNSDLEMH		hprd;psite	477
ENSP00000355922	CENPF	2082	ARLSESDYEKL		hprd;psite	477
ENSP00000355922	CENPF	2189	VETLKTQIEEM		psite	477
ENSP00000355922	CENPF	2377	KIEGMTQSLRG		hprd;psite	477
ENSP00000355922	CENPF	2542	LVSKLSQVEGE		hprd;pelm;psite	477
ENSP00000358262	CHD1L	607	LLEKASQEGRS		psite	857
ENSP00000217244	CSNK2A1	13	RARVYTDVNTH		psite	777
ENSP00000354856	CLK2	34	RRRSRSWSSSS	AKT1	psite	810
ENSP00000354856	CLK2	50	RRREDSYHVRS		hprd;psite	810
ENSP00000323050	RBBP8	555	PGEPCSQECII		psite	601
ENSP00000323050	RBBP8	664	PGADLSQYKMD	ATM	hprd;pelm;psite	601
ENSP00000323050	RBBP8	679	DTKDGSQSKLG		hprd;pelm;psite	601
ENSP00000323050	RBBP8	745	LADSFSQAADE	ATM	hprd;pelm;psite	601
ENSP00000323050	RBBP8	859	VGFPSTQTCME	ATR	psite	601
ENSP00000356520	DHX9	321	AQFEPSQRQNQ		hprd;pelm;psite	955
ENSP00000356520	DHX9	449	QPRRISAVSVA		hprd;psite	955
ENSP00000356520	DHX9	688	ILPLHSQIPRE		psite	955
ENSP00000371846	DEAF1	211	RCRNISGTLYK		psite	804
ENSP00000330054	EEF1A1	163	TEPPYSQKRYE		psite	801
ENSP00000364119	EIF2S2	31	DEEGDTQTEET		hprd;psite	626
ENSP00000364119	EIF2S2	36	TQTEETQPSET		psite	626
ENSP00000206249	ESR1	167	RERLASTNDKG	AKT1;AKT2;CSNK2A1;IKBKE;RPS6KA1;RPS6KA3;RPS6KB1	hprd;pelm;psite	951
ENSP00000206249	ESR1	236	KNRRKSCQACR	PRKACA	pelm;psite	951
ENSP00000343925	ESR2	200	KNRRKSCQACR		psite	402
ENSP00000311873	EXO1	581	KATVFTDEESY		psite	496
ENSP00000311873	EXO1	660	KSEESSDDESH		hprd;psite	496
ENSP00000311873	EXO1	674	EEACSSQSQES		psite	496
ENSP00000311873	EXO1	714	IKLLDSQSDQT		hprd;pelm;psite	496
ENSP00000287647	FANCD2	8	SKRRLSKSEDK		hprd;pelm;psite	430
ENSP00000287647	FANCD2	178	PRLIVSQLKWL		hprd;pelm;psite	430
ENSP00000287647	FANCD2	222	EILGDSQHADV	ATM	hprd;pelm;psite	430
ENSP00000287647	FANCD2	596	ESPSLTQERAN	ATR	hprd;pelm;psite	430
ENSP00000287647	FANCD2	608	SDEQCTQVTSL	ATR	psite	430
ENSP00000287647	FANCD2	691	LEEYDTQDGIA	ATM;ATR	hprd;psite	430
ENSP00000287647	FANCD2	717	GGPVTSQESGQ	ATM;ATR	hprd;pelm;psite	430
ENSP00000287647	FANCD2	1257	GTAADSQQIHE	ATM	hprd;pelm;psite	430
ENSP00000287647	FANCD2	1404	IKSQNSQESTA		psite	430
ENSP00000287647	FANCD2	1418	EDDMSSQASKS		hprd;pelm;psite	430
ENSP00000304592	FASN	1174	IPRDPSQQELP		psite	591
ENSP00000304592	FASN	2123	YRDRDSQRDLV		hprd;psite	591
ENSP00000304592	FASN	2215	LAQQQTQLNLR		psite	591
ENSP00000299543	CTDP1	338	PGSRESQTRKK		psite	621
ENSP00000299543	CTDP1	474	SSSSASDGESE		psite	621
ENSP00000299543	CTDP1	839	RKRQPSMSETM		psite	621
ENSP00000299543	CTDP1	872	EGSDDSDSEKR		hprd;pelm;psite	621
ENSP00000305480	FEN1	336	SRQGSTQGRLD		psite	465
ENSP00000364310	H2AFX	137	GGKKATQASQE	PRKDC	hprd;psite	998
ENSP00000350275	HIST1H3A	46	RYRPGTVALRE	AKT2;PRKCD	psite	651
ENSP00000353581	HIST1H3E	46	RYRPGTVALRE	AKT2;PRKCD	psite	839
ENSP00000254810	H3F3B	46	RYRPGTVALRE	DYRK1B;DYRK2;DYRK3	psite	424
ENSP00000355778	H3F3A	46	RYRPGTVALRE	DYRK1B;DYRK2;DYRK3	psite	764
ENSP00000341826	HNRNPA1	95	VSREDSQRPGA		hprd;pelm;psite	948
ENSP00000341826	HNRNPA1	192	ASASSSQRGRS	MKNK1	pelm;psite	948
ENSP00000341826	HNRNPA1	199	RGRSGSGNFGG	AKT1;CSNK2A1	pelm;psite	948
ENSP00000376309	HNRNPA3	212	MQSAGSQRGRG		psite	431
ENSP00000319690	HNRNPC	31	LVVKKSDVEAI		psite	942
ENSP00000363745	HNRNPR	533	GRAGYSQRGAP		psite	811
ENSP00000363745	HNRNPR	591	SKRRQTNNQQN		psite	811
ENSP00000283179	HNRNPU	26	KKRRLSDKGLK		hprd;pelm;psite	845
ENSP00000283179	HNRNPU	799	GYKNQSQGYNQ		psite	845
ENSP00000283179	HNRNPU	817	GQKPWSQHYHQ		psite	845
ENSP00000350090	HNRNPA1L2	95	VSREDSQRPGA		hprd;psite	872
ENSP00000393087	HSPA1B	153	AYFNDSQRQAT		psite	800
ENSP00000393087	HSPA1B	254	HKKDISQNKRA		psite	800
ENSP00000335153	HSP90AA1	353	RDKEVSDDEAE	CSNK2A1	hprd;pelm;psite	930
ENSP00000335153	HSP90AA1	385	IEDVGSDEEEE	CSNK2A1	hprd;pelm;psite	930
ENSP00000335153	HSP90AA1	575	GIHEDSQNRKK		psite	930
ENSP00000370473	IGFBP3	189	GHAKDSQRYKV	PRKDC	psite	857
ENSP00000359424	CHUK	23	RERLGTGGFGN	AKT1;AKT2	hprd;pelm;psite	621
ENSP00000359424	CHUK	473	TLISASQQLKA		psite	621
ENSP00000310127	IRF3	14	LPWLVSQLDLG		psite	824
ENSP00000310127	IRF3	135	GSTSDTQEDIL	PRKDC	psite	824
ENSP00000360266	JUN	95	TTPTPTQFLCP		psite	733
ENSP00000360266	JUN	249	PIDMESQERIK	CSNK2A1;PRKDC	hprd;pelm;psite	733
ENSP00000352257	XRCC6	51	KAMFESQSEDE	PRKDC	psite	999
ENSP00000357283	LMNA	10	SQRRATRSGAQ		hprd;pelm;psite	661
ENSP00000357283	LMNA	301	RIRIDSLSAQL		hprd;pelm;psite	661
ENSP00000357283	LMNA	307	LSAQLSQLQKQ	CHEK1	psite	661
ENSP00000357283	LMNA	395	SPSPTSQRSRG		hprd;pelm;psite	661
ENSP00000357283	LMNA	404	RGRASSHSSQT	PRKCA	hprd;pelm;psite	661
ENSP00000357283	LMNA	407	ASSHSSQTQGG		hprd;pelm;psite	661
ENSP00000357283	LMNA	409	SHSSQTQGGGS		hprd;pelm;psite	661
ENSP00000357283	LMNA	431	SRSSFSQHART		hprd;psite	661
ENSP00000357283	LMNA	458	RLRNKSNEDQS		hprd;pelm;psite	661
ENSP00000263274	LIG1	801	LGTGFSDEELE		psite	430
ENSP00000263274	LIG1	913	GEDSGSDPEDT		hprd;pelm;psite	430
ENSP00000324856	STK11	336	RWRSMTVVPYL	STK11	hprd;psite	817
ENSP00000324856	STK11	363	DDIIYTQDFTV	ATM;STK11	hprd;pelm;psite	817
ENSP00000324856	STK11	428	KIRRLSACKQQ	PRKCZ;RPS6KA3;STK11	hprd;pelm;psite	817
ENSP00000265056	MCM2	108	EELTASQREAA	ATR;CDC7;CDK2;CDK7;CSNK2A1	hprd;pelm;psite	854
ENSP00000265056	MCM2	139	GLLYDSDEEDE	CDC7;CDK2;CDK7;CSNK2A1	hprd;pelm;psite	854
ENSP00000229854	MCM3	160	IERRYSDLTTL	DAPK1	hprd;pelm;psite	875
ENSP00000229854	MCM3	535	DDPNFSQEDQQ	ATM;ATR	psite	875
ENSP00000229854	MCM3	681	DEEEKSQEDQE		hprd;pelm;psite	875
ENSP00000229854	MCM3	711	DPYDFSDTEEE		hprd;pelm;psite	875
ENSP00000229854	MCM3	728	PKTADSQETKE		hprd;pelm;psite	875
ENSP00000229854	MCM3	734	QETKESQKVEL		hprd;pelm;psite	875
ENSP00000262105	MCM4	13	PSRRGSRRGRA		psite	949
ENSP00000262105	MCM4	34	ARSSPSQRRRG		hprd;pelm;psite	949
ENSP00000216122	MCM5	605	SDRRSSIPITV		psite	828
ENSP00000264156	MCM6	13	EPGAGSQHLEV		hprd;psite	865
ENSP00000264156	MCM6	791	VLIELTQAGLK		hprd;pelm;psite	865
ENSP00000307288	MCM7	549	SRQPPSQFEPL		hprd;pelm;psite	871
ENSP00000365588	MDC1	98	GSLNGTQILRP		psite	929
ENSP00000373060	MDC1	98	GSLNGTQILRP		psite	971
ENSP00000387429	MDC1	98	GSLNGTQILRP		psite	942
ENSP00000404318	MDC1	98	GSLNGTQILRP		psite	931
ENSP00000409167	MDC1	98	GSLNGTQILRP		psite	929
ENSP00000365588	MDC1	157	RVQGETQPQRL		psite	929
ENSP00000373060	MDC1	157	RVQGETQPQRL		psite	971
ENSP00000387429	MDC1	157	RVQGETQPQRL		psite	942
ENSP00000404318	MDC1	157	RVQGETQPQRL		psite	931
ENSP00000409167	MDC1	157	RVQGETQPQRL		psite	929
ENSP00000365588	MDC1	220	NLNSDTDVEEG	CSNK2A1	psite	929
ENSP00000373060	MDC1	220	NLNSDTDVEEG	CSNK2A1	psite	971
ENSP00000387429	MDC1	220	NLNSDTDVEEG	CSNK2A1	psite	942
ENSP00000404318	MDC1	220	NLNSDTDVEEG	CSNK2A1	psite	931
ENSP00000409167	MDC1	220	NLNSDTDVEEG	CSNK2A1	psite	929
ENSP00000365588	MDC1	292	VILERSQPPGE		hprd;psite	929
ENSP00000373060	MDC1	292	VILERSQPPGE		hprd;psite	971
ENSP00000387429	MDC1	292	VILERSQPPGE		hprd;psite	942
ENSP00000404318	MDC1	292	VILERSQPPGE		hprd;psite	931
ENSP00000409167	MDC1	292	VILERSQPPGE		hprd;psite	929
ENSP00000365588	MDC1	331	FIDSDTDAEEE	CSNK2A1	hprd;pelm;psite	929
ENSP00000373060	MDC1	331	FIDSDTDAEEE	CSNK2A1	hprd;pelm;psite	971
ENSP00000387429	MDC1	331	FIDSDTDAEEE	CSNK2A1	hprd;pelm;psite	942
ENSP00000404318	MDC1	331	FIDSDTDAEEE	CSNK2A1	hprd;pelm;psite	931
ENSP00000409167	MDC1	331	FIDSDTDAEEE	CSNK2A1	hprd;pelm;psite	929
ENSP00000365588	MDC1	372	AHLQESQAGSD		hprd;pelm;psite	929
ENSP00000373060	MDC1	372	AHLQESQAGSD		hprd;pelm;psite	971
ENSP00000387429	MDC1	372	AHLQESQAGSD		hprd;pelm;psite	942
ENSP00000404318	MDC1	372	AHLQESQAGSD		hprd;pelm;psite	931
ENSP00000409167	MDC1	372	AHLQESQAGSD		hprd;pelm;psite	929
ENSP00000365588	MDC1	378	QAGSDTDVEEG	CSNK2A1	hprd;pelm;psite	929
ENSP00000373060	MDC1	378	QAGSDTDVEEG	CSNK2A1	hprd;pelm;psite	971
ENSP00000387429	MDC1	378	QAGSDTDVEEG	CSNK2A1	hprd;pelm;psite	942
ENSP00000404318	MDC1	378	QAGSDTDVEEG	CSNK2A1	hprd;pelm;psite	931
ENSP00000409167	MDC1	378	QAGSDTDVEEG	CSNK2A1	hprd;pelm;psite	929
ENSP00000365588	MDC1	394	VPLEKSQASMV		hprd;pelm;psite	929
ENSP00000373060	MDC1	394	VPLEKSQASMV		hprd;pelm;psite	971
ENSP00000387429	MDC1	394	VPLEKSQASMV		hprd;pelm;psite	942
ENSP00000404318	MDC1	394	VPLEKSQASMV		hprd;pelm;psite	931
ENSP00000409167	MDC1	394	VPLEKSQASMV		hprd;pelm;psite	929
ENSP00000365588	MDC1	404	VINSDTDDEEE	CSNK2A1	hprd;pelm;psite	929
ENSP00000373060	MDC1	404	VINSDTDDEEE	CSNK2A1	hprd;pelm;psite	971
ENSP00000387429	MDC1	404	VINSDTDDEEE	CSNK2A1	hprd;pelm;psite	942
ENSP00000404318	MDC1	404	VINSDTDDEEE	CSNK2A1	hprd;pelm;psite	931
ENSP00000409167	MDC1	404	VINSDTDDEEE	CSNK2A1	hprd;pelm;psite	929
ENSP00000365588	MDC1	422	AHLKESQPAIW		hprd;pelm;psite	929
ENSP00000373060	MDC1	422	AHLKESQPAIW		hprd;pelm;psite	971
ENSP00000387429	MDC1	422	AHLKESQPAIW		hprd;pelm;psite	942
ENSP00000404318	MDC1	422	AHLKESQPAIW		hprd;pelm;psite	931
ENSP00000409167	MDC1	422	AHLKESQPAIW		hprd;pelm;psite	929
ENSP00000365588	MDC1	445	VLLQRSQTTTE		psite	929
ENSP00000373060	MDC1	445	VLLQRSQTTTE		psite	971
ENSP00000387429	MDC1	445	VLLQRSQTTTE		psite	942
ENSP00000404318	MDC1	445	VLLQRSQTTTE		psite	931
ENSP00000409167	MDC1	445	VLLQRSQTTTE		psite	929
ENSP00000365588	MDC1	455	ERDSDTDVEEE	CSNK2A1	hprd;pelm;psite	929
ENSP00000373060	MDC1	455	ERDSDTDVEEE	CSNK2A1	hprd;pelm;psite	971
ENSP00000387429	MDC1	455	ERDSDTDVEEE	CSNK2A1	hprd;pelm;psite	942
ENSP00000404318	MDC1	455	ERDSDTDVEEE	CSNK2A1	hprd;pelm;psite	931
ENSP00000409167	MDC1	455	ERDSDTDVEEE	CSNK2A1	hprd;pelm;psite	929
ENSP00000365588	MDC1	513	IHLERSQASTT	ATR	hprd;pelm;psite	929
ENSP00000373060	MDC1	513	IHLERSQASTT	ATR	hprd;pelm;psite	971
ENSP00000387429	MDC1	513	IHLERSQASTT	ATR	hprd;pelm;psite	942
ENSP00000404318	MDC1	513	IHLERSQASTT	ATR	hprd;pelm;psite	931
ENSP00000409167	MDC1	513	IHLERSQASTT	ATR	hprd;pelm;psite	929
ENSP00000365588	MDC1	523	TVDINTQVEKE	CHEK1	hprd;pelm;psite	929
ENSP00000373060	MDC1	523	TVDINTQVEKE	CHEK1	hprd;pelm;psite	971
ENSP00000387429	MDC1	523	TVDINTQVEKE	CHEK1	hprd;pelm;psite	942
ENSP00000404318	MDC1	523	TVDINTQVEKE	CHEK1	hprd;pelm;psite	931
ENSP00000409167	MDC1	523	TVDINTQVEKE	CHEK1	hprd;pelm;psite	929
ENSP00000365588	MDC1	579	HGDCETDAEEG		psite	929
ENSP00000373060	MDC1	579	HGDCETDAEEG		psite	971
ENSP00000387429	MDC1	579	HGDCETDAEEG		psite	942
ENSP00000404318	MDC1	579	HGDCETDAEEG		psite	931
ENSP00000409167	MDC1	579	HGDCETDAEEG		psite	929
ENSP00000365588	MDC1	598	ADVRKSQLPAE		psite	929
ENSP00000373060	MDC1	598	ADVRKSQLPAE		psite	971
ENSP00000387429	MDC1	598	ADVRKSQLPAE		psite	942
ENSP00000404318	MDC1	598	ADVRKSQLPAE		psite	931
ENSP00000409167	MDC1	598	ADVRKSQLPAE		psite	929
ENSP00000365588	MDC1	659	TLGESTQPQRE		hprd;pelm;psite	929
ENSP00000373060	MDC1	659	TLGESTQPQRE		hprd;pelm;psite	971
ENSP00000387429	MDC1	659	TLGESTQPQRE		hprd;pelm;psite	942
ENSP00000404318	MDC1	659	TLGESTQPQRE		hprd;pelm;psite	931
ENSP00000409167	MDC1	659	TLGESTQPQRE		hprd;pelm;psite	929
ENSP00000365588	MDC1	765	SEDSETQPFDT		hprd;pelm;psite	929
ENSP00000373060	MDC1	765	SEDSETQPFDT		hprd;pelm;psite	971
ENSP00000387429	MDC1	765	SEDSETQPFDT		hprd;pelm;psite	942
ENSP00000404318	MDC1	765	SEDSETQPFDT		hprd;pelm;psite	931
ENSP00000409167	MDC1	765	SEDSETQPFDT		hprd;pelm;psite	929
ENSP00000365588	MDC1	955	EPEGGSQDQKG		hprd;pelm;psite	929
ENSP00000373060	MDC1	955	EPEGGSQDQKG		hprd;pelm;psite	971
ENSP00000387429	MDC1	955	EPEGGSQDQKG		hprd;pelm;psite	942
ENSP00000404318	MDC1	955	EPEGGSQDQKG		hprd;pelm;psite	931
ENSP00000409167	MDC1	955	EPEGGSQDQKG		hprd;pelm;psite	929
ENSP00000365588	MDC1	988	PVPSGSQSGGR		hprd;pelm;psite	929
ENSP00000373060	MDC1	988	PVPSGSQSGGR		hprd;pelm;psite	971
ENSP00000387429	MDC1	988	PVPSGSQSGGR		hprd;pelm;psite	942
ENSP00000404318	MDC1	988	PVPSGSQSGGR		hprd;pelm;psite	931
ENSP00000409167	MDC1	988	PVPSGSQSGGR		hprd;pelm;psite	929
ENSP00000365588	MDC1	1086	TRQDGSQEAPE		hprd;pelm;psite	929
ENSP00000373060	MDC1	1086	TRQDGSQEAPE		hprd;pelm;psite	971
ENSP00000387429	MDC1	1086	TRQDGSQEAPE		hprd;pelm;psite	942
ENSP00000404318	MDC1	1086	TRQDGSQEAPE		hprd;pelm;psite	931
ENSP00000409167	MDC1	1086	TRQDGSQEAPE		hprd;pelm;psite	929
ENSP00000365588	MDC1	1430	TPEPTSQATRG		hprd;pelm;psite	929
ENSP00000373060	MDC1	1430	TPEPTSQATRG		hprd;pelm;psite	971
ENSP00000387429	MDC1	1430	TPEPTSQATRG		hprd;pelm;psite	942
ENSP00000404318	MDC1	1430	TPEPTSQATRG		hprd;pelm;psite	931
ENSP00000409167	MDC1	1430	TPEPTSQATRG		hprd;pelm;psite	929
ENSP00000365588	MDC1	1786	TPIHASQIQKV		hprd;psite	929
ENSP00000373060	MDC1	1786	TPIHASQIQKV		hprd;psite	971
ENSP00000387429	MDC1	1786	TPIHASQIQKV		hprd;psite	942
ENSP00000404318	MDC1	1786	TPIHASQIQKV		hprd;psite	931
ENSP00000409167	MDC1	1786	TPIHASQIQKV		hprd;psite	929
ENSP00000417281	MDM2	23	GAVTTSQIPAS		psite	916
ENSP00000417281	MDM2	172	RRRAISETEEN	AKT1;CSNK1D;DAPK3;MAPKAPK2;PIM1	hprd;pelm;psite	916
ENSP00000417281	MDM2	192	RKRHKSDSISL	AKT1;DAPK3;PIM1	hprd;pelm;psite	916
ENSP00000417281	MDM2	357	KLENSTQAEEG	CSNK1D	psite	916
ENSP00000417281	MDM2	392	KITQASQSQES	ATM;CSNK1D	psite	916
ENSP00000417281	MDM2	394	TQASQSQESED		psite	916
ENSP00000417281	MDM2	401	ESEDYSQPSTS	ATM	hprd;pelm;psite	916
ENSP00000417281	MDM2	413	SIIYSSQEDVK	ATR	pelm;psite	916
ENSP00000417281	MDM2	425	FEREETQDKEE	CSNK1D	psite	916
ENSP00000231790	MLH1	406	SKPLSSQPQAI		psite	519
ENSP00000231790	MLH1	477	RHREDSDVEMV		hprd;pelm;psite	519
ENSP00000325863	MRE11A	264	QLFYISQPGSS	ATM	hprd;pelm;psite	979
ENSP00000325863	MRE11A	329	DNPKVTQAIQS		psite	979
ENSP00000325863	MRE11A	382	SVLRFSQKFVD		psite	979
ENSP00000325863	MRE11A	481	YQLEKTQRFLK		psite	979
ENSP00000325863	MRE11A	531	ARALRSQSEES		psite	979
ENSP00000325863	MRE11A	590	ASRGGSQRGRA		psite	979
ENSP00000325863	MRE11A	597	RGRADTGLETS		hprd;psite	979
ENSP00000325863	MRE11A	649	IEVDESDVEED	CSNK2A1	hprd;pelm;psite	979
ENSP00000325863	MRE11A	676	SSKIMSQSQVS		hprd;psite	979
ENSP00000325863	MRE11A	678	KIMSQSQVSKG		hprd;pelm;psite	979
ENSP00000233146	MSH2	860	QYIGESQGYDI		hprd;pelm;psite	552
ENSP00000234420	MSH6	252	KRRVISDSESD		hprd;pelm;psite	957
ENSP00000234420	MSH6	261	SDIGGSDVEFK		hprd;pelm;psite	957
ENSP00000234420	MSH6	305	RKRMVTGNGSL		hprd;psite	957
ENSP00000234420	MSH6	348	PQNSESQAHVS		hprd;pelm;psite	957
ENSP00000312244	MSL3	147	EISEESDIEEK		psite	633
ENSP00000367207	MYC	265	PPTTSSDSEEE	CSNK2A1	psite	874
ENSP00000367207	MYC	363	TSPRSSDTEEN	CSNK2A1	hprd;psite	874
ENSP00000265433	NBN	58	SVTNLSQTDEI		hprd;psite	603
ENSP00000265433	NBN	278	TGITNSQTLIP	ATM	hprd;pelm;psite	603
ENSP00000265433	NBN	343	PGPSLSQGVSV	ATM;ATR	hprd;pelm;psite	603
ENSP00000265433	NBN	397	KFRMLSQDAPT	ATM	hprd;pelm;psite	603
ENSP00000265433	NBN	615	ESSKISQENEI	ATM;ATR	hprd;pelm;psite	603
ENSP00000351894	NCOA6	2018	PGRRNSRTEEP		hprd;psite	974
ENSP00000404121	ILF3	651	RGRGGSIRGRG	AKT1;PRKCB	psite	995
ENSP00000404121	ILF3	881	SSYQSSQGGYG		hprd;psite	995
ENSP00000349313	NHEJ1	55	DTSVVSQRAKE	PRKDC	psite	989
ENSP00000349313	NHEJ1	132	SPSLVSQHLIR	PRKDC	psite	989
ENSP00000349313	NHEJ1	223	YMAVTTQEVQV	PRKDC	psite	989
ENSP00000349313	NHEJ1	251	LQGIDSQCVNQ	ATM;PRKDC	psite	989
ENSP00000358635	SYNCRIP	524	GRAGYSQRGGP		psite	813
ENSP00000358635	SYNCRIP	580	SKRRQTNNQNW		psite	813
ENSP00000358635	SYNCRIP	587	NQNWGSQPIAQ		hprd;pelm;psite	813
ENSP00000244741	CDKN1A	145	RKRRQTSMTDF	AKT1;DAPK3;PIM1;PIM2;PRKCA	hprd;pelm;psite	889
ENSP00000263253	EP300	106	GQVMASQAQQS	ATM	psite	818
ENSP00000263253	EP300	1834	RRRMASMQRTG	AKT1	hprd;pelm;psite	818
ENSP00000263253	EP300	2320	SPRPQSQPPHS		psite	818
ENSP00000289473	NCF1	288	SGQDVSQAQRQ	IRAK4	psite	619
ENSP00000289473	NCF1	304	PPRRSSIRNAH	AKT1;PRKCA;PRKCB;PRKCD;PRKCZ	pelm;psite	619
ENSP00000289473	NCF1	320	SRKRLSQDAYR	IRAK4;PRKACA;PRKCA;PRKCB;PRKCD	pelm;psite	619
ENSP00000289473	NCF1	328	AYRRNSVRFLQ	AKT1;PRKACA;PRKCA;PRKCB;PRKCD	pelm;psite	619
ENSP00000289473	NCF1	356	EEERQTQRSKP	IRAK4	psite	619
ENSP00000269305	TP53	15	VEPPLSQETFS	ATM;ATR;CDK5;CHEK1;CHEK2;DYRK1A;MAPK1;MAPK14;MAPK3;NUAK1;PRKDC;SMG1;STK11;TP53RK	hprd;pelm;psite	999
ENSP00000269305	TP53	37	LSPLPSQAMDD	ATR;CHEK1;CHEK2;MAPKAPK5;PRKDC	hprd;pelm;psite	999
ENSP00000269305	TP53	99	SSSVPSQKTYQ		hprd;pelm;psite	999
ENSP00000355759	PARP1	179	PEYSASQLKGF		hprd;pelm;psite	990
ENSP00000250416	PARP2	232	PLKPESQLDLR		psite	469
ENSP00000370421	PDX1	11	QYYAATQLYKD	PRKDC	psite	621
ENSP00000337797	PIDD	788	ETGFLTQSNLL		psite	850
ENSP00000331602	PRKCD	295	ALNQVTQRASR	PRKCD	hprd;psite	640
ENSP00000343325	PKN1	69	NLRRATTDLGR		psite	540
ENSP00000265849	PMS2	373	NKLNVSQQPLL		psite	463
ENSP00000265849	PMS2	597	QKLVNTQDMSA		hprd;psite	463
ENSP00000265849	PMS2	603	QDMSASQVDVA		hprd;psite	463
ENSP00000323511	PNKP	114	TRTPESQPDTP		hprd;pelm;psite	925
ENSP00000323511	PNKP	126	GTPLVSQDEKR		hprd;pelm;psite	925
ENSP00000322570	POLE	202	RGGVITDEEET		psite	516
ENSP00000322570	POLE	1297	RQRLESAEGVL		psite	516
ENSP00000322570	POLE	1940	CGLQDSQKAGG		hprd;pelm;psite	516
ENSP00000299206	POLL	246	CAQPSSQKATN		hprd;pelm;psite	926
ENSP00000392147	PPP6C	234	CDLVWSDPEDV		psite	665
ENSP00000325120	PGR	81	DQQSLSDVEGA	CSNK2A1	hprd;pelm;psite	817
ENSP00000325120	PGR	552	PDSEASQSPQY		psite	817
ENSP00000280362	PTS	19	VSRRISFSASH	PRKG1;PRKG2	hprd;pelm;psite	571
ENSP00000370151	RAD17	633	SLGEPTQATVP		psite	772
ENSP00000370151	RAD17	646	WSLPLSQNSAS	ATM;ATR	hprd;pelm;psite	772
ENSP00000370151	RAD17	656	SELPASQPQPF	ATM;ATR	hprd;pelm;psite	772
ENSP00000264926	RAD18	368	KIAGMSQKTVT		psite	450
ENSP00000264926	RAD18	403	VTNHFSQSKLD	ATM	hprd;pelm;psite	450
ENSP00000265335	RAD50	635	FDVCGSQDFES	ATM	hprd;pelm;psite	953
ENSP00000351284	RAD52	318	FLAGVTQELIK		hprd;pelm;psite	689
ENSP00000311360	RAD9A	272	DTDSHSQDLGS	ATM	hprd;pelm;psite	492
ENSP00000308620	RAG2	365	TTFTNSQTSTE	PRKDC	psite	906
ENSP00000317636	RECQL5	461	TCIGPSQGNGF		psite	659
ENSP00000351697	REV3L	470	LSLVMSQRWDS		hprd;psite	521
ENSP00000363021	RPA2	21	GAGGYTQSPGG	ATM;ATR;PRKDC	hprd;pelm;psite	993
ENSP00000363021	RPA2	33	GSPAPSQAEKK	ATR;PRKDC	hprd;pelm;psite	993
ENSP00000363021	RPA2	52	VPCTISQLLSA	ATR	psite	993
ENSP00000363021	RPA2	72	GNVEISQVTIV	ATR	psite	993
ENSP00000363021	RPA2	174	LSKANSQPSAG	ATR	psite	993
ENSP00000261424	RFC1	29	NEKTKSDEETL		psite	415
ENSP00000261424	RFC1	69	RIIYDSDSESE		hprd;pelm;psite	415
ENSP00000261424	RFC1	110	TYISETDEEDD		hprd;pelm;psite	415
ENSP00000261424	RFC1	190	KRKELSQNTDE		hprd;pelm;psite	415
ENSP00000261424	RFC1	1103	LNEDDSQSDEK		hprd;pelm;psite	415
ENSP00000369411	RFC3	125	QLETNSQRDFK		hprd;pelm;psite	473
ENSP00000349959	RICTOR	21	RGRNDSGEENV		hprd;pelm;psite	482
ENSP00000349959	RICTOR	1135	RIRTLTEPSVD	AKT1;RPS6KB1;RPS6KB2;SGK1	psite	482
ENSP00000349959	RICTOR	1217	HMKIRSQSFNT		psite	482
ENSP00000320898	RNF168	134	AERRASEEEEN		psite	430
ENSP00000320898	RNF168	426	TEINFTQKLID		psite	430
ENSP00000320898	RNF168	558	LQPSISQKSVF		psite	430
ENSP00000254719	RPA1	180	HTSGGTQSKVV		hprd;pelm;psite	761
ENSP00000254719	RPA1	207	RVTNKSQIRTW		psite	761
ENSP00000254719	RPA1	483	YQACPTQDCNK		psite	761
ENSP00000311430	RPL4	339	TMRRNTILRQA		psite	583
ENSP00000265636	PPP6R3	315	RGRLGSFHELL		psite	660
ENSP00000265636	PPP6R3	537	FDDGGSDEEDI		hprd;pelm;psite	660
ENSP00000265636	PPP6R3	554	AFTPESQRRSS		hprd;pelm;psite	660
ENSP00000414202	PPP6R1	531	HLHSSSDDEDD		hprd;psite	929
ENSP00000414202	PPP6R1	638	QGSGESDGEDG		hprd;pelm;psite	929
ENSP00000414202	PPP6R1	668	RSGGSTDSEDE		hprd;pelm;psite	929
ENSP00000414202	PPP6R1	770	ALQLRSQDPTP		psite	929
ENSP00000379093	PPP6R2	269	CLVSGTQVLLT		psite	930
ENSP00000344936	PTTG1	39	ALDGRSQVSTP		psite	871
ENSP00000263753	SGOL1	433	TTPPETQQSPH		hprd;pelm;psite	619
ENSP00000263753	SGOL1	459	KIRRLSLSPKK		hprd;psite	619
ENSP00000349823	SMARCAL1	173	AKPKSSQETPA		psite	901
ENSP00000349823	SMARCAL1	652	KSDVLSQLPAK		psite	901
ENSP00000329357	SP1	36	GGGAFSQARSS		psite	934
ENSP00000329357	SP1	56	GGGQESQPSPL	ATM	hprd;pelm;psite	934
ENSP00000329357	SP1	101	TATQLSQGANG	ATM;ATR	psite	934
ENSP00000350941	SRC	12	KPKDASQRRRS	PRKCA;PRKCD	hprd;pelm;psite	851
ENSP00000350941	SRC	17	SQRRRSLEPAE	PRKACA	hprd;pelm;psite	851
ENSP00000350941	SRC	35	GAFPASQTPSK		psite	851
ENSP00000265354	SRF	159	KLRRYTTFSKR	DMPK;PRKACA;PRKCA;PRKG1	pelm;psite	943
ENSP00000265354	SRF	435	VLNAFSQAPST	PRKDC	hprd;pelm;psite	943
ENSP00000265354	SRF	446	MQVSHSQVQEP	PRKDC	hprd;pelm;psite	943
ENSP00000262319	TELO2	491	DSDLDSDDEFV	CSNK2A1	psite	948
ENSP00000253024	TRIM28	440	QGSGSSQPMEV		hprd;pelm;psite	810
ENSP00000253024	TRIM28	501	DLTADSQPPVF		hprd;pelm;psite	810
ENSP00000253024	TRIM28	824	GAGLSSQELSG	ATM	hprd;pelm;psite	810
ENSP00000354522	TOP1	10	HLHNDSQIEAD	CSNK2A1	hprd;pelm;psite	748
ENSP00000411532	TOP2A	1106	EENEESDNEKE		hprd;pelm;psite	540
ENSP00000411532	TOP2A	1205	AKGKKTQMAEV		hprd;psite	540
ENSP00000411532	TOP2A	1295	KRNPWSDSESD		hprd;pelm;psite	540
ENSP00000411532	TOP2A	1343	DFDEKTDDEDF	CSNK2A1;PLK1;PLK3;PRKCB	hprd;pelm;psite	540
ENSP00000411532	TOP2A	1377	QKSVVSDLEAD	CSNK2A1	hprd;pelm;psite	540
ENSP00000411532	TOP2A	1452	LNSGVSQKPDP		hprd;pelm;psite	540
ENSP00000411532	TOP2A	1469	RKRKPSTSDDS	CSNK2A1	hprd;pelm;psite	540
ENSP00000396704	TOP2B	1331	KRNPWSDDESK		hprd;pelm;psite	406
ENSP00000396704	TOP2B	1339	ESKSESDLEET		hprd;pelm;psite	406
ENSP00000396704	TOP2B	1436	LHDKKSQDFGN		hprd;psite	406
ENSP00000396704	TOP2B	1449	SFPSYSQKSED		hprd;pelm;psite	406
ENSP00000396704	TOP2B	1519	AVNSDSDSEFG		hprd;pelm;psite	406
ENSP00000396704	TOP2B	1608	KYFAESDEEED		hprd;pelm;psite	406
ENSP00000321636	TOP3A	971	RPRASSSDMGS		psite	422
ENSP00000260810	TOPBP1	301	SSTPTSQINTI		hprd;pelm;psite	538
ENSP00000260810	TOPBP1	492	DEDLLSQYENG	ATM	hprd;pelm;psite	538
ENSP00000260810	TOPBP1	554	EEGLFSQKSFL	ATM	hprd;psite	538
ENSP00000260810	TOPBP1	853	TPGRPSQQKRK	ATM	hprd;psite	538
ENSP00000260810	TOPBP1	1062	SKGVLTQTLEM	ATM	hprd;pelm;psite	538
ENSP00000260810	TOPBP1	1138	VNTEPSQNEQI	ATM	hprd;pelm;psite	538
ENSP00000260810	TOPBP1	1159	RARLASNLQWP	AKT1	psite	538
ENSP00000260810	TOPBP1	1504	LGTGLSQKRKA		psite	538
ENSP00000276603	TERF1	219	LLMIISQKDTF	ATM	hprd;pelm;psite	962
ENSP00000276603	TERF1	273	RTRTITSQDKP	AKT1	psite	962
ENSP00000276603	TERF1	367	IPVSKSQPVTP		psite	962
ENSP00000219476	TSC2	939	RARSTSLNERP	AKT1	hprd;pelm;psite	466
ENSP00000219476	TSC2	981	RCRSISVSEHV	AKT1	hprd;pelm;psite	466
ENSP00000219476	TSC2	1130	RDRVRSMSGGH		hprd;psite	466
ENSP00000219476	TSC2	1132	RVRSMSGGHGL		hprd;pelm;psite	466
ENSP00000219476	TSC2	1341	SSSVSSQEEKS		hprd;pelm;psite	466
ENSP00000219476	TSC2	1379	LSFQPSQPLSK		psite	466
ENSP00000219476	TSC2	1418	EVKARSQSGTL		hprd;pelm;psite	466
ENSP00000219476	TSC2	1462	RPRGYTISDSA	AKT1	hprd;pelm;psite	466
ENSP00000219476	TSC2	1798	RKRLISSVEDF	RPS6KA1	hprd;pelm;psite	466
ENSP00000362546	TTI1	962	AGSLVTQAPIS		hprd;psite	942
ENSP00000312042	HDLBP	8	SVAVLTQESFA	CHEK1	psite	619
ENSP00000312042	HDLBP	645	RSRILSIQKDL		psite	619
ENSP00000298139	WRN	409	ILEQQSQEEYL		psite	981
ENSP00000298139	WRN	1058	KANTESQSLIL		hprd;pelm;psite	981
ENSP00000298139	WRN	1141	KAYSSSQPVIS	ATM	hprd;pelm;psite	981
ENSP00000364270	XPA	173	KNPHHSQWGDM	ATM;ATR;PRKDC	hprd;psite	985
ENSP00000364270	XPA	196	LEVWGSQEALE	ATM;ATR;PRKDC	hprd;pelm;psite	985
ENSP00000285021	XPC	61	RKRGCSHPGGS		psite	428
ENSP00000285021	XPC	351	SSETSSQVLEN		hprd;pelm;psite	428
ENSP00000285021	XPC	884	GGGLSSDEEEG		hprd;pelm;psite	428
ENSP00000285021	XPC	892	EEGTSSQAEAA		hprd;pelm;psite	428
ENSP00000347978	ERCC5	217	TKRRRTLFEAM		psite	412
ENSP00000347978	ERCC5	563	SSLLSSDDETK		hprd;pelm;psite	412
ENSP00000262887	XRCC1	371	NTPKYSQVLGL	PRKDC	psite	694
ENSP00000262887	XRCC1	440	TKTKPTQAAGP		hprd;psite	694
ENSP00000262887	XRCC1	523	STDENTDSEEH	CSNK2A1;CSNK2A2	hprd;pelm;psite	694
ENSP00000352271	XRCC2	247	SKQDDSQSSNQ		hprd;pelm;psite	505
ENSP00000343392	XRCC3	225	RCEFDSQASAP		hprd;pelm;psite	543
ENSP00000342011	XRCC4	233	VYDESTDEESE	CSNK2A1	psite	999
ENSP00000231509	NR3C1	509	ATTGVSQETSE	PRKDC	hprd;pelm	934
ENSP00000263274	LIG1	88	PALDCSQVSPP		hprd;pelm	430
ENSP00000340691	EIF4EBP1	8	GGSSCSQTPSR	ATM	pelm	496
ENSP00000298139	WRN	1292	IGMHLSQAVKA	ATM	hprd;pelm	981
ENSP00000349393	LIG4	199	LKLGVSQQTIF	ATM	pelm	999
ENSP00000216714	APEX1	123	YWSAPSDKEGY	CSNK2A1	hprd	855
ENSP00000350283	BRCA1	1394	SDILTTQQRDT	ATR	hprd	873
ENSP00000335153	HSP90AA1	127	LMPEETQTQDQ	PRKDC	hprd	930
ENSP00000335153	HSP90AA1	129	PEETQTQDQPM	PRKDC	hprd	930
ENSP00000361423	ABL1	934	AGGKPSQSPSQ		hprd	940
ENSP00000287647	FANCD2	1401	GEEIKSQNSQE		hprd	430
ENSP00000304592	FASN	1594	PGKWTSQDSLL		hprd	591
ENSP00000355922	CENPF	2764	SLKATTQILEE		hprd	477
ENSP00000234296	ORC2	177	VPRSHSDSESE		hprd	800
ENSP00000265433	NBN	493	SLLEQTQPATP		hprd	603
ENSP00000265335	RAD50	536	HTTTRTQMEML		hprd	953
ENSP00000367527	DCLRE1C	91	EIETPTQISLV	ATM	hprd	998
ENSP00000367527	DCLRE1C	562	TVLLSSQERNS	ATM	hprd	998
ENSP00000367527	DCLRE1C	251	TTDRNTQIHAC	ATM	hprd	998
ENSP00000311873	EXO1	700	CSSKDSDSEES		hprd	496
ENSP00000362298	SGPL1	559	TVTQGSQMNGS		hprd	856
ENSP00000323099	ATRIP	307	RQRSNTQGSIL		hprd	720
ENSP00000265636	PPP6R3	745	GKLSTSQDAAC		hprd	660
ENSP00000365588	MDC1	1225	TSEPTSQATRG		hprd	929
ENSP00000373060	MDC1	1225	TSEPTSQATRG		hprd	971
ENSP00000387429	MDC1	1225	TSEPTSQATRG		hprd	942
ENSP00000404318	MDC1	1225	TSEPTSQATRG		hprd	931
ENSP00000409167	MDC1	1225	TSEPTSQATRG		hprd	929
