name	PRKD1
id	ENSP00000333568
type	Serine/threonine kinase
proline+1_removed	Yes
npartners	73
npartners_with_sites	62
nsites	196
//
motif	score	fg_matches	fg_size	bg_matches	bg_size	fold_increase
L.R..[ST].P...	324.71	13	701	2	9383	87
..RR.[ST].....	315.89	21	688	18	9381	15.91
..R..[ST].....	307.65	101	667	463	9363	3.06
...R.[ST].....	7.94	58	566	404	8900	2.26
//
prot_id	prot_name	position	flank	kinase	source	string_score
ENSP00000300161	YWHAB	60	GARRSSWRVIS	PRKCD	hprd;pelm;psite	408
ENSP00000309503	YWHAZ	58	GARRSSWRVVS	AKT1;MAPKAPK2;PRKACA	hprd;pelm;psite	619
ENSP00000309503	YWHAZ	63	SWRVVSSIEQK		psite	619
ENSP00000361423	ABL1	69	AARWNSKENLL		hprd;psite	769
ENSP00000361423	ABL1	197	HYRINTASDGK	LATS2	psite	769
ENSP00000361423	ABL1	408	LSRLMTGDTYT		psite	769
ENSP00000361423	ABL1	554	TKTRTSRRAAE		psite	769
ENSP00000361423	ABL1	638	PPKRSSSFREM	PAK2	psite	769
ENSP00000361423	ABL1	639	PKRSSSFREMD		hprd;psite	769
ENSP00000361423	ABL1	719	SSRLATGEEEG		psite	769
ENSP00000361423	ABL1	737	FLRSCSASCVP		hprd;psite	769
ENSP00000361423	ABL1	754	EWRSVTLPRDL	CLK1;CLK4;MAP3K8;STK3;STK4;TTK	hprd;pelm;psite	769
ENSP00000361423	ABL1	842	LRRQVTVAPAS		psite	769
ENSP00000361423	ABL1	16	DQRRPSLPALH		psite	769
ENSP00000368924	TFAP2A	219	VPGRLSLLSST		psite	809
ENSP00000368924	TFAP2A	258	LRRAKSKNGGR	PRKD1	psite	809
ENSP00000368924	TFAP2A	326	LNRQHSDPNEQ	PRKD1	psite	809
ENSP00000308176	BTK	51	RGRRGSKKGSI		psite	646
ENSP00000308176	BTK	184	SSHRKTKKPLP		psite	646
ENSP00000308176	BTK	495	RHRFQTQQLLE		psite	646
ENSP00000308176	BTK	602	PYERFTNSETA		psite	646
ENSP00000306522	CAMTA1	1138	DRRAISIPDSL		psite	627
ENSP00000011653	CD4	433	QAERMSQIKRL	PRKCA	pelm;psite	827
ENSP00000011653	CD4	440	IKRLLSEKKTC	PRKCA	psite	827
ENSP00000261769	CDH1	211	IIERETGWLKV		psite	936
ENSP00000265846	ADAP1	87	RARFESKVPSF	PRKCA;PRKCE	hprd;psite	619
ENSP00000265846	ADAP1	276	RKRWFTMDDRR	PRKCA;PRKCE	hprd;psite	619
ENSP00000369862	COL4A3BP	260	LRRHGSMVSLV	CSNK1G2;PRKD1	hprd;psite	886
ENSP00000369862	COL4A3BP	505	YSRSSSMSSID		hprd;pelm;psite	886
ENSP00000369862	COL4A3BP	738	FLKRFTSYVQE		psite	886
ENSP00000229251	COPS7A	255	NQRQPSKKASK		psite	600
ENSP00000301843	CTTN	282	SERQDSAAVGF		hprd;psite	859
ENSP00000301843	CTTN	399	QARAKTQTPPV		hprd;pelm;psite	859
ENSP00000301843	CTTN	417	EERLPSSPVYE		hprd;pelm;psite	859
ENSP00000387699	CREB1	98	LKRLFSGTQIS	PRKD1	psite	826
ENSP00000387699	CREB1	133	LSRRPSYRKIL	ATM;CAMK4;CAMKK1;DYRK3;MAP3K8;MAPKAPK2;PRKACA;PRKCE;PRKD1;RPS6KA1;RPS6KA2;RPS6KA3;RPS6KA4;RPS6KA5;SGK1;TSSK4	hprd;pelm;psite	826
ENSP00000276297	DLC1	733	MVRKRSVSNST		psite	814
ENSP00000276297	DLC1	842	NWRTGSFHGPG		psite	814
ENSP00000276297	DLC1	986	PERRDSGVGAS		hprd;psite	814
ENSP00000276297	DLC1	1244	LKRENSSPRVM	PRKD1	psite	814
ENSP00000362014	DNM1	776	GRRSPTSSPTP		hprd;pelm;psite	407
ENSP00000362014	DNM1	795	PARPGSRGPAP	PRKCA	hprd;psite	407
ENSP00000275493	EGFR	151	GAVRFSNNPAL		psite	676
ENSP00000275493	EGFR	678	IVRKRTLRRLL	PKN1;PKN3;PRKCA;PRKCD	hprd;pelm;psite	676
ENSP00000275493	EGFR	1070	FLQRYSSDPTG	CAMK2G	hprd;pelm;psite	676
ENSP00000275493	EGFR	1071	LQRYSSDPTGA	CAMK2G	hprd;pelm;psite	676
ENSP00000339007	GRB2	88	FLIRESESAPG		psite	916
ENSP00000264606	HDAC4	265	VAERRSSPLLR		hprd;psite	413
ENSP00000264606	HDAC4	339	VAREGSAAPLP		psite	413
ENSP00000264606	HDAC4	467	LGRTQSAPLPQ	CAMK4;CAMKK1	hprd;pelm;psite	413
ENSP00000264606	HDAC4	632	LSRAQSSPASA	CAMK4;CAMKK1	hprd;pelm;psite	413
ENSP00000225983	HDAC5	279	VAERRSSPLLR	AURKB	psite	980
ENSP00000225983	HDAC5	499	LSRTQSSPLPQ	CAMK1;CAMK4;CAMKK1;PRKAA1;PRKAA2;PRKD1;PRKD2;PRKD3	hprd;pelm;psite	980
ENSP00000225983	HDAC5	547	LPRQPTTHPEE		psite	980
ENSP00000225983	HDAC5	662	LGRTQSSPAAP		psite	980
ENSP00000080059	HDAC7	220	LLRKESAPPSL	PRKD1	hprd;psite	920
ENSP00000080059	HDAC7	397	LSRTRSEPLPP	PRKD1	hprd;pelm;psite	920
ENSP00000080059	HDAC7	521	GHRPLSRAQSS		psite	920
ENSP00000080059	HDAC7	525	LSRAQSSPAAP	PRKD1	hprd;pelm;psite	920
ENSP00000080059	HDAC7	546	QARVLSSSETP		psite	920
ENSP00000408617	HDAC9	242	VAERRSSPLLR		psite	462
ENSP00000408617	HDAC9	454	LNRTQSAPLPQ	CAMK1	psite	462
ENSP00000263734	EPAS1	12	KKRSSSERRKE		psite	619
ENSP00000380066	MAP4K1	171	LARRLSFIGTP	PRKD1	pelm;psite	423
ENSP00000380066	MAP4K1	320	PRRIRSTHRSS		psite	423
ENSP00000380066	MAP4K1	325	STHRSSSLGIP		psite	423
ENSP00000380066	MAP4K1	326	THRSSSLGIPD		psite	423
ENSP00000380066	MAP4K1	407	KFRSPSDEGPG	MAP4K1	hprd;pelm;psite	423
ENSP00000380066	MAP4K1	430	LVRCASGPPPN		psite	423
ENSP00000248553	HSPB1	15	LLRGPSWDPFR	MAPKAPK2;PRKG1	hprd;pelm;psite	785
ENSP00000248553	HSPB1	78	YSRALSRQLSS	MAPKAPK2;PRKACA;PRKG1;RPS6KB2	hprd;pelm;psite	785
ENSP00000248553	HSPB1	82	LSRQLSSGVSE	AKT1;MAPKAPK2;PKD1;PRKACA;PRKD1;PRKG1;RPS6KB2	hprd;pelm;psite	785
ENSP00000248553	HSPB1	98	DRWRVSLDVNH		hprd;psite	785
ENSP00000248553	HSPB1	139	ISRCFTRKYTL		psite	785
ENSP00000248553	HSPB1	143	FTRKYTLPPGV	PRKACA;PRKG1	psite	785
ENSP00000268035	IGF1R	1278	GFREVSFYYSE		hprd;psite	960
ENSP00000268035	IGF1R	1321	LPDRHSGHKAE		psite	960
ENSP00000268035	IGF1R	1339	LVLRASFDERQ		hprd;pelm;psite	960
ENSP00000303830	INSR	361	ELRGCTVINGS		psite	647
ENSP00000303830	INSR	400	LKIRRSYALVS		hprd;pelm;psite	647
ENSP00000303830	INSR	1333	PLDRSSHCQRE		pelm;psite	647
ENSP00000303830	INSR	1375	NGRILTLPRSN	PRKCA	hprd;pelm;psite	647
ENSP00000304895	IRS1	268	EFRPRSKSQSS	IKBKB	hprd;pelm;psite	907
ENSP00000304895	IRS1	270	RPRSKSQSSSN	ATR;IKBKB;RPS6KB1	hprd;pelm;psite	907
ENSP00000304895	IRS1	303	GLTRRSRTESI		psite	907
ENSP00000304895	IRS1	305	TRRSRTESITA		psite	907
ENSP00000304895	IRS1	307	RSRTESITATS	IKBKB;PRKCD;RPS6KB1	hprd;pelm;psite	907
ENSP00000304895	IRS1	329	FRVRASSDGEG		psite	907
ENSP00000304895	IRS1	330	RVRASSDGEGT	CSNK2B	hprd;psite	907
ENSP00000304895	IRS1	341	MSRPASVDGSP	IKBKB	hprd;pelm;psite	907
ENSP00000304895	IRS1	362	HRHRGSARLHP		psite	907
ENSP00000304895	IRS1	441	CDFRSSFRSVT	PRKCB;PRKCD;PRKCZ	psite	907
ENSP00000304895	IRS1	527	RKRTHSAGTSP	IKBKB;RPS6KB1	hprd;pelm;psite	907
ENSP00000304895	IRS1	574	PGHRHSAFVPT	PRKCD	hprd;pelm;psite	907
ENSP00000304895	IRS1	603	HHRPDSSTLHT		psite	907
ENSP00000304895	IRS1	629	SGRKGSGDYMP	AKT1	hprd;pelm;psite	907
ENSP00000304895	IRS1	1100	CRRRHSSETFS		hprd;psite	907
ENSP00000304895	IRS1	1101	RRRHSSETFSS	PRKCQ;RPS6KA1;RPS6KB1	hprd;pelm;psite	907
ENSP00000304895	IRS1	1142	DVKRHSSASFE		psite	907
ENSP00000304895	IRS1	1143	VKRHSSASFEN		hprd;psite	907
ENSP00000304895	IRS1	1222	SSTRRSSEDLS		pelm;psite	907
ENSP00000304895	IRS1	1223	STRRSSEDLSA		hprd;pelm;psite	907
ENSP00000256707	KIDINS220	882	ADRRVSQNSLG		psite	966
ENSP00000256707	KIDINS220	914	MQRTITRQMSF		psite	966
ENSP00000256707	KIDINS220	918	ITRQMSFDLTK	PRKD1	hprd;psite	966
ENSP00000256707	KIDINS220	1163	LISRPSVKTSL		psite	966
ENSP00000256707	KIDINS220	1309	PARRASHNELP		psite	966
ENSP00000256707	KIDINS220	1359	TRRTPSLSSLN		hprd;psite	966
ENSP00000256707	KIDINS220	1681	LNRTPSTVTLN		psite	966
ENSP00000256707	KIDINS220	1716	VILRPSSSPNP		hprd;psite	966
ENSP00000321746	PDLIM5	208	VPRQPTVTSVC		psite	810
ENSP00000321746	PDLIM5	228	GQRRGSQGDSK		hprd;psite	810
ENSP00000321746	PDLIM5	248	IVERYTEFYHV		psite	810
ENSP00000263847	OSBP	129	AEMRHTCRGTI		psite	859
ENSP00000263847	OSBP	174	RQRWVTALELA		psite	859
ENSP00000263847	OSBP	240	LQRSLSELESL	PRKD1	hprd;pelm;psite	859
ENSP00000263847	OSBP	269	LFRITSNAMIN		psite	859
ENSP00000263847	OSBP	379	HKRTGSNISGA		hprd;pelm;psite	859
ENSP00000269305	TP53	183	HHERCSDSDGL	AURKB	psite	648
ENSP00000269305	TP53	211	LDDRNTFRHSV	AURKB	psite	648
ENSP00000269305	TP53	215	NTFRHSVVVPY	AURKA;AURKB	pelm;psite	648
ENSP00000269305	TP53	269	LLGRNSFEVRV	AURKB;DAPK1	psite	648
ENSP00000269305	TP53	284	GRDRRTEEENL	AURKB	psite	648
ENSP00000269305	TP53	366	GSRAHSSHLKS	CHEK2	hprd;psite	648
ENSP00000262039	PIK3C3	164	TPGRTSSTLSE		psite	800
ENSP00000262039	PIK3C3	165	PGRTSSTLSED		psite	800
ENSP00000306124	PRKCE	181	YLRQPTYCSHC		psite	947
ENSP00000306124	PRKCE	346	EDRSKSAPTSP	GSK3B	hprd;psite	947
ENSP00000329127	PRKCH	28	QPTRWSLRHSL	PRKCH	psite	676
ENSP00000329127	PRKCH	32	WSLRHSLFKKG	PRKCH	psite	676
ENSP00000329127	PRKCH	183	YLRQPTYCSHC		psite	676
ENSP00000329127	PRKCH	675	EFRNFSYVSPE		psite	676
ENSP00000244007	PLCG1	981	CYRDMSSFPET		psite	647
ENSP00000244007	PLCG1	1234	LRERGSDASGQ		hprd;pelm;psite	647
ENSP00000244007	PLCG1	1249	RAREGSFESRY	AKT1;PRKACA;PRKCA;PRKD1	hprd;pelm;psite	647
ENSP00000244007	PLCG1	1264	EDFRISQEHLA		hprd;pelm;psite	647
ENSP00000352336	PLCG2	160	QTRRNSISLRE		psite	621
ENSP00000352336	PLCG2	677	RKREGSDSYAI		psite	621
ENSP00000352336	PLCG2	1259	REKRVSNSKFY		psite	621
ENSP00000234313	PLEK	113	KFARKSTRRSI	PRKCA	hprd;pelm;psite	563
ENSP00000234313	PLEK	114	FARKSTRRSIR		hprd;pelm;psite	563
ENSP00000234313	PLEK	117	KSTRRSIRLPE	PRKCA	hprd;pelm;psite	563
ENSP00000262304	PKD1	2164	VLMRRSQRNYL		psite	611
ENSP00000262304	PKD1	2320	FGPRGSSTVTI		hprd;psite	611
ENSP00000262304	PKD1	2321	GPRGSSTVTIP		hprd;psite	611
ENSP00000262304	PKD1	4166	LPSRSSRGSKV	PRKX	psite	611
ENSP00000262304	PKD1	4169	RSSRGSKVSPD		psite	611
ENSP00000262304	PKD1	4252	QGRRSSRAPAG	PRKACA	psite	611
ENSP00000237596	PKD2	254	YTRMMSQLFLD		hprd;pelm;psite	829
ENSP00000237596	PKD2	801	LPRPMSSRSFP	PRKD2	psite	829
ENSP00000237596	PKD2	829	SRRRGSISSGV		psite	829
ENSP00000301242	PPP1R14A	12	GKRVLSKLQSP	DAPK3	pelm;psite	635
ENSP00000301242	PPP1R14A	38	RHARVTVKYDR	DAPK3;ILK;PKD1;PRKACA;PRKCA;PRKCD;PRKCE;PRKCZ;PRKD1;PRKG1;ROCK2	hprd;pelm;psite	635
ENSP00000310406	RIN1	291	LLRRESSVGYR		psite	848
ENSP00000310406	RIN1	292	LRRESSVGYRV	PRKD1;PRKD2	psite	848
ENSP00000310406	RIN1	351	LLRSMSAAFCS	PKD1;PRKD1	hprd;pelm;psite	848
ENSP00000310406	RIN1	377	MQDRHTAAGQL		psite	848
ENSP00000310406	RIN1	609	QELRRSLSLWE		hprd;pelm;psite	848
ENSP00000310406	RIN1	611	LRRSLSLWEQR		psite	848
ENSP00000272430	RTKN	106	TSRRPSDSGPP		hprd;psite	808
ENSP00000272430	RTKN	232	RRVRASLDSAG		hprd;pelm;psite	808
ENSP00000272430	RTKN	518	WGRPRTFSLDA		pelm;psite	808
ENSP00000272430	RTKN	520	RPRTFSLDAVP		pelm;psite	808
ENSP00000401303	SHC1	139	WTRHGSFVNKP	PRKCA	hprd;pelm;psite	899
ENSP00000384675	SOS1	1043	PGVRPSNPRPG		pelm;psite	904
ENSP00000384675	SOS1	1134	GPRSASVSSIS		hprd;pelm;psite	904
ENSP00000384675	SOS1	1161	RRRPESAPAES		psite	904
ENSP00000384675	SOS1	1197	YSPRYSISDRT	MAPK1	hprd;pelm;psite	904
ENSP00000245222	SPHK2	399	LPRAKSELTLT		psite	854
ENSP00000245222	SPHK2	421	LHRSVSDLPLP	PRKD1	psite	854
ENSP00000350941	SRC	17	SQRRRSLEPAE	PRKACA	hprd;pelm;psite	762
ENSP00000350941	SRC	51	GHRGPSAAFAP		psite	762
ENSP00000350941	SRC	269	EIPRESLRLEV		psite	762
ENSP00000315713	SSH1	402	VSRSASTVIAY	PRKD1	psite	919
ENSP00000315713	SSH1	441	FMRQLSEYEGI		psite	919
ENSP00000315713	SSH1	462	LWRQQTDSSLQ		psite	919
ENSP00000315713	SSH1	515	CFRRLSDPLLP		hprd;psite	919
ENSP00000315713	SSH1	834	LERLKSVPADP		psite	919
ENSP00000315713	SSH1	936	NLTRSSSSDSI		psite	919
ENSP00000315713	SSH1	937	LTRSSSSDSIH	PRKD1;PRKD2	hprd;pelm;psite	919
ENSP00000315713	SSH1	978	LKRSHSLAKLG	PRKD1;PRKD2	pelm;psite	919
ENSP00000364898	SYK	178	ISREESEQIVL		psite	641
ENSP00000364898	SYK	295	ISRIKSYSFPK	CHEK1	psite	641
ENSP00000341838	TNNI3	23	PIRRRSSNYRA	PRKACA;PRKCA;PRKCD	hprd;pelm;psite	877
ENSP00000341838	TNNI3	24	IRRRSSNYRAY	PRKACA;PRKCA;PRKCD	hprd;pelm;psite	877
ENSP00000341838	TNNI3	77	KGRALSTRCQP	PRKCA	hprd;psite	877
ENSP00000341838	TNNI3	143	KFKRPTLRRVR	PRKCA;PRKCD;STK4	hprd;pelm;psite	877
ENSP00000341838	TNNI3	150	RRVRISADAMM	PAK3;PRKAA1	pelm;psite	877
ENSP00000248553	HSPB1	91	SEIRHTADRWR		pelm	785
ENSP00000300161	YWHAB	132	YFRYLSEVASG	PRKCZ	hprd;pelm	408
ENSP00000310406	RIN1	251	KVRVSTETSSP		hprd;pelm	848
ENSP00000306124	PRKCE	380	EHRAASSPDGQ		hprd	947
ENSP00000276297	DLC1	764	VTRTRSLSACN	AKT1	hprd	814
ENSP00000276297	DLC1	766	RTRSLSACNKR	AKT1	hprd	814
ENSP00000276297	DLC1	1004	RLRWHSFQSSH	AKT1	hprd	814
ENSP00000321746	PDLIM5	377	STGRISNSATY		hprd	810
