name	PRKG2
id	ENSP00000264399
type	Serine/threonine kinase
proline+1_removed	Yes
npartners	35
npartners_with_sites	25
nsites	26
//
motif	score	fg_matches	fg_size	bg_matches	bg_size	fold_increase
..R..[ST].....	8.02	26	138	483	9383	3.66
//
prot_id	prot_name	position	flank	kinase	source	string_score
ENSP00000003084	CFTR	422	NNRKTSNGDDS		psite	600
ENSP00000003084	CFTR	660	AERRNSILTET	PRKACA;PRKCA;PRKG1	hprd;pelm;psite	600
ENSP00000003084	CFTR	700	EKRKNSILNPI	PRKACA	hprd;pelm;psite	600
ENSP00000003084	CFTR	712	SIRKFSIVQKT	PRKACA	pelm;psite	600
ENSP00000003084	CFTR	737	LERRLSLVPDS	LMTK2;PRKAA1;PRKACA;PRKCA	hprd;pelm;psite	600
ENSP00000003084	CFTR	768	ARRRQSVLNLM	PRKAA1;PRKACA	hprd;pelm;psite	600
ENSP00000003084	CFTR	795	STRKVSLAPQA	PRKACA;PRKCA	hprd;pelm;psite	600
ENSP00000003084	CFTR	813	YSRRLSQETGL	PRKACA;PRKCA	hprd;pelm;psite	600
ENSP00000369889	COL2A1	536	GERGPSGLAGP		psite	463
ENSP00000282561	GJA1	296	GDRNNSSCRNY		psite	800
ENSP00000282561	GJA1	365	DQRPSSRASSR		hprd;psite	800
ENSP00000282561	GJA1	369	SSRASSRASSR		hprd;psite	800
ENSP00000282561	GJA1	373	SSRASSRPRPD		hprd;psite	800
ENSP00000286627	KCNMA1	934	MLRQPSITTGV		psite	899
ENSP00000325240	LASP1	146	PERRDSQDGSS	CDK7;PRKACA;PRKAR2B;PRKG1;PRKG2	hprd;pelm;psite	619
ENSP00000414598	MRVI1	385	LLRGLSWDSGP		hprd;psite	925
ENSP00000414598	MRVI1	688	PRRRVSVAVVP		psite	925
ENSP00000279230	PLCB3	1105	RKRHNSISEAK	PRKACA;PRKCA;PRKG1;PRKG2	hprd;pelm;psite	633
ENSP00000279230	PLCB3	1130	NRRHITESVNS		psite	633
ENSP00000280362	PTS	19	VSRRISFSASH	PRKG1;PRKG2	hprd;pelm;psite	960
ENSP00000353452	MYLK	1760	IGRLSSMAMIS	CAMK2G	hprd;pelm;psite	665
ENSP00000353452	MYLK	1773	SGRKSSTGSPT	PRKACA	hprd;psite	665
ENSP00000245479	SOX9	181	PRRRKSVKNGQ	PRKACA;ROCK1	pelm;psite	885
ENSP00000260600	ADCY3	1076	ASRMESTGVMG	CAMK2G	hprd;pelm	800
ENSP00000279230	PLCB3	26	TLRRGSKFIKW	PRKG1;PRKG2	hprd;pelm	633
ENSP00000353452	MYLK	1208	SRRPKSSLPPV	PAK2	hprd;pelm	665
