name	PRKG1
id	ENSP00000363092
type	Serine/threonine kinase
proline+1_removed	Yes
npartners	111
npartners_with_sites	89
nsites	202
//
motif	score	fg_matches	fg_size	bg_matches	bg_size	fold_increase
..RR.[ST].....	615.31	31	790	18	9383	20.46
..R..[ST].....	307.65	97	759	465	9365	2.57
...R.[ST].....	11.66	74	662	404	8900	2.46
//
prot_id	prot_name	position	flank	kinase	source	string_score
ENSP00000295897	ALB	107	ATLRETYGEMA		psite	486
ENSP00000357669	NPR1	532	AGSRLTLSGRG		hprd;pelm;psite	767
ENSP00000357669	NPR1	538	LSGRGSNYGSL		hprd;pelm;psite	767
ENSP00000357669	NPR1	809	FNRENSSNILD		psite	767
ENSP00000363708	BMPR2	586	EKNRNSINYER		hprd;psite	785
ENSP00000363708	BMPR2	757	PKRPTSLPLNT		hprd;pelm;psite	785
ENSP00000003084	CFTR	291	ENLRQTELKLT		hprd;psite	946
ENSP00000003084	CFTR	422	NNRKTSNGDDS		psite	946
ENSP00000003084	CFTR	660	AERRNSILTET	PRKACA;PRKCA;PRKG1	hprd;pelm;psite	946
ENSP00000003084	CFTR	700	EKRKNSILNPI	PRKACA	hprd;pelm;psite	946
ENSP00000003084	CFTR	712	SIRKFSIVQKT	PRKACA	pelm;psite	946
ENSP00000003084	CFTR	737	LERRLSLVPDS	LMTK2;PRKAA1;PRKACA;PRKCA	hprd;pelm;psite	946
ENSP00000003084	CFTR	753	ILPRISVISTG	PRKACA	pelm;psite	946
ENSP00000003084	CFTR	768	ARRRQSVLNLM	PRKAA1;PRKACA	hprd;pelm;psite	946
ENSP00000003084	CFTR	795	STRKVSLAPQA	PRKACA;PRKCA	hprd;pelm;psite	946
ENSP00000003084	CFTR	813	YSRRLSQETGL	PRKACA;PRKCA	hprd;pelm;psite	946
ENSP00000387699	CREB1	98	LKRLFSGTQIS	PRKD1	psite	942
ENSP00000387699	CREB1	133	LSRRPSYRKIL	ATM;CAMK4;CAMKK1;DYRK3;MAP3K8;MAPKAPK2;PRKACA;PRKCE;PRKD1;RPS6KA1;RPS6KA2;RPS6KA3;RPS6KA4;RPS6KA5;SGK1;TSSK4	hprd;pelm;psite	942
ENSP00000328521	CRIP2	114	GPSRASSVTTF		hprd;psite	929
ENSP00000328521	CRIP2	115	PSRASSVTTFT		hprd;pelm;psite	929
ENSP00000290374	GJD2	293	QAKRKSIYEIR		psite	803
ENSP00000282561	GJA1	296	GDRNNSSCRNY		psite	968
ENSP00000282561	GJA1	364	VDQRPSSRASS		psite	968
ENSP00000282561	GJA1	365	DQRPSSRASSR		hprd;psite	968
ENSP00000282561	GJA1	368	PSSRASSRASS	PRKCA;PRKCE	hprd;pelm;psite	968
ENSP00000282561	GJA1	369	SSRASSRASSR		hprd;psite	968
ENSP00000282561	GJA1	372	ASSRASSRPRP		psite	968
ENSP00000282561	GJA1	373	SSRASSRPRPD		hprd;psite	968
ENSP00000352312	DNAH8	183	HWKRMSAKFNY		psite	469
ENSP00000352312	DNAH8	4275	SILRSSLSDLK		psite	469
ENSP00000297494	NOS3	495	ITRKKTFKEVA	PRKACA;PRKCA;PRKG2	pelm;psite	611
ENSP00000297494	NOS3	615	KIRFNSISCSD	AKT1;PRKACA	pelm;psite	611
ENSP00000297494	NOS3	633	RKRKESSNTDS	PRKAA1;PRKACA;PRKG2	hprd;pelm;psite	611
ENSP00000297494	NOS3	1175	TSRIRTQSFSL		hprd;psite	611
ENSP00000297494	NOS3	1177	RIRTQSFSLQE	AKT1;PRKAA1;PRKACA;PRKG2	hprd;pelm;psite	611
ENSP00000258201	FHOD1	357	ERRKPSSEEGK		psite	919
ENSP00000258201	FHOD1	367	KRSRRSLEGGG		hprd;pelm;psite	919
ENSP00000258201	FHOD1	690	GEGRRTMTTVL		hprd;psite	919
ENSP00000258201	FHOD1	1010	RERNKTRGRMI		psite	919
ENSP00000258201	FHOD1	1131	RERKRSRGNRK	PRKG1;ROCK1	hprd;pelm;psite	919
ENSP00000258201	FHOD1	1137	RGNRKSLRRTL	ROCK1	psite	919
ENSP00000258201	FHOD1	1141	KSLRRTLKSGL	ROCK1	psite	919
ENSP00000306245	FOS	362	AHRKGSSSNEP	PRKACA;RPS6KA1;RPS6KA3	hprd;pelm;psite	857
ENSP00000368880	FOXO1	24	RPRSCTWPLPR	AKT1	hprd;pelm;psite	435
ENSP00000368880	FOXO1	256	RRRAASMDNNS	AKT1	hprd;pelm;psite	435
ENSP00000368880	FOXO1	319	RPRTSSNASTI	AKT1	hprd;pelm;psite	435
ENSP00000377192	G6PD	106	ARSRLTVADIR		psite	429
ENSP00000377192	G6PD	26	GRRRRSADSVM		hprd;psite	429
ENSP00000229239	GAPDH	83	QERDPSKIKWG		hprd;pelm;psite	803
ENSP00000229239	GAPDH	237	AFRVPTANVSV	AKT2	psite	803
ENSP00000340125	PPP1R17	25	LDPRCSHLDDL		psite	989
ENSP00000322542	GTF2I	103	QANRMSVDAVE		hprd;pelm;psite	932
ENSP00000322542	GTF2I	412	PFRRPSTYGIP	PRKG1	hprd;psite	932
ENSP00000322542	GTF2I	413	FRRPSTYGIPR		psite	932
ENSP00000322542	GTF2I	517	PFRSPSWYGIP		hprd;pelm;psite	932
ENSP00000322542	GTF2I	705	AVRTPTQTNGS		psite	932
ENSP00000322542	GTF2I	722	RGREFSFEAWN		psite	932
ENSP00000322542	GTF2I	784	PFRRPSTFGIP	PRKG1	hprd;psite	932
ENSP00000322542	GTF2I	785	FRRPSTFGIPR		psite	932
ENSP00000362649	HDAC1	434	GGRKNSSNFKK		psite	639
ENSP00000362649	HDAC1	445	AKRVKTEDEKE		psite	639
ENSP00000244289	LIPE	853	EPMRRSVSEAA	PRKACA;PRKG1	hprd;pelm;psite	825
ENSP00000244289	LIPE	855	MRRSVSEAALA	CAMK1;PRKAA1;PRKACA	hprd;pelm;psite	825
ENSP00000244289	LIPE	950	FHPRRSSQGAT	PRKACA	hprd;pelm;psite	825
ENSP00000244289	LIPE	951	HPRRSSQGATQ	PRKACA	hprd;pelm;psite	825
ENSP00000405934	ITPR1	704	LFWRDSNKEIR		hprd;psite	990
ENSP00000405934	ITPR1	1589	AARRDSVLAAS	PRKACA	hprd;pelm;psite	990
ENSP00000405934	ITPR1	1716	SGRRESLTSFG	PRKACA	hprd;pelm;psite	990
ENSP00000405934	ITPR1	2386	VYREETLLNVI		psite	990
ENSP00000405934	ITPR1	2642	RMRAMSLVSSD		psite	990
ENSP00000363435	ITPR3	916	KNVRRSIQGVG		hprd;pelm;psite	860
ENSP00000363435	ITPR3	934	LSRKQSVFSAP		hprd;pelm;psite	860
ENSP00000363435	ITPR3	1567	AQRNASSYKAT		psite	860
ENSP00000363435	ITPR3	1832	KGRVASFSIPG		hprd;pelm;psite	860
ENSP00000363435	ITPR3	1843	SSSRYSLGPSL		hprd;psite	860
ENSP00000363435	ITPR3	2609	RMRAMSLVSNE		hprd;psite	860
ENSP00000286627	KCNMA1	934	MLRQPSITTGV		psite	973
ENSP00000382770	KCNU1	649	ISSRISGQDSP		psite	800
ENSP00000265023	KNG1	326	FVARETTCSKE		hprd;psite	469
ENSP00000265023	KNG1	327	VARETTCSKES		hprd;psite	469
ENSP00000265023	KNG1	391	SPFRSSRIGEI		psite	469
ENSP00000325240	LASP1	146	PERRDSQDGSS	CDK7;PRKACA;PRKAR2B;PRKG1;PRKG2	hprd;pelm;psite	619
ENSP00000414598	MRVI1	385	LLRGLSWDSGP		hprd;psite	997
ENSP00000414598	MRVI1	688	PRRRVSVAVVP		psite	997
ENSP00000261207	PPP1R12A	443	LGLRKTGSYGA		hprd;pelm;psite	990
ENSP00000261207	PPP1R12A	472	VTRSASSPRLS	NUAK1	psite	990
ENSP00000261207	PPP1R12A	477	SSPRLSSSLDN		hprd;pelm;psite	990
ENSP00000261207	PPP1R12A	478	SPRLSSSLDNK		hprd;pelm;psite	990
ENSP00000261207	PPP1R12A	507	PRRLASTSDIE		hprd;pelm;psite	990
ENSP00000261207	PPP1R12A	525	SSLRTSSSYTR		psite	990
ENSP00000261207	PPP1R12A	668	RERRRSYLTPV		hprd;psite	990
ENSP00000261207	PPP1R12A	692	RQARQSRRSTQ		psite	990
ENSP00000261207	PPP1R12A	695	RQSRRSTQGVT		hprd;psite	990
ENSP00000261207	PPP1R12A	696	QSRRSTQGVTL	RAF1;ROCK1;ROCK2	hprd;pelm;psite	990
ENSP00000261207	PPP1R12A	716	IGRSRSTRTRE		psite	990
ENSP00000261207	PPP1R12A	717	GRSRSTRTREQ		psite	990
ENSP00000261207	PPP1R12A	802	LNRPNSLVGIT		psite	990
ENSP00000261207	PPP1R12A	852	REKRRSTGVSF	ROCK1	psite	990
ENSP00000261207	PPP1R12A	853	EKRRSTGVSFW	PRKCQ;ROCK1	hprd;psite	990
ENSP00000261207	PPP1R12A	892	ISRYETSSTSA		psite	990
ENSP00000261207	PPP1R12A	903	GDRYDSLLGRS		psite	990
ENSP00000261207	PPP1R12A	910	LGRSGSYSYLE	NUAK1	hprd;pelm;psite	990
ENSP00000261207	PPP1R12A	995	LERRISEMEEE		psite	990
ENSP00000378517	SPP1	303	LKFRISHELDS		hprd;psite	619
ENSP00000229794	MAPK14	175	GLARHTDDEMT		hprd;psite	906
ENSP00000269305	TP53	183	HHERCSDSDGL	AURKB	psite	836
ENSP00000269305	TP53	211	LDDRNTFRHSV	AURKB	psite	836
ENSP00000269305	TP53	215	NTFRHSVVVPY	AURKA;AURKB	pelm;psite	836
ENSP00000269305	TP53	269	LLGRNSFEVRV	AURKB;DAPK1	psite	836
ENSP00000269305	TP53	284	GRDRRTEEENL	AURKB	psite	836
ENSP00000269305	TP53	366	GSRAHSSHLKS	CHEK2	hprd;psite	836
ENSP00000270474	PDE4A	13	SERSLSLSLPG		psite	667
ENSP00000270474	PDE4A	145	SQRRESFLYRS	PRKACA	pelm;psite	667
ENSP00000270474	PDE4A	165	TMSRNSSVTSE		psite	667
ENSP00000270474	PDE4A	271	LNRELTHLSEM		psite	667
ENSP00000347046	PDE5A	102	PTRKISASEFD	PRKACA;PRKG1	hprd;pelm;psite	993
ENSP00000350132	PLN	16	AIRRASTIEMP	PRKACA	hprd;pelm;psite	896
ENSP00000350132	PLN	17	IRRASTIEMPQ	CAMK2A	hprd;pelm;psite	896
ENSP00000279230	PLCB3	474	KRHRPSAGGPD		psite	674
ENSP00000279230	PLCB3	1105	RKRHNSISEAK	PRKACA;PRKCA;PRKG1;PRKG2	hprd;pelm;psite	674
ENSP00000279230	PLCB3	1130	NRRHITESVNS		psite	674
ENSP00000343314	FXYD1	83	GTFRSSIRRLS	PRKACA	hprd;pelm;psite	812
ENSP00000326031	PPP1CA	336	TPPRNSAKAKK		psite	809
ENSP00000335084	PPP1CC	22	LEVRGSKPGKN		psite	808
ENSP00000301242	PPP1R14A	12	GKRVLSKLQSP	DAPK3	pelm;psite	885
ENSP00000301242	PPP1R14A	38	RHARVTVKYDR	DAPK3;ILK;PKD1;PRKACA;PRKCA;PRKCD;PRKCE;PRKCZ;PRKD1;PRKG1;ROCK2	hprd;pelm;psite	885
ENSP00000251849	RAF1	43	YQRRASDDGKL	PRKACA;PRKCA	hprd;pelm;psite	623
ENSP00000251849	RAF1	220	RRMRESVSRMP		psite	623
ENSP00000251849	RAF1	233	SQHRYSTPHAF	PRKACA	hprd;pelm;psite	623
ENSP00000251849	RAF1	257	SQRQRSTSTPN		hprd;pelm;psite	623
ENSP00000251849	RAF1	258	QRQRSTSTPNV		hprd;pelm;psite	623
ENSP00000251849	RAF1	259	RQRSTSTPNVH	AKT1;PRKACA;RAF1	hprd;pelm;psite	623
ENSP00000251849	RAF1	285	AIRSHSESASP		psite	623
ENSP00000251849	RAF1	338	RGQRDSSYYWE	MAP2K1;PAK1;PAK3;RAF1	hprd;pelm;psite	623
ENSP00000251849	RAF1	339	GQRDSSYYWEI	PAK1	hprd;pelm;psite	623
ENSP00000251849	RAF1	357	STRIGSGSFGT		psite	623
ENSP00000251849	RAF1	497	VKSRWSGSQQV		psite	623
ENSP00000251849	RAF1	621	INRSASEPSLH	PRKACA;RAF1	hprd;pelm;psite	623
ENSP00000254695	RAP1GAP2	9	RKRSVSFGGFG		hprd;psite	832
ENSP00000254695	RAP1GAP2	505	AIRVRSHSMET		psite	832
ENSP00000254695	RAP1GAP2	507	RVRSHSMETMV		psite	832
ENSP00000254695	RAP1GAP2	564	PIKRRSGLFPR		psite	832
ENSP00000254695	RAP1GAP2	572	FPRLHTGSEGQ		psite	832
ENSP00000254695	RAP1GAP2	586	RARCDSTSSTP		psite	832
ENSP00000235382	RGS2	46	WKTRLSYFLQN	PRKG1	hprd;pelm;psite	940
ENSP00000379156	MPRIP	265	KVRVESGYFSL		psite	657
ENSP00000379156	MPRIP	301	PNHRRSQVIEK		psite	657
ENSP00000379156	MPRIP	372	HRRAKSLDRRS		psite	657
ENSP00000379156	MPRIP	377	SLDRRSTEPSV		psite	657
ENSP00000379156	MPRIP	378	LDRRSTEPSVT		psite	657
ENSP00000379156	MPRIP	542	EGRSKTFDWAE		hprd;psite	657
ENSP00000379156	MPRIP	713	LGREQSAREGY		psite	657
ENSP00000379156	MPRIP	1016	NIRSKSLKEGL		psite	657
ENSP00000362744	RPS4X	32	FAPRPSTGPHK		psite	425
ENSP00000352608	RYR1	2843	KTRKISQSAQT	PRKACA	hprd;psite	724
ENSP00000379704	SEPT3	91	VSRKASSWNRE	PRKG1	hprd;psite	972
ENSP00000261707	SLC6A4	81	QGERETWGKKV		pelm;psite	824
ENSP00000366607	SF1	20	KKRKRSRWNQD	PRKG1	hprd;pelm;psite	920
ENSP00000406485	SMTNL1	354	PERRVSAPARP		psite	675
ENSP00000276449	STAR	56	QVRRRSSLLGS		psite	803
ENSP00000276449	STAR	57	VRRRSSLLGSR		psite	803
ENSP00000276449	STAR	195	AKRRGSTCVLA		psite	803
ENSP00000370571	TH	19	FRRAVSELDAK	CAMK2A;CAMK2G;MAPKAPK2	hprd;pelm;psite	448
ENSP00000370571	TH	71	IGRRQSLIEDA	CAMK2A;MAPKAPK2;PRKACA;RPS6KA3	hprd;pelm;psite	448
ENSP00000341838	TNNI3	23	PIRRRSSNYRA	PRKACA;PRKCA;PRKCD	hprd;pelm;psite	835
ENSP00000341838	TNNI3	24	IRRRSSNYRAY	PRKACA;PRKCA;PRKCD	hprd;pelm;psite	835
ENSP00000341838	TNNI3	77	KGRALSTRCQP	PRKCA	hprd;psite	835
ENSP00000341838	TNNI3	143	KFKRPTLRRVR	PRKCA;PRKCD;STK4	hprd;pelm;psite	835
ENSP00000341838	TNNI3	150	RRVRISADAMM	PAK3;PRKAA1	pelm;psite	835
ENSP00000394033	KCNK2	348	TRRRLSVEIYD		hprd;psite	824
ENSP00000394033	KCNK2	366	IKRKLSAELAG		psite	824
ENSP00000245932	VASP	157	IERRVSNAGGP	PRKACA;PRKCA;PRKG1	hprd;pelm;psite	979
ENSP00000245932	VASP	239	KLRKVSKQEEA	PRKACA;PRKG1	hprd;pelm;psite	979
ENSP00000245932	VASP	278	RRRKATQVGEK	PRKAA1;PRKACA;PRKG1;RPS6KA1	hprd;pelm;psite	979
ENSP00000245932	VASP	322	LPRMKSSSSVT		hprd;pelm;psite	979
ENSP00000224237	VIM	25	TASRPSSSRSY	PRKCA	hprd;pelm;psite	842
ENSP00000224237	VIM	26	ASRPSSSRSYV	PRKCA	hprd;pelm;psite	842
ENSP00000224237	VIM	39	STRTYSLGSAL	AKT1;MAPKAPK2;PRKACA;PRKCA	hprd;pelm;psite	842
ENSP00000224237	VIM	47	SALRPSTSRSL	PRKACA	hprd;pelm;psite	842
ENSP00000224237	VIM	48	ALRPSTSRSLY		hprd;pelm;psite	842
ENSP00000224237	VIM	66	YATRSSAVRLR	PAK2	hprd;pelm;psite	842
ENSP00000224237	VIM	72	AVRLRSSVPGV	PRKACA;ROCK1	hprd;pelm;psite	842
ENSP00000224237	VIM	73	VRLRSSVPGVR	AURKB;PAK2;PRKACA	hprd;pelm;psite	842
ENSP00000224237	VIM	412	EESRISLPLPN		hprd;pelm;psite	842
ENSP00000224237	VIM	426	LNLRETNLDSL		hprd;pelm;psite	842
ENSP00000211998	VCL	288	WLRDPSASPGD		hprd;psite	845
ENSP00000314709	ZHX2	713	VARKATKPMAE		psite	854
ENSP00000362649	HDAC1	406	PDKRISICSSD		hprd;pelm	639
ENSP00000260600	ADCY3	1076	ASRMESTGVMG	CAMK2G	hprd;pelm	800
ENSP00000328521	CRIP2	104	EERKASGPPKG	PRKG1	hprd;pelm	929
ENSP00000279230	PLCB3	26	TLRRGSKFIKW	PRKG1;PRKG2	hprd;pelm	674
ENSP00000270474	PDE4A	152	LYRSDSDYDMS		pelm	667
ENSP00000244289	LIPE	565	ATVRVSRLLSL		hprd	825
ENSP00000378517	SPP1	162	DGRGDSVVYGL	PRKCA	hprd	619
ENSP00000377192	G6PD	153	YQRLNSHMNAL		hprd	429
ENSP00000362744	RPS4X	247	KGIRLTIAEER		hprd	425
ENSP00000229794	MAPK14	298	SDKRITAAQAL		hprd	906
ENSP00000363708	BMPR2	513	WERNKSVSPTV		hprd	785
ENSP00000394033	KCNK2	315	WLRVISKKTKE		hprd	824
ENSP00000412673	GABRR1	440	SPQRKSQRSSY	MAPK1	hprd	626
ENSP00000412673	GABRR1	444	KSQRSSYVSMR	PRKCA	hprd	626
ENSP00000365550	GKAP1	39	GKGRNTGKSQT		hprd	934
