name	PRPF4B
id	ENSP00000337194
type	Serine/threonine kinase
proline+1_removed	No
npartners	51
npartners_with_sites	41
nsites	271
//
motif	score	fg_matches	fg_size	bg_matches	bg_size	fold_increase
R.RS.[ST]..R..	1230.61	20	924	0	10000	Inf
..R.R[ST].....	319.62	37	904	41	10000	9.98
.....[ST]D.E..	19.09	22	755	38	9346	7.17
.....[ST]P....	12.68	112	867	613	9959	2.1
..R..[ST].....	9.42	76	733	444	9308	2.17
//
prot_id	prot_name	position	flank	kinase	source	string_score
ENSP00000264157	CCNT2	426	GPISTTPGIIP		psite	491
ENSP00000264157	CCNT2	480	SSSVTSPIKMK		hprd;pelm;psite	491
ENSP00000264157	CCNT2	549	KSKHSSPHISR		hprd;psite	491
ENSP00000264157	CCNT2	601	PTVLRSPVGLS		hprd;psite	491
ENSP00000326830	CLK1	138	HRRKRTRSVED		hprd;pelm;psite	508
ENSP00000326830	CLK1	140	RKRTRSVEDDE		hprd;pelm;psite	508
ENSP00000240304	LUC7L3	238	KLRKRTEEPDR		hprd;psite	610
ENSP00000240304	LUC7L3	325	RERRRSRSRDR		psite	610
ENSP00000240304	LUC7L3	327	RRRSRSRDRRR		psite	610
ENSP00000240304	LUC7L3	333	RDRRRSRSHDR		hprd;pelm;psite	610
ENSP00000240304	LUC7L3	335	RRRSRSHDRSE		hprd;pelm;psite	610
ENSP00000240304	LUC7L3	347	KHRSRSRDRRR		psite	610
ENSP00000336741	DHX15	155	LVRHQSFVLVG		psite	459
ENSP00000336741	DHX15	324	VEIFYTPEPER		psite	459
ENSP00000346236	DDX46	42	DRRSRSRDRDR		psite	420
ENSP00000346236	DDX46	62	KRRSRSRDRKR		psite	420
ENSP00000346236	DDX46	79	RERDRSRERRR		hprd;pelm;psite	420
ENSP00000346236	DDX46	85	RERRRSRSRDR		psite	420
ENSP00000346236	DDX46	87	RRRSRSRDRRR		psite	420
ENSP00000346236	DDX46	591	RSVVCSDVEQQ		psite	420
ENSP00000346236	DDX46	804	LGLQDSDDEDA		hprd;pelm;psite	420
ENSP00000380414	DEK	13	AEGEGTPTQPA		hprd;pelm;psite	482
ENSP00000380414	DEK	32	GPREESEEEED		hprd;pelm;psite	482
ENSP00000380414	DEK	119	YNRPGTVSSLK		hprd;psite	482
ENSP00000380414	DEK	211	KERNSSGMARK		hprd;psite	482
ENSP00000380414	DEK	244	NKEESSDDEDK		hprd;pelm;psite	482
ENSP00000380414	DEK	307	ESEDSSDDEPL		hprd;pelm;psite	482
ENSP00000380414	DEK	321	LKKPPTDEELK		hprd;psite	482
ENSP00000358140	EIF3A	332	LSIPITPERTD		psite	540
ENSP00000358140	EIF3A	492	TSRTLSFGSDL		psite	540
ENSP00000358140	EIF3A	574	LARRQTIEERK		psite	540
ENSP00000358140	EIF3A	584	KERLESLNIQR		hprd;pelm;psite	540
ENSP00000358140	EIF3A	888	LSRKDSRWGDR		psite	540
ENSP00000358140	EIF3A	949	EDREPSLRPDD		psite	540
ENSP00000358140	EIF3A	1188	KAREESWGPPR		pelm;psite	540
ENSP00000359804	FUBP1	153	CMLTGTPESVQ		hprd;pelm;psite	419
ENSP00000359804	FUBP1	432	FTIRGTPQQID		psite	419
ENSP00000359804	FUBP1	630	YYAQTSPQGMP		hprd;pelm;psite	419
ENSP00000263773	FNBP4	18	PILQLSPPGPR		hprd;pelm;psite	403
ENSP00000263773	FNBP4	432	SVSGSSPRSDI		hprd;pelm;psite	403
ENSP00000263773	FNBP4	464	FVRATSPESTS		hprd;pelm;psite	403
ENSP00000263773	FNBP4	479	KTGRDTPENGE		hprd;psite	403
ENSP00000263773	FNBP4	499	KIDENSDKEME		hprd;pelm;psite	403
ENSP00000263773	FNBP4	508	MEVEESPEKIK		hprd;pelm;psite	403
ENSP00000263773	FNBP4	517	IKVQTTPKVEE		hprd;pelm;psite	403
ENSP00000263773	FNBP4	794	IKRKATEISTA		psite	403
ENSP00000363573	SRSF10	92	QGDRKTPNQMK		psite	479
ENSP00000363573	SRSF10	121	YRRSRSRSYER		hprd;psite	479
ENSP00000363573	SRSF10	123	RSRSRSYERRR		hprd;psite	479
ENSP00000363573	SRSF10	129	YERRRSRSRSF		hprd;pelm;psite	479
ENSP00000363573	SRSF10	131	RRRSRSRSFDY		hprd;pelm;psite	479
ENSP00000363573	SRSF10	133	RSRSRSFDYNY		hprd;pelm;psite	479
ENSP00000363573	SRSF10	143	YRRSYSPRNSR		hprd;psite	479
ENSP00000363573	SRSF10	158	PRRSRSHSDND		hprd;pelm;psite	479
ENSP00000363573	SRSF10	160	RSRSHSDNDRF		hprd;pelm;psite	479
ENSP00000363573	SRSF10	171	KHRNRSFSRSK		psite	479
ENSP00000363573	SRSF10	173	RNRSFSRSKSN		psite	479
ENSP00000363573	SRSF10	201	RSRSASHTKTR		psite	479
ENSP00000363573	SRSF10	249	RSRSKSRSRSW		hprd;pelm;psite	479
ENSP00000363573	SRSF10	253	KSRSRSWTSPK		hprd;psite	479
ENSP00000363573	SRSF10	255	RSRSWTSPKSS		hprd;psite	479
ENSP00000363573	SRSF10	256	SRSWTSPKSSG		hprd;psite	479
ENSP00000328992	PAXBP1	16	RKRNDSEEEER		hprd;pelm;psite	408
ENSP00000328992	PAXBP1	62	LGPGPSPPSAL		hprd;pelm;psite	408
ENSP00000328992	PAXBP1	262	DENDASDDEDD		hprd;pelm;psite	408
ENSP00000328992	PAXBP1	378	TVPFKTPSNEM		hprd;psite	408
ENSP00000328992	PAXBP1	558	LEGLSSDDEET		hprd;pelm;psite	408
ENSP00000302456	KLF13	43	AAVAATPTLPR		psite	919
ENSP00000302456	KLF13	268	GSRTGSLSDYS		psite	919
ENSP00000302456	KLF13	279	RSDASSPTISP		hprd;psite	919
ENSP00000302456	KLF13	283	SSPTISPASSP		hprd;psite	919
ENSP00000354346	MATR3	22	HGRDLSAAGIG		psite	411
ENSP00000354346	MATR3	54	TARLASLMNLG		psite	411
ENSP00000354346	MATR3	134	PEDKITPENLP		psite	411
ENSP00000354346	MATR3	150	LKRRRTEEGPT	CHEK1	psite	411
ENSP00000354346	MATR3	166	DGRSATREPPY		psite	411
ENSP00000354346	MATR3	188	HFRRDSFDDRG		hprd;pelm;psite	411
ENSP00000354346	MATR3	195	DDRGPSLNPVL	CHEK1	hprd;pelm;psite	411
ENSP00000354346	MATR3	234	RCRDDSFFGET		hprd;pelm;psite	411
ENSP00000354346	MATR3	533	LMRMKSQAFIE		hprd;pelm;psite	411
ENSP00000354346	MATR3	596	KSRKRSYSPDG		hprd;pelm;psite	411
ENSP00000354346	MATR3	598	RKRSYSPDGKE		hprd;pelm;psite	411
ENSP00000354346	MATR3	604	PDGKESPSDKK		hprd;pelm;psite	411
ENSP00000261207	PPP1R12A	22	WIGSETDLEPP		psite	400
ENSP00000261207	PPP1R12A	299	KRDKKSPLIES		hprd;pelm;psite	400
ENSP00000261207	PPP1R12A	406	SSGQATPTSPI		psite	400
ENSP00000261207	PPP1R12A	409	QATPTSPIKKF		psite	400
ENSP00000261207	PPP1R12A	422	TATKISPKEEE		hprd;pelm;psite	400
ENSP00000261207	PPP1R12A	432	ERKDESPATWR		psite	400
ENSP00000261207	PPP1R12A	472	VTRSASSPRLS	NUAK1	psite	400
ENSP00000261207	PPP1R12A	473	TRSASSPRLSS		hprd;pelm;psite	400
ENSP00000261207	PPP1R12A	478	SPRLSSSLDNK		hprd;pelm;psite	400
ENSP00000261207	PPP1R12A	507	PRRLASTSDIE		hprd;pelm;psite	400
ENSP00000261207	PPP1R12A	509	RLASTSDIEEK		hprd;pelm;psite	400
ENSP00000261207	PPP1R12A	668	RERRRSYLTPV		hprd;psite	400
ENSP00000261207	PPP1R12A	671	RRSYLTPVRDE		psite	400
ENSP00000261207	PPP1R12A	696	QSRRSTQGVTL	RAF1;ROCK1;ROCK2	hprd;pelm;psite	400
ENSP00000261207	PPP1R12A	716	IGRSRSTRTRE		psite	400
ENSP00000261207	PPP1R12A	802	LNRPNSLVGIT		psite	400
ENSP00000261207	PPP1R12A	853	EKRRSTGVSFW	PRKCQ;ROCK1	hprd;psite	400
ENSP00000261207	PPP1R12A	871	EQEQQSDTEEG		hprd;pelm;psite	400
ENSP00000261207	PPP1R12A	892	ISRYETSSTSA		psite	400
ENSP00000261207	PPP1R12A	903	GDRYDSLLGRS		psite	400
ENSP00000261207	PPP1R12A	910	LGRSGSYSYLE	NUAK1	hprd;pelm;psite	400
ENSP00000261207	PPP1R12A	995	LERRISEMEEE		psite	400
ENSP00000358635	SYNCRIP	580	SKRRQTNNQNW		psite	406
ENSP00000234179	PRKD3	27	VLPAASPCSSP		hprd;pelm;psite	520
ENSP00000234179	PRKD3	31	ASPCSSPKTGL		hprd;pelm;psite	520
ENSP00000234179	PRKD3	213	RKRRLSNVSLP		hprd;psite	520
ENSP00000234179	PRKD3	252	SKRIPSWSGRP		hprd;psite	520
ENSP00000234179	PRKD3	364	DTEEPSPPEDK		hprd;pelm;psite	520
ENSP00000234179	PRKD3	391	AVKTISPSTSN		hprd;pelm;psite	520
ENSP00000234179	PRKD3	415	TKRKSSTMVKE		psite	520
ENSP00000234179	PRKD3	535	ALMPVTPQASV		hprd;psite	520
ENSP00000234179	PRKD3	543	ASVCTSPGQGK		hprd;psite	520
ENSP00000270861	PLK4	378	LRRAYSSDRSG		psite	450
ENSP00000270861	PLK4	401	MERCHSAEMLS		hprd;psite	450
ENSP00000270861	PLK4	421	NEERYSPTDNN		hprd;pelm;psite	450
ENSP00000270861	PLK4	499	EYDSISPNRDF		hprd;psite	450
ENSP00000270861	PLK4	591	TLRSITSPLVA		psite	450
ENSP00000270861	PLK4	592	LRSITSPLVAH		hprd;psite	450
ENSP00000270861	PLK4	665	ADRPPSPTDNI		psite	450
ENSP00000270861	PLK4	817	SPKALSPPPSV		hprd;psite	450
ENSP00000216832	PNN	66	LRRGFSDSGGG		hprd;pelm;psite	972
ENSP00000216832	PNN	96	RTRRESRQESD		hprd;pelm;psite	972
ENSP00000216832	PNN	100	ESRQESDPEDD		hprd;pelm;psite	972
ENSP00000216832	PNN	289	RPRRQSMKEKE		psite	972
ENSP00000216832	PNN	347	IAIVHSDAEKE		hprd;pelm;psite	972
ENSP00000216832	PNN	413	TNRVESVEPSE		hprd;pelm;psite	972
ENSP00000216832	PNN	579	RSRSSSSSSSS		psite	972
ENSP00000216832	PNN	657	RKRRDTSGLER		pelm;psite	972
ENSP00000216832	PNN	658	KRRDTSGLERS		hprd;pelm;psite	972
ENSP00000216832	PNN	690	SDRKRSISESS		hprd;pelm;psite	972
ENSP00000216832	PNN	692	RKRSISESSRS		hprd;pelm;psite	972
ENSP00000266079	PRPF6	180	RYEKLTPVPDS		psite	714
ENSP00000359042	PRPF38B	260	VERRRSRSPRR		psite	653
ENSP00000359042	PRPF38B	262	RRRSRSPRRSL		psite	653
ENSP00000359042	PRPF38B	268	PRRSLSPRRSP		hprd;pelm;psite	653
ENSP00000359042	PRPF38B	272	LSPRRSPRRSR		pelm;psite	653
ENSP00000359042	PRPF38B	280	RSRSRSHHREG		psite	653
ENSP00000359042	PRPF38B	318	KERRRSRSIDR		hprd;pelm;psite	653
ENSP00000359042	PRPF38B	320	RRRSRSIDRGL		hprd;pelm;psite	653
ENSP00000359042	PRPF38B	340	RHRSRSRSRDR		psite	653
ENSP00000359042	PRPF38B	342	RSRSRSRDRKG		psite	653
ENSP00000359042	PRPF38B	385	KERERSRERSK		pelm;psite	653
ENSP00000359042	PRPF38B	473	NKRSRSGSQGR		hprd;psite	653
ENSP00000359042	PRPF38B	475	RSRSGSQGRTD		hprd;psite	653
ENSP00000359042	PRPF38B	481	QGRTDSVEKSK		hprd;psite	653
ENSP00000359042	PRPF38B	491	KKREHSPSKEK		hprd;psite	653
ENSP00000359042	PRPF38B	503	RKRSRSKERSH		psite	653
ENSP00000359042	PRPF38B	527	HDRRRSQSIEQ		hprd;pelm;psite	653
ENSP00000359042	PRPF38B	529	RRRSQSIEQES		hprd;pelm;psite	653
ENSP00000363313	PRPF4	483	THPGWSPLKTL		hprd;psite	872
ENSP00000304350	PRPF8	1404	QNRRLTLEDLE		psite	590
ENSP00000304350	PRPF8	1539	FTLWWSPTINR		hprd;pelm;psite	590
ENSP00000304350	PRPF8	2079	RVRAISAANLH		hprd;pelm;psite	590
ENSP00000005386	RPAP3	87	KNRIKSYDYEA		hprd;pelm;psite	454
ENSP00000005386	RPAP3	491	FPTSDTPRAKV		psite	454
ENSP00000339145	RRP1B	316	TSRKNTPHFNR		psite	585
ENSP00000339145	RRP1B	513	QGPRGSPTGGA		hprd;pelm;psite	585
ENSP00000339145	RRP1B	647	FVKFDTPFLPK		psite	585
ENSP00000339145	RRP1B	693	LNRNMTAEFKK		psite	585
ENSP00000339145	RRP1B	706	KSILVSPTGPS		hprd;pelm;psite	585
ENSP00000339145	RRP1B	728	HGVLKTPTSSP		hprd;pelm;psite	585
ENSP00000339145	RRP1B	732	KTPTSSPASSP		hprd;pelm;psite	585
ENSP00000339145	RRP1B	736	SSPASSPLVAK		hprd;pelm;psite	585
ENSP00000339145	RRP1B	747	KPLTTTPRRRP		hprd;psite	585
ENSP00000265175	SEC24B	329	SSSTRTPPTAN		psite	457
ENSP00000265175	SEC24B	537	NILPMTPVWAP		psite	457
ENSP00000265175	SEC24B	1224	DSRPLSPILHI		hprd;pelm;psite	457
ENSP00000258962	SRSF1	199	VDGPRSPSYGR		hprd;pelm;psite	759
ENSP00000258962	SRSF1	201	GPRSPSYGRSR		hprd;pelm;psite	759
ENSP00000258962	SRSF1	207	YGRSRSRSRSR	SRPK1	psite	759
ENSP00000258962	SRSF1	209	RSRSRSRSRSR	SRPK1	psite	759
ENSP00000258962	SRSF1	211	RSRSRSRSRSR	SRPK1	psite	759
ENSP00000258962	SRSF1	213	RSRSRSRSRSR	SRPK1	psite	759
ENSP00000258962	SRSF1	215	RSRSRSRSRSN	SRPK1	psite	759
ENSP00000258962	SRSF1	217	RSRSRSRSNSR	SRPK1	psite	759
ENSP00000258962	SRSF1	219	RSRSRSNSRSR	SRPK1	psite	759
ENSP00000258962	SRSF1	221	RSRSNSRSRSY	SRPK1	psite	759
ENSP00000258962	SRSF1	225	NSRSRSYSPRR	SRPK1	hprd;psite	759
ENSP00000258962	SRSF1	227	RSRSYSPRRSR	SRPK1	hprd;psite	759
ENSP00000258962	SRSF1	234	RRSRGSPRYSP		hprd;pelm;psite	759
ENSP00000258962	SRSF1	238	GSPRYSPRHSR		hprd;pelm;psite	759
ENSP00000358770	SLK	189	IQRRDSFIGTP		hprd;pelm;psite	438
ENSP00000358770	SLK	193	DSFIGTPYWMA		hprd;pelm;psite	438
ENSP00000358770	SLK	341	SKRASSDLSIA		hprd;psite	438
ENSP00000358770	SLK	372	TERSNSEDKLN		psite	438
ENSP00000358770	SLK	1097	INSTATPDQDR		hprd;psite	438
ENSP00000358770	SLK	1188	RPRKKTLEEEF		psite	438
ENSP00000369887	SLTM	74	TVSTDTPNKKP		hprd;psite	540
ENSP00000369887	SLTM	289	DAIAQSPEKES		hprd;pelm;psite	540
ENSP00000369887	SLTM	421	VTNARSPGAKC		hprd;pelm;psite	540
ENSP00000369887	SLTM	551	KKRISSKSPGH		hprd;pelm;psite	540
ENSP00000369887	SLTM	553	RISSKSPGHMV		hprd;pelm;psite	540
ENSP00000369887	SLTM	909	SGREVSGHSVR		hprd;psite	540
ENSP00000369887	SLTM	1002	HSSNASPINRI		hprd;pelm;psite	540
ENSP00000339769	SMEK2	46	LVRAESDGSLL		psite	465
ENSP00000339769	SMEK2	768	LPKRTSPGGFK		hprd;psite	465
ENSP00000339769	SMEK2	840	EEEESSPRKRP		hprd;pelm;psite	465
ENSP00000358242	PNISR	204	RERPSSFRDRQ		psite	668
ENSP00000358242	PNISR	211	RDRQRSPIALP		hprd;pelm;psite	668
ENSP00000358242	PNISR	290	RSKFDSDEEEE		hprd;pelm;psite	668
ENSP00000358242	PNISR	311	GKVTRSPSPVP		hprd;pelm;psite	668
ENSP00000358242	PNISR	313	VTRSPSPVPQE		hprd;pelm;psite	668
ENSP00000358242	PNISR	321	PQEEHSDPEMT		hprd;pelm;psite	668
ENSP00000358242	PNISR	410	SESSDTDDEEL		hprd;pelm;psite	668
ENSP00000358242	PNISR	485	NEKKRTPNETT		psite	668
ENSP00000358242	PNISR	563	HSRSRSPTIKA		hprd;psite	668
ENSP00000358242	PNISR	573	ARRSRSRSYSR		hprd;psite	668
ENSP00000358242	PNISR	575	RSRSRSYSRRI		hprd;psite	668
ENSP00000358242	PNISR	577	RSRSYSRRIKI		hprd;psite	668
ENSP00000358242	PNISR	597	RDRRRSNRNSI		hprd;psite	668
ENSP00000358242	PNISR	611	RRRNRSPSRER		hprd;psite	668
ENSP00000358242	PNISR	613	RNRSPSRERRR		hprd;pelm;psite	668
ENSP00000358242	PNISR	621	RRRSRSRSRDR		psite	668
ENSP00000358242	PNISR	623	RSRSRSRDRRT		psite	668
ENSP00000358242	PNISR	636	ASRSRSRDRRK		psite	668
ENSP00000358242	PNISR	726	FSRSGSISVKI		psite	668
ENSP00000265990	BTAF1	95	SSMEDSPTTER		psite	449
ENSP00000296702	TCERG1	591	KLRHPTPTMLS		psite	411
ENSP00000296702	TCERG1	933	DHRWESGSLLE		hprd;psite	411
ENSP00000401371	TIA1	83	VNWATTPSSQK		psite	579
ENSP00000401371	TIA1	210	VVNQSSPSNCT		hprd;pelm;psite	579
ENSP00000411099	TLK1	22	SQLSTSPTPGS		psite	529
ENSP00000411099	TLK1	38	SLLNHTPPSGR		psite	529
ENSP00000411099	TLK1	105	SLGSLSDKESE		psite	529
ENSP00000411099	TLK1	159	GGNGSSPVRGI		hprd;pelm;psite	529
ENSP00000411099	TLK1	188	SVRPNSPSPTA		psite	529
ENSP00000411099	TLK1	743	MRRSNSSGNLH	CHEK1	hprd;pelm;psite	529
ENSP00000396704	TOP2B	1231	EETMPSPYGRR		hprd;pelm;psite	442
ENSP00000396704	TOP2B	1287	GEEALTPSVPI		hprd;psite	442
ENSP00000396704	TOP2B	1331	KRNPWSDDESK		hprd;pelm;psite	442
ENSP00000396704	TOP2B	1339	ESKSESDLEET		hprd;pelm;psite	442
ENSP00000396704	TOP2B	1395	LKVKASPITND		hprd;pelm;psite	442
ENSP00000396704	TOP2B	1419	DEYTFSPGKSK	CDK1	hprd;pelm;psite	442
ENSP00000396704	TOP2B	1426	GKSKATPEKSL		psite	442
ENSP00000396704	TOP2B	1471	SASVFSPSFGL		hprd;psite	442
ENSP00000396704	TOP2B	1519	AVNSDSDSEFG		hprd;pelm;psite	442
ENSP00000396704	TOP2B	1545	KKRKASGSENE		hprd;pelm;psite	442
ENSP00000396704	TOP2B	1608	KYFAESDEEED		hprd;pelm;psite	442
ENSP00000356448	TPR	379	ELAAMSPTAAA		hprd;pelm;psite	513
ENSP00000356448	TPR	641	VSLASTPKRPS		hprd;psite	513
ENSP00000356448	TPR	653	SQTVSTPAPVP		hprd;pelm;psite	513
ENSP00000356448	TPR	1672	ANIKPTPVVST		psite	513
ENSP00000356448	TPR	1677	TPVVSTPSKVT	CDK2	hprd;pelm;psite	513
ENSP00000356448	TPR	1692	AGNKSTPRASI		hprd;psite	513
ENSP00000356448	TPR	1712	TNPTTTPTATV		psite	513
ENSP00000356448	TPR	2073	PRAPQSPRRPP		hprd;psite	513
ENSP00000356448	TPR	2116	RGLQLTPGIGG		psite	513
ENSP00000356448	TPR	2137	RTVPSTPTLVV		psite	513
ENSP00000356448	TPR	2155	AEAIHSPQVAG		hprd;pelm;psite	513
ENSP00000312981	USP39	46	ASSRGSPVRVK		hprd;pelm;psite	923
ENSP00000312981	USP39	97	NGRVDSEDRRS		hprd;psite	923
ENSP00000350720	SMARCA4	1484	PAEKLSPNPPN		pelm	829
ENSP00000263773	FNBP4	172	SAPPPTPPRPE		hprd;pelm	403
ENSP00000396704	TOP2B	1132	SSDSGTPSGPD		hprd	442
ENSP00000216832	PNN	30	NIRKLTGRDPN		hprd	972
ENSP00000234179	PRKD3	739	RSVVGTPAYLA		hprd	520
ENSP00000312981	USP39	357	SMRIFTKKLPH		hprd	923
ENSP00000359042	PRPF38B	154	ITHTDSPYIRA		hprd	653
ENSP00000369887	SLTM	272	KNVKITDSEAS		hprd	540
ENSP00000356448	TPR	1804	EVVQSSPVERP		hprd	513
ENSP00000356448	TPR	647	PKRPSTSQTVS		hprd	513
ENSP00000356448	TPR	740	YRREITSLHER		hprd	513
ENSP00000266079	PRPF6	26	LGRGATGFTTR		hprd	714
ENSP00000346236	DDX46	52	RRRERSRSRDK		hprd	420
ENSP00000346236	DDX46	54	RERSRSRDKRR		hprd	420
ENSP00000358770	SLK	1094	SLRINSTATPD		hprd	438
ENSP00000411099	TLK1	179	SHSHSTPSSSV		hprd	529
ENSP00000411099	TLK1	190	RPNSPSPTALA		hprd	529
