name	PTK2
id	ENSP00000341189
type	Tyrosine kinase
proline+1_removed	No
npartners	210
npartners_with_sites	180
nsites	310
//
motif	score	fg_matches	fg_size	bg_matches	bg_size	fold_increase
....VYD.P..	331.12	10	1021	0	10000	Inf
.....Y.VP..	18.4	22	903	33	9500	7.01
....DY.....	12.56	108	1011	500	10000	2.14
..D..Y.....	10.27	89	881	452	9467	2.12
.....Y...P.	6.09	70	792	429	9015	1.86
//
prot_id	prot_name	position	flank	kinase	source	string_score
ENSP00000310309	ABLIM3	376	ASSPGYIDSPT		psite	899
ENSP00000310309	ABLIM3	490	SEYWTYHGSPK		psite	899
ENSP00000377941	ACTN1	12	QQTNDYMQPEE	PTK2	hprd;pelm;psite	628
ENSP00000377941	ACTN1	193	PELIDYGKLRK		hprd;pelm;psite	628
ENSP00000377941	ACTN1	215	DVAEKYLDIPK		psite	628
ENSP00000377941	ACTN1	864	AGDKNYITMDE		psite	628
ENSP00000307387	PDCD6IP	223	NQAADYFGDAF		psite	621
ENSP00000307387	PDCD6IP	319	DNDFIYHDRVP	SRC	hprd;psite	621
ENSP00000307387	PDCD6IP	727	IPTPAYQSSPA		hprd;pelm;psite	621
ENSP00000368759	NEDD9	12	MARALYDNVPE		pelm;psite	985
ENSP00000368759	NEDD9	92	GQQKLYQVPNP		hprd;psite	985
ENSP00000368759	NEDD9	106	PRDTIYQVPPS		psite	985
ENSP00000368759	NEDD9	118	QNQGIYQVPTG		psite	985
ENSP00000368759	NEDD9	132	QEQEVYQVPPS		psite	985
ENSP00000368759	NEDD9	177	YQKDVYDIPPS		hprd;psite	985
ENSP00000368759	NEDD9	189	TTQGVYDIPPS		hprd;psite	985
ENSP00000368759	NEDD9	214	KPQGVYDIPPT		psite	985
ENSP00000368759	NEDD9	223	PTKGVYAIPPS		psite	985
ENSP00000368759	NEDD9	241	LREKDYDFPPP		psite	985
ENSP00000368759	NEDD9	261	RPEGVYDIPPT		psite	985
ENSP00000368759	NEDD9	317	SQNDAYDVPRG		hprd;pelm;psite	985
ENSP00000368759	NEDD9	345	ERDGVYDVPLH		hprd;pelm;psite	985
ENSP00000368759	NEDD9	629	SWMDDYDYVHL		psite	985
ENSP00000368759	NEDD9	631	MDDYDYVHLQG		psite	985
ENSP00000264033	CBL	552	PPDRPYSVGAE		hprd;pelm;psite	875
ENSP00000264033	CBL	700	EEDTEYMTPSS	EGFR;FYN;INSR;LCK;SYK;YES1	hprd;pelm;psite	875
ENSP00000264033	CBL	774	NEDDGYDVPKP	EGFR;FYN;LCK;SRC;SYK;YES1	hprd;pelm;psite	875
ENSP00000314458	CDC42	64	AGQEDYDRLRP	SRC	pelm;psite	933
ENSP00000301843	CTTN	154	ASQKDYSSGFG		psite	822
ENSP00000301843	CTTN	178	AVGFDYQGKTE		psite	822
ENSP00000301843	CTTN	228	ESQKDYVKGFG		psite	822
ENSP00000301843	CTTN	265	ESQKDYKTGFG		psite	822
ENSP00000301843	CTTN	289	AVGFDYKEKLA		hprd;psite	822
ENSP00000301843	CTTN	302	ESQQDYSKGFG		psite	822
ENSP00000301843	CTTN	453	MEAADYREASS		hprd;pelm;psite	822
ENSP00000301843	CTTN	486	AEDSTYDEYEN	ABL1;SRC	hprd;pelm;psite	822
ENSP00000301843	CTTN	538	VCKGRYGLFPA		psite	822
ENSP00000346300	CRKL	48	TCPGDYVLSVS		psite	859
ENSP00000220003	CSK	184	AQDEFYRSGWA		hprd;pelm;psite	923
ENSP00000220003	CSK	277	GSLVDYLRSRG		psite	923
ENSP00000312435	DAG1	863	PNAPPYQPPPP		psite	654
ENSP00000312435	DAG1	886	KNMTPYRSPPP		hprd;psite	654
ENSP00000216733	EFS	128	SPDLIYKIPRA		psite	656
ENSP00000216733	EFS	148	DALEVYDVPPT		psite	656
ENSP00000216733	EFS	188	EDDAPYDVPLT		psite	656
ENSP00000216733	EFS	372	GHHNEYEGIPM		psite	656
ENSP00000216733	EFS	383	AEEYDYVHLKG		psite	656
ENSP00000275493	EGFR	585	IQCAHYIDGPH		psite	958
ENSP00000275493	EGFR	764	ILDEAYVMASV	SRC	psite	958
ENSP00000275493	EGFR	1069	SFLQRYSSDPT	EGFR	hprd;pelm;psite	958
ENSP00000275493	EGFR	1110	VQNPVYHNQPL	EGFR	hprd;pelm;psite	958
ENSP00000275493	EGFR	1125	SRDPHYQDPHS	SRC	hprd;pelm;psite	958
ENSP00000275493	EGFR	1172	LDNPDYQQDFF	EGFR	hprd;pelm;psite	958
ENSP00000363763	EPHB2	181	LAFQDYGGCMS		psite	648
ENSP00000363763	EPHB2	194	AVRVFYRKCPR		psite	648
ENSP00000363763	EPHB2	578	RADSEYTDKLQ		hprd;psite	648
ENSP00000363763	EPHB2	743	LADMNYVHRDL		hprd;psite	648
ENSP00000363763	EPHB2	781	TSDPTYTSALG		hprd;psite	648
ENSP00000363763	EPHB2	913	RTIPDYTSFNT		psite	648
ENSP00000308774	BMX	566	VLDDQYVSSVG	SRC	hprd;pelm;psite	621
ENSP00000338934	EZR	116	LSDEIYCPPET		psite	844
ENSP00000338934	EZR	354	LRLQDYEEKTK	EGFR	hprd;pelm;psite	844
ENSP00000363115	FGR	34	GAADHYGPDPT		hprd;pelm;psite	925
ENSP00000363115	FGR	412	IKDDEYNPCQG	FGR	hprd;pelm;psite	925
ENSP00000346839	FN1	1042	GQPRQYNVGPS		psite	965
ENSP00000357656	FYN	30	SSGYRYGTDPT	FYN	hprd;pelm;psite	985
ENSP00000357656	FYN	420	IEDNEYTARQG	FYN	hprd;pelm;psite	985
ENSP00000229239	GAPDH	42	FIDLNYMVYMF	SRC	hprd;psite	672
ENSP00000362924	GSN	651	GGKAAYRTSPR	CSK;SRC	hprd;psite	771
ENSP00000378338	GIT1	392	DDQHDYDSVAS		hprd;pelm;psite	963
ENSP00000378338	GIT1	554	EDDAIYSVHVP		hprd;pelm;psite	963
ENSP00000378338	GIT1	607	GADSDYENTQS		hprd;pelm;psite	963
ENSP00000347464	GIT2	392	NDQPDYDSVAS		hprd;pelm;psite	402
ENSP00000347464	GIT2	592	TPESDYDNTPN		psite	402
ENSP00000324806	GSK3B	221	YICSRYYRAPE		psite	625
ENSP00000365012	HCK	51	PHCPVYVPDPT	HCK	hprd;psite	806
ENSP00000365012	HCK	89	VALYDYEAIHH		psite	806
ENSP00000365012	HCK	411	IEDNEYTAREG	HCK	hprd;pelm;psite	806
ENSP00000269571	ERBB2	772	ILDEAYVMAGV		psite	971
ENSP00000269571	ERBB2	1023	VDAEEYLVPQQ	ERBB2	hprd;psite	971
ENSP00000269571	ERBB2	1112	SPLQRYSEDPT	ERBB2	pelm;psite	971
ENSP00000269571	ERBB2	1139	SPQPEYVNQPD	ERBB2	hprd;pelm;psite	971
ENSP00000269571	ERBB2	1221	AFDNLYYWDQD	ERBB2	hprd;pelm;psite	971
ENSP00000267101	ERBB3	1132	RGDSAYHSQRH		psite	661
ENSP00000267101	ERBB3	1197	DEDEEYEYMNR		hprd;psite	661
ENSP00000267101	ERBB3	1260	TPDEDYEYMNR		hprd;psite	661
ENSP00000267101	ERBB3	1262	DEDYEYMNRQR		hprd;pelm;psite	661
ENSP00000267101	ERBB3	1276	GPGGDYAAMGA		hprd;pelm;psite	661
ENSP00000267101	ERBB3	1328	FDNPDYWHSRL		hprd;pelm;psite	661
ENSP00000378332	TGFB1I1	38	TPPPSYGHQPQ		psite	989
ENSP00000378332	TGFB1I1	60	DKDHLYSTVCK	FYN;PTK2B	pelm;psite	989
ENSP00000309845	HRAS	157	VEDAFYTLVRE		psite	922
ENSP00000376544	CD79B	197	EEDHTYEGLDI	FYN;LYN	hprd;pelm;psite	621
ENSP00000268035	IGF1R	1165	IYETDYYRKGG	IGF1R;SRC	hprd;pelm;psite	922
ENSP00000303830	INSR	1189	IYETDYYRKGG	INSR	hprd;pelm;psite	637
ENSP00000304895	IRS1	612	HTDDGYMPMSP	JAK1	hprd;pelm;psite	953
ENSP00000304895	IRS1	632	KGSGDYMPMSP	JAK1	hprd;pelm;psite	953
ENSP00000304895	IRS1	989	SSRGDYMTMQM		psite	953
ENSP00000293379	ITGA5	487	DKAVVYRGRPI		psite	854
ENSP00000386896	ITGA6	1071	IKDEKYIDNLE		psite	817
ENSP00000364094	ITGB1	141	KRAEDYPIDLY		psite	931
ENSP00000364094	ITGB1	147	PIDLYYLMDLS		psite	931
ENSP00000200181	ITGB4	1343	QSGEDYDSFLM		psite	925
ENSP00000200181	ITGB4	1492	TLTRDYNSLTR		psite	925
ENSP00000200181	ITGB4	1510	TLPRDYSTLTS		hprd;psite	925
ENSP00000371067	JAK2	221	AKIQDYHILTR	JAK2	hprd;psite	857
ENSP00000371067	JAK2	570	REVGDYGQLHE	JAK2	hprd;pelm;psite	857
ENSP00000371067	JAK2	790	NNCMDYEPDFR		psite	857
ENSP00000371067	JAK2	813	LFTPDYELLTE	JAK2	hprd;pelm;psite	857
ENSP00000371067	JAK2	940	GSLRDYLQKHK		psite	857
ENSP00000371067	JAK2	1007	PQDKEYYKVKE	JAK2	hprd;pelm;psite	857
ENSP00000298622	JAKMIP3	728	DEELDYRKQAL		psite	724
ENSP00000337825	LCK	25	CENCHYPIVPL		psite	635
ENSP00000337825	LCK	394	IEDNEYTAREG	FCGR3A;LCK	hprd;pelm;psite	635
ENSP00000337825	LCK	489	RPTFDYLRSVL		psite	635
ENSP00000417281	MDM2	282	EDDEVYQVTVY	ABL1	psite	631
ENSP00000417281	MDM2	400	QESEDYSQPST	ABL1	hprd;pelm;psite	631
ENSP00000317272	MET	745	EDPIVYEIHPT		psite	808
ENSP00000317272	MET	1021	NESVDYRATFP		hprd;pelm;psite	808
ENSP00000317272	MET	1252	MYDKEYYSVHN	MET;MST1R	hprd;pelm;psite	808
ENSP00000317272	MET	1325	LLQPEYCPDPL		psite	808
ENSP00000317272	MET	1331	CPDPLYEVMLK		pelm;psite	808
ENSP00000288986	NCK1	268	PPQCDYIRPSL		hprd;pelm;psite	987
ENSP00000233154	NCK2	99	STDAEYPANGS		psite	946
ENSP00000233154	NCK2	110	GADRIYDLNIP		hprd;pelm;psite	946
ENSP00000233154	NCK2	342	LVDNVYCIGQR		psite	946
ENSP00000250495	NEDD8	59	KTAADYKILGG		psite	530
ENSP00000358548	NRAS	157	VEDAFYTLVRE		psite	909
ENSP00000347379	OCLN	44	LSQPAYSFYPE		psite	496
ENSP00000347379	OCLN	287	DKEHIYDEQPP		psite	496
ENSP00000347379	OCLN	315	SPPSDYVERVD		psite	496
ENSP00000347379	OCLN	342	YPESSYKSTPV		psite	496
ENSP00000347379	OCLN	402	HYETDYTTGGE	SRC	psite	496
ENSP00000347379	OCLN	467	KELDDYREESE		psite	496
ENSP00000162330	BCAR1	115	QPDSVYLVPTP	SRC	hprd;psite	999
ENSP00000162330	BCAR1	128	AQQGLYQVPGP	FGFR1;SRC	hprd;pelm;psite	999
ENSP00000162330	BCAR1	165	PATDLYQVPPG	PTK6;SRC	hprd;pelm;psite	999
ENSP00000162330	BCAR1	179	PAQDIYQVPPS	SRC	hprd;psite	999
ENSP00000162330	BCAR1	192	MGHDIYQVPPS	SRC	hprd;psite	999
ENSP00000162330	BCAR1	249	GPQDIYDVPPV	FGFR1	hprd;pelm;psite	999
ENSP00000162330	BCAR1	267	YGQEVYDTPPM	SRC	hprd;psite	999
ENSP00000162330	BCAR1	287	PLLEVYDVPPS	SRC	hprd;psite	999
ENSP00000162330	BCAR1	306	NHHAVYDVPPS	FGFR1	hprd;pelm;psite	999
ENSP00000162330	BCAR1	327	LREETYDVPPA	FGFR1	hprd;pelm;psite	999
ENSP00000162330	BCAR1	362	PAEDVYDVPPP	SRC	hprd;psite	999
ENSP00000162330	BCAR1	372	PAPDLYDVPPG		hprd;psite	999
ENSP00000162330	BCAR1	387	GPGTLYDVPRE	SRC	hprd;pelm;psite	999
ENSP00000162330	BCAR1	410	VDSGVYAVPPP	FGFR1;PTK2	hprd;pelm;psite	999
ENSP00000162330	BCAR1	653	SPDGQYENSEG	SRC	hprd;pelm;psite	999
ENSP00000162330	BCAR1	664	GWMEDYDYVHL	PTK2;PTK6	hprd;pelm;psite	999
ENSP00000162330	BCAR1	666	MEDYDYVHLQG	PTK2	hprd;psite	999
ENSP00000269305	TP53	327	PLDGEYFTLQI		psite	960
ENSP00000257290	PDGFRA	731	ENNGDYMDMKQ		hprd;pelm;psite	812
ENSP00000257290	PDGFRA	849	MHDSNYVSKGS		hprd;pelm;psite	812
ENSP00000257290	PDGFRA	988	DSDNAYIGVTY	PDGFRA	hprd;pelm;psite	812
ENSP00000257290	PDGFRA	1018	SADSGYIIPLP	PDGFRA	hprd;pelm;psite	812
ENSP00000261799	PDGFRB	692	GDLVDYLHRNK		psite	919
ENSP00000261799	PDGFRB	740	ESDGGYMDMSK	PDGFRB	hprd;pelm;psite	919
ENSP00000261799	PDGFRB	751	DESVDYVPMLD	PDGFRB	hprd;pelm;psite	919
ENSP00000261799	PDGFRB	763	KGDVKYADIES	PDGFRB	hprd;pelm;psite	919
ENSP00000261799	PDGFRB	857	MRDSNYISKGS	PDGFRB	hprd;pelm;psite	919
ENSP00000261799	PDGFRB	934	ASDEIYEIMQK	ABL1	hprd;psite	919
ENSP00000261799	PDGFRB	1021	EGDNDYIIPLP	PDGFRB	hprd;pelm;psite	919
ENSP00000263967	PIK3CA	294	AKESLYSQLPM		psite	940
ENSP00000263967	PIK3CA	355	DIDKIYVRTGI		psite	940
ENSP00000289153	PIK3CB	246	VSPYDYVLQVS		psite	883
ENSP00000289153	PIK3CB	503	NKKQPYYYPPF		psite	883
ENSP00000274335	PIK3R1	368	KMHGDYTLTLR	INSR	hprd;pelm;psite	972
ENSP00000274335	PIK3R1	467	EYDRLYEEYTR		hprd;pelm;psite	972
ENSP00000222254	PIK3R2	464	EYDQLYEEYTR		hprd;pelm;psite	930
ENSP00000262741	PIK3R3	199	EYDRLYEEYTR		psite	923
ENSP00000262741	PIK3R3	341	DADENYFINEE	INSR	hprd;pelm;psite	923
ENSP00000262741	PIK3R3	373	AEDLLYGKPDG		psite	923
ENSP00000305355	PRKCB	368	GTDELYAVKIL		psite	805
ENSP00000305355	PRKCB	507	CGTPDYIAPEI		psite	805
ENSP00000263431	PRKCG	521	CGTPDYIAPEI		psite	806
ENSP00000244007	PLCG1	186	LSQVNYRVPNM		psite	858
ENSP00000244007	PLCG1	210	SGDITYGQFAQ		psite	858
ENSP00000244007	PLCG1	472	AEGSAYEEVPT	EGFR	hprd;pelm;psite	858
ENSP00000244007	PLCG1	771	TAEPDYGALYE	EGFR;LYN;SYK	hprd;pelm;psite	858
ENSP00000244007	PLCG1	833	WWRGDYGGKKQ		psite	858
ENSP00000361021	PTEN	240	EDKFMYFEFPQ	LCK	hprd;pelm;psite	983
ENSP00000361021	PTEN	315	DNDKEYLVLTL	LCK	hprd;pelm;psite	983
ENSP00000248594	PTPN12	88	SQDSDYINANF		psite	735
ENSP00000360683	PTPN1	66	QEDNDYINASL	EGFR	hprd;pelm;psite	798
ENSP00000265562	PTPN23	213	AQVVDYYKEAC		psite	621
ENSP00000369756	PTPRA	218	STNRKYPPLPV		psite	904
ENSP00000369756	PTPRA	588	EENTDYVNASF		pelm;psite	904
ENSP00000228307	PXN	181	ALSPLYGVPET		hprd;pelm;psite	999
ENSP00000332816	PTK2B	402	IESDIYAEIPD	PTK2B;SRC;SYK	hprd;pelm;psite	634
ENSP00000332816	PTK2B	579	IEDEDYYKASV	PTK2B	hprd;pelm;psite	634
ENSP00000332816	PTK2B	722	PSRPKYRPPPQ		psite	634
ENSP00000332816	PTK2B	819	QMVEDYQWLRQ		psite	634
ENSP00000332816	PTK2B	881	TDDLVYLNVME	PTK2B	hprd;pelm;psite	634
ENSP00000348461	RAC1	64	AGQEDYDRLRP	PTK2;SRC	psite	953
ENSP00000274376	RASA1	239	AMCGDYYIGGR		psite	410
ENSP00000274376	RASA1	472	TKDAFYKNIVK		psite	410
ENSP00000347942	RET	928	LFDHIYTTQSD		psite	667
ENSP00000347942	RET	952	LGGNPYPGIPP		psite	667
ENSP00000347942	RET	1015	VKRRDYLDLAA	RET	hprd;pelm;psite	667
ENSP00000347942	RET	1096	PNDSVYANWML	RET	hprd;pelm;psite	667
ENSP00000400175	RHOA	66	AGQEDYDRLRP		psite	865
ENSP00000285735	RHOC	66	AGQEDYDRLRP		psite	441
ENSP00000365411	APBB1IP	340	RASGIYYVPKG		psite	899
ENSP00000365411	APBB1IP	380	KAPTDYCFVLK		psite	899
ENSP00000259808	RIPK1	490	GPRVWYRPIPS		psite	627
ENSP00000382697	ROCK1	255	GGDGYYGRECD		psite	643
ENSP00000401303	SHC1	315	LRFKQYLRNPP		psite	921
ENSP00000401303	SHC1	349	PPDHQYYNDFP	FLT4;SRC;SYK;ZAP70	hprd;pelm;psite	921
ENSP00000401303	SHC1	350	PDHQYYNDFPG	FLT4;SRC;SYK;ZAP70	hprd;pelm;psite	921
ENSP00000401303	SHC1	428	FDDPSYVNVQN	FLT3;FLT4;MET;SRC;SYK;ZAP70	hprd;pelm;psite	921
ENSP00000264554	SHC2	305	LRFKQYLHSPP		psite	849
ENSP00000264554	SHC2	339	LEHNYYNSIPG		psite	849
ENSP00000364995	SHC3	308	LRFKQYLQCPT		psite	836
ENSP00000364995	SHC3	341	GSDHPYYNSIP		psite	836
ENSP00000364995	SHC3	342	SDHPYYNSIPS		psite	836
ENSP00000329668	SHC4	374	REDHEYYNEIP		psite	800
ENSP00000329668	SHC4	375	EDHEYYNEIPG		psite	800
ENSP00000329668	SHC4	465	FDDPCYINTQA		psite	800
ENSP00000340944	PTPN11	62	QNTGDYYDLYG		hprd;pelm;psite	996
ENSP00000340944	PTPN11	304	EPVSDYINANI		pelm;psite	996
ENSP00000355136	SORBS1	536	EPKSIYEYQPG		psite	631
ENSP00000355136	SORBS1	722	FIPADYLESTE		psite	631
ENSP00000355136	SORBS1	937	KNPVDYMDLPF		psite	631
ENSP00000384675	SOS1	1065	PRKISYSRIPE		psite	909
ENSP00000357130	SPTA1	548	IGDDHYDSENI		psite	899
ENSP00000357130	SPTA1	1499	TKLGDYANLKQ		psite	899
ENSP00000361824	SPTAN1	601	ATDEAYKDPSN		psite	899
ENSP00000361824	SPTAN1	1176	QQQEVYGMMPR	LCK;SRC	hprd;pelm;psite	899
ENSP00000361824	SPTAN1	1579	ASDESYKDPTN		psite	899
ENSP00000361824	SPTAN1	2445	REQADYCVSHM		psite	899
ENSP00000361824	SPTAN1	2467	PTAFDYVEFTR		psite	899
ENSP00000374372	SPTB	1672	QVDKHYAGLKD		psite	899
ENSP00000349259	SPTBN1	1118	NYEEDYQKMRD		psite	900
ENSP00000349259	SPTBN1	1303	AQDMSYDEARN		hprd;psite	900
ENSP00000349259	SPTBN1	1644	QAVEDYAETVH		psite	900
ENSP00000349259	SPTBN1	1680	KVDKLYAGLKD		psite	900
ENSP00000349259	SPTBN1	1730	ELGQDYEHVTM		psite	900
ENSP00000311489	SPTBN2	1676	QVDKLYAGLKE		psite	899
ENSP00000311489	SPTBN2	1726	ELGQDYEHVTM		psite	899
ENSP00000350941	SRC	419	IEDNEYTARQG	PDGFRA;PDGFRB;PRKACA;SRC	hprd;pelm;psite	999
ENSP00000350941	SRC	522	AFLEDYFTSTE		psite	999
ENSP00000354394	STAT1	68	QLDDQYSRFSL		psite	763
ENSP00000264657	STAT3	45	SQDWAYAASKE		psite	772
ENSP00000264657	STAT3	674	PLVYLYPDIPK		hprd;psite	772
ENSP00000364898	SYK	28	EEAEDYLVQGG		psite	857
ENSP00000364898	SYK	431	QLDNPYIVRMI		psite	857
ENSP00000364898	SYK	525	RADENYYKAQT	SYK	hprd;pelm;psite	857
ENSP00000364898	SYK	568	WEAFSYGQKPY		hprd;psite	857
ENSP00000303476	TLN2	49	GQASDYGLFLS		psite	437
ENSP00000303476	TLN2	72	GRTLDYYMLRN		psite	437
ENSP00000303476	TLN2	1665	QRECDYSIDGI		hprd;pelm;psite	437
ENSP00000303476	TLN2	1854	GTFVDYQTTVV		psite	437
ENSP00000303476	TLN2	2530	IRQQQYKFLPT		psite	437
ENSP00000316029	TLN1	70	GKALDYYMLRN		hprd;pelm;psite	990
ENSP00000316029	TLN1	570	PAETDYTAVGC		psite	990
ENSP00000316029	TLN1	1893	QLTSDYGRLAS		psite	990
ENSP00000316029	TLN1	2530	IRQQQYKFLPS		hprd;psite	990
ENSP00000171887	TNS1	327	SVSVDYNTSDP		pelm;psite	833
ENSP00000171887	TNS1	609	VTTSHYAHDPS		psite	833
ENSP00000171887	TNS1	796	RSYSPYDYQPC		pelm;psite	833
ENSP00000171887	TNS1	798	YSPYDYQPCLA		psite	833
ENSP00000171887	TNS1	903	ASDGQYENQSP		pelm;psite	833
ENSP00000171887	TNS1	1149	YSSPDYSLQHF		pelm;psite	833
ENSP00000171887	TNS1	1462	QDTSKYWYKPE		psite	833
ENSP00000312143	TNS3	549	GMDGPYERERT		psite	733
ENSP00000312143	TNS3	601	VVAHQYSFAPD		hprd;psite	733
ENSP00000312143	TNS3	802	KAGVDYAPNLP		hprd;psite	733
ENSP00000339299	TRIO	2796	NFDSFYSEVAE	PTK2	hprd;pelm;psite	621
ENSP00000200457	TRIP6	123	PDRQAYEPPPP		hprd;psite	965
ENSP00000298552	TSC1	406	CHSDDYVHISL		psite	621
ENSP00000344818	UBC	59	RTLSDYNIQKE		psite	868
ENSP00000360916	VAV2	142	NDDDVYRSLEE	EGFR;LCK	hprd;pelm;psite	636
ENSP00000360916	VAV2	159	LGEDIYDCVPC	EGFR;LCK	hprd;pelm;psite	636
ENSP00000360916	VAV2	172	GGDDIYEDIIK	EGFR;LCK	hprd;pelm;psite	636
ENSP00000282397	FLT1	794	EIKTDYLSIIM		hprd;pelm;psite	931
ENSP00000282397	FLT1	1053	YKNPDYVRKGD		hprd;pelm;psite	931
ENSP00000282397	FLT1	1169	QDGKDYIPINA	FLT1	hprd;pelm;psite	931
ENSP00000282397	FLT1	1213	SDDVRYVNAFK	FLT1	hprd;pelm;psite	931
ENSP00000282397	FLT1	1242	SMFDDYQGDSS	FLT1	hprd;pelm;psite	931
ENSP00000282397	FLT1	1327	SPPPDYNSVVL	FLT1	hprd;pelm;psite	931
ENSP00000282397	FLT1	1333	NSVVLYSTPPI	FLT1	hprd;pelm;psite	931
ENSP00000263923	KDR	951	RQGKDYVGAIP	KDR	hprd;pelm;psite	829
ENSP00000263923	KDR	1059	YKDPDYVRKGD	KDR	hprd;pelm;psite	829
ENSP00000263923	KDR	1175	QDGKDYIVLPI	KDR;SRC	hprd;pelm;psite	829
ENSP00000261937	FLT4	1068	YKDPDYVRKGS		pelm;psite	929
ENSP00000211998	VCL	100	LQSDPYSVPAR	SRC	hprd;psite	842
ENSP00000211998	VCL	107	VPARDYLIDGS		psite	842
ENSP00000211998	VCL	822	FLDSGYRILGA		hprd;pelm;psite	842
ENSP00000240123	SORBS3	358	RRDFVYPSSTR		psite	621
ENSP00000240123	SORBS3	408	KGDIVYIHKEV		psite	621
ENSP00000324740	YES1	32	TSVSHYGAEPT		hprd;pelm;psite	643
ENSP00000324740	YES1	426	IEDNEYTARQG	YES1	hprd;pelm;psite	643
ENSP00000281537	TJP1	520	VGDSFYIRTHF		psite	416
ENSP00000281537	TJP1	550	VVDTLYNGKLG		psite	416
ENSP00000281537	TJP1	822	DDRLSYLSAPG		psite	416
ENSP00000281537	TJP1	843	RHTSDYEDTDT		hprd;psite	416
ENSP00000281537	TJP1	1140	PAPLSYDSRPR		psite	416
ENSP00000281537	TJP1	1146	DSRPRYEQAPR		psite	416
ENSP00000281537	TJP1	1199	QYSRSYEQVPP		psite	416
ENSP00000281537	TJP1	1354	EEDEEYYRKQL		psite	416
ENSP00000324422	ZYX	172	RVSSGYVPPPV		hprd;psite	404
ENSP00000275493	EGFR	915	FGSKPYDGIPA	SRC	hprd;pelm	958
ENSP00000308774	BMX	224	NSKKIYGSQPN	BTK;ITK;TEC	hprd;pelm	621
ENSP00000355136	SORBS1	79	RASSSYRETPS		hprd;pelm	631
ENSP00000331736	SELE	603	ESDGSYQKPSY		hprd	754
ENSP00000304895	IRS1	732	PCTGDYMNMSP	JAK1	hprd	953
ENSP00000269571	ERBB2	923	FGAKPYDGIPA		hprd	971
ENSP00000349259	SPTBN1	1137	QTDAQYMFLRQ		hprd	900
ENSP00000361824	SPTAN1	978	LALYDYQEKSP		hprd	899
