name	PTK2B
id	ENSP00000332816
type	Tyrosine kinase
proline+1_removed	No
npartners	143
npartners_with_sites	125
nsites	241
//
motif	score	fg_matches	fg_size	bg_matches	bg_size	fold_increase
....VYD.P..	334.08	10	714	0	10000	Inf
.....Y.VP..	18.25	20	704	34	10000	8.36
....DY.....	9.86	76	684	499	9966	2.22
.....Y..P..	7.15	64	608	486	9467	2.05
....EY.....	6.64	62	544	511	8981	2
//
prot_id	prot_name	position	flank	kinase	source	string_score
ENSP00000307387	PDCD6IP	223	NQAADYFGDAF		psite	846
ENSP00000307387	PDCD6IP	294	SRYDEYVNVKD		psite	846
ENSP00000284776	SORBS2	118	DDTDMYNTPYT		psite	621
ENSP00000284776	SORBS2	1007	KGAEDYPDPPI		psite	621
ENSP00000379709	ARHGAP21	395	KTYKEYIDNRR		psite	621
ENSP00000379709	ARHGAP21	425	QSTTDYNQVVP		psite	621
ENSP00000379709	ARHGAP21	889	EGLDDYREDAK		psite	621
ENSP00000371897	ARHGAP5	306	PDYEEYINLEG	INSR	pelm;psite	632
ENSP00000371897	ARHGAP5	1019	LEGNEYPIHST		psite	632
ENSP00000371897	ARHGAP5	1091	DPSDNYAEPID		psite	632
ENSP00000371897	ARHGAP5	1109	YSDEIYVVPDD	PTK6;SRC	psite	632
ENSP00000273430	AGTR1	319	LQLLKYIPPKA	SRC	hprd;pelm;psite	825
ENSP00000259089	BLK	188	DEGGYYISPRI		psite	902
ENSP00000259089	BLK	389	IIDSEYTAQEG		psite	902
ENSP00000368759	NEDD9	92	GQQKLYQVPNP		hprd;psite	777
ENSP00000368759	NEDD9	106	PRDTIYQVPPS		psite	777
ENSP00000368759	NEDD9	118	QNQGIYQVPTG		psite	777
ENSP00000368759	NEDD9	132	QEQEVYQVPPS		psite	777
ENSP00000368759	NEDD9	166	GHGYVYEYPSR		hprd;pelm;psite	777
ENSP00000368759	NEDD9	168	GYVYEYPSRYQ		hprd;psite	777
ENSP00000368759	NEDD9	177	YQKDVYDIPPS		hprd;psite	777
ENSP00000368759	NEDD9	189	TTQGVYDIPPS		hprd;psite	777
ENSP00000368759	NEDD9	214	KPQGVYDIPPT		psite	777
ENSP00000368759	NEDD9	223	PTKGVYAIPPS		psite	777
ENSP00000368759	NEDD9	241	LREKDYDFPPP		psite	777
ENSP00000368759	NEDD9	261	RPEGVYDIPPT		psite	777
ENSP00000368759	NEDD9	317	SQNDAYDVPRG		hprd;pelm;psite	777
ENSP00000368759	NEDD9	345	ERDGVYDVPLH		hprd;pelm;psite	777
ENSP00000368759	NEDD9	629	SWMDDYDYVHL		psite	777
ENSP00000368759	NEDD9	631	MDDYDYVHLQG		psite	777
ENSP00000264033	CBL	700	EEDTEYMTPSS	EGFR;FYN;INSR;LCK;SYK;YES1	hprd;pelm;psite	944
ENSP00000264033	CBL	774	NEDDGYDVPKP	EGFR;FYN;LCK;SRC;SYK;YES1	hprd;pelm;psite	944
ENSP00000352264	CD2AP	88	QRISTYGLPAG		hprd;pelm;psite	621
ENSP00000300574	CRK	136	QEEAEYVRALF		psite	981
ENSP00000300574	CRK	221	PEPGPYAQPSV	ABL1;ABL2;EGFR	hprd;pelm;psite	981
ENSP00000346300	CRKL	48	TCPGDYVLSVS		psite	854
ENSP00000346300	CRKL	127	EDNLEYVRTLY		psite	854
ENSP00000346300	CRKL	132	YVRTLYDFPGN		hprd;psite	854
ENSP00000346300	CRKL	198	RNSNSYGIPEP		hprd;pelm;psite	854
ENSP00000346300	CRKL	207	EPAHAYAQPQT	ABL1	hprd;pelm;psite	854
ENSP00000220003	CSK	277	GSLVDYLRSRG		psite	811
ENSP00000363480	DLG3	673	VDGQDYHFVVS		hprd;pelm;psite	624
ENSP00000216733	EFS	128	SPDLIYKIPRA		psite	631
ENSP00000216733	EFS	148	DALEVYDVPPT		psite	631
ENSP00000216733	EFS	163	PSSGPYDCPAS		psite	631
ENSP00000216733	EFS	188	EDDAPYDVPLT		psite	631
ENSP00000216733	EFS	217	PGPPIYAAPSN		psite	631
ENSP00000216733	EFS	372	GHHNEYEGIPM		psite	631
ENSP00000216733	EFS	381	PMAEEYDYVHL		psite	631
ENSP00000216733	EFS	383	AEEYDYVHLKG		psite	631
ENSP00000275493	EGFR	869	AEEKEYHAEGG	EGFR;SRC	hprd;pelm;psite	794
ENSP00000275493	EGFR	1016	VDADEYLIPQQ	ABL1;EGFR;SRC	hprd;pelm;psite	794
ENSP00000275493	EGFR	1092	LPVPEYINQSV	ABL1;EGFR	hprd;pelm;psite	794
ENSP00000275493	EGFR	1125	SRDPHYQDPHS	SRC	hprd;pelm;psite	794
ENSP00000275493	EGFR	1138	VGNPEYLNTVQ		hprd;psite	794
ENSP00000275493	EGFR	1172	LDNPDYQQDFF	EGFR	hprd;pelm;psite	794
ENSP00000275493	EGFR	1197	AENAEYLRVAP	ABL1;EGFR	hprd;pelm;psite	794
ENSP00000381031	EWSR1	417	DATVSYEDPPT		psite	621
ENSP00000341189	PTK2	155	QVKSDYMLEIA		psite	634
ENSP00000341189	PTK2	397	SETDDYAEIID	FGR;MET;PTK2;SRC	hprd;pelm;psite	634
ENSP00000341189	PTK2	407	DEEDTYTMPST	MET;PTK2;PTK2B;SRC	hprd;pelm;psite	634
ENSP00000341189	PTK2	441	VHQGIYMSPEN	BMX;SRC	psite	634
ENSP00000341189	PTK2	720	PSRPGYPSPRS		psite	634
ENSP00000410294	FGFR2	467	AGVSEYELPED		psite	624
ENSP00000410294	FGFR2	587	PPGMEYSYDIN		psite	624
ENSP00000410294	FGFR2	617	ARGMEYLASQK		psite	624
ENSP00000410294	FGFR2	657	INNIDYYKKTT		psite	624
ENSP00000410294	FGFR2	770	TTNEEYLDLSQ	FGFR2	hprd;pelm;psite	624
ENSP00000260795	FGFR3	577	PPGLDYSFDTC	FGFR3	hprd;pelm;psite	622
ENSP00000260795	FGFR3	607	ARGMEYLASQK		psite	622
ENSP00000260795	FGFR3	647	VHNLDYYKKTT	FGFR3	hprd;pelm;psite	622
ENSP00000260795	FGFR3	760	TSTDEYLDLSA	FGFR3	hprd;pelm;psite	622
ENSP00000363115	FGR	412	IKDDEYNPCQG	FGR	hprd;pelm;psite	908
ENSP00000357656	FYN	420	IEDNEYTARQG	FYN	hprd;pelm;psite	997
ENSP00000378338	GIT1	330	PVNPEYSATRN		psite	732
ENSP00000378338	GIT1	392	DDQHDYDSVAS		hprd;pelm;psite	732
ENSP00000378338	GIT1	607	GADSDYENTQS		hprd;pelm;psite	732
ENSP00000378338	GIT1	246	HKNGHYIIPQM		hprd;psite	732
ENSP00000339007	GRB2	209	MFPRNYVTPVN	EGFR;JAK2	hprd;pelm;psite	988
ENSP00000324806	GSK3B	222	ICSRYYRAPEL		psite	902
ENSP00000365012	HCK	89	VALYDYEAIHH		psite	901
ENSP00000365012	HCK	209	DNGGFYISPRS	HCK	hprd;pelm;psite	901
ENSP00000365012	HCK	411	IEDNEYTAREG	HCK	hprd;pelm;psite	901
ENSP00000269571	ERBB2	877	IDETEYHADGG	ERBB2	hprd;pelm;psite	656
ENSP00000269571	ERBB2	1023	VDAEEYLVPQQ	ERBB2	hprd;psite	656
ENSP00000269571	ERBB2	1127	SETDGYVAPLT		psite	656
ENSP00000269571	ERBB2	1139	SPQPEYVNQPD	ERBB2	hprd;pelm;psite	656
ENSP00000269571	ERBB2	1196	VENPEYLTPQG	ERBB2	hprd;pelm;psite	656
ENSP00000269571	ERBB2	1248	AENPEYLGLDV	ERBB2	hprd;pelm;psite	656
ENSP00000267101	ERBB3	1159	EDVNGYVMPDT		psite	663
ENSP00000267101	ERBB3	1197	DEDEEYEYMNR		hprd;psite	663
ENSP00000267101	ERBB3	1199	DEEYEYMNRRR		hprd;pelm;psite	663
ENSP00000267101	ERBB3	1260	TPDEDYEYMNR		hprd;psite	663
ENSP00000267101	ERBB3	1262	DEDYEYMNRQR		hprd;pelm;psite	663
ENSP00000267101	ERBB3	1276	GPGGDYAAMGA		hprd;pelm;psite	663
ENSP00000267101	ERBB3	1328	FDNPDYWHSRL		hprd;pelm;psite	663
ENSP00000360200	INADL	879	EEYELYQDPSP		psite	528
ENSP00000261023	ITGAV	591	TIFMEYRLDYR		hprd;pelm;psite	899
ENSP00000364094	ITGB1	141	KRAEDYPIDLY		psite	904
ENSP00000303242	ITGB2	735	SDLREYRRFEK	LCK	psite	922
ENSP00000343204	JAK1	993	CKGMDYLGSRQ		psite	960
ENSP00000343204	JAK1	1034	ETDKEYYTVKD	JAK3	hprd;pelm;psite	960
ENSP00000371067	JAK2	221	AKIQDYHILTR	JAK2	hprd;psite	647
ENSP00000371067	JAK2	570	REVGDYGQLHE	JAK2	hprd;pelm;psite	647
ENSP00000371067	JAK2	790	NNCMDYEPDFR		psite	647
ENSP00000371067	JAK2	813	LFTPDYELLTE	JAK2	hprd;pelm;psite	647
ENSP00000371067	JAK2	931	KLIMEYLPYGS		psite	647
ENSP00000371067	JAK2	940	GSLRDYLQKHK		psite	647
ENSP00000371067	JAK2	966	CKGMEYLGTKR		psite	647
ENSP00000371067	JAK2	1007	PQDKEYYKVKE	JAK2	hprd;pelm;psite	647
ENSP00000391676	JAK3	785	LISSDYELLSD	JAK3	hprd;pelm;psite	963
ENSP00000391676	JAK3	904	RLVMEYLPSGC	JAK3	psite	963
ENSP00000391676	JAK3	939	CKGMEYLGSRR	JAK3	psite	963
ENSP00000391676	JAK3	980	PLDKDYYVVRE	JAK3	hprd;pelm;psite	963
ENSP00000337825	LCK	192	DNGGFYISPRI	SYK	hprd;pelm;psite	960
ENSP00000337825	LCK	394	IEDNEYTAREG	FCGR3A;LCK	hprd;pelm;psite	960
ENSP00000337825	LCK	489	RPTFDYLRSVL		psite	960
ENSP00000375986	MAP3K4	138	ENVEEYSYKQE		psite	845
ENSP00000375986	MAP3K4	442	GNEPEYEGDDT		psite	845
ENSP00000375986	MAP3K4	582	MWGSDYVQLSR		psite	845
ENSP00000375986	MAP3K4	1548	RPWHEYEHNFQ		psite	845
ENSP00000261681	MPP5	528	VAGRDYHFVSR		psite	550
ENSP00000245503	MYH2	413	KVGNEYVTKGQ		psite	627
ENSP00000347379	OCLN	315	SPPSDYVERVD		psite	409
ENSP00000347379	OCLN	402	HYETDYTTGGE	SRC	psite	409
ENSP00000347379	OCLN	443	TGLQEYKSLQS		psite	409
ENSP00000347379	OCLN	467	KELDDYREESE		psite	409
ENSP00000347379	OCLN	474	EESEEYMAAAD		psite	409
ENSP00000347379	OCLN	481	AAADEYNRLKQ		psite	409
ENSP00000162330	BCAR1	115	QPDSVYLVPTP	SRC	hprd;psite	999
ENSP00000162330	BCAR1	128	AQQGLYQVPGP	FGFR1;SRC	hprd;pelm;psite	999
ENSP00000162330	BCAR1	165	PATDLYQVPPG	PTK6;SRC	hprd;pelm;psite	999
ENSP00000162330	BCAR1	179	PAQDIYQVPPS	SRC	hprd;psite	999
ENSP00000162330	BCAR1	192	MGHDIYQVPPS	SRC	hprd;psite	999
ENSP00000162330	BCAR1	234	PEQDEYDIPRH	SRC	hprd;pelm;psite	999
ENSP00000162330	BCAR1	249	GPQDIYDVPPV	FGFR1	hprd;pelm;psite	999
ENSP00000162330	BCAR1	267	YGQEVYDTPPM	SRC	hprd;psite	999
ENSP00000162330	BCAR1	287	PLLEVYDVPPS	SRC	hprd;psite	999
ENSP00000162330	BCAR1	306	NHHAVYDVPPS	FGFR1	hprd;pelm;psite	999
ENSP00000162330	BCAR1	327	LREETYDVPPA	FGFR1	hprd;pelm;psite	999
ENSP00000162330	BCAR1	362	PAEDVYDVPPP	SRC	hprd;psite	999
ENSP00000162330	BCAR1	372	PAPDLYDVPPG		hprd;psite	999
ENSP00000162330	BCAR1	387	GPGTLYDVPRE	SRC	hprd;pelm;psite	999
ENSP00000162330	BCAR1	410	VDSGVYAVPPP	FGFR1;PTK2	hprd;pelm;psite	999
ENSP00000162330	BCAR1	664	GWMEDYDYVHL	PTK2;PTK6	hprd;pelm;psite	999
ENSP00000162330	BCAR1	666	MEDYDYVHLQG	PTK2	hprd;psite	999
ENSP00000269305	TP53	327	PLDGEYFTLQI		psite	569
ENSP00000363921	PARD3	933	AIDKSYDKPAV		psite	507
ENSP00000363921	PARD3	1080	ARERDYAEIQD		hprd;psite	507
ENSP00000363921	PARD3	1321	VQDPSYAPPKG		psite	507
ENSP00000344220	PDPK1	248	VGTAQYVSPEL		psite	634
ENSP00000344220	PDPK1	288	RAGNEYLIFQK		psite	634
ENSP00000289153	PIK3CB	246	VSPYDYVLQVS		psite	590
ENSP00000289153	PIK3CB	503	NKKQPYYYPPF		psite	590
ENSP00000289153	PIK3CB	504	KKQPYYYPPFD		psite	590
ENSP00000366563	PIK3CD	440	GERCLYMWPSV		pelm;psite	466
ENSP00000274335	PIK3R1	76	GTYVEYIGRKK		psite	644
ENSP00000274335	PIK3R1	368	KMHGDYTLTLR	INSR	hprd;pelm;psite	644
ENSP00000274335	PIK3R1	452	KKLHEYNTQFQ		hprd;pelm;psite	644
ENSP00000274335	PIK3R1	463	EKSREYDRLYE		psite	644
ENSP00000274335	PIK3R1	470	RLYEEYTRTSQ		psite	644
ENSP00000274335	PIK3R1	508	RYSKEYIEKFK		psite	644
ENSP00000274335	PIK3R1	556	KQAAEYREIDK		hprd;pelm;psite	644
ENSP00000305355	PRKCB	507	CGTPDYIAPEI		psite	805
ENSP00000331602	PRKCD	374	KGRGEYFAIKA		hprd;psite	967
ENSP00000331602	PRKCD	514	CGTPDYIAPEI	LCK	hprd;psite	967
ENSP00000331602	PRKCD	630	KSPRDYSNFDQ		psite	967
ENSP00000306124	PRKCE	573	CGTPDYIAPEI		psite	923
ENSP00000263431	PRKCG	521	CGTPDYIAPEI		psite	901
ENSP00000329127	PRKCH	676	FRNFSYVSPEL		psite	917
ENSP00000263125	PRKCQ	545	CGTPDYIAPEI		psite	915
ENSP00000361021	PTEN	315	DNDKEYLVLTL	LCK	hprd;pelm;psite	516
ENSP00000361021	PTEN	336	DKANRYFSPNF	FRK	psite	516
ENSP00000248594	PTPN12	88	SQDSDYINANF		psite	878
ENSP00000228307	PXN	31	SEETPYSYPTG	PTK2;PTK6	hprd;pelm;psite	999
ENSP00000228307	PXN	118	EEEHVYSFPNK	FYN;PTK2;PTK6	hprd;pelm;psite	999
ENSP00000228307	PXN	181	ALSPLYGVPET		hprd;pelm;psite	999
ENSP00000249071	RAC2	64	AGQEDYDRLRP		psite	828
ENSP00000304283	RAC3	64	AGQEDYDRLRP		psite	838
ENSP00000274376	RASA1	164	LDGPEYEEEEV		psite	901
ENSP00000274376	RASA1	239	AMCGDYYIGGR		psite	901
ENSP00000317817	SH2D3C	183	EAGSDYVKFSK		hprd;pelm;psite	621
ENSP00000317817	SH2D3C	487	PSLSSYSDPDS		hprd;psite	621
ENSP00000391592	PTPN6	301	IPGSDYINANY		psite	869
ENSP00000391592	PTPN6	390	HDTTEYKLRTL		psite	869
ENSP00000391592	PTPN6	536	GQESEYGNITY	ABL1;INSR;LCK;SRC	hprd;pelm;psite	869
ENSP00000340944	PTPN11	62	QNTGDYYDLYG		hprd;pelm;psite	993
ENSP00000340944	PTPN11	304	EPVSDYINANI		pelm;psite	993
ENSP00000340944	PTPN11	542	RKGHEYTNIKY	ALK;FYN;PDGFRB	hprd;pelm;psite	993
ENSP00000358770	SLK	1225	RISKFYPIPSL		psite	619
ENSP00000338345	SNCA	125	PDNEAYEMPSE	FYN;PTK2B;SRC;SYK	hprd;pelm;psite	619
ENSP00000350941	SRC	419	IEDNEYTARQG	PDGFRA;PDGFRB;PRKACA;SRC	hprd;pelm;psite	999
ENSP00000350941	SRC	522	AFLEDYFTSTE		psite	999
ENSP00000354394	STAT1	170	DLQDEYDFKCK		psite	405
ENSP00000264657	STAT3	686	EAFGKYCRPES		hprd;psite	731
ENSP00000364898	SYK	28	EEAEDYLVQGG		psite	961
ENSP00000364898	SYK	296	SRIKSYSFPKP		hprd;pelm;psite	961
ENSP00000364898	SYK	348	MDTEVYESPYA	SYK	hprd;pelm;psite	961
ENSP00000364898	SYK	352	VYESPYADPEE	SYK	hprd;pelm;psite	961
ENSP00000303476	TLN2	49	GQASDYGLFLS		psite	437
ENSP00000303476	TLN2	72	GRTLDYYMLRN		psite	437
ENSP00000303476	TLN2	1665	QRECDYSIDGI		hprd;pelm;psite	437
ENSP00000303476	TLN2	1854	GTFVDYQTTVV		psite	437
ENSP00000316029	TLN1	70	GKALDYYMLRN		hprd;pelm;psite	774
ENSP00000316029	TLN1	127	TNHDEYSLVRE		psite	774
ENSP00000316029	TLN1	570	PAETDYTAVGC		psite	774
ENSP00000316029	TLN1	1737	SQMAQYFEPLT		psite	774
ENSP00000316029	TLN1	1893	QLTSDYGRLAS		psite	774
ENSP00000171887	TNS1	327	SVSVDYNTSDP		pelm;psite	510
ENSP00000171887	TNS1	798	YSPYDYQPCLA		psite	510
ENSP00000171887	TNS1	1144	TVGSSYSSPDY		psite	510
ENSP00000171887	TNS1	1149	YSSPDYSLQHF		pelm;psite	510
ENSP00000171887	TNS1	1326	VAYGGYSTPED		pelm;psite	510
ENSP00000171887	TNS1	1345	SSASGYQAPST		psite	510
ENSP00000171887	TNS1	1440	PDFSKYSMPDN		psite	510
ENSP00000300482	TRPM2	682	ALAEEYEHRAI		hprd;psite	462
ENSP00000301071	TUBA1A	161	RLSVDYGKKSK		psite	404
ENSP00000301071	TUBA1A	172	LEFSIYPAPQV		psite	404
ENSP00000301071	TUBA1A	357	KVGINYQPPTV		psite	404
ENSP00000301071	TUBA1A	432	ALEKDYEEVGV		psite	404
ENSP00000344818	UBC	59	RTLSDYNIQKE		psite	665
ENSP00000282397	FLT1	794	EIKTDYLSIIM		hprd;pelm;psite	695
ENSP00000282397	FLT1	1048	LARDIYKNPDY		hprd;pelm;psite	695
ENSP00000282397	FLT1	1053	YKNPDYVRKGD		hprd;pelm;psite	695
ENSP00000282397	FLT1	1169	QDGKDYIPINA	FLT1	hprd;pelm;psite	695
ENSP00000282397	FLT1	1242	SMFDDYQGDSS	FLT1	hprd;pelm;psite	695
ENSP00000282397	FLT1	1327	SPPPDYNSVVL	FLT1	hprd;pelm;psite	695
ENSP00000282397	FLT1	1333	NSVVLYSTPPI	FLT1	hprd;pelm;psite	695
ENSP00000263923	KDR	951	RQGKDYVGAIP	KDR	hprd;pelm;psite	910
ENSP00000263923	KDR	1054	LARDIYKDPDY	KDR	hprd;pelm;psite	910
ENSP00000263923	KDR	1059	YKDPDYVRKGD	KDR	hprd;pelm;psite	910
ENSP00000263923	KDR	1175	QDGKDYIVLPI	KDR;SRC	hprd;pelm;psite	910
ENSP00000324740	YES1	146	YIPSNYVAPAD		psite	904
ENSP00000324740	YES1	426	IEDNEYTARQG	YES1	hprd;pelm;psite	904
ENSP00000264972	ZAP70	126	AMVRDYVRQTW	ZAP70	hprd;pelm;psite	619
ENSP00000264972	ZAP70	221	DKAGKYCIPEG		psite	619
ENSP00000264972	ZAP70	315	MDTSVYESPYS	ZAP70	hprd;pelm;psite	619
ENSP00000264972	ZAP70	319	VYESPYSDPEE	ABL1;ZAP70	hprd;pelm;psite	619
ENSP00000264033	CBL	337	FREGFYLFPDG		pelm	944
ENSP00000220003	CSK	304	CEAMEYLEGNN	CSK	hprd	811
ENSP00000364898	SYK	131	NLIREYVKQTW	LYN	hprd	961
