name	PTK6
id	ENSP00000217185
type	Tyrosine kinase
proline+1_removed	No
npartners	15
npartners_with_sites	14
nsites	33
//
motif	score	fg_matches	fg_size	bg_matches	bg_size	fold_increase
.....Y.VPP.	330.81	10	136	0	10000	Inf
.....Y..P..	6.5	23	126	544	10000	3.36
//
prot_id	prot_name	position	flank	kinase	source	string_score
ENSP00000275493	EGFR	1016	VDADEYLIPQQ	ABL1;EGFR;SRC	hprd;pelm;psite	721
ENSP00000275493	EGFR	1125	SRDPHYQDPHS	SRC	hprd;pelm;psite	721
ENSP00000385720	ARHGAP35	1087	FDPSDYAEPMD		hprd;pelm;psite	835
ENSP00000385720	ARHGAP35	1105	EEENIYSVPHD	SRC	hprd;pelm;psite	835
ENSP00000269571	ERBB2	1023	VDAEEYLVPQQ	ERBB2	hprd;psite	692
ENSP00000269571	ERBB2	1127	SETDGYVAPLT		psite	692
ENSP00000269571	ERBB2	1196	VENPEYLTPQG	ERBB2	hprd;pelm;psite	692
ENSP00000267101	ERBB3	1159	EDVNGYVMPDT		psite	690
ENSP00000162330	BCAR1	115	QPDSVYLVPTP	SRC	hprd;psite	806
ENSP00000162330	BCAR1	128	AQQGLYQVPGP	FGFR1;SRC	hprd;pelm;psite	806
ENSP00000162330	BCAR1	165	PATDLYQVPPG	PTK6;SRC	hprd;pelm;psite	806
ENSP00000162330	BCAR1	179	PAQDIYQVPPS	SRC	hprd;psite	806
ENSP00000162330	BCAR1	192	MGHDIYQVPPS	SRC	hprd;psite	806
ENSP00000162330	BCAR1	234	PEQDEYDIPRH	SRC	hprd;pelm;psite	806
ENSP00000162330	BCAR1	249	GPQDIYDVPPV	FGFR1	hprd;pelm;psite	806
ENSP00000162330	BCAR1	267	YGQEVYDTPPM	SRC	hprd;psite	806
ENSP00000162330	BCAR1	287	PLLEVYDVPPS	SRC	hprd;psite	806
ENSP00000162330	BCAR1	306	NHHAVYDVPPS	FGFR1	hprd;pelm;psite	806
ENSP00000162330	BCAR1	327	LREETYDVPPA	FGFR1	hprd;pelm;psite	806
ENSP00000162330	BCAR1	362	PAEDVYDVPPP	SRC	hprd;psite	806
ENSP00000162330	BCAR1	372	PAPDLYDVPPG		hprd;psite	806
ENSP00000162330	BCAR1	387	GPGTLYDVPRE	SRC	hprd;pelm;psite	806
ENSP00000162330	BCAR1	410	VDSGVYAVPPP	FGFR1;PTK2	hprd;pelm;psite	806
ENSP00000349748	SFPQ	320	RLFAKYGEPGE		hprd;psite	621
ENSP00000349748	SFPQ	602	YSRMGYMDPRE		psite	621
ENSP00000349748	SFPQ	698	RGREEYEGPNK		psite	621
ENSP00000228307	PXN	31	SEETPYSYPTG	PTK2;PTK6	hprd;pelm;psite	860
ENSP00000228307	PXN	118	EEEHVYSFPNK	FYN;PTK2;PTK6	hprd;pelm;psite	860
ENSP00000228307	PXN	181	ALSPLYGVPET		hprd;pelm;psite	860
ENSP00000264657	STAT3	686	EAFGKYCRPES		hprd;psite	859
ENSP00000293328	STAT5B	668	LNYLIYVFPDR		hprd;psite	854
ENSP00000293328	STAT5B	682	EVYSKYYTPVP		psite	854
ENSP00000293328	STAT5B	699	KAVDGYVKPQI	EGFR;HCK;PTK6;SRC	hprd;pelm;psite	854
