name	RAF1
id	ENSP00000251849
type	Serine/threonine kinase
proline+1_removed	Yes
npartners	196
npartners_with_sites	168
nsites	337
//
motif	score	fg_matches	fg_size	bg_matches	bg_size	fold_increase
..R..[ST].....	307.65	203	1540	483	9383	2.56
.....[ST]D.E..	13.11	26	1337	36	8900	4.81
...R.[ST].....	6.19	100	1311	404	8864	1.67
//
prot_id	prot_name	position	flank	kinase	source	string_score
ENSP00000300161	YWHAB	60	GARRSSWRVIS	PRKCD	hprd;pelm;psite	999
ENSP00000264335	YWHAE	64	SWRIISSIEQK		hprd;psite	996
ENSP00000248975	YWHAH	59	GARRSSWRVIS		pelm;psite	999
ENSP00000306330	YWHAG	59	GARRSSWRVIS	LATS2	psite	999
ENSP00000309503	YWHAZ	58	GARRSSWRVVS	AKT1;MAPKAPK2;PRKACA	hprd;pelm;psite	999
ENSP00000309503	YWHAZ	63	SWRVVSSIEQK		psite	999
ENSP00000311405	ADCY6	576	RTRANSMEGLM		hprd;pelm;psite	621
ENSP00000270202	AKT1	72	RPRPNTFIIRC	AKT1	psite	994
ENSP00000270202	AKT1	146	PKHRVTMNEFE		psite	994
ENSP00000270202	AKT1	246	RERVFSEDRAR	AKT1	psite	994
ENSP00000346148	PRKAA1	191	LSNMMSDGEFL		psite	621
ENSP00000346148	PRKAA1	199	EFLRTSCGSPN		hprd;pelm;psite	621
ENSP00000346148	PRKAA1	403	PRARHTLDELN	PRKAA1	psite	621
ENSP00000346148	PRKAA1	511	PQRSGSVSNYR	PRKAA1	hprd;pelm;psite	621
ENSP00000346148	PRKAA1	523	CQRSDSDAEAQ		hprd;psite	621
ENSP00000366244	ARAF	212	LQRIRSTSTPN		hprd;pelm;psite	623
ENSP00000366244	ARAF	213	QRIRSTSTPNV		pelm;psite	623
ENSP00000366244	ARAF	214	RIRSTSTPNVH		hprd;pelm;psite	623
ENSP00000366244	ARAF	250	GSRGGSDGTPR		psite	623
ENSP00000366244	ARAF	283	QRERKSLADDK		psite	623
ENSP00000366244	ARAF	299	LGYRDSGYYWE		pelm;psite	623
ENSP00000366244	ARAF	318	LKRIGTGSFGT		psite	623
ENSP00000366244	ARAF	413	DVARQTAQGMD		psite	623
ENSP00000366244	ARAF	458	VKTRWSGAQPL		psite	623
ENSP00000366244	ARAF	547	MRRLLSDCLKF		psite	623
ENSP00000366244	ARAF	582	IERSASEPSLH		hprd;pelm;psite	623
ENSP00000351908	MAP3K5	83	RGRGSSVGGGS	AKT1;AKT2;PIM1	hprd;pelm;psite	660
ENSP00000351908	MAP3K5	966	YLRSISLPVPV	MAP3K5;PDPK1	hprd;pelm;psite	660
ENSP00000309103	BAD	74	IRSRHSSYPAG	PAK1	hprd;psite	924
ENSP00000309103	BAD	75	RSRHSSYPAGT	ARAF;BRAF;PAK1;PIM3;PRKACA;PRKCE;PRKCI;PRKCQ;PRKD1;RAF1;RPS6KA1;RPS6KA3	hprd;pelm;psite	924
ENSP00000309103	BAD	97	PFRGRSRSAPP		psite	924
ENSP00000309103	BAD	99	RGRSRSAPPNL	AKT1;ARAF;BRAF;PAK1;PRKACA;PRKCE;PRKCI;PRKCQ;PRKD1;RAF1;RPS6KA3	hprd;pelm;psite	924
ENSP00000309103	BAD	118	ELRRMSDEFVD	ARAF;BRAF;PAK1;PRKACA;PRKCE;PRKCI;PRKD1;RAF1;RPS6KA1	hprd;pelm;psite	924
ENSP00000309103	BAD	134	LPRPKSAGTAT		hprd;psite	924
ENSP00000288602	BRAF	363	GQRDRSSSAPN		hprd;psite	999
ENSP00000288602	BRAF	364	QRDRSSSAPNV		hprd;pelm;psite	999
ENSP00000288602	BRAF	365	RDRSSSAPNVH	AKT1;AKT3	hprd;pelm;psite	999
ENSP00000288602	BRAF	428	QRERKSSSSSE		psite	999
ENSP00000288602	BRAF	429	RERKSSSSSED	AKT1;AKT3	hprd;pelm;psite	999
ENSP00000288602	BRAF	440	RNRMKTLGRRD		hprd;pelm;psite	999
ENSP00000288602	BRAF	446	LGRRDSSDDWE	PAK1	hprd;pelm;psite	999
ENSP00000288602	BRAF	447	GRRDSSDDWEI		hprd;pelm;psite	999
ENSP00000288602	BRAF	465	GQRIGSGSFGT		psite	999
ENSP00000288602	BRAF	605	VKSRWSGSHQF		psite	999
ENSP00000288602	BRAF	729	IHRSASEPSLN		hprd;pelm;psite	999
ENSP00000349467	CALM1	80	RKMKDTDSEEE	CSNK2A1	pelm;psite	631
ENSP00000349467	CALM1	118	LGEKLTDEEVD		psite	631
ENSP00000011653	CD4	433	QAERMSQIKRL	PRKCA	pelm;psite	429
ENSP00000011653	CD4	440	IKRLLSEKKTC	PRKCA	psite	429
ENSP00000303706	CDC25A	76	LQRMGSSESTD	CHEK1;GSK3B	hprd;pelm;psite	974
ENSP00000303706	CDC25A	107	MRRIHSLPQKL		psite	974
ENSP00000303706	CDC25A	124	LKRSHSDSLDH	CHEK1;CHEK2	hprd;pelm;psite	974
ENSP00000303706	CDC25A	178	TQRQNSAPARM	CHEK1;CHEK2	hprd;pelm;psite	974
ENSP00000303706	CDC25A	293	TKRRKSMSGAS	CHEK1;CHEK2;RPS6KA1	hprd;pelm;psite	974
ENSP00000245960	CDC25B	151	IRRFQSMPVRL		psite	619
ENSP00000245960	CDC25B	167	VLRNITNSQAP		psite	619
ENSP00000245960	CDC25B	178	DGRRKSEAGSG		psite	619
ENSP00000245960	CDC25B	230	AQRPSSAPDLM	CHEK1	pelm;psite	619
ENSP00000245960	CDC25B	323	LFRSPSMPCSV	MAPKAPK2;MELK	pelm;psite	619
ENSP00000245960	CDC25B	353	NKRRRSVTPPE	AURKA;MAPKAPK2;RPS6KA1	hprd;pelm;psite	619
ENSP00000245960	CDC25B	375	VLRSKSLCHDE	BRSK1;MAPKAPK2	hprd;pelm;psite	619
ENSP00000222005	CDC37	13	DHIEVSDDEDE	CSNK2A1;CSNK2A2	hprd;pelm;psite	857
ENSP00000219548	STUB1	149	KKRWNSIEERR		psite	937
ENSP00000354609	CNKSR1	300	HQRSPSLSLAP		hprd;pelm;psite	845
ENSP00000288071	DDX19B	468	IERLDTDDLDE		psite	483
ENSP00000369127	DNAJA1	156	PNCRGTGMQIR		psite	800
ENSP00000330054	EEF1A1	269	VGRVETGVLKP		psite	663
ENSP00000330054	EEF1A1	383	KIDRRSGKKLE		psite	663
ENSP00000330054	EEF1A1	432	RDMRQTVAVGV	PASK;PRKCD	hprd;pelm;psite	663
ENSP00000370330	ERBB2IP	440	DVMFISDNESF		hprd;pelm;psite	621
ENSP00000370330	ERBB2IP	603	SEELSSDEEMK		hprd;pelm;psite	621
ENSP00000370330	ERBB2IP	915	IVRSKSATLLY		hprd;pelm;psite	621
ENSP00000370330	ERBB2IP	1015	LPRSESTENQS		psite	621
ENSP00000370330	ERBB2IP	1040	NVRANTAYHLH		psite	621
ENSP00000370330	ERBB2IP	1078	TIQRQSSVSST		hprd;psite	621
ENSP00000370330	ERBB2IP	1079	IQRQSSVSSTA		hprd;pelm;psite	621
ENSP00000370330	ERBB2IP	1133	SARTYSIDGPN		psite	621
ENSP00000370330	ERBB2IP	1144	ASRPQSARPSI		psite	621
ENSP00000370330	ERBB2IP	1148	QSARPSINEIP		psite	621
ENSP00000370330	ERBB2IP	1158	PERTMSVSDFN		hprd;psite	621
ENSP00000370330	ERBB2IP	1179	NARVGSEHSLL		psite	621
ENSP00000370330	ERBB2IP	1245	VARHPSREQLI		hprd;pelm;psite	621
ENSP00000353344	ETS2	246	KSRLSSVSVTY	CAMK2A	psite	621
ENSP00000353344	ETS2	310	VQRVPSFESFE	CAMK2A	psite	621
ENSP00000268171	FURIN	773	QEECPSDSEED	CSNK2A1	psite	409
ENSP00000357656	FYN	21	EERDGSLNQSS	PRKACA	hprd;pelm;psite	652
ENSP00000361458	TSC22D3	73	IMRQDSLEPVL		hprd;psite	967
ENSP00000383382	GP1BB	191	AAARLSLTDPL	PRKACA	hprd;pelm;psite	899
ENSP00000231509	NR3C1	134	LNRSTSVPENP		hprd;pelm;psite	627
ENSP00000381793	GRB10	428	PVRSVSENSLV	MTOR	psite	967
ENSP00000324173	HSPA5	441	LIPRNTVVPTK		psite	627
ENSP00000227378	HSPA8	158	SQRQATKDAGT		psite	845
ENSP00000227378	HSPA8	265	VRRLRTACERA		psite	845
ENSP00000227378	HSPA8	313	DLFRGTLDPVE		psite	845
ENSP00000227378	HSPA8	511	DKGRLSKEDIE		psite	845
ENSP00000340019	HSPD1	410	KVGGTSDVEVN		psite	619
ENSP00000302961	HSPA4	76	HGRAFSDPFVE		hprd;pelm;psite	648
ENSP00000302961	HSPA4	113	EERNFTTEQVT		hprd;psite	648
ENSP00000302961	HSPA4	393	KVREFSITDVV		psite	648
ENSP00000302961	HSPA4	415	AEEGSSDCEVF		hprd;psite	648
ENSP00000302961	HSPA4	647	EDDRNSFTLKL		psite	648
ENSP00000335153	HSP90AA1	185	KIRYESLTDPS		psite	999
ENSP00000335153	HSP90AA1	212	QDRTLTIVDTG	PRKACA	hprd;psite	999
ENSP00000335153	HSP90AA1	353	RDKEVSDDEAE	CSNK2A1	hprd;pelm;psite	999
ENSP00000335153	HSP90AA1	385	IEDVGSDEEEE	CSNK2A1	hprd;pelm;psite	999
ENSP00000335153	HSP90AA1	745	ALRDNSTMGYM		psite	999
ENSP00000325875	HSP90AB1	58	KIRYESLTDPS		psite	941
ENSP00000325875	HSP90AB1	226	REKEISDDEAE	CSNK2A1	hprd;pelm;psite	941
ENSP00000325875	HSP90AB1	255	IEDVGSDEEDD	AURKB;CSNK2A1	hprd;pelm;psite	941
ENSP00000325875	HSP90AB1	452	NRRRLSELLRY	AURKB	hprd;psite	941
ENSP00000325875	HSP90AB1	459	LLRYHTSQSGD		psite	941
ENSP00000325875	HSP90AB1	615	ALRDNSTMGYM		psite	941
ENSP00000343957	IFNAR2	324	DDESDSDTEAA		psite	838
ENSP00000303830	INSR	361	ELRGCTVINGS		psite	627
ENSP00000303830	INSR	400	LKIRRSYALVS		hprd;pelm;psite	627
ENSP00000303830	INSR	1333	PLDRSSHCQRE		pelm;psite	627
ENSP00000303830	INSR	1375	NGRILTLPRSN	PRKCA	hprd;pelm;psite	627
ENSP00000381064	INTS10	81	VWREISIITSA		psite	538
ENSP00000381064	INTS10	379	EGREKTMSSDD		psite	538
ENSP00000381064	INTS10	382	EKTMSSDDEDC		psite	538
ENSP00000343204	JAK1	1030	TKAIETDKEYY		psite	648
ENSP00000250894	MAPK8IP3	314	REKRDSRNMEV	ROCK1	psite	846
ENSP00000250894	MAPK8IP3	364	LDRTGSSPTQG	ROCK1	psite	846
ENSP00000373487	KRT18	8	FTTRSTFSTNY		hprd;psite	619
ENSP00000373487	KRT18	30	GARPVSSAASV		hprd;pelm;psite	619
ENSP00000373487	KRT18	47	SGSRISVSRST		hprd;psite	619
ENSP00000373487	KRT18	52	SVSRSTSFRGG		hprd;psite	619
ENSP00000373487	KRT18	53	VSRSTSFRGGM	CAMK1;MAPKAPK2;PRKCA;PRKCE;RPS6KB2	hprd;pelm;psite	619
ENSP00000373487	KRT18	93	NDRLASYLDRV		psite	619
ENSP00000373487	KRT18	100	LDRVRSLETEN		hprd;psite	619
ENSP00000373487	KRT18	110	NRRLESKIREH		psite	619
ENSP00000373487	KRT18	127	QVRDWSHYFKI		hprd;psite	619
ENSP00000373487	KRT18	177	LAMRQSVENDI		hprd;psite	619
ENSP00000373487	KRT18	302	TELRRTVQSLE		hprd;psite	619
ENSP00000355124	KRT19	10	SYRQSSATSSF		hprd;pelm;psite	619
ENSP00000355124	KRT19	35	AFRAPSIHGGS		hprd;pelm;psite	619
ENSP00000355124	KRT19	46	GGRGVSVSSAR		hprd;pelm;psite	619
ENSP00000355124	KRT19	93	NDRLASYLDKV		psite	619
ENSP00000355124	KRT19	302	TDLRRTLQGLE		hprd;psite	619
ENSP00000293308	KRT8	21	GPRAFSSRSYT		hprd;pelm;psite	619
ENSP00000293308	KRT8	26	SSRSYTSGPGS		hprd;psite	619
ENSP00000293308	KRT8	34	PGSRISSSSFS		hprd;pelm;psite	619
ENSP00000293308	KRT8	35	GSRISSSSFSR		hprd;pelm;psite	619
ENSP00000293308	KRT8	43	FSRVGSSNFRG		hprd;pelm;psite	619
ENSP00000293308	KRT8	303	DDLRRTKTEIS		psite	619
ENSP00000293308	KRT8	305	LRRTKTEISEM		psite	619
ENSP00000293308	KRT8	315	MNRNISRLQAE		hprd;psite	619
ENSP00000293308	KRT8	330	KGQRASLEAAI		hprd;pelm;psite	619
ENSP00000293308	KRT8	404	ESRLESGMQNM		psite	619
ENSP00000293308	KRT8	456	SFSRTSSSRAV		hprd;psite	619
ENSP00000293308	KRT8	457	FSRTSSSRAVV		psite	619
ENSP00000339952	KSR2	474	LVRTESVPCDI		psite	647
ENSP00000339952	KSR2	490	KPPRYSDLHIS		psite	647
ENSP00000339952	KSR2	939	RNRRLSHPGHF		psite	647
ENSP00000337825	LCK	42	LIRNGSEVRDP	MAPK1;MAPK3;PRKACA;PRKCA	hprd;pelm;psite	626
ENSP00000337825	LCK	210	LVRHYTNASDG		psite	626
ENSP00000308383	LSP1	204	IDRTESLNRSI	MAPKAPK2	hprd;pelm;psite	800
ENSP00000308383	LSP1	252	LARQASIELPS	MAPKAPK2	hprd;pelm;psite	800
ENSP00000263800	LTK	475	SKLRTSAIRTA		psite	619
ENSP00000302486	MAP2K1	298	PGRPLSSYGMD	PAK1	hprd;pelm;psite	999
ENSP00000262948	MAP2K2	306	PGRPVSGHGMD		psite	999
ENSP00000382423	MAP3K1	20	PGARATSPEAG		psite	633
ENSP00000382423	MAP3K1	1016	PCRIPSASPQT		psite	633
ENSP00000382423	MAP3K1	1026	TQRKFSLQFHR		psite	633
ENSP00000390500	STK3	117	RLRNKTLIEDE	AKT1	psite	682
ENSP00000390500	STK3	180	MAKRNTVIGTP	STK3	hprd;pelm;psite	682
ENSP00000390500	STK3	384	MKRNATSPQVQ	AKT1	hprd;pelm;psite	682
ENSP00000390500	STK3	392	QVQRPSFMDYF		psite	682
ENSP00000377867	MST4	178	QIKRNTFVGTP	MST4	hprd;psite	663
ENSP00000377867	MST4	264	PSFRPTAKELL		psite	663
ENSP00000377867	MST4	300	KAEGHSDDESD		hprd;pelm;psite	663
ENSP00000377867	MST4	304	HSDDESDSEGS		hprd;pelm;psite	663
ENSP00000377867	MST4	309	SDSEGSDSEST		hprd;pelm;psite	663
ENSP00000367207	MYC	82	SPSRRSGLCSP		psite	680
ENSP00000367207	MYC	265	PPTTSSDSEEE	CSNK2A1	psite	680
ENSP00000367207	MYC	358	NNRKCTSPRSS		psite	680
ENSP00000367207	MYC	363	TSPRSSDTEEN	CSNK2A1	hprd;psite	680
ENSP00000367207	MYC	373	NVKRRTHNVLE		psite	680
ENSP00000383199	NEDD4L	335	IQREPSSRLRS		psite	619
ENSP00000383199	NEDD4L	340	SSRLRSCSVTD		psite	619
ENSP00000383199	NEDD4L	342	RLRSCSVTDAV	PRKACA;SGK1	hprd;pelm;psite	619
ENSP00000383199	NEDD4L	365	AGRARSSTVTG		psite	619
ENSP00000383199	NEDD4L	366	GRARSSTVTGG		psite	619
ENSP00000383199	NEDD4L	367	RARSSTVTGGE	PRKACA;SGK1	pelm;psite	619
ENSP00000383199	NEDD4L	446	IRRPRSLSSPT		hprd;pelm;psite	619
ENSP00000383199	NEDD4L	448	RPRSLSSPTVT	PRKACA;SGK1	hprd;pelm;psite	619
ENSP00000226574	NFKB1	338	QLRRKSDLETS	PRKACA	hprd;pelm;psite	810
ENSP00000226574	NFKB1	938	SFRKLSFTESL		psite	810
ENSP00000384273	RELA	276	QLRRPSDRELS	PIM1;PRKACA;RPS6KA4;RPS6KA5	hprd;pelm;psite	800
ENSP00000384273	RELA	281	SDRELSEPMEF		psite	800
ENSP00000384273	RELA	505	ITRLVTGAQRP		pelm;psite	800
ENSP00000229794	MAPK14	175	GLARHTDDEMT		hprd;psite	803
ENSP00000278568	PAK1	21	PMRNTSTMIGA	PAK1;PRKG1	hprd;psite	990
ENSP00000278568	PAK1	423	QSKRSTMVGTP	PAK1;PDK1;PDPK1	hprd;pelm;psite	990
ENSP00000314067	PAK2	19	PPVRMSSTIFS	PAK2	hprd;psite	959
ENSP00000314067	PAK2	20	PVRMSSTIFST	PAK2;PRKAA2	hprd;psite	959
ENSP00000314067	PAK2	402	QSKRSTMVGTP	PAK2	hprd;psite	959
ENSP00000353864	PAK3	50	KARLRSIFPGG		psite	919
ENSP00000353864	PAK3	280	RQRKKSKMTDE		psite	919
ENSP00000353864	PAK3	457	QSKRSTMVGTP	PAK3	hprd;psite	919
ENSP00000351049	PAK4	99	VTRSNSLRRDS	PAK4	hprd;pelm;psite	900
ENSP00000351049	PAK4	167	SSREGSGGPQE	PAK4	hprd;pelm;psite	900
ENSP00000351049	PAK4	181	DKRPLSGPDVG		hprd;pelm;psite	900
ENSP00000351049	PAK4	474	VPRRKSLVGTP	PAK4	hprd;pelm;psite	900
ENSP00000322957	PAK7	602	VPKRKSLVGTP		psite	800
ENSP00000260404	PAK6	113	RRRAQSLGLLG		psite	800
ENSP00000260404	PAK6	560	VPKRKSLVGTP		hprd;pelm;psite	800
ENSP00000419975	PEX5L	261	LSRNHSLEEEF		hprd;psite	621
ENSP00000300408	PHB	108	LPRIFTSIGED		psite	619
ENSP00000300408	PHB	151	VSRQVSDDLTE		psite	619
ENSP00000300408	PHB	258	RSRNITYLPAG		psite	619
ENSP00000369274	PHKA2	729	SAHRKSLNLVD		hprd;psite	538
ENSP00000369274	PHKA2	1015	MTRRFSADEQF		hprd;pelm;psite	538
ENSP00000247970	PIN1	16	WEKRMSRSSGR	AURKA;PRKACA	pelm;psite	959
ENSP00000247970	PIN1	71	QSRRPSSWRQE		psite	959
ENSP00000247970	PIN1	72	SRRPSSWRQEK		psite	959
ENSP00000309591	PRKACA	49	FERIKTLGTGS		hprd;psite	630
ENSP00000309591	PRKACA	140	RIGRFSEPHAR		hprd;psite	630
ENSP00000309591	PRKACA	198	KGRTWTLCGTP	PRKACA	hprd;pelm;psite	630
ENSP00000309591	PRKACA	260	KVRFPSHFSSD		psite	630
ENSP00000309591	PRKACA	339	EEIRVSINEKC		hprd;pelm;psite	630
ENSP00000305355	PRKCB	364	SERKGTDELYA		psite	900
ENSP00000305355	PRKCB	634	FDRFFTRHPPV		psite	900
ENSP00000331602	PRKCD	43	TERGKTLVQKK		hprd;psite	965
ENSP00000331602	PRKCD	218	ANSRDTIFQKE	PRKCD	psite	965
ENSP00000331602	PRKCD	299	VTQRASRRSDS	PRKCD	hprd;pelm;psite	965
ENSP00000331602	PRKCD	302	RASRRSDSASS	PRKCD	hprd;pelm;psite	965
ENSP00000331602	PRKCD	304	SRRSDSASSEP	PRKCD	hprd;pelm;psite	965
ENSP00000331602	PRKCD	451	ELYRATFYAAE		psite	965
ENSP00000331602	PRKCD	506	GESRASTFCGT		hprd;psite	965
ENSP00000331602	PRKCD	507	ESRASTFCGTP	PDK1;PDPK1	hprd;pelm;psite	965
ENSP00000331602	PRKCD	645	EKARLSYSDKN	PRKCD	hprd;pelm;psite	965
ENSP00000306124	PRKCE	181	YLRQPTYCSHC		psite	932
ENSP00000306124	PRKCE	346	EDRSKSAPTSP	GSK3B	hprd;psite	932
ENSP00000329127	PRKCH	28	QPTRWSLRHSL	PRKCH	psite	832
ENSP00000329127	PRKCH	32	WSLRHSLFKKG	PRKCH	psite	832
ENSP00000329127	PRKCH	183	YLRQPTYCSHC		psite	832
ENSP00000329127	PRKCH	675	EFRNFSYVSPE		psite	832
ENSP00000263125	PRKCQ	219	INSRETMFHKE	PRKCQ	hprd;pelm;psite	829
ENSP00000263125	PRKCQ	307	RCLRDTEQIFR		psite	829
ENSP00000263125	PRKCQ	370	NKERPSLQIKL		psite	829
ENSP00000263125	PRKCQ	676	EKPRLSFADRA		hprd;pelm;psite	829
ENSP00000263125	PRKCQ	695	MFRNFSFMNPG		hprd;pelm;psite	829
ENSP00000320171	PKM	45	ITARNTGIICT		hprd;pelm;psite	538
ENSP00000320171	PKM	95	NVRTATESFAS		psite	538
ENSP00000320171	PKM	249	FIRKASDVHEV		psite	538
ENSP00000322570	POLE	202	RGGVITDEEET		psite	430
ENSP00000322570	POLE	1297	RQRLESAEGVL		psite	430
ENSP00000354871	PPEF1	84	ELRNQSLESEQ		psite	619
ENSP00000335084	PPP1CC	22	LEVRGSKPGKN		psite	621
ENSP00000370113	PPP2R2A	378	TKRDITLEASR		hprd;psite	963
ENSP00000333905	PPP2R5C	497	LARRKSELPQD		psite	621
ENSP00000012443	PPP5C	105	YRRAASNMALG		psite	899
ENSP00000228307	PXN	249	SPQRVTSTQQQ		psite	541
ENSP00000228307	PXN	250	PQRVTSTQQQT		psite	541
ENSP00000228307	PXN	258	QQTRISASSAT		hprd;psite	541
ENSP00000285208	RAB6B	137	DKRQITIEEGE		psite	538
ENSP00000348461	RAC1	71	RLRPLSYPQTV	AKT1	hprd;psite	975
ENSP00000250559	RAP1B	179	KARKKSSCQLL	PRKACA;PRKG1	hprd;pelm;psite	863
ENSP00000216127	RASD2	239	FARRPSVNSDL		psite	619
ENSP00000310244	RASGRP1	184	WSRKLTQRIKS	PRKCQ	psite	902
ENSP00000267163	RB1	360	RTPRKSNLDEE		psite	998
ENSP00000267163	RB1	624	TTRVNSTANAE		psite	998
ENSP00000267163	RB1	778	STRPPTLSPIP		psite	998
ENSP00000262133	RBL2	98	VACRKSVPTVS		psite	624
ENSP00000262133	RBL2	962	NKDRTSRDSSP		hprd;pelm;psite	624
ENSP00000262133	RBL2	973	VMRSSSTLPVP		hprd;pelm;psite	624
ENSP00000262133	RBL2	995	LTGANSDMEEE		psite	624
ENSP00000351697	REV3L	1075	IKRTLSFRKKR	CHEK2	psite	430
ENSP00000351697	REV3L	1118	LSERSTSPINS		psite	430
ENSP00000351697	REV3L	2146	GDDRPSSPVEE		psite	430
ENSP00000262187	RHEB	130	MERVISYEEGK		psite	991
ENSP00000261313	PEBP1	51	VKNRPTSISWD		hprd;psite	996
ENSP00000261313	PEBP1	52	KNRPTSISWDG		hprd;pelm;psite	996
ENSP00000256196	RRAS2	10	GWRDGSGQEKY		psite	994
ENSP00000335321	SF3B1	125	KKHRRTMIISP		hprd;psite	619
ENSP00000335321	SF3B1	400	RNRPLSDEELD		psite	619
ENSP00000335321	SF3B1	432	PARKLTATPTP	CDK2	hprd;pelm;psite	619
ENSP00000364912	SPEN	43	LPKRGSEGGVA		hprd;pelm;psite	433
ENSP00000364912	SPEN	260	PQRLASQASRP		hprd;pelm;psite	433
ENSP00000364912	SPEN	266	QASRPTRSPSG		hprd;pelm;psite	433
ENSP00000364912	SPEN	623	EERRASYDYNQ		hprd;psite	433
ENSP00000364912	SPEN	749	AERLPSDSERR		hprd;psite	433
ENSP00000364912	SPEN	838	SQSSETDQENE		psite	433
ENSP00000364912	SPEN	1059	LDRLNTVASPK	CHEK1	psite	433
ENSP00000364912	SPEN	1252	SSRQISEDSER		hprd;psite	433
ENSP00000364912	SPEN	1268	SVRHGSFHEDE		hprd;pelm;psite	433
ENSP00000364912	SPEN	1283	SPRLLSVKGSP		hprd;pelm;psite	433
ENSP00000364912	SPEN	1423	RDERLSSSLER		psite	433
ENSP00000364912	SPEN	1424	DERLSSSLERN		psite	433
ENSP00000364912	SPEN	2423	EERTPTKASVP		hprd;psite	433
ENSP00000364912	SPEN	2452	RFRVHSIIESD		psite	433
ENSP00000364912	SPEN	3568	VARRMTVETDY	PAK1	pelm;psite	433
ENSP00000358464	SHOC2	85	GTRKKSSNAEV		psite	859
ENSP00000340944	PTPN11	34	FLARPSKSNPG		psite	620
ENSP00000340944	PTPN11	576	EMREDSARVYE	PRKCA;PRKCB;PRKCH	hprd;psite	620
ENSP00000384675	SOS1	1043	PGVRPSNPRPG		pelm;psite	855
ENSP00000384675	SOS1	1134	GPRSASVSSIS		hprd;pelm;psite	855
ENSP00000384675	SOS1	1161	RRRPESAPAES		psite	855
ENSP00000384675	SOS1	1197	YSPRYSISDRT	MAPK1	hprd;pelm;psite	855
ENSP00000299084	SPRED1	238	SIRHVSFQDED		hprd;psite	501
ENSP00000366306	SPRY2	75	APRPSTQHKHE	DYRK1A	pelm;psite	621
ENSP00000366306	SPRY2	112	LSRSISTVSSG	MKNK1;MKNK2	psite	621
ENSP00000366306	SPRY2	121	SGSRSSTRTST	MKNK1;MKNK2	psite	621
ENSP00000350941	SRC	17	SQRRRSLEPAE	PRKACA	hprd;pelm;psite	863
ENSP00000350941	SRC	51	GHRGPSAAFAP		psite	863
ENSP00000350941	SRC	269	EIPRESLRLEV		psite	863
ENSP00000318115	TIMM50	148	IGSRGSTKAQG		psite	538
ENSP00000320493	TRIP10	296	MNRAPSDSSLG		hprd;pelm;psite	551
ENSP00000320493	TRIP10	426	SNRGDSLSRHA		hprd;pelm;psite	551
ENSP00000364336	TBXA2R	239	QRPRDSEVEMM	ADRBK1;ADRBK2	psite	621
ENSP00000364336	TBXA2R	324	LQPRLSTRPRS	PRKCA	psite	621
ENSP00000364336	TBXA2R	329	STRPRSLSLQP	PRKACA;PRKCA	hprd;psite	621
ENSP00000364336	TBXA2R	331	RPRSLSLQPQL	PRKCA	hprd;psite	621
ENSP00000344818	UBC	57	DGRTLSDYNIQ		hprd;psite	647
ENSP00000265333	VDAC1	165	AKSRVTQSNFA		psite	621
ENSP00000347858	XIAP	32	FNRLKTFANFP		psite	619
ENSP00000314709	ZHX2	713	VARKATKPMAE		psite	956
ENSP00000300161	YWHAB	132	YFRYLSEVASG	PRKCZ	hprd;pelm	999
ENSP00000262133	RBL2	972	PVMRSSSTLPV		hprd;pelm	624
ENSP00000330054	EEF1A1	242	PPTRPTDKPLR		hprd	663
ENSP00000357656	FYN	512	PEERPTFEYLQ		hprd	652
ENSP00000226574	NFKB1	922	DELRDSDSVCD	CHUK	hprd	810
ENSP00000306124	PRKCE	380	EHRAASSPDGQ		hprd	932
ENSP00000402608	CPS1	1137	CLLRPSYVLSG		hprd	538
ENSP00000347858	XIAP	356	CLVRTTEKTPS		hprd	619
ENSP00000229794	MAPK14	298	SDKRITAAQAL		hprd	803
ENSP00000257566	TBX3	375	PSEGESDAEAE		hprd	400
ENSP00000351697	REV3L	1589	RTPRSTKQKEK		hprd	430
ENSP00000363092	PRKG1	57	VIRPATQQAQK	PRKCA	hprd	623
ENSP00000364912	SPEN	1504	KIRTDSEGKMD		hprd	433
ENSP00000364912	SPEN	2114	AGERESGVVAV		hprd	433
ENSP00000364912	SPEN	3138	APQRASTPQPA		hprd	433
ENSP00000266079	PRPF6	26	LGRGATGFTTR		hprd	619
ENSP00000354609	CNKSR1	385	LATRLSRRRVS	NME1;NME2	hprd	845
ENSP00000301905	PBK	57	SPRGLSHSPWA		hprd	538
ENSP00000301905	PBK	310	PKDRPSAAHIV		hprd	538
