name	RET
id	ENSP00000347942
type	Tyrosine kinase
proline+1_removed	No
npartners	216
npartners_with_sites	163
nsites	124
//
motif	score	fg_matches	fg_size	bg_matches	bg_size	fold_increase
.....YD.PP.	29.16	10	585	1	10000	170.94
.....Y.N...	6.84	49	512	400	9456	2.26
.....Y..P..	6.83	63	575	543	9999	2.02
//
prot_id	prot_name	position	flank	kinase	source	string_score
ENSP00000348573	AKAP9	1213	SVLGEYYTPAL		psite	412
ENSP00000348573	AKAP9	1487	QQEQHYFNEMK		psite	412
ENSP00000348573	AKAP9	3461	SRRILYQNLNE		psite	412
ENSP00000348573	AKAP9	3823	GGLELYGEPRH		psite	412
ENSP00000264033	CBL	700	EEDTEYMTPSS	EGFR;FYN;INSR;LCK;SYK;YES1	hprd;pelm;psite	976
ENSP00000264033	CBL	774	NEDDGYDVPKP	EGFR;FYN;LCK;SRC;SYK;YES1	hprd;pelm;psite	976
ENSP00000264122	CBLB	665	LGSEEYDVPPR		psite	919
ENSP00000264122	CBLB	709	EDDDEYKIPSS		psite	919
ENSP00000263102	CCDC6	336	MDDERYFNEMS		psite	896
ENSP00000263102	CCDC6	392	RAGMSYYNSPG		psite	896
ENSP00000263102	CCDC6	393	AGMSYYNSPGL		psite	896
ENSP00000269141	CDH2	496	VNENPYFAPNP		psite	471
ENSP00000269141	CDH2	886	EQDYDYLNDWG	SRC	psite	471
ENSP00000297848	COL14A1	1758	SGQPGYCDPSS		psite	534
ENSP00000300574	CRK	221	PEPGPYAQPSV	ABL1;ABL2;EGFR	hprd;pelm;psite	987
ENSP00000344456	CTNNB1	489	AVRLHYGLPVV	ABL1	psite	923
ENSP00000382004	CTNND1	248	PSMEGYRAPSR		psite	962
ENSP00000382004	CTNND1	335	PSDQYYWAPLA		psite	962
ENSP00000382004	CTNND1	395	LQHLCYRNDKV		psite	962
ENSP00000382004	CTNND1	904	SLDNNYSTPNE		hprd;pelm;psite	962
ENSP00000301764	DDB1	718	RTVPLYESPRK		psite	461
ENSP00000233668	DOK1	296	SPPALYAEPLD		hprd;pelm;psite	969
ENSP00000233668	DOK1	315	SQDSLYSDPLD		hprd;pelm;psite	969
ENSP00000233668	DOK1	362	KEDPIYDEPEG	INSR	hprd;pelm;psite	969
ENSP00000233668	DOK1	377	PPQGLYDLPRE		hprd;pelm;psite	969
ENSP00000233668	DOK1	398	VKEEGYELPYN	INSR;RET	hprd;pelm;psite	969
ENSP00000233668	DOK1	409	PATDDYAVPPP		hprd;pelm;psite	969
ENSP00000276420	DOK2	192	PGTQLYDWPYR		psite	733
ENSP00000276420	DOK2	271	RPDSPYSRPHD		hprd;pelm;psite	733
ENSP00000276420	DOK2	299	GQEGEYAVPFD		hprd;pelm;psite	733
ENSP00000276420	DOK2	345	RPDHIYDEPEG		hprd;pelm;psite	733
ENSP00000276420	DOK2	357	AALSLYDSPQE		psite	733
ENSP00000276420	DOK2	402	QPGTEYDNVVL		psite	733
ENSP00000349727	DOK3	398	GNEHLYENLCV		psite	621
ENSP00000349727	DOK3	432	TTSPIYHNGQD		hprd;pelm;psite	621
ENSP00000344277	DOK4	255	KGTEHYSYPCT		psite	977
ENSP00000234590	ENO1	189	IGAEVYHNLKN		psite	429
ENSP00000351209	EPHA2	588	KPLKTYVDPHT	EPHA2	hprd;pelm;psite	435
ENSP00000351209	EPHA2	594	VDPHTYEDPNQ	EPHA2	hprd;pelm;psite	435
ENSP00000222139	EPOR	309	FQLWLYQNDGC		psite	515
ENSP00000222139	EPOR	485	LSDGPYSNPYE	JAK2	hprd;psite	515
ENSP00000222139	EPOR	489	PYSNPYENSLI	JAK2	hprd;pelm;psite	515
ENSP00000263025	MAPK3	210	VATRWYRAPEI		psite	642
ENSP00000215832	MAPK1	43	MVCSAYDNVNK		psite	658
ENSP00000215832	MAPK1	193	VATRWYRAPEI		psite	658
ENSP00000335311	EDNRB	430	ANDHGYDNFRS		hprd;psite	657
ENSP00000367446	EXT1	131	KIAESYQNILA		psite	400
ENSP00000341189	PTK2	407	DEEDTYTMPST	MET;PTK2;PTK2B;SRC	hprd;pelm;psite	667
ENSP00000341189	PTK2	441	VHQGIYMSPEN	BMX;SRC	psite	667
ENSP00000341189	PTK2	720	PSRPGYPSPRS		psite	667
ENSP00000299293	FRS2	196	EQVHTYVNTTG		psite	979
ENSP00000299293	FRS2	306	VNKLVYENING		psite	979
ENSP00000299293	FRS2	349	TALLNYENLPS		psite	979
ENSP00000299293	FRS2	392	DPMHNYVNTEN		psite	979
ENSP00000262995	GAB1	48	DVLEYYKNDHA		psite	866
ENSP00000262995	GAB1	242	QQQMIYDSPPS	INSR;SRC	hprd;pelm;psite	866
ENSP00000262995	GAB1	259	VDSSLYNLPRS	SRC	hprd;pelm;psite	866
ENSP00000262995	GAB1	307	HVSISYDIPPT	EGFR;MET	hprd;pelm;psite	866
ENSP00000262995	GAB1	317	TPGNTYQIPRT	SRC	hprd;pelm;psite	866
ENSP00000262995	GAB1	373	DTDSSYCIPTA	EGFR;INSR;MET;SRC	hprd;pelm;psite	866
ENSP00000262995	GAB1	406	SSQDCYDIPRA	EGFR;MET	hprd;pelm;psite	866
ENSP00000381793	GRB10	404	YGMLLYQNYRI		hprd;pelm;psite	971
ENSP00000339007	GRB2	209	MFPRNYVTPVN	EGFR;JAK2	hprd;pelm;psite	998
ENSP00000304895	IRS1	47	ARLEYYENEKK		psite	927
ENSP00000304895	IRS1	896	KSPGEYVNIEF	IGF1R	hprd;pelm;psite	927
ENSP00000363998	ITCH	379	NQRFIYGNQDL	FYN	pelm;psite	809
ENSP00000417281	MDM2	400	QESEDYSQPST	ABL1	hprd;pelm;psite	830
ENSP00000288986	NCK1	268	PPQCDYIRPSL		hprd;pelm;psite	899
ENSP00000229812	STK38	31	TLENFYSNLIA		psite	430
ENSP00000383199	NEDD4L	485	PQPSPYNSPKP		psite	800
ENSP00000351015	NF1	863	SGLATYSPPMG		psite	540
ENSP00000256010	NTS	153	LKRQLYENKPR		psite	433
ENSP00000162330	BCAR1	12	LAKALYDNVAE		psite	905
ENSP00000162330	BCAR1	115	QPDSVYLVPTP	SRC	hprd;psite	905
ENSP00000162330	BCAR1	128	AQQGLYQVPGP	FGFR1;SRC	hprd;pelm;psite	905
ENSP00000162330	BCAR1	165	PATDLYQVPPG	PTK6;SRC	hprd;pelm;psite	905
ENSP00000162330	BCAR1	179	PAQDIYQVPPS	SRC	hprd;psite	905
ENSP00000162330	BCAR1	192	MGHDIYQVPPS	SRC	hprd;psite	905
ENSP00000162330	BCAR1	234	PEQDEYDIPRH	SRC	hprd;pelm;psite	905
ENSP00000162330	BCAR1	249	GPQDIYDVPPV	FGFR1	hprd;pelm;psite	905
ENSP00000162330	BCAR1	267	YGQEVYDTPPM	SRC	hprd;psite	905
ENSP00000162330	BCAR1	287	PLLEVYDVPPS	SRC	hprd;psite	905
ENSP00000162330	BCAR1	306	NHHAVYDVPPS	FGFR1	hprd;pelm;psite	905
ENSP00000162330	BCAR1	327	LREETYDVPPA	FGFR1	hprd;pelm;psite	905
ENSP00000162330	BCAR1	362	PAEDVYDVPPP	SRC	hprd;psite	905
ENSP00000162330	BCAR1	372	PAPDLYDVPPG		hprd;psite	905
ENSP00000162330	BCAR1	387	GPGTLYDVPRE	SRC	hprd;pelm;psite	905
ENSP00000162330	BCAR1	410	VDSGVYAVPPP	FGFR1;PTK2	hprd;pelm;psite	905
ENSP00000162330	BCAR1	653	SPDGQYENSEG	SRC	hprd;pelm;psite	905
ENSP00000263967	PIK3CA	317	STATPYMNGET		psite	938
ENSP00000244007	PLCG1	186	LSQVNYRVPNM		psite	943
ENSP00000244007	PLCG1	959	SELVVYCRPVP		psite	943
ENSP00000244007	PLCG1	991	TKAEKYVNKAK		psite	943
ENSP00000244007	PLCG1	1254	SFESRYQQPFE	EGFR	hprd;pelm;psite	943
ENSP00000332353	PTCH1	873	IMPNNYKNGSD		psite	671
ENSP00000361021	PTEN	46	RLEGVYRNNID		psite	514
ENSP00000361021	PTEN	336	DKANRYFSPNF	FRK	psite	514
ENSP00000353030	PTPRF	1321	MRRLNYQTPGM		psite	720
ENSP00000353030	PTPRF	1381	KPKNRYANVIA		psite	720
ENSP00000400010	PTPRJ	1071	RGKNRYNNVLP		psite	824
ENSP00000400010	PTPRJ	1311	KVDLIYQNTTA		psite	824
ENSP00000400010	PTPRJ	1320	TAMTIYENLAP		psite	824
ENSP00000349932	PTPRS	1422	KPKNRYANVIA		psite	429
ENSP00000274376	RASA1	472	TKDAFYKNIVK		psite	919
ENSP00000274376	RASA1	615	HFTNPYCNIYL		hprd;pelm;psite	919
ENSP00000265814	RUNX1T1	315	HYRDSYRHPSH		psite	435
ENSP00000401303	SHC1	349	PPDHQYYNDFP	FLT4;SRC;SYK;ZAP70	hprd;pelm;psite	995
ENSP00000401303	SHC1	428	FDDPSYVNVQN	FLT3;FLT4;MET;SRC;SYK;ZAP70	hprd;pelm;psite	995
ENSP00000264554	SHC2	338	SLEHNYYNSIP		psite	703
ENSP00000264554	SHC2	414	HEEHLYVNTQG		psite	703
ENSP00000364995	SHC3	341	GSDHPYYNSIP		psite	710
ENSP00000364995	SHC3	406	GSSDIYSTPEG		psite	710
ENSP00000364995	SHC3	424	GEAPTYVNTQQ		psite	710
ENSP00000340944	PTPN11	279	KNKNRYKNILP		hprd;psite	970
ENSP00000340944	PTPN11	304	EPVSDYINANI		pelm;psite	970
ENSP00000340944	PTPN11	542	RKGHEYTNIKY	ALK;FYN;PDGFRB	hprd;pelm;psite	970
ENSP00000340944	PTPN11	580	DSARVYENVGL	ALK	hprd;pelm;psite	970
ENSP00000348984	SON	2139	EEPPFYHHPFK		psite	513
ENSP00000384675	SOS1	618	LTYHMYADPNF		psite	965
ENSP00000264657	STAT3	686	EAFGKYCRPES		hprd;psite	956
ENSP00000240851	TFG	392	PFGQGYTQPGP		psite	469
ENSP00000264033	CBL	337	FREGFYLFPDG		pelm	976
ENSP00000304895	IRS1	732	PCTGDYMNMSP	JAK1	hprd	927
ENSP00000353030	PTPRF	217	SAGTRYSAPAN		hprd	720
