name	RIOK2
id	ENSP00000283109
type	Serine/threonine kinase
proline+1_removed	Yes
npartners	155
npartners_with_sites	125
nsites	121
//
motif	score	fg_matches	fg_size	bg_matches	bg_size	fold_increase
...E.[ST]D.E..	623.82	16	876	2	9383	85.69
.....[ST]E.E.D	330.88	14	860	2	9381	76.36
.....[ST].EE..	318.17	46	846	61	9379	8.36
.....[ST]D.E..	315.95	25	800	31	9318	9.39
.....[ST]D.D..	22.64	20	747	19	9241	13.02
//
prot_id	prot_name	position	flank	kinase	source	string_score
ENSP00000225402	AATF	155	SVQSISDFEKF		hprd;pelm;psite	729
ENSP00000257829	NAT10	809	AQPALSREELE		hprd;psite	590
ENSP00000357748	BCCIP	42	EDDDDSDKEKD		hprd;pelm;psite	684
ENSP00000363642	BMS1	639	FIDETSDIENL		hprd;pelm;psite	482
ENSP00000363642	BMS1	708	EEDDDTLEELG		hprd;pelm;psite	482
ENSP00000304151	BOP1	127	YAEDSSDEEDI		hprd;pelm;psite	405
ENSP00000304151	BOP1	323	PEYLLSEEERL		psite	405
ENSP00000230340	BYSL	98	MPQDGSDDEDE		hprd;pelm;psite	918
ENSP00000234170	CEBPZ	629	DDHPESDDEEN		hprd;pelm;psite	541
ENSP00000234170	CEBPZ	978	SSLFVSAEEFG		hprd;pelm;psite	541
ENSP00000256897	CCNH	315	EEEEWTDDDLV	CSNK2A1;CSNK2A2	hprd;pelm;psite	421
ENSP00000283122	CETN3	135	LGENMSDEELR		psite	469
ENSP00000314348	DDX10	780	AFLDWSDDDDD		hprd;pelm;psite	568
ENSP00000314348	DDX10	807	RSSEDSDSEDM		hprd;psite	568
ENSP00000268854	DDX52	99	TSEIASQEEGA		hprd;pelm;psite	455
ENSP00000236051	EBNA1BP2	9	PPLSDSESESD		hprd;pelm;psite	493
ENSP00000302886	PA2G4	386	ATSGETLEENE		hprd;pelm;psite	426
ENSP00000261868	EIF3J	127	KLQEESDLELA		hprd;pelm;psite	495
ENSP00000354125	EIF3B	154	DEPSFSDPEDF		hprd;pelm;psite	538
ENSP00000354125	EIF3B	164	FVDDVSEEELL		hprd;pelm;psite	538
ENSP00000202816	ESF1	75	RFYDLSDSDSN		hprd;pelm;psite	510
ENSP00000202816	ESF1	180	HTTDSSLEEKQ		hprd;pelm;psite	510
ENSP00000202816	ESF1	229	GYENSTDGEMC		psite	510
ENSP00000202816	ESF1	313	NIETSSEDEDD		hprd;pelm;psite	510
ENSP00000202816	ESF1	614	PGLKESAEEMV		psite	510
ENSP00000202816	ESF1	657	LAEEASEEELP		hprd;pelm;psite	510
ENSP00000202816	ESF1	663	EEELPSDVDLN		hprd;pelm;psite	510
ENSP00000395772	GNL3	490	EDDKDSDQETV		hprd;psite	643
ENSP00000253237	GRWD1	122	PPSEGSDEEEE		hprd;psite	527
ENSP00000264108	HAT1	343	LVTDMSDAEQY		psite	404
ENSP00000320917	KRI1	101	RTASSSDSEED		hprd;pelm;psite	588
ENSP00000320917	KRI1	142	VDEENSDGETS		hprd;pelm;psite	588
ENSP00000265245	LSG1	93	RTGLLSFEESQ		psite	593
ENSP00000265245	LSG1	252	PLNGDSEEEAN		hprd;psite	593
ENSP00000356548	LTV1	182	MDIQKSENEDD		hprd;pelm;psite	941
ENSP00000356548	LTV1	211	SAGLLSDEDCM		psite	941
ENSP00000356548	LTV1	331	NELDESEEEEM		hprd;psite	941
ENSP00000345917	LYAR	260	RKDSASEEEAH		psite	706
ENSP00000345917	LYAR	276	RKRRHSEVETD		hprd;pelm;psite	706
ENSP00000244230	MPHOSPH10	120	REEDGSEIEAD		hprd;psite	584
ENSP00000244230	MPHOSPH10	167	KSPVFSDEDSD		hprd;pelm;psite	584
ENSP00000244230	MPHOSPH10	171	FSDEDSDLDFD		hprd;pelm;psite	584
ENSP00000244230	MPHOSPH10	242	FEDIDSDEDEG		hprd;pelm;psite	584
ENSP00000244230	MPHOSPH10	275	FDPVESDEDIT		hprd;pelm;psite	584
ENSP00000364320	MRTO4	229	ESASESTEESD		hprd;psite	432
ENSP00000364320	MRTO4	233	ESTEESDSEDD		hprd;psite	432
ENSP00000384273	RELA	276	QLRRPSDRELS	PIM1;PRKACA;RPS6KA4;RPS6KA5	hprd;pelm;psite	561
ENSP00000307525	NMD3	433	RENMDTDDERQ		hprd;psite	762
ENSP00000307525	NMD3	468	AIPVESDTDDE		hprd;pelm;psite	762
ENSP00000307525	NMD3	470	PVESDTDDEGA		hprd;pelm;psite	762
ENSP00000268802	NOB1	184	GEDVPSEEEEE		hprd;pelm;psite	952
ENSP00000268802	NOB1	201	DRKDDSDDDGG		hprd;pelm;psite	952
ENSP00000360412	NOC3L	227	ASAILSDPENN		hprd;psite	495
ENSP00000371101	NOL10	543	PEGKPSDAESS		psite	426
ENSP00000371101	NOL10	551	ESSESSDDEKA		psite	426
ENSP00000253247	NOL11	148	IETVISDEEVI		psite	400
ENSP00000315674	NOP14	146	NDIVDSDSDAE		hprd;pelm;psite	648
ENSP00000315674	NOP14	148	IVDSDSDAEDR		hprd;pelm;psite	648
ENSP00000382392	NOP2	107	RPAPGSDEEEE		hprd;psite	429
ENSP00000382392	NOP2	177	AGIQWSEEETE		hprd;pelm;psite	429
ENSP00000264279	NOP58	502	KEEPLSEEEPC		hprd;pelm;psite	477
ENSP00000274311	PELO	374	PVPELSDQEGD		hprd;pelm;psite	418
ENSP00000346725	PES1	302	VDEFPTDGEMS		psite	584
ENSP00000346725	PES1	457	GNLNESEEEEE		hprd;pelm;psite	584
ENSP00000231572	RARS	282	KKRFDTEEEFK		hprd;psite	429
ENSP00000353246	MAK16	200	AESDSSDTEEK		hprd;pelm;psite	646
ENSP00000353246	MAK16	232	DESDISDFEDM		hprd;pelm;psite	646
ENSP00000353246	MAK16	244	KLDASSDEDQD		psite	646
ENSP00000353246	MAK16	253	QDGKSSSEEEE		psite	646
ENSP00000353246	MAK16	254	DGKSSSEEEEE		psite	646
ENSP00000223073	RBM28	346	NLSFDSEEEEL		psite	588
ENSP00000369162	RIOK1	22	DDADSSDSENR		hprd;pelm;psite	663
ENSP00000341874	RIOK3	128	EDSDSSEDEVD		hprd;pelm;psite	552
ENSP00000232888	RRP9	51	NEEISSDSESE		hprd;pelm;psite	450
ENSP00000005386	RPAP3	119	SLSQESESEED		hprd;pelm;psite	470
ENSP00000341885	RPS2	77	DMKIKSLEEIY		psite	493
ENSP00000417464	RRP1	245	DEEVASDSDES		hprd;pelm;psite	400
ENSP00000360031	RRP12	1072	QGKGDSIEEIL		hprd;psite	894
ENSP00000360031	RRP12	1080	EILADSEDEED		hprd;pelm;psite	894
ENSP00000355899	RRP15	11	PDSRVSEEENL		hprd;psite	588
ENSP00000355899	RRP15	58	KDHFYSDDDAI		hprd;psite	588
ENSP00000339145	RRP1B	47	ETGGFSQEELL		psite	400
ENSP00000339145	RRP1B	245	GDGDLSAEEIP		hprd;pelm;psite	400
ENSP00000339145	RRP1B	454	EATSSTGEESG		hprd;pelm;psite	400
ENSP00000348596	SDAD1	232	DEKQDSDSESE		hprd;pelm;psite	400
ENSP00000348596	SDAD1	234	KQDSDSESEDD		hprd;pelm;psite	400
ENSP00000348596	SDAD1	585	YIEIDSDEEPR		hprd;pelm;psite	400
ENSP00000298310	NEMF	417	NPYLLSEEEDD		hprd;pelm;psite	416
ENSP00000298310	NEMF	798	IQKLASKEESS		psite	416
ENSP00000370460	CWC27	411	NDIPETEVEDD		psite	457
ENSP00000341324	SRFBP1	264	EYFDDSTEERF		hprd;pelm;psite	525
ENSP00000260956	SSB	225	DAEMKSLEEKI		psite	484
ENSP00000260956	SSB	366	KTKFASDDEHD	CSNK2A1	hprd;pelm;psite	484
ENSP00000260956	SSB	389	RAREETDKEEP		psite	484
ENSP00000253107	PPAN	240	AGLSESEAEPD		hprd;pelm;psite	439
ENSP00000253107	PPAN	359	ARVGGSDEEAS		hprd;pelm;psite	439
ENSP00000261015	WDR12	221	WSTVPTDEEDE		psite	673
ENSP00000384302	WDR43	437	GGNEVSIEERL		psite	437
ENSP00000384302	WDR43	603	VYEEESSEEES		psite	437
ENSP00000384302	WDR43	604	YEEESSEEESD		psite	437
ENSP00000384302	WDR43	608	SSEEESDDEIA		psite	437
ENSP00000384302	WDR43	628	EDEEESESEKD		psite	437
ENSP00000225298	UTP18	206	KRKTSSDDESE		hprd;pelm;psite	677
ENSP00000314193	WDR75	782	KESEDSDEEND		hprd;pelm;psite	568
ENSP00000338788	ZC3H15	360	FSTYTSDKDEN		psite	461
ENSP00000338788	ZC3H15	381	ENGERSDLEED		hprd;pelm;psite	461
ENSP00000234170	CEBPZ	41	AENGFSLEEVL		hprd;pelm	541
ENSP00000352137	DNTTIP2	184	HTEAISDAETS		pelm	401
ENSP00000352137	DNTTIP2	543	NEDEFSDEEDF		pelm	401
ENSP00000352137	DNTTIP2	533	SEEDSSDHDEN		pelm	401
ENSP00000358812	PDCD11	36	NLFDISTEEGS		hprd;pelm	526
ENSP00000298310	NEMF	705	GGDTSSDEDKE		hprd;pelm	416
ENSP00000223073	RBM28	288	HSEEDSDLEES		hprd	588
ENSP00000234170	CEBPZ	648	DMEKFTDADKE		hprd	541
ENSP00000363642	BMS1	504	PAFADSDDDLE		hprd	482
ENSP00000362153	GNL2	553	VPVEVSDLEEE		hprd	651
ENSP00000362153	GNL2	563	ELESFSDEEEE		hprd	651
ENSP00000225402	AATF	99	SDEEISDEEGS		hprd	729
ENSP00000225402	AATF	94	TLPGSSDEEIS		hprd	729
ENSP00000315674	NOP14	388	ESNVESEEENE		hprd	648
ENSP00000236051	EBNA1BP2	19	DESLVTDRELQ		hprd	493
