name	RIOK1
id	ENSP00000369162
type	Serine/threonine kinase
proline+1_removed	Yes
npartners	70
npartners_with_sites	60
nsites	176
//
motif	score	fg_matches	fg_size	bg_matches	bg_size	fold_increase
.E...[ST]E.E..	327.08	11	521	2	9383	99.05
.....[ST]D.E..	320.19	32	510	38	9381	15.49
.....[ST]E.E..	317.74	28	478	49	9343	11.17
.....[ST]..D..	8.98	54	450	447	9294	2.5
.....[ST]....K	8.1	51	396	472	8847	2.41
//
prot_id	prot_name	position	flank	kinase	source	string_score
ENSP00000225402	AATF	20	LNPRPSEADPE		psite	400
ENSP00000225402	AATF	63	KLASASLLDTD		psite	400
ENSP00000225402	AATF	153	GFSVQSISDFE		psite	400
ENSP00000225402	AATF	155	SVQSISDFEKF		hprd;pelm;psite	400
ENSP00000225402	AATF	203	AGDRNSEDDGV		hprd;pelm;psite	400
ENSP00000225402	AATF	320	GSEEISSEDDE		hprd;pelm;psite	400
ENSP00000225402	AATF	321	SEEISSEDDEL		hprd;pelm;psite	400
ENSP00000225402	AATF	477	IERKTSSLDPN	CHEK2	psite	400
ENSP00000230340	BYSL	98	MPQDGSDDEDE		hprd;pelm;psite	624
ENSP00000234170	CEBPZ	34	DEDNTSEAENG		hprd;pelm;psite	540
ENSP00000234170	CEBPZ	114	EKENSSKKEVK		psite	540
ENSP00000234170	CEBPZ	621	KPGLRSQLDDH		hprd;pelm;psite	540
ENSP00000234170	CEBPZ	629	DDHPESDDEEN		hprd;pelm;psite	540
ENSP00000234170	CEBPZ	835	DADEESIEDVD		hprd;pelm;psite	540
ENSP00000263239	DDX18	50	EETMGSRKVKK		psite	468
ENSP00000346120	DDX21	13	DAGLESDTAMK		hprd;pelm;psite	400
ENSP00000346120	DDX21	65	KKAEPSEVDMN		psite	400
ENSP00000346120	DDX21	84	KKEEPSQNDIS		psite	400
ENSP00000346120	DDX21	121	KNEEPSEEEID		hprd;pelm;psite	400
ENSP00000346120	DDX21	173	SEESNSEIEQE		hprd;pelm;psite	400
ENSP00000269349	EIF4A3	10	ATMATSGSARK		hprd;psite	432
ENSP00000238146	DDX55	544	KREEGSDIEDE		hprd;pelm;psite	557
ENSP00000238146	DDX55	594	VDLGISDLEDD		hprd;psite	557
ENSP00000202816	ESF1	75	RFYDLSDSDSN		hprd;pelm;psite	491
ENSP00000202816	ESF1	82	SDSNLSGEDSK		hprd;pelm;psite	491
ENSP00000202816	ESF1	90	DSKALSQKKIK		hprd;pelm;psite	491
ENSP00000202816	ESF1	134	TDLDNSIGIKK		hprd;psite	491
ENSP00000202816	ESF1	150	KFKIDSNISPK		hprd;psite	491
ENSP00000202816	ESF1	179	QHTTDSSLEEK		hprd;pelm;psite	491
ENSP00000202816	ESF1	229	GYENSTDGEMC		psite	491
ENSP00000202816	ESF1	298	DDKSDSGPDLA		hprd;psite	491
ENSP00000202816	ESF1	312	GNIETSSEDED		hprd;pelm;psite	491
ENSP00000202816	ESF1	313	NIETSSEDEDD		hprd;pelm;psite	491
ENSP00000202816	ESF1	657	LAEEASEEELP		hprd;pelm;psite	491
ENSP00000202816	ESF1	663	EEELPSDVDLN		hprd;pelm;psite	491
ENSP00000202816	ESF1	735	EHQNLSKKKKK		hprd;psite	491
ENSP00000202816	ESF1	783	PNFKKTKAMEK		hprd;psite	491
ENSP00000202816	ESF1	805	KEQELTQAIKK		hprd;psite	491
ENSP00000246802	GLTSCR2	28	LGLRPTSVDPA		hprd;pelm;psite	400
ENSP00000246802	GLTSCR2	103	LTKKRTKVQKK		psite	400
ENSP00000320917	KRI1	99	YNRTASSSDSE		hprd;pelm;psite	567
ENSP00000320917	KRI1	101	RTASSSDSEED		hprd;pelm;psite	567
ENSP00000320917	KRI1	103	ASSSDSEEDPE		hprd;pelm;psite	567
ENSP00000320917	KRI1	142	VDEENSDGETS		hprd;pelm;psite	567
ENSP00000320917	KRI1	177	AFVEDSEDEDG		hprd;pelm;psite	567
ENSP00000320917	KRI1	568	TCMYRSEQEEL		psite	567
ENSP00000229214	KRR1	149	IIKIGSLVRNK		psite	634
ENSP00000356548	LTV1	24	HLVHRSQRDPL		psite	619
ENSP00000356548	LTV1	182	MDIQKSENEDD		hprd;pelm;psite	619
ENSP00000356548	LTV1	188	ENEDDSEWEDV		hprd;pelm;psite	619
ENSP00000356548	LTV1	200	DEKGDSNDDYD		hprd;psite	619
ENSP00000356548	LTV1	211	SAGLLSDEDCM		psite	619
ENSP00000356548	LTV1	331	NELDESEEEEM		hprd;psite	619
ENSP00000345917	LYAR	128	KVHNESILDQV		hprd;psite	600
ENSP00000345917	LYAR	260	RKDSASEEEAH		psite	600
ENSP00000345917	LYAR	276	RKRRHSEVETD		hprd;pelm;psite	600
ENSP00000244230	MPHOSPH10	120	REEDGSEIEAD		hprd;psite	590
ENSP00000244230	MPHOSPH10	167	KSPVFSDEDSD		hprd;pelm;psite	590
ENSP00000244230	MPHOSPH10	171	FSDEDSDLDFD		hprd;pelm;psite	590
ENSP00000244230	MPHOSPH10	242	FEDIDSDEDEG		hprd;pelm;psite	590
ENSP00000244230	MPHOSPH10	275	FDPVESDEDIT		hprd;pelm;psite	590
ENSP00000364320	MRTO4	233	ESTEESDSEDD		hprd;psite	603
ENSP00000318195	NCL	28	EVEEDSEDEEM		hprd;pelm;psite	424
ENSP00000318195	NCL	34	EDEEMSEDEED		hprd;pelm;psite	424
ENSP00000318195	NCL	105	PAKAVTTPGKK		hprd;pelm;psite	424
ENSP00000318195	NCL	145	AKKEDSDEEED		hprd;pelm;psite	424
ENSP00000318195	NCL	153	EEDDDSEEDEE		hprd;pelm;psite	424
ENSP00000318195	NCL	184	AAAPASEDEDD		hprd;pelm;psite	424
ENSP00000318195	NCL	206	DEEDDSEEEAM		hprd;pelm;psite	424
ENSP00000318195	NCL	356	YVDFESAEDLE		psite	424
ENSP00000318195	NCL	405	LPYKVTQDELK		hprd;psite	424
ENSP00000318195	NCL	532	FIEFASFEDAK		psite	424
ENSP00000318195	NCL	602	RARIVTDRETG		psite	424
ENSP00000318195	NCL	619	FVDFNSEEDAK		hprd;pelm;psite	424
ENSP00000318195	NCL	641	DGNKVTLDWAK		psite	424
ENSP00000285814	MKI67IP	281	ETQTPTHSRKK		psite	646
ENSP00000307525	NMD3	433	RENMDTDDERQ		hprd;psite	519
ENSP00000307525	NMD3	468	AIPVESDTDDE		hprd;pelm;psite	519
ENSP00000307525	NMD3	470	PVESDTDDEGA		hprd;pelm;psite	519
ENSP00000268802	NOB1	184	GEDVPSEEEEE		hprd;pelm;psite	696
ENSP00000268802	NOB1	201	DRKDDSDDDGG		hprd;pelm;psite	696
ENSP00000268802	NOB1	325	RGLRYSLPTPK		psite	696
ENSP00000253247	NOL11	148	IETVISDEEVI		psite	451
ENSP00000264279	NOP58	350	SLVGQTSPKHK		hprd;psite	429
ENSP00000264279	NOP58	483	EEEETSVKKKK		hprd;psite	429
ENSP00000264279	NOP58	502	KEEPLSEEEPC		hprd;pelm;psite	429
ENSP00000296930	NPM1	75	SPIKVTLATLK		hprd;pelm;psite	422
ENSP00000296930	NPM1	125	EEDAESEDEEE	ATR	hprd;pelm;psite	422
ENSP00000296930	NPM1	195	APVKKSIRDTP		hprd;psite	422
ENSP00000296930	NPM1	218	DSKPSSTPRSK		hprd;psite	422
ENSP00000296930	NPM1	243	PKGPSSVEDIK		hprd;pelm;psite	422
ENSP00000296930	NPM1	279	NCFRMTDQEAI		hprd;pelm;psite	422
ENSP00000346725	PES1	302	VDEFPTDGEMS		psite	400
ENSP00000346725	PES1	457	GNLNESEEEEE		hprd;pelm;psite	400
ENSP00000346725	PES1	488	DAEAGSEKEEE		hprd;pelm;psite	400
ENSP00000346725	PES1	578	DEAVRSEKKAK		hprd;psite	400
ENSP00000353246	MAK16	200	AESDSSDTEEK		hprd;pelm;psite	703
ENSP00000353246	MAK16	232	DESDISDFEDM		hprd;pelm;psite	703
ENSP00000353246	MAK16	244	KLDASSDEDQD		psite	703
ENSP00000353246	MAK16	254	DGKSSSEEEEE		psite	703
ENSP00000223073	RBM28	346	NLSFDSEEEEL		psite	602
ENSP00000355565	RBM34	94	IERPLSQEPAK		hprd;pelm;psite	478
ENSP00000283109	RIOK2	131	RLGRTSFRNLK		psite	663
ENSP00000283109	RIOK2	335	EGSEFSFSDGE		hprd;pelm;psite	663
ENSP00000283109	RIOK2	337	SEFSFSDGEVA		hprd;pelm;psite	663
ENSP00000283109	RIOK2	350	AEVYGSENESE		hprd;pelm;psite	663
ENSP00000232888	RRP9	51	NEEISSDSESE		hprd;pelm;psite	454
ENSP00000232888	RRP9	53	EISSDSESESL		hprd;pelm;psite	454
ENSP00000232888	RRP9	57	DSESESLAPRK		hprd;pelm;psite	454
ENSP00000360031	RRP12	66	ELQSGSLRLGK		psite	647
ENSP00000360031	RRP12	1080	EILADSEDEED		hprd;pelm;psite	647
ENSP00000360031	RRP12	1105	LARQRSRAWLK		psite	647
ENSP00000360031	RRP12	1284	AARRGSQVGHK		psite	647
ENSP00000355899	RRP15	11	PDSRVSEEENL		hprd;psite	439
ENSP00000355899	RRP15	58	KDHFYSDDDAI		hprd;psite	439
ENSP00000355899	RRP15	67	AIEADSEGDAE		hprd;pelm;psite	439
ENSP00000355899	RRP15	206	LISTVSKKDFI		psite	439
ENSP00000355899	RRP15	258	FMMGASMKDWD		psite	439
ENSP00000355899	RRP15	276	DSRPESASDSD		hprd;pelm;psite	439
ENSP00000254605	RRP8	62	PSLCISDSEEE		hprd;pelm;psite	453
ENSP00000254605	RRP8	64	LCISDSEEEEE		hprd;pelm;psite	453
ENSP00000254605	RRP8	104	QGPPCSDSEEE		hprd;pelm;psite	453
ENSP00000254605	RRP8	106	PPCSDSEEEVE		hprd;pelm;psite	453
ENSP00000254605	RRP8	126	LVGSDSAEDEK		hprd;pelm;psite	453
ENSP00000267176	SBNO1	753	SSKNMSSGDDD		psite	714
ENSP00000267176	SBNO1	754	SKNMSSGDDDD		psite	714
ENSP00000267176	SBNO1	767	PFLDESNEDDE		psite	714
ENSP00000267176	SBNO1	806	SALLASGLGSK		psite	714
ENSP00000260956	SSB	325	EDQQESLNKWK		hprd;pelm;psite	547
ENSP00000260956	SSB	366	KTKFASDDEHD	CSNK2A1	hprd;pelm;psite	547
ENSP00000260956	SSB	389	RAREETDKEEP		psite	547
ENSP00000253107	PPAN	238	TGAGLSESEAE		hprd;pelm;psite	503
ENSP00000253107	PPAN	240	AGLSESEAEPD		hprd;pelm;psite	503
ENSP00000253107	PPAN	347	AHRKKSLEGMK		hprd;psite	503
ENSP00000253107	PPAN	359	ARVGGSDEEAS		hprd;pelm;psite	503
ENSP00000361092	SURF6	206	NKVEVSEDEPA		hprd;psite	400
ENSP00000250263	ERI1	57	KFITSSASDFS		psite	411
ENSP00000250263	ERI1	62	SASDFSDPVYK		psite	411
ENSP00000347733	TRRAP	2583	DKFLDTLREVK		hprd;psite	460
ENSP00000301364	TSR1	453	MTIGESVHDDL		psite	551
ENSP00000308332	UTP23	174	VHEKESIKHLK		hprd;psite	448
ENSP00000308179	WDR3	102	GEGNVTFNGHK		hprd;psite	487
ENSP00000384302	WDR43	604	YEEESSEEESD		psite	415
ENSP00000384302	WDR43	608	SSEEESDDEIA		psite	415
ENSP00000384302	WDR43	628	EDEEESESEKD		psite	415
ENSP00000384302	WDR43	630	EEESESEKDED		psite	415
ENSP00000384302	WDR43	658	DRDTASEKELN		psite	415
ENSP00000314193	WDR75	194	SRFTLSSSRNK		hprd;psite	454
ENSP00000314193	WDR75	195	RFTLSSSRNKK		hprd;psite	454
ENSP00000314193	WDR75	782	KESEDSDEEND		hprd;pelm;psite	454
ENSP00000314193	WDR75	809	IIHQLSKSEEK		psite	454
ENSP00000320917	KRI1	188	AGEGGSSLLQK		hprd;pelm	567
ENSP00000318195	NCL	97	TPAKKTVTPAK		hprd	424
ENSP00000230340	BYSL	160	LTEKQTEVETV		hprd	624
ENSP00000346120	DDX21	358	VEEILSVAYKK		hprd	400
ENSP00000263331	POLR1B	702	GFPLLTYQDRS		hprd	470
ENSP00000368887	PAK1IP1	323	EPSPVSKEQSK		hprd	694
ENSP00000223073	RBM28	288	HSEEDSDLEES		hprd	602
ENSP00000369391	RPP40	168	ERISWSFKEKK		hprd	423
ENSP00000234170	CEBPZ	648	DMEKFTDADKE		hprd	540
ENSP00000234170	CEBPZ	231	SQKGASSTWMK		hprd	540
ENSP00000283109	RIOK2	369	GCYCRSSGDPE		hprd	663
ENSP00000244230	MPHOSPH10	208	KFFKLSEMEAY		hprd	590
ENSP00000295119	NUP35	93	APPVRSIYDDI		hprd	429
ENSP00000362153	GNL2	582	AEESSSEPEEE		hprd	448
ENSP00000362153	GNL2	553	VPVEVSDLEEE		hprd	448
ENSP00000362153	GNL2	563	ELESFSDEEEE		hprd	448
ENSP00000362153	GNL2	561	EEELESFSDEE		hprd	448
ENSP00000264279	NOP58	482	AEEEETSVKKK		hprd	429
ENSP00000360031	RRP12	52	GRSDLTVDAVK		hprd	647
ENSP00000360031	RRP12	9	SGKLPSGVSAK		hprd	647
ENSP00000225402	AATF	99	SDEEISDEEGS		hprd	400
ENSP00000225402	AATF	94	TLPGSSDEEIS		hprd	400
ENSP00000225402	AATF	218	SSVKVSEEVEK		hprd	400
ENSP00000308179	WDR3	743	ETQGDSYFTGK		hprd	487
ENSP00000246802	GLTSCR2	91	LFFVDTGSKEK		hprd	400
