name	RIOK3
id	ENSP00000341874
type	Serine/threonine kinase
proline+1_removed	Yes
npartners	13
npartners_with_sites	13
nsites	24
//
motif	score	fg_matches	fg_size	bg_matches	bg_size	fold_increase
.....[ST]..E..	7.29	24	103	621	9383	3.52
//
prot_id	prot_name	position	flank	kinase	source	string_score
ENSP00000230340	BYSL	98	MPQDGSDDEDE		hprd;pelm;psite	465
ENSP00000320917	KRI1	101	RTASSSDSEED		hprd;pelm;psite	400
ENSP00000320917	KRI1	142	VDEENSDGETS		hprd;pelm;psite	400
ENSP00000320917	KRI1	177	AFVEDSEDEDG		hprd;pelm;psite	400
ENSP00000320917	KRI1	286	LAVDDSSDEGE		hprd;pelm;psite	400
ENSP00000320917	KRI1	568	TCMYRSEQEEL		psite	400
ENSP00000229214	KRR1	345	KIDVASIKEKV		psite	443
ENSP00000307525	NMD3	433	RENMDTDDERQ		hprd;psite	402
ENSP00000307525	NMD3	470	PVESDTDDEGA		hprd;pelm;psite	402
ENSP00000268802	NOB1	184	GEDVPSEEEEE		hprd;pelm;psite	447
ENSP00000353246	MAK16	200	AESDSSDTEEK		hprd;pelm;psite	400
ENSP00000353246	MAK16	232	DESDISDFEDM		hprd;pelm;psite	400
ENSP00000353246	MAK16	243	DKLDASSDEDQ		psite	400
ENSP00000353246	MAK16	252	DQDGKSSSEEE		psite	400
ENSP00000353246	MAK16	253	QDGKSSSEEEE		psite	400
ENSP00000353246	MAK16	254	DGKSSSEEEEE		psite	400
ENSP00000283109	RIOK2	337	SEFSFSDGEVA		hprd;pelm;psite	552
ENSP00000283109	RIOK2	350	AEVYGSENESE		hprd;pelm;psite	552
ENSP00000283109	RIOK2	380	QIKEDSLSEES		hprd;pelm;psite	552
ENSP00000283109	RIOK2	412	VVENNSVTEFS		hprd;psite	552
ENSP00000360031	RRP12	1072	QGKGDSIEEIL		hprd;psite	578
ENSP00000360031	RRP12	1080	EILADSEDEED		hprd;pelm;psite	578
ENSP00000320917	KRI1	158	ETSSQSYVEEQ		hprd;pelm	400
ENSP00000230340	BYSL	160	LTEKQTEVETV		hprd	465
