name	RIPK1
id	ENSP00000259808
type	Serine/threonine kinase
proline+1_removed	Yes
npartners	129
npartners_with_sites	108
nsites	102
//
motif	score	fg_matches	fg_size	bg_matches	bg_size	fold_increase
..R..[ST].....	15.95	101	787	483	9383	2.49
//
prot_id	prot_name	position	flank	kinase	source	string_score
ENSP00000257497	ANXA1	216	ERRKGTDVNVF	PRKACA	hprd;pelm;psite	619
ENSP00000351908	MAP3K5	83	RGRGSSVGGGS	AKT1;AKT2;PIM1	hprd;pelm;psite	915
ENSP00000351908	MAP3K5	966	YLRSISLPVPV	MAP3K5;PDPK1	hprd;pelm;psite	915
ENSP00000355231	BECN1	90	PARMMSTESAN		psite	529
ENSP00000355231	BECN1	234	YQREYSEFKRQ		psite	529
ENSP00000355231	BECN1	295	LGRLPSVPVEW		psite	529
ENSP00000311032	CASP3	150	GDRCRSLTGKP	MAPK14	pelm;psite	540
ENSP00000351273	CASP8	322	RDRNGTHLDAG		psite	999
ENSP00000263056	MAP3K8	62	DERSKSLLLSG		psite	636
ENSP00000263056	MAP3K8	400	QPRCQSLDSAL	AKT1	hprd;pelm;psite	636
ENSP00000308928	CYLD	418	ENRFHSLPFSL	IKBKB	psite	987
ENSP00000308928	CYLD	547	DSRFASLQPVS		psite	987
ENSP00000275493	EGFR	678	IVRKRTLRRLL	PKN1;PKN3;PRKCA;PRKCD	hprd;pelm;psite	663
ENSP00000275493	EGFR	1071	LQRYSSDPTGA	CAMK2G	hprd;pelm;psite	663
ENSP00000301838	FADD	41	LERVQSGLDLF		hprd;psite	999
ENSP00000379457	FAF1	582	RIRTPSGEFLE		hprd;psite	773
ENSP00000341189	PTK2	517	QVRKYSLDLAS		psite	627
ENSP00000341189	PTK2	695	RMRMESRRQAT		psite	627
ENSP00000341189	PTK2	700	SRRQATVSWDS		psite	627
ENSP00000381793	GRB10	428	PVRSVSENSLV	MTOR	psite	463
ENSP00000313644	MAP4K4	187	VGRRNTFIGTP		psite	901
ENSP00000313644	MAP4K4	643	VSRSHSFSDPS		psite	901
ENSP00000313644	MAP4K4	734	GQRNSTSSIEP		psite	901
ENSP00000313644	MAP4K4	786	RFRVRSSSKSE		psite	901
ENSP00000313644	MAP4K4	788	RVRSSSKSEGS		psite	901
ENSP00000313644	MAP4K4	881	DTRAASSLNLS		psite	901
ENSP00000335153	HSP90AA1	185	KIRYESLTDPS		psite	877
ENSP00000335153	HSP90AA1	212	QDRTLTIVDTG	PRKACA	hprd;psite	877
ENSP00000335153	HSP90AA1	745	ALRDNSTMGYM		psite	877
ENSP00000216797	NFKBIA	32	DDRHDSGLDSM	CHUK;CSNK2A1;IKBKB;IKBKE;RPS6KA1;RPS6KA3;SGK1	hprd;pelm;psite	939
ENSP00000359424	CHUK	23	RERLGTGGFGN	AKT1;AKT2	hprd;pelm;psite	906
ENSP00000310127	IRF3	175	PLRSPSLDNPT	TBK1	hprd;psite	412
ENSP00000363998	ITCH	344	FTRTTTWQRPT	SGK3	psite	622
ENSP00000363998	ITCH	409	EKRTDSNGRVY	SGK3	psite	622
ENSP00000382423	MAP3K1	1016	PCRIPSASPQT		psite	906
ENSP00000382423	MAP3K1	1026	TQRKFSLQFHR		psite	906
ENSP00000354927	MAP3K3	197	RSRHLSVSSQN	PRKACA	hprd;pelm;psite	974
ENSP00000354927	MAP3K3	281	MSRAQSFPDNR		hprd;psite	974
ENSP00000354927	MAP3K3	347	SSRSLSTNGEN		psite	974
ENSP00000354927	MAP3K3	368	RGRLRSADSEN	PRKACA	hprd;pelm;psite	974
ENSP00000354927	MAP3K3	547	SKRLQTICMSG		psite	974
ENSP00000354927	MAP3K3	559	GMRSVTGTPYW		psite	974
ENSP00000268712	NCOR1	70	LRRRPSLLSEF	PRKACA;PRKCA	psite	412
ENSP00000268712	NCOR1	88	QERRTSYEPFH		hprd;pelm;psite	412
ENSP00000268712	NCOR1	401	QMRQLSVIPPM		hprd;psite	412
ENSP00000268712	NCOR1	590	ITRSMTNEAAA		psite	412
ENSP00000268712	NCOR1	1450	RSRHTSVVSSG	AKT1	pelm;psite	412
ENSP00000268712	NCOR1	1742	YLRPGSEQPGR		psite	412
ENSP00000268712	NCOR1	1750	PGRPGSHGYVR		psite	412
ENSP00000268712	NCOR1	2050	THRLITLADHI		psite	412
ENSP00000268712	NCOR1	2253	SSRGHSFADPA		psite	412
ENSP00000268712	NCOR1	2352	TERPSSVSSVH		psite	412
ENSP00000268712	NCOR1	2394	TMRMLSSTPPT		psite	412
ENSP00000189444	NFKB2	161	RQRLRSRPQGL		psite	913
ENSP00000226574	NFKB1	338	QLRRKSDLETS	PRKACA	hprd;pelm;psite	969
ENSP00000226574	NFKB1	938	SFRKLSFTESL		psite	969
ENSP00000384273	RELA	276	QLRRPSDRELS	PIM1;PRKACA;RPS6KA4;RPS6KA5	hprd;pelm;psite	944
ENSP00000384273	RELA	281	SDRELSEPMEF		psite	944
ENSP00000384273	RELA	505	ITRLVTGAQRP		pelm;psite	944
ENSP00000360464	NKAP	15	PDREASGSGGR		psite	885
ENSP00000360464	NKAP	80	RSRSRSRERPS		psite	885
ENSP00000360464	NKAP	261	KSRKESSDSSS		hprd;pelm;psite	885
ENSP00000263036	OPTN	206	PTRTVSTGTAL		psite	619
ENSP00000263036	OPTN	342	LERKNSAIPSE		hprd;psite	619
ENSP00000355759	PARP1	782	LLRGGSDDSSK		hprd;pelm;psite	430
ENSP00000351789	PELI1	86	LSRAQTVVVEY	IRAK1;IRAK4	psite	671
ENSP00000369100	PFKFB3	461	LMRRNSVTPLA	AKT1;PRKAA1;PRKACA;PRKCA	hprd;pelm;psite	619
ENSP00000369100	PFKFB3	478	KPRINSFEEHV		psite	619
ENSP00000295797	PRKCI	8	TQRDSSTMSHT		hprd;psite	899
ENSP00000326170	RFFL	150	RTRASTLSPDF		psite	899
ENSP00000326170	RFFL	240	PGRRASLSDLT		hprd;pelm;psite	899
ENSP00000220751	RIPK2	174	KWRMMSLSQSR		psite	671
ENSP00000220751	RIPK2	531	VSRSPSLNLLQ		hprd;pelm;psite	671
ENSP00000216274	RIPK3	316	SNRRFSIPESG		psite	999
ENSP00000242719	RNF11	135	LMRSFTCPSCM	AKT1	hprd;psite	659
ENSP00000313829	KHDRBS1	20	SGRSGSMDPSG		hprd;pelm;psite	619
ENSP00000374455	SQSTM1	24	EIRRFSFCCSP		hprd;psite	963
ENSP00000374455	SQSTM1	49	CERLLSRVAAL		psite	963
ENSP00000320940	NCOA1	565	VLRQMSSQNSP		hprd;psite	425
ENSP00000286332	TAB2	423	ASRNMSGQVSM		psite	994
ENSP00000286332	TAB2	524	ETRKLSMGSDD		hprd;psite	994
ENSP00000286332	TAB2	582	LKRSNSISQIP		psite	994
ENSP00000358335	MAP3K7	439	QPRRRSIQDLT		hprd;pelm;psite	993
ENSP00000379612	TAX1BP1	666	PVRVPSWGLED		psite	875
ENSP00000379612	TAX1BP1	683	PARNFSRPDGL		psite	875
ENSP00000363089	TLR4	790	LYRLLSRNTYL	PRKD1	psite	960
ENSP00000162749	TNFRSF1A	417	PRREATLELLG		psite	999
ENSP00000341268	TRADD	215	VNRPLSLKDQQ		psite	990
ENSP00000247668	TRAF2	55	GHRYCSFCLAS	PRKCZ	psite	999
ENSP00000247668	TRAF2	274	LQRCESLEKKT		psite	999
ENSP00000261464	TRAF5	19	FIRQNSGNSIS		psite	813
ENSP00000221132	TNFRSF10A	424	TGRNASIHTLL		hprd;psite	970
ENSP00000388107	UBA52	57	DGRTLSDYNIQ		hprd;psite	507
ENSP00000344818	UBC	57	DGRTLSDYNIQ		hprd;psite	999
ENSP00000265560	USP4	445	RLRNDSVIVDT		psite	619
ENSP00000347858	XIAP	32	FNRLKTFANFP		psite	790
ENSP00000263056	MAP3K8	413	RKRLLSRKELE	AKT1	hprd;pelm	636
ENSP00000189444	NFKB2	811	TYRQTTSPSGS		hprd	913
ENSP00000312664	CASP2	158	KLRLSTDTVEH		hprd	929
ENSP00000313829	KHDRBS1	349	APRARTAGIQR		hprd	619
ENSP00000340305	UBE2V1	109	FVRFVTKINMN		hprd	619
ENSP00000340409	SMPD1	116	VARVGSVAIKL		hprd	913
