name	RIPK4
id	ENSP00000332454
type	Serine/threonine kinase
proline+1_removed	Yes
npartners	69
npartners_with_sites	56
nsites	132
//
motif	score	fg_matches	fg_size	bg_matches	bg_size	fold_increase
..R..[ST].....	307.65	84	525	483	9383	3.11
...R.[ST].....	7.5	48	441	404	8900	2.4
//
prot_id	prot_name	position	flank	kinase	source	string_score
ENSP00000295897	ALB	107	ATLRETYGEMA		psite	540
ENSP00000229328	PRKAB1	24	TPRRDSSGGTK	PRKAA1	hprd;pelm;psite	675
ENSP00000229328	PRKAB1	25	PRRDSSGGTKD		psite	675
ENSP00000229328	PRKAB1	80	AQARPTVFRWT	PRKAA1	psite	675
ENSP00000254101	PRKAB2	182	SCRDLSSSPPG		hprd;pelm;psite	659
ENSP00000287878	PRKAG2	32	SQKRRSLRVHI		psite	467
ENSP00000287878	PRKAG2	86	PQPRPSSPMSA		psite	467
ENSP00000287878	PRKAG2	97	PVRPKTSPGSP		psite	467
ENSP00000287878	PRKAG2	122	SPRRMSFSGIF		psite	467
ENSP00000287878	PRKAG2	131	IFRSSSKESSP		psite	467
ENSP00000287878	PRKAG2	151	GIRFFSRSRKT		psite	467
ENSP00000287878	PRKAG2	156	SRSRKTSGLSS		psite	467
ENSP00000287878	PRKAG2	157	RSRKTSGLSSS		hprd;pelm;psite	467
ENSP00000313851	PDS5B	1176	KGRLDSSEMDH		hprd;pelm;psite	675
ENSP00000313851	PDS5B	1255	RKRGHTASESD		hprd;psite	675
ENSP00000313851	PDS5B	1334	EEERQSGNTEQ		hprd;psite	675
ENSP00000313851	PDS5B	1349	KQHRVSRRAQQ		psite	675
ENSP00000313851	PDS5B	1379	GRGRPSKTPSP		psite	675
ENSP00000313851	PDS5B	1441	NVRRRSAKRER		psite	675
ENSP00000240316	COIL	226	GSARNSLVKAK		psite	461
ENSP00000240316	COIL	271	LEARNSSEKLP		hprd;pelm;psite	461
ENSP00000240316	COIL	272	EARNSSEKLPT		hprd;psite	461
ENSP00000352312	DNAH8	183	HWKRMSAKFNY		psite	429
ENSP00000352312	DNAH8	4275	SILRSSLSDLK		psite	429
ENSP00000297494	NOS3	495	ITRKKTFKEVA	PRKACA;PRKCA;PRKG2	pelm;psite	865
ENSP00000297494	NOS3	615	KIRFNSISCSD	AKT1;PRKACA	pelm;psite	865
ENSP00000297494	NOS3	633	RKRKESSNTDS	PRKAA1;PRKACA;PRKG2	hprd;pelm;psite	865
ENSP00000297494	NOS3	1175	TSRIRTQSFSL		hprd;psite	865
ENSP00000297494	NOS3	1177	RIRTQSFSLQE	AKT1;PRKAA1;PRKACA;PRKG2	hprd;pelm;psite	865
ENSP00000278919	FEZ1	247	AIRDFSEELVQ		psite	800
ENSP00000278919	FEZ1	316	PLKRFSMEGIS		psite	800
ENSP00000306245	FOS	362	AHRKGSSSNEP	PRKACA;RPS6KA1;RPS6KA3	hprd;pelm;psite	428
ENSP00000312262	ADRBK1	29	PAARASKKILL	PRKCA;PRKCG	hprd;pelm;psite	411
ENSP00000304895	IRS1	268	EFRPRSKSQSS	IKBKB	hprd;pelm;psite	845
ENSP00000304895	IRS1	270	RPRSKSQSSSN	ATR;IKBKB;RPS6KB1	hprd;pelm;psite	845
ENSP00000304895	IRS1	303	GLTRRSRTESI		psite	845
ENSP00000304895	IRS1	305	TRRSRTESITA		psite	845
ENSP00000304895	IRS1	307	RSRTESITATS	IKBKB;PRKCD;RPS6KB1	hprd;pelm;psite	845
ENSP00000304895	IRS1	329	FRVRASSDGEG		psite	845
ENSP00000304895	IRS1	330	RVRASSDGEGT	CSNK2B	hprd;psite	845
ENSP00000304895	IRS1	341	MSRPASVDGSP	IKBKB	hprd;pelm;psite	845
ENSP00000304895	IRS1	362	HRHRGSARLHP		psite	845
ENSP00000304895	IRS1	441	CDFRSSFRSVT	PRKCB;PRKCD;PRKCZ	psite	845
ENSP00000304895	IRS1	527	RKRTHSAGTSP	IKBKB;RPS6KB1	hprd;pelm;psite	845
ENSP00000304895	IRS1	574	PGHRHSAFVPT	PRKCD	hprd;pelm;psite	845
ENSP00000304895	IRS1	603	HHRPDSSTLHT		psite	845
ENSP00000304895	IRS1	629	SGRKGSGDYMP	AKT1	hprd;pelm;psite	845
ENSP00000304895	IRS1	1100	CRRRHSSETFS		hprd;psite	845
ENSP00000304895	IRS1	1101	RRRHSSETFSS	PRKCQ;RPS6KA1;RPS6KB1	hprd;pelm;psite	845
ENSP00000304895	IRS1	1142	DVKRHSSASFE		psite	845
ENSP00000304895	IRS1	1143	VKRHSSASFEN		hprd;psite	845
ENSP00000304895	IRS1	1222	SSTRRSSEDLS		pelm;psite	845
ENSP00000304895	IRS1	1223	STRRSSEDLSA		hprd;pelm;psite	845
ENSP00000293308	KRT8	21	GPRAFSSRSYT		hprd;pelm;psite	801
ENSP00000293308	KRT8	26	SSRSYTSGPGS		hprd;psite	801
ENSP00000293308	KRT8	34	PGSRISSSSFS		hprd;pelm;psite	801
ENSP00000293308	KRT8	35	GSRISSSSFSR		hprd;pelm;psite	801
ENSP00000293308	KRT8	43	FSRVGSSNFRG		hprd;pelm;psite	801
ENSP00000293308	KRT8	303	DDLRRTKTEIS		psite	801
ENSP00000293308	KRT8	305	LRRTKTEISEM		psite	801
ENSP00000293308	KRT8	315	MNRNISRLQAE		hprd;psite	801
ENSP00000293308	KRT8	330	KGQRASLEAAI		hprd;pelm;psite	801
ENSP00000293308	KRT8	404	ESRLESGMQNM		psite	801
ENSP00000293308	KRT8	456	SFSRTSSSRAV		hprd;psite	801
ENSP00000293308	KRT8	457	FSRTSSSRAVV		psite	801
ENSP00000265023	KNG1	326	FVARETTCSKE		hprd;psite	425
ENSP00000265023	KNG1	327	VARETTCSKES		hprd;psite	425
ENSP00000265023	KNG1	391	SPFRSSRIGEI		psite	425
ENSP00000357624	MARCKS	159	KKKRFSFKKSF	PRKCA;ROCK1	hprd;pelm;psite	859
ENSP00000348273	MBP	26	TNRGESEKKRN		psite	896
ENSP00000348273	MBP	39	ELSRTTSEDNE		psite	896
ENSP00000348273	MBP	40	LSRTTSEDNEV		psite	896
ENSP00000348273	MBP	96	LIRLFSRDAPG		hprd;pelm;psite	896
ENSP00000348273	MBP	141	SQKRPSQRHGS	PRKCA	hprd;psite	896
ENSP00000348273	MBP	146	SQRHGSKYLAT	PRKCA	hprd;psite	896
ENSP00000348273	MBP	169	PRHRDTGILDS	PRKACA	hprd;psite	896
ENSP00000348273	MBP	249	SLSRFSWGAEG	PRKCA	hprd;psite	896
ENSP00000348273	MBP	266	YGGRASDYKSA	PRKCA	hprd;psite	896
ENSP00000270474	PDE4A	13	SERSLSLSLPG		psite	467
ENSP00000270474	PDE4A	145	SQRRESFLYRS	PRKACA	pelm;psite	467
ENSP00000270474	PDE4A	165	TMSRNSSVTSE		psite	467
ENSP00000270474	PDE4A	271	LNRELTHLSEM		psite	467
ENSP00000263967	PIK3CA	312	YSRRISTATPY		psite	467
ENSP00000263967	PIK3CA	313	SRRISTATPYM		psite	467
ENSP00000366563	PIK3CD	520	LERRGSGELYE		psite	469
ENSP00000352121	PIK3CG	228	VIHRSTTSQTI		psite	467
ENSP00000352121	PIK3CG	582	HFRYESLKHPK		psite	467
ENSP00000352121	PIK3CG	1024	ALRHHTNLLII		psite	467
ENSP00000305355	PRKCB	364	SERKGTDELYA		psite	679
ENSP00000305355	PRKCB	634	FDRFFTRHPPV		psite	679
ENSP00000331602	PRKCD	43	TERGKTLVQKK		hprd;psite	665
ENSP00000331602	PRKCD	218	ANSRDTIFQKE	PRKCD	psite	665
ENSP00000331602	PRKCD	299	VTQRASRRSDS	PRKCD	hprd;pelm;psite	665
ENSP00000331602	PRKCD	302	RASRRSDSASS	PRKCD	hprd;pelm;psite	665
ENSP00000331602	PRKCD	304	SRRSDSASSEP	PRKCD	hprd;pelm;psite	665
ENSP00000331602	PRKCD	451	ELYRATFYAAE		psite	665
ENSP00000331602	PRKCD	506	GESRASTFCGT		hprd;psite	665
ENSP00000331602	PRKCD	507	ESRASTFCGTP	PDK1;PDPK1	hprd;pelm;psite	665
ENSP00000331602	PRKCD	645	EKARLSYSDKN	PRKCD	hprd;pelm;psite	665
ENSP00000264710	RAB10	73	QERFHTITTSY		psite	400
ENSP00000369218	RBM17	62	LKRGGSSDDRQ		psite	800
ENSP00000369218	RBM17	169	ERRKRSMGGAA		hprd;pelm;psite	800
ENSP00000369218	RBM17	202	DSRPRSQSSKA		psite	800
ENSP00000369218	RBM17	204	RPRSQSSKAAI		hprd;pelm;psite	800
ENSP00000369218	RBM17	224	RPRSPTGPSNS		hprd;pelm;psite	800
ENSP00000358770	SLK	189	IQRRDSFIGTP		hprd;pelm;psite	467
ENSP00000358770	SLK	340	ASKRASSDLSI		hprd;psite	467
ENSP00000358770	SLK	341	SKRASSDLSIA		hprd;psite	467
ENSP00000358770	SLK	372	TERSNSEDKLN		psite	467
ENSP00000358770	SLK	1188	RPRKKTLEEEF		psite	467
ENSP00000377262	SRPK2	503	HDRSRTVSASS	AKT1	hprd;psite	581
ENSP00000377262	SRPK2	505	RSRTVSASSTG		hprd;pelm;psite	581
ENSP00000370571	TH	19	FRRAVSELDAK	CAMK2A;CAMK2G;MAPKAPK2	hprd;pelm;psite	818
ENSP00000370571	TH	71	IGRRQSLIEDA	CAMK2A;MAPKAPK2;PRKACA;RPS6KA3	hprd;pelm;psite	818
ENSP00000318944	TRAF7	61	HCRTPSSSSTL		psite	569
ENSP00000318944	TRAF7	86	STPRRSDSAIS		psite	569
ENSP00000318944	TRAF7	88	PRRSDSAISVR		hprd;pelm;psite	569
ENSP00000344818	UBC	57	DGRTLSDYNIQ		hprd;psite	599
ENSP00000245932	VASP	157	IERRVSNAGGP	PRKACA;PRKCA;PRKG1	hprd;pelm;psite	830
ENSP00000245932	VASP	239	KLRKVSKQEEA	PRKACA;PRKG1	hprd;pelm;psite	830
ENSP00000245932	VASP	278	RRRKATQVGEK	PRKAA1;PRKACA;PRKG1;RPS6KA1	hprd;pelm;psite	830
ENSP00000245932	VASP	322	LPRMKSSSSVT		hprd;pelm;psite	830
ENSP00000347858	XIAP	32	FNRLKTFANFP		psite	666
ENSP00000348593	ZFYVE27	340	KVSRLTERLRK		psite	462
ENSP00000348593	ZFYVE27	349	RKRYPTNNFGN		psite	462
ENSP00000314709	ZHX2	713	VARKATKPMAE		psite	463
ENSP00000270474	PDE4A	152	LYRSDSDYDMS		pelm	467
ENSP00000348273	MBP	295	LGGRDSRSGSP	PRKCA	hprd	896
ENSP00000348273	MBP	190	APKRGSGKDSH	PRKCA	hprd	896
ENSP00000347858	XIAP	356	CLVRTTEKTPS		hprd	666
ENSP00000287878	PRKAG2	130	GIFRSSSKESS		hprd	467
ENSP00000358770	SLK	1094	SLRINSTATPD		hprd	467
