name	ROCK2
id	ENSP00000317985
type	Serine/threonine kinase
proline+1_removed	Yes
npartners	100
npartners_with_sites	86
nsites	335
//
motif	score	fg_matches	fg_size	bg_matches	bg_size	fold_increase
..RR.[ST].....	314.37	21	795	18	9383	13.77
..R..[ST].....	307.65	128	774	465	9365	3.33
R....[ST].....	8.31	71	646	465	8900	2.1
....D[ST].....	6.55	55	522	405	8057	2.1
...R.[ST].....	6.05	53	575	378	8435	2.06
//
prot_id	prot_name	position	flank	kinase	source	string_score
ENSP00000203786	ARHGAP4	83	GGRLGSSREHQ		psite	901
ENSP00000203786	ARHGAP4	217	PLRKSSLKKGG		psite	901
ENSP00000203786	ARHGAP4	498	QPRPSSQYNQR		psite	901
ENSP00000203786	ARHGAP4	941	PQGLDTTPKPH		hprd;pelm;psite	901
ENSP00000357177	ARHGEF11	16	RLSSLSSLGDS		psite	906
ENSP00000357177	ARHGEF11	35	HHRQPSDASET		hprd;psite	906
ENSP00000357177	ARHGEF11	285	RNSVLSDPGLD		hprd;pelm;psite	906
ENSP00000357177	ARHGEF11	311	HRRQGSDAAVP		psite	906
ENSP00000357177	ARHGEF11	629	GTQRLSTGSFP		psite	906
ENSP00000357177	ARHGEF11	632	RLSTGSFPEDL		psite	906
ENSP00000357177	ARHGEF11	654	LGRSESLKGRE		psite	906
ENSP00000357177	ARHGEF11	675	VPRSRSDVDMD		hprd;psite	906
ENSP00000357177	ARHGEF11	1335	PRTRNSGIWES		hprd;pelm;psite	906
ENSP00000357177	ARHGEF11	1515	EAARWTDGSLS		hprd;pelm;psite	906
ENSP00000357177	ARHGEF11	1518	RWTDGSLSPPA		psite	906
ENSP00000380942	ARHGEF12	41	VERIASHDFDP		pelm;psite	910
ENSP00000380942	ARHGEF12	608	PPRRPSRHDNS		psite	910
ENSP00000380942	ARHGEF12	1286	FPRYRTASQGP		hprd;pelm;psite	910
ENSP00000380942	ARHGEF12	1288	RYRTASQGPQT		hprd;pelm;psite	910
ENSP00000364754	MCF2L	616	GIRRGSENSSS		psite	899
ENSP00000364754	MCF2L	647	RQGRGSAGEEE		psite	899
ENSP00000263674	ARHGEF17	15	LYRSVSFKLLE		psite	900
ENSP00000263674	ARHGEF17	142	GSRRPSADSES		psite	900
ENSP00000263674	ARHGEF17	395	SSRYSSTETLK		psite	900
ENSP00000263674	ARHGEF17	410	WSSRGSGGWGV		psite	900
ENSP00000263674	ARHGEF17	420	VYRSPSFGAGE		psite	900
ENSP00000263674	ARHGEF17	461	SRQRKSLSNPD		hprd;psite	900
ENSP00000263674	ARHGEF17	546	LRRAKSFTCSE		psite	900
ENSP00000263674	ARHGEF17	735	AYRSLSDPIPQ		hprd;psite	900
ENSP00000263674	ARHGEF17	885	RSRAQSERALP		psite	900
ENSP00000263674	ARHGEF17	961	HVRHASVPATF		psite	900
ENSP00000263674	ARHGEF17	1717	ALRRSSHGSFT		hprd;psite	900
ENSP00000263674	ARHGEF17	1720	RSSHGSFTRGS		hprd;psite	900
ENSP00000352995	ARHGEF18	147	RGTLLSDGSPA		psite	899
ENSP00000352995	ARHGEF18	724	PRRAETFAGYD		psite	899
ENSP00000352995	ARHGEF18	1014	VARRDSAPTEN		psite	899
ENSP00000352995	ARHGEF18	1101	SRNRRSLSPIL		hprd;psite	899
ENSP00000315325	ARHGEF2	94	IRERPSSAIYP		psite	913
ENSP00000315325	ARHGEF2	95	RERPSSAIYPS		psite	913
ENSP00000315325	ARHGEF2	102	IYPSDSFRQSL		psite	913
ENSP00000315325	ARHGEF2	106	DSFRQSLLGSR		psite	913
ENSP00000315325	ARHGEF2	115	SRRGRSSLSLA		psite	913
ENSP00000315325	ARHGEF2	116	RRGRSSLSLAK		hprd;psite	913
ENSP00000315325	ARHGEF2	145	LRRILSQSTDS	CHEK1	hprd;psite	913
ENSP00000315325	ARHGEF2	147	RILSQSTDSLN		hprd;pelm;psite	913
ENSP00000315325	ARHGEF2	150	SQSTDSLNMRN		hprd;psite	913
ENSP00000315325	ARHGEF2	157	NMRNRTLSVES		psite	913
ENSP00000315325	ARHGEF2	159	RNRTLSVESLI		psite	913
ENSP00000315325	ARHGEF2	267	HTRFLSQLLER		psite	913
ENSP00000315325	ARHGEF2	615	RGLFRSESLES		psite	913
ENSP00000315325	ARHGEF2	617	LFRSESLESPR		hprd;pelm;psite	913
ENSP00000315325	ARHGEF2	663	PLEPDSGGNTS		hprd;psite	913
ENSP00000315325	ARHGEF2	683	RTFNGSIELCR		psite	913
ENSP00000315325	ARHGEF2	691	LCRADSDSSQR		psite	913
ENSP00000315325	ARHGEF2	754	LCRANSRDGEA		hprd;psite	913
ENSP00000315325	ARHGEF2	802	GEERATEAGSL		psite	913
ENSP00000315325	ARHGEF2	858	DPRRRSLPAGD	MARK2;PAK1;PAK4	hprd;psite	913
ENSP00000315325	ARHGEF2	912	ERLQDSSDPDT		hprd;psite	913
ENSP00000315325	ARHGEF2	913	RLQDSSDPDTG		hprd;psite	913
ENSP00000315325	ARHGEF2	917	SSDPDTGSEEE		psite	913
ENSP00000250617	ARHGEF6	122	RPCGRSSSLSA		hprd;psite	900
ENSP00000250617	ARHGEF6	123	PCGRSSSLSAA		hprd;psite	900
ENSP00000250617	ARHGEF6	124	CGRSSSLSAAN		hprd;psite	900
ENSP00000250617	ARHGEF6	126	RSSSLSAANTS		hprd;psite	900
ENSP00000250617	ARHGEF6	150	GLQRQSKTVEM		hprd;psite	900
ENSP00000250617	ARHGEF6	488	ASPRMSGFIYQ		hprd;pelm;psite	900
ENSP00000250617	ARHGEF6	640	TERKPSEEEYV		hprd;psite	900
ENSP00000250617	ARHGEF6	649	YVIRKSTAALE		hprd;psite	900
ENSP00000250617	ARHGEF6	650	VIRKSTAALEE		hprd;psite	900
ENSP00000250617	ARHGEF6	684	STRKDSIPQVL		hprd;pelm;psite	900
ENSP00000250617	ARHGEF6	717	KSLVDTVYALK		psite	900
ENSP00000370503	CCM2	405	GIITDSFGRHR		hprd;pelm;psite	623
ENSP00000370503	CCM2	414	HRRALSTTSSS		psite	623
ENSP00000370503	CCM2	415	RRALSTTSSST		psite	623
ENSP00000227507	CCND1	90	LDRFLSLEPVK	PRKACA	hprd;pelm;psite	402
ENSP00000227507	CCND1	234	LTRFLSRVIKC	PRKACA	hprd;pelm;psite	402
ENSP00000360532	CDC5L	227	LGFYDTSEENY		hprd;pelm;psite	492
ENSP00000360532	CDC5L	417	PFRTPSNGAEG		hprd;pelm;psite	492
ENSP00000360532	CDC5L	429	TPRSGTTPKPV		hprd;pelm;psite	492
ENSP00000360532	CDC5L	510	REIDDTYIEDA		psite	492
ENSP00000219150	CORO1A	356	TVPRKSDLFQE		psite	800
ENSP00000219150	CORO1A	412	NRGLDTGRRRA		psite	800
ENSP00000340211	CORO1B	209	DPRRGTLVAER		psite	808
ENSP00000309539	DPYSL2	416	IWDPDSVKTIS		psite	427
ENSP00000309539	DPYSL2	537	RNLHQSGFSLS		hprd;psite	427
ENSP00000309539	DPYSL2	554	NIPRRTTQRIV		psite	427
ENSP00000309539	DPYSL2	555	IPRRTTQRIVA	ROCK1;ROCK2	hprd;pelm;psite	427
ENSP00000232458	ECT2	15	TTGRTSLADSS		psite	930
ENSP00000232458	ECT2	19	TSLADSSIFDS		psite	930
ENSP00000232458	ECT2	375	PRKRPSAEHSL		psite	930
ENSP00000232458	ECT2	571	VQRLPSVALLL		psite	930
ENSP00000232458	ECT2	811	VTRAFSFSKTP		hprd;pelm;psite	930
ENSP00000232458	ECT2	826	RRALMTSHGSV		psite	930
ENSP00000232458	ECT2	848	VMSRLSSTSSL		psite	930
ENSP00000232458	ECT2	849	MSRLSSTSSLA		psite	930
ENSP00000232458	ECT2	851	RLSSTSSLAGI		psite	930
ENSP00000232458	ECT2	876	RSHTLSRSTTH		psite	930
ENSP00000297494	NOS3	102	RRCLGSLVFPR		psite	430
ENSP00000297494	NOS3	495	ITRKKTFKEVA	PRKACA;PRKCA;PRKG2	pelm;psite	430
ENSP00000297494	NOS3	615	KIRFNSISCSD	AKT1;PRKACA	pelm;psite	430
ENSP00000297494	NOS3	633	RKRKESSNTDS	PRKAA1;PRKACA;PRKG2	hprd;pelm;psite	430
ENSP00000297494	NOS3	854	RLPPCTLRQAL		psite	430
ENSP00000297494	NOS3	1175	TSRIRTQSFSL		hprd;psite	430
ENSP00000297494	NOS3	1177	RIRTQSFSLQE	AKT1;PRKAA1;PRKACA;PRKG2	hprd;pelm;psite	430
ENSP00000297494	NOS3	1179	RTQSFSLQERQ		pelm;psite	430
ENSP00000263025	MAPK3	170	RDLKPSNLLIN		psite	807
ENSP00000215832	MAPK1	29	RYTNLSYIGEG	RAF1;SGK1	hprd;psite	809
ENSP00000215832	MAPK1	284	FPNADSKALDL		psite	809
ENSP00000338934	EZR	332	KKRRETVEREK		psite	920
ENSP00000338934	EZR	366	AERELSEQIQR		psite	920
ENSP00000338934	EZR	567	RDKYKTLRQIR	ADRBK1;AKT2;LRRK2;MAP3K8;MST4;PRKCA;PRKCI;PRKCQ;ROCK1;STK10	hprd;pelm;psite	920
ENSP00000364277	FGD1	48	LARRGSGSALG		hprd;pelm;psite	899
ENSP00000364277	FGD1	114	RILVKSLSLDP		psite	899
ENSP00000364277	FGD1	135	PQRLRSDPGPP		psite	899
ENSP00000364277	FGD1	365	MERQESVELTV		psite	899
ENSP00000269571	ERBB2	686	KIRKYTMRRLL	PRKACA;PRKCA	pelm;psite	900
ENSP00000269571	ERBB2	1002	ASPLDSTFYRS		psite	900
ENSP00000269571	ERBB2	1049	HHRHRSSSTRS		psite	900
ENSP00000269571	ERBB2	1050	HRHRSSSTRSG		psite	900
ENSP00000269571	ERBB2	1051	RHRSSSTRSGG		psite	900
ENSP00000269571	ERBB2	1166	RPAGATLERPK		psite	900
ENSP00000269571	ERBB2	1172	LERPKTLSPGK		pelm;psite	900
ENSP00000347504	ITGB1BP1	13	RHSSSSSQSSE		psite	428
ENSP00000347504	ITGB1BP1	28	SKSVDSSLGGL		psite	428
ENSP00000347504	ITGB1BP1	38	LSRSSTVASLD	CAMK2A	hprd;pelm;psite	428
ENSP00000216797	NFKBIA	32	DDRHDSGLDSM	CHUK;CSNK2A1;IKBKB;IKBKE;RPS6KA1;RPS6KA3;SGK1	hprd;pelm;psite	621
ENSP00000216797	NFKBIA	36	DSGLDSMKDEE	CHUK;CSNK2A1;IKBKB;IKBKE	hprd;pelm;psite	621
ENSP00000216797	NFKBIA	291	EESYDTESEFT	CSNK2A1	hprd;pelm;psite	621
ENSP00000344668	KRIT1	276	WQRSMSSVTED		psite	709
ENSP00000336740	LIMK1	253	RLLQLTLEHDP		hprd;psite	936
ENSP00000336740	LIMK1	298	VLRSCSIDRSP	LIMK1	hprd;pelm;psite	936
ENSP00000336740	LIMK1	323	LGRSESLRVVC	MAPKAPK2	psite	936
ENSP00000336740	LIMK1	337	RIFRPSDLIHG		hprd;psite	936
ENSP00000336740	LIMK1	508	RKKRYTVVGNP	CDC42BPA;PAK1;ROCK1	hprd;pelm;psite	936
ENSP00000336740	LIMK1	637	YRRGESGLPAH		psite	936
ENSP00000285879	MAGEC1	63	SEGEDSSDPLQ		psite	619
ENSP00000285879	MAGEC1	76	PEGKDSQSPLQ		psite	619
ENSP00000285879	MAGEC1	207	VSRSFSSTLLS		psite	619
ENSP00000348273	MBP	26	TNRGESEKKRN		psite	649
ENSP00000348273	MBP	39	ELSRTTSEDNE		psite	649
ENSP00000348273	MBP	40	LSRTTSEDNEV		psite	649
ENSP00000348273	MBP	96	LIRLFSRDAPG		hprd;pelm;psite	649
ENSP00000348273	MBP	141	SQKRPSQRHGS	PRKCA	hprd;psite	649
ENSP00000348273	MBP	146	SQRHGSKYLAT	PRKCA	hprd;psite	649
ENSP00000348273	MBP	169	PRHRDTGILDS	PRKACA	hprd;psite	649
ENSP00000348273	MBP	249	SLSRFSWGAEG	PRKCA	hprd;psite	649
ENSP00000348273	MBP	266	YGGRASDYKSA	PRKCA	hprd;psite	649
ENSP00000262445	MAP2K4	78	IERLRTHSIES		psite	900
ENSP00000262445	MAP2K4	80	RLRTHSIESSG	AKT1	hprd;pelm;psite	900
ENSP00000262445	MAP2K4	257	GQLVDSIAKTR	MAP2K4;MAP3K11	hprd;pelm;psite	900
ENSP00000353408	MSN	384	RKRAQSEAEKL		psite	939
ENSP00000353408	MSN	429	LTARISQLEMA		psite	939
ENSP00000353408	MSN	465	RAELKTAMSTP		hprd;psite	939
ENSP00000353408	MSN	558	RDKYKTLRQIR	ADRBK1;LRRK2;MAP3K8;PRKACA;PRKCQ;ROCK1;STK10	hprd;pelm;psite	939
ENSP00000279022	MYL9	10	RAKAKTTKKRP	PRKCA	psite	880
ENSP00000279022	MYL9	19	RPQRATSNVFA	CIT;DAPK3;MYLK	hprd;pelm;psite	880
ENSP00000279022	MYL9	20	PQRATSNVFAM	CAMK1;CDC42BPA;CIT;DAPK3;MYLK;PAK1;PAK2;ROCK1	hprd;pelm;psite	880
ENSP00000237500	MYL12B	19	RPQRATSNVFA	DAPK3;ILK;MAP3K12;MYLK;ROCK1	hprd;psite	880
ENSP00000237500	MYL12B	20	PQRATSNVFAM	AURKB;DAPK1;DAPK3;ILK;MAP3K12;MYLK;ROCK1	hprd;psite	880
ENSP00000237500	MYL12B	135	MGDRFTDEEVD	CSNK2A1	psite	880
ENSP00000217652	MYL12A	10	RTKTKTKKRPQ		psite	844
ENSP00000217652	MYL12A	18	RPQRATSNVFA	ROCK1	hprd;pelm;psite	844
ENSP00000217652	MYL12A	19	PQRATSNVFAM	ROCK1	hprd;pelm;psite	844
ENSP00000217652	MYL12A	134	MGDRFTDEEVD		psite	844
ENSP00000269243	MYH10	1145	QKRDLSEELEA		psite	924
ENSP00000269243	MYH10	1203	RQRHATALEEL		psite	924
ENSP00000269243	MYH10	1376	SQLADTKKKVD		psite	924
ENSP00000269243	MYH10	1768	TLQVDTLNAEL		psite	924
ENSP00000269243	MYH10	1922	LSREVSTLKNR		psite	924
ENSP00000269243	MYH10	1935	RGGPISFSSSR		hprd;psite	924
ENSP00000269243	MYH10	1960	LSDDDTESKTS	CSNK2A1	hprd;pelm;psite	924
ENSP00000379616	MYH11	1374	LERHISTLNIQ		psite	920
ENSP00000379616	MYH11	1674	EDARASRDEIF		psite	920
ENSP00000216181	MYH9	751	ALELDSNLYRI		psite	924
ENSP00000216181	MYH9	1151	TELEDTLDSTA		psite	924
ENSP00000216181	MYH9	1269	GERVRTELADK		psite	924
ENSP00000216181	MYH9	1376	KKMEDSVGCLE		psite	924
ENSP00000216181	MYH9	1628	EAHIDSANKNR		psite	924
ENSP00000216181	MYH9	1915	MNREVSSLKNK		psite	924
ENSP00000325239	MYLPF	10	RAKRRTVEGGS		psite	800
ENSP00000261207	PPP1R12A	443	LGLRKTGSYGA		hprd;pelm;psite	985
ENSP00000261207	PPP1R12A	464	QKEKDTAGVTR		psite	985
ENSP00000261207	PPP1R12A	472	VTRSASSPRLS	NUAK1	psite	985
ENSP00000261207	PPP1R12A	477	SSPRLSSSLDN		hprd;pelm;psite	985
ENSP00000261207	PPP1R12A	478	SPRLSSSLDNK		hprd;pelm;psite	985
ENSP00000261207	PPP1R12A	507	PRRLASTSDIE		hprd;pelm;psite	985
ENSP00000261207	PPP1R12A	508	RRLASTSDIEE		hprd;pelm;psite	985
ENSP00000261207	PPP1R12A	509	RLASTSDIEEK		hprd;pelm;psite	985
ENSP00000261207	PPP1R12A	525	SSLRTSSSYTR		psite	985
ENSP00000261207	PPP1R12A	618	LWAEDSTEKEK		psite	985
ENSP00000261207	PPP1R12A	668	RERRRSYLTPV		hprd;psite	985
ENSP00000261207	PPP1R12A	692	RQARQSRRSTQ		psite	985
ENSP00000261207	PPP1R12A	695	RQSRRSTQGVT		hprd;psite	985
ENSP00000261207	PPP1R12A	696	QSRRSTQGVTL	RAF1;ROCK1;ROCK2	hprd;pelm;psite	985
ENSP00000261207	PPP1R12A	716	IGRSRSTRTRE		psite	985
ENSP00000261207	PPP1R12A	717	GRSRSTRTREQ		psite	985
ENSP00000261207	PPP1R12A	765	RTYDETYQRYR		psite	985
ENSP00000261207	PPP1R12A	802	LNRPNSLVGIT		psite	985
ENSP00000261207	PPP1R12A	852	REKRRSTGVSF	ROCK1	psite	985
ENSP00000261207	PPP1R12A	853	EKRRSTGVSFW	PRKCQ;ROCK1	hprd;psite	985
ENSP00000261207	PPP1R12A	862	FWTQDSDENEQ		hprd;pelm;psite	985
ENSP00000261207	PPP1R12A	873	EQQSDTEEGSN		hprd;pelm;psite	985
ENSP00000261207	PPP1R12A	886	ETQTDSISRYE		psite	985
ENSP00000261207	PPP1R12A	892	ISRYETSSTSA		psite	985
ENSP00000261207	PPP1R12A	894	RYETSSTSAGD		psite	985
ENSP00000261207	PPP1R12A	903	GDRYDSLLGRS		psite	985
ENSP00000261207	PPP1R12A	910	LGRSGSYSYLE	NUAK1	hprd;pelm;psite	985
ENSP00000261207	PPP1R12A	912	RSGSYSYLEER		psite	985
ENSP00000261207	PPP1R12A	995	LERRISEMEEE		psite	985
ENSP00000318195	NCL	28	EVEEDSEDEEM		hprd;pelm;psite	619
ENSP00000318195	NCL	41	DEEDDSSGEEV		hprd;pelm;psite	619
ENSP00000318195	NCL	145	AKKEDSDEEED		hprd;pelm;psite	619
ENSP00000318195	NCL	153	EEDDDSEEDEE		hprd;pelm;psite	619
ENSP00000318195	NCL	206	DEEDDSEEEAM		hprd;pelm;psite	619
ENSP00000318195	NCL	423	EIRLVSKDGKS		psite	619
ENSP00000318195	NCL	460	DGRSISLYYTG		psite	619
ENSP00000318195	NCL	602	RARIVTDRETG		psite	619
ENSP00000263980	SLC9A1	648	RQRLRSYNRHT	AKT1	psite	899
ENSP00000263980	SLC9A1	653	SYNRHTLVADP		psite	899
ENSP00000263980	SLC9A1	703	RARIGSDPLAY	AKT1;RPS6KA1	hprd;pelm;psite	899
ENSP00000263980	SLC9A1	770	RSKETSSPGTD	MAPK1	hprd;pelm;psite	899
ENSP00000263980	SLC9A1	796	IQRCLSDPGPH	AKT1	psite	899
ENSP00000264938	SLC9A3	555	GERRGSLAFIR		psite	899
ENSP00000264938	SLC9A3	563	FIRSPSTDNVV		psite	899
ENSP00000244741	CDKN1A	145	RKRRQTSMTDF	AKT1;DAPK3;PIM1;PIM2;PRKCA	hprd;pelm;psite	429
ENSP00000244741	CDKN1A	146	KRRQTSMTDFY	AKT1;PIM1;PIM2;PRKCA	hprd;pelm;psite	429
ENSP00000219255	PARD6A	278	PAEPDSDDDSS		hprd;pelm;psite	917
ENSP00000264380	PIKFYVE	104	ELQRRSSALDT		psite	800
ENSP00000264380	PIKFYVE	105	LQRRSSALDTR		psite	800
ENSP00000264380	PIKFYVE	109	SSALDTRRKAE		psite	800
ENSP00000264380	PIKFYVE	261	GSRKASRNIFL		psite	800
ENSP00000264380	PIKFYVE	291	STRLVSVQEDA		psite	800
ENSP00000264380	PIKFYVE	305	PARNRSASITN		psite	800
ENSP00000264380	PIKFYVE	307	RNRSASITNLS	AKT1	hprd;pelm;psite	800
ENSP00000264380	PIKFYVE	309	RSASITNLSLD		psite	800
ENSP00000264380	PIKFYVE	339	RTYVRTETTED		psite	800
ENSP00000264380	PIKFYVE	341	YVRTETTEDER		psite	800
ENSP00000264380	PIKFYVE	352	KILLDSVQLKD		hprd;psite	800
ENSP00000264380	PIKFYVE	452	TPSPDSDSVNS		psite	800
ENSP00000264380	PIKFYVE	454	SPDSDSVNSVE		psite	800
ENSP00000264380	PIKFYVE	475	IKFDDSDTEQI		hprd;psite	800
ENSP00000264380	PIKFYVE	477	FDDSDTEQIAE		hprd;psite	800
ENSP00000264380	PIKFYVE	1522	GRKRPSVPPSP		psite	800
ENSP00000264380	PIKFYVE	1712	DSRPKSSSPIR		hprd;psite	800
ENSP00000264380	PIKFYVE	1764	SQKRETLRGAD		psite	800
ENSP00000357883	PIP5K1A	475	SRRAGSSGNSC		psite	800
ENSP00000265382	PIP5K1B	413	KKRCNSIAALK		psite	899
ENSP00000335333	PIP5K1C	556	RRTQSSGQDGR		psite	899
ENSP00000367830	PRKCZ	223	SRKHDSIKDDS		hprd;pelm;psite	900
ENSP00000386733	PLEKHG2	466	PGRRNTAPSPG		psite	899
ENSP00000386733	PLEKHG2	482	RGRRQSEPVKD		psite	899
ENSP00000386733	PLEKHG2	658	GSRLPSLSDIS		psite	899
ENSP00000386733	PLEKHG2	765	AFRSCSEIRSA		psite	899
ENSP00000386733	PLEKHG2	1253	VARLESSDLTP		psite	899
ENSP00000386733	PLEKHG2	1310	RGSWSSAPTSR		psite	899
ENSP00000386733	PLEKHG2	1317	PTSRASSPPPQ		hprd;psite	899
ENSP00000300093	PLK1	137	LCRRRSLLELH	MAP3K8	pelm;psite	910
ENSP00000300093	PLK1	210	GERKKTLCGTP	AURKA;MAP3K8;STK10	hprd;pelm;psite	910
ENSP00000300093	PLK1	326	IPPRFSIAPSS	MAPKAPK2	psite	910
ENSP00000300093	PLK1	450	YNDGDSLQYIE		hprd;psite	910
ENSP00000300093	PLK1	461	RDGTESYLTVS		hprd;psite	910
ENSP00000300093	PLK1	597	SSRSASNRLKA		psite	910
ENSP00000326031	PPP1CA	11	KLNLDSIIGRL		hprd;psite	800
ENSP00000326031	PPP1CA	336	TPPRNSAKAKK		psite	800
ENSP00000296122	PPP1CB	47	REIFLSQPILL		hprd;pelm;psite	813
ENSP00000335084	PPP1CC	22	LEVRGSKPGKN		psite	800
ENSP00000301242	PPP1R14A	12	GKRVLSKLQSP	DAPK3	pelm;psite	538
ENSP00000301242	PPP1R14A	38	RHARVTVKYDR	DAPK3;ILK;PKD1;PRKACA;PRKCA;PRKCD;PRKCE;PRKCZ;PRKD1;PRKG1;ROCK2	hprd;pelm;psite	538
ENSP00000301242	PPP1R14A	130	RQPSPSHDGSL	CAMK2A	hprd;pelm;psite	538
ENSP00000310117	PPP1R14B	57	RQGKVTVKYDR	ILK;PRKCA;PRKCD;ROCK2	hprd;pelm;psite	621
ENSP00000361021	PTEN	380	DHYRYSDTTDS	AKT1;CSNK2A1;PRKCZ;STK11	hprd;pelm;psite	942
ENSP00000361021	PTEN	382	YRYSDTTDSDP	CSNK2A1;PRKCZ;STK11	hprd;pelm;psite	942
ENSP00000361021	PTEN	383	RYSDTTDSDPE	CSNK2A1;PRKCZ;STK11	hprd;pelm;psite	942
ENSP00000361021	PTEN	385	SDTTDSDPENE	AKT1;CSNK2A1	hprd;pelm;psite	942
ENSP00000348461	RAC1	71	RLRPLSYPQTV	AKT1	hprd;psite	947
ENSP00000342830	RDX	564	RDKYKTLRQIR	ADRBK1;LRRK2;MAP3K8;PRKCQ;ROCK1;STK10	hprd;pelm;psite	937
ENSP00000265080	RASGRF2	746	RARKLSLTSPL		psite	899
ENSP00000265080	RASGRF2	748	RKLSLTSPLNS		psite	899
ENSP00000400175	RHOA	188	RGKKKSGCLVL	PRKACA;PRKG1	hprd;pelm;psite	946
ENSP00000272233	RHOB	185	QKRYGSQNGCI	CSNK1A1	psite	922
ENSP00000263895	RND3	210	VKRNKSQRATK		psite	582
ENSP00000263895	RND3	218	ATKRISHMPSR		psite	582
ENSP00000296043	SHROOM3	283	SGRERSGSMDN		psite	432
ENSP00000296043	SHROOM3	285	RERSGSMDNTS		psite	432
ENSP00000296043	SHROOM3	391	PARSDSYAAFR		psite	432
ENSP00000296043	SHROOM3	403	RERPSSWSSLD		psite	432
ENSP00000296043	SHROOM3	676	SLRRHSSLELG		psite	432
ENSP00000296043	SHROOM3	677	LRRHSSLELGR		hprd;psite	432
ENSP00000296043	SHROOM3	816	PHRTVSTSSTS		hprd;pelm;psite	432
ENSP00000296043	SHROOM3	818	RTVSTSSTSGN		psite	432
ENSP00000296043	SHROOM3	890	LLRSQSTFQLS		psite	432
ENSP00000296043	SHROOM3	962	WRPRPSSAHVG		psite	432
ENSP00000296043	SHROOM3	963	RPRPSSAHVGL		psite	432
ENSP00000296043	SHROOM3	1173	RDRSSSFAGGR		psite	432
ENSP00000296043	SHROOM3	1242	HVRSRSSPATA		psite	432
ENSP00000296043	SHROOM3	1421	TRKRVSLPQWP		psite	432
ENSP00000296043	SHROOM3	1441	AAREDSLPEES		hprd;psite	432
ENSP00000296043	SHROOM3	1725	IQRTVSSSGCE		psite	432
ENSP00000384675	SOS1	158	RHYEITKQDIK		psite	899
ENSP00000384675	SOS1	1043	PGVRPSNPRPG		pelm;psite	899
ENSP00000384675	SOS1	1134	GPRSASVSSIS		hprd;pelm;psite	899
ENSP00000384675	SOS1	1161	RRRPESAPAES		psite	899
ENSP00000384675	SOS1	1197	YSPRYSISDRT	MAPK1	hprd;pelm;psite	899
ENSP00000216373	SOS2	1032	RKSTFSLKSPG		psite	900
ENSP00000216373	SOS2	1315	YKRELSHPPLY		psite	900
ENSP00000360922	STAU1	176	VNGRESEEENL		psite	613
ENSP00000286827	TIAM1	26	LGRKHTSRSLR		psite	912
ENSP00000286827	TIAM1	33	RSLRLSHKTRR		psite	912
ENSP00000286827	TIAM1	231	CQRANSLGDLY		hprd;psite	912
ENSP00000286827	TIAM1	294	LPCRKSHCLSE		psite	912
ENSP00000286827	TIAM1	319	GRRAKTTQDVN		psite	912
ENSP00000286827	TIAM1	320	RRAKTTQDVNA		psite	912
ENSP00000286827	TIAM1	368	RAFVGSDSGSS		psite	912
ENSP00000286827	TIAM1	370	FVGSDSGSSST		psite	912
ENSP00000286827	TIAM1	695	RSRFSSLWGLD		psite	912
ENSP00000286827	TIAM1	1143	RFKLYSAFCAS		psite	912
ENSP00000286827	TIAM1	1321	GSHRLSIYEDW		psite	912
ENSP00000360916	VAV2	778	SASRASSRSPA		psite	904
ENSP00000360916	VAV2	779	ASRASSRSPAS		pelm;psite	904
ENSP00000325526	WNT11	245	RYLSATKVVHR		psite	412
ENSP00000357177	ARHGEF11	1531	PLASDSRNSHE		hprd;pelm	906
ENSP00000219255	PARD6A	282	DSDDDSSDLVI		hprd;pelm	917
ENSP00000364277	FGD1	50	RRGSGSALGGP		hprd;pelm	899
ENSP00000348273	MBP	295	LGGRDSRSGSP	PRKCA	hprd	649
ENSP00000348273	MBP	190	APKRGSGKDSH	PRKCA	hprd	649
ENSP00000269243	MYH10	1158	TELEDTLDTTA		hprd	924
ENSP00000269243	MYH10	1161	EDTLDTTAAQQ		hprd	924
ENSP00000342830	RDX	542	QARDETKKTQN		hprd	937
ENSP00000286827	TIAM1	1542	ERGRKTLDSHA		hprd	912
ENSP00000336740	LIMK1	261	HDPHDTLGHGL		hprd	936
ENSP00000336740	LIMK1	427	RGIIKSMDSQY		hprd	936
ENSP00000336740	LIMK1	439	WSQRVSFAKDI		hprd	936
ENSP00000261207	PPP1R12A	856	RSTGVSFWTQD		hprd	985
ENSP00000380942	ARHGEF12	22	PIRHGSILNRE		hprd	910
ENSP00000340211	CORO1B	413	RRNVLSDSRPA		hprd	808
