name	ROCK1
id	ENSP00000382697
type	Serine/threonine kinase
proline+1_removed	Yes
npartners	62
npartners_with_sites	54
nsites	179
//
motif	score	fg_matches	fg_size	bg_matches	bg_size	fold_increase
..R..[ST].....	307.65	110	682	483	9383	3.13
R....[ST].....	9	67	572	465	8900	2.24
//
prot_id	prot_name	position	flank	kinase	source	string_score
ENSP00000264758	ADD1	11	RAAVVTSPPPT		hprd;psite	698
ENSP00000264758	ADD1	445	QQREKTRWLNS	ROCK1	hprd;pelm;psite	698
ENSP00000264758	ADD1	457	RGDEASEEGQN		psite	698
ENSP00000264758	ADD1	513	GHRTSTSAVPN		hprd;psite	698
ENSP00000264758	ADD1	617	RKQKGSEENLD		hprd;psite	698
ENSP00000264758	ADD1	757	KFRTPSFLKKS	CHEK1;PRKCA;PRKCZ	hprd;pelm;psite	698
ENSP00000341071	ARHGEF3	79	LSRVTSLANLI		psite	462
ENSP00000311032	CASP3	150	GDRCRSLTGKP	MAPK14	pelm;psite	733
ENSP00000303706	CDC25A	76	LQRMGSSESTD	CHEK1;GSK3B	hprd;pelm;psite	937
ENSP00000303706	CDC25A	107	MRRIHSLPQKL		psite	937
ENSP00000303706	CDC25A	124	LKRSHSDSLDH	CHEK1;CHEK2	hprd;pelm;psite	937
ENSP00000303706	CDC25A	126	RSHSDSLDHDI		psite	937
ENSP00000303706	CDC25A	178	TQRQNSAPARM	CHEK1;CHEK2	hprd;pelm;psite	937
ENSP00000303706	CDC25A	293	TKRRKSMSGAS	CHEK1;CHEK2;RPS6KA1	hprd;pelm;psite	937
ENSP00000303706	CDC25A	295	RRKSMSGASPK	RPS6KA1	psite	937
ENSP00000303706	CDC25A	507	RTKSRTWAGEK	CHEK1	pelm;psite	937
ENSP00000309629	CFL1	24	KVRKSSTPEEV	PRKCA	hprd;psite	622
ENSP00000321606	CRMP1	10	RRAWNTEDDLP		psite	619
ENSP00000321606	CRMP1	23	LARPGSAAQTP		psite	619
ENSP00000309539	DPYSL2	537	RNLHQSGFSLS		hprd;psite	765
ENSP00000309539	DPYSL2	555	IPRRTTQRIVA	ROCK1;ROCK2	hprd;pelm;psite	765
ENSP00000363071	DES	13	SQRVSSYRRTF		psite	672
ENSP00000363071	DES	76	ASRLGTTRTPS	PRKACA;ROCK1	hprd;pelm;psite	672
ENSP00000363071	DES	81	TTRTPSSYGAG		psite	672
ENSP00000363071	DES	330	RHQIQSYTCEI		psite	672
ENSP00000363071	DES	358	EDRFASEASGY		psite	672
ENSP00000297494	NOS3	102	RRCLGSLVFPR		psite	443
ENSP00000297494	NOS3	495	ITRKKTFKEVA	PRKACA;PRKCA;PRKG2	pelm;psite	443
ENSP00000297494	NOS3	615	KIRFNSISCSD	AKT1;PRKACA	pelm;psite	443
ENSP00000297494	NOS3	633	RKRKESSNTDS	PRKAA1;PRKACA;PRKG2	hprd;pelm;psite	443
ENSP00000297494	NOS3	854	RLPPCTLRQAL		psite	443
ENSP00000297494	NOS3	1175	TSRIRTQSFSL		hprd;psite	443
ENSP00000297494	NOS3	1177	RIRTQSFSLQE	AKT1;PRKAA1;PRKACA;PRKG2	hprd;pelm;psite	443
ENSP00000297494	NOS3	1179	RTQSFSLQERQ		pelm;psite	443
ENSP00000338934	EZR	332	KKRRETVEREK		psite	814
ENSP00000338934	EZR	366	AERELSEQIQR		psite	814
ENSP00000338934	EZR	567	RDKYKTLRQIR	ADRBK1;AKT2;LRRK2;MAP3K8;MST4;PRKCA;PRKCI;PRKCQ;ROCK1;STK10	hprd;pelm;psite	814
ENSP00000341189	PTK2	390	RTHAVSVSETD	PTK2	hprd;psite	643
ENSP00000341189	PTK2	517	QVRKYSLDLAS		psite	643
ENSP00000341189	PTK2	574	RYMEDSTYYKA		psite	643
ENSP00000341189	PTK2	695	RMRMESRRQAT		psite	643
ENSP00000341189	PTK2	700	SRRQATVSWDS		psite	643
ENSP00000341189	PTK2	702	RQATVSWDSGG		psite	643
ENSP00000341189	PTK2	843	RLSRGSIDRED		hprd;pelm;psite	643
ENSP00000258201	FHOD1	357	ERRKPSSEEGK		psite	852
ENSP00000258201	FHOD1	358	RRKPSSEEGKR		psite	852
ENSP00000258201	FHOD1	1010	RERNKTRGRMI		psite	852
ENSP00000258201	FHOD1	1131	RERKRSRGNRK	PRKG1;ROCK1	hprd;pelm;psite	852
ENSP00000258201	FHOD1	1137	RGNRKSLRRTL	ROCK1	psite	852
ENSP00000262995	GAB1	251	PSRAPSASVDS		psite	640
ENSP00000262995	GAB1	253	RAPSASVDSSL		psite	640
ENSP00000262995	GAB1	266	LPRSYSHDVLP		hprd;pelm;psite	640
ENSP00000262995	GAB1	304	QMRHVSISYDI		psite	640
ENSP00000262995	GAB1	306	RHVSISYDIPP		psite	640
ENSP00000262995	GAB1	369	RTASDTDSSYC		psite	640
ENSP00000262995	GAB1	387	PSRSNTISTVD		psite	640
ENSP00000262995	GAB1	402	RKDASSQDCYD		psite	640
ENSP00000262995	GAB1	419	SDRSSSLEGFH		psite	640
ENSP00000262995	GAB1	714	DGRQSTESETP		psite	640
ENSP00000262995	GAB1	547	LERTDSQTIGD		hprd;psite	640
ENSP00000253408	GFAP	8	RRRITSAARRS	CDK1;PRKACA	hprd;pelm;psite	669
ENSP00000253408	GFAP	17	RSYVSSGEMMV	PRKCA	hprd;pelm;psite	669
ENSP00000253408	GFAP	305	RGTNESLERQM		psite	669
ENSP00000341826	HNRNPA1	91	PKRAVSREDSQ		hprd;pelm;psite	450
ENSP00000341826	HNRNPA1	95	VSREDSQRPGA		hprd;pelm;psite	450
ENSP00000341826	HNRNPA1	197	SQRGRSGSGNF		psite	450
ENSP00000341826	HNRNPA1	199	RGRSGSGNFGG	AKT1;CSNK2A1	pelm;psite	450
ENSP00000393087	HSPA1B	265	VRRLRTACERA		psite	619
ENSP00000393087	HSPA1B	362	RDLNKSINPDE		pelm;psite	619
ENSP00000325875	HSP90AB1	58	KIRYESLTDPS		psite	619
ENSP00000325875	HSP90AB1	226	REKEISDDEAE	CSNK2A1	hprd;pelm;psite	619
ENSP00000325875	HSP90AB1	452	NRRRLSELLRY	AURKB	hprd;psite	619
ENSP00000325875	HSP90AB1	459	LLRYHTSQSGD		psite	619
ENSP00000325875	HSP90AB1	615	ALRDNSTMGYM		psite	619
ENSP00000304895	IRS1	268	EFRPRSKSQSS	IKBKB	hprd;pelm;psite	724
ENSP00000304895	IRS1	270	RPRSKSQSSSN	ATR;IKBKB;RPS6KB1	hprd;pelm;psite	724
ENSP00000304895	IRS1	305	TRRSRTESITA		psite	724
ENSP00000304895	IRS1	307	RSRTESITATS	IKBKB;PRKCD;RPS6KB1	hprd;pelm;psite	724
ENSP00000304895	IRS1	309	RTESITATSPA		psite	724
ENSP00000304895	IRS1	330	RVRASSDGEGT	CSNK2B	hprd;psite	724
ENSP00000304895	IRS1	341	MSRPASVDGSP	IKBKB	hprd;pelm;psite	724
ENSP00000304895	IRS1	527	RKRTHSAGTSP	IKBKB;RPS6KB1	hprd;pelm;psite	724
ENSP00000304895	IRS1	603	HHRPDSSTLHT		psite	724
ENSP00000304895	IRS1	605	RPDSSTLHTDD		psite	724
ENSP00000304895	IRS1	629	SGRKGSGDYMP	AKT1	hprd;pelm;psite	724
ENSP00000304895	IRS1	1100	CRRRHSSETFS		hprd;psite	724
ENSP00000304895	IRS1	1101	RRRHSSETFSS	PRKCQ;RPS6KA1;RPS6KB1	hprd;pelm;psite	724
ENSP00000304895	IRS1	1103	RHSSETFSSTP		hprd;psite	724
ENSP00000304895	IRS1	1143	VKRHSSASFEN		hprd;psite	724
ENSP00000304895	IRS1	1145	RHSSASFENVW		hprd;pelm;psite	724
ENSP00000304895	IRS1	1223	STRRSSEDLSA		hprd;pelm;psite	724
ENSP00000336740	LIMK1	253	RLLQLTLEHDP		hprd;psite	765
ENSP00000336740	LIMK1	298	VLRSCSIDRSP	LIMK1	hprd;pelm;psite	765
ENSP00000336740	LIMK1	323	LGRSESLRVVC	MAPKAPK2	psite	765
ENSP00000336740	LIMK1	337	RIFRPSDLIHG		hprd;psite	765
ENSP00000336740	LIMK1	508	RKKRYTVVGNP	CDC42BPA;PAK1;ROCK1	hprd;pelm;psite	765
ENSP00000336740	LIMK1	637	YRRGESGLPAH		psite	765
ENSP00000353408	MSN	384	RKRAQSEAEKL		psite	720
ENSP00000353408	MSN	465	RAELKTAMSTP		hprd;psite	720
ENSP00000353408	MSN	558	RDKYKTLRQIR	ADRBK1;LRRK2;MAP3K8;PRKACA;PRKCQ;ROCK1;STK10	hprd;pelm;psite	720
ENSP00000217652	MYL12A	10	RTKTKTKKRPQ		psite	478
ENSP00000217652	MYL12A	18	RPQRATSNVFA	ROCK1	hprd;pelm;psite	478
ENSP00000217652	MYL12A	19	PQRATSNVFAM	ROCK1	hprd;pelm;psite	478
ENSP00000354558	MTOR	1821	KLRHASGANIT		psite	872
ENSP00000354558	MTOR	2444	NKRSRTRTDSY		hprd;psite	872
ENSP00000354558	MTOR	2446	RSRTRTDSYSA	AKT1;RPS6KB1	hprd;pelm;psite	872
ENSP00000354558	MTOR	2448	RTRTDSYSAGQ	AKT1;RPS6KB1	hprd;pelm;psite	872
ENSP00000354558	MTOR	2450	RTDSYSAGQSV		psite	872
ENSP00000261207	PPP1R12A	472	VTRSASSPRLS	NUAK1	psite	835
ENSP00000261207	PPP1R12A	478	SPRLSSSLDNK		hprd;pelm;psite	835
ENSP00000261207	PPP1R12A	507	PRRLASTSDIE		hprd;pelm;psite	835
ENSP00000261207	PPP1R12A	508	RRLASTSDIEE		hprd;pelm;psite	835
ENSP00000261207	PPP1R12A	509	RLASTSDIEEK		hprd;pelm;psite	835
ENSP00000261207	PPP1R12A	668	RERRRSYLTPV		hprd;psite	835
ENSP00000261207	PPP1R12A	692	RQARQSRRSTQ		psite	835
ENSP00000261207	PPP1R12A	695	RQSRRSTQGVT		hprd;psite	835
ENSP00000261207	PPP1R12A	696	QSRRSTQGVTL	RAF1;ROCK1;ROCK2	hprd;pelm;psite	835
ENSP00000261207	PPP1R12A	716	IGRSRSTRTRE		psite	835
ENSP00000261207	PPP1R12A	765	RTYDETYQRYR		psite	835
ENSP00000261207	PPP1R12A	802	LNRPNSLVGIT		psite	835
ENSP00000261207	PPP1R12A	852	REKRRSTGVSF	ROCK1	psite	835
ENSP00000261207	PPP1R12A	853	EKRRSTGVSFW	PRKCQ;ROCK1	hprd;psite	835
ENSP00000261207	PPP1R12A	892	ISRYETSSTSA		psite	835
ENSP00000261207	PPP1R12A	894	RYETSSTSAGD		psite	835
ENSP00000261207	PPP1R12A	903	GDRYDSLLGRS		psite	835
ENSP00000261207	PPP1R12A	910	LGRSGSYSYLE	NUAK1	hprd;pelm;psite	835
ENSP00000261207	PPP1R12A	912	RSGSYSYLEER		psite	835
ENSP00000261207	PPP1R12A	995	LERRISEMEEE		psite	835
ENSP00000318195	NCL	423	EIRLVSKDGKS		psite	619
ENSP00000318195	NCL	460	DGRSISLYYTG		psite	619
ENSP00000318195	NCL	602	RARIVTDRETG		psite	619
ENSP00000386259	NEB	2944	RFKFTSVTDSL		psite	619
ENSP00000386259	NEB	4836	HVRKVTDQISD		hprd;psite	619
ENSP00000386259	NEB	6507	RTNPGSVFDYD		psite	619
ENSP00000386259	NEB	6542	QSRSASALSIS		psite	619
ENSP00000386259	NEB	6593	QQRSSSVATQQ		psite	619
ENSP00000244741	CDKN1A	145	RKRRQTSMTDF	AKT1;DAPK3;PIM1;PIM2;PRKCA	hprd;pelm;psite	445
ENSP00000244741	CDKN1A	146	KRRQTSMTDFY	AKT1;PIM1;PIM2;PRKCA	hprd;pelm;psite	445
ENSP00000301242	PPP1R14A	12	GKRVLSKLQSP	DAPK3	pelm;psite	556
ENSP00000301242	PPP1R14A	38	RHARVTVKYDR	DAPK3;ILK;PKD1;PRKACA;PRKCA;PRKCD;PRKCE;PRKCZ;PRKD1;PRKG1;ROCK2	hprd;pelm;psite	556
ENSP00000301242	PPP1R14A	130	RQPSPSHDGSL	CAMK2A	hprd;pelm;psite	556
ENSP00000361021	PTEN	383	RYSDTTDSDPE	CSNK2A1;PRKCZ;STK11	hprd;pelm;psite	512
ENSP00000228307	PXN	250	PQRVTSTQQQT		psite	411
ENSP00000228307	PXN	261	RISASSATREL		hprd;pelm;psite	411
ENSP00000228307	PXN	302	RDGGRSSPGGQ		pelm;psite	411
ENSP00000310226	RAB1B	72	QERFRTITSSY		psite	517
ENSP00000310226	RAB1B	74	RFRTITSSYYR		psite	517
ENSP00000310226	RAB1B	111	IDRYASENVNK		psite	517
ENSP00000348461	RAC1	71	RLRPLSYPQTV	AKT1	hprd;psite	919
ENSP00000342830	RDX	564	RDKYKTLRQIR	ADRBK1;LRRK2;MAP3K8;PRKCQ;ROCK1;STK10	hprd;pelm;psite	815
ENSP00000400175	RHOA	188	RGKKKSGCLVL	PRKACA;PRKG1	hprd;pelm;psite	999
ENSP00000272233	RHOB	185	QKRYGSQNGCI	CSNK1A1	psite	430
ENSP00000263895	RND3	210	VKRNKSQRATK		psite	986
ENSP00000272430	RTKN	106	TSRRPSDSGPP		hprd;psite	565
ENSP00000272430	RTKN	232	RRVRASLDSAG		hprd;pelm;psite	565
ENSP00000272430	RTKN	518	WGRPRTFSLDA		pelm;psite	565
ENSP00000272430	RTKN	520	RPRTFSLDAVP		pelm;psite	565
ENSP00000251968	TSG101	220	PSRDGTISEDT		hprd;psite	604
ENSP00000224237	VIM	9	RSVSSSSYRRM	PRKCA	hprd;psite	686
ENSP00000224237	VIM	26	ASRPSSSRSYV	PRKCA	hprd;pelm;psite	686
ENSP00000224237	VIM	39	STRTYSLGSAL	AKT1;MAPKAPK2;PRKACA;PRKCA	hprd;pelm;psite	686
ENSP00000224237	VIM	48	ALRPSTSRSLY		hprd;pelm;psite	686
ENSP00000224237	VIM	55	RSLYASSPGGV	CDK1;CDK2	hprd;pelm;psite	686
ENSP00000224237	VIM	72	AVRLRSSVPGV	PRKACA;ROCK1	hprd;pelm;psite	686
ENSP00000224237	VIM	83	RLLQDSVDFSL	CAMK2A;CAMK2D;MAPKAPK2;PLK1	hprd;pelm;psite	686
ENSP00000224237	VIM	325	RRQVQSLTCEV		hprd;psite	686
ENSP00000211998	VCL	288	WLRDPSASPGD		hprd;psite	409
ENSP00000304895	IRS1	272	RSKSQSSSNCS	IKBKB	hprd;pelm	724
ENSP00000272430	RTKN	235	RASLDSAGGSG		hprd;pelm	565
ENSP00000253408	GFAP	393	QIRETSLDTKS	CAMK2A	hprd	669
ENSP00000225655	PFN1	92	DLRTKSTGGAP		hprd	884
ENSP00000342830	RDX	542	QARDETKKTQN		hprd	815
ENSP00000319096	RAP2B	127	GEREVSYGEGK		hprd	518
ENSP00000224237	VIM	33	RSYVTTSTRTY		hprd	686
ENSP00000336740	LIMK1	427	RGIIKSMDSQY		hprd	765
ENSP00000261207	PPP1R12A	856	RSTGVSFWTQD		hprd	835
ENSP00000228307	PXN	219	RPSVESLLDEL		hprd	411
ENSP00000258201	FHOD1	823	RCILATLLAVG		hprd	852
ENSP00000325875	HSP90AB1	60	RYESLTDPSKL		hprd	619
