name	RPS6KA5
id	ENSP00000261991
type	Serine/threonine kinase
proline+1_removed	Yes
npartners	79
npartners_with_sites	68
nsites	65
//
motif	score	fg_matches	fg_size	bg_matches	bg_size	fold_increase
..R..[ST].....	11.05	58	416	483	9383	2.71
//
prot_id	prot_name	position	flank	kinase	source	string_score
ENSP00000309503	YWHAZ	58	GARRSSWRVVS	AKT1;MAPKAPK2;PRKACA	hprd;pelm;psite	621
ENSP00000309503	YWHAZ	63	SWRVVSSIEQK		psite	621
ENSP00000351926	AP2A1	636	GRRDPSSNDIN		hprd;psite	899
ENSP00000262053	ATF1	63	LARRPSYRKIL	CAMK2G;CDK3;RPS6KA5	hprd;pelm;psite	886
ENSP00000264110	ATF2	62	PARNDSVIVAD	VRK1	pelm;psite	669
ENSP00000264110	ATF2	307	LVRTQSEESRP		psite	669
ENSP00000309103	BAD	75	RSRHSSYPAGT	ARAF;BRAF;PAK1;PIM3;PRKACA;PRKCE;PRKCI;PRKCQ;PRKD1;RAF1;RPS6KA1;RPS6KA3	hprd;pelm;psite	846
ENSP00000309103	BAD	97	PFRGRSRSAPP		psite	846
ENSP00000309103	BAD	99	RGRSRSAPPNL	AKT1;ARAF;BRAF;PAK1;PRKACA;PRKCE;PRKCI;PRKCQ;PRKD1;RAF1;RPS6KA3	hprd;pelm;psite	846
ENSP00000309103	BAD	118	ELRRMSDEFVD	ARAF;BRAF;PAK1;PRKACA;PRKCE;PRKCI;PRKD1;RAF1;RPS6KA1	hprd;pelm;psite	846
ENSP00000309103	BAD	134	LPRPKSAGTAT		hprd;psite	846
ENSP00000305422	CEBPB	325	LSRELSTLRNL	CAMK2A	hprd;pelm;psite	621
ENSP00000262367	CREBBP	78	LLRGGSGSSIN		psite	690
ENSP00000262367	CREBBP	2356	SPRPQSQPPHS		psite	690
ENSP00000358490	CD2	258	AHRVATEERGR		psite	627
ENSP00000387699	CREB1	98	LKRLFSGTQIS	PRKD1	psite	998
ENSP00000387699	CREB1	133	LSRRPSYRKIL	ATM;CAMK4;CAMKK1;DYRK3;MAP3K8;MAPKAPK2;PRKACA;PRKCE;PRKD1;RPS6KA1;RPS6KA2;RPS6KA3;RPS6KA4;RPS6KA5;SGK1;TSSK4	hprd;pelm;psite	998
ENSP00000231509	NR3C1	134	LNRSTSVPENP		hprd;pelm;psite	621
ENSP00000330074	HIST1H1B	39	AKRKATGPPVS		hprd;psite	619
ENSP00000358151	HIST2H2BE	37	RSRKESYSIYV		psite	619
ENSP00000353581	HIST1H3E	12	TARKSTGGKAP	DAPK3;PKN1	pelm;psite	619
ENSP00000353581	HIST1H3E	46	RYRPGTVALRE	AKT2;PRKCD	psite	619
ENSP00000353581	HIST1H3E	87	DLRFQSSAVMA		psite	619
ENSP00000254810	H3F3B	46	RYRPGTVALRE	DYRK1B;DYRK2;DYRK3	psite	899
ENSP00000355778	H3F3A	46	RYRPGTVALRE	DYRK1B;DYRK2;DYRK3	psite	899
ENSP00000358154	HIST2H3C	46	RYRPGTVALRE		psite	619
ENSP00000375736	HIST3H2BB	37	RGRKESYSIYV		psite	621
ENSP00000375736	HIST3H2BB	76	FERIASEASRL		psite	621
ENSP00000355657	HIST3H3	46	RYRPGTVALRE		psite	621
ENSP00000355657	HIST3H3	87	DLRFQSSAVMA		psite	621
ENSP00000248553	HSPB1	15	LLRGPSWDPFR	MAPKAPK2;PRKG1	hprd;pelm;psite	619
ENSP00000248553	HSPB1	78	YSRALSRQLSS	MAPKAPK2;PRKACA;PRKG1;RPS6KB2	hprd;pelm;psite	619
ENSP00000248553	HSPB1	82	LSRQLSSGVSE	AKT1;MAPKAPK2;PKD1;PRKACA;PRKD1;PRKG1;RPS6KB2	hprd;pelm;psite	619
ENSP00000248553	HSPB1	139	ISRCFTRKYTL		psite	619
ENSP00000248553	HSPB1	143	FTRKYTLPPGV	PRKACA;PRKG1	psite	619
ENSP00000324856	STK11	31	IHRIDSTEVIY		hprd;psite	619
ENSP00000324856	STK11	307	QIRQHSWFRKK	PRKCZ	psite	619
ENSP00000324856	STK11	334	KDRWRSMTVVP		psite	619
ENSP00000324856	STK11	336	RWRSMTVVPYL	STK11	hprd;psite	619
ENSP00000324856	STK11	428	KIRRLSACKQQ	PRKCZ;RPS6KA3;STK11	hprd;pelm;psite	619
ENSP00000348273	MBP	26	TNRGESEKKRN		psite	626
ENSP00000348273	MBP	40	LSRTTSEDNEV		psite	626
ENSP00000348273	MBP	96	LIRLFSRDAPG		hprd;pelm;psite	626
ENSP00000348273	MBP	146	SQRHGSKYLAT	PRKCA	hprd;psite	626
ENSP00000333896	RPS6KA4	196	KERTFSFCGTI	MAP2K1;MAPK14;RPS6KA4	hprd;pelm;psite	900
ENSP00000384273	RELA	276	QLRRPSDRELS	PIM1;PRKACA;RPS6KA4;RPS6KA5	hprd;pelm;psite	934
ENSP00000384273	RELA	281	SDRELSEPMEF		psite	934
ENSP00000384273	RELA	505	ITRLVTGAQRP		pelm;psite	934
ENSP00000243050	NR4A1	351	RGRLPSKPKQP	AKT1	hprd;pelm;psite	619
ENSP00000263253	EP300	89	LLRSGSSPNLN	PRKAA1;PRKCA;PRKCD	hprd;pelm;psite	636
ENSP00000263253	EP300	1295	AKRLPSTRLGT		psite	636
ENSP00000263253	EP300	1834	RRRMASMQRTG	AKT1	hprd;pelm;psite	636
ENSP00000263253	EP300	2320	SPRPQSQPPHS		psite	636
ENSP00000368884	RPS6KA3	386	LFRGFSFVAIT		hprd;pelm;psite	902
ENSP00000369757	RPS6	235	KRRRLSSLRAS	PAK2;PRKCD;RPS6KA1;RPS6KA3;RPS6KB1	hprd;pelm;psite	424
ENSP00000369757	RPS6	236	RRRLSSLRAST	PAK2;PRKCD;RPS6KA1;RPS6KA3;RPS6KB1	hprd;pelm;psite	424
ENSP00000369757	RPS6	241	SLRASTSKSES		hprd;pelm;psite	424
ENSP00000264657	STAT3	691	YCRPESQEHPE		hprd;pelm;psite	649
ENSP00000370571	TH	19	FRRAVSELDAK	CAMK2A;CAMK2G;MAPKAPK2	hprd;pelm;psite	621
ENSP00000370571	TH	71	IGRRQSLIEDA	CAMK2A;MAPKAPK2;PRKACA;RPS6KA3	hprd;pelm;psite	621
ENSP00000344818	UBC	57	DGRTLSDYNIQ		hprd;psite	639
ENSP00000243050	NR4A1	341	VVRTDSLKGRR		hprd	619
ENSP00000262367	CREBBP	1771	ESRRLSIQRCI		hprd	690
ENSP00000254810	H3F3B	87	DLRFQSAAIGA		hprd	899
ENSP00000355778	H3F3A	87	DLRFQSAAIGA		hprd	899
