name	RPS6KA2
id	ENSP00000386050
type	Serine/threonine kinase
proline+1_removed	Yes
npartners	44
npartners_with_sites	36
nsites	56
//
motif	score	fg_matches	fg_size	bg_matches	bg_size	fold_increase
..R..[ST].....	10.49	54	384	483	9383	2.73
//
prot_id	prot_name	position	flank	kinase	source	string_score
ENSP00000351926	AP2A1	636	GRRDPSSNDIN		hprd;psite	899
ENSP00000309103	BAD	75	RSRHSSYPAGT	ARAF;BRAF;PAK1;PIM3;PRKACA;PRKCE;PRKCI;PRKCQ;PRKD1;RAF1;RPS6KA1;RPS6KA3	hprd;pelm;psite	625
ENSP00000309103	BAD	97	PFRGRSRSAPP		psite	625
ENSP00000309103	BAD	99	RGRSRSAPPNL	AKT1;ARAF;BRAF;PAK1;PRKACA;PRKCE;PRKCI;PRKCQ;PRKD1;RAF1;RPS6KA3	hprd;pelm;psite	625
ENSP00000309103	BAD	118	ELRRMSDEFVD	ARAF;BRAF;PAK1;PRKACA;PRKCE;PRKCI;PRKD1;RAF1;RPS6KA1	hprd;pelm;psite	625
ENSP00000309103	BAD	134	LPRPKSAGTAT		hprd;psite	625
ENSP00000288602	BRAF	363	GQRDRSSSAPN		hprd;psite	625
ENSP00000288602	BRAF	365	RDRSSSAPNVH	AKT1;AKT3	hprd;pelm;psite	625
ENSP00000288602	BRAF	429	RERKSSSSSED	AKT1;AKT3	hprd;pelm;psite	625
ENSP00000288602	BRAF	440	RNRMKTLGRRD		hprd;pelm;psite	625
ENSP00000288602	BRAF	446	LGRRDSSDDWE	PAK1	hprd;pelm;psite	625
ENSP00000288602	BRAF	447	GRRDSSDDWEI		hprd;pelm;psite	625
ENSP00000288602	BRAF	465	GQRIGSGSFGT		psite	625
ENSP00000288602	BRAF	729	IHRSASEPSLN		hprd;pelm;psite	625
ENSP00000302530	BUB1	563	VSRLPSKPKEE		hprd;psite	818
ENSP00000262367	CREBBP	78	LLRGGSGSSIN		psite	664
ENSP00000262367	CREBBP	2356	SPRPQSQPPHS		psite	664
ENSP00000387699	CREB1	98	LKRLFSGTQIS	PRKD1	psite	994
ENSP00000387699	CREB1	133	LSRRPSYRKIL	ATM;CAMK4;CAMKK1;DYRK3;MAP3K8;MAPKAPK2;PRKACA;PRKCE;PRKD1;RPS6KA1;RPS6KA2;RPS6KA3;RPS6KA4;RPS6KA5;SGK1;TSSK4	hprd;pelm;psite	994
ENSP00000306245	FOS	362	AHRKGSSSNEP	PRKACA;RPS6KA1;RPS6KA3	hprd;pelm;psite	671
ENSP00000254810	H3F3B	46	RYRPGTVALRE	DYRK1B;DYRK2;DYRK3	psite	471
ENSP00000355778	H3F3A	46	RYRPGTVALRE	DYRK1B;DYRK2;DYRK3	psite	470
ENSP00000385450	MAGI1	741	LERKDSQNSSQ		psite	620
ENSP00000302486	MAP2K1	298	PGRPLSSYGMD	PAK1	hprd;pelm;psite	631
ENSP00000261991	RPS6KA5	212	TERAYSFCGTI	RPS6KA5	pelm;psite	901
ENSP00000261991	RPS6KA5	759	ETRSSSSESSH	CSNK2A1	psite	901
ENSP00000333896	RPS6KA4	196	KERTFSFCGTI	MAP2K1;MAPK14;RPS6KA4	hprd;pelm;psite	901
ENSP00000262300	PKMYT1	48	RPRGLSRSLPP		hprd;psite	801
ENSP00000306124	PRKCE	181	YLRQPTYCSHC		psite	621
ENSP00000306124	PRKCE	346	EDRSKSAPTSP	GSK3B	hprd;psite	621
ENSP00000368884	RPS6KA3	386	LFRGFSFVAIT		hprd;pelm;psite	902
ENSP00000369757	RPS6	235	KRRRLSSLRAS	PAK2;PRKCD;RPS6KA1;RPS6KA3;RPS6KB1	hprd;pelm;psite	860
ENSP00000369757	RPS6	236	RRRLSSLRAST	PAK2;PRKCD;RPS6KA1;RPS6KA3;RPS6KB1	hprd;pelm;psite	860
ENSP00000369757	RPS6	241	SLRASTSKSES		hprd;pelm;psite	860
ENSP00000265354	SRF	103	LKRSLSEMEIG	CAMK2A;MAPKAPK2;RPS6KA1;RPS6KA5	hprd;pelm;psite	826
ENSP00000265354	SRF	159	KLRRYTTFSKR	DMPK;PRKACA;PRKCA;PRKG1	pelm;psite	826
ENSP00000364898	SYK	178	ISREESEQIVL		psite	621
ENSP00000364898	SYK	295	ISRIKSYSFPK	CHEK1	psite	621
ENSP00000219476	TSC2	937	SFRARSTSLNE		psite	837
ENSP00000219476	TSC2	939	RARSTSLNERP	AKT1	hprd;pelm;psite	837
ENSP00000219476	TSC2	946	NERPKSLRIAR		psite	837
ENSP00000219476	TSC2	981	RCRSISVSEHV	AKT1	hprd;pelm;psite	837
ENSP00000219476	TSC2	1130	RDRVRSMSGGH		hprd;psite	837
ENSP00000219476	TSC2	1132	RVRSMSGGHGL		hprd;pelm;psite	837
ENSP00000219476	TSC2	1338	YSRSSSVSSQE		hprd;pelm;psite	837
ENSP00000219476	TSC2	1364	IERVVSSEGGR		hprd;psite	837
ENSP00000219476	TSC2	1420	KARSQSGTLDG		hprd;pelm;psite	837
ENSP00000219476	TSC2	1454	SPRSPSGLRPR		psite	837
ENSP00000219476	TSC2	1462	RPRGYTISDSA	AKT1	hprd;pelm;psite	837
ENSP00000219476	TSC2	1798	RKRLISSVEDF	RPS6KA1	hprd;pelm;psite	837
ENSP00000344818	UBC	57	DGRTLSDYNIQ		hprd;psite	504
ENSP00000306124	PRKCE	380	EHRAASSPDGQ		hprd	621
ENSP00000262367	CREBBP	1771	ESRRLSIQRCI		hprd	664
ENSP00000265354	SRF	160	LRRYTTFSKRK	CAMK2A	hprd	826
ENSP00000254810	H3F3B	87	DLRFQSAAIGA		hprd	471
ENSP00000355778	H3F3A	87	DLRFQSAAIGA		hprd	470
