name	RPS6KB1
id	ENSP00000225577
type	Serine/threonine kinase
proline+1_removed	Yes
npartners	161
npartners_with_sites	138
nsites	395
//
motif	score	fg_matches	fg_size	bg_matches	bg_size	fold_increase
R.RT.[ST].....	622.75	12	1395	1	9383	80.71
R.R..[ST].....	318.21	41	1383	33	9382	8.43
..RR.[ST].....	317.52	24	1342	15	9349	11.15
..R..[ST].....	11.9	122	1318	434	9334	1.99
..S..[ST].....	9.13	192	1196	919	8900	1.55
//
prot_id	prot_name	position	flank	kinase	source	string_score
ENSP00000340691	EIF4EBP1	68	RNSPVTKTPPR		hprd;psite	987
ENSP00000355645	ACTA1	188	AGRDLTDYLMK		psite	660
ENSP00000355645	ACTA1	201	TERGYSFVTTA		psite	660
ENSP00000355645	ACTA1	204	GYSFVTTAERE		psite	660
ENSP00000270202	AKT1	72	RPRPNTFIIRC	AKT1	psite	986
ENSP00000270202	AKT1	129	SPSDNSGAEEM	CSNK2A1	hprd;pelm;psite	986
ENSP00000270202	AKT1	246	RERVFSEDRAR	AKT1	psite	986
ENSP00000375892	AKT2	34	LKSDGSFIGYK		psite	824
ENSP00000375892	AKT2	458	PDRYDSLGLLE		psite	824
ENSP00000263826	AKT3	123	NCSPTSQIDNI		hprd;pelm;psite	824
ENSP00000295897	ALB	18	FSSAYSRGVFR		psite	867
ENSP00000295897	ALB	92	DKSLHTLFGDK		psite	867
ENSP00000295897	ALB	446	QVSTPTLVEVS		psite	867
ENSP00000236959	ATIC	25	FARNLTALGLN		hprd;psite	420
ENSP00000236959	ATIC	37	VASGGTAKALR		hprd;psite	420
ENSP00000236959	ATIC	166	SESKDTSLETR		psite	420
ENSP00000257749	BACH2	334	LERSRSVASPS		psite	800
ENSP00000257749	BACH2	521	RTRTSSSCSSY	RPS6KB1	psite	800
ENSP00000355231	BECN1	90	PARMMSTESAN		psite	435
ENSP00000355231	BECN1	93	MMSTESANSFT		psite	435
ENSP00000355231	BECN1	96	TESANSFTLIG		psite	435
ENSP00000355231	BECN1	234	YQREYSEFKRQ		psite	435
ENSP00000355231	BECN1	295	LGRLPSVPVEW		psite	435
ENSP00000357625	BNIP3	95	KNSSQSEEDDI		psite	837
ENSP00000357625	BNIP3	149	SMRNTSVMKKG		hprd;psite	837
ENSP00000363958	BRD2	37	RIRKPSLLYEG		psite	800
ENSP00000363958	BRD2	320	PMRRESGRPIK		hprd;pelm;psite	800
ENSP00000363958	BRD2	789	SSSSSSSSSSD		psite	800
ENSP00000308176	BTK	51	RGRRGSKKGSI		psite	632
ENSP00000308176	BTK	495	RHRFQTQQLLE		psite	632
ENSP00000311032	CASP3	150	GDRCRSLTGKP	MAPK14	pelm;psite	425
ENSP00000227507	CCND1	90	LDRFLSLEPVK	PRKACA	hprd;pelm;psite	542
ENSP00000227507	CCND1	234	LTRFLSRVIKC	PRKACA	hprd;pelm;psite	542
ENSP00000217244	CSNK2A1	13	RARVYTDVNTH		psite	633
ENSP00000217244	CSNK2A1	194	NVRVASRYFKG		hprd;psite	633
ENSP00000265372	CREM	87	LSRRPSYRKIL		hprd;psite	833
ENSP00000265372	CREM	229	AASPGSLHSPQ		hprd;pelm;psite	833
ENSP00000300574	CRK	41	LVRDSSTSPGD		hprd;psite	905
ENSP00000300574	CRK	125	RSRQGSGVILR		hprd;psite	905
ENSP00000300574	CRK	194	KYRPASASVSA		hprd;psite	905
ENSP00000286234	DEPTOR	9	GGSTGSAGSDS		hprd;psite	878
ENSP00000286234	DEPTOR	241	PSSQETHDSPF		psite	878
ENSP00000286234	DEPTOR	259	DNRKSTSFMSV		psite	878
ENSP00000286234	DEPTOR	263	STSFMSVSPSK	CSNK1A1	psite	878
ENSP00000286234	DEPTOR	280	AVRRSSMSSCG		psite	878
ENSP00000286234	DEPTOR	282	RRSSMSSCGSS		psite	878
ENSP00000286234	DEPTOR	283	RSSMSSCGSSG		psite	878
ENSP00000286234	DEPTOR	286	MSSCGSSGYFS	CSNK1A1;MTOR;RPS6KA1;RPS6KB1	psite	878
ENSP00000286234	DEPTOR	295	FSSSPTLSSSP	MTOR	psite	878
ENSP00000358563	DKC1	497	GDSDTTKKKKK		hprd;psite	899
ENSP00000345571	E2F1	364	LSRMGSLRAPV	CHEK1;CHEK2	hprd;pelm;psite	900
ENSP00000330054	EEF1A1	21	VDSGKSTTTGH		hprd;psite	833
ENSP00000330054	EEF1A1	24	GKSTTTGHLIY		hprd;psite	833
ENSP00000330054	EEF1A1	269	VGRVETGVLKP		psite	833
ENSP00000263026	EEF2K	348	LQSAKTILRGT	EEF2K	hprd;pelm;psite	998
ENSP00000263026	EEF2K	366	QVRTLSGSRPP	RPS6KA1;RPS6KB1;RPS6KB2	psite	998
ENSP00000263026	EEF2K	377	LLRPLSENSGD	MAPKAPK2;MAPKAPK3	hprd;pelm;psite	998
ENSP00000263026	EEF2K	380	PLSENSGDENM		psite	998
ENSP00000263026	EEF2K	395	FDSLPSSPSSA		psite	998
ENSP00000263026	EEF2K	398	LPSSPSSATPH	PRKAA1;PRKAA2	hprd;pelm;psite	998
ENSP00000263026	EEF2K	399	PSSPSSATPHS		psite	998
ENSP00000263026	EEF2K	438	RESENSGDSGY		psite	998
ENSP00000263026	EEF2K	441	ENSGDSGYPSE		psite	998
ENSP00000263026	EEF2K	477	EDSLGSSGRVC		hprd;pelm;psite	998
ENSP00000256383	EIF2S1	52	LLSELSRRRIR	EIF2AK1;EIF2AK2;EIF2AK3;MAPK1;MAPK14;RPS6KA3	hprd;pelm;psite	433
ENSP00000256383	EIF2S1	58	RRRIRSINKLI		hprd;psite	433
ENSP00000354125	EIF3B	81	AASGPSESPSP		hprd;pelm;psite	846
ENSP00000354125	EIF3B	119	DERSDSRAQAV		hprd;pelm;psite	846
ENSP00000332604	EIF3C	16	SESESSLSGEE		hprd;pelm;psite	623
ENSP00000332604	EIF3C	18	SESSLSGEELV		hprd;pelm;psite	623
ENSP00000332604	EIF3C	181	EDSEGSSDEDE		hprd;pelm;psite	623
ENSP00000262056	EIF4B	131	LPREPSNPERL		hprd;psite	997
ENSP00000262056	EIF4B	195	RDSDKTDTDWR		hprd;psite	997
ENSP00000262056	EIF4B	205	RARPATDSFDD		psite	997
ENSP00000262056	EIF4B	230	RDRYDSDRYRD		psite	997
ENSP00000262056	EIF4B	312	DRSWSSRDDYS		psite	997
ENSP00000262056	EIF4B	350	DDSSASTSQST		psite	997
ENSP00000262056	EIF4B	359	STRAASIFGGA		hprd;psite	997
ENSP00000262056	EIF4B	406	RERHPSWRSEE		hprd;pelm;psite	997
ENSP00000262056	EIF4B	409	HPSWRSEETQE		hprd;psite	997
ENSP00000262056	EIF4B	412	WRSEETQERER		hprd;psite	997
ENSP00000262056	EIF4B	418	QERERSRTGSE		psite	997
ENSP00000262056	EIF4B	420	RERSRTGSESS		hprd;psite	997
ENSP00000262056	EIF4B	422	RSRTGSESSQT	RPS6KA1;RPS6KB1	hprd;pelm;psite	997
ENSP00000262056	EIF4B	425	TGSESSQTGTS		hprd;pelm;psite	997
ENSP00000262056	EIF4B	427	SESSQTGTSTT		psite	997
ENSP00000262056	EIF4B	433	GTSTTSSRNAR		psite	997
ENSP00000262056	EIF4B	442	ARRRESEKSLE		hprd;psite	997
ENSP00000262056	EIF4B	445	RESEKSLENET		hprd;pelm;psite	997
ENSP00000262056	EIF4B	462	CHSPTSKPPKP		hprd;pelm;psite	997
ENSP00000262056	EIF4B	497	PARSQSSDTEQ		hprd;pelm;psite	997
ENSP00000262056	EIF4B	498	ARSQSSDTEQQ		hprd;pelm;psite	997
ENSP00000262056	EIF4B	500	SQSSDTEQQSP		hprd;pelm;psite	997
ENSP00000316879	EIF4G1	204	GARTASTPTPP		hprd;psite	964
ENSP00000316879	EIF4G1	895	IARRRSLGNIK	PAK2	psite	964
ENSP00000316879	EIF4G1	1080	PGSIDSNNQLF		hprd;psite	964
ENSP00000316879	EIF4G1	1101	GSSGGSGAKPS		hprd;psite	964
ENSP00000316879	EIF4G1	1147	QRSSLSRERGE	MAP3K8	hprd;pelm;psite	964
ENSP00000316879	EIF4G1	1187	TKRSFSKEVEE	MAP3K8	hprd;pelm;psite	964
ENSP00000264433	FNIP2	110	SISSHSSSGGS		psite	657
ENSP00000264433	FNIP2	216	PCRTGSNLAHS		psite	657
ENSP00000264433	FNIP2	667	SSRLPSCEVLG		psite	657
ENSP00000368880	FOXO1	24	RPRSCTWPLPR	AKT1	hprd;pelm;psite	514
ENSP00000368880	FOXO1	256	RRRAASMDNNS	AKT1	hprd;pelm;psite	514
ENSP00000368880	FOXO1	301	PASPGSHSNDD		psite	514
ENSP00000368880	FOXO1	319	RPRTSSNASTI	AKT1	hprd;pelm;psite	514
ENSP00000368880	FOXO1	322	TSSNASTISGR	CSNK1A1;CSNK1G1	hprd;pelm;psite	514
ENSP00000368880	FOXO1	325	NASTISGRLSP	CSNK1A1;GSK3B	hprd;pelm;psite	514
ENSP00000368880	FOXO1	505	PNSVMSTYGSQ		hprd;pelm;psite	514
ENSP00000228682	GLI1	84	KKRALSISPLS		psite	621
ENSP00000228682	GLI1	544	LERRSSSSSSI	PRKACA	psite	621
ENSP00000228682	GLI1	560	VSRRSSLASPF	PRKACA	psite	621
ENSP00000228682	GLI1	640	VTRRASDPAQA	PRKACA	psite	621
ENSP00000309845	HRAS	148	ETSAKTRQGVE		psite	443
ENSP00000268035	IGF1R	1278	GFREVSFYYSE		hprd;psite	919
ENSP00000268035	IGF1R	1311	DPSASSSSLPL		psite	919
ENSP00000268035	IGF1R	1313	SASSSSLPLPD		psite	919
ENSP00000303830	INSR	361	ELRGCTVINGS		psite	925
ENSP00000303830	INSR	1375	NGRILTLPRSN	PRKCA	hprd;pelm;psite	925
ENSP00000304895	IRS1	268	EFRPRSKSQSS	IKBKB	hprd;pelm;psite	992
ENSP00000304895	IRS1	270	RPRSKSQSSSN	ATR;IKBKB;RPS6KB1	hprd;pelm;psite	992
ENSP00000304895	IRS1	305	TRRSRTESITA		psite	992
ENSP00000304895	IRS1	307	RSRTESITATS	IKBKB;PRKCD;RPS6KB1	hprd;pelm;psite	992
ENSP00000304895	IRS1	315	ATSPASMVGGK		psite	992
ENSP00000304895	IRS1	330	RVRASSDGEGT	CSNK2B	hprd;psite	992
ENSP00000304895	IRS1	341	MSRPASVDGSP	IKBKB	hprd;pelm;psite	992
ENSP00000304895	IRS1	351	PVSPSTNRTHA		hprd;psite	992
ENSP00000304895	IRS1	527	RKRTHSAGTSP	IKBKB;RPS6KB1	hprd;pelm;psite	992
ENSP00000304895	IRS1	530	THSAGTSPTIT		pelm;psite	992
ENSP00000304895	IRS1	603	HHRPDSSTLHT		psite	992
ENSP00000304895	IRS1	629	SGRKGSGDYMP	AKT1	hprd;pelm;psite	992
ENSP00000304895	IRS1	639	PMSPKSVSAPQ	MAPK1	pelm;psite	992
ENSP00000304895	IRS1	766	VLSYYSLPRSF		hprd;psite	992
ENSP00000304895	IRS1	1041	SSSAASASPTG		psite	992
ENSP00000304895	IRS1	1100	CRRRHSSETFS		hprd;psite	992
ENSP00000304895	IRS1	1101	RRRHSSETFSS	PRKCQ;RPS6KA1;RPS6KB1	hprd;pelm;psite	992
ENSP00000304895	IRS1	1103	RHSSETFSSTP		hprd;psite	992
ENSP00000304895	IRS1	1143	VKRHSSASFEN		hprd;psite	992
ENSP00000304895	IRS1	1145	RHSSASFENVW		hprd;pelm;psite	992
ENSP00000304895	IRS1	1223	STRRSSEDLSA		hprd;pelm;psite	992
ENSP00000365016	IRS2	304	EFRPRSKSQSS		pelm;psite	504
ENSP00000365016	IRS2	306	RPRSKSQSSGS		hprd;pelm;psite	504
ENSP00000365016	IRS2	311	SQSSGSSATHP		psite	504
ENSP00000365016	IRS2	314	SGSSATHPISV		psite	504
ENSP00000365016	IRS2	344	VRRSRTDSLAA		psite	504
ENSP00000365016	IRS2	346	RSRTDSLAATP		hprd;pelm;psite	504
ENSP00000365016	IRS2	363	SCRVRTASEGD		hprd;pelm;psite	504
ENSP00000365016	IRS2	365	RVRTASEGDGG		hprd;pelm;psite	504
ENSP00000365016	IRS2	384	GARPVSVAGSP		hprd;pelm;psite	504
ENSP00000365016	IRS2	404	LSRSHTLSGGC		psite	504
ENSP00000365016	IRS2	518	FCSHRSNTPES		hprd;pelm;psite	504
ENSP00000365016	IRS2	550	MDRPLSHCGRS		hprd;pelm;psite	504
ENSP00000365016	IRS2	560	SYRRVSGDAAQ		hprd;pelm;psite	504
ENSP00000365016	IRS2	575	GLRKRTYSLTT		psite	504
ENSP00000365016	IRS2	577	RKRTYSLTTPA		hprd;pelm;psite	504
ENSP00000365016	IRS2	594	QPSSASLDEYT		hprd;pelm;psite	504
ENSP00000365016	IRS2	645	HRSSSSNLGAD		psite	504
ENSP00000365016	IRS2	672	SGSCRSDDYMP		hprd;psite	504
ENSP00000365016	IRS2	682	PMSPASVSAPK		psite	504
ENSP00000365016	IRS2	752	CGSKLSMEHAD		psite	504
ENSP00000365016	IRS2	976	QRSPLSDYMNL		hprd;psite	504
ENSP00000365016	IRS2	1103	VASPTSGVKRL		hprd;pelm;psite	504
ENSP00000365016	IRS2	1148	GRRRHSSETFS		hprd;pelm;psite	504
ENSP00000365016	IRS2	1149	RRRHSSETFSS		hprd;pelm;psite	504
ENSP00000365016	IRS2	1151	RHSSETFSSTT		hprd;pelm;psite	504
ENSP00000365016	IRS2	1156	TFSSTTTVTPV		psite	504
ENSP00000365016	IRS2	1157	FSSTTTVTPVS		psite	504
ENSP00000365016	IRS2	1174	PKRHNSASVEN		hprd;pelm;psite	504
ENSP00000365016	IRS2	1186	SLRKSSEGGVG		hprd;psite	504
ENSP00000386896	ITGA6	898	TESHNSRKKRE		psite	899
ENSP00000288135	KIT	718	SCSDSTNEYMD		psite	905
ENSP00000288135	KIT	746	SVRIGSYIERD	PRKCA	hprd;pelm;psite	905
ENSP00000288135	KIT	959	SVRINSVGSTA	PRKCA	hprd;pelm;psite	905
ENSP00000324856	STK11	31	IHRIDSTEVIY		hprd;psite	694
ENSP00000324856	STK11	307	QIRQHSWFRKK	PRKCZ	psite	694
ENSP00000324856	STK11	334	KDRWRSMTVVP		psite	694
ENSP00000324856	STK11	336	RWRSMTVVPYL	STK11	hprd;psite	694
ENSP00000324856	STK11	428	KIRRLSACKQQ	PRKCZ;RPS6KA3;STK11	hprd;pelm;psite	694
ENSP00000264444	MXD1	145	RIRMDSIGSTV	AKT1;RPS6KA1;RPS6KB1	psite	919
ENSP00000417281	MDM2	124	QESSDSGTSVS	CSNK1D	psite	710
ENSP00000417281	MDM2	127	SDSGTSVSENR	CSNK1D	psite	710
ENSP00000417281	MDM2	163	LVSRPSTSSRR	MAPKAPK2	pelm;psite	710
ENSP00000417281	MDM2	164	VSRPSTSSRRR		psite	710
ENSP00000417281	MDM2	166	RPSTSSRRRAI	AKT1	hprd;psite	710
ENSP00000417281	MDM2	172	RRRAISETEEN	AKT1;CSNK1D;DAPK3;MAPKAPK2;PIM1	hprd;pelm;psite	710
ENSP00000417281	MDM2	192	RKRHKSDSISL	AKT1;DAPK3;PIM1	hprd;pelm;psite	710
ENSP00000417281	MDM2	262	VESLDSEDYSL		psite	710
ENSP00000417281	MDM2	379	NDSRESCVEEN	CSNK1D	psite	710
ENSP00000417281	MDM2	425	FEREETQDKEE	CSNK1D	psite	710
ENSP00000295600	MITF	54	SSSSMTSRILL		psite	916
ENSP00000354558	MTOR	1418	LESLISINNKL		psite	999
ENSP00000354558	MTOR	1821	KLRHASGANIT		psite	999
ENSP00000354558	MTOR	2444	NKRSRTRTDSY		hprd;psite	999
ENSP00000354558	MTOR	2446	RSRTRTDSYSA	AKT1;RPS6KB1	hprd;pelm;psite	999
ENSP00000354558	MTOR	2448	RTRTDSYSAGQ	AKT1;RPS6KB1	hprd;pelm;psite	999
ENSP00000354558	MTOR	2481	PESIHSFIGDG	MTOR	hprd;pelm;psite	999
ENSP00000364289	NCBP1	21	HKRRKTSDANE	RPS6KB1	hprd;pelm;psite	854
ENSP00000364289	NCBP1	22	KRRKTSDANET	RPS6KB1	hprd;pelm;psite	854
ENSP00000362702	NEK6	235	FFSSETTAAHS		psite	718
ENSP00000362702	NEK6	236	FSSETTAAHSL		pelm;psite	718
ENSP00000344524	PPP1R9A	187	RGSTDSLDSLS		psite	720
ENSP00000344524	PPP1R9A	190	TDSLDSLSSRT		psite	720
ENSP00000344524	PPP1R9A	840	FERRTSLGEVS		hprd;psite	720
ENSP00000386134	NGDN	79	KASGGSLQGHD		hprd;psite	609
ENSP00000386134	NGDN	142	MMSKLSSEDEE		hprd;pelm;psite	609
ENSP00000386134	NGDN	202	KRRALSSSVIR		hprd;psite	609
ENSP00000162330	BCAR1	326	LLREETYDVPP		hprd;psite	899
ENSP00000162330	BCAR1	431	RLSASSTGSTR		psite	899
ENSP00000162330	BCAR1	434	ASSTGSTRSSQ		psite	899
ENSP00000162330	BCAR1	437	TGSTRSSQSAS		psite	899
ENSP00000228872	CDKN1B	157	RKRPATDDSST	AKT1;PIM1;SGK1	hprd;pelm;psite	425
ENSP00000263253	EP300	89	LLRSGSSPNLN	PRKAA1;PRKCA;PRKCD	hprd;pelm;psite	619
ENSP00000263253	EP300	1295	AKRLPSTRLGT		psite	619
ENSP00000263253	EP300	1834	RRRMASMQRTG	AKT1	hprd;pelm;psite	619
ENSP00000263253	EP300	2320	SPRPQSQPPHS		psite	619
ENSP00000280154	PDCD4	25	SDSLFSGDEEN		psite	984
ENSP00000280154	PDCD4	67	RLRKNSSRDSG	AKT1;RPS6KB1	pelm;psite	984
ENSP00000280154	PDCD4	71	NSSRDSGRGDS		hprd;psite	984
ENSP00000280154	PDCD4	76	SGRGDSVSDSG		hprd;pelm;psite	984
ENSP00000280154	PDCD4	313	GKRKDSVWGSG		hprd;psite	984
ENSP00000280154	PDCD4	457	RKRFVSEGDGG	AKT1	hprd;pelm;psite	984
ENSP00000282077	PDK1	346	RPRVETSRAVP		psite	937
ENSP00000344220	PDPK1	241	QARANSFVGTA	PDK1;PDPK1	hprd;pelm;psite	974
ENSP00000344220	PDPK1	393	VSSSSSSHSLS	PDK1;PDPK1	hprd;pelm;psite	974
ENSP00000344220	PDPK1	394	SSSSSSHSLSA	MAP3K5	psite	974
ENSP00000344220	PDPK1	396	SSSSHSLSASD	PDK1;PDPK1	hprd;pelm;psite	974
ENSP00000344220	PDPK1	410	PQRSGSNIEQY	PDK1;PDPK1	hprd;pelm;psite	974
ENSP00000262039	PIK3C3	165	PGRTSSTLSED		psite	409
ENSP00000262039	PIK3C3	282	LRSGPSDHDLK		psite	409
ENSP00000263967	PIK3CA	312	YSRRISTATPY		psite	997
ENSP00000263967	PIK3CA	313	SRRISTATPYM		psite	997
ENSP00000366563	PIK3CD	520	LERRGSGELYE		psite	947
ENSP00000352121	PIK3CG	582	HFRYESLKHPK		psite	947
ENSP00000352121	PIK3CG	1024	ALRHHTNLLII		psite	947
ENSP00000274335	PIK3R1	154	LYRTQSSSNLA		psite	918
ENSP00000274335	PIK3R1	265	NARVLSEIFSP		psite	918
ENSP00000274335	PIK3R1	279	RFSAASSDNTE		psite	918
ENSP00000247970	PIN1	71	QSRRPSSWRQE		psite	644
ENSP00000247970	PIN1	72	SRRPSSWRQEK		psite	644
ENSP00000247970	PIN1	108	FESLASQFSDC		hprd;pelm;psite	644
ENSP00000234313	PLEK	114	FARKSTRRSIR		hprd;pelm;psite	460
ENSP00000306682	PPM1D	46	PRRSLSQPLPP		psite	606
ENSP00000370113	PPP2R2A	378	TKRDITLEASR		hprd;psite	983
ENSP00000341698	AKT1S1	73	AHRAATAARPP		hprd;psite	422
ENSP00000341698	AKT1S1	246	RPRLNTSDFQK	AKT1;DYRK3	hprd;pelm;psite	422
ENSP00000337464	PRR5	240	LRRSRSGDVLA	CHEK1	psite	425
ENSP00000337464	PRR5	254	VVRSKSYNTPL		psite	425
ENSP00000337464	PRR5	282	SIRRHSVSEMT		psite	425
ENSP00000361021	PTEN	229	IYSSNSGPTRR	ROCK1	pelm;psite	928
ENSP00000361021	PTEN	232	SNSGPTRREDK	ROCK1	pelm;psite	928
ENSP00000361021	PTEN	383	RYSDTTDSDPE	CSNK2A1;PRKCZ;STK11	hprd;pelm;psite	928
ENSP00000376758	PTRH2	57	TESEASILGDS		hprd;pelm;psite	402
ENSP00000348461	RAC1	180	ECSALTQRGLK		psite	945
ENSP00000348461	RAC1	71	RLRPLSYPQTV	AKT1	hprd;psite	945
ENSP00000304283	RAC3	161	ECSALTQRGLK		psite	864
ENSP00000307272	RPTOR	699	LPSPATTEGGS		psite	999
ENSP00000307272	RPTOR	719	TPRLRSVSSYG	RPS6KA1	hprd;pelm;psite	999
ENSP00000307272	RPTOR	721	RLRSVSSYGNI	RPS6KA1	psite	999
ENSP00000307272	RPTOR	722	LRSVSSYGNIR	RPS6KA1	hprd;pelm;psite	999
ENSP00000307272	RPTOR	792	MRRASSYSSLN	PRKAA1	pelm;psite	999
ENSP00000307272	RPTOR	795	ASSYSSLNSLI		psite	999
ENSP00000307272	RPTOR	857	DTSSLTQSAPA		hprd;psite	999
ENSP00000307272	RPTOR	884	PASSTSSSSLT		hprd;psite	999
ENSP00000307272	RPTOR	887	STSSSSLTNDV		psite	999
ENSP00000307272	RPTOR	889	SSSSLTNDVAK		psite	999
ENSP00000307272	RPTOR	908	SGRPGTTGPAG	ICK	psite	999
ENSP00000025008	RB1CC1	222	LGRLDSLPEHE		hprd;psite	883
ENSP00000025008	RB1CC1	256	NESLLTSFPKS		psite	883
ENSP00000025008	RB1CC1	650	QTSPQSASSPR		hprd;psite	883
ENSP00000025008	RB1CC1	1482	NQRLMSQSMSS		psite	883
ENSP00000262187	RHEB	130	MERVISYEEGK		psite	996
ENSP00000349959	RICTOR	21	RGRNDSGEENV		hprd;pelm;psite	973
ENSP00000349959	RICTOR	35	LTREPSDNLRE		psite	973
ENSP00000349959	RICTOR	383	PHRARSRPDLM		psite	973
ENSP00000349959	RICTOR	1026	TLSLNSESTSS		psite	973
ENSP00000349959	RICTOR	1031	SESTSSRHNSE		psite	973
ENSP00000349959	RICTOR	1035	SSRHNSESESV		psite	973
ENSP00000349959	RICTOR	1133	NRRIRTLTEPS		psite	973
ENSP00000349959	RICTOR	1135	RIRTLTEPSVD	AKT1;RPS6KB1;RPS6KB2;SGK1	psite	973
ENSP00000349959	RICTOR	1177	TGSTPSIGEND		pelm;psite	973
ENSP00000349959	RICTOR	1219	KIRSQSFNTDT		hprd;psite	973
ENSP00000349959	RICTOR	1222	SQSFNTDTTTS		hprd;psite	973
ENSP00000349959	RICTOR	1230	TTSGISSMSSS		psite	973
ENSP00000349959	RICTOR	1295	PGSSHTLPRRA		hprd;psite	973
ENSP00000349959	RICTOR	1302	PRRAQSLKAPS		psite	973
ENSP00000349959	RICTOR	1388	ALSYASLDKED		hprd;psite	973
ENSP00000349959	RICTOR	1411	SSSVRSMVSSA		psite	973
ENSP00000349959	RICTOR	1414	VRSMVSSATYG		psite	973
ENSP00000349959	RICTOR	1417	MVSSATYGGSD		psite	973
ENSP00000349959	RICTOR	1571	VPSKFSGISGC		psite	973
ENSP00000349959	RICTOR	1574	KFSGISGCSDG		psite	973
ENSP00000349959	RICTOR	1577	GISGCSDGVSQ		psite	973
ENSP00000349959	RICTOR	1591	ASSTKSTELLL		hprd;psite	973
ENSP00000401802	PSMC6	258	GGRRFSEGTSA		psite	491
ENSP00000369757	RPS6	235	KRRRLSSLRAS	PAK2;PRKCD;RPS6KA1;RPS6KA3;RPS6KB1	hprd;pelm;psite	999
ENSP00000369757	RPS6	236	RRRLSSLRAST	PAK2;PRKCD;RPS6KA1;RPS6KA3;RPS6KB1	hprd;pelm;psite	999
ENSP00000369757	RPS6	241	SLRASTSKSES		hprd;pelm;psite	999
ENSP00000212015	SIRT1	162	FHSCESDEEDR		psite	410
ENSP00000212015	SIRT1	172	RASHASSSDWT		psite	410
ENSP00000212015	SIRT1	538	HVSEDSSSPER		hprd;psite	410
ENSP00000252115	POLDIP3	383	PRRVNSASSSN	RPS6KB1	pelm;psite	993
ENSP00000350941	SRC	17	SQRRRSLEPAE	PRKACA	hprd;pelm;psite	687
ENSP00000350941	SRC	51	GHRGPSAAFAP		psite	687
ENSP00000350941	SRC	72	FNSSDTVTSPQ		psite	687
ENSP00000350941	SRC	183	RESETTKGAYC		psite	687
ENSP00000376822	STEAP3	30	VDSDSSLAKVP		hprd;psite	429
ENSP00000376822	STEAP3	480	WERESTIKFTL		psite	429
ENSP00000364898	SYK	178	ISREESEQIVL		psite	640
ENSP00000364898	SYK	295	ISRIKSYSFPK	CHEK1	psite	640
ENSP00000364898	SYK	319	QESTVSFNPYE		psite	640
ENSP00000340820	MAPT	171	ATRQPSGTGPE		psite	670
ENSP00000340820	MAPT	533	DRSGYSSPGSP	PRKACA	hprd;psite	670
ENSP00000340820	MAPT	549	RSRTPSLPTPP	CDK5;PRKACA	hprd;pelm;psite	670
ENSP00000340820	MAPT	573	PKSPSSAKSRL		hprd;psite	670
ENSP00000340820	MAPT	576	PSSAKSRLQTA		hprd;psite	670
ENSP00000340820	MAPT	738	VVSGDTSPRHL		hprd;psite	670
ENSP00000340820	MAPT	744	SPRHLSNVSST	PRKACA	hprd;psite	670
ENSP00000340820	MAPT	747	HLSNVSSTGSI		hprd;psite	670
ENSP00000340820	MAPT	751	VSSTGSIDMVD		hprd;psite	670
ENSP00000262033	PTGES3	85	GESGQSWPRLT		hprd;psite	899
ENSP00000262033	PTGES3	151	DDSQDSDDEKM		hprd;pelm;psite	899
ENSP00000171887	TNS1	338	LIRWDSYDNFS		pelm;psite	428
ENSP00000171887	TNS1	445	LDRLLSGFGLE		pelm;psite	428
ENSP00000171887	TNS1	621	MFRSQSFSEAE		pelm;psite	428
ENSP00000171887	TNS1	701	FPRAASQQEIE		psite	428
ENSP00000171887	TNS1	756	GSSRQSHPLTQ		psite	428
ENSP00000171887	TNS1	772	IPSGHSLGTPE		psite	428
ENSP00000171887	TNS1	858	ATSDPSRTPEE		pelm;psite	428
ENSP00000171887	TNS1	899	RRRAASDGQYE		psite	428
ENSP00000171887	TNS1	1107	GPRTPTQPLLE		psite	428
ENSP00000171887	TNS1	1119	GFRSGSLGQPS		psite	428
ENSP00000171887	TNS1	1184	QARHRTVGTNT		psite	428
ENSP00000171887	TNS1	1335	EDRRPTLSRQS		psite	428
ENSP00000171887	TNS1	1340	TLSRQSSASGY		psite	428
ENSP00000171887	TNS1	1343	RQSSASGYQAP		psite	428
ENSP00000171887	TNS1	1393	EKRRMSVGDRA		psite	428
ENSP00000171887	TNS1	1400	GDRAGSLPNYA		psite	428
ENSP00000171887	TNS1	1420	VASGMSSPSGG		psite	428
ENSP00000171887	TNS1	1426	SPSGGSTVSFS		psite	428
ENSP00000171887	TNS1	1441	DFSKYSMPDNS		psite	428
ENSP00000309572	TERT	227	RRRGGSASRSL	AKT1	hprd;pelm;psite	961
ENSP00000309572	TERT	824	RIRGKSYVQCQ	AKT1	hprd;pelm;psite	961
ENSP00000351905	TGFBR2	578	SGRSCSEEKIP		hprd;psite	899
ENSP00000362013	TRERF1	621	PASSMSDDEMP		psite	542
ENSP00000298552	TSC1	487	ISRELSEITTA		psite	888
ENSP00000298552	TSC1	1046	SSSELSTPEKP		psite	888
ENSP00000298552	TSC1	1100	LFRNKSESQCD		psite	888
ENSP00000219476	TSC2	937	SFRARSTSLNE		psite	978
ENSP00000219476	TSC2	939	RARSTSLNERP	AKT1	hprd;pelm;psite	978
ENSP00000219476	TSC2	946	NERPKSLRIAR		psite	978
ENSP00000219476	TSC2	981	RCRSISVSEHV	AKT1	hprd;pelm;psite	978
ENSP00000219476	TSC2	1130	RDRVRSMSGGH		hprd;psite	978
ENSP00000219476	TSC2	1132	RVRSMSGGHGL		hprd;pelm;psite	978
ENSP00000219476	TSC2	1337	AYSRSSSVSSQ		hprd;pelm;psite	978
ENSP00000219476	TSC2	1338	YSRSSSVSSQE		hprd;pelm;psite	978
ENSP00000219476	TSC2	1340	RSSSVSSQEEK		psite	978
ENSP00000219476	TSC2	1341	SSSVSSQEEKS		hprd;pelm;psite	978
ENSP00000219476	TSC2	1364	IERVVSSEGGR		hprd;psite	978
ENSP00000219476	TSC2	1386	PLSKSSSSPEL		hprd;pelm;psite	978
ENSP00000219476	TSC2	1420	KARSQSGTLDG		hprd;pelm;psite	978
ENSP00000219476	TSC2	1454	SPRSPSGLRPR		psite	978
ENSP00000219476	TSC2	1462	RPRGYTISDSA	AKT1	hprd;pelm;psite	978
ENSP00000219476	TSC2	1469	SDSAPSRRGKR		psite	978
ENSP00000219476	TSC2	1764	AYSNPSLPLVH		psite	978
ENSP00000219476	TSC2	1798	RKRLISSVEDF	RPS6KA1	hprd;pelm;psite	978
ENSP00000388107	UBA52	57	DGRTLSDYNIQ		hprd;psite	425
ENSP00000344818	UBC	57	DGRTLSDYNIQ		hprd;psite	639
ENSP00000314709	ZHX2	713	VARKATKPMAE		psite	508
ENSP00000340691	EIF4EBP1	8	GGSSCSQTPSR	ATM	pelm	987
ENSP00000365016	IRS2	312	QSSGSSATHPI		hprd;pelm	504
ENSP00000282077	PDK1	396	ALSTDSIERLP	PDK1	hprd;pelm	937
ENSP00000363958	BRD2	611	GPSGGSGTKLP		hprd;pelm	800
ENSP00000365016	IRS2	309	SKSQSSGSSAT		hprd;pelm	504
ENSP00000171887	TNS1	1160	SSSPESQARAQ		pelm	428
ENSP00000344524	PPP1R9A	341	IPSPQSQLLED		hprd;pelm	720
ENSP00000295897	ALB	297	QDSISSKLKEC		hprd	867
ENSP00000217244	CSNK2A1	356	MMSGISSVPTP		hprd	633
ENSP00000365025	CSNK2B	11	EVSWISWFCGL		hprd	619
ENSP00000304895	IRS1	811	DSSSSTSSDSL	CSNK2B	hprd	992
ENSP00000340820	MAPT	687	KDRVQSKIGSL	PKN1	hprd	670
ENSP00000351905	TGFBR2	253	DRSDISSTCAN		hprd	899
ENSP00000351905	TGFBR2	576	RLSGRSCSEEK		hprd	899
ENSP00000264444	MXD1	197	MQSLGSDEGYS		hprd	919
ENSP00000311032	CASP3	270	IVSMLTKELYF		hprd	425
ENSP00000247970	PIN1	114	QFSDCSSAKAR		hprd	644
ENSP00000340691	EIF4EBP1	86	VTSPSSDEPPM		hprd	987
ENSP00000357625	BNIP3	142	PKRTATLSMRN		hprd	837
ENSP00000262056	EIF4B	507	QQSPTSGGGKV		hprd	997
ENSP00000262056	EIF4B	155	LLSALSLNEES		hprd	997
ENSP00000262056	EIF4B	311	DDRSWSSRDDY		hprd	997
ENSP00000344220	PDPK1	33	MVRTQTESSTP	PDPK1	hprd	974
ENSP00000285071	FLCN	71	GASVESSSPGP		hprd	876
ENSP00000280154	PDCD4	49	WISASSINEAR		hprd	984
ENSP00000280154	PDCD4	397	KSSTITVDQMK		hprd	984
ENSP00000386134	NGDN	159	DQSEASGKKSV		hprd	609
