name	RPS6KA3
id	ENSP00000368884
type	Serine/threonine kinase
proline+1_removed	Yes
npartners	161
npartners_with_sites	140
nsites	509
//
motif	score	fg_matches	fg_size	bg_matches	bg_size	fold_increase
R.R..[ST].....	315.94	34	1285	34	9383	7.3
.....[ST]..D..	307.65	136	1251	446	9349	2.28
.....[ST].DE..	20.84	23	830	25	7634	8.46
..R..[ST].....	13.05	114	1115	428	8903	2.13
.....[ST]...S.	11.64	171	1001	841	8475	1.72
//
prot_id	prot_name	position	flank	kinase	source	string_score
ENSP00000253577	ABCB7	262	GTRGISFVLSA		hprd;psite	671
ENSP00000368605	ACOT9	384	QVRVHSEVASL		psite	452
ENSP00000339787	ACSL4	63	PYRSVTHFDSL		psite	703
ENSP00000339787	ACSL4	508	QEGGYTINDKP		psite	703
ENSP00000359489	AFF2	430	DDLKLSSDEDD		psite	488
ENSP00000359489	AFF2	431	DLKLSSDEDDL		psite	488
ENSP00000359489	AFF2	931	RRRNVSGNNGP		psite	488
ENSP00000262844	AMMECR1	15	KQKLSSSPPSG		psite	589
ENSP00000351926	AP2A1	234	AVSRLSRIVSS		psite	899
ENSP00000351926	AP2A1	626	GPGAGSALDDG		hprd;psite	899
ENSP00000351926	AP2A1	636	GRRDPSSNDIN		hprd;psite	899
ENSP00000413234	AP2A2	623	KKGPSTVTDLE		psite	899
ENSP00000413234	AP2A2	630	TDLEDTKRDRS		psite	899
ENSP00000314414	AP2B1	249	VTPRLSHANSA		psite	899
ENSP00000292807	AP2M1	236	DETSKSGKQSI		hprd;psite	899
ENSP00000336790	ATF4	215	EEDTPSDNDSG		psite	969
ENSP00000345728	ATP7A	272	QQRSPSYTNDS		psite	455
ENSP00000345728	ATP7A	349	RVSITSEVEST		psite	455
ENSP00000345728	ATP7A	355	EVESTSNSPSS		psite	455
ENSP00000345728	ATP7A	1469	INSLLSDKRSL		psite	455
ENSP00000345728	ATP7A	1476	KRSLNSVVTSE		psite	455
ENSP00000345728	ATP7A	1480	NSVVTSEPDKH		psite	455
ENSP00000362441	ATRX	25	DFLAHSSEESE		psite	678
ENSP00000362441	ATRX	29	HSSEESEETSS		hprd;psite	678
ENSP00000362441	ATRX	52	ISGSGSNSDMM		psite	678
ENSP00000362441	ATRX	84	SKRKPSIVTKY		hprd;pelm;psite	678
ENSP00000362441	ATRX	92	TKYVESDDEKP		hprd;pelm;psite	678
ENSP00000362441	ATRX	108	VNEDASNENSE		hprd;psite	678
ENSP00000362441	ATRX	112	ASNENSENDIT		hprd;psite	678
ENSP00000362441	ATRX	191	IYRHPSLQVLI		psite	678
ENSP00000362441	ATRX	334	KKLDDSCSGSV		psite	678
ENSP00000362441	ATRX	566	VKLNISSKDNR		hprd;psite	678
ENSP00000362441	ATRX	594	KLTPVSLSNSP		hprd;psite	678
ENSP00000362441	ATRX	661	SPRVKTTPLRR		psite	678
ENSP00000362441	ATRX	668	PLRRPTETNPV		psite	678
ENSP00000362441	ATRX	675	TNPVTSNSDEE		hprd;pelm;psite	678
ENSP00000362441	ATRX	704	DKRNSSDSAID		psite	678
ENSP00000362441	ATRX	706	RNSSDSAIDNP		hprd;psite	678
ENSP00000362441	ATRX	729	TVDQNSDSDEM		hprd;pelm;psite	678
ENSP00000362441	ATRX	750	SHSSSSDTDIN		psite	678
ENSP00000362441	ATRX	784	RKRKSSTSGSD		psite	678
ENSP00000362441	ATRX	786	RKSSTSGSDFD		psite	678
ENSP00000362441	ATRX	788	SSTSGSDFDTK		psite	678
ENSP00000362441	ATRX	815	TQSESSNYDSE		psite	678
ENSP00000362441	ATRX	849	TKDFDSSEDEK		hprd;pelm;psite	678
ENSP00000362441	ATRX	850	KDFDSSEDEKH		hprd;pelm;psite	678
ENSP00000362441	ATRX	871	KNLKTSQEGSS		hprd;pelm;psite	678
ENSP00000362441	ATRX	875	TSQEGSSDDAE		hprd;pelm;psite	678
ENSP00000362441	ATRX	1011	EQQYESSSDGT		hprd;psite	678
ENSP00000362441	ATRX	1073	TGKGDSCDSSE		psite	678
ENSP00000362441	ATRX	1076	GDSCDSSEDKK		psite	678
ENSP00000362441	ATRX	1141	ERRNLSSKRNT		hprd;psite	678
ENSP00000362441	ATRX	1285	IKANLSSDEDG		psite	678
ENSP00000362441	ATRX	1286	KANLSSDEDGS		psite	678
ENSP00000362441	ATRX	1291	SDEDGSSDDEP		psite	678
ENSP00000362441	ATRX	1292	DEDGSSDDEPE		psite	678
ENSP00000362441	ATRX	1322	KNQVNSESDSD		hprd;psite	678
ENSP00000362441	ATRX	1324	QVNSESDSDSE		hprd;psite	678
ENSP00000362441	ATRX	1346	LRHKLTVSDGE		hprd;psite	678
ENSP00000362441	ATRX	1348	HKLTVSDGESG		hprd;pelm;psite	678
ENSP00000362441	ATRX	1436	QEDSSSENKSN		psite	678
ENSP00000362441	ATRX	1493	KLRTETQNALK		psite	678
ENSP00000362441	ATRX	1906	YFDEDSMDEFI		psite	678
ENSP00000362441	ATRX	1913	DEFIASDSDET		hprd;pelm;psite	678
ENSP00000362441	ATRX	1991	SKATSSSNPSS		hprd;pelm;psite	678
ENSP00000362441	ATRX	1992	KATSSSNPSSP		hprd;pelm;psite	678
ENSP00000362441	ATRX	2379	LSRQASQELDV		psite	678
ENSP00000362441	ATRX	2487	KNPGPSQGKSM		psite	678
ENSP00000309103	BAD	71	AVEIRSRHSSY		psite	629
ENSP00000309103	BAD	75	RSRHSSYPAGT	ARAF;BRAF;PAK1;PIM3;PRKACA;PRKCE;PRKCI;PRKCQ;PRKD1;RAF1;RPS6KA1;RPS6KA3	hprd;pelm;psite	629
ENSP00000309103	BAD	80	SYPAGTEDDEG		psite	629
ENSP00000309103	BAD	97	PFRGRSRSAPP		psite	629
ENSP00000309103	BAD	99	RGRSRSAPPNL	AKT1;ARAF;BRAF;PAK1;PRKACA;PRKCE;PRKCI;PRKCQ;PRKD1;RAF1;RPS6KA3	hprd;pelm;psite	629
ENSP00000309103	BAD	118	ELRRMSDEFVD	ARAF;BRAF;PAK1;PRKACA;PRKCE;PRKCI;PRKD1;RAF1;RPS6KA1	hprd;pelm;psite	629
ENSP00000309103	BAD	134	LPRPKSAGTAT		hprd;psite	629
ENSP00000362372	BRWD3	678	VNRAYSVNGAL		psite	480
ENSP00000362372	BRWD3	702	RLRRHSSQIEG		psite	480
ENSP00000362372	BRWD3	703	LRRHSSQIEGV		hprd;pelm;psite	480
ENSP00000362372	BRWD3	1265	EERNSTDAEED		psite	480
ENSP00000362372	BRWD3	1579	KLLSASEEDEN		psite	480
ENSP00000302530	BUB1	220	SKSEYSVHSSL		psite	808
ENSP00000302530	BUB1	307	QVVETSHEDLP		hprd;pelm;psite	808
ENSP00000302530	BUB1	314	EDLPASQERSE	ATM	hprd;pelm;psite	808
ENSP00000302530	BUB1	563	VSRLPSKPKEE		hprd;psite	808
ENSP00000302530	BUB1	589	IRCNKTLAPSP		hprd;pelm;psite	808
ENSP00000302530	BUB1	668	KQALSSHMYSA		psite	808
ENSP00000302530	BUB1	755	LLSGLSKPVSS		hprd;psite	808
ENSP00000367408	CASK	151	CVLLASKENSA	CASK	psite	600
ENSP00000351273	CASP8	322	RDRNGTHLDAG		psite	833
ENSP00000351273	CASP8	364	QLMDHSNMDCF		psite	833
ENSP00000262367	CREBBP	78	LLRGGSGSSIN		psite	724
ENSP00000262367	CREBBP	124	GKSPLSQGDSS		hprd;pelm;psite	724
ENSP00000262367	CREBBP	1072	SNGTASQSTSP		hprd;pelm;psite	724
ENSP00000262367	CREBBP	1382	SRFVDSGEMSE	CHUK	psite	724
ENSP00000262367	CREBBP	1578	ETTEGSQGDSK		psite	724
ENSP00000262367	CREBBP	2356	SPRPQSQPPHS		psite	724
ENSP00000380921	SH3KBP1	82	VPSGNSLLSSE		hprd;psite	546
ENSP00000380921	SH3KBP1	165	DELGISQDEQL		psite	546
ENSP00000380921	SH3KBP1	179	SLRETTGSESD		psite	546
ENSP00000380921	SH3KBP1	181	RETTGSESDGG		psite	546
ENSP00000380921	SH3KBP1	230	KLRPRSIEVEN		hprd;pelm;psite	546
ENSP00000380921	SH3KBP1	498	SQSLTSSSLSS		psite	546
ENSP00000380921	SH3KBP1	502	TSSSLSSPDIF		psite	546
ENSP00000380921	SH3KBP1	536	KKTSKTVTISQ		hprd;psite	546
ENSP00000395546	CSNK2B	14	RMAGTTSADVK		psite	619
ENSP00000395546	CSNK2B	23	VKMSSSEEVSW		psite	619
ENSP00000368824	CNKSR2	908	EKLGDSLQDLY		hprd;psite	408
ENSP00000387699	CREB1	98	LKRLFSGTQIS	PRKD1	psite	995
ENSP00000387699	CREB1	117	QESVDSVTDSQ		psite	995
ENSP00000387699	CREB1	129	RREILSRRPSY	GSK3B	hprd;pelm;psite	995
ENSP00000387699	CREB1	133	LSRRPSYRKIL	ATM;CAMK4;CAMKK1;DYRK3;MAP3K8;MAPKAPK2;PRKACA;PRKCE;PRKD1;RPS6KA1;RPS6KA2;RPS6KA3;RPS6KA4;RPS6KA5;SGK1;TSSK4	hprd;pelm;psite	995
ENSP00000362456	PBDC1	181	EKRADSGEEEN		hprd;psite	511
ENSP00000382840	DDX3X	62	SSGWSSSKDKD		hprd;psite	436
ENSP00000382840	DDX3X	70	DKDAYSSFGSR		psite	436
ENSP00000382840	DDX3X	74	YSSFGSRSDSR		hprd;pelm;psite	436
ENSP00000382840	DDX3X	78	GSRSDSRGKSS		hprd;pelm;psite	436
ENSP00000382840	DDX3X	82	DSRGKSSFFSD		hprd;psite	436
ENSP00000382840	DDX3X	86	KSSFFSDRGSG		psite	436
ENSP00000382840	DDX3X	102	DDRGRSDYDGI		hprd;psite	436
ENSP00000382840	DDX3X	109	YDGIGSRGDRS		psite	436
ENSP00000382840	DDX3X	131	RWCDKSDEDDW		psite	436
ENSP00000382840	DDX3X	438	DLLNATGKDSL		psite	436
ENSP00000382840	DDX3X	456	KKGADSLEDFL		psite	436
ENSP00000382840	DDX3X	605	RDYRQSSGASS		psite	436
ENSP00000382840	DDX3X	606	DYRQSSGASSS		psite	436
ENSP00000382840	DDX3X	612	GASSSSFSSSR		hprd;psite	436
ENSP00000382840	DDX3X	615	SSSFSSSRASS		psite	436
ENSP00000382840	DDX3X	616	SSFSSSRASSS		psite	436
ENSP00000363480	DLG3	78	AKLIPTGRDVG		psite	403
ENSP00000363480	DLG3	112	PECTCTNRDWY		hprd;psite	403
ENSP00000363480	DLG3	487	EQMMNSSMSSG		psite	403
ENSP00000363480	DLG3	759	MNRRQTYEQAN		psite	403
ENSP00000263026	EEF2K	27	GHDGDSDGDSD		hprd;psite	421
ENSP00000263026	EEF2K	31	DSDGDSDDEEG		hprd;psite	421
ENSP00000263026	EEF2K	66	SNLTKSERYSS		psite	421
ENSP00000263026	EEF2K	70	KSERYSSSGSP		hprd;psite	421
ENSP00000263026	EEF2K	364	SPQVRTLSGSR		psite	421
ENSP00000263026	EEF2K	366	QVRTLSGSRPP	RPS6KA1;RPS6KB1;RPS6KB2	psite	421
ENSP00000263026	EEF2K	377	LLRPLSENSGD	MAPKAPK2;MAPKAPK3	hprd;pelm;psite	421
ENSP00000263026	EEF2K	380	PLSENSGDENM		psite	421
ENSP00000263026	EEF2K	392	DVTFDSLPSSP		psite	421
ENSP00000263026	EEF2K	395	FDSLPSSPSSA		psite	421
ENSP00000263026	EEF2K	441	ENSGDSGYPSE		psite	421
ENSP00000263026	EEF2K	470	NRKYESDEDSL		hprd;pelm;psite	421
ENSP00000263026	EEF2K	474	ESDEDSLGSSG	EEF2K	hprd;pelm;psite	421
ENSP00000369981	SH3GL2	14	QFHKATQKVSE	ROCK2	psite	899
ENSP00000206249	ESR1	102	FPPLNSVSPSP	GSK3B;MNAT1	hprd;pelm;psite	859
ENSP00000206249	ESR1	154	FYRPNSDNRRQ		pelm;psite	859
ENSP00000206249	ESR1	167	RERLASTNDKG	AKT1;AKT2;CSNK2A1;IKBKE;RPS6KA1;RPS6KA3;RPS6KB1	hprd;pelm;psite	859
ENSP00000206249	ESR1	236	KNRRKSCQACR	PRKACA	pelm;psite	859
ENSP00000206249	ESR1	282	RGEVGSAGDMR	CSNK2A1	pelm;psite	859
ENSP00000206249	ESR1	305	RSKKNSLALSL	AKT1;PAK1;PRKACA	hprd;pelm;psite	859
ENSP00000215832	MAPK1	248	ILGSPSQEDLN		psite	995
ENSP00000311005	MAPK7	562	AGLVLSDNDRS		psite	905
ENSP00000311005	MAPK7	770	DGQADSASLSA		psite	905
ENSP00000311005	MAPK7	772	QADSASLSASL		psite	905
ENSP00000326819	FANCB	839	LYREITLKVAE		psite	491
ENSP00000229758	FBXO5	145	RLYEDSGYSSF	PLK1	psite	829
ENSP00000264498	FGF2	254	RSRKYTSWYVA		pelm;psite	919
ENSP00000359506	FMR1	500	EASNASETESD	CSNK2A1	psite	603
ENSP00000326948	FTSJ1	302	ISRVDTFPQPL		hprd;psite	543
ENSP00000274764	HIST1H2BA	54	QVHPDTGISSK		psite	800
ENSP00000274764	HIST1H2BA	58	DTGISSKAMSI		psite	800
ENSP00000274764	HIST1H2BA	89	HYSKRSTISSR		psite	800
ENSP00000274764	HIST1H2BA	121	GTKAVTKYTSS		psite	800
ENSP00000321744	HIST1H2BC	33	KKRKRSRKESY		pelm;psite	858
ENSP00000353074	HIST1H2BF	33	KKRKRSRKESY		pelm;psite	858
ENSP00000321744	HIST1H2BC	37	RSRKESYSVYV		pelm;psite	858
ENSP00000353074	HIST1H2BF	37	RSRKESYSVYV		pelm;psite	858
ENSP00000321744	HIST1H2BC	53	QVHPDTGISSK		psite	858
ENSP00000353074	HIST1H2BF	53	QVHPDTGISSK		psite	858
ENSP00000321744	HIST1H2BC	88	HYNKRSTITSR		psite	858
ENSP00000353074	HIST1H2BF	88	HYNKRSTITSR		psite	858
ENSP00000321744	HIST1H2BC	120	GTKAVTKYTSS		psite	858
ENSP00000353074	HIST1H2BF	120	GTKAVTKYTSS		psite	858
ENSP00000289316	HIST1H2BD	33	KKRKRSRKESY		psite	840
ENSP00000289316	HIST1H2BD	37	RSRKESYSVYV		psite	840
ENSP00000289316	HIST1H2BD	53	QVHPDTGISSK		psite	840
ENSP00000289316	HIST1H2BD	88	HYNKRSTITSR		psite	840
ENSP00000289316	HIST1H2BD	120	GTKAVTKYTSS		psite	840
ENSP00000348706	HIST1H2BH	33	KKRKRSRKESY		psite	858
ENSP00000348706	HIST1H2BH	37	RSRKESYSVYV		psite	858
ENSP00000348706	HIST1H2BH	53	QVHPDTGISSK		psite	858
ENSP00000348706	HIST1H2BH	88	HYNKRSTITSR		psite	858
ENSP00000348706	HIST1H2BH	120	GTKAVTKYTSS		psite	858
ENSP00000358164	HIST2H2BF	33	KKRKRSRKESY		psite	800
ENSP00000358164	HIST2H2BF	37	RSRKESYSVYV		psite	800
ENSP00000358164	HIST2H2BF	53	QVHPDTGISSK		psite	800
ENSP00000358164	HIST2H2BF	88	HYNKRSTITSR		psite	800
ENSP00000358164	HIST2H2BF	120	GTKAVTKYTSS		psite	800
ENSP00000254810	H3F3B	46	RYRPGTVALRE	DYRK1B;DYRK2;DYRK3	psite	898
ENSP00000355778	H3F3A	46	RYRPGTVALRE	DYRK1B;DYRK2;DYRK3	psite	898
ENSP00000375736	HIST3H2BB	37	RGRKESYSIYV		psite	858
ENSP00000375736	HIST3H2BB	53	QVHPDTGISSK		hprd;psite	858
ENSP00000375736	HIST3H2BB	76	FERIASEASRL		psite	858
ENSP00000375736	HIST3H2BB	120	GTKAVTKYTSS		hprd;psite	858
ENSP00000355657	HIST3H3	46	RYRPGTVALRE		psite	740
ENSP00000355657	HIST3H3	87	DLRFQSSAVMA		psite	740
ENSP00000370125	HMGN1	21	EPKRRSARLSA	PRKCA	hprd;pelm;psite	626
ENSP00000370125	HMGN1	70	VANQETKEDLP		hprd;pelm;psite	626
ENSP00000355228	HMGN2	25	EPQRRSARLSA	AURKB;PRKCA	hprd;psite	619
ENSP00000309845	HRAS	35	DEYDPTIEDSY		pelm;psite	826
ENSP00000373487	KRT18	11	RSTFSTNYRSL		hprd;psite	619
ENSP00000373487	KRT18	30	GARPVSSAASV		hprd;pelm;psite	619
ENSP00000373487	KRT18	47	SGSRISVSRST		hprd;psite	619
ENSP00000373487	KRT18	49	SRISVSRSTSF		hprd;psite	619
ENSP00000373487	KRT18	53	VSRSTSFRGGM	CAMK1;MAPKAPK2;PRKCA;PRKCE;RPS6KB2	hprd;pelm;psite	619
ENSP00000373487	KRT18	86	KETMQSLNDRL		psite	619
ENSP00000373487	KRT18	93	NDRLASYLDRV		psite	619
ENSP00000373487	KRT18	100	LDRVRSLETEN		hprd;psite	619
ENSP00000373487	KRT18	110	NRRLESKIREH		psite	619
ENSP00000373487	KRT18	127	QVRDWSHYFKI		hprd;psite	619
ENSP00000373487	KRT18	319	RNLKASLENSL		hprd;psite	619
ENSP00000408411	LAMP2	269	SCRSHTALLRL		hprd;psite	508
ENSP00000324856	STK11	31	IHRIDSTEVIY		hprd;psite	621
ENSP00000324856	STK11	189	LTTGGTLKISD	STK11	hprd;pelm;psite	621
ENSP00000324856	STK11	307	QIRQHSWFRKK	PRKCZ	psite	621
ENSP00000324856	STK11	334	KDRWRSMTVVP		psite	621
ENSP00000324856	STK11	336	RWRSMTVVPYL	STK11	hprd;psite	621
ENSP00000324856	STK11	428	KIRRLSACKQQ	PRKCZ;RPS6KA3;STK11	hprd;pelm;psite	621
ENSP00000385450	MAGI1	741	LERKDSQNSSQ		psite	620
ENSP00000385450	MAGI1	1457	PYKECSTDLSI		psite	620
ENSP00000368972	MAP7D2	187	NKRLSSSTVAI		psite	427
ENSP00000368798	MBTPS2	116	SSYSSSSSSSS		psite	605
ENSP00000368798	MBTPS2	117	SYSSSSSSSSS		psite	605
ENSP00000368798	MBTPS2	119	SSSSSSSSSSS		psite	605
ENSP00000368798	MBTPS2	121	SSSSSSSSSSS		psite	605
ENSP00000395535	MECP2	367	SPKGRSSSASS		psite	482
ENSP00000395535	MECP2	369	KGRSSSASSPP		psite	482
ENSP00000363193	MED12	1269	GGRNISVETAS		hprd;psite	462
ENSP00000369860	MOSPD2	454	KPNTLTLKDNA		psite	740
ENSP00000261991	RPS6KA5	212	TERAYSFCGTI	RPS6KA5	pelm;psite	902
ENSP00000261991	RPS6KA5	691	WLQDGSQLSSN		psite	902
ENSP00000261991	RPS6KA5	758	TETRSSSSESS	CSNK2A1;RPS6KA5	pelm;psite	902
ENSP00000261991	RPS6KA5	759	ETRSSSSESSH	CSNK2A1	psite	902
ENSP00000333896	RPS6KA4	196	KERTFSFCGTI	MAP2K1;MAPK14;RPS6KA4	hprd;pelm;psite	901
ENSP00000333896	RPS6KA4	324	RPQIRSELDVG	CSNK2A1	psite	901
ENSP00000333896	RPS6KA4	678	WLQDGSARSSP		hprd;psite	901
ENSP00000333896	RPS6KA4	737	KQKLRSATASR		hprd;psite	901
ENSP00000312244	MSL3	318	PLLNPSTPQST		psite	653
ENSP00000312244	MSL3	347	PEALQSLRRST		psite	653
ENSP00000312244	MSL3	396	KTPVHSRSSSP		psite	653
ENSP00000312244	MSL3	407	IPLTPSKEGSA		hprd;pelm;psite	653
ENSP00000359423	MTM1	112	YGLDITCKDMR		psite	478
ENSP00000359417	MTMR1	39	GATAGSRQPSV		psite	581
ENSP00000359417	MTMR1	43	GSRQPSVETLD		psite	581
ENSP00000359417	MTMR1	648	AVSSSSERGSS		psite	581
ENSP00000359417	MTMR1	660	SHSATSVHTSV		psite	581
ENSP00000262300	PKMYT1	48	RPRGLSRSLPP		hprd;psite	801
ENSP00000262300	PKMYT1	454	TVGSTSTPRSR		hprd;psite	801
ENSP00000262300	PKMYT1	469	DALDLSDINSE		hprd;pelm;psite	801
ENSP00000359074	L1CAM	1152	KGGKYSVKDKE	RPS6KA1	hprd;pelm;psite	914
ENSP00000359074	L1CAM	1190	EKAFGSSQPSL		hprd;pelm;psite	914
ENSP00000360464	NKAP	15	PDREASGSGGR		psite	546
ENSP00000360464	NKAP	80	RSRSRSRERPS		psite	546
ENSP00000360464	NKAP	213	KYSEDSDSDSD		psite	546
ENSP00000360464	NKAP	261	KSRKESSDSSS		hprd;pelm;psite	546
ENSP00000360464	NKAP	262	SRKESSDSSSK		hprd;pelm;psite	546
ENSP00000360464	NKAP	265	ESSDSSSKESQ		hprd;pelm;psite	546
ENSP00000360464	NKAP	375	ENQIYSADEKR		psite	546
ENSP00000304803	NKRF	35	QKRHLSTCDGQ		psite	524
ENSP00000304803	NKRF	67	FVASSSKDERQ		psite	524
ENSP00000304803	NKRF	618	YARSESHTDLT		psite	524
ENSP00000243050	NR4A1	351	RGRLPSKPKQP	AKT1	hprd;pelm;psite	646
ENSP00000362824	OGT	20	TKRMLSFQGLA	CHEK1	hprd;pelm;psite	422
ENSP00000362824	OGT	325	LRLCPTHADSL		hprd;psite	422
ENSP00000156084	OTUD5	177	GAGYNSEDEYE		hprd;pelm;psite	424
ENSP00000156084	OTUD5	431	QPRKASATCSS		psite	424
ENSP00000156084	OTUD5	457	SPRQRSSASSP		psite	424
ENSP00000229794	MAPK14	175	GLARHTDDEMT		hprd;psite	663
ENSP00000287295	AIFM1	268	TPRSLSAIDRA		hprd;pelm;psite	430
ENSP00000287295	AIFM1	371	NAIVQSVGVSS		psite	430
ENSP00000394382	PDHA1	293	RYHGHSMSDPG	PDK1;PDK2;PDK3;PDK4;PDPK1	hprd;pelm;psite	485
ENSP00000344220	PDPK1	148	VKLYFTFQDDE		psite	647
ENSP00000344220	PDPK1	176	IRKIGSFDETC		psite	647
ENSP00000344220	PDPK1	241	QARANSFVGTA	PDK1;PDPK1	hprd;pelm;psite	647
ENSP00000344220	PDPK1	366	YLPAMSEDDED		psite	647
ENSP00000344220	PDPK1	394	SSSSSSHSLSA	MAP3K5	psite	647
ENSP00000344220	PDPK1	396	SSSSHSLSASD	PDK1;PDPK1	hprd;pelm;psite	647
ENSP00000344220	PDPK1	398	SSHSLSASDTG	MAP3K5	psite	647
ENSP00000344220	PDPK1	410	PQRSGSNIEQY	PDK1;PDPK1	hprd;pelm;psite	647
ENSP00000353660	PEA15	100	LDTKLTRIPSA		psite	860
ENSP00000353660	PEA15	104	LTRIPSAKKYK	PRKCA	hprd;pelm;psite	860
ENSP00000353660	PEA15	116	IIRQPSEEEII	AKT1;CAMK2G	hprd;pelm;psite	860
ENSP00000362413	PGK1	256	MEIGTSLFDEE		psite	607
ENSP00000218343	PHF16	608	NRLLASLSHSR		hprd;psite	434
ENSP00000218343	PHF16	610	LLASLSHSRSE		hprd;psite	434
ENSP00000218343	PHF16	776	LELSDSEAESD		hprd;pelm;psite	434
ENSP00000218343	PHF16	793	RVRKDSSDREN		psite	434
ENSP00000329097	PHF6	138	KTAHNSEADLE		hprd;pelm;psite	555
ENSP00000329097	PHF6	154	HELEPSSPKSK	CDK2	hprd;pelm;psite	555
ENSP00000329097	PHF6	183	DTRSTSSHGTD		hprd;pelm;psite	555
ENSP00000329097	PHF6	194	EMESSSYRDRS		psite	555
ENSP00000338868	PHF8	486	RLSLPSKNGSK		hprd;psite	530
ENSP00000338868	PHF8	615	EFDLDSDDELQ		psite	530
ENSP00000338868	PHF8	669	IEEDYTTDEDM		hprd;pelm;psite	530
ENSP00000338868	PHF8	670	EEDYTTDEDMV		hprd;pelm;psite	530
ENSP00000338868	PHF8	790	YWRTESEEEEE		hprd;psite	530
ENSP00000338868	PHF8	798	EEENASLDEQD		psite	530
ENSP00000338868	PHF8	821	YPSLESDDDDP		hprd;pelm;psite	530
ENSP00000338868	PHF8	868	GTRVASIETGL	CHEK1	psite	530
ENSP00000338868	PHF8	985	TQRRPSVGSQS		psite	530
ENSP00000369274	PHKA2	691	DRHVFSAIHST		psite	467
ENSP00000369274	PHKA2	695	FSAIHSTRDIL		psite	467
ENSP00000369274	PHKA2	1015	MTRRFSADEQF		hprd;pelm;psite	467
ENSP00000342793	PLD1	505	VKRVTSGPSLG	PRKAA2	psite	630
ENSP00000342793	PLD1	147	PTRRHTFRRQN	PRKCA	hprd;psite	630
ENSP00000368349	POLA1	186	LKKKRSIGASP		hprd;pelm;psite	660
ENSP00000381504	PRPS2	183	AKRVTSIADRL		psite	621
ENSP00000381504	PRPS2	313	NGESVSYLFSH		psite	621
ENSP00000340274	RAP2C	66	TEQFASMRDLY		hprd;psite	552
ENSP00000369427	RBBP7	95	AQFDASHCDSD		hprd;pelm;psite	405
ENSP00000369427	RBBP7	354	IGEEQSAEDAE		hprd;pelm;psite	405
ENSP00000359645	RBMX	116	GGRGGSGGTRG		psite	621
ENSP00000359645	RBMX	175	PVRSSSGMGGR		hprd;psite	621
ENSP00000359645	RBMX	215	RDDGYSTKDSY		hprd;pelm;psite	621
ENSP00000359645	RBMX	221	TKDSYSSRDYP		psite	621
ENSP00000359645	RBMX	242	PPRDYTYRDYG		psite	621
ENSP00000359645	RBMX	250	DYGHSSSRDDY		psite	621
ENSP00000359645	RBMX	251	YGHSSSRDDYP		hprd;pelm;psite	621
ENSP00000359645	RBMX	257	RDDYPSRGYSD		psite	621
ENSP00000359645	RBMX	261	PSRGYSDRDGY		hprd;psite	621
ENSP00000359645	RBMX	273	RDRDYSDHPSG		psite	621
ENSP00000359645	RBMX	280	HPSGGSYRDSY		hprd;pelm;psite	621
ENSP00000359645	RBMX	287	RDSYESYGNSR		psite	621
ENSP00000359645	RBMX	303	RGPPPSYGGSS		hprd;psite	621
ENSP00000359645	RBMX	308	SYGGSSRYDDY		psite	621
ENSP00000359645	RBMX	315	YDDYSSSRDGY		hprd;psite	621
ENSP00000359645	RBMX	326	GGSRDSYSSSR	AURKB	hprd;pelm;psite	621
ENSP00000359645	RBMX	328	SRDSYSSSRSD		hprd;pelm;psite	621
ENSP00000359645	RBMX	330	DSYSSSRSDLY		hprd;pelm;psite	621
ENSP00000359645	RBMX	332	YSSSRSDLYSS		hprd;pelm;psite	621
ENSP00000359645	RBMX	337	SDLYSSGRDRV		hprd;pelm;psite	621
ENSP00000339090	RBMX2	144	RTPSPSLSESS		psite	443
ENSP00000339090	RBMX2	148	PSLSESSEDEK		psite	443
ENSP00000339090	RBMX2	149	SLSESSEDEKP		psite	443
ENSP00000339090	RBMX2	272	RDRGRSSDAHS		psite	443
ENSP00000339090	RBMX2	313	SRERESSNPSD		psite	443
ENSP00000339090	RBMX2	314	RERESSNPSDR		hprd;psite	443
ENSP00000253571	RLIM	347	RTRSRSQTPNN		psite	571
ENSP00000262752	RPS6KA6	482	HPNIITLKDVF		psite	910
ENSP00000369757	RPS6	78	VRLLLSKGHSC		hprd;pelm;psite	992
ENSP00000369757	RPS6	148	KLFNLSKEDDV		hprd;pelm;psite	992
ENSP00000369757	RPS6	235	KRRRLSSLRAS	PAK2;PRKCD;RPS6KA1;RPS6KA3;RPS6KB1	hprd;pelm;psite	992
ENSP00000369757	RPS6	236	RRRLSSLRAST	PAK2;PRKCD;RPS6KA1;RPS6KA3;RPS6KB1	hprd;pelm;psite	992
ENSP00000369757	RPS6	240	SSLRASTSKSE	PAK2;RPS6KB1	hprd;pelm;psite	992
ENSP00000369757	RPS6	241	SLRASTSKSES		hprd;pelm;psite	992
ENSP00000369757	RPS6	242	LRASTSKSESS	PAK2	hprd;pelm;psite	992
ENSP00000369380	SCML1	176	EDPILSRTPSP		hprd;psite	627
ENSP00000251900	SCML2	300	PKRSSSVKNIT		hprd;pelm;psite	458
ENSP00000251900	SCML2	495	VTERQSTKRSP		hprd;pelm;psite	458
ENSP00000251900	SCML2	496	TERQSTKRSPQ		psite	458
ENSP00000251900	SCML2	570	IHTSVSQDFSR		hprd;pelm;psite	458
ENSP00000251900	SCML2	606	QMQRKSEAPSY		hprd;pelm;psite	458
ENSP00000293441	SHANK1	24	CPEGGSESDSS		psite	626
ENSP00000330320	SLC9A7	693	SRRTKSSSEEV		psite	441
ENSP00000385746	SMS	236	KYMRKTCGDVL		psite	522
ENSP00000363392	SNX12	14	TRRLNSKPQDL		psite	469
ENSP00000363392	SNX12	73	VRRRYSDFEWL		hprd;pelm;psite	469
ENSP00000265354	SRF	79	ALYSGSEGDSE	CSNK2A1	hprd;pelm;psite	981
ENSP00000265354	SRF	103	LKRSLSEMEIG	CAMK2A;MAPKAPK2;RPS6KA1;RPS6KA5	hprd;pelm;psite	981
ENSP00000265354	SRF	159	KLRRYTTFSKR	DMPK;PRKACA;PRKCA;PRKG1	pelm;psite	981
ENSP00000265354	SRF	251	LTYQVSESDSS		psite	981
ENSP00000265354	SRF	435	VLNAFSQAPST	PRKDC	hprd;pelm;psite	981
ENSP00000218089	STAG2	749	QLAKITESSST		psite	554
ENSP00000218089	STAG2	1061	TMSVISGISSR		hprd;pelm;psite	554
ENSP00000218089	STAG2	1064	VISGISSRGST		hprd;pelm;psite	554
ENSP00000218089	STAG2	1109	LSREQTLHTPV		psite	554
ENSP00000276072	TAF1	1176	TASVTSLNSSA		hprd;psite	480
ENSP00000276072	TAF1	1381	KRRVGTTVHCD		psite	480
ENSP00000276072	TAF1	1693	DESNMSVLDIP		psite	480
ENSP00000218364	HTATSF1	30	GKDGDTQTDAG		psite	552
ENSP00000218364	HTATSF1	385	RGLRRSDSVSA		psite	552
ENSP00000218364	HTATSF1	387	LRRSDSVSASE		hprd;pelm;psite	552
ENSP00000218364	HTATSF1	403	RARHFSEHPST		hprd;psite	552
ENSP00000218364	HTATSF1	481	FEGSCSQKESE		hprd;pelm;psite	552
ENSP00000218364	HTATSF1	494	NPVRGSEEDSP		hprd;pelm;psite	552
ENSP00000218364	HTATSF1	521	GLAKESEDDLN		hprd;psite	552
ENSP00000218364	HTATSF1	557	CSEKQSEDGSE		hprd;psite	552
ENSP00000218364	HTATSF1	747	SSFILSSDDDD		hprd;psite	552
ENSP00000218364	HTATSF1	748	SFILSSDDDDD		hprd;psite	552
ENSP00000340820	MAPT	171	ATRQPSGTGPE		psite	621
ENSP00000340820	MAPT	386	KSKDGTGSDDK		hprd;psite	621
ENSP00000340820	MAPT	530	KSGDRSGYSSP	PRKACA	hprd;psite	621
ENSP00000340820	MAPT	533	DRSGYSSPGSP	PRKACA	hprd;psite	621
ENSP00000340820	MAPT	549	RSRTPSLPTPP	CDK5;PRKACA	hprd;pelm;psite	621
ENSP00000340820	MAPT	572	PPKSPSSAKSR	PHKG1	hprd;psite	621
ENSP00000340820	MAPT	651	KPVDLSKVTSK		psite	621
ENSP00000340820	MAPT	735	KSPVVSGDTSP	GSK3B	hprd;psite	621
ENSP00000340820	MAPT	744	SPRHLSNVSST	PRKACA	hprd;psite	621
ENSP00000340820	MAPT	747	HLSNVSSTGSI		hprd;psite	621
ENSP00000340820	MAPT	762	SPQLATLADEV		psite	621
ENSP00000245838	THOC2	314	IVRKLTMVVLS		psite	515
ENSP00000245838	THOC2	1217	SIGSASKSDES		hprd;psite	515
ENSP00000245838	THOC2	1219	GSASKSDESST		psite	515
ENSP00000245838	THOC2	1486	RKRDHSNNDRE		hprd;pelm;psite	515
ENSP00000245838	THOC2	1510	GTMGVSKHKSE		psite	515
ENSP00000245838	THOC2	1577	EKRDSSGGKEE		psite	515
ENSP00000361138	TMEM164	64	HILRQTKEDGR		hprd;psite	456
ENSP00000306220	MMGT1	110	DTANSSNQDAL		hprd;pelm;psite	532
ENSP00000362026	TRMT2B	235	TVRTNSQGHTM		psite	461
ENSP00000219476	TSC2	937	SFRARSTSLNE		psite	814
ENSP00000219476	TSC2	939	RARSTSLNERP	AKT1	hprd;pelm;psite	814
ENSP00000219476	TSC2	946	NERPKSLRIAR		psite	814
ENSP00000219476	TSC2	981	RCRSISVSEHV	AKT1	hprd;pelm;psite	814
ENSP00000219476	TSC2	1130	RDRVRSMSGGH		hprd;psite	814
ENSP00000219476	TSC2	1132	RVRSMSGGHGL		hprd;pelm;psite	814
ENSP00000219476	TSC2	1337	AYSRSSSVSSQ		hprd;pelm;psite	814
ENSP00000219476	TSC2	1338	YSRSSSVSSQE		hprd;pelm;psite	814
ENSP00000219476	TSC2	1364	IERVVSSEGGR		hprd;psite	814
ENSP00000219476	TSC2	1371	EGGRPSVDLSF		psite	814
ENSP00000219476	TSC2	1375	PSVDLSFQPSQ		psite	814
ENSP00000219476	TSC2	1379	LSFQPSQPLSK		psite	814
ENSP00000219476	TSC2	1383	PSQPLSKSSSS		psite	814
ENSP00000219476	TSC2	1420	KARSQSGTLDG		hprd;pelm;psite	814
ENSP00000219476	TSC2	1448	GPLPSSSPRSP		hprd;pelm;psite	814
ENSP00000219476	TSC2	1454	SPRSPSGLRPR		psite	814
ENSP00000219476	TSC2	1462	RPRGYTISDSA	AKT1	hprd;pelm;psite	814
ENSP00000219476	TSC2	1798	RKRLISSVEDF	RPS6KA1	hprd;pelm;psite	814
ENSP00000219476	TSC2	1799	KRLISSVEDFT		psite	814
ENSP00000345195	UBQLN2	256	QDLALSNLESI		psite	482
ENSP00000276201	UPF3B	399	KKEKDTLRDKG		psite	538
ENSP00000377944	UTP14A	31	YLLSESEDEGD		hprd;pelm;psite	416
ENSP00000377944	UTP14A	77	SEFNVSSEGSG		hprd;pelm;psite	416
ENSP00000377944	UTP14A	389	TKEAATQEDPE		hprd;psite	416
ENSP00000377944	UTP14A	434	SLRKRSELSQD		hprd;pelm;psite	416
ENSP00000377944	UTP14A	510	PERVQTLEELE		psite	416
ENSP00000254029	WDR44	158	ETTKLTQTSST		hprd;psite	542
ENSP00000254029	WDR44	199	SSDSLSTKDFA		psite	542
ENSP00000254029	WDR44	342	PQRPRSNSGRE		hprd;pelm;psite	542
ENSP00000254029	WDR44	344	RPRSNSGRELT		hprd;pelm;psite	542
ENSP00000254029	WDR44	349	SGRELTDEEIL		hprd;pelm;psite	542
ENSP00000254029	WDR44	403	NDAAQSDDEEK		hprd;pelm;psite	542
ENSP00000254029	WDR44	470	DQDDPSSSDDE		hprd;pelm;psite	542
ENSP00000254029	WDR44	471	QDDPSSSDDEG		hprd;pelm;psite	542
ENSP00000254029	WDR44	472	DDPSSSDDEGM		hprd;pelm;psite	542
ENSP00000254029	WDR44	568	SPSQESLSSSK		hprd;pelm;psite	542
ENSP00000254029	WDR44	799	FSHDFTYLVSG		hprd;pelm;psite	542
ENSP00000361626	YBX1	80	INRNDTKEDVF	CHEK1	psite	621
ENSP00000361626	YBX1	102	RKYLRSVGDGE	AKT1;RPS6KA1;RPS6KA3	hprd;pelm;psite	621
ENSP00000315173	ZNF41	434	HQRIHTGEKPY		psite	621
ENSP00000315173	ZNF41	462	HQRIHTGEKPY		psite	621
ENSP00000315173	ZNF41	490	HQRIHTGEKPY		psite	621
ENSP00000315173	ZNF41	602	HQRIHTGEKPY		psite	621
ENSP00000315173	ZNF41	630	HHRIHTGEKPY		psite	621
ENSP00000345797	KRBOX4	9	SQESLTFKDVF		psite	655
ENSP00000359802	ZNF75D	444	HQRIHTGEKPF		psite	435
ENSP00000359802	ZNF75D	491	FSRRSSLLRHQ		psite	435
ENSP00000340820	MAPT	593	LKNVKSKIGST	GSK3B;PKN1	hprd;pelm	621
ENSP00000219476	TSC2	1334	RTDAYSRSSSV		hprd;pelm	814
ENSP00000219476	TSC2	1393	SPELQTLQDIL		hprd;pelm	814
ENSP00000262367	CREBBP	302	LASKQSMVNSL	CAMK4;CAMKK1	hprd;pelm	724
ENSP00000380921	SH3KBP1	473	SVVSSTEKLSH		hprd;pelm	546
ENSP00000359074	L1CAM	1244	GGNDSSGATSP		hprd;pelm	914
ENSP00000382840	DDX3X	611	SGASSSSFSSS		pelm	436
ENSP00000362441	ATRX	1919	DSDETSMSLSS		hprd;pelm	678
ENSP00000369860	MOSPD2	444	RLRCHTVESSK		hprd;pelm	740
ENSP00000329097	PHF6	158	PSSPKSKKKSR		hprd;pelm	555
ENSP00000243050	NR4A1	341	VVRTDSLKGRR		hprd	646
ENSP00000243050	NR4A1	201	TGPSPSLAQSP		hprd	646
ENSP00000340820	MAPT	545	TPGSRSRTPSL		hprd	621
ENSP00000340820	MAPT	655	LSKVTSKCGSL	PKN1	hprd	621
ENSP00000340820	MAPT	687	KDRVQSKIGSL	PKN1	hprd	621
ENSP00000215832	MAPK1	41	YGMVCSAYDNV	MAPK1	hprd	995
ENSP00000395535	MECP2	172	FDFTVTGRGSP		hprd	482
ENSP00000362441	ATRX	745	EVSRMSHSSSS		hprd	678
ENSP00000362441	ATRX	974	LKKDQSDETSE		hprd	678
ENSP00000362441	ATRX	977	DQSDETSEDDK		hprd	678
ENSP00000362441	ATRX	978	QSDETSEDDKK		hprd	678
ENSP00000362441	ATRX	1244	TGFCQSSGDEA		hprd	678
ENSP00000362441	ATRX	1245	GFCQSSGDEAL		hprd	678
ENSP00000382840	DDX3X	590	RGRSKSSRFSG		hprd	436
ENSP00000382840	DDX3X	57	FYDKDSSGWSS		hprd	436
ENSP00000382840	DDX3X	58	YDKDSSGWSSS		hprd	436
ENSP00000359729	SLC9A6	656	RFMGNSSEDAL		hprd	605
ENSP00000218364	HTATSF1	539	GPTKESEEDDS		hprd	552
ENSP00000218364	HTATSF1	544	SEEDDSEKESD		hprd	552
ENSP00000218364	HTATSF1	739	EEGPLSTGSSF		hprd	552
ENSP00000218364	HTATSF1	743	LSTGSSFILSS		hprd	552
ENSP00000245838	THOC2	1467	KSRERSREREK		hprd	515
ENSP00000329097	PHF6	134	RKHKKTAHNSE		hprd	555
ENSP00000359423	MTM1	587	LSDPPTSPSSP		hprd	478
ENSP00000359074	L1CAM	1159	KDKEDTQVDSE		hprd	914
ENSP00000359074	L1CAM	1207	LGSDDSLADYG		hprd	914
ENSP00000359506	FMR1	490	GPGYTSGTNSE		hprd	603
ENSP00000247161	ELK1	198	PSGSRSTSPSP		hprd	917
ENSP00000276072	TAF1	543	KEEATSNSPSK		hprd	480
ENSP00000276072	TAF1	1175	DTASVTSLNSS		hprd	480
ENSP00000262367	CREBBP	1771	ESRRLSIQRCI		hprd	724
ENSP00000262367	CREBBP	2390	PGLAVTMASSI		hprd	724
ENSP00000265354	SRF	160	LRRYTTFSKRK	CAMK2A	hprd	981
ENSP00000314414	AP2B1	79	MNYAKSQPDMA		hprd	899
ENSP00000254810	H3F3B	87	DLRFQSAAIGA		hprd	898
ENSP00000355778	H3F3A	87	DLRFQSAAIGA		hprd	898
ENSP00000262300	PKMYT1	60	PPAKGSIPISR		hprd	801
ENSP00000309103	BAD	153	TRVFQSWWDRN	PRKACA	hprd	629
ENSP00000218089	STAG2	1197	AIRRGTSLMED		hprd	554
ENSP00000218089	STAG2	23	ETHFSSDTDFE		hprd	554
ENSP00000218089	STAG2	1198	IRRGTSLMEDD		hprd	554
ENSP00000344220	PDPK1	33	MVRTQTESSTP	PDPK1	hprd	647
ENSP00000362372	BRWD3	1454	RKRLRSSSSSL		hprd	480
ENSP00000369860	MOSPD2	267	EDETSSKEDIE		hprd	740
ENSP00000369860	MOSPD2	261	NGPITSEDETS		hprd	740
ENSP00000377944	UTP14A	51	LLEAISSLDGK		hprd	416
ENSP00000229758	FBXO5	16	RPPRCSCSASP		hprd	829
ENSP00000254029	WDR44	464	DEVFHTDQDDP		hprd	542
ENSP00000254029	WDR44	310	DLASATSGDKI		hprd	542
ENSP00000254029	WDR44	456	INKVKSVRDEV		hprd	542
ENSP00000254029	WDR44	570	SQESLSSSKSD		hprd	542
