name	RPS6KB2
id	ENSP00000308413
type	Serine/threonine kinase
proline+1_removed	Yes
npartners	27
npartners_with_sites	25
nsites	59
//
motif	score	fg_matches	fg_size	bg_matches	bg_size	fold_increase
R.R..[ST].....	24.25	20	339	34	9383	16.28
..R..[ST].....	6.94	39	319	449	9349	2.55
//
prot_id	prot_name	position	flank	kinase	source	string_score
ENSP00000270202	AKT1	72	RPRPNTFIIRC	AKT1	psite	910
ENSP00000270202	AKT1	246	RERVFSEDRAR	AKT1	psite	910
ENSP00000375892	AKT2	458	PDRYDSLGLLE		psite	817
ENSP00000308176	BTK	51	RGRRGSKKGSI		psite	619
ENSP00000308176	BTK	495	RHRFQTQQLLE		psite	619
ENSP00000263026	EEF2K	366	QVRTLSGSRPP	RPS6KA1;RPS6KB1;RPS6KB2	psite	925
ENSP00000263026	EEF2K	377	LLRPLSENSGD	MAPKAPK2;MAPKAPK3	hprd;pelm;psite	925
ENSP00000262056	EIF4B	131	LPREPSNPERL		hprd;psite	889
ENSP00000262056	EIF4B	205	RARPATDSFDD		psite	889
ENSP00000262056	EIF4B	230	RDRYDSDRYRD		psite	889
ENSP00000262056	EIF4B	359	STRAASIFGGA		hprd;psite	889
ENSP00000262056	EIF4B	406	RERHPSWRSEE		hprd;pelm;psite	889
ENSP00000262056	EIF4B	418	QERERSRTGSE		psite	889
ENSP00000262056	EIF4B	420	RERSRTGSESS		hprd;psite	889
ENSP00000262056	EIF4B	422	RSRTGSESSQT	RPS6KA1;RPS6KB1	hprd;pelm;psite	889
ENSP00000262056	EIF4B	442	ARRRESEKSLE		hprd;psite	889
ENSP00000262056	EIF4B	497	PARSQSSDTEQ		hprd;pelm;psite	889
ENSP00000354558	MTOR	1821	KLRHASGANIT		psite	967
ENSP00000354558	MTOR	2444	NKRSRTRTDSY		hprd;psite	967
ENSP00000354558	MTOR	2446	RSRTRTDSYSA	AKT1;RPS6KB1	hprd;pelm;psite	967
ENSP00000354558	MTOR	2448	RTRTDSYSAGQ	AKT1;RPS6KB1	hprd;pelm;psite	967
ENSP00000263253	EP300	89	LLRSGSSPNLN	PRKAA1;PRKCA;PRKCD	hprd;pelm;psite	619
ENSP00000263253	EP300	1295	AKRLPSTRLGT		psite	619
ENSP00000263253	EP300	1834	RRRMASMQRTG	AKT1	hprd;pelm;psite	619
ENSP00000263253	EP300	2320	SPRPQSQPPHS		psite	619
ENSP00000344220	PDPK1	241	QARANSFVGTA	PDK1;PDPK1	hprd;pelm;psite	931
ENSP00000344220	PDPK1	410	PQRSGSNIEQY	PDK1;PDPK1	hprd;pelm;psite	931
ENSP00000306124	PRKCE	181	YLRQPTYCSHC		psite	634
ENSP00000306124	PRKCE	346	EDRSKSAPTSP	GSK3B	hprd;psite	634
ENSP00000307272	RPTOR	719	TPRLRSVSSYG	RPS6KA1	hprd;pelm;psite	412
ENSP00000307272	RPTOR	721	RLRSVSSYGNI	RPS6KA1	psite	412
ENSP00000307272	RPTOR	792	MRRASSYSSLN	PRKAA1	pelm;psite	412
ENSP00000307272	RPTOR	908	SGRPGTTGPAG	ICK	psite	412
ENSP00000262187	RHEB	130	MERVISYEEGK		psite	516
ENSP00000369757	RPS6	235	KRRRLSSLRAS	PAK2;PRKCD;RPS6KA1;RPS6KA3;RPS6KB1	hprd;pelm;psite	970
ENSP00000369757	RPS6	236	RRRLSSLRAST	PAK2;PRKCD;RPS6KA1;RPS6KA3;RPS6KB1	hprd;pelm;psite	970
ENSP00000369757	RPS6	241	SLRASTSKSES		hprd;pelm;psite	970
ENSP00000252115	POLDIP3	383	PRRVNSASSSN	RPS6KB1	pelm;psite	627
ENSP00000350941	SRC	17	SQRRRSLEPAE	PRKACA	hprd;pelm;psite	625
ENSP00000350941	SRC	51	GHRGPSAAFAP		psite	625
ENSP00000364898	SYK	178	ISREESEQIVL		psite	619
ENSP00000364898	SYK	295	ISRIKSYSFPK	CHEK1	psite	619
ENSP00000298552	TSC1	487	ISRELSEITTA		psite	672
ENSP00000298552	TSC1	1100	LFRNKSESQCD		psite	672
ENSP00000219476	TSC2	937	SFRARSTSLNE		psite	686
ENSP00000219476	TSC2	939	RARSTSLNERP	AKT1	hprd;pelm;psite	686
ENSP00000219476	TSC2	946	NERPKSLRIAR		psite	686
ENSP00000219476	TSC2	981	RCRSISVSEHV	AKT1	hprd;pelm;psite	686
ENSP00000219476	TSC2	1130	RDRVRSMSGGH		hprd;psite	686
ENSP00000219476	TSC2	1132	RVRSMSGGHGL		hprd;pelm;psite	686
ENSP00000219476	TSC2	1338	YSRSSSVSSQE		hprd;pelm;psite	686
ENSP00000219476	TSC2	1364	IERVVSSEGGR		hprd;psite	686
ENSP00000219476	TSC2	1420	KARSQSGTLDG		hprd;pelm;psite	686
ENSP00000219476	TSC2	1454	SPRSPSGLRPR		psite	686
ENSP00000219476	TSC2	1462	RPRGYTISDSA	AKT1	hprd;pelm;psite	686
ENSP00000219476	TSC2	1798	RKRLISSVEDF	RPS6KA1	hprd;pelm;psite	686
ENSP00000306124	PRKCE	380	EHRAASSPDGQ		hprd	634
ENSP00000262056	EIF4B	311	DDRSWSSRDDY		hprd	889
ENSP00000344220	PDPK1	33	MVRTQTESSTP	PDPK1	hprd	931
