name	RPS6KA1
id	ENSP00000363277
type	Serine/threonine kinase
proline+1_removed	Yes
npartners	80
npartners_with_sites	71
nsites	308
//
motif	score	fg_matches	fg_size	bg_matches	bg_size	fold_increase
R.R..[ST].....	320.51	36	752	34	9383	13.21
..RR.[ST].....	23.02	17	716	15	9349	14.8
..R..[ST].....	8.93	71	699	434	9334	2.18
.....[ST]...S.	8.38	110	628	884	8900	1.76
.....[ST].P...	7.42	69	518	532	8016	2.01
//
prot_id	prot_name	position	flank	kinase	source	string_score
ENSP00000300161	YWHAB	60	GARRSSWRVIS	PRKCD	hprd;pelm;psite	657
ENSP00000340691	EIF4EBP1	36	PGDYSTTPGGT	RPS6KA5	hprd;pelm;psite	524
ENSP00000340691	EIF4EBP1	45	GTLFSTTPGGT	RPS6KA5	hprd;pelm;psite	524
ENSP00000340691	EIF4EBP1	77	PRDLPTIPGVT		hprd;psite	524
ENSP00000340691	EIF4EBP1	82	TIPGVTSPSSD		hprd;psite	524
ENSP00000269701	AKAP8	112	GGRGGSGGGGE		pelm;psite	801
ENSP00000269701	AKAP8	199	RFQDRSNPGTF		psite	801
ENSP00000269701	AKAP8	323	LARVDSEGDFS		hprd;pelm;psite	801
ENSP00000351926	AP2A1	234	AVSRLSRIVSS		psite	899
ENSP00000351926	AP2A1	636	GRRDPSSNDIN		hprd;psite	899
ENSP00000351926	AP2A1	652	TPSTVSTPSPS		hprd;pelm;psite	899
ENSP00000314414	AP2B1	249	VTPRLSHANSA		psite	899
ENSP00000292807	AP2M1	236	DETSKSGKQSI		hprd;psite	899
ENSP00000262053	ATF1	41	SESEESQDSSD	CSNK1A1;CSNK2A1	psite	463
ENSP00000262053	ATF1	47	QDSSDSIGSSQ	CSNK1A1;CSNK2A1	hprd;psite	463
ENSP00000262053	ATF1	63	LARRPSYRKIL	CAMK2G;CDK3;RPS6KA5	hprd;pelm;psite	463
ENSP00000262053	ATF1	197	QTVVMTSPVTL		hprd;pelm;psite	463
ENSP00000336790	ATF4	215	EEDTPSDNDSG		psite	831
ENSP00000336790	ATF4	245	GSPNRSLPSPG	RPS6KA3	pelm;psite	831
ENSP00000309103	BAD	71	AVEIRSRHSSY		psite	868
ENSP00000309103	BAD	75	RSRHSSYPAGT	ARAF;BRAF;PAK1;PIM3;PRKACA;PRKCE;PRKCI;PRKCQ;PRKD1;RAF1;RPS6KA1;RPS6KA3	hprd;pelm;psite	868
ENSP00000309103	BAD	97	PFRGRSRSAPP		psite	868
ENSP00000309103	BAD	99	RGRSRSAPPNL	AKT1;ARAF;BRAF;PAK1;PRKACA;PRKCE;PRKCI;PRKCQ;PRKD1;RAF1;RPS6KA3	hprd;pelm;psite	868
ENSP00000309103	BAD	118	ELRRMSDEFVD	ARAF;BRAF;PAK1;PRKACA;PRKCE;PRKCI;PRKD1;RAF1;RPS6KA1	hprd;pelm;psite	868
ENSP00000309103	BAD	134	LPRPKSAGTAT		hprd;psite	868
ENSP00000302530	BUB1	176	MITSKSNPGNN		psite	820
ENSP00000302530	BUB1	220	SKSEYSVHSSL		psite	820
ENSP00000302530	BUB1	314	EDLPASQERSE	ATM	hprd;pelm;psite	820
ENSP00000302530	BUB1	563	VSRLPSKPKEE		hprd;psite	820
ENSP00000302530	BUB1	589	IRCNKTLAPSP		hprd;pelm;psite	820
ENSP00000302530	BUB1	668	KQALSSHMYSA		psite	820
ENSP00000302530	BUB1	679	SLLRLSQPAAG		psite	820
ENSP00000302530	BUB1	755	LLSGLSKPVSS		hprd;psite	820
ENSP00000305422	CEBPB	223	SGSSGSLSTSS	GSK3B	psite	646
ENSP00000305422	CEBPB	325	LSRELSTLRNL	CAMK2A	hprd;pelm;psite	646
ENSP00000311847	CARHSP1	26	LDTPRSRERSP		hprd;psite	621
ENSP00000311847	CARHSP1	48	LPTRRTRTFSA		psite	621
ENSP00000311847	CARHSP1	50	TRRTRTFSATV		hprd;pelm;psite	621
ENSP00000311847	CARHSP1	52	RTRTFSATVRA	AKT1;RPS6KA1;SGK1	hprd;pelm;psite	621
ENSP00000311847	CARHSP1	54	RTFSATVRASQ		psite	621
ENSP00000262367	CREBBP	78	LLRGGSGSSIN		psite	897
ENSP00000262367	CREBBP	124	GKSPLSQGDSS		hprd;pelm;psite	897
ENSP00000262367	CREBBP	1072	SNGTASQSTSP		hprd;pelm;psite	897
ENSP00000262367	CREBBP	1382	SRFVDSGEMSE	CHUK	psite	897
ENSP00000262367	CREBBP	1578	ETTEGSQGDSK		psite	897
ENSP00000262367	CREBBP	2356	SPRPQSQPPHS		psite	897
ENSP00000387699	CREB1	98	LKRLFSGTQIS	PRKD1	psite	992
ENSP00000387699	CREB1	117	QESVDSVTDSQ		psite	992
ENSP00000387699	CREB1	129	RREILSRRPSY	GSK3B	hprd;pelm;psite	992
ENSP00000387699	CREB1	133	LSRRPSYRKIL	ATM;CAMK4;CAMKK1;DYRK3;MAP3K8;MAPKAPK2;PRKACA;PRKCE;PRKD1;RPS6KA1;RPS6KA2;RPS6KA3;RPS6KA4;RPS6KA5;SGK1;TSSK4	hprd;pelm;psite	992
ENSP00000387699	CREB1	270	GVVMASSPALP		hprd;pelm;psite	992
ENSP00000357804	THEM4	37	ELRSFSSEEVI		psite	408
ENSP00000286234	DEPTOR	259	DNRKSTSFMSV		psite	851
ENSP00000286234	DEPTOR	263	STSFMSVSPSK	CSNK1A1	psite	851
ENSP00000286234	DEPTOR	279	SAVRRSSMSSC		psite	851
ENSP00000286234	DEPTOR	280	AVRRSSMSSCG		psite	851
ENSP00000286234	DEPTOR	282	RRSSMSSCGSS		psite	851
ENSP00000286234	DEPTOR	283	RSSMSSCGSSG		psite	851
ENSP00000286234	DEPTOR	287	SSCGSSGYFSS	CSNK1A1;RPS6KA1;RPS6KB1	psite	851
ENSP00000286234	DEPTOR	295	FSSSPTLSSSP	MTOR	psite	851
ENSP00000286234	DEPTOR	298	SPTLSSSPPVL		psite	851
ENSP00000276297	DLC1	733	MVRKRSVSNST		psite	800
ENSP00000276297	DLC1	750	SQSETSSAVST		psite	800
ENSP00000276297	DLC1	842	NWRTGSFHGPG		psite	800
ENSP00000276297	DLC1	986	PERRDSGVGAS		hprd;psite	800
ENSP00000276297	DLC1	1244	LKRENSSPRVM	PRKD1	psite	800
ENSP00000391944	EEF1D	426	ENIQKSLAGSS		hprd;pelm;psite	621
ENSP00000391944	EEF1D	431	SLAGSSGPGAS		hprd;psite	621
ENSP00000391944	EEF1D	452	VVRIASLEVEN		hprd;psite	621
ENSP00000391944	EEF1D	484	NVLEKSSPGHR		hprd;psite	621
ENSP00000391944	EEF1D	495	ATAPQTQHVSP		hprd;pelm;psite	621
ENSP00000263026	EEF2K	27	GHDGDSDGDSD		hprd;psite	946
ENSP00000263026	EEF2K	66	SNLTKSERYSS		psite	946
ENSP00000263026	EEF2K	70	KSERYSSSGSP		hprd;psite	946
ENSP00000263026	EEF2K	135	LIKMASQPFGR		hprd;pelm;psite	946
ENSP00000263026	EEF2K	364	SPQVRTLSGSR		psite	946
ENSP00000263026	EEF2K	366	QVRTLSGSRPP	RPS6KA1;RPS6KB1;RPS6KB2	psite	946
ENSP00000263026	EEF2K	377	LLRPLSENSGD	MAPKAPK2;MAPKAPK3	hprd;pelm;psite	946
ENSP00000263026	EEF2K	392	DVTFDSLPSSP		psite	946
ENSP00000263026	EEF2K	395	FDSLPSSPSSA		psite	946
ENSP00000263026	EEF2K	441	ENSGDSGYPSE		psite	946
ENSP00000263026	EEF2K	470	NRKYESDEDSL		hprd;pelm;psite	946
ENSP00000263026	EEF2K	474	ESDEDSLGSSG	EEF2K	hprd;pelm;psite	946
ENSP00000262056	EIF4B	75	RSILPTAPRAA		hprd;psite	939
ENSP00000262056	EIF4B	131	LPREPSNPERL		hprd;psite	939
ENSP00000262056	EIF4B	205	RARPATDSFDD		psite	939
ENSP00000262056	EIF4B	230	RDRYDSDRYRD		psite	939
ENSP00000262056	EIF4B	272	DRGYDSRIGSG		psite	939
ENSP00000262056	EIF4B	340	NLKPRSTPKED		hprd;psite	939
ENSP00000262056	EIF4B	348	KEDDSSASTSQ		psite	939
ENSP00000262056	EIF4B	350	DDSSASTSQST		psite	939
ENSP00000262056	EIF4B	359	STRAASIFGGA		hprd;psite	939
ENSP00000262056	EIF4B	406	RERHPSWRSEE		hprd;pelm;psite	939
ENSP00000262056	EIF4B	418	QERERSRTGSE		psite	939
ENSP00000262056	EIF4B	420	RERSRTGSESS		hprd;psite	939
ENSP00000262056	EIF4B	422	RSRTGSESSQT	RPS6KA1;RPS6KB1	hprd;pelm;psite	939
ENSP00000262056	EIF4B	429	SSQTGTSTTSS		psite	939
ENSP00000262056	EIF4B	430	SQTGTSTTSSR		psite	939
ENSP00000262056	EIF4B	442	ARRRESEKSLE		hprd;psite	939
ENSP00000262056	EIF4B	462	CHSPTSKPPKP		hprd;pelm;psite	939
ENSP00000262056	EIF4B	489	WVKRSSNPPAR		hprd;psite	939
ENSP00000262056	EIF4B	497	PARSQSSDTEQ		hprd;pelm;psite	939
ENSP00000262056	EIF4B	500	SQSSDTEQQSP		hprd;pelm;psite	939
ENSP00000369981	SH3GL2	14	QFHKATQKVSE	ROCK2	psite	899
ENSP00000206249	ESR1	47	VYLDSSKPAVY		pelm;psite	978
ENSP00000206249	ESR1	102	FPPLNSVSPSP	GSK3B;MNAT1	hprd;pelm;psite	978
ENSP00000206249	ESR1	154	FYRPNSDNRRQ		pelm;psite	978
ENSP00000206249	ESR1	167	RERLASTNDKG	AKT1;AKT2;CSNK2A1;IKBKE;RPS6KA1;RPS6KA3;RPS6KB1	hprd;pelm;psite	978
ENSP00000206249	ESR1	236	KNRRKSCQACR	PRKACA	pelm;psite	978
ENSP00000206249	ESR1	305	RSKKNSLALSL	AKT1;PAK1;PRKACA	hprd;pelm;psite	978
ENSP00000311005	MAPK7	496	LRDGPSAPLEA	MAPK7	psite	903
ENSP00000311005	MAPK7	770	DGQADSASLSA		psite	903
ENSP00000311005	MAPK7	772	QADSASLSASL		psite	903
ENSP00000306245	FOS	362	AHRKGSSSNEP	PRKACA;RPS6KA1;RPS6KA3	hprd;pelm;psite	762
ENSP00000350757	GMFB	27	RFRKETNNAAI	PRKACA;RPS6KA1	hprd;pelm;psite	621
ENSP00000350757	GMFB	83	DDGRVSYPLCF	PRKACA	hprd;pelm;psite	621
ENSP00000254810	H3F3B	29	KAARKSAPSTG	AURKB;MAPK9;PRKACA	hprd;pelm;psite	491
ENSP00000355778	H3F3A	29	KAARKSAPSTG	AURKB;MAPK9;PRKACA	hprd;pelm;psite	491
ENSP00000254810	H3F3B	46	RYRPGTVALRE	DYRK1B;DYRK2;DYRK3	psite	491
ENSP00000355778	H3F3A	46	RYRPGTVALRE	DYRK1B;DYRK2;DYRK3	psite	491
ENSP00000309845	HRAS	35	DEYDPTIEDSY		pelm;psite	844
ENSP00000216797	NFKBIA	32	DDRHDSGLDSM	CHUK;CSNK2A1;IKBKB;IKBKE;RPS6KA1;RPS6KA3;SGK1	hprd;pelm;psite	978
ENSP00000262888	KCNN4	334	TRRKESHAARR		psite	425
ENSP00000264444	MXD1	145	RIRMDSIGSTV	AKT1;RPS6KA1;RPS6KB1	psite	919
ENSP00000385450	MAGI1	611	KDARPSSPADV		psite	620
ENSP00000385450	MAGI1	741	LERKDSQNSSQ		psite	620
ENSP00000385450	MAGI1	1457	PYKECSTDLSI		psite	620
ENSP00000355809	ENAH	125	LPRQNSQLPAQ		hprd;pelm;psite	621
ENSP00000355809	ENAH	265	RERRISSAAAP		psite	621
ENSP00000355809	ENAH	266	ERRISSAAAPA		psite	621
ENSP00000355809	ENAH	405	KLRKVSRMEDT		hprd;pelm;psite	621
ENSP00000355809	ENAH	410	SRMEDTSFPSG		hprd;pelm;psite	621
ENSP00000355809	ENAH	481	DSEPVTSKASS		psite	621
ENSP00000355809	ENAH	502	WERTNTMNGSK		hprd;pelm;psite	621
ENSP00000355809	ENAH	512	KSPVISRRDSP		psite	621
ENSP00000314441	METTL1	27	RQRAHSNPMAD	AKT1;RPS6KA1	hprd;psite	620
ENSP00000295600	MITF	157	ANQVLSLPCPN		hprd;psite	690
ENSP00000295600	MITF	502	VSPGASKTSSR		hprd;psite	690
ENSP00000261991	RPS6KA5	212	TERAYSFCGTI	RPS6KA5	pelm;psite	904
ENSP00000261991	RPS6KA5	691	WLQDGSQLSSN		psite	904
ENSP00000261991	RPS6KA5	695	GSQLSSNPLMT		psite	904
ENSP00000261991	RPS6KA5	758	TETRSSSSESS	CSNK2A1;RPS6KA5	pelm;psite	904
ENSP00000261991	RPS6KA5	759	ETRSSSSESSH	CSNK2A1	psite	904
ENSP00000333896	RPS6KA4	196	KERTFSFCGTI	MAP2K1;MAPK14;RPS6KA4	hprd;pelm;psite	902
ENSP00000333896	RPS6KA4	678	WLQDGSARSSP		hprd;psite	902
ENSP00000333896	RPS6KA4	737	KQKLRSATASR		hprd;psite	902
ENSP00000354558	MTOR	665	LVVGITDPDPD		psite	842
ENSP00000354558	MTOR	909	GMIDQSRDASA		psite	842
ENSP00000354558	MTOR	1162	HPIVRTLDQSP		hprd;pelm;psite	842
ENSP00000354558	MTOR	1821	KLRHASGANIT		psite	842
ENSP00000354558	MTOR	1870	LQKKVTEDLSK		psite	842
ENSP00000354558	MTOR	2444	NKRSRTRTDSY		hprd;psite	842
ENSP00000354558	MTOR	2446	RSRTRTDSYSA	AKT1;RPS6KB1	hprd;pelm;psite	842
ENSP00000354558	MTOR	2448	RTRTDSYSAGQ	AKT1;RPS6KB1	hprd;pelm;psite	842
ENSP00000354558	MTOR	2450	RTDSYSAGQSV		psite	842
ENSP00000354558	MTOR	2474	KKTGTTVPESI	MTOR	hprd;pelm;psite	842
ENSP00000262300	PKMYT1	48	RPRGLSRSLPP		hprd;psite	808
ENSP00000262300	PKMYT1	50	RGLSRSLPPPP		hprd;pelm;psite	808
ENSP00000262300	PKMYT1	454	TVGSTSTPRSR		hprd;psite	808
ENSP00000262300	PKMYT1	469	DALDLSDINSE		hprd;pelm;psite	808
ENSP00000262300	PKMYT1	473	LSDINSEPPRG		hprd;pelm;psite	808
ENSP00000262300	PKMYT1	479	EPPRGSFPSFE		hprd;psite	808
ENSP00000359074	L1CAM	1190	EKAFGSSQPSL		hprd;pelm;psite	959
ENSP00000359074	L1CAM	1191	KAFGSSQPSLN		hprd;pelm;psite	959
ENSP00000359074	L1CAM	1247	DSSGATSPINP		hprd;pelm;psite	959
ENSP00000228251	YBX3	14	TTTTTTLPQAP		hprd;psite	800
ENSP00000228251	YBX3	112	INRNDTKEDVF	CHEK1	psite	800
ENSP00000228251	YBX3	286	VHRNPTYRPRY		psite	800
ENSP00000228251	YBX3	293	RPRYRSRGPPR		psite	800
ENSP00000228251	YBX3	366	NPAPPTQQSSA		psite	800
ENSP00000384273	RELA	45	GRSAGSIPGER		psite	851
ENSP00000384273	RELA	276	QLRRPSDRELS	PIM1;PRKACA;RPS6KA4;RPS6KA5	hprd;pelm;psite	851
ENSP00000384273	RELA	281	SDRELSEPMEF		psite	851
ENSP00000384273	RELA	468	FTDLASVDNSE	GSK3B;IKBKB;IKBKE	pelm;psite	851
ENSP00000384273	RELA	505	ITRLVTGAQRP		pelm;psite	851
ENSP00000263980	SLC9A1	648	RQRLRSYNRHT	AKT1	psite	821
ENSP00000263980	SLC9A1	685	INNYLTVPAHK		psite	821
ENSP00000263980	SLC9A1	703	RARIGSDPLAY	AKT1;RPS6KA1	hprd;pelm;psite	821
ENSP00000263980	SLC9A1	766	GIMMRSKETSS	MAPK1	hprd;psite	821
ENSP00000263980	SLC9A1	770	RSKETSSPGTD	MAPK1	hprd;pelm;psite	821
ENSP00000263980	SLC9A1	783	FTPAPSDSPSS		hprd;pelm;psite	821
ENSP00000263980	SLC9A1	796	IQRCLSDPGPH	AKT1	psite	821
ENSP00000344479	NR4A2	125	VYYKPSSPPTP		psite	619
ENSP00000344479	NR4A2	347	RGRLPSKPKSP	RPS6KA1	hprd;psite	619
ENSP00000333122	NR4A3	387	RGRLPSKPKSP	RPS6KA1	hprd;psite	619
ENSP00000243050	NR4A1	351	RGRLPSKPKQP	AKT1	hprd;pelm;psite	620
ENSP00000228872	CDKN1B	83	EVEKGSLPEFY	CSNK2A1	pelm;psite	927
ENSP00000228872	CDKN1B	157	RKRPATDDSST	AKT1;PIM1;SGK1	hprd;pelm;psite	927
ENSP00000269305	TP53	149	QLWVDSTPPPG	CSNK2A1	psite	452
ENSP00000269305	TP53	211	LDDRNTFRHSV	AURKB	psite	452
ENSP00000269305	TP53	314	PNNTSSSPQPK	CDK2	hprd;psite	452
ENSP00000269305	TP53	366	GSRAHSSHLKS	CHEK2	hprd;psite	452
ENSP00000280154	PDCD4	67	RLRKNSSRDSG	AKT1;RPS6KB1	pelm;psite	669
ENSP00000280154	PDCD4	76	SGRGDSVSDSG		hprd;pelm;psite	669
ENSP00000280154	PDCD4	78	RGDSVSDSGSD		hprd;pelm;psite	669
ENSP00000280154	PDCD4	93	GLTVPTSPKGR		hprd;pelm;psite	669
ENSP00000280154	PDCD4	299	ALDKATVLLSM		psite	669
ENSP00000280154	PDCD4	313	GKRKDSVWGSG		hprd;psite	669
ENSP00000280154	PDCD4	457	RKRFVSEGDGG	AKT1	hprd;pelm;psite	669
ENSP00000344220	PDPK1	22	SVVLCSCPSPS		psite	652
ENSP00000344220	PDPK1	241	QARANSFVGTA	PDK1;PDPK1	hprd;pelm;psite	652
ENSP00000344220	PDPK1	394	SSSSSSHSLSA	MAP3K5	psite	652
ENSP00000344220	PDPK1	396	SSSSHSLSASD	PDK1;PDPK1	hprd;pelm;psite	652
ENSP00000344220	PDPK1	410	PQRSGSNIEQY	PDK1;PDPK1	hprd;pelm;psite	652
ENSP00000284601	PPP1R3A	46	PSRRGSDSSED	RPS6KA1;RPS6KA3	hprd;psite	637
ENSP00000284601	PPP1R3A	65	GTRRVSFADSF	RPS6KA3	hprd;pelm;psite	637
ENSP00000361021	PTEN	229	IYSSNSGPTRR	ROCK1	pelm;psite	416
ENSP00000361021	PTEN	385	SDTTDSDPENE	AKT1;CSNK2A1	hprd;pelm;psite	416
ENSP00000262187	RHEB	130	MERVISYEEGK		psite	435
ENSP00000262187	RHEB	175	MDGAASQGKSS		psite	435
ENSP00000368884	RPS6KA3	386	LFRGFSFVAIT		hprd;pelm;psite	902
ENSP00000368884	RPS6KA3	392	FVAITSDDESQ		psite	902
ENSP00000369757	RPS6	78	VRLLLSKGHSC		hprd;pelm;psite	969
ENSP00000369757	RPS6	128	GLTDTTVPRRL		psite	969
ENSP00000369757	RPS6	235	KRRRLSSLRAS	PAK2;PRKCD;RPS6KA1;RPS6KA3;RPS6KB1	hprd;pelm;psite	969
ENSP00000369757	RPS6	236	RRRLSSLRAST	PAK2;PRKCD;RPS6KA1;RPS6KA3;RPS6KB1	hprd;pelm;psite	969
ENSP00000369757	RPS6	240	SSLRASTSKSE	PAK2;RPS6KB1	hprd;pelm;psite	969
ENSP00000369757	RPS6	241	SLRASTSKSES		hprd;pelm;psite	969
ENSP00000369757	RPS6	242	LRASTSKSESS	PAK2	hprd;pelm;psite	969
ENSP00000265960	MAPKAP1	84	GIRRRSNTAQR		psite	438
ENSP00000265960	MAPKAP1	86	RRRSNTAQRLE		psite	438
ENSP00000265960	MAPKAP1	510	LNRRTSFSFQK		hprd;pelm;psite	438
ENSP00000265354	SRF	79	ALYSGSEGDSE	CSNK2A1	hprd;pelm;psite	793
ENSP00000265354	SRF	103	LKRSLSEMEIG	CAMK2A;MAPKAPK2;RPS6KA1;RPS6KA5	hprd;pelm;psite	793
ENSP00000265354	SRF	159	KLRRYTTFSKR	DMPK;PRKACA;PRKCA;PRKG1	pelm;psite	793
ENSP00000265354	SRF	251	LTYQVSESDSS		psite	793
ENSP00000265354	SRF	435	VLNAFSQAPST	PRKDC	hprd;pelm;psite	793
ENSP00000364898	SYK	178	ISREESEQIVL		psite	647
ENSP00000364898	SYK	295	ISRIKSYSFPK	CHEK1	psite	647
ENSP00000364898	SYK	297	RIKSYSFPKPG		hprd;pelm;psite	647
ENSP00000268957	TOB1	204	NKVARTSPINL		hprd;psite	627
ENSP00000298552	TSC1	360	MTTPPTSPGNV		psite	973
ENSP00000298552	TSC1	487	ISRELSEITTA		psite	973
ENSP00000298552	TSC1	511	PFYRDSLPGSQ	IKBKB	hprd;pelm;psite	973
ENSP00000298552	TSC1	521	QRKTHSAASSS		psite	973
ENSP00000298552	TSC1	1046	SSSELSTPEKP		psite	973
ENSP00000298552	TSC1	1100	LFRNKSESQCD		psite	973
ENSP00000219476	TSC2	937	SFRARSTSLNE		psite	998
ENSP00000219476	TSC2	939	RARSTSLNERP	AKT1	hprd;pelm;psite	998
ENSP00000219476	TSC2	946	NERPKSLRIAR		psite	998
ENSP00000219476	TSC2	981	RCRSISVSEHV	AKT1	hprd;pelm;psite	998
ENSP00000219476	TSC2	1096	GPESSSSPGVH		hprd;pelm;psite	998
ENSP00000219476	TSC2	1130	RDRVRSMSGGH		hprd;psite	998
ENSP00000219476	TSC2	1132	RVRSMSGGHGL		hprd;pelm;psite	998
ENSP00000219476	TSC2	1254	LYKSLSVPAAS	MAPKAPK2	hprd;pelm;psite	998
ENSP00000219476	TSC2	1337	AYSRSSSVSSQ		hprd;pelm;psite	998
ENSP00000219476	TSC2	1338	YSRSSSVSSQE		hprd;pelm;psite	998
ENSP00000219476	TSC2	1364	IERVVSSEGGR		hprd;psite	998
ENSP00000219476	TSC2	1371	EGGRPSVDLSF		psite	998
ENSP00000219476	TSC2	1375	PSVDLSFQPSQ		psite	998
ENSP00000219476	TSC2	1379	LSFQPSQPLSK		psite	998
ENSP00000219476	TSC2	1383	PSQPLSKSSSS		psite	998
ENSP00000219476	TSC2	1387	LSKSSSSPELQ		hprd;pelm;psite	998
ENSP00000219476	TSC2	1420	KARSQSGTLDG		hprd;pelm;psite	998
ENSP00000219476	TSC2	1448	GPLPSSSPRSP		hprd;pelm;psite	998
ENSP00000219476	TSC2	1454	SPRSPSGLRPR		psite	998
ENSP00000219476	TSC2	1462	RPRGYTISDSA	AKT1	hprd;pelm;psite	998
ENSP00000219476	TSC2	1761	EEAAYSNPSLP		psite	998
ENSP00000219476	TSC2	1764	AYSNPSLPLVH		psite	998
ENSP00000219476	TSC2	1798	RKRLISSVEDF	RPS6KA1	hprd;pelm;psite	998
ENSP00000245932	VASP	157	IERRVSNAGGP	PRKACA;PRKCA;PRKG1	hprd;pelm;psite	675
ENSP00000245932	VASP	239	KLRKVSKQEEA	PRKACA;PRKG1	hprd;pelm;psite	675
ENSP00000245932	VASP	249	ASGGPTAPKAE		hprd;psite	675
ENSP00000245932	VASP	278	RRRKATQVGEK	PRKAA1;PRKACA;PRKG1;RPS6KA1	hprd;pelm;psite	675
ENSP00000245932	VASP	316	EKNSTTLPRMK		hprd;psite	675
ENSP00000245932	VASP	322	LPRMKSSSSVT		hprd;pelm;psite	675
ENSP00000245932	VASP	325	MKSSSSVTTSE		hprd;psite	675
ENSP00000361626	YBX1	80	INRNDTKEDVF	CHEK1	psite	922
ENSP00000361626	YBX1	176	NEGSESAPEGQ		hprd;pelm;psite	922
ENSP00000361626	YBX1	209	RRPQYSNPPVQ		psite	922
ENSP00000361626	YBX1	314	PAENSSAPEAE		hprd;pelm;psite	922
ENSP00000314709	ZHX2	713	VARKATKPMAE		psite	427
ENSP00000265354	SRF	228	DSPPRSDPTTD		hprd;pelm	793
ENSP00000262053	ATF1	183	TYQIRTTPSAT		hprd;pelm	463
ENSP00000300161	YWHAB	132	YFRYLSEVASG	PRKCZ	hprd;pelm	657
ENSP00000219476	TSC2	1334	RTDAYSRSSSV		hprd;pelm	998
ENSP00000340691	EIF4EBP1	8	GGSSCSQTPSR	ATM	pelm	524
ENSP00000262367	CREBBP	2078	TLKSPSSPQQQ		hprd;pelm	897
ENSP00000262367	CREBBP	302	LASKQSMVNSL	CAMK4;CAMKK1	hprd;pelm	897
ENSP00000359074	L1CAM	1244	GGNDSSGATSP		hprd;pelm	959
ENSP00000333896	RPS6KA4	681	DGSARSSPPLR		hprd;pelm	902
ENSP00000295600	MITF	399	RAHGLSLIPST	GSK3B	hprd;pelm	690
ENSP00000355809	ENAH	541	KSTPLSQPSAN		hprd;pelm	621
ENSP00000302530	BUB1	608	AAQLASTPFHK		hprd;pelm	820
ENSP00000391944	EEF1D	491	PGHRATAPQTQ		hprd	621
ENSP00000243050	NR4A1	341	VVRTDSLKGRR		hprd	620
ENSP00000243050	NR4A1	201	TGPSPSLAQSP		hprd	620
ENSP00000384273	RELA	543	ADMDFSALLSQ	CSNK2A1	hprd	851
ENSP00000359074	L1CAM	1159	KDKEDTQVDSE		hprd	959
ENSP00000262367	CREBBP	1771	ESRRLSIQRCI		hprd	897
ENSP00000262367	CREBBP	2390	PGLAVTMASSI		hprd	897
ENSP00000265354	SRF	160	LRRYTTFSKRK	CAMK2A	hprd	793
ENSP00000314414	AP2B1	79	MNYAKSQPDMA		hprd	899
ENSP00000351926	AP2A1	517	AGDPRSSPPVQ		hprd	899
ENSP00000254810	H3F3B	87	DLRFQSAAIGA		hprd	491
ENSP00000355778	H3F3A	87	DLRFQSAAIGA		hprd	491
ENSP00000354558	MTOR	1847	ASTEGSNSESE		hprd	842
ENSP00000300161	YWHAB	143	DNKQTTVSNSQ	PRKCZ	hprd	657
ENSP00000302530	BUB1	159	AQARTSEPLHN		hprd	820
ENSP00000302530	BUB1	440	TSSFHTTPNTS		hprd	820
ENSP00000262300	PKMYT1	60	PPAKGSIPISR		hprd	808
ENSP00000262056	EIF4B	27	AEDGGTGGGST		hprd	939
ENSP00000262056	EIF4B	35	GSTYVSKPVSW		hprd	939
ENSP00000262056	EIF4B	311	DDRSWSSRDDY		hprd	939
ENSP00000276297	DLC1	764	VTRTRSLSACN	AKT1	hprd	800
ENSP00000276297	DLC1	766	RTRSLSACNKR	AKT1	hprd	800
ENSP00000276297	DLC1	1004	RLRWHSFQSSH	AKT1	hprd	800
ENSP00000344220	PDPK1	33	MVRTQTESSTP	PDPK1	hprd	652
