name	SFN
id	ENSP00000340989
type	14-3-3 protein
proline+1_removed	
npartners	76
npartners_with_sites	65
nsites	352
//
motif	score	fg_matches	fg_size	bg_matches	bg_size	fold_increase
..RS.[ST].P...	625.07	13	1039	0	10000	Inf
..RR.[ST].....	315.24	22	835	18	9383	13.73
R.R..[ST].....	314.52	26	813	31	9365	9.66
.....[ST]P....	307.65	191	1026	617	10000	3.02
..R..[ST].....	307.65	97	787	434	9334	2.65
//
prot_id	prot_name	position	flank	kinase	source	string_score
ENSP00000309503	YWHAZ	58	GARRSSWRVVS	AKT1;MAPKAPK2;PRKACA	hprd;pelm;psite	NA
ENSP00000309503	YWHAZ	63	SWRVVSSIEQK		psite	NA
ENSP00000309503	YWHAZ	184	YEILNSPEKAC	AKT1;MAPK8	hprd;pelm;psite	NA
ENSP00000361423	ABL1	69	AARWNSKENLL		hprd;psite	NA
ENSP00000361423	ABL1	197	HYRINTASDGK	LATS2	psite	NA
ENSP00000361423	ABL1	248	TVYGVSPNYDK		hprd;psite	NA
ENSP00000361423	ABL1	408	LSRLMTGDTYT		psite	NA
ENSP00000361423	ABL1	588	HEPAVSPLLPR	CDK1	hprd;pelm;psite	NA
ENSP00000361423	ABL1	632	KKTAPTPPKRS		hprd;psite	NA
ENSP00000361423	ABL1	639	PKRSSSFREMD		hprd;psite	NA
ENSP00000361423	ABL1	678	ADPAKSPKPSN		hprd;psite	NA
ENSP00000361423	ABL1	702	GSGFRSPHLWK		hprd;psite	NA
ENSP00000361423	ABL1	719	SSRLATGEEEG		psite	NA
ENSP00000361423	ABL1	737	FLRSCSASCVP		hprd;psite	NA
ENSP00000361423	ABL1	754	EWRSVTLPRDL	CLK1;CLK4;MAP3K8;STK3;STK4;TTK	hprd;pelm;psite	NA
ENSP00000361423	ABL1	800	TRGTVTPPPRL		hprd;psite	NA
ENSP00000361423	ABL1	824	DIMESSPGSSP		hprd;psite	NA
ENSP00000361423	ABL1	828	SSPGSSPPNLT		hprd;psite	NA
ENSP00000361423	ABL1	833	SPPNLTPKPLR		hprd;psite	NA
ENSP00000361423	ABL1	842	LRRQVTVAPAS		psite	NA
ENSP00000361423	ABL1	863	GSALGTPAAAE		hprd;pelm;psite	NA
ENSP00000361423	ABL1	871	AAEPVTPTSKA		hprd;pelm;psite	NA
ENSP00000361423	ABL1	903	KHSSESPGRDK		psite	NA
ENSP00000361423	ABL1	936	GKPSQSPSQEA		hprd;pelm;psite	NA
ENSP00000361423	ABL1	996	SGTPISPAPVP		hprd;psite	NA
ENSP00000361423	ABL1	16	DQRRPSLPALH		psite	NA
ENSP00000270202	AKT1	72	RPRPNTFIIRC	AKT1	psite	NA
ENSP00000270202	AKT1	124	DFRSGSPSDNS		hprd;pelm;psite	NA
ENSP00000270202	AKT1	246	RERVFSEDRAR	AKT1	psite	NA
ENSP00000270202	AKT1	312	KTFCGTPEYLA		psite	NA
ENSP00000270202	AKT1	450	QMITITPPDQD	MTOR	hprd;pelm;psite	NA
ENSP00000371734	KANK1	70	KRRKPSVPCPE		psite	NA
ENSP00000371734	KANK1	186	RPRLASFGGMG		psite	NA
ENSP00000371734	KANK1	242	SSIRHSPLSSG		psite	NA
ENSP00000371734	KANK1	256	PVTNVSPMHLQ		psite	NA
ENSP00000371734	KANK1	323	GVRKRSYSAGN		hprd;pelm;psite	NA
ENSP00000371734	KANK1	325	RKRSYSAGNAS		hprd;pelm;psite	NA
ENSP00000351908	MAP3K5	83	RGRGSSVGGGS	AKT1;AKT2;PIM1	hprd;pelm;psite	NA
ENSP00000351908	MAP3K5	966	YLRSISLPVPV	MAP3K5;PDPK1	hprd;pelm;psite	NA
ENSP00000351908	MAP3K5	986	EYGSVSPDTEL		psite	NA
ENSP00000351908	MAP3K5	1033	HSAPPSPEEKD		hprd;pelm;psite	NA
ENSP00000278616	ATM	794	NCTKKSPNKIA	CDK5	psite	NA
ENSP00000278616	ATM	1878	CLRHFSQTSRS		psite	NA
ENSP00000278616	ATM	1885	TSRSTTPANLD	ATM	psite	NA
ENSP00000278616	ATM	2996	CKRNLSDIDQS	ATM	hprd;psite	NA
ENSP00000309103	BAD	25	RGLGPSPAGDG		hprd;psite	NA
ENSP00000309103	BAD	75	RSRHSSYPAGT	ARAF;BRAF;PAK1;PIM3;PRKACA;PRKCE;PRKCI;PRKCQ;PRKD1;RAF1;RPS6KA1;RPS6KA3	hprd;pelm;psite	NA
ENSP00000309103	BAD	91	MGEEPSPFRGR	CDK1	psite	NA
ENSP00000309103	BAD	97	PFRGRSRSAPP		psite	NA
ENSP00000309103	BAD	99	RGRSRSAPPNL	AKT1;ARAF;BRAF;PAK1;PRKACA;PRKCE;PRKCI;PRKCQ;PRKD1;RAF1;RPS6KA3	hprd;pelm;psite	NA
ENSP00000309103	BAD	118	ELRRMSDEFVD	ARAF;BRAF;PAK1;PRKACA;PRKCE;PRKCI;PRKD1;RAF1;RPS6KA1	hprd;pelm;psite	NA
ENSP00000309103	BAD	134	LPRPKSAGTAT		hprd;psite	NA
ENSP00000293288	BAX	87	AVDTDSPREVF		hprd;psite	NA
ENSP00000303507	BCR	122	PDGEGSPGKAR		hprd;pelm;psite	NA
ENSP00000303507	BCR	130	KARPGTARRPG		psite	NA
ENSP00000303507	BCR	202	SDRISSLGSQA		psite	NA
ENSP00000303507	BCR	215	MERKKSQHGAG		psite	NA
ENSP00000303507	BCR	235	PYRGRSSESSC		psite	NA
ENSP00000303507	BCR	301	LLRSQSTSEQE		psite	NA
ENSP00000303507	BCR	317	PRRSYSPRSFE		hprd;psite	NA
ENSP00000303507	BCR	354	QSSRVSPSPTT		hprd;psite	NA
ENSP00000303507	BCR	356	SRVSPSPTTYR		hprd;psite	NA
ENSP00000303507	BCR	432	DGSFGTPPGYG		psite	NA
ENSP00000303507	BCR	459	PYIDDSPSSSP		hprd;pelm;psite	NA
ENSP00000303507	BCR	463	DSPSSSPHLSS		hprd;pelm;psite	NA
ENSP00000303507	BCR	693	INEEITPRRQS		psite	NA
ENSP00000303507	BCR	698	TPRRQSMTVKK		psite	NA
ENSP00000303507	BCR	906	KEDDESPGLYG		psite	NA
ENSP00000303507	BCR	1049	PSRKQTGVFGV		psite	NA
ENSP00000264033	CBL	452	AEGAPSPNYDD		hprd;pelm;psite	NA
ENSP00000264033	CBL	483	VERPPSPFSMA		hprd;psite	NA
ENSP00000264033	CBL	568	RPLPCTPGDCP		psite	NA
ENSP00000264033	CBL	639	VPRLGSTFSLD	PRKCA	hprd;psite	NA
ENSP00000264033	CBL	702	DTEYMTPSSRP		psite	NA
ENSP00000264033	CBL	791	ARRTLSDISNA		psite	NA
ENSP00000264033	CBL	833	PRRINSERKAG		psite	NA
ENSP00000264033	CBL	900	FVSISSPAHVA		hprd;pelm;psite	NA
ENSP00000265872	CCAR1	151	KQRVFTGVVTK		psite	NA
ENSP00000265872	CCAR1	287	PVRIVSQPQPA		psite	NA
ENSP00000265872	CCAR1	329	RERRRSRERSP		pelm;psite	NA
ENSP00000265872	CCAR1	333	RSRERSPQRKR		hprd;pelm;psite	NA
ENSP00000265872	CCAR1	339	PQRKRSRERSP		pelm;psite	NA
ENSP00000265872	CCAR1	343	RSRERSPRRER		pelm;psite	NA
ENSP00000265872	CCAR1	454	VMLMASPSMED		psite	NA
ENSP00000265872	CCAR1	627	AKEISTPTHWS		hprd;pelm;psite	NA
ENSP00000265872	CCAR1	832	PKRRKSGDDKD		psite	NA
ENSP00000256442	CCNB1	116	KEEKLSPEPIL		pelm;psite	NA
ENSP00000256442	CCNB1	126	LVDTASPSPME	CDK1;MAPK1;PLK1	hprd;pelm;psite	NA
ENSP00000256442	CCNB1	128	DTASPSPMETS	CDK1;MAPK1;PLK1	hprd;pelm;psite	NA
ENSP00000288207	CCNB2	8	LLRRPTVSSDL		psite	NA
ENSP00000288207	CCNB2	92	APKGPSPTPED		hprd;pelm;psite	NA
ENSP00000288207	CCNB2	94	KGPSPTPEDVS		hprd;pelm;psite	NA
ENSP00000288207	CCNB2	392	VKDLASPLIGR		hprd;psite	NA
ENSP00000245960	CDC25B	42	HGLLGSPVRAA		psite	NA
ENSP00000245960	CDC25B	50	RAAASSPVTTL		psite	NA
ENSP00000245960	CDC25B	151	IRRFQSMPVRL		psite	NA
ENSP00000245960	CDC25B	160	RLLGHSPVLRN	CDK1	hprd;pelm;psite	NA
ENSP00000245960	CDC25B	167	VLRNITNSQAP		psite	NA
ENSP00000245960	CDC25B	178	DGRRKSEAGSG		psite	NA
ENSP00000245960	CDC25B	230	AQRPSSAPDLM	CHEK1	pelm;psite	NA
ENSP00000245960	CDC25B	238	DLMCLSPDRKM		psite	NA
ENSP00000245960	CDC25B	249	EVEELSPLALG	MAPK11	pelm;psite	NA
ENSP00000245960	CDC25B	321	QRLFRSPSMPC	CDK1;MELK	hprd;psite	NA
ENSP00000245960	CDC25B	323	LFRSPSMPCSV	MAPKAPK2;MELK	pelm;psite	NA
ENSP00000245960	CDC25B	353	NKRRRSVTPPE	AURKA;MAPKAPK2;RPS6KA1	hprd;pelm;psite	NA
ENSP00000245960	CDC25B	355	RRRSVTPPEEQ	RPS6KA1	hprd;pelm;psite	NA
ENSP00000245960	CDC25B	375	VLRSKSLCHDE	BRSK1;MAPKAPK2	hprd;pelm;psite	NA
ENSP00000245960	CDC25B	470	SFLLKSPIAPC		psite	NA
ENSP00000245960	CDC25B	115	GLCMDSPSPMD	MAPK8	psite	NA
ENSP00000245960	CDC25B	117	CMDSPSPMDPH	MAPK8	psite	NA
ENSP00000265741	CDK14	60	VQRTQSTFDPF		psite	NA
ENSP00000265741	CDK14	77	VKRVHSENNAC		hprd;psite	NA
ENSP00000265741	CDK14	101	KVRRHSSPSSP		hprd;psite	NA
ENSP00000265741	CDK14	102	VRRHSSPSSPT		psite	NA
ENSP00000265741	CDK14	105	HSSPSSPTSPK		psite	NA
ENSP00000265741	CDK14	108	PSSPTSPKFGK		hprd;psite	NA
ENSP00000356641	RFWD2	387	DSRTASQLDEF	ATM	psite	NA
ENSP00000304102	COPS6	60	WIRMRSQEGRP	AKT1	psite	NA
ENSP00000337439	DACT1	237	VCRSLSTPQFN	PRKACA	psite	NA
ENSP00000337439	DACT1	827	ILRFRSGSLKL	PRKACA	psite	NA
ENSP00000264709	DNMT3A	105	QPEEGSPAGGQ		hprd;pelm;psite	NA
ENSP00000264709	DNMT3A	138	ENGCCTPKEGR		psite	NA
ENSP00000264709	DNMT3A	243	KVEEASPPAVQ		hprd;psite	NA
ENSP00000264709	DNMT3A	255	PTDPASPTVAT		hprd;psite	NA
ENSP00000264709	DNMT3A	261	PTVATTPEPVG		hprd;psite	NA
ENSP00000275493	EGFR	511	CHALCSPEGCW		psite	NA
ENSP00000275493	EGFR	678	IVRKRTLRRLL	PKN1;PKN3;PRKCA;PRKCD	hprd;pelm;psite	NA
ENSP00000275493	EGFR	693	LVEPLTPSGEA	MAPK1;MAPK14;MAPK3	hprd;pelm;psite	NA
ENSP00000275493	EGFR	752	LREATSPKANK		psite	NA
ENSP00000275493	EGFR	991	RMHLPSPTDSN		hprd;pelm;psite	NA
ENSP00000275493	EGFR	1026	QGFFSSPSTSR	CDK1	hprd;pelm;psite	NA
ENSP00000275493	EGFR	1071	LQRYSSDPTGA	CAMK2G	hprd;pelm;psite	NA
ENSP00000275493	EGFR	1153	NSTFDSPAHWA		psite	NA
ENSP00000206249	ESR1	104	PLNSVSPSPLM	CDK2;GSK3B;MAPK1;MAPK3;MNAT1	hprd;pelm;psite	NA
ENSP00000206249	ESR1	106	NSVSPSPLMLL	CDK2;GSK3B;MAPK1;MAPK3;MNAT1	hprd;pelm;psite	NA
ENSP00000206249	ESR1	118	PPPQLSPFLQP	CDK2;CDK7;CHUK;GSK3B;MAPK1;MAPK14;MAPK3	hprd;pelm;psite	NA
ENSP00000206249	ESR1	154	FYRPNSDNRRQ		pelm;psite	NA
ENSP00000206249	ESR1	167	RERLASTNDKG	AKT1;AKT2;CSNK2A1;IKBKE;RPS6KA1;RPS6KA3;RPS6KB1	hprd;pelm;psite	NA
ENSP00000206249	ESR1	236	KNRRKSCQACR	PRKACA	pelm;psite	NA
ENSP00000206249	ESR1	294	ANLWPSPLMIK		pelm;psite	NA
ENSP00000311873	EXO1	376	WHRNYSPRPES		psite	NA
ENSP00000311873	EXO1	422	VKRPRSAELSE		hprd;pelm;psite	NA
ENSP00000311873	EXO1	475	KKSVSTPPRTR		psite	NA
ENSP00000311873	EXO1	598	FTRTISPPTLG		hprd;pelm;psite	NA
ENSP00000311873	EXO1	621	GDFSRTPSPSP		psite	NA
ENSP00000311873	EXO1	623	FSRTPSPSPST		hprd;psite	NA
ENSP00000311873	EXO1	639	RRKSDSPTSLP		hprd;psite	NA
ENSP00000311873	EXO1	815	CKKPLSPVRDN		psite	NA
ENSP00000311873	EXO1	824	DNIQLTPEAEE		psite	NA
ENSP00000257515	FAM189A2	275	RTRSKSDPVLH		psite	NA
ENSP00000231509	NR3C1	8	SKESLTPGREE		hprd;pelm;psite	NA
ENSP00000231509	NR3C1	45	KVSASSPSLAV		hprd;pelm;psite	NA
ENSP00000231509	NR3C1	134	LNRSTSVPENP		hprd;pelm;psite	NA
ENSP00000231509	NR3C1	203	EFSSGSPGKET	CDK5	hprd;pelm;psite	NA
ENSP00000231509	NR3C1	211	KETNESPWRSD	CDK5;MAPK14	hprd;pelm;psite	NA
ENSP00000231509	NR3C1	226	ENCLLSPLAGE	CDK5;MAPK1;MAPK11;MAPK14;MAPK3;MAPK8	hprd;pelm;psite	NA
ENSP00000231509	NR3C1	267	DLVLSSPSNVT		hprd;pelm;psite	NA
ENSP00000231509	NR3C1	404	RPDVSSPPSSS	GSK3B	psite	NA
ENSP00000264606	HDAC4	266	AERRSSPLLRR		hprd;psite	NA
ENSP00000264606	HDAC4	302	GSGPSSPNNSS	GSK3B	psite	NA
ENSP00000264606	HDAC4	339	VAREGSAAPLP		psite	NA
ENSP00000264606	HDAC4	467	LGRTQSAPLPQ	CAMK4;CAMKK1	hprd;pelm;psite	NA
ENSP00000264606	HDAC4	632	LSRAQSSPASA	CAMK4;CAMKK1	hprd;pelm;psite	NA
ENSP00000264606	HDAC4	633	SRAQSSPASAT		hprd;pelm;psite	NA
ENSP00000225983	HDAC5	54	GGGGGSPSPVE		psite	NA
ENSP00000225983	HDAC5	56	GGGSPSPVELR		psite	NA
ENSP00000225983	HDAC5	235	SGPPGTPPSYK		psite	NA
ENSP00000225983	HDAC5	280	AERRSSPLLRR	PRKACA	psite	NA
ENSP00000225983	HDAC5	499	LSRTQSSPLPQ	CAMK1;CAMK4;CAMKK1;PRKAA1;PRKAA2;PRKD1;PRKD2;PRKD3	hprd;pelm;psite	NA
ENSP00000225983	HDAC5	547	LPRQPTTHPEE		psite	NA
ENSP00000225983	HDAC5	662	LGRTQSSPAAP		psite	NA
ENSP00000225983	HDAC5	672	PGGMKSPPDQP		psite	NA
ENSP00000225983	HDAC5	756	LLYGTSPLNRQ		psite	NA
ENSP00000225983	HDAC5	1109	AAREHSPRPAE		psite	NA
ENSP00000080059	HDAC7	148	TVHPNSPGIPY		hprd;pelm;psite	NA
ENSP00000080059	HDAC7	220	LLRKESAPPSL	PRKD1	hprd;psite	NA
ENSP00000080059	HDAC7	322	GPILGSPHTPL		hprd;pelm;psite	NA
ENSP00000080059	HDAC7	325	LGSPHTPLFLP		hprd;pelm;psite	NA
ENSP00000080059	HDAC7	397	LSRTRSEPLPP	PRKD1	hprd;pelm;psite	NA
ENSP00000080059	HDAC7	521	GHRPLSRAQSS		psite	NA
ENSP00000080059	HDAC7	525	LSRAQSSPAAP	PRKD1	hprd;pelm;psite	NA
ENSP00000080059	HDAC7	526	SRAQSSPAAPA		hprd;pelm;psite	NA
ENSP00000080059	HDAC7	546	QARVLSSSETP		psite	NA
ENSP00000080059	HDAC7	550	LSSSETPARTL		psite	NA
ENSP00000408617	HDAC9	22	GLEPISPLDLR		psite	NA
ENSP00000408617	HDAC9	243	AERRSSPLLRR		psite	NA
ENSP00000408617	HDAC9	425	PLHPQSPLATK		psite	NA
ENSP00000408617	HDAC9	454	LNRTQSAPLPQ	CAMK1	psite	NA
ENSP00000313199	HNRNPD	83	GHSNSSPRHSE	GSK3B	hprd;pelm;psite	NA
ENSP00000313199	HNRNPD	190	FVGGLSPDTPE		hprd;pelm;psite	NA
ENSP00000313199	HNRNPD	193	GLSPDTPEEKI	CDK2	hprd;pelm;psite	NA
ENSP00000359424	CHUK	23	RERLGTGGFGN	AKT1;AKT2	hprd;pelm;psite	NA
ENSP00000364929	ING1	342	AEREASPADLP		hprd;psite	NA
ENSP00000167586	KRT14	33	SSRISSVLAGG		psite	NA
ENSP00000167586	KRT14	44	SCRAPSTYGGG		psite	NA
ENSP00000167586	KRT14	128	NDRLASYLDKV		psite	NA
ENSP00000308452	KRT17	97	NDRLASYLDKV		psite	NA
ENSP00000411397	MARK3	215	DTFCGSPPYAA	STK11	pelm;psite	NA
ENSP00000411397	MARK3	400	NSTGQSPHHKV		hprd;psite	NA
ENSP00000411397	MARK3	419	KQRRYSDHAGP		hprd;pelm;psite	NA
ENSP00000411397	MARK3	438	PKRSQTSTADS		psite	NA
ENSP00000411397	MARK3	469	GIAPASPMLGN		hprd;pelm;psite	NA
ENSP00000411397	MARK3	489	PERKKSSTVPS		psite	NA
ENSP00000411397	MARK3	507	MTRRNTYVCSE	PRKACA	pelm;psite	NA
ENSP00000411397	MARK3	536	IPDQRTPVAST		hprd;psite	NA
ENSP00000411397	MARK3	549	ISSAATPDRIR		hprd;pelm;psite	NA
ENSP00000411397	MARK3	576	ERRTATYNGPP		psite	NA
ENSP00000411397	MARK3	583	NGPPASPSLSH		hprd;pelm;psite	NA
ENSP00000411397	MARK3	591	LSHEATPLSQT		pelm;psite	NA
ENSP00000411397	MARK3	643	SSRNVSAEQKD		psite	NA
ENSP00000411397	MARK3	602	RSRGSTNLFSK	MARK3	psite	NA
ENSP00000417281	MDM2	164	VSRPSTSSRRR		psite	NA
ENSP00000417281	MDM2	172	RRRAISETEEN	AKT1;CSNK1D;DAPK3;MAPKAPK2;PIM1	hprd;pelm;psite	NA
ENSP00000417281	MDM2	192	RKRHKSDSISL	AKT1;DAPK3;PIM1	hprd;pelm;psite	NA
ENSP00000417281	MDM2	425	FEREETQDKEE	CSNK1D	psite	NA
ENSP00000356150	MDM4	96	SVKDPSPLYDM	CDK1	psite	NA
ENSP00000356150	MDM4	367	CRRTISAPVVR	AKT1;CHEK1;CHEK2	hprd;psite	NA
ENSP00000383199	NEDD4L	303	PGSRTSPQELS		psite	NA
ENSP00000383199	NEDD4L	318	RRLQITPDSNG		hprd;pelm;psite	NA
ENSP00000383199	NEDD4L	335	IQREPSSRLRS		psite	NA
ENSP00000383199	NEDD4L	340	SSRLRSCSVTD		psite	NA
ENSP00000383199	NEDD4L	342	RLRSCSVTDAV	PRKACA;SGK1	hprd;pelm;psite	NA
ENSP00000383199	NEDD4L	365	AGRARSSTVTG		psite	NA
ENSP00000383199	NEDD4L	367	RARSSTVTGGE	PRKACA;SGK1	pelm;psite	NA
ENSP00000383199	NEDD4L	446	IRRPRSLSSPT		hprd;pelm;psite	NA
ENSP00000383199	NEDD4L	448	RPRSLSSPTVT	PRKACA;SGK1	hprd;pelm;psite	NA
ENSP00000383199	NEDD4L	449	PRSLSSPTVTL		hprd;pelm;psite	NA
ENSP00000383199	NEDD4L	464	EGAKDSPVRRA		hprd;pelm;psite	NA
ENSP00000383199	NEDD4L	479	LSNPQSPQPSP		hprd;pelm;psite	NA
ENSP00000383199	NEDD4L	483	QSPQPSPYNSP		hprd;pelm;psite	NA
ENSP00000383199	NEDD4L	487	PSPYNSPKPQH		hprd;pelm;psite	NA
ENSP00000244741	CDKN1A	57	DFVTETPLEGD	GSK3B;MAPK1;MAPK14;MAPK8	hprd;pelm;psite	NA
ENSP00000244741	CDKN1A	98	RRPGTSPALLQ	MAP3K5	pelm;psite	NA
ENSP00000244741	CDKN1A	130	EQAEGSPGGPG	CDK2;CDK6;MAPK1;MAPK14;MAPK8	hprd;pelm;psite	NA
ENSP00000244741	CDKN1A	145	RKRRQTSMTDF	AKT1;DAPK3;PIM1;PIM2;PRKCA	hprd;pelm;psite	NA
ENSP00000244741	CDKN1A	146	KRRQTSMTDFY	AKT1;PIM1;PIM2;PRKCA	hprd;pelm;psite	NA
ENSP00000269305	TP53	33	ENNVLSPLPSQ	CDK5;CDK7;CDK9;MAPK14;PRKDC	hprd;pelm;psite	NA
ENSP00000269305	TP53	46	DDLMLSPDDIE	ATM;CDK5;DYRK2;HIPK2;MAPK14;PRKCD;PRKDC	hprd;pelm;psite	NA
ENSP00000269305	TP53	81	APAAPTPAAPA	MAPK8	hprd;psite	NA
ENSP00000269305	TP53	150	LWVDSTPPPGT	CSNK2A1	psite	NA
ENSP00000269305	TP53	315	NNTSSSPQPKK	AURKA;CDK1;CDK2;CDK9	hprd;pelm;psite	NA
ENSP00000269305	TP53	366	GSRAHSSHLKS	CHEK2	hprd;psite	NA
ENSP00000363921	PARD3	144	HVRRSSDPALI	MARK2	hprd;pelm;psite	NA
ENSP00000363921	PARD3	175	PTRWSTTAGFL		hprd;psite	NA
ENSP00000363921	PARD3	383	YSSRFSPDSQY		hprd;pelm;psite	NA
ENSP00000363921	PARD3	481	TSRDVTIGGSA		psite	NA
ENSP00000363921	PARD3	579	EDIVLTPDGTR		hprd;psite	NA
ENSP00000363921	PARD3	667	LRRSMSTEGNK		psite	NA
ENSP00000363921	PARD3	692	CNELKSPGSPP		hprd;pelm;psite	NA
ENSP00000363921	PARD3	695	LKSPGSPPGPE		hprd;pelm;psite	NA
ENSP00000363921	PARD3	715	RERRISHSLYS		hprd;pelm;psite	NA
ENSP00000363921	PARD3	728	EGLDESPSRNA		hprd;pelm;psite	NA
ENSP00000363921	PARD3	809	ADCSLSPDVDP		hprd;pelm;psite	NA
ENSP00000363921	PARD3	873	DQKAGSPSRDV	MARK2	hprd;pelm;psite	NA
ENSP00000363921	PARD3	1116	NARPQSPREGH		psite	NA
ENSP00000363921	PARD3	1139	RNSKPSPVDSN		psite	NA
ENSP00000363921	PARD3	1147	DSNRSTPSNHD		psite	NA
ENSP00000363921	PARD3	1178	RRRTYSFEQPW		psite	NA
ENSP00000363921	PARD3	1222	AQRQYSSLPRQ		psite	NA
ENSP00000363921	PARD3	1335	QDVPPSPSQVA		psite	NA
ENSP00000363921	PARD3	1347	LNRLQTPEKGR		psite	NA
ENSP00000265563	PRKAR2A	54	VLPAATPRQSL		hprd;pelm;psite	NA
ENSP00000265563	PRKAR2A	99	FNRRVSVCAET	PRKAR2A	hprd;pelm;psite	NA
ENSP00000265563	PRKAR2A	290	GERIITQGEKA		psite	NA
ENSP00000265563	PRKAR2A	350	KPRAASAYAVG		hprd;psite	NA
ENSP00000270861	PLK4	378	LRRAYSSDRSG		psite	NA
ENSP00000270861	PLK4	401	MERCHSAEMLS		hprd;psite	NA
ENSP00000270861	PLK4	421	NEERYSPTDNN		hprd;pelm;psite	NA
ENSP00000270861	PLK4	499	EYDSISPNRDF		hprd;psite	NA
ENSP00000270861	PLK4	591	TLRSITSPLVA		psite	NA
ENSP00000270861	PLK4	592	LRSITSPLVAH		hprd;psite	NA
ENSP00000270861	PLK4	665	ADRPPSPTDNI		psite	NA
ENSP00000270861	PLK4	817	SPKALSPPPSV		hprd;psite	NA
ENSP00000251849	RAF1	29	GSSCISPTIVQ	MAPK1	hprd;pelm;psite	NA
ENSP00000251849	RAF1	43	YQRRASDDGKL	PRKACA;PRKCA	hprd;pelm;psite	NA
ENSP00000251849	RAF1	234	QHRYSTPHAFT		psite	NA
ENSP00000251849	RAF1	244	TFNTSSPSSEG		hprd;psite	NA
ENSP00000251849	RAF1	257	SQRQRSTSTPN		hprd;pelm;psite	NA
ENSP00000251849	RAF1	259	RQRSTSTPNVH	AKT1;PRKACA;RAF1	hprd;pelm;psite	NA
ENSP00000251849	RAF1	260	QRSTSTPNVHM		hprd;pelm;psite	NA
ENSP00000251849	RAF1	285	AIRSHSESASP		psite	NA
ENSP00000251849	RAF1	289	HSESASPSALS	MAPK1;MAPK3	hprd;pelm;psite	NA
ENSP00000251849	RAF1	296	SALSSSPNNLS	MAPK1;MAPK3	hprd;pelm;psite	NA
ENSP00000251849	RAF1	301	SPNNLSPTGWS	MAPK1;MAPK3	hprd;pelm;psite	NA
ENSP00000251849	RAF1	310	WSQPKTPVPAQ		psite	NA
ENSP00000251849	RAF1	339	GQRDSSYYWEI	PAK1	hprd;pelm;psite	NA
ENSP00000251849	RAF1	357	STRIGSGSFGT		psite	NA
ENSP00000251849	RAF1	621	INRSASEPSLH	PRKACA;RAF1	hprd;pelm;psite	NA
ENSP00000251849	RAF1	642	CTLTTSPRLPV	MAPK1	hprd;pelm;psite	NA
ENSP00000349547	RASSF1	206	SVRRRTSFYLP	AURKA	hprd;psite	NA
ENSP00000349547	RASSF1	207	VRRRTSFYLPK	AURKA;AURKB;CDK4;PRKACA	psite	NA
ENSP00000349547	RASSF1	179	LVRPVSVPSSK	GSK3B	psite	NA
ENSP00000349547	RASSF1	201	PGRGTSVRRRT		psite	NA
ENSP00000349824	REPS2	461	RPRSRSYSSTS		psite	NA
ENSP00000349824	REPS2	463	RSRSYSSTSIE	CDK1	psite	NA
ENSP00000349824	REPS2	493	HSRASSLDLNK		psite	NA
ENSP00000349824	REPS2	544	LSRAPSQAAES		psite	NA
ENSP00000349824	REPS2	631	LARLNSELQQQ		psite	NA
ENSP00000326170	RFFL	150	RTRASTLSPDF		psite	NA
ENSP00000326170	RFFL	240	PGRRASLSDLT		hprd;pelm;psite	NA
ENSP00000296474	MST1R	1394	RPRPLSEPPRP	AKT1	pelm;psite	NA
ENSP00000383411	SAMSN1	23	PKRSSSFGNFD		hprd;psite	NA
ENSP00000383411	SAMSN1	34	RFRNNSLSKPD		hprd;psite	NA
ENSP00000383411	SAMSN1	74	KMRAISWTMKK		psite	NA
ENSP00000383411	SAMSN1	177	TDFTPSPYDTD		psite	NA
ENSP00000383411	SAMSN1	297	RRRLLSAAENF		psite	NA
ENSP00000365877	SUV39H1	391	AGLPGSPKKRV		hprd;pelm;psite	NA
ENSP00000323889	TRIM25	91	PADVWTPPARA		hprd;pelm;psite	NA
ENSP00000323889	TRIM25	100	RASAPSPNAQV		hprd;pelm;psite	NA
ENSP00000219476	TSC2	540	MARSLSPPPEL	MAPK1	hprd;pelm;psite	NA
ENSP00000219476	TSC2	664	TSGPLSPPTGP	MAPK1;MAPK3	hprd;pelm;psite	NA
ENSP00000219476	TSC2	927	LSFDDTPEKDS		hprd;pelm;psite	NA
ENSP00000219476	TSC2	937	SFRARSTSLNE		psite	NA
ENSP00000219476	TSC2	939	RARSTSLNERP	AKT1	hprd;pelm;psite	NA
ENSP00000219476	TSC2	946	NERPKSLRIAR		psite	NA
ENSP00000219476	TSC2	960	QGLNNSPPVKE		psite	NA
ENSP00000219476	TSC2	981	RCRSISVSEHV	AKT1	hprd;pelm;psite	NA
ENSP00000219476	TSC2	1097	PESSSSPGVHV		hprd;pelm;psite	NA
ENSP00000219476	TSC2	1130	RDRVRSMSGGH		hprd;psite	NA
ENSP00000219476	TSC2	1132	RVRSMSGGHGL		hprd;pelm;psite	NA
ENSP00000219476	TSC2	1155	LGSATSPGPRT		hprd;pelm;psite	NA
ENSP00000219476	TSC2	1338	YSRSSSVSSQE		hprd;pelm;psite	NA
ENSP00000219476	TSC2	1364	IERVVSSEGGR		hprd;psite	NA
ENSP00000219476	TSC2	1388	SKSSSSPELQT		hprd;pelm;psite	NA
ENSP00000219476	TSC2	1411	DVGRLSPEVKA		hprd;pelm;psite	NA
ENSP00000219476	TSC2	1420	KARSQSGTLDG		hprd;pelm;psite	NA
ENSP00000219476	TSC2	1449	PLPSSSPRSPS		hprd;pelm;psite	NA
ENSP00000219476	TSC2	1452	SSSPRSPSGLR		hprd;pelm;psite	NA
ENSP00000219476	TSC2	1454	SPRSPSGLRPR		psite	NA
ENSP00000219476	TSC2	1462	RPRGYTISDSA	AKT1	hprd;pelm;psite	NA
ENSP00000219476	TSC2	1798	RKRLISSVEDF	RPS6KA1	hprd;pelm;psite	NA
ENSP00000219476	TSC2	1304	VMEEGSPGEVP		psite	NA
ENSP00000248673	ZFP36	41	GPWSLSPSDSS		psite	NA
ENSP00000248673	ZFP36	46	SPSDSSPSGVT		psite	NA
ENSP00000248673	ZFP36	60	PGRSTSLVEGR	MAPKAPK2	hprd;psite	NA
ENSP00000248673	ZFP36	88	LGPELSPSPTS		pelm;psite	NA
ENSP00000248673	ZFP36	90	PELSPSPTSPT		psite	NA
ENSP00000248673	ZFP36	93	SPSPTSPTATS		psite	NA
ENSP00000248673	ZFP36	106	PSRYKTELCRT		psite	NA
ENSP00000248673	ZFP36	197	SGRRTSPPPPG		pelm;psite	NA
ENSP00000248673	ZFP36	218	FSPSSSPPPPG		pelm;psite	NA
ENSP00000248673	ZFP36	228	GDLPLSPSAFS	MAPK1	hprd;pelm;psite	NA
ENSP00000248673	ZFP36	238	SAAPGTPLARR		psite	NA
ENSP00000248673	ZFP36	257	SCRRATPISVW		psite	NA
ENSP00000248673	ZFP36	271	GGLVRTPSVQS		psite	NA
ENSP00000248673	ZFP36	273	LVRTPSVQSLG		psite	NA
ENSP00000248673	ZFP36	296	LGGSDSPVFEA		pelm;psite	NA
ENSP00000344818	UBC	57	DGRTLSDYNIQ		hprd;psite	NA
ENSP00000364929	ING1	318	DGASGTPKEKK		hprd	NA
ENSP00000411397	MARK3	391	KVRPSSDLNNS		hprd	NA
ENSP00000264709	DNMT3A	75	AVISKSPSMAQ		hprd	NA
ENSP00000363921	PARD3	1176	EDRRRTYSFEQ		hprd	NA
