name	SGK1
id	ENSP00000356832
type	Serine/threonine kinase
proline+1_removed	Yes
npartners	96
npartners_with_sites	82
nsites	240
//
motif	score	fg_matches	fg_size	bg_matches	bg_size	fold_increase
R.RT.[ST].....	328.27	11	904	1	9383	114.17
..RR.[ST].....	319.67	28	893	18	9382	16.34
R.R..[ST].....	315.24	26	865	30	9364	9.38
..R.R[ST].....	19.19	23	839	34	9334	7.53
.....[ST]...S.	11.35	146	816	929	9300	1.79
//
prot_id	prot_name	position	flank	kinase	source	string_score
ENSP00000288602	BRAF	119	SASMDTVTSSS		hprd;psite	621
ENSP00000288602	BRAF	147	TDVARSNPKSP	BRAF	hprd;psite	621
ENSP00000288602	BRAF	363	GQRDRSSSAPN		hprd;psite	621
ENSP00000288602	BRAF	365	RDRSSSAPNVH	AKT1;AKT3	hprd;pelm;psite	621
ENSP00000288602	BRAF	428	QRERKSSSSSE		psite	621
ENSP00000288602	BRAF	429	RERKSSSSSED	AKT1;AKT3	hprd;pelm;psite	621
ENSP00000288602	BRAF	440	RNRMKTLGRRD		hprd;pelm;psite	621
ENSP00000288602	BRAF	446	LGRRDSSDDWE	PAK1	hprd;pelm;psite	621
ENSP00000158166	CAMKK1	52	RARAASVIPGS		psite	621
ENSP00000158166	CAMKK1	108	AWRRPTIESHH		hprd;pelm;psite	621
ENSP00000158166	CAMKK1	496	MLRKRSFGNPF		hprd;psite	621
ENSP00000312741	CAMKK2	132	PYSPVSSPQSS		hprd;psite	627
ENSP00000312741	CAMKK2	145	LPRRPTVESHH		psite	627
ENSP00000312741	CAMKK2	495	MIRKRSFGNPF		hprd;psite	627
ENSP00000311847	CARHSP1	26	LDTPRSRERSP		hprd;psite	647
ENSP00000311847	CARHSP1	48	LPTRRTRTFSA		psite	647
ENSP00000311847	CARHSP1	50	TRRTRTFSATV		hprd;pelm;psite	647
ENSP00000311847	CARHSP1	52	RTRTFSATVRA	AKT1;RPS6KA1;SGK1	hprd;pelm;psite	647
ENSP00000311847	CARHSP1	54	RTFSATVRASQ		psite	647
ENSP00000262367	CREBBP	124	GKSPLSQGDSS		hprd;pelm;psite	902
ENSP00000262367	CREBBP	1072	SNGTASQSTSP		hprd;pelm;psite	902
ENSP00000262367	CREBBP	1382	SRFVDSGEMSE	CHUK	psite	902
ENSP00000262367	CREBBP	1578	ETTEGSQGDSK		psite	902
ENSP00000003084	CFTR	660	AERRNSILTET	PRKACA;PRKCA;PRKG1	hprd;pelm;psite	412
ENSP00000003084	CFTR	682	VSWTETKKQSF		psite	412
ENSP00000003084	CFTR	737	LERRLSLVPDS	LMTK2;PRKAA1;PRKACA;PRKCA	hprd;pelm;psite	412
ENSP00000003084	CFTR	768	ARRRQSVLNLM	PRKAA1;PRKACA	hprd;pelm;psite	412
ENSP00000003084	CFTR	809	ELDIYSRRLSQ		psite	412
ENSP00000003084	CFTR	813	YSRRLSQETGL	PRKACA;PRKCA	hprd;pelm;psite	412
ENSP00000387699	CREB1	117	QESVDSVTDSQ		psite	929
ENSP00000387699	CREB1	129	RREILSRRPSY	GSK3B	hprd;pelm;psite	929
ENSP00000387699	CREB1	133	LSRRPSYRKIL	ATM;CAMK4;CAMKK1;DYRK3;MAP3K8;MAPKAPK2;PRKACA;PRKCE;PRKD1;RPS6KA1;RPS6KA2;RPS6KA3;RPS6KA4;RPS6KA5;SGK1;TSSK4	hprd;pelm;psite	929
ENSP00000286234	DEPTOR	259	DNRKSTSFMSV		psite	463
ENSP00000286234	DEPTOR	263	STSFMSVSPSK	CSNK1A1	psite	463
ENSP00000286234	DEPTOR	279	SAVRRSSMSSC		psite	463
ENSP00000286234	DEPTOR	280	AVRRSSMSSCG		psite	463
ENSP00000286234	DEPTOR	282	RRSSMSSCGSS		psite	463
ENSP00000286234	DEPTOR	283	RSSMSSCGSSG		psite	463
ENSP00000286234	DEPTOR	287	SSCGSSGYFSS	CSNK1A1;RPS6KA1;RPS6KB1	psite	463
ENSP00000286234	DEPTOR	295	FSSSPTLSSSP	MTOR	psite	463
ENSP00000315011	EDNRA	393	CYQSKSLMTSV		psite	845
ENSP00000315011	EDNRA	417	QNNHNTDRSSH		psite	845
ENSP00000315011	EDNRA	421	NTDRSSHKDSM		psite	845
ENSP00000311005	MAPK7	770	DGQADSASLSA		psite	621
ENSP00000311005	MAPK7	772	QADSASLSASL		psite	621
ENSP00000347294	EYA4	15	QSVKKTCTESD		psite	551
ENSP00000373952	FANCA	1149	RSRDPSLMVDF	AKT1	hprd;pelm;psite	480
ENSP00000368880	FOXO1	24	RPRSCTWPLPR	AKT1	hprd;pelm;psite	829
ENSP00000368880	FOXO1	256	RRRAASMDNNS	AKT1	hprd;pelm;psite	829
ENSP00000368880	FOXO1	319	RPRTSSNASTI	AKT1	hprd;pelm;psite	829
ENSP00000368880	FOXO1	325	NASTISGRLSP	CSNK1A1;GSK3B	hprd;pelm;psite	829
ENSP00000368880	FOXO1	505	PNSVMSTYGSQ		hprd;pelm;psite	829
ENSP00000339527	FOXO3	30	QSRPRSCTWPL		psite	964
ENSP00000339527	FOXO3	32	RPRSCTWPLQR	AKT1;PIM1;SGK1	hprd;pelm;psite	964
ENSP00000339527	FOXO3	253	RRRAVSMDNSN	AKT1;PIM1;SGK1	hprd;pelm;psite	964
ENSP00000339527	FOXO3	280	QTAPESADDSP		hprd;pelm;psite	964
ENSP00000339527	FOXO3	296	WPGSPTSRSSD		psite	964
ENSP00000339527	FOXO3	307	ELDAWTDFRSR		psite	964
ENSP00000339527	FOXO3	311	WTDFRSRTNSN		psite	964
ENSP00000339527	FOXO3	315	RSRTNSNASTV	SGK1	hprd;pelm;psite	964
ENSP00000339527	FOXO3	321	NASTVSGRLSP		pelm;psite	964
ENSP00000339527	FOXO3	421	YTTKGSGLGSP		pelm;psite	964
ENSP00000339527	FOXO3	551	GSRALSNSVSN		psite	964
ENSP00000339527	FOXO3	626	ECDMESIIRSE	PRKAA2	psite	964
ENSP00000231509	NR3C1	38	LRGGATVKVSA		hprd;psite	885
ENSP00000263915	GRB14	358	PYQGRSGCSSQ		psite	901
ENSP00000263915	GRB14	362	RSGCSSQSISP		psite	901
ENSP00000222330	GSK3A	19	SGRARTSSFAE		hprd;pelm;psite	631
ENSP00000222330	GSK3A	21	RARTSSFAEPG	AKT1;PRKACA;PRKCA;PRKCB;PRKCD;PRKCG;PRKCH;RPS6KA3	hprd;pelm;psite	631
ENSP00000222330	GSK3A	278	GEPNVSYICSR	GSK3A	hprd;psite	631
ENSP00000324806	GSK3B	9	RPRTTSFAESC	AKT1;AURKA;MAP4K5;PRKACA;PRKCA;PRKCB;PRKCD;PRKCG;PRKCH;RPS6KA1;RPS6KA3;RPS6KB1	hprd;pelm;psite	637
ENSP00000324806	GSK3B	21	PVQQPSAFGSM	C8orf44-SGK3;SGK3	hprd;pelm;psite	637
ENSP00000324806	GSK3B	25	PSAFGSMKVSR		psite	637
ENSP00000324806	GSK3B	215	GEPNVSYICSR		hprd;psite	637
ENSP00000364802	HSPA1A	265	VRRLRTACERA		psite	421
ENSP00000406359	HSPA1A	265	VRRLRTACERA		psite	415
ENSP00000302961	HSPA4	54	GAAAKSQVISN		hprd;psite	638
ENSP00000302961	HSPA4	552	EEMETSQAGSK		hprd;pelm;psite	638
ENSP00000347184	HTT	114	NIVAQSVRNSP		psite	817
ENSP00000347184	HTT	269	PTIRRTAAGSA		psite	817
ENSP00000347184	HTT	411	AAKEESGGRSR		hprd;pelm;psite	817
ENSP00000347184	HTT	415	ESGGRSRSGSI		psite	817
ENSP00000347184	HTT	417	GGRSRSGSIVE		hprd;psite	817
ENSP00000347184	HTT	419	RSRSGSIVELI	AKT1;SGK1	hprd;pelm;psite	817
ENSP00000347184	HTT	455	ALEDDSESRSD		psite	817
ENSP00000347184	HTT	459	DSESRSDVSSS		psite	817
ENSP00000347184	HTT	485	ASSGVSTPGSA		psite	817
ENSP00000347184	HTT	534	ILSHSSSQVSA		psite	817
ENSP00000347184	HTT	2233	YLVVVSKLPSH		psite	817
ENSP00000358622	IKBKG	451	PLALPSQRRSP		hprd;psite	478
ENSP00000303830	INSR	1217	VFTTSSDMWSF		psite	909
ENSP00000303830	INSR	1375	NGRILTLPRSN	PRKCA	hprd;pelm;psite	909
ENSP00000370719	ITSN1	313	FRRVRSGSGIS		hprd;pelm;psite	401
ENSP00000370719	ITSN1	315	RVRSGSGISVI		hprd;pelm;psite	401
ENSP00000370719	ITSN1	897	AFTPATATGSS		hprd;psite	401
ENSP00000332455	KPNA2	73	RNNQGTVNWSV		hprd;psite	621
ENSP00000349085	MAGEA1	77	RQRQPSEGSSS		psite	581
ENSP00000350815	NR3C2	255	SPAHASNVGSP		psite	514
ENSP00000350815	NR3C2	262	VGSPLSSPLSS		psite	514
ENSP00000262445	MAP2K4	78	IERLRTHSIES		psite	505
ENSP00000262445	MAP2K4	80	RLRTHSIESSG	AKT1	hprd;pelm;psite	505
ENSP00000369695	MLLT3	152	HTSSSSSSSSS		psite	638
ENSP00000369695	MLLT3	156	SSSSSSSSSSS		psite	638
ENSP00000354558	MTOR	909	GMIDQSRDASA		psite	985
ENSP00000354558	MTOR	1162	HPIVRTLDQSP		hprd;pelm;psite	985
ENSP00000354558	MTOR	1870	LQKKVTEDLSK		psite	985
ENSP00000354558	MTOR	2444	NKRSRTRTDSY		hprd;psite	985
ENSP00000354558	MTOR	2446	RSRTRTDSYSA	AKT1;RPS6KB1	hprd;pelm;psite	985
ENSP00000354558	MTOR	2448	RTRTDSYSAGQ	AKT1;RPS6KB1	hprd;pelm;psite	985
ENSP00000354558	MTOR	2450	RTDSYSAGQSV		psite	985
ENSP00000354558	MTOR	2474	KKTGTTVPESI	MTOR	hprd;pelm;psite	985
ENSP00000319977	NDRG1	326	TRLMRSRTASG		hprd;pelm;psite	852
ENSP00000319977	NDRG1	328	LMRSRTASGSS	SGK1	hprd;pelm;psite	852
ENSP00000319977	NDRG1	330	RSRTASGSSVT	PRKACA;SGK1	hprd;pelm;psite	852
ENSP00000319977	NDRG1	332	RTASGSSVTSL		hprd;pelm;psite	852
ENSP00000319977	NDRG1	340	TSLDGTRSRSH		psite	852
ENSP00000319977	NDRG1	344	GTRSRSHTSEG		psite	852
ENSP00000319977	NDRG1	346	RSRSHTSEGTR	SGK1	pelm;psite	852
ENSP00000319977	NDRG1	350	HTSEGTRSRSH		psite	852
ENSP00000319977	NDRG1	354	GTRSRSHTSEG		psite	852
ENSP00000319977	NDRG1	364	GTRSRSHTSEG		hprd;pelm;psite	852
ENSP00000319977	NDRG1	366	RSRSHTSEGAH	PRKACA;SGK1	hprd;pelm;psite	852
ENSP00000319977	NDRG1	389	SAGPKSMEVSC		psite	852
ENSP00000345530	NEDD4	671	SSNHSSRRGSL		psite	969
ENSP00000345530	NEDD4	675	SSRRGSLQAYT		hprd;psite	969
ENSP00000383199	NEDD4L	336	QREPSSRLRSC		psite	999
ENSP00000383199	NEDD4L	340	SSRLRSCSVTD		psite	999
ENSP00000383199	NEDD4L	342	RLRSCSVTDAV	PRKACA;SGK1	hprd;pelm;psite	999
ENSP00000383199	NEDD4L	365	AGRARSSTVTG		psite	999
ENSP00000383199	NEDD4L	367	RARSSTVTGGE	PRKACA;SGK1	pelm;psite	999
ENSP00000383199	NEDD4L	428	DGASGSATNSN		psite	999
ENSP00000383199	NEDD4L	446	IRRPRSLSSPT		hprd;pelm;psite	999
ENSP00000383199	NEDD4L	448	RPRSLSSPTVT	PRKACA;SGK1	hprd;pelm;psite	999
ENSP00000383199	NEDD4L	475	VKDTLSNPQSP		hprd;psite	999
ENSP00000362702	NEK6	71	HPNTLSFRCSL		psite	640
ENSP00000362702	NEK6	236	FSSETTAAHSL		pelm;psite	640
ENSP00000264938	SLC9A3	555	GERRGSLAFIR		psite	424
ENSP00000262613	SLC9A3R1	156	RPRLCTMKKGP		psite	858
ENSP00000262613	SLC9A3R1	290	LVRSASSDTSE	GRK6	hprd;pelm;psite	858
ENSP00000277541	NOTCH1	2523	DQWSSSSPHSN		psite	817
ENSP00000263253	EP300	1834	RRRMASMQRTG	AKT1	hprd;pelm;psite	899
ENSP00000269305	TP53	211	LDDRNTFRHSV	AURKB	psite	829
ENSP00000282077	PDK1	346	RPRVETSRAVP		psite	619
ENSP00000344220	PDPK1	394	SSSSSSHSLSA	MAP3K5	psite	998
ENSP00000344220	PDPK1	396	SSSSHSLSASD	PDK1;PDPK1	hprd;pelm;psite	998
ENSP00000263967	PIK3CA	312	YSRRISTATPY		psite	743
ENSP00000264380	PIKFYVE	44	EPPFKSAYSSF		psite	402
ENSP00000264380	PIKFYVE	105	LQRRSSALDTR		psite	402
ENSP00000264380	PIKFYVE	305	PARNRSASITN		psite	402
ENSP00000264380	PIKFYVE	307	RNRSASITNLS	AKT1	hprd;pelm;psite	402
ENSP00000264380	PIKFYVE	312	SITNLSLDRSG		psite	402
ENSP00000264380	PIKFYVE	491	DNLANSASPSK		hprd;psite	402
ENSP00000264380	PIKFYVE	1522	GRKRPSVPPSP		psite	402
ENSP00000262304	PKD1	4252	QGRRSSRAPAG	PRKACA	psite	401
ENSP00000302150	PRL	179	IYPVWSGLPSL		psite	809
ENSP00000302150	PRL	207	CLRRDSHKIDN	PAK2	pelm;psite	809
ENSP00000337464	PRR5	240	LRRSRSGDVLA	CHEK1	psite	914
ENSP00000337464	PRR5	282	SIRRHSVSEMT		psite	914
ENSP00000337464	PRR5	284	RRHSVSEMTSC		psite	914
ENSP00000337464	PRR5	339	DPTRSSLPRSS		psite	914
ENSP00000251849	RAF1	43	YQRRASDDGKL	PRKACA;PRKCA	hprd;pelm;psite	845
ENSP00000251849	RAF1	239	TPHAFTFNTSS		psite	845
ENSP00000251849	RAF1	257	SQRQRSTSTPN		hprd;pelm;psite	845
ENSP00000251849	RAF1	259	RQRSTSTPNVH	AKT1;PRKACA;RAF1	hprd;pelm;psite	845
ENSP00000251849	RAF1	283	EDAIRSHSESA		psite	845
ENSP00000251849	RAF1	285	AIRSHSESASP		psite	845
ENSP00000251849	RAF1	287	RSHSESASPSA		psite	845
ENSP00000251849	RAF1	291	ESASPSALSSS		hprd;psite	845
ENSP00000251849	RAF1	638	DINACTLTTSP		psite	845
ENSP00000349959	RICTOR	21	RGRNDSGEENV		hprd;pelm;psite	980
ENSP00000349959	RICTOR	383	PHRARSRPDLM		psite	980
ENSP00000349959	RICTOR	1026	TLSLNSESTSS		psite	980
ENSP00000349959	RICTOR	1031	SESTSSRHNSE		psite	980
ENSP00000349959	RICTOR	1035	SSRHNSESESV		psite	980
ENSP00000349959	RICTOR	1133	NRRIRTLTEPS		psite	980
ENSP00000349959	RICTOR	1135	RIRTLTEPSVD	AKT1;RPS6KB1;RPS6KB2;SGK1	psite	980
ENSP00000349959	RICTOR	1226	NTDTTTSGISS		psite	980
ENSP00000349959	RICTOR	1227	TDTTTSGISSM		psite	980
ENSP00000349959	RICTOR	1230	TTSGISSMSSS		psite	980
ENSP00000349959	RICTOR	1231	TSGISSMSSSP		psite	980
ENSP00000349959	RICTOR	1274	YLTPQSNHLSL		psite	980
ENSP00000349959	RICTOR	1278	QSNHLSLSKSN		psite	980
ENSP00000349959	RICTOR	1282	LSLSKSNSVSL		hprd;psite	980
ENSP00000349959	RICTOR	1320	ADCNFSYTSSR		psite	980
ENSP00000349959	RICTOR	1344	QRMHPSLSHSE		hprd;psite	980
ENSP00000349959	RICTOR	1402	PINQNTLQRSS		psite	980
ENSP00000349959	RICTOR	1407	TLQRSSSVRSM		psite	980
ENSP00000349959	RICTOR	1411	SSSVRSMVSSA		psite	980
ENSP00000349959	RICTOR	1417	MVSSATYGGSD		psite	980
ENSP00000349959	RICTOR	1577	GISGCSDGVSQ		psite	980
ENSP00000265960	MAPKAP1	84	GIRRRSNTAQR		psite	921
ENSP00000265960	MAPKAP1	86	RRRSNTAQRLE		psite	921
ENSP00000265960	MAPKAP1	510	LNRRTSFSFQK		hprd;pelm;psite	921
ENSP00000254480	SMARCC1	319	RDRKASANARK		hprd;pelm;psite	899
ENSP00000267064	SMARCC2	806	GKEGDSEKESE		hprd;psite	899
ENSP00000350941	SRC	17	SQRRRSLEPAE	PRKACA	hprd;pelm;psite	906
ENSP00000350941	SRC	35	GAFPASQTPSK		psite	906
ENSP00000261740	TRPV4	824	RDRWSSVVPRV	PRKACA	pelm;psite	814
ENSP00000313059	WNK1	15	SSTPGSLFLSP		hprd;psite	738
ENSP00000313059	WNK1	60	RRRRHTMDKDS	AKT1;RPS6KA5;SGK1	hprd;pelm;psite	738
ENSP00000313059	WNK1	170	PVSQPSLVGSK		hprd;psite	738
ENSP00000313059	WNK1	185	PARSGSGGGSA		psite	738
ENSP00000313059	WNK1	378	TLKRASFAKSV		hprd;pelm;psite	738
ENSP00000313059	WNK1	1110	SVRSRSRHEKT		psite	738
ENSP00000313059	WNK1	1295	PGMNLSHSASS		psite	738
ENSP00000313059	WNK1	2128	RRRRPTKSKGS		psite	738
ENSP00000313059	WNK1	2270	SGRRGSKGHMN		psite	738
ENSP00000297954	WNK2	45	RFLRRSVVESD		psite	672
ENSP00000297954	WNK2	352	TLKRASFAKSV		hprd;psite	672
ENSP00000297954	WNK2	1685	SMTAESSPRSM		psite	672
ENSP00000297954	WNK2	1862	VQKQASLPVSG		hprd;psite	672
ENSP00000246914	WNK4	47	RARRFSGKAEP		psite	747
ENSP00000246914	WNK4	331	TLKRASFAKSV		psite	747
ENSP00000246914	WNK4	1190	RQRRLSKGSFP	SGK1	psite	747
ENSP00000246914	WNK4	1201	TSRRNSLQRSE		psite	747
ENSP00000246914	WNK4	1217	IMRRNSLSGSS		hprd;psite	747
ENSP00000231509	NR3C1	509	ATTGVSQETSE	PRKDC	hprd;pelm	885
ENSP00000263253	EP300	24	SSPALSASASD	CAMKK1	pelm	899
ENSP00000262367	CREBBP	302	LASKQSMVNSL	CAMK4;CAMKK1	hprd;pelm	902
ENSP00000282077	PDK1	25	RAAGFSRSFSS	PDK1	hprd;pelm	619
ENSP00000408005	SLC9A3R2	257	LPSPVTNGTSP		hprd;pelm	981
ENSP00000288602	BRAF	319	SGSSPSAPASD		hprd;pelm	621
ENSP00000383199	NEDD4L	451	SLSSPTVTLSA		hprd;pelm	999
ENSP00000350720	SMARCA4	609	EPLDETSQMSD		pelm	901
ENSP00000264552	UBE2S	175	ALASGTEASST		hprd;pelm	420
ENSP00000347184	HTT	1195	PGEQASVPLSP		hprd	817
ENSP00000265113	SLC1A3	482	RLRTTTNVLGD	SGK1	hprd	668
ENSP00000262367	CREBBP	1771	ESRRLSIQRCI		hprd	902
ENSP00000262367	CREBBP	2390	PGLAVTMASSI		hprd	902
ENSP00000354558	MTOR	1847	ASTEGSNSESE		hprd	985
ENSP00000254480	SMARCC1	339	PTPTESRKKSG		hprd	899
ENSP00000345530	NEDD4	666	SQPASSSNHSS		hprd	969
ENSP00000345530	NEDD4	667	QPASSSNHSSR		hprd	969
ENSP00000370719	ITSN1	891	QLRQRSAFTPA		hprd	401
ENSP00000339527	FOXO3	26	EFEPQSRPRSC		hprd	964
ENSP00000324806	GSK3B	426	TNNAASASASN		hprd	637
ENSP00000324806	GSK3B	428	NAASASASNST		hprd	637
ENSP00000313059	WNK1	2053	QSLSNSFNSSY		hprd	738
ENSP00000222330	GSK3A	478	TDATPTLTNSS		hprd	631
ENSP00000302961	HSPA4	776	KIKELTSTCSP		hprd	638
