name	SIK2
id	ENSP00000305976
type	Serine/threonine kinase
proline+1_removed	Yes
npartners	26
npartners_with_sites	22
nsites	49
//
motif	score	fg_matches	fg_size	bg_matches	bg_size	fold_increase
..R..[ST].....	14.88	49	253	483	9383	3.76
//
prot_id	prot_name	position	flank	kinase	source	string_score
ENSP00000346148	PRKAA1	511	PQRSGSVSNYR	PRKAA1	hprd;pelm;psite	480
ENSP00000346148	PRKAA1	523	CQRSDSDAEAQ		hprd;psite	480
ENSP00000387699	CREB1	98	LKRLFSGTQIS	PRKD1	psite	420
ENSP00000387699	CREB1	133	LSRRPSYRKIL	ATM;CAMK4;CAMKK1;DYRK3;MAP3K8;MAPKAPK2;PRKACA;PRKCE;PRKD1;RPS6KA1;RPS6KA2;RPS6KA3;RPS6KA4;RPS6KA5;SGK1;TSSK4	hprd;pelm;psite	420
ENSP00000304592	FASN	1174	IPRDPSQQELP		psite	811
ENSP00000304592	FASN	1183	LPRLLSAACRL		psite	811
ENSP00000304592	FASN	2236	LMRLNSVQSSE		hprd;pelm;psite	811
ENSP00000264606	HDAC4	339	VAREGSAAPLP		psite	455
ENSP00000264606	HDAC4	467	LGRTQSAPLPQ	CAMK4;CAMKK1	hprd;pelm;psite	455
ENSP00000264606	HDAC4	632	LSRAQSSPASA	CAMK4;CAMKK1	hprd;pelm;psite	455
ENSP00000225983	HDAC5	499	LSRTQSSPLPQ	CAMK1;CAMK4;CAMKK1;PRKAA1;PRKAA2;PRKD1;PRKD2;PRKD3	hprd;pelm;psite	472
ENSP00000225983	HDAC5	547	LPRQPTTHPEE		psite	472
ENSP00000225983	HDAC5	662	LGRTQSSPAAP		psite	472
ENSP00000080059	HDAC7	220	LLRKESAPPSL	PRKD1	hprd;psite	455
ENSP00000080059	HDAC7	397	LSRTRSEPLPP	PRKD1	hprd;pelm;psite	455
ENSP00000080059	HDAC7	521	GHRPLSRAQSS		psite	455
ENSP00000080059	HDAC7	525	LSRAQSSPAAP	PRKD1	hprd;pelm;psite	455
ENSP00000080059	HDAC7	546	QARVLSSSETP		psite	455
ENSP00000408617	HDAC9	454	LNRTQSAPLPQ	CAMK1	psite	465
ENSP00000304895	IRS1	268	EFRPRSKSQSS	IKBKB	hprd;pelm;psite	939
ENSP00000304895	IRS1	270	RPRSKSQSSSN	ATR;IKBKB;RPS6KB1	hprd;pelm;psite	939
ENSP00000304895	IRS1	305	TRRSRTESITA		psite	939
ENSP00000304895	IRS1	307	RSRTESITATS	IKBKB;PRKCD;RPS6KB1	hprd;pelm;psite	939
ENSP00000304895	IRS1	330	RVRASSDGEGT	CSNK2B	hprd;psite	939
ENSP00000304895	IRS1	341	MSRPASVDGSP	IKBKB	hprd;pelm;psite	939
ENSP00000304895	IRS1	527	RKRTHSAGTSP	IKBKB;RPS6KB1	hprd;pelm;psite	939
ENSP00000304895	IRS1	603	HHRPDSSTLHT		psite	939
ENSP00000304895	IRS1	629	SGRKGSGDYMP	AKT1	hprd;pelm;psite	939
ENSP00000304895	IRS1	1100	CRRRHSSETFS		hprd;psite	939
ENSP00000304895	IRS1	1101	RRRHSSETFSS	PRKCQ;RPS6KA1;RPS6KB1	hprd;pelm;psite	939
ENSP00000304895	IRS1	1143	VKRHSSASFEN		hprd;psite	939
ENSP00000304895	IRS1	1223	STRRSSEDLSA		hprd;pelm;psite	939
ENSP00000324856	STK11	31	IHRIDSTEVIY		hprd;psite	908
ENSP00000324856	STK11	307	QIRQHSWFRKK	PRKCZ	psite	908
ENSP00000324856	STK11	334	KDRWRSMTVVP		psite	908
ENSP00000324856	STK11	336	RWRSMTVVPYL	STK11	hprd;psite	908
ENSP00000324856	STK11	428	KIRRLSACKQQ	PRKCZ;RPS6KA3;STK11	hprd;pelm;psite	908
ENSP00000362824	OGT	20	TKRMLSFQGLA	CHEK1	hprd;pelm;psite	401
ENSP00000370113	PPP2R2A	378	TKRDITLEASR		hprd;psite	480
ENSP00000378323	PPP3CA	411	MARVFSVLREE		psite	462
ENSP00000268184	CRTC3	162	LNRTNSDSALH		psite	781
ENSP00000268184	CRTC3	368	SLRLFSLSNPS		psite	781
ENSP00000268184	CRTC3	410	FSRQLSSTSPL		hprd;psite	781
ENSP00000351777	VCP	56	LFRGDTVLLKG		psite	480
ENSP00000351777	VCP	316	PKREKTHGEVE		psite	480
ENSP00000351777	VCP	326	ERRIVSQLLTL	ATM	psite	480
ENSP00000351777	VCP	352	TNRPNSIDPAL	AKT1	pelm;psite	480
ENSP00000351777	VCP	748	ARRSVSDNDIR	AKT1	pelm;psite	480
ENSP00000351777	VCP	775	SFRFPSGNQGG		hprd;psite	480
