name	SIK3
id	ENSP00000292055
type	Serine/threonine kinase
proline+1_removed	Yes
npartners	20
npartners_with_sites	17
nsites	27
//
motif	score	fg_matches	fg_size	bg_matches	bg_size	fold_increase
..R..[ST].....	7.86	25	131	483	9383	3.71
//
prot_id	prot_name	position	flank	kinase	source	string_score
ENSP00000300161	YWHAB	60	GARRSSWRVIS	PRKCD	hprd;pelm;psite	899
ENSP00000264335	YWHAE	64	SWRIISSIEQK		hprd;psite	944
ENSP00000248975	YWHAH	59	GARRSSWRVIS		pelm;psite	899
ENSP00000306330	YWHAG	59	GARRSSWRVIS	LATS2	psite	899
ENSP00000309503	YWHAZ	58	GARRSSWRVVS	AKT1;MAPKAPK2;PRKACA	hprd;pelm;psite	947
ENSP00000309503	YWHAZ	63	SWRVVSSIEQK		psite	947
ENSP00000346148	PRKAA1	511	PQRSGSVSNYR	PRKAA1	hprd;pelm;psite	480
ENSP00000346148	PRKAA1	523	CQRSDSDAEAQ		hprd;psite	480
ENSP00000264606	HDAC4	339	VAREGSAAPLP		psite	583
ENSP00000264606	HDAC4	467	LGRTQSAPLPQ	CAMK4;CAMKK1	hprd;pelm;psite	583
ENSP00000264606	HDAC4	632	LSRAQSSPASA	CAMK4;CAMKK1	hprd;pelm;psite	583
ENSP00000225983	HDAC5	499	LSRTQSSPLPQ	CAMK1;CAMK4;CAMKK1;PRKAA1;PRKAA2;PRKD1;PRKD2;PRKD3	hprd;pelm;psite	555
ENSP00000225983	HDAC5	547	LPRQPTTHPEE		psite	555
ENSP00000225983	HDAC5	662	LGRTQSSPAAP		psite	555
ENSP00000080059	HDAC7	220	LLRKESAPPSL	PRKD1	hprd;psite	543
ENSP00000080059	HDAC7	397	LSRTRSEPLPP	PRKD1	hprd;pelm;psite	543
ENSP00000080059	HDAC7	521	GHRPLSRAQSS		psite	543
ENSP00000080059	HDAC7	525	LSRAQSSPAAP	PRKD1	hprd;pelm;psite	543
ENSP00000080059	HDAC7	546	QARVLSSSETP		psite	543
ENSP00000408617	HDAC9	454	LNRTQSAPLPQ	CAMK1	psite	543
ENSP00000324856	STK11	31	IHRIDSTEVIY		hprd;psite	910
ENSP00000324856	STK11	307	QIRQHSWFRKK	PRKCZ	psite	910
ENSP00000324856	STK11	334	KDRWRSMTVVP		psite	910
ENSP00000324856	STK11	336	RWRSMTVVPYL	STK11	hprd;psite	910
ENSP00000324856	STK11	428	KIRRLSACKQQ	PRKCZ;RPS6KA3;STK11	hprd;pelm;psite	910
ENSP00000332973	SMAD3	388	EYRRQTVTSTP		psite	467
ENSP00000300161	YWHAB	132	YFRYLSEVASG	PRKCZ	hprd;pelm	899
