name	SLK
id	ENSP00000358770
type	Serine/threonine kinase
proline+1_removed	Yes
npartners	60
npartners_with_sites	52
nsites	85
//
motif	score	fg_matches	fg_size	bg_matches	bg_size	fold_increase
..RR.[ST].....	22.04	15	587	18	9383	13.32
..R..[ST].....	10.31	68	572	465	9365	2.39
//
prot_id	prot_name	position	flank	kinase	source	string_score
ENSP00000365312	ABI1	222	PARLGSQHSPG		hprd;psite	652
ENSP00000365312	ABI1	231	PGRTASLNQRP		psite	652
ENSP00000365312	ABI1	238	NQRPRTHSGSS		psite	652
ENSP00000365312	ABI1	240	RPRTHSGSSGG		psite	652
ENSP00000365312	ABI1	319	MTRQISRHNST		psite	652
ENSP00000365312	ABI1	323	ISRHNSTTSST		hprd;psite	652
ENSP00000365312	ABI1	338	YRRTPSVTAQF		psite	652
ENSP00000229328	PRKAB1	24	TPRRDSSGGTK	PRKAA1	hprd;pelm;psite	504
ENSP00000229328	PRKAB1	25	PRRDSSGGTKD		psite	504
ENSP00000287878	PRKAG2	97	PVRPKTSPGSP		psite	675
ENSP00000287878	PRKAG2	122	SPRRMSFSGIF		psite	675
ENSP00000287878	PRKAG2	131	IFRSSSKESSP		psite	675
ENSP00000287878	PRKAG2	151	GIRFFSRSRKT		psite	675
ENSP00000287878	PRKAG2	157	RSRKTSGLSSS		hprd;pelm;psite	675
ENSP00000332454	RIPK4	396	FEREPSTSDLG		psite	467
ENSP00000236959	ATIC	25	FARNLTALGLN		hprd;psite	542
ENSP00000295598	ATP1A1	943	KTRRNSVFQQG	PRKACA	psite	422
ENSP00000311032	CASP3	150	GDRCRSLTGKP	MAPK14	pelm;psite	965
ENSP00000288207	CCNB2	8	LLRRPTVSSDL		psite	800
ENSP00000358490	CD2	258	AHRVATEERGR		psite	619
ENSP00000284049	CHD1	237	SRRQATVNVSY		hprd;pelm;psite	428
ENSP00000284049	CHD1	1096	RSRRYSGSDSD		hprd;pelm;psite	428
ENSP00000284049	CHD1	1662	DYRYHSDWQMD		psite	428
ENSP00000284049	CHD1	1672	DHRASSSGPRS		hprd;psite	428
ENSP00000286301	CSF1R	713	YVRRDSGFSSQ		psite	619
ENSP00000357656	FYN	21	EERDGSLNQSS	PRKACA	hprd;pelm;psite	633
ENSP00000263791	EIF2AK4	254	RERQYSVCNSE		psite	465
ENSP00000263791	EIF2AK4	572	SNRLPSAAFFS		psite	465
ENSP00000231509	NR3C1	134	LNRSTSVPENP		hprd;pelm;psite	664
ENSP00000254810	H3F3B	46	RYRPGTVALRE	DYRK1B;DYRK2;DYRK3	psite	861
ENSP00000355778	H3F3A	46	RYRPGTVALRE	DYRK1B;DYRK2;DYRK3	psite	860
ENSP00000263208	HIRA	650	RPRKDSRLMPV		psite	430
ENSP00000335153	HSP90AA1	185	KIRYESLTDPS		psite	599
ENSP00000335153	HSP90AA1	212	QDRTLTIVDTG	PRKACA	hprd;psite	599
ENSP00000335153	HSP90AA1	745	ALRDNSTMGYM		psite	599
ENSP00000171111	KEAP1	599	VTRMTSGRSGV		psite	641
ENSP00000357283	LMNA	10	SQRRATRSGAQ		hprd;pelm;psite	462
ENSP00000357283	LMNA	51	IDRVRSLETEN		hprd;psite	462
ENSP00000357283	LMNA	224	KRRHETRLVEI		psite	462
ENSP00000357283	LMNA	301	RIRIDSLSAQL		hprd;pelm;psite	462
ENSP00000357283	LMNA	404	RGRASSHSSQT	PRKCA	hprd;pelm;psite	462
ENSP00000357283	LMNA	458	RLRNKSNEDQS		hprd;pelm;psite	462
ENSP00000357283	LMNA	548	LVRSVTVVEDD		psite	462
ENSP00000357283	LMNA	585	NLRSRTVLCGT		psite	462
ENSP00000261207	PPP1R12A	472	VTRSASSPRLS	NUAK1	psite	500
ENSP00000261207	PPP1R12A	478	SPRLSSSLDNK		hprd;pelm;psite	500
ENSP00000261207	PPP1R12A	507	PRRLASTSDIE		hprd;pelm;psite	500
ENSP00000261207	PPP1R12A	668	RERRRSYLTPV		hprd;psite	500
ENSP00000261207	PPP1R12A	696	QSRRSTQGVTL	RAF1;ROCK1;ROCK2	hprd;pelm;psite	500
ENSP00000261207	PPP1R12A	716	IGRSRSTRTRE		psite	500
ENSP00000261207	PPP1R12A	802	LNRPNSLVGIT		psite	500
ENSP00000261207	PPP1R12A	853	EKRRSTGVSFW	PRKCQ;ROCK1	hprd;psite	500
ENSP00000261207	PPP1R12A	892	ISRYETSSTSA		psite	500
ENSP00000261207	PPP1R12A	903	GDRYDSLLGRS		psite	500
ENSP00000261207	PPP1R12A	910	LGRSGSYSYLE	NUAK1	hprd;pelm;psite	500
ENSP00000261207	PPP1R12A	995	LERRISEMEEE		psite	500
ENSP00000382595	PAICS	112	CRRIATGSFLK		psite	438
ENSP00000342143	PDZK1	505	KERAHSTASHS		psite	621
ENSP00000263125	PRKCQ	695	MFRNFSFMNPG		hprd;pelm;psite	619
ENSP00000300093	PLK1	137	LCRRRSLLELH	MAP3K8	pelm;psite	826
ENSP00000300093	PLK1	210	GERKKTLCGTP	AURKA;MAP3K8;STK10	hprd;pelm;psite	826
ENSP00000300093	PLK1	597	SSRSASNRLKA		psite	826
ENSP00000337194	PRPF4B	162	GNRSSTRSSST		psite	438
ENSP00000337194	PRPF4B	166	STRSSSTKGKL		psite	438
ENSP00000337194	PRPF4B	196	RTRHRSDKKKS		psite	438
ENSP00000337194	PRPF4B	259	KARSPTDDKVK		hprd;pelm;psite	438
ENSP00000337194	PRPF4B	394	GRRAKSRSLER		hprd;psite	438
ENSP00000337194	PRPF4B	410	ERRRLSSPRTR		hprd;pelm;psite	438
ENSP00000337194	PRPF4B	427	SRRERSKDASP		hprd;pelm;psite	438
ENSP00000337194	PRPF4B	443	PTRRRSRSPIR		pelm;psite	438
ENSP00000310561	ARHGAP32	587	LSRPKSLLVSS		psite	621
ENSP00000310561	ARHGAP32	682	LQRNESEPSEM		psite	621
ENSP00000310561	ARHGAP32	732	RPRSSSDALSA		psite	621
ENSP00000310561	ARHGAP32	1536	GLRYNTYVAPG		psite	621
ENSP00000310561	ARHGAP32	1988	PERSHSLKLHH		psite	621
ENSP00000313829	KHDRBS1	20	SGRSGSMDPSG		hprd;pelm;psite	836
ENSP00000216373	SOS2	1315	YKRELSHPPLY		psite	424
ENSP00000344818	UBC	57	DGRTLSDYNIQ		hprd;psite	518
ENSP00000276893	UHRF2	667	TKRPISDDDCP		hprd;pelm;psite	585
ENSP00000357283	LMNA	199	ENRLQTMKEEL		pelm	462
ENSP00000254810	H3F3B	87	DLRFQSAAIGA		hprd	861
ENSP00000355778	H3F3A	87	DLRFQSAAIGA		hprd	860
ENSP00000313829	KHDRBS1	349	APRARTAGIQR		hprd	836
ENSP00000357060	ATP1A4	949	KTRRNSLFQQG		hprd	419
ENSP00000310561	ARHGAP32	1585	IRRVQSLHAPP		hprd	621
