name	SMG1
id	ENSP00000402515
type	Serine/threonine kinase
proline+1_removed	Yes
npartners	45
npartners_with_sites	42
nsites	55
//
motif	score	fg_matches	fg_size	bg_matches	bg_size	fold_increase
..R..[ST].....	7.77	55	469	483	9383	2.28
//
prot_id	prot_name	position	flank	kinase	source	string_score
ENSP00000278616	ATM	1878	CLRHFSQTSRS		psite	421
ENSP00000278616	ATM	2996	CKRNLSDIDQS	ATM	hprd;psite	421
ENSP00000323099	ATRIP	38	RARGFSAAAAP		psite	455
ENSP00000354856	CLK2	9	PRRYHSSERGS		psite	621
ENSP00000354856	CLK2	34	RRRSRSWSSSS	AKT1	psite	621
ENSP00000354856	CLK2	50	RRREDSYHVRS		hprd;psite	621
ENSP00000354856	CLK2	106	YQRENSSYRSQ		psite	621
ENSP00000354856	CLK2	141	SRRAKSVEDDA		hprd;pelm;psite	621
ENSP00000263073	SMG6	240	RGRPGSAKRYS		psite	651
ENSP00000263073	SMG6	332	LERNWSGRGEG		psite	651
ENSP00000267430	FANCM	661	LQRKSSIFSYR		psite	482
ENSP00000229239	GAPDH	83	QERDPSKIKWG		hprd;pelm;psite	614
ENSP00000229239	GAPDH	237	AFRVPTANVSV	AKT2	psite	614
ENSP00000352257	XRCC6	477	TYRSDSFENPV	CHEK1	psite	453
ENSP00000352257	XRCC6	520	NKRLGSLVDEF		psite	453
ENSP00000357283	LMNA	10	SQRRATRSGAQ		hprd;pelm;psite	611
ENSP00000357283	LMNA	51	IDRVRSLETEN		hprd;psite	611
ENSP00000357283	LMNA	224	KRRHETRLVEI		psite	611
ENSP00000357283	LMNA	301	RIRIDSLSAQL		hprd;pelm;psite	611
ENSP00000357283	LMNA	404	RGRASSHSSQT	PRKCA	hprd;pelm;psite	611
ENSP00000357283	LMNA	458	RLRNKSNEDQS		hprd;pelm;psite	611
ENSP00000357283	LMNA	548	LVRSVTVVEDD		psite	611
ENSP00000357283	LMNA	585	NLRSRTVLCGT		psite	611
ENSP00000326806	NCBP2	13	ALRSDSYVELS		psite	620
ENSP00000326806	NCBP2	130	YGRGRSGGQVR		hprd;psite	620
ENSP00000232978	NKTR	379	AYRPPSGEKWS		hprd;pelm;psite	414
ENSP00000232978	NKTR	403	DERSLSQRSRS		psite	414
ENSP00000232978	NKTR	701	SSRSRSYSRSY		psite	414
ENSP00000232978	NKTR	1276	KVRPGSLFDEV		psite	414
ENSP00000232978	NKTR	1352	SYRSRSYSRSR		psite	414
ENSP00000232978	NKTR	1354	RSRSYSRSRSR		psite	414
ENSP00000232978	NKTR	1358	YSRSRSRGWYS		psite	414
ENSP00000358635	SYNCRIP	580	SKRRQTNNQNW		psite	585
ENSP00000313007	PABPC1	92	SQRDPSLRKSG		psite	940
ENSP00000295797	PRKCI	8	TQRDSSTMSHT		hprd;psite	809
ENSP00000333001	RBM8A	166	GGRRRSRSPDR	SRPK1	hprd;pelm;psite	923
ENSP00000349959	RICTOR	21	RGRNDSGEENV		hprd;pelm;psite	417
ENSP00000349959	RICTOR	35	LTREPSDNLRE		psite	417
ENSP00000349959	RICTOR	383	PHRARSRPDLM		psite	417
ENSP00000349959	RICTOR	1035	SSRHNSESESV		psite	417
ENSP00000349959	RICTOR	1133	NRRIRTLTEPS		psite	417
ENSP00000349959	RICTOR	1135	RIRTLTEPSVD	AKT1;RPS6KB1;RPS6KB2;SGK1	psite	417
ENSP00000349959	RICTOR	1219	KIRSQSFNTDT		hprd;psite	417
ENSP00000349959	RICTOR	1302	PRRAQSLKAPS		psite	417
ENSP00000315859	RNPS1	81	RSRSSSTSSSG		psite	428
ENSP00000315859	RNPS1	141	RSRSKSKPPKR		hprd;psite	428
ENSP00000315859	RNPS1	287	PVRRRSRSPGR		hprd;pelm;psite	428
ENSP00000300917	SMG8	742	VDRQASTVEYL		hprd;psite	982
ENSP00000270066	SMG9	53	ERRDASEETST		hprd;pelm;psite	982
ENSP00000344818	UBC	57	DGRTLSDYNIQ		hprd;psite	615
ENSP00000357283	LMNA	199	ENRLQTMKEEL		pelm	611
ENSP00000232978	NKTR	410	RSRSWSYNGYY		hprd;pelm	414
ENSP00000232978	NKTR	408	SQRSRSWSYNG		hprd;pelm	414
ENSP00000323099	ATRIP	305	SWRQRSNTQGS		hprd	455
ENSP00000323099	ATRIP	307	RQRSNTQGSIL		hprd	455
