name	SRC
id	ENSP00000350941
type	Tyrosine kinase
proline+1_removed	No
npartners	790
npartners_with_sites	667
nsites	567
//
motif	score	fg_matches	fg_size	bg_matches	bg_size	fold_increase
....VYD.P..	626.67	11	2787	0	10000	Inf
.D...YE.P..	625.35	14	2776	0	10000	Inf
..D..Y..P..	314.68	34	2762	24	10000	5.13
....DY.....	307.65	264	2728	498	9976	1.94
.....YD....	307.65	220	2464	440	9478	1.92
//
prot_id	prot_name	position	flank	kinase	source	string_score
ENSP00000300161	YWHAB	21	EQAERYDDMAA		psite	409
ENSP00000300161	YWHAB	127	KMKGDYFRYLS		psite	409
ENSP00000238081	YWHAQ	19	EQAERYDDMAT		psite	827
ENSP00000238081	YWHAQ	82	QLIKDYREKVE		psite	827
ENSP00000238081	YWHAQ	125	KMKGDYFRYLA		psite	827
ENSP00000340691	EIF4EBP1	34	LPPGDYSTTPG		hprd;psite	877
ENSP00000340691	EIF4EBP1	54	GTRIIYDRKFL		hprd;psite	877
ENSP00000365312	ABI1	143	RKPIDYTVLDD		psite	686
ENSP00000365312	ABI1	213	TVPNDYMTSPA	ABL1	hprd;pelm;psite	686
ENSP00000365312	ABI1	421	PPPVDYEDEEA		psite	686
ENSP00000365312	ABI1	455	KVVAIYDYTKD		psite	686
ENSP00000361423	ABL1	89	LFVALYDFVAS	FYN;HCK;LYN	psite	995
ENSP00000361423	ABL1	251	GVSPNYDKWEM		hprd;pelm;psite	995
ENSP00000371341	TNK2	713	PPPPAYDDVAQ		psite	872
ENSP00000371341	TNK2	905	ASDPKYATPQV		hprd;pelm;psite	872
ENSP00000272065	ACP1	88	FATFDYILCMD		psite	407
ENSP00000272065	ACP1	120	ELLGSYDPQKQ		psite	407
ENSP00000355645	ACTA1	190	RDLTDYLMKIL		psite	705
ENSP00000355645	ACTA1	364	ITKQEYDEAGP		psite	705
ENSP00000349960	ACTB	188	RDLTDYLMKIL		psite	735
ENSP00000349960	ACTB	362	ISKQEYDESGP		psite	735
ENSP00000377941	ACTN1	12	QQTNDYMQPEE	PTK2	hprd;pelm;psite	964
ENSP00000377941	ACTN1	193	PELIDYGKLRK		hprd;pelm;psite	964
ENSP00000383623	MLLT4	294	ENPKDYCIARV		psite	970
ENSP00000383623	MLLT4	583	EQQPDYRRQES		psite	970
ENSP00000383623	MLLT4	985	FEGADYESHLL		psite	970
ENSP00000383623	MLLT4	1702	PLPRDYEPPSP		hprd;psite	970
ENSP00000303042	AFAP1L2	457	PEEFTYDYVDA		psite	720
ENSP00000303042	AFAP1L2	459	EFTYDYVDADR		psite	720
ENSP00000270202	AKT1	326	LEDNDYGRAVD	PTK6;SRC	hprd;psite	975
ENSP00000295897	ALB	365	RRHPDYSVVLL		psite	752
ENSP00000295897	ALB	476	PCAEDYLSVVL		psite	752
ENSP00000307387	PDCD6IP	223	NQAADYFGDAF		psite	875
ENSP00000330484	AMY1B	189	ALGKDYVRSKI		hprd;psite	424
ENSP00000359096	AMY1C	189	ALGKDYVRSKI		hprd;psite	424
ENSP00000359100	AMY1A	189	ALGKDYVRSKI		hprd;psite	409
ENSP00000265709	ANK1	925	QASKEYDEDSL		psite	540
ENSP00000265709	ANK1	1114	RLCQDYDTIGP		psite	540
ENSP00000301030	ANKRD11	214	CNRGYYDVAKQ		hprd;psite	622
ENSP00000346032	ANXA2	127	KTPAQYDASEL		psite	950
ENSP00000346032	ANXA2	206	GSVIDYELIDQ		hprd;pelm;psite	950
ENSP00000346032	ANXA2	217	DARDLYDAGVK		hprd;pelm;psite	950
ENSP00000346032	ANXA2	256	KSYSPYDMLES		hprd;pelm;psite	950
ENSP00000346032	ANXA2	293	FADRLYDSMKG		psite	950
ENSP00000310491	ARHGAP1	65	WDDPYYDIARH		psite	719
ENSP00000289968	ARHGAP17	314	HLDEFYSDPHA		psite	644
ENSP00000371897	ARHGAP5	1109	YSDEIYVVPDD	PTK6;SRC	psite	855
ENSP00000320485	ARID1A	316	YPGGDYSGGPQ		psite	636
ENSP00000320485	ARID1A	1377	PMDGTYGPPAK		psite	636
ENSP00000269260	ARRB2	48	LVDPDYLKDRK		psite	945
ENSP00000269260	ARRB2	404	MKDDDYDDQLC		psite	945
ENSP00000301178	AXL	702	IYNGDYYRQGR		hprd;psite	644
ENSP00000301178	AXL	759	ENSEIYDYLRQ		psite	644
ENSP00000303507	BCR	246	GVDGDYEDAEL	FES	hprd;pelm;psite	859
ENSP00000303507	BCR	561	IHKEFYDGLFP		psite	859
ENSP00000303507	BCR	751	GKTQQYDCKWY		psite	859
ENSP00000303507	BCR	852	LISSDYERAEW		psite	859
ENSP00000175756	PTPN18	314	NCAPLYDDALF		psite	676
ENSP00000224337	BLNK	72	DFDSDYENPDE	SYK	pelm;psite	939
ENSP00000224337	BLNK	96	NADDSYEPPPV	SYK	pelm;psite	939
ENSP00000224337	BLNK	178	EDEADYVVPVE	SYK	pelm;psite	939
ENSP00000224337	BLNK	189	DNDENYIHPTE	SYK	pelm;psite	939
ENSP00000308176	BTK	223	KVVALYDYMPM	ABL1;BTK;ITK;LYN;TEC	hprd;pelm;psite	910
ENSP00000308176	BTK	225	VALYDYMPMNA		hprd;psite	910
ENSP00000285379	CA2	40	THTAKYDPSLK		psite	513
ENSP00000285379	CA2	51	PLSVSYDQATS		psite	513
ENSP00000301050	CACNB3	171	EHVPPYDVVPS		hprd;pelm;psite	423
ENSP00000301050	CACNB3	429	HLEEDYADAYQ		hprd;psite	423
ENSP00000379158	CAST	564	TIPPDYRLEEV		psite	476
ENSP00000368759	NEDD9	12	MARALYDNVPE		pelm;psite	786
ENSP00000368759	NEDD9	106	PRDTIYQVPPS		psite	786
ENSP00000368759	NEDD9	177	YQKDVYDIPPS		hprd;psite	786
ENSP00000368759	NEDD9	189	TTQGVYDIPPS		hprd;psite	786
ENSP00000368759	NEDD9	214	KPQGVYDIPPT		psite	786
ENSP00000368759	NEDD9	241	LREKDYDFPPP		psite	786
ENSP00000368759	NEDD9	261	RPEGVYDIPPT		psite	786
ENSP00000368759	NEDD9	317	SQNDAYDVPRG		hprd;pelm;psite	786
ENSP00000368759	NEDD9	345	ERDGVYDVPLH		hprd;pelm;psite	786
ENSP00000368759	NEDD9	629	SWMDDYDYVHL		psite	786
ENSP00000368759	NEDD9	631	MDDYDYVHLQG		psite	786
ENSP00000351273	CASP8	52	KGGADYILLPF		psite	908
ENSP00000241052	CAT	260	QEDPDYGIRDL		psite	412
ENSP00000241052	CAT	308	WPHKDYPLIPV		hprd;pelm;psite	412
ENSP00000339191	CAV1	42	SEKQVYDAHTK		hprd;psite	999
ENSP00000264033	CBL	455	APSPNYDDDDD		hprd;psite	999
ENSP00000264033	CBL	700	EEDTEYMTPSS	EGFR;FYN;INSR;LCK;SYK;YES1	hprd;pelm;psite	999
ENSP00000264033	CBL	774	NEDDGYDVPKP	EGFR;FYN;LCK;SRC;SYK;YES1	hprd;pelm;psite	999
ENSP00000264122	CBLB	92	LILSKYDDNQK		psite	621
ENSP00000264122	CBLB	665	LGSEEYDVPPR		psite	621
ENSP00000264122	CBLB	709	EDDDEYKIPSS		psite	621
ENSP00000264122	CBLB	802	RTPSDYDLLIP		psite	621
ENSP00000264122	CBLB	889	RTSQDYDQLPS		pelm;psite	621
ENSP00000313419	CD19	439	QDGSGYENPED	MAPK1	hprd;pelm;psite	474
ENSP00000085219	CD22	807	RQVGDYENVIP		pelm;psite	461
ENSP00000085219	CD22	842	QENVDYVILKH		pelm;psite	461
ENSP00000354782	CD247	83	GRREEYDVLDK		hprd;pelm;psite	661
ENSP00000354782	CD247	153	ATKDTYDALHM		hprd;pelm;psite	661
ENSP00000356346	PTPRC	687	VDILPYDYNRV		psite	621
ENSP00000356346	PTPRC	689	ILPYDYNRVEL		psite	621
ENSP00000356346	PTPRC	790	KRCPDYIIQKL		psite	621
ENSP00000356346	PTPRC	978	SNVIPYDYNRV		psite	621
ENSP00000356346	PTPRC	980	VIPYDYNRVPL		psite	621
ENSP00000342681	CD5	453	HVDNEYSQPPR	FYN;LCK	hprd;pelm;psite	411
ENSP00000342681	CD5	487	SSDSDYDLHGA	FYN;LCK	hprd;pelm;psite	411
ENSP00000314458	CDC42	64	AGQEDYDRLRP	SRC	pelm;psite	993
ENSP00000261769	CDH1	755	DNVYYYDEEGG		psite	995
ENSP00000269141	CDH2	785	EEDQDYDLSQL		hprd;pelm;psite	949
ENSP00000269141	CDH2	852	PTAPPYDSLLV	SRC	pelm;psite	949
ENSP00000269141	CDH2	860	LLVFDYEGSGS	SRC	psite	949
ENSP00000269141	CDH2	884	GGEQDYDYLND	SRC	pelm;psite	949
ENSP00000269141	CDH2	886	EQDYDYLNDWG	SRC	psite	949
ENSP00000344115	CDH5	658	MDTTSYDVSVL	SRC	hprd;psite	984
ENSP00000344115	CDH5	725	GDGPPYDTLHI		psite	984
ENSP00000377233	ARAP1	231	FDDSDYDEVPE	PTK6	hprd;pelm;psite	833
ENSP00000217244	CSNK2A1	255	GTEDLYDYIDK	FGR;LYN	pelm;psite	654
ENSP00000234701	CLCA1	91	KTKADYVRPKL		psite	826
ENSP00000309629	CFL1	85	CRYALYDATYE		hprd;psite	654
ENSP00000301843	CTTN	154	ASQKDYSSGFG		psite	998
ENSP00000301843	CTTN	178	AVGFDYQGKTE		psite	998
ENSP00000301843	CTTN	228	ESQKDYVKGFG		psite	998
ENSP00000301843	CTTN	265	ESQKDYKTGFG		psite	998
ENSP00000301843	CTTN	289	AVGFDYKEKLA		hprd;psite	998
ENSP00000301843	CTTN	302	ESQQDYSKGFG		psite	998
ENSP00000301843	CTTN	453	MEAADYREASS		hprd;pelm;psite	998
ENSP00000301843	CTTN	486	AEDSTYDEYEN	ABL1;SRC	hprd;pelm;psite	998
ENSP00000356436	PLA2G4A	456	DAGSDYQSDNQ		psite	430
ENSP00000300574	CRK	251	RVPNAYDKTAL	ABL1	psite	990
ENSP00000286301	CSF1R	699	EGGVDYKNIHL	CSF1R	pelm;psite	706
ENSP00000286301	CSF1R	923	RRERDYTNLPS		psite	706
ENSP00000220003	CSK	277	GSLVDYLRSRG		psite	994
ENSP00000304669	CTNNA1	619	ASRLVYDGIRD		hprd;pelm;psite	918
ENSP00000344456	CTNNB1	670	DKPQDYKKRLS		psite	979
ENSP00000382004	CTNND1	291	QRSMGYDDLDY	SRC	hprd;pelm;psite	999
ENSP00000382004	CTNND1	296	YDDLDYGMMSD	SRC	hprd;psite	999
ENSP00000382004	CTNND1	302	GMMSDYGTARR	SRC	hprd;pelm;psite	999
ENSP00000382004	CTNND1	335	PSDQYYWAPLA		psite	999
ENSP00000382004	CTNND1	865	QSSHSYDDSTL		hprd;pelm;psite	999
ENSP00000382004	CTNND1	904	SLDNNYSTPNE		hprd;pelm;psite	999
ENSP00000313391	DAB2	342	NGDVDYFGQQF		hprd;psite	711
ENSP00000356898	DDR2	471	GSNSTYDRIFP	SRC	pelm;psite	859
ENSP00000356898	DDR2	481	PLRPDYQEPSR		hprd;psite	859
ENSP00000356898	DDR2	740	LYSGDYYRIQG	SRC	hprd;pelm;psite	859
ENSP00000311113	JUP	22	QQTYTYDSGIH		hprd;psite	995
ENSP00000311113	JUP	660	DKNPDYRKRVS		hprd;psite	995
ENSP00000311113	JUP	724	DMDGDYPIDTY		psite	995
ENSP00000345731	DLG1	775	RPKRDYEVDGR		psite	489
ENSP00000345731	DLG1	782	VDGRDYHFVTS		hprd;pelm;psite	489
ENSP00000313420	PRKDC	2935	RSIGEYDVLRG		psite	851
ENSP00000360216	DNTT	477	DNHALYDKTKR		hprd;psite	424
ENSP00000233668	DOK1	315	SQDSLYSDPLD		hprd;pelm;psite	944
ENSP00000233668	DOK1	362	KEDPIYDEPEG	INSR	hprd;pelm;psite	944
ENSP00000233668	DOK1	377	PPQGLYDLPRE		hprd;pelm;psite	944
ENSP00000233668	DOK1	409	PATDDYAVPPP		hprd;pelm;psite	944
ENSP00000276420	DOK2	192	PGTQLYDWPYR		psite	927
ENSP00000276420	DOK2	271	RPDSPYSRPHD		hprd;pelm;psite	927
ENSP00000276420	DOK2	330	LADPLYDSIEE		psite	927
ENSP00000276420	DOK2	345	RPDHIYDEPEG		hprd;pelm;psite	927
ENSP00000276420	DOK2	357	AALSLYDSPQE		psite	927
ENSP00000276420	DOK2	402	QPGTEYDNVVL		psite	927
ENSP00000204961	EFNB1	324	KVSGDYGHPVY		hprd;pelm;psite	994
ENSP00000245323	EFNB2	311	KVSGDYGHPVY		pelm;psite	994
ENSP00000226091	EFNB3	318	KVSGDYGHPVY		psite	917
ENSP00000216733	EFS	128	SPDLIYKIPRA		psite	456
ENSP00000216733	EFS	148	DALEVYDVPPT		psite	456
ENSP00000216733	EFS	163	PSSGPYDCPAS		psite	456
ENSP00000216733	EFS	188	EDDAPYDVPLT		psite	456
ENSP00000216733	EFS	381	PMAEEYDYVHL		psite	456
ENSP00000216733	EFS	383	AEEYDYVHLKG		psite	456
ENSP00000275493	EGFR	1125	SRDPHYQDPHS	SRC	hprd;pelm;psite	999
ENSP00000275493	EGFR	1172	LDNPDYQQDFF	EGFR	hprd;pelm;psite	999
ENSP00000312185	ELMO1	720	KEPSNYDFVYD	HCK	hprd;pelm;psite	918
ENSP00000358857	EMD	74	GDADMYDLPKK	ABL1;SRC	hprd;pelm;psite	802
ENSP00000358857	EMD	94	GYNDDYYEESY	ABL1;SRC	hprd;psite	802
ENSP00000234590	ENO1	257	FRSGKYDLDFK		psite	565
ENSP00000234590	ENO1	287	SFIKDYPVVSI		hprd;pelm;psite	565
ENSP00000297494	NOS3	81	VGSITYDTLSA		hprd;pelm;psite	933
ENSP00000275815	EPHA1	605	VDLQAYEDPAQ		psite	904
ENSP00000351209	EPHA2	594	VDPHTYEDPNQ	EPHA2	hprd;pelm;psite	917
ENSP00000337451	EPHA3	602	VDPHTYEDPTQ	EPHA3	hprd;pelm;psite	961
ENSP00000281821	EPHA4	602	VDPFTYEDPNQ	EPHA4	hprd;pelm;psite	962
ENSP00000273854	EPHA5	656	IDPHTYEDPNQ		psite	903
ENSP00000358309	EPHA7	614	IDPETYEDPNR		psite	903
ENSP00000381097	EPHB1	600	IDPFTYEDPNE		hprd;pelm;psite	909
ENSP00000363763	EPHB2	181	LAFQDYGGCMS		psite	994
ENSP00000363763	EPHB2	603	IDPFTYEDPNE	EPHB2	hprd;psite	994
ENSP00000363763	EPHB2	913	RTIPDYTSFNT		psite	994
ENSP00000222139	EPOR	468	GISTDYSSGDS	JAK2	hprd;psite	899
ENSP00000222139	EPOR	485	LSDGPYSNPYE	JAK2	hprd;psite	899
ENSP00000281172	EPS8	540	YAKSKYDFVAR		psite	950
ENSP00000281172	EPS8	723	VINITYDSTPE		psite	950
ENSP00000206249	ESR1	219	QGHNDYMCPAT	ABL1	pelm;psite	999
ENSP00000206249	ESR1	537	NVVPLYDLLLE	LCK;SRC	hprd;pelm;psite	999
ENSP00000370330	ERBB2IP	733	FNLPEYDLNVE		hprd;pelm;psite	903
ENSP00000370330	ERBB2IP	884	GGLKIYDILSD		psite	903
ENSP00000370330	ERBB2IP	920	SATLLYDQPLQ		hprd;pelm;psite	903
ENSP00000370330	ERBB2IP	1104	IPEGDYLSYRE		hprd;pelm;psite	903
ENSP00000370330	ERBB2IP	1252	EQLIDYLMLKV		hprd;psite	903
ENSP00000215832	MAPK1	43	MVCSAYDNVNK		psite	932
ENSP00000308774	BMX	216	TSLAQYDSNSK	BTK;ITK;TEC	hprd;pelm;psite	962
ENSP00000376652	EVL	18	ASVMVYDDTSK		psite	717
ENSP00000338934	EZR	116	LSDEIYCPPET		psite	941
ENSP00000338934	EZR	354	LRLQDYEEKTK	EGFR	hprd;pelm;psite	941
ENSP00000341189	PTK2	155	QVKSDYMLEIA		psite	999
ENSP00000341189	PTK2	397	SETDDYAEIID	FGR;MET;PTK2;SRC	hprd;pelm;psite	999
ENSP00000347979	FAS	291	GKKEAYDTLIK		pelm;psite	853
ENSP00000271450	FCGR2A	281	ETNNDYETADG	BLK;FYN;LYN;SYK	hprd;pelm;psite	854
ENSP00000363115	FGR	86	LFIALYDYEAR		psite	961
ENSP00000358866	FLNA	1047	EVEVTYDGVPV		hprd;pelm;psite	547
ENSP00000358866	FLNA	1862	QFYVDYVNCGH		psite	547
ENSP00000358866	FLNA	1932	VLPGDYSILVK		psite	547
ENSP00000358866	FLNA	2305	QEPGDYEVSVK		psite	547
ENSP00000378368	FLOT2	158	TIKDVYDKVDY		psite	460
ENSP00000378368	FLOT2	163	YDKVDYLSSLG	FYN	psite	460
ENSP00000306245	FOS	10	GFNADYEASSS		psite	947
ENSP00000299293	FRS2	290	EWDTGYDSDER		psite	995
ENSP00000357656	FYN	91	LFVALYDYEAR		psite	993
ENSP00000312999	GNAI2	168	IAQSDYIPTQQ		psite	908
ENSP00000377192	G6PD	142	YVAGQYDDAAS		psite	824
ENSP00000262995	GAB1	183	EDPQDYLLLIN		psite	878
ENSP00000262995	GAB1	242	QQQMIYDSPPS	INSR;SRC	hprd;pelm;psite	878
ENSP00000262995	GAB1	307	HVSISYDIPPT	EGFR;MET	hprd;pelm;psite	878
ENSP00000262995	GAB1	373	DTDSSYCIPTA	EGFR;INSR;MET;SRC	hprd;pelm;psite	878
ENSP00000262995	GAB1	406	SSQDCYDIPRA	EGFR;MET	hprd;pelm;psite	878
ENSP00000262995	GAB1	689	DERVDYVVVDQ	EGFR;INSR;MET	hprd;pelm;psite	878
ENSP00000399588	GAB3	534	KFSLDYLALDF		psite	710
ENSP00000399588	GAB3	561	EQRVDYVQVDE		psite	710
ENSP00000229239	GAPDH	49	VYMFQYDSTHG		psite	613
ENSP00000229239	GAPDH	140	VNHEKYDNSLK		psite	613
ENSP00000229239	GAPDH	255	EKPAKYDDIKK		psite	613
ENSP00000229239	GAPDH	314	KLISWYDNEFG		psite	613
ENSP00000378338	GIT1	293	LAMDVYDEVDR		hprd;psite	950
ENSP00000378338	GIT1	392	DDQHDYDSVAS		hprd;pelm;psite	950
ENSP00000378338	GIT1	607	GADSDYENTQS		hprd;pelm;psite	950
ENSP00000347464	GIT2	392	NDQPDYDSVAS		hprd;pelm;psite	929
ENSP00000347464	GIT2	592	TPESDYDNTPN		psite	929
ENSP00000382791	GRIK1	494	ILGFIYDVKLV		psite	480
ENSP00000385720	ARHGAP35	1087	FDPSDYAEPMD		hprd;pelm;psite	997
ENSP00000335620	GSTA1	147	SHGQDYLVGNK		psite	655
ENSP00000420168	GSTA2	147	SHGQDYLVGNK		psite	657
ENSP00000211122	GSTA3	147	SHGQDYLVGNK		psite	657
ENSP00000322542	GTF2I	248	SEDPDYYQYNI	BTK;SRC	hprd;pelm;psite	701
ENSP00000317659	GUK1	53	ENGKDYYFVTR		psite	614
ENSP00000365012	HCK	89	VALYDYEAIHH		psite	962
ENSP00000261917	HCN4	554	QRIHDYYEHRY		psite	861
ENSP00000353462	CASS4	174	LPSQVYDVPTQ		psite	808
ENSP00000353462	CASS4	195	EKQQLYDIPAS		psite	808
ENSP00000353462	CASS4	244	KSEWIYDTPVS		psite	808
ENSP00000353462	CASS4	329	DEDVSYKVPSS		hprd;pelm;psite	808
ENSP00000353462	CASS4	350	TKPNIYDIPKA		hprd;pelm;psite	808
ENSP00000365439	HNRNPK	72	ALRTDYNASVS	SRC	hprd;psite	991
ENSP00000365439	HNRNPK	225	GRAQPYDPNFY	SRC	hprd;psite	991
ENSP00000365439	HNRNPK	230	YDPNFYDETYD	SRC	hprd;pelm;psite	991
ENSP00000365439	HNRNPK	234	FYDETYDYGGF	SRC	hprd;pelm;psite	991
ENSP00000365439	HNRNPK	236	DETYDYGGFTM	SRC	hprd;pelm;psite	991
ENSP00000365439	HNRNPK	280	PSRRDYDDMSP		hprd;psite	991
ENSP00000365439	HNRNPK	323	GDLMAYDRRGR		psite	991
ENSP00000365439	HNRNPK	333	RPGDRYDGMVG		psite	991
ENSP00000365439	HNRNPK	369	QGGSGYDYSYA		psite	991
ENSP00000365439	HNRNPK	371	GSGYDYSYAGG		psite	991
ENSP00000283179	HNRNPU	613	PKDEDYKQRTQ		psite	852
ENSP00000309845	HRAS	32	HFVDEYDPTIE		psite	997
ENSP00000320176	HCLS1	140	AVGFDYKGEVE		psite	904
ENSP00000320176	HCLS1	153	TSQKDYSRGFG		psite	904
ENSP00000320176	HCLS1	175	KAALGYDYKGE		psite	904
ENSP00000320176	HCLS1	177	ALGYDYKGETE		psite	904
ENSP00000320176	HCLS1	190	ESQRDYAKGFG		psite	904
ENSP00000320176	HCLS1	378	EPENDYEDVEE	LYN;SYK	hprd;pelm;psite	904
ENSP00000320176	HCLS1	397	EPEGDYEEVLE	FGR;LYN;SYK	hprd;pelm;psite	904
ENSP00000302961	HSPA4	89	KSNLAYDIVQL		pelm;psite	480
ENSP00000302961	HSPA4	723	NKEDQYDHLDA		psite	480
ENSP00000268035	IGF1R	1165	IYETDYYRKGG	IGF1R;SRC	hprd;pelm;psite	967
ENSP00000216797	NFKBIA	305	EDELPYDDCVF	ABL1	pelm;psite	995
ENSP00000357470	IL6R	457	DPRSPYDISNT		psite	762
ENSP00000303830	INSR	1189	IYETDYYRKGG	INSR	hprd;pelm;psite	682
ENSP00000268182	IQGAP1	855	KARDDYKTLIN		psite	985
ENSP00000268182	IQGAP1	1114	ASKLPYDVTPE		psite	985
ENSP00000268182	IQGAP1	1526	GEQVDYYKSYI		psite	985
ENSP00000304895	IRS1	632	KGSGDYMPMSP	JAK1	hprd;pelm;psite	957
ENSP00000304895	IRS1	989	SSRGDYMTMQM		psite	957
ENSP00000365016	IRS2	632	PYPEDYGDIEI	INSR	hprd;psite	687
ENSP00000365016	IRS2	675	CRSDDYMPMSP		hprd;pelm;psite	687
ENSP00000365016	IRS2	766	LPNGDYLNVSP		psite	687
ENSP00000365016	IRS2	978	SPLSDYMNLDF		hprd;psite	687
ENSP00000316338	BAIAP2	310	PDGEDYSPWAD		hprd;pelm;psite	424
ENSP00000316338	BAIAP2	505	QGLDDYGARSM		psite	424
ENSP00000005260	BAIAP2L1	274	VVRKDYDTLSK		psite	844
ENSP00000005260	BAIAP2L1	439	IPPPDYLECLS		psite	844
ENSP00000364094	ITGB1	141	KRAEDYPIDLY		psite	932
ENSP00000200181	ITGB4	1343	QSGEDYDSFLM		psite	852
ENSP00000200181	ITGB4	1492	TLTRDYNSLTR		psite	852
ENSP00000200181	ITGB4	1510	TLPRDYSTLTS		hprd;psite	852
ENSP00000267082	ITGB7	753	LSVEIYDRREY	PTK2;SRC	psite	845
ENSP00000398655	ITK	146	TGCAQYDPTKN		psite	963
ENSP00000398655	ITK	180	VVIALYDYQTN	BTK;ITK;TEC	hprd;pelm;psite	963
ENSP00000398655	ITK	182	IALYDYQTNDP		psite	963
ENSP00000371067	JAK2	221	AKIQDYHILTR	JAK2	hprd;psite	970
ENSP00000371067	JAK2	570	REVGDYGQLHE	JAK2	hprd;pelm;psite	970
ENSP00000371067	JAK2	790	NNCMDYEPDFR		psite	970
ENSP00000371067	JAK2	813	LFTPDYELLTE	JAK2	hprd;pelm;psite	970
ENSP00000371067	JAK2	940	GSLRDYLQKHK		psite	970
ENSP00000288135	KIT	362	DKWEDYPKSEN		hprd;psite	882
ENSP00000288135	KIT	578	PTQLPYDHKWE		psite	882
ENSP00000288135	KIT	900	APAEMYDIMKT	SRC	hprd;pelm;psite	882
ENSP00000256078	KRAS	32	HFVDEYDPTIE		psite	652
ENSP00000354119	LAT	36	RLPGSYDSTSS		psite	659
ENSP00000354119	LAT	156	EDEDDYHNPGY	ZAP70	hprd;psite	659
ENSP00000354119	LAT	200	ESIDDYVNVPE	ZAP70	hprd;psite	659
ENSP00000354119	LAT	255	EGAPDYENLQE	ZAP70	hprd;psite	659
ENSP00000337825	LCK	489	RPTFDYLRSVL		psite	908
ENSP00000353508	MAP2	592	EPGSDYYELSD		psite	956
ENSP00000417281	MDM2	400	QESEDYSQPST	ABL1	hprd;pelm;psite	419
ENSP00000237380	MED28	64	LVSQDYVNGTD	LCK	hprd;psite	865
ENSP00000343463	MAP3K2	250	QEFSDYDNPIF		psite	899
ENSP00000317272	MET	989	SELVRYDARVH		psite	985
ENSP00000317272	MET	1021	NESVDYRATFP		hprd;pelm;psite	985
ENSP00000317272	MET	1248	LARDMYDKEYY	MET	hprd;pelm;psite	985
ENSP00000351664	MICAL1	483	QVRDLYDVLAK		psite	623
ENSP00000353408	MSN	116	LNDDIYCPPET		psite	534
ENSP00000381425	MPP3	316	LRKPPYDQPCD		psite	431
ENSP00000367207	MYC	27	FTNRNYDLDYD		psite	609
ENSP00000367207	MYC	31	NYDLDYDSVQP		psite	609
ENSP00000223023	WASL	256	TSKVIYDFIEK	ABL1	hprd;pelm;psite	430
ENSP00000288986	NCK1	105	PGERLYDLNMP	ABL1	hprd;pelm;psite	912
ENSP00000288986	NCK1	268	PPQCDYIRPSL		hprd;pelm;psite	912
ENSP00000233154	NCK2	110	GADRIYDLNIP		hprd;pelm;psite	909
ENSP00000218652	NDFIP2	186	TSLPTYDEAEK		psite	619
ENSP00000264025	PVRL1	460	GPHPKYDEDAK		psite	856
ENSP00000264025	PVRL1	490	TLGYQYDPEQL		psite	856
ENSP00000252483	PVRL2	513	KINPIYDALSY		psite	825
ENSP00000327850	NFATC1	358	FAPEDYSSFQH		psite	478
ENSP00000327850	NFATC1	696	EPTDDYEPAPT		psite	478
ENSP00000226574	NFKB1	241	VSDAIYDSKAP		psite	911
ENSP00000332549	GRIN2A	730	LDAFIYDAAVL		psite	991
ENSP00000332549	GRIN2A	1246	RMGNLYDIDED	FYN	psite	991
ENSP00000279593	GRIN2B	1304	RRQHSYDTFVD		psite	958
ENSP00000313169	NPHP1	722	LSEQTYDFLGE	SRC	psite	465
ENSP00000368190	NPHS1	1176	FPGHLYDEVER		psite	945
ENSP00000368190	NPHS1	1193	AWGPLYDEVQM		psite	945
ENSP00000368190	NPHS1	1217	DPRGIYDQVAG		psite	945
ENSP00000358548	NRAS	32	HFVDEYDPTIE		psite	953
ENSP00000347379	OCLN	287	DKEHIYDEQPP		psite	908
ENSP00000347379	OCLN	315	SPPSDYVERVD		psite	908
ENSP00000347379	OCLN	402	HYETDYTTGGE	SRC	psite	908
ENSP00000347379	OCLN	467	KELDDYREESE		psite	908
ENSP00000162330	BCAR1	12	LAKALYDNVAE		psite	999
ENSP00000162330	BCAR1	115	QPDSVYLVPTP	SRC	hprd;psite	999
ENSP00000162330	BCAR1	234	PEQDEYDIPRH	SRC	hprd;pelm;psite	999
ENSP00000162330	BCAR1	249	GPQDIYDVPPV	FGFR1	hprd;pelm;psite	999
ENSP00000162330	BCAR1	267	YGQEVYDTPPM	SRC	hprd;psite	999
ENSP00000162330	BCAR1	287	PLLEVYDVPPS	SRC	hprd;psite	999
ENSP00000162330	BCAR1	306	NHHAVYDVPPS	FGFR1	hprd;pelm;psite	999
ENSP00000162330	BCAR1	327	LREETYDVPPA	FGFR1	hprd;pelm;psite	999
ENSP00000162330	BCAR1	362	PAEDVYDVPPP	SRC	hprd;psite	999
ENSP00000162330	BCAR1	372	PAPDLYDVPPG		hprd;psite	999
ENSP00000162330	BCAR1	387	GPGTLYDVPRE	SRC	hprd;pelm;psite	999
ENSP00000162330	BCAR1	664	GWMEDYDYVHL	PTK2;PTK6	hprd;pelm;psite	999
ENSP00000162330	BCAR1	666	MEDYDYVHLQG	PTK2	hprd;psite	999
ENSP00000229794	MAPK14	323	PVADPYDQSFE	FYN;LCK;ZAP70	pelm;psite	915
ENSP00000220597	PAG1	387	EPEPDYEAIQT		psite	540
ENSP00000220597	PAG1	417	PKENDYESISD		hprd;pelm;psite	540
ENSP00000278568	PAK1	153	KSAEDYNSSNA	JAK2	psite	441
ENSP00000314067	PAK2	130	DVLKFYDSNTV	SRC	hprd;pelm;psite	981
ENSP00000257290	PDGFRA	582	PMQLPYDSRWE		psite	815
ENSP00000257290	PDGFRA	731	ENNGDYMDMKQ		hprd;pelm;psite	815
ENSP00000257290	PDGFRA	762	IQRSLYDRPAS	PDGFRA	hprd;pelm;psite	815
ENSP00000257290	PDGFRA	1018	SADSGYIIPLP	PDGFRA	hprd;pelm;psite	815
ENSP00000261799	PDGFRB	692	GDLVDYLHRNK		psite	994
ENSP00000261799	PDGFRB	751	DESVDYVPMLD	PDGFRB	hprd;pelm;psite	994
ENSP00000261799	PDGFRB	775	NYMAPYDNYVP	PDGFRB	hprd;pelm;psite	994
ENSP00000261799	PDGFRB	1021	EGDNDYIIPLP	PDGFRB	hprd;pelm;psite	994
ENSP00000344220	PDPK1	9	TTSQLYDAVPI	RET;SRC	hprd;pelm;psite	684
ENSP00000344220	PDPK1	376	DCYGNYDNLLS	IGF1R;SRC	pelm;psite	684
ENSP00000312649	PPARGC1B	990	PRYTDYDSNSE		psite	693
ENSP00000289153	PIK3CB	246	VSPYDYVLQVS		psite	990
ENSP00000289153	PIK3CB	962	PFILTYDFIHV		psite	990
ENSP00000366563	PIK3CD	936	PFILTYDFVHV		psite	988
ENSP00000274335	PIK3R1	12	QYRALYDYKKE		psite	997
ENSP00000274335	PIK3R1	368	KMHGDYTLTLR	INSR	hprd;pelm;psite	997
ENSP00000274335	PIK3R1	463	EKSREYDRLYE		psite	997
ENSP00000274335	PIK3R1	528	RIMHNYDKLKS		psite	997
ENSP00000222254	PIK3R2	460	DKSREYDQLYE		hprd;psite	926
ENSP00000262741	PIK3R3	195	EKSKEYDRLYE		psite	926
ENSP00000262741	PIK3R3	260	RIMMNYDKLKS		psite	926
ENSP00000262741	PIK3R3	373	AEDLLYGKPDG		psite	926
ENSP00000309591	PRKACA	331	SNFDDYEEEEI		hprd;psite	629
ENSP00000305355	PRKCB	507	CGTPDYIAPEI		psite	811
ENSP00000331602	PRKCD	514	CGTPDYIAPEI	LCK	hprd;psite	984
ENSP00000331602	PRKCD	630	KSPRDYSNFDQ		psite	984
ENSP00000306124	PRKCE	573	CGTPDYIAPEI		psite	965
ENSP00000263431	PRKCG	521	CGTPDYIAPEI		psite	905
ENSP00000329127	PRKCH	94	ETPLGYDHFVA		psite	963
ENSP00000295797	PRKCI	430	LRGEDYGFSVD		psite	965
ENSP00000263125	PRKCQ	545	CGTPDYIAPEI		psite	901
ENSP00000244007	PLCG1	771	TAEPDYGALYE	EGFR;LYN;SYK	hprd;pelm;psite	988
ENSP00000244007	PLCG1	833	WWRGDYGGKKQ		psite	988
ENSP00000352336	PLCG2	753	DINSLYDVSRM	BTK;FYN;LCK;LYN;SRC	hprd;pelm;psite	918
ENSP00000352336	PLCG2	778	TVKALYDYKAK		psite	918
ENSP00000352336	PLCG2	780	KALYDYKAKRS		psite	918
ENSP00000352336	PLCG2	811	WWKGDYGTRIQ		psite	918
ENSP00000352336	PLCG2	1048	MRTEKYDPMPP		psite	918
ENSP00000352336	PLCG2	1217	NQLFLYDTHQN	BTK;LCK	hprd;pelm;psite	918
ENSP00000342793	PLD1	42	GEEVDYDVSPS		psite	802
ENSP00000263088	PLD2	511	WLGKDYSNLIT	SRC	psite	833
ENSP00000234313	PLEK	278	AYLHYYDPAGA		psite	782
ENSP00000368349	POLA1	942	DLILQYDIRQK		psite	534
ENSP00000326031	PPP1CA	148	RIYGFYDECKR		psite	828
ENSP00000371432	PRLR	509	AKPLDYVEIHK		psite	568
ENSP00000371432	PRLR	611	LGGLDYLDPAC		hprd;pelm;psite	568
ENSP00000248594	PTPN12	88	SQDSDYINANF		psite	930
ENSP00000360683	PTPN1	66	QEDNDYINASL	EGFR	hprd;pelm;psite	999
ENSP00000311857	PTPN2	32	NESHDYPHRVA		psite	745
ENSP00000311857	PTPN2	54	RDVSPYDHSRV		psite	745
ENSP00000265562	PTPN23	213	AQVVDYYKEAC		psite	647
ENSP00000265562	PTPN23	1229	QDVMPYDSNRV		psite	647
ENSP00000369756	PTPRA	588	EENTDYVNASF		pelm;psite	999
ENSP00000348812	PTPRD	1392	ANVIAYDHSRV		psite	927
ENSP00000353030	PTPRF	1387	ANVIAYDHSRV		psite	470
ENSP00000400010	PTPRJ	1077	NNVLPYDISRV		psite	953
ENSP00000400010	PTPRJ	1225	YLVRDYMKQSP		psite	953
ENSP00000295718	PTPRN	746	PDFLPYDHARI		psite	442
ENSP00000349932	PTPRS	1428	ANVIAYDHSRV		psite	578
ENSP00000418070	PVRL3	438	TFRGDYFAKNY		hprd;psite	899
ENSP00000418070	PVRL3	486	LIRKDYLEEPE		psite	899
ENSP00000418070	PVRL3	510	ERPMDYYEDLK		psite	899
ENSP00000418070	PVRL3	526	VSDEHYDENED		psite	899
ENSP00000332816	PTK2B	579	IEDEDYYKASV	PTK2B	hprd;pelm;psite	999
ENSP00000332816	PTK2B	819	QMVEDYQWLRQ		psite	999
ENSP00000352513	MPZL1	200	NSKRDYTGCST		pelm;psite	865
ENSP00000348461	RAC1	64	AGQEDYDRLRP	PTK2;SRC	psite	994
ENSP00000249071	RAC2	64	AGQEDYDRLRP		psite	941
ENSP00000304283	RAC3	64	AGQEDYDRLRP		psite	992
ENSP00000251849	RAF1	458	AQGMDYLHAKN		psite	863
ENSP00000005257	RALA	43	EFVEDYEPTKA		psite	937
ENSP00000005257	RALA	75	AGQEDYAAIRD		psite	937
ENSP00000348786	RAP1A	159	VNEIFYDLVRQ		psite	906
ENSP00000250559	RAP1B	159	VNEIFYDLVRQ		psite	523
ENSP00000361264	RAPGEF1	408	HYDPDYEFLQQ		psite	991
ENSP00000361264	RAPGEF1	579	QLLEDYSEPQP		psite	991
ENSP00000274376	RASA1	239	AMCGDYYIGGR		psite	990
ENSP00000347942	RET	1015	VKRRDYLDLAA	RET	hprd;pelm;psite	964
ENSP00000347942	RET	1029	SDSLIYDDGLS	RET	hprd;pelm;psite	964
ENSP00000400175	RHOA	66	AGQEDYDRLRP		psite	867
ENSP00000272233	RHOB	66	AGQEDYDRLRP		psite	860
ENSP00000339467	RHOG	64	AGQEEYDRLRT		psite	442
ENSP00000269321	ARHGDIA	144	IDKTDYMVGSY		psite	902
ENSP00000310561	ARHGAP32	1632	QARSDYHVTQL		psite	695
ENSP00000310561	ARHGAP32	1773	PVMSQYDNMTP		psite	695
ENSP00000310561	ARHGAP32	2023	TVVSQYDNLED		psite	695
ENSP00000310561	ARHGAP32	2029	DNLEDYHSLPQ		hprd;psite	695
ENSP00000296474	MST1R	1017	YSGSDYRSGLA		psite	627
ENSP00000401802	PSMC6	342	HGEIDYEAIVK		psite	534
ENSP00000246792	RRAS	58	YFVSDYDPTIE		psite	952
ENSP00000386444	SAG	258	LYSSDYYVKPV		psite	500
ENSP00000313829	KHDRBS1	371	YEEYGYDDTYA		psite	999
ENSP00000313829	KHDRBS1	397	GDSEYYDYGHG		psite	999
ENSP00000356437	SASH1	69	QQYADYYNTCF		psite	527
ENSP00000356437	SASH1	570	FTPSPYDTDSL		psite	527
ENSP00000356437	SASH1	697	ELLQEYDSNSD		psite	527
ENSP00000356437	SASH1	932	CLPRNYDAQPP		psite	527
ENSP00000264896	SCARB2	284	ITFSDYESVQG		pelm;psite	418
ENSP00000269886	SH3GL1	315	SCKALYDFEPE	PTK2;SRC	pelm;psite	939
ENSP00000366936	SHB	114	MCRLDYCGGSG		hprd;psite	977
ENSP00000366936	SHB	246	TIADDYSDPFD		hprd;pelm;psite	977
ENSP00000366936	SHB	297	KGIQLYDTPYE		psite	977
ENSP00000366936	SHB	336	RPADEYDQPWE		hprd;psite	977
ENSP00000317817	SH2D3C	183	EAGSDYVKFSK		hprd;pelm;psite	860
ENSP00000298229	INPPL1	1135	LSEVDYAPAGP		hprd;pelm;psite	795
ENSP00000298229	INPPL1	1162	GLPSDYGRPLS		hprd;pelm;psite	795
ENSP00000391592	PTPN6	61	NSGDFYDLYGG		hprd;psite	798
ENSP00000391592	PTPN6	301	IPGSDYINANY		psite	798
ENSP00000340944	PTPN11	62	QNTGDYYDLYG		hprd;pelm;psite	917
ENSP00000340944	PTPN11	63	NTGDYYDLYGG		hprd;pelm;psite	917
ENSP00000340944	PTPN11	179	CQELKYDVGGG		psite	917
ENSP00000340944	PTPN11	304	EPVSDYINANI		pelm;psite	917
ENSP00000345243	SIGLEC10	597	STILDYINVVP	ITK;JAK3;LCK	pelm;psite	820
ENSP00000345243	SIGLEC10	691	GTQADYAEVKF	JAK3;LCK	pelm;psite	820
ENSP00000338171	SKAP1	90	PFLSDYQDEGM		psite	744
ENSP00000338171	SKAP1	232	EKEETYDDIDG	FYN	pelm;psite	744
ENSP00000338171	SKAP1	295	RKGVDYASYYQ	FYN	psite	744
ENSP00000261531	SNW1	98	EGKIKYDAIAR		psite	625
ENSP00000261531	SNW1	407	SNEVQYDQRLF		psite	625
ENSP00000261531	SNW1	433	EIYNVYDQAWR		psite	625
ENSP00000316460	FYB	571	AVEIDYDSLKL	FYN	hprd;pelm;psite	769
ENSP00000316460	FYB	595	DDQEVYDDVAE	FYN	hprd;pelm;psite	769
ENSP00000316460	FYB	625	PDDDIYDGIEE		psite	769
ENSP00000316460	FYB	651	MGDEVYDDVDT	FYN	hprd;pelm;psite	769
ENSP00000316460	FYB	701	RKKFKYDGEIR		psite	769
ENSP00000316460	FYB	771	NDGEIYDDIAD	FYN	psite	769
ENSP00000046794	LCP2	113	FEEDDYESPND	LCK;SYK;ZAP70	hprd;pelm;psite	746
ENSP00000046794	LCP2	128	EDDGDYESPNE	LCK;SYK;ZAP70	hprd;pelm;psite	746
ENSP00000046794	LCP2	145	EDDADYEPPPS	LCK;TXK;ZAP70	hprd;pelm;psite	746
ENSP00000353452	MYLK	1449	EPEVDYRTVTI	ABL1	psite	761
ENSP00000338345	SNCA	125	PDNEAYEMPSE	FYN;PTK2B;SRC;SYK	hprd;pelm;psite	899
ENSP00000366306	SPRY2	215	QNVIDYGTCVC		psite	990
ENSP00000366306	SPRY2	283	LCQGCYDRVNR		psite	990
ENSP00000361824	SPTAN1	601	ATDEAYKDPSN		psite	649
ENSP00000361824	SPTAN1	976	LVLALYDYQEK		psite	649
ENSP00000361824	SPTAN1	1579	ASDESYKDPTN		psite	649
ENSP00000361824	SPTAN1	2445	REQADYCVSHM		psite	649
ENSP00000361824	SPTAN1	2467	PTAFDYVEFTR		psite	649
ENSP00000354394	STAT1	170	DLQDEYDFKCK		psite	991
ENSP00000293328	STAT5B	392	NTRNDYSGEIL		psite	962
ENSP00000364898	SYK	28	EEAEDYLVQGG		psite	967
ENSP00000364898	SYK	348	MDTEVYESPYA	SYK	hprd;pelm;psite	967
ENSP00000307046	SDC2	179	KDEGSYDLGER	SRC	psite	918
ENSP00000312143	TNS3	780	LSLGQYDNDAG		hprd;pelm;psite	717
ENSP00000312143	TNS3	802	KAGVDYAPNLP		hprd;psite	717
ENSP00000348215	SH3PXD2A	530	YEEPEYDIPAF		psite	671
ENSP00000296795	TLR3	858	EEIPDYKLNHA		psite	705
ENSP00000363089	TLR4	674	RGENIYDAFVI		psite	951
ENSP00000261884	TRIP4	289	DDESDYFASDS		hprd;pelm;psite	619
ENSP00000200457	TRIP6	123	PDRQAYEPPPP		hprd;psite	965
ENSP00000340913	TRPC6	31	NESQDYLLMDS		psite	941
ENSP00000261740	TRPV4	110	DSLFDYGTYRH		psite	936
ENSP00000261740	TRPV4	508	RTTVDYLRLAG		hprd;psite	936
ENSP00000264316	TXK	91	QVKALYDFLPR	TXK	hprd;pelm;psite	662
ENSP00000263798	TYRO3	685	IYSGDYYRQGC		psite	667
ENSP00000388107	UBA52	59	RTLSDYNIQKE		psite	643
ENSP00000344818	UBC	59	RTLSDYNIQKE		psite	981
ENSP00000245932	VASP	16	ATVMLYDDGNK		psite	514
ENSP00000360916	VAV2	159	LGEDIYDCVPC	EGFR;LCK	hprd;pelm;psite	959
ENSP00000359073	VAV3	508	NIRPDYADSNF		psite	420
ENSP00000359073	VAV3	667	PKPVDYSCQPW		psite	420
ENSP00000359073	VAV3	797	IAIARYDFCAR		psite	420
ENSP00000263923	KDR	951	RQGKDYVGAIP	KDR	hprd;pelm;psite	995
ENSP00000263923	KDR	1059	YKDPDYVRKGD	KDR	hprd;pelm;psite	995
ENSP00000263923	KDR	1175	QDGKDYIVLPI	KDR;SRC	hprd;pelm;psite	995
ENSP00000263923	KDR	1214	DPKFHYDNTAG	KDR	hprd;pelm;psite	995
ENSP00000248444	VIL1	60	ASSLSYDIHYW	SRC	hprd;pelm;psite	662
ENSP00000248444	VIL1	134	VETNSYDVQRL		psite	662
ENSP00000211998	VCL	107	VPARDYLIDGS		psite	998
ENSP00000365891	WAS	291	TSKLIYDFIED	ABL1;BTK;HCK;LCK;LYN;TNK2	hprd;pelm;psite	984
ENSP00000386161	WWOX	287	PTKNDYWAMLA	TNK2	psite	929
ENSP00000324740	YES1	100	IFVALYDYEAR		psite	902
ENSP00000339245	YTHDC1	540	RRPEDYDIHNS		psite	654
ENSP00000339245	YTHDC1	656	KRVHDYDMRVD		psite	654
ENSP00000264972	ZAP70	126	AMVRDYVRQTW	ZAP70	hprd;pelm;psite	905
ENSP00000264972	ZAP70	315	MDTSVYESPYS	ZAP70	hprd;pelm;psite	905
ENSP00000314709	ZHX2	705	ADDHGYDAVAR		psite	954
ENSP00000281537	TJP1	132	NEEDSYDEEIH		hprd;pelm;psite	923
ENSP00000281537	TJP1	843	RHTSDYEDTDT		hprd;psite	923
ENSP00000281537	TJP1	1140	PAPLSYDSRPR		psite	923
ENSP00000281537	TJP1	1165	QPAPGYDTHGR		psite	923
ENSP00000281537	TJP1	1346	VRSNHYDPEED		psite	923
ENSP00000366453	TJP2	249	SIDQDYERAYH		psite	417
ENSP00000366453	TJP2	257	AYHRAYDPDYE		psite	417
ENSP00000366453	TJP2	261	AYDPDYERAYS		hprd;pelm;psite	417
ENSP00000366453	TJP2	426	HQYSDYDYHSS		psite	417
ENSP00000366453	TJP2	428	YSDYDYHSSSE		hprd;psite	417
ENSP00000366453	TJP2	911	AMGADYLSCDS		psite	417
ENSP00000366453	TJP2	1007	NKEESYDFSKS		psite	417
ENSP00000275493	EGFR	915	FGSKPYDGIPA	SRC	hprd;pelm	999
ENSP00000322542	GTF2I	318	IEDDDYSPPSK		pelm	701
ENSP00000242057	AHR	378	NGRPDYIIVTQ		hprd;pelm	942
ENSP00000274026	CCNA2	146	LVPLDYPMDGS		hprd	661
ENSP00000331736	SELE	603	ESDGSYQKPSY		hprd	411
ENSP00000279593	GRIN2B	1252	KAGNLYDISED	FYN	hprd	958
ENSP00000279593	GRIN2B	932	RESSVYDISEH	FYN	hprd	958
ENSP00000304895	IRS1	732	PCTGDYMNMSP	JAK1	hprd	957
ENSP00000269571	ERBB2	923	FGAKPYDGIPA		hprd	999
ENSP00000361824	SPTAN1	978	LALYDYQEKSP		hprd	649
ENSP00000261023	ITGAV	225	EIVSKYDPNVY		hprd	925
ENSP00000323967	SMARCE1	182	EDPDDYDDGFS		hprd	848
ENSP00000293328	STAT5B	98	QLQNTYDRCPM		hprd	962
ENSP00000316338	BAIAP2	471	IPPPDYGAASR		hprd	424
ENSP00000371341	TNK2	596	TQKPTYDPVSE		hprd	872
ENSP00000370410	MPDZ	717	FSILDYQDPID		hprd	671
