name	SRPK1
id	ENSP00000391069
type	Serine/threonine kinase
proline+1_removed	No
npartners	47
npartners_with_sites	45
nsites	67
//
motif	score	fg_matches	fg_size	bg_matches	bg_size	fold_increase
...SR[ST]RS..R	1538.26	18	868	0	10000	Inf
....K[ST]RS.S.	1230.61	11	850	0	10000	Inf
.SRS.[ST]P....	1230.61	13	839	0	10000	Inf
R..S.[ST].S..R	1230.61	12	826	0	10000	Inf
...RR[ST].S..R	938.13	11	814	0	10000	Inf
//
prot_id	prot_name	position	flank	kinase	source	string_score
ENSP00000240304	LUC7L3	325	RERRRSRSRDR		psite	917
ENSP00000240304	LUC7L3	333	RDRRRSRSHDR		hprd;pelm;psite	917
ENSP00000272163	LBR	84	RSRSRSRSPGR		hprd;psite	983
ENSP00000272163	LBR	86	RSRSRSPGRPP		hprd;psite	983
ENSP00000293872	LUC7L	270	RDRRRSRSRDR		psite	463
ENSP00000293872	LUC7L	293	RKLSRSRSRDR		psite	463
ENSP00000257181	PRPF38A	250	SPKRRSPSPRR		psite	974
ENSP00000257181	PRPF38A	281	RSRSKSPGHHR		hprd;pelm;psite	974
ENSP00000257181	PRPF38A	294	RHRSHSKSPER		hprd;psite	974
ENSP00000315859	RNPS1	287	PVRRRSRSPGR		hprd;pelm;psite	474
ENSP00000258962	SRSF1	207	YGRSRSRSRSR	SRPK1	psite	999
ENSP00000258962	SRSF1	209	RSRSRSRSRSR	SRPK1	psite	999
ENSP00000258962	SRSF1	211	RSRSRSRSRSR	SRPK1	psite	999
ENSP00000258962	SRSF1	213	RSRSRSRSRSR	SRPK1	psite	999
ENSP00000258962	SRSF1	217	RSRSRSRSNSR	SRPK1	psite	999
ENSP00000258962	SRSF1	219	RSRSRSNSRSR	SRPK1	psite	999
ENSP00000258962	SRSF1	227	RSRSYSPRRSR	SRPK1	hprd;psite	999
ENSP00000334538	SREK1	524	SSRSPSPRSRN		hprd;psite	440
ENSP00000358374	SCAF11	846	RGRKKSRSQSP		psite	619
ENSP00000358374	SCAF11	850	KSRSQSPKKDI		psite	619
ENSP00000358374	SCAF11	864	RRQSQSRSPKR		psite	619
ENSP00000358374	SCAF11	907	SPGEKSRSQSR		psite	619
ENSP00000362820	SRSF3	120	SPRRRSFSRSR		psite	852
ENSP00000362820	SRSF3	122	RRRSFSRSRSR		psite	852
ENSP00000362820	SRSF3	126	FSRSRSRSLSR		psite	852
ENSP00000362820	SRSF3	128	RSRSRSLSRDR		hprd;psite	852
ENSP00000362820	SRSF3	154	RSFSRSRSRSR		psite	852
ENSP00000362900	SRSF4	188	RSYSRSRSHSR		pelm;psite	718
ENSP00000362900	SRSF4	222	KSRSRSRSGSR		hprd;pelm;psite	718
ENSP00000362900	SRSF4	232	RSRSKSRSRSQ		psite	718
ENSP00000362900	SRSF4	255	PSKEKSRSRSH		hprd;pelm;psite	718
ENSP00000362900	SRSF4	265	HSAGKSRSKSK		psite	718
ENSP00000362900	SRSF4	288	VGKPKSRSPSR		hprd;psite	718
ENSP00000362900	SRSF4	300	KSKSKSRSRSQ		hprd;pelm;psite	718
ENSP00000362900	SRSF4	302	KSKSRSRSQER		hprd;pelm;psite	718
ENSP00000377892	SRSF5	215	KSYSRSRSRSR		hprd;psite	746
ENSP00000377892	SRSF5	227	RSRSKSRSVSR		hprd;psite	746
ENSP00000377892	SRSF5	250	SSRSKSPASVD		hprd;pelm;psite	746
ENSP00000244020	SRSF6	190	TSHRRSYSGSR		psite	668
ENSP00000244020	SRSF6	194	RSYSGSRSRSR		psite	668
ENSP00000244020	SRSF6	196	YSGSRSRSRSR		psite	668
ENSP00000244020	SRSF6	293	DIKSKSRSRSQ		psite	668
ENSP00000244020	SRSF6	295	KSKSRSRSQSR		hprd;psite	668
ENSP00000244020	SRSF6	303	QSRSNSPLPVP		hprd;pelm;psite	668
ENSP00000244020	SRSF6	326	RATSRSRSRSR		hprd;psite	668
ENSP00000229390	SRSF9	195	YGYSRSRSGSR		hprd;pelm;psite	414
ENSP00000326261	SRRM1	177	PRRRKSRSPSP		hprd;psite	633
ENSP00000326261	SRRM1	179	RRKSRSPSPRR		hprd;psite	633
ENSP00000326261	SRRM1	181	KSRSPSPRRRS		hprd;psite	633
ENSP00000326261	SRRM1	207	RHRTKSRSPSP		hprd;psite	633
ENSP00000326261	SRRM1	211	KSRSPSPAPEK		hprd;pelm;psite	633
ENSP00000326261	SRRM1	292	RTRSRSPSHTR		hprd;psite	633
ENSP00000326261	SRRM1	308	RSRSRSYSPRR		psite	633
ENSP00000326261	SRRM1	310	RSRSYSPRRRP		pelm;psite	633
ENSP00000326261	SRRM1	369	SSRSRSPPKKP		psite	633
ENSP00000326261	SRRM1	391	RRLSPSASPPR		hprd;pelm;psite	633
ENSP00000326261	SRRM1	530	PSRSASPSPRK		hprd;pelm;psite	633
ENSP00000326261	SRRM1	590	PPRRRSPSPRR		psite	633
ENSP00000291552	U2AF1	204	SRERRSRSRDR		psite	994
ENSP00000307863	U2AF2	32	RSHSRSRSRDR		psite	846
ENSP00000307863	U2AF2	41	DRKRRSRSRDR		psite	846
ENSP00000348273	MBP	299	DSRSGSPMARR	UHMK1	pelm	654
ENSP00000291552	U2AF1	197	KHRSRSRSRER		hprd	994
ENSP00000272163	LBR	80	RRGSRSRSRSR		hprd	983
ENSP00000358374	SCAF11	939	RSRSHSRSPSR		hprd	619
ENSP00000358374	SCAF11	941	RSHSRSPSRCR		hprd	619
ENSP00000326261	SRRM1	341	PRHRRSRSPVR		hprd	633
