name	SRPK2
id	ENSP00000377262
type	Serine/threonine kinase
proline+1_removed	No
npartners	32
npartners_with_sites	29
nsites	90
//
motif	score	fg_matches	fg_size	bg_matches	bg_size	fold_increase
R.RS.[ST]....R	1230.61	23	468	0	10000	Inf
....R[ST]RS..R	1230.61	25	445	0	10000	Inf
..RSR[ST].D...	933.66	12	420	0	10000	Inf
...S.[ST]RS.S.	343.78	12	304	0	9495	Inf
R.R.R[ST].....	327.24	12	408	3	10000	98.04
//
prot_id	prot_name	position	flank	kinase	source	string_score
ENSP00000262710	ACIN1	595	RSRSRSPDSSG		psite	981
ENSP00000262710	ACIN1	1161	RERTRSEREWD		psite	981
ENSP00000262710	ACIN1	1176	REGPRSRSRSR		hprd;pelm;psite	981
ENSP00000262710	ACIN1	1178	GPRSRSRSRDR		hprd;pelm;psite	981
ENSP00000262710	ACIN1	1180	RSRSRSRDRRR	AKT1;SRPK2	hprd;pelm;psite	981
ENSP00000262710	ACIN1	1327	KRHSRSRSRST		hprd;pelm;psite	981
ENSP00000262710	ACIN1	1331	RSRSRSTPVRD		hprd;pelm;psite	981
ENSP00000383059	ARGLU1	56	RRESRSRSRST		hprd;psite	986
ENSP00000383059	ARGLU1	60	RSRSRSTNTAV		hprd;psite	986
ENSP00000326830	CLK1	140	RKRTRSVEDDE		hprd;pelm;psite	407
ENSP00000240304	LUC7L3	325	RERRRSRSRDR		psite	918
ENSP00000240304	LUC7L3	327	RRRSRSRDRRR		psite	918
ENSP00000240304	LUC7L3	333	RDRRRSRSHDR		hprd;pelm;psite	918
ENSP00000240304	LUC7L3	335	RRRSRSHDRSE		hprd;pelm;psite	918
ENSP00000240304	LUC7L3	345	ERKHRSRSRDR		psite	918
ENSP00000240304	LUC7L3	347	KHRSRSRDRRR		psite	918
ENSP00000310723	DDX23	25	RKRSRTPDRER		hprd;pelm;psite	891
ENSP00000310723	DDX23	67	RSRSKSAERER		pelm;psite	891
ENSP00000346236	DDX46	40	GDDRRSRSRDR		hprd;pelm;psite	999
ENSP00000346236	DDX46	42	DRRSRSRDRDR		psite	999
ENSP00000346236	DDX46	60	RDKRRSRSRDR		psite	999
ENSP00000346236	DDX46	62	KRRSRSRDRKR		psite	999
ENSP00000346236	DDX46	79	RERDRSRERRR		hprd;pelm;psite	999
ENSP00000346236	DDX46	85	RERRRSRSRDR		psite	999
ENSP00000346236	DDX46	87	RRRSRSRDRRR		psite	999
ENSP00000293872	LUC7L	270	RDRRRSRSRDR		psite	480
ENSP00000293872	LUC7L	272	RRRSRSRDRRR		psite	480
ENSP00000293872	LUC7L	293	RKLSRSRSRDR		psite	480
ENSP00000293872	LUC7L	295	LSRSRSRDRHR		psite	480
ENSP00000257181	PRPF38A	260	RERHRSKSPRR		hprd;pelm;psite	974
ENSP00000257181	PRPF38A	262	RHRSKSPRRHR		hprd;pelm;psite	974
ENSP00000257181	PRPF38A	268	PRRHRSRSRDR		psite	974
ENSP00000257181	PRPF38A	270	RHRSRSRDRRH		psite	974
ENSP00000257181	PRPF38A	279	RHRSRSKSPGH		hprd;pelm;psite	974
ENSP00000257181	PRPF38A	281	RSRSKSPGHHR		hprd;pelm;psite	974
ENSP00000257181	PRPF38A	294	RHRSHSKSPER		hprd;psite	974
ENSP00000352956	RBM23	76	RDRKRSRSRDR		psite	979
ENSP00000352956	RBM23	78	RKRSRSRDRDR		psite	979
ENSP00000253363	RBM39	84	RRRSRSRSRDR		psite	974
ENSP00000253363	RBM39	86	RSRSRSRDRRF		psite	974
ENSP00000253363	RBM39	97	RGRYRSPYSGP		hprd;pelm;psite	974
ENSP00000253363	RBM39	127	RRRSRSKSPFR		hprd;pelm;psite	974
ENSP00000315859	RNPS1	141	RSRSKSKPPKR		hprd;psite	980
ENSP00000315859	RNPS1	287	PVRRRSRSPGR		hprd;pelm;psite	980
ENSP00000315859	RNPS1	289	RRRSRSPGRRR		hprd;pelm;psite	980
ENSP00000244227	SNRNP27	61	RHRSTSPSPSR		hprd;pelm;psite	980
ENSP00000258962	SRSF1	205	PSYGRSRSRSR	SRPK1	hprd;pelm;psite	984
ENSP00000258962	SRSF1	207	YGRSRSRSRSR	SRPK1	psite	984
ENSP00000258962	SRSF1	209	RSRSRSRSRSR	SRPK1	psite	984
ENSP00000258962	SRSF1	211	RSRSRSRSRSR	SRPK1	psite	984
ENSP00000258962	SRSF1	213	RSRSRSRSRSR	SRPK1	psite	984
ENSP00000258962	SRSF1	215	RSRSRSRSRSN	SRPK1	psite	984
ENSP00000258962	SRSF1	217	RSRSRSRSNSR	SRPK1	psite	984
ENSP00000258962	SRSF1	219	RSRSRSNSRSR	SRPK1	psite	984
ENSP00000258962	SRSF1	221	RSRSNSRSRSY	SRPK1	psite	984
ENSP00000258962	SRSF1	223	RSNSRSRSYSP	SRPK1	psite	984
ENSP00000258962	SRSF1	227	RSRSYSPRRSR	SRPK1	hprd;psite	984
ENSP00000362820	SRSF3	122	RRRSFSRSRSR		psite	723
ENSP00000362820	SRSF3	124	RSFSRSRSRSL		psite	723
ENSP00000362820	SRSF3	126	FSRSRSRSLSR		psite	723
ENSP00000362820	SRSF3	128	RSRSRSLSRDR		hprd;psite	723
ENSP00000362820	SRSF3	130	RSRSLSRDRRR		hprd;psite	723
ENSP00000362820	SRSF3	138	RRRERSLSRER		hprd;pelm;psite	723
ENSP00000362820	SRSF3	152	PSRSFSRSRSR		hprd;pelm;psite	723
ENSP00000362820	SRSF3	154	RSFSRSRSRSR		psite	723
ENSP00000377892	SRSF5	213	SRKSYSRSRSR		hprd;psite	705
ENSP00000377892	SRSF5	215	KSYSRSRSRSR		hprd;psite	705
ENSP00000377892	SRSF5	227	RSRSKSRSVSR		hprd;psite	705
ENSP00000244020	SRSF6	194	RSYSGSRSRSR		psite	619
ENSP00000244020	SRSF6	196	YSGSRSRSRSR		psite	619
ENSP00000244020	SRSF6	265	HSRSRSKDEYE		hprd;psite	619
ENSP00000244020	SRSF6	293	DIKSKSRSRSQ		psite	619
ENSP00000244020	SRSF6	295	KSKSRSRSQSR		hprd;psite	619
ENSP00000244020	SRSF6	299	RSRSQSRSNSP		hprd;pelm;psite	619
ENSP00000244020	SRSF6	326	RATSRSRSRSR		hprd;psite	619
ENSP00000291552	U2AF1	204	SRERRSRSRDR		psite	974
ENSP00000291552	U2AF1	206	ERRSRSRDRGR		psite	974
ENSP00000291552	U2AF1	231	RDRRRSRDRER		psite	974
ENSP00000307863	U2AF2	32	RSHSRSRSRDR		psite	885
ENSP00000307863	U2AF2	34	HSRSRSRDRKR		psite	885
ENSP00000307863	U2AF2	41	DRKRRSRSRDR		psite	885
ENSP00000307863	U2AF2	43	KRRSRSRDRRN		psite	885
ENSP00000291552	U2AF1	195	RKKHRSRSRSR		hprd	974
ENSP00000291552	U2AF1	197	KHRSRSRSRER		hprd	974
ENSP00000262710	ACIN1	601	PDSSGSRSHSP		hprd	981
ENSP00000244020	SRSF6	261	GSHSHSRSRSK		hprd	619
ENSP00000253363	RBM39	40	RKKSKSRSRSH		hprd	974
ENSP00000346236	DDX46	52	RRRERSRSRDK		hprd	999
ENSP00000346236	DDX46	54	RERSRSRDKRR		hprd	999
ENSP00000244227	SNRNP27	8	RSRSRSPRRER		hprd	980
