name	STK11
id	ENSP00000324856
type	Serine/threonine kinase
proline+1_removed	Yes
npartners	120
npartners_with_sites	103
nsites	305
//
motif	score	fg_matches	fg_size	bg_matches	bg_size	fold_increase
R.R..[ST].....	615.31	52	1185	34	9383	12.11
..RR.[ST].....	318.84	24	1133	15	9349	13.2
.....[ST]...SP	13.1	22	576	41	6508	6.06
..R..[ST].....	10.28	103	1109	434	9334	2
...R.[ST].....	9.45	92	1006	404	8900	2.01
//
prot_id	prot_name	position	flank	kinase	source	string_score
ENSP00000367079	ACACB	220	PTMRPSMSGLH		psite	929
ENSP00000346148	PRKAA1	198	GEFLRTSCGSP	BRSK1;BRSK2;CAMK2B;CAMKK1;CAMKK2;PRKAA1;STK11	hprd;pelm;psite	972
ENSP00000346148	PRKAA1	199	EFLRTSCGSPN		hprd;pelm;psite	972
ENSP00000346148	PRKAA1	403	PRARHTLDELN	PRKAA1	psite	972
ENSP00000346148	PRKAA1	511	PQRSGSVSNYR	PRKAA1	hprd;pelm;psite	972
ENSP00000346148	PRKAA1	523	CQRSDSDAEAQ		hprd;psite	972
ENSP00000346148	PRKAA1	542	TSSVTSLDSSP		hprd;psite	972
ENSP00000360290	PRKAA2	172	GEFLRTSCGSP	MAP3K7	hprd;pelm;psite	963
ENSP00000360290	PRKAA2	173	EFLRTSCGSPN		pelm;psite	963
ENSP00000360290	PRKAA2	491	PQRSCSAAGLH		psite	963
ENSP00000360290	PRKAA2	500	LHRPRSSFDST		hprd;psite	963
ENSP00000360290	PRKAA2	501	HRPRSSFDSTT		psite	963
ENSP00000229328	PRKAB1	24	TPRRDSSGGTK	PRKAA1	hprd;pelm;psite	985
ENSP00000229328	PRKAB1	25	PRRDSSGGTKD		psite	985
ENSP00000229328	PRKAB1	80	AQARPTVFRWT	PRKAA1	psite	985
ENSP00000254101	PRKAB2	182	SCRDLSSSPPG		hprd;pelm;psite	927
ENSP00000287878	PRKAG2	32	SQKRRSLRVHI		psite	929
ENSP00000287878	PRKAG2	86	PQPRPSSPMSA		psite	929
ENSP00000287878	PRKAG2	97	PVRPKTSPGSP		psite	929
ENSP00000287878	PRKAG2	122	SPRRMSFSGIF		psite	929
ENSP00000287878	PRKAG2	131	IFRSSSKESSP		psite	929
ENSP00000287878	PRKAG2	151	GIRFFSRSRKT		psite	929
ENSP00000287878	PRKAG2	156	SRSRKTSGLSS		psite	929
ENSP00000287878	PRKAG2	157	RSRKTSGLSSS		hprd;pelm;psite	929
ENSP00000236959	ATIC	25	FARNLTALGLN		hprd;psite	750
ENSP00000278616	ATM	1878	CLRHFSQTSRS		psite	950
ENSP00000278616	ATM	2996	CKRNLSDIDQS	ATM	hprd;psite	950
ENSP00000350283	BRCA1	509	RKRRPTSGLHP	AKT1	hprd;pelm;psite	469
ENSP00000350283	BRCA1	510	KRRPTSGLHPE		psite	469
ENSP00000350283	BRCA1	615	RLRRKSSTRHI		psite	469
ENSP00000350283	BRCA1	616	LRRKSSTRHIH		psite	469
ENSP00000350283	BRCA1	694	SKRHDSDTFPE	AKT1	hprd;psite	469
ENSP00000350283	BRCA1	1187	QKGELSRSPSP		hprd;psite	469
ENSP00000350283	BRCA1	1245	QSTRHSTVATE		hprd;pelm;psite	469
ENSP00000350283	BRCA1	1328	QMRHQSESQGV		hprd;psite	469
ENSP00000369497	BRCA2	70	PQRKPSYNQLA		psite	540
ENSP00000310649	BRSK1	189	DSLLETSCGSP	BRSK1;CAMKK1;STK11	pelm;psite	911
ENSP00000310649	BRSK1	275	PEKRLSLEQIQ		psite	911
ENSP00000310649	BRSK1	399	RPERKSMEVLS		psite	911
ENSP00000310697	BRSK2	174	DSLLETSCGSP	STK11	pelm;psite	910
ENSP00000310697	BRSK2	260	AARRLTLEHIQ	PRKACA	psite	910
ENSP00000310697	BRSK2	382	RPERKSMEVLS		hprd;psite	910
ENSP00000310697	BRSK2	412	GQRSRSISGAS		psite	910
ENSP00000310697	BRSK2	481	RARLNSIKNSF		psite	910
ENSP00000227507	CCND1	90	LDRFLSLEPVK	PRKACA	hprd;pelm;psite	866
ENSP00000227507	CCND1	234	LTRFLSRVIKC	PRKACA	hprd;pelm;psite	866
ENSP00000219548	STUB1	149	KKRWNSIEERR		psite	619
ENSP00000320886	MLXIPL	196	RLRKPSREDDL		hprd;psite	907
ENSP00000320886	MLXIPL	614	SERRLSGDLSS		hprd;psite	907
ENSP00000313420	PRKDC	511	EDHRASGEVRT	AURKB	psite	817
ENSP00000313420	PRKDC	893	REKRLSFAVPF		hprd;pelm;psite	817
ENSP00000313420	PRKDC	1065	FKRLYSLALHP		psite	817
ENSP00000313420	PRKDC	2598	DWRFRSTVLTP		hprd;psite	817
ENSP00000313420	PRKDC	2599	WRFRSTVLTPM		psite	817
ENSP00000313420	PRKDC	2637	GQIRATQQQHD	ATM;PRKDC	hprd;pelm;psite	817
ENSP00000313420	PRKDC	3289	HCRSRSQGCSE		psite	817
ENSP00000263026	EEF2K	70	KSERYSSSGSP		hprd;psite	430
ENSP00000263026	EEF2K	353	TILRGTEEKCG	EEF2K	psite	430
ENSP00000263026	EEF2K	366	QVRTLSGSRPP	RPS6KA1;RPS6KB1;RPS6KB2	psite	430
ENSP00000263026	EEF2K	377	LLRPLSENSGD	MAPKAPK2;MAPKAPK3	hprd;pelm;psite	430
ENSP00000263026	EEF2K	392	DVTFDSLPSSP		psite	430
ENSP00000263026	EEF2K	435	DNHRESENSGD		psite	430
ENSP00000263026	EEF2K	500	HLPRASAVALE	EEF2K;PRKACA	hprd;psite	430
ENSP00000206249	ESR1	102	FPPLNSVSPSP	GSK3B;MNAT1	hprd;pelm;psite	927
ENSP00000206249	ESR1	154	FYRPNSDNRRQ		pelm;psite	927
ENSP00000206249	ESR1	167	RERLASTNDKG	AKT1;AKT2;CSNK2A1;IKBKE;RPS6KA1;RPS6KA3;RPS6KB1	hprd;pelm;psite	927
ENSP00000206249	ESR1	236	KNRRKSCQACR	PRKACA	pelm;psite	927
ENSP00000304592	FASN	1174	IPRDPSQQELP		psite	417
ENSP00000304592	FASN	1183	LPRLLSAACRL		psite	417
ENSP00000304592	FASN	2123	YRDRDSQRDLV		hprd;psite	417
ENSP00000304592	FASN	2236	LMRLNSVQSSE		hprd;pelm;psite	417
ENSP00000339527	FOXO3	30	QSRPRSCTWPL		psite	465
ENSP00000339527	FOXO3	32	RPRSCTWPLQR	AKT1;PIM1;SGK1	hprd;pelm;psite	465
ENSP00000339527	FOXO3	179	PDKRLTLSQIY	PRKAA2	psite	465
ENSP00000339527	FOXO3	253	RRRAVSMDNSN	AKT1;PIM1;SGK1	hprd;pelm;psite	465
ENSP00000339527	FOXO3	280	QTAPESADDSP		hprd;pelm;psite	465
ENSP00000339527	FOXO3	315	RSRTNSNASTV	SGK1	hprd;pelm;psite	465
ENSP00000339527	FOXO3	321	NASTVSGRLSP		pelm;psite	465
ENSP00000339527	FOXO3	413	MQRSSSFPYTT	PRKAA2	psite	465
ENSP00000339527	FOXO3	421	YTTKGSGLGSP		pelm;psite	465
ENSP00000339527	FOXO3	551	GSRALSNSVSN		psite	465
ENSP00000363377	FOXO4	30	QSRPRSCTWPL		psite	814
ENSP00000363377	FOXO4	32	RPRSCTWPLPR	AKT1;AKT2	hprd;pelm;psite	814
ENSP00000363377	FOXO4	197	RRRAASMDSSS	AKT1	hprd;pelm;psite	814
ENSP00000363377	FOXO4	261	FRPRSSSNASS		psite	814
ENSP00000363377	FOXO4	262	RPRSSSNASSV	AKT1	hprd;pelm;psite	814
ENSP00000269216	GATA6	436	QKRVPSSRRLG		hprd;psite	816
ENSP00000416097	GOLGA2	20	EETRQSKLAAA		pelm;psite	675
ENSP00000416097	GOLGA2	131	SLRQLSQQLNG		hprd;psite	675
ENSP00000416097	GOLGA2	273	LERALSAVSTQ		psite	675
ENSP00000392828	GPSM1	413	RTQRLSAETWD		psite	820
ENSP00000392828	GPSM1	445	GPSRDSLPLPV		psite	820
ENSP00000392828	GPSM1	469	RPREGSHSPLD		psite	820
ENSP00000392828	GPSM1	492	IPRAPSSDEEC		pelm;psite	820
ENSP00000392828	GPSM1	569	DDQRASVGSLP		psite	820
ENSP00000324806	GSK3B	8	GRPRTTSFAES		psite	672
ENSP00000324806	GSK3B	9	RPRTTSFAESC	AKT1;AURKA;MAP4K5;PRKACA;PRKCA;PRKCB;PRKCD;PRKCG;PRKCH;RPS6KA1;RPS6KA3;RPS6KB1	hprd;pelm;psite	672
ENSP00000364802	HSPA1A	265	VRRLRTACERA		psite	547
ENSP00000406359	HSPA1A	265	VRRLRTACERA		psite	547
ENSP00000364802	HSPA1A	313	DLFRSTLEPVE		psite	547
ENSP00000406359	HSPA1A	313	DLFRSTLEPVE		psite	547
ENSP00000364802	HSPA1A	418	LIKRNSTIPTK		psite	547
ENSP00000406359	HSPA1A	418	LIKRNSTIPTK		psite	547
ENSP00000335153	HSP90AA1	185	KIRYESLTDPS		psite	970
ENSP00000335153	HSP90AA1	212	QDRTLTIVDTG	PRKACA	hprd;psite	970
ENSP00000335153	HSP90AA1	745	ALRDNSTMGYM		psite	970
ENSP00000304895	IRS1	268	EFRPRSKSQSS	IKBKB	hprd;pelm;psite	874
ENSP00000304895	IRS1	270	RPRSKSQSSSN	ATR;IKBKB;RPS6KB1	hprd;pelm;psite	874
ENSP00000304895	IRS1	303	GLTRRSRTESI		psite	874
ENSP00000304895	IRS1	305	TRRSRTESITA		psite	874
ENSP00000304895	IRS1	307	RSRTESITATS	IKBKB;PRKCD;RPS6KB1	hprd;pelm;psite	874
ENSP00000304895	IRS1	329	FRVRASSDGEG		psite	874
ENSP00000304895	IRS1	330	RVRASSDGEGT	CSNK2B	hprd;psite	874
ENSP00000304895	IRS1	341	MSRPASVDGSP	IKBKB	hprd;pelm;psite	874
ENSP00000304895	IRS1	362	HRHRGSARLHP		psite	874
ENSP00000304895	IRS1	441	CDFRSSFRSVT	PRKCB;PRKCD;PRKCZ	psite	874
ENSP00000304895	IRS1	527	RKRTHSAGTSP	IKBKB;RPS6KB1	hprd;pelm;psite	874
ENSP00000304895	IRS1	574	PGHRHSAFVPT	PRKCD	hprd;pelm;psite	874
ENSP00000304895	IRS1	603	HHRPDSSTLHT		psite	874
ENSP00000304895	IRS1	629	SGRKGSGDYMP	AKT1	hprd;pelm;psite	874
ENSP00000304895	IRS1	668	MMMSPSGGCSP		psite	874
ENSP00000304895	IRS1	1100	CRRRHSSETFS		hprd;psite	874
ENSP00000304895	IRS1	1101	RRRHSSETFSS	PRKCQ;RPS6KA1;RPS6KB1	hprd;pelm;psite	874
ENSP00000304895	IRS1	1142	DVKRHSSASFE		psite	874
ENSP00000304895	IRS1	1143	VKRHSSASFEN		hprd;psite	874
ENSP00000304895	IRS1	1222	SSTRRSSEDLS		pelm;psite	874
ENSP00000304895	IRS1	1223	STRRSSEDLSA		hprd;pelm;psite	874
ENSP00000260363	KIF23	160	SNDRNSMDIQC		hprd;pelm;psite	547
ENSP00000260363	KIF23	298	HLNRESSRSHS		psite	547
ENSP00000260363	KIF23	605	LQRQFSDKRRL		psite	547
ENSP00000260363	KIF23	670	KPERPSRERDR		psite	547
ENSP00000260363	KIF23	682	KVTQRSVSPSP		hprd;pelm;psite	547
ENSP00000260363	KIF23	714	QLHRRSNSCSS	AURKB	pelm;psite	547
ENSP00000260363	KIF23	716	HRRSNSCSSIS		pelm;psite	547
ENSP00000260363	KIF23	812	LRHRRSRSAGD		hprd;psite	547
ENSP00000260363	KIF23	814	HRRSRSAGDRW		hprd;pelm;psite	547
ENSP00000260363	KIF23	911	SRKRRSSTVAP	AURKB	hprd;pelm;psite	547
ENSP00000260363	KIF23	912	RKRRSSTVAPA		hprd;pelm;psite	547
ENSP00000260363	KIF23	913	KRRSSTVAPAQ		hprd;pelm;psite	547
ENSP00000260363	KIF23	943	EMRAGSQLGPG		pelm;psite	547
ENSP00000337825	LCK	42	LIRNGSEVRDP	MAPK1;MAPK3;PRKACA;PRKCA	hprd;pelm;psite	403
ENSP00000337825	LCK	210	LVRHYTNASDG		psite	403
ENSP00000303634	LRP8	870	VYRKTTEEEDE		psite	400
ENSP00000355884	MARK1	46	PRCRNSITSAT		hprd;psite	650
ENSP00000355884	MARK1	215	GNKLDTFCGSP	STK11	hprd;pelm;psite	650
ENSP00000355884	MARK1	393	QRSRPSSDLNN		hprd;psite	650
ENSP00000355884	MARK1	399	SDLNNSTLQSP		hprd;psite	650
ENSP00000355884	MARK1	423	KQRRFSDHAGP		hprd;psite	650
ENSP00000355884	MARK1	504	MARRNTYVCER		psite	650
ENSP00000355884	MARK1	649	ARRGTSTGIIS		pelm;psite	650
ENSP00000300843	MARK4	214	GSKLDTFCGSP	MARK4;STK11	hprd;pelm;psite	960
ENSP00000300843	MARK4	391	RVRAPSDTTNG		psite	960
ENSP00000300843	MARK4	423	RQRRHSDFCGP		psite	960
ENSP00000300843	MARK4	440	PKRSPTSTGEA		psite	960
ENSP00000300843	MARK4	511	MTRRNTYVCTE		psite	960
ENSP00000300843	MARK4	563	RLARGSTIRST		psite	960
ENSP00000300843	MARK4	564	LARGSTIRSTF		psite	960
ENSP00000300843	MARK4	568	STIRSTFHGGQ		psite	960
ENSP00000231790	MLH1	295	PFLYLSLEISP		psite	469
ENSP00000231790	MLH1	477	RHREDSDVEMV		hprd;pelm;psite	469
ENSP00000261991	RPS6KA5	212	TERAYSFCGTI	RPS6KA5	pelm;psite	619
ENSP00000261991	RPS6KA5	758	TETRSSSSESS	CSNK2A1;RPS6KA5	pelm;psite	619
ENSP00000261991	RPS6KA5	759	ETRSSSSESSH	CSNK2A1	psite	619
ENSP00000377867	MST4	178	QIKRNTFVGTP	MST4	hprd;psite	904
ENSP00000377867	MST4	264	PSFRPTAKELL		psite	904
ENSP00000354558	MTOR	1162	HPIVRTLDQSP		hprd;pelm;psite	734
ENSP00000354558	MTOR	1172	PELRSTAMDTL		psite	734
ENSP00000354558	MTOR	1821	KLRHASGANIT		psite	734
ENSP00000354558	MTOR	2444	NKRSRTRTDSY		hprd;psite	734
ENSP00000354558	MTOR	2446	RSRTRTDSYSA	AKT1;RPS6KB1	hprd;pelm;psite	734
ENSP00000354558	MTOR	2448	RTRTDSYSAGQ	AKT1;RPS6KB1	hprd;pelm;psite	734
ENSP00000367207	MYC	82	SPSRRSGLCSP		psite	982
ENSP00000367207	MYC	358	NNRKCTSPRSS		psite	982
ENSP00000367207	MYC	363	TSPRSSDTEEN	CSNK2A1	hprd;psite	982
ENSP00000367207	MYC	373	NVKRRTHNVLE		psite	982
ENSP00000261402	NUAK1	211	DKFLQTFCGSP	STK11;STK38L	pelm;psite	673
ENSP00000261402	NUAK1	600	RQRIRSCVSAE	AKT1	pelm;psite	673
ENSP00000244741	CDKN1A	145	RKRRQTSMTDF	AKT1;DAPK3;PIM1;PIM2;PRKCA	hprd;pelm;psite	968
ENSP00000244741	CDKN1A	146	KRRQTSMTDFY	AKT1;PIM1;PIM2;PRKCA	hprd;pelm;psite	968
ENSP00000269305	TP53	183	HHERCSDSDGL	AURKB	psite	947
ENSP00000269305	TP53	211	LDDRNTFRHSV	AURKB	psite	947
ENSP00000269305	TP53	215	NTFRHSVVVPY	AURKA;AURKB	pelm;psite	947
ENSP00000269305	TP53	269	LLGRNSFEVRV	AURKB;DAPK1	psite	947
ENSP00000269305	TP53	284	GRDRRTEEENL	AURKB	psite	947
ENSP00000269305	TP53	366	GSRAHSSHLKS	CHEK2	hprd;psite	947
ENSP00000261584	PALB2	172	DSLRLSGKRLK		psite	416
ENSP00000363921	PARD3	143	LHVRRSSDPAL		hprd;pelm;psite	547
ENSP00000363921	PARD3	144	HVRRSSDPALI	MARK2	hprd;pelm;psite	547
ENSP00000363921	PARD3	174	NPTRWSTTAGF		hprd;psite	547
ENSP00000363921	PARD3	175	PTRWSTTAGFL		hprd;psite	547
ENSP00000363921	PARD3	221	DNARSSLSASH		psite	547
ENSP00000363921	PARD3	379	KNNYYSSRFSP		psite	547
ENSP00000363921	PARD3	481	TSRDVTIGGSA		psite	547
ENSP00000363921	PARD3	534	SLLRSTKMEGT		hprd;psite	547
ENSP00000363921	PARD3	665	ETLRRSMSTEG		psite	547
ENSP00000363921	PARD3	667	LRRSMSTEGNK		psite	547
ENSP00000363921	PARD3	715	RERRISHSLYS		hprd;pelm;psite	547
ENSP00000363921	PARD3	827	GFGRQSMSEKR		psite	547
ENSP00000363921	PARD3	850	VKTRKSKSMDL		psite	547
ENSP00000363921	PARD3	962	RSGRESVSTAS	AURKA;AURKB	psite	547
ENSP00000363921	PARD3	1178	RRRTYSFEQPW		psite	547
ENSP00000363921	PARD3	1222	AQRQYSSLPRQ		psite	547
ENSP00000263967	PIK3CA	312	YSRRISTATPY		psite	462
ENSP00000263967	PIK3CA	313	SRRISTATPYM		psite	462
ENSP00000309591	PRKACA	49	FERIKTLGTGS		hprd;psite	626
ENSP00000309591	PRKACA	140	RIGRFSEPHAR		hprd;psite	626
ENSP00000309591	PRKACA	198	KGRTWTLCGTP	PRKACA	hprd;pelm;psite	626
ENSP00000309591	PRKACA	260	KVRFPSHFSSD		psite	626
ENSP00000309591	PRKACA	339	EEIRVSINEKC		hprd;pelm;psite	626
ENSP00000244007	PLCG1	981	CYRDMSSFPET		psite	449
ENSP00000244007	PLCG1	1234	LRERGSDASGQ		hprd;pelm;psite	449
ENSP00000244007	PLCG1	1249	RAREGSFESRY	AKT1;PRKACA;PRKCA;PRKD1	hprd;pelm;psite	449
ENSP00000244007	PLCG1	1264	EDFRISQEHLA		hprd;pelm;psite	449
ENSP00000355747	PSEN2	19	CDERTSLMSAE	CSNK1A1	hprd;pelm;psite	899
ENSP00000361021	PTEN	380	DHYRYSDTTDS	AKT1;CSNK2A1;PRKCZ;STK11	hprd;pelm;psite	979
ENSP00000305976	SIK2	175	GELLATWCGSP	STK11	pelm;psite	908
ENSP00000305976	SIK2	343	KSHRSSFPVEQ		psite	908
ENSP00000305976	SIK2	358	RQRRPSTIAEQ		psite	908
ENSP00000305976	SIK2	359	QRRPSTIAEQT		psite	908
ENSP00000305976	SIK2	484	GQRRHTLSEVT		psite	908
ENSP00000305976	SIK2	587	EGRRASDTSLT		hprd;pelm;psite	908
ENSP00000292055	SIK3	163	GQLLKTWCGSP	STK11	pelm;psite	910
ENSP00000292055	SIK3	411	SMRRHTVGVAD		psite	910
ENSP00000292055	SIK3	493	LGRRASDGGAN		psite	910
ENSP00000292055	SIK3	568	PVRRFSDGAAS		hprd;psite	910
ENSP00000292055	SIK3	1159	LQRHHTIQNSD		psite	910
ENSP00000348461	RAC1	71	RLRPLSYPQTV	AKT1	hprd;psite	838
ENSP00000307272	RPTOR	719	TPRLRSVSSYG	RPS6KA1	hprd;pelm;psite	507
ENSP00000307272	RPTOR	721	RLRSVSSYGNI	RPS6KA1	psite	507
ENSP00000307272	RPTOR	792	MRRASSYSSLN	PRKAA1	pelm;psite	507
ENSP00000307272	RPTOR	859	SSLTQSAPASP	MTOR	hprd;pelm;psite	507
ENSP00000307272	RPTOR	908	SGRPGTTGPAG	ICK	psite	507
ENSP00000262187	RHEB	130	MERVISYEEGK		psite	609
ENSP00000349959	RICTOR	21	RGRNDSGEENV		hprd;pelm;psite	412
ENSP00000349959	RICTOR	35	LTREPSDNLRE		psite	412
ENSP00000349959	RICTOR	383	PHRARSRPDLM		psite	412
ENSP00000349959	RICTOR	424	ISVRATILLGE		psite	412
ENSP00000349959	RICTOR	1035	SSRHNSESESV		psite	412
ENSP00000349959	RICTOR	1133	NRRIRTLTEPS		psite	412
ENSP00000349959	RICTOR	1135	RIRTLTEPSVD	AKT1;RPS6KB1;RPS6KB2;SGK1	psite	412
ENSP00000349959	RICTOR	1219	KIRSQSFNTDT		hprd;psite	412
ENSP00000349959	RICTOR	1231	TSGISSMSSSP		psite	412
ENSP00000349959	RICTOR	1302	PRRAQSLKAPS		psite	412
ENSP00000349959	RICTOR	1407	TLQRSSSVRSM		psite	412
ENSP00000005386	RPAP3	87	KNRIKSYDYEA		hprd;pelm;psite	547
ENSP00000368884	RPS6KA3	386	LFRGFSFVAIT		hprd;pelm;psite	621
ENSP00000368884	RPS6KA3	415	QLHRNSIQFTD		hprd;psite	621
ENSP00000270162	SIK1	182	GEPLSTWCGSP	STK11	pelm;psite	962
ENSP00000270162	SIK1	473	TGRRHTLAEVS		psite	962
ENSP00000270162	SIK1	575	EGRRASDTSLT		psite	962
ENSP00000212015	SIRT1	615	KNERTSVAGTV		psite	878
ENSP00000372191	SIRT3	391	LVQRETGKLDG		psite	839
ENSP00000254480	SMARCC1	319	RDRKASANARK		hprd;pelm;psite	547
ENSP00000254480	SMARCC1	357	YGKRRSQKEED		hprd;pelm;psite	547
ENSP00000296088	SNRK	536	SQGRGSSCSSS		psite	656
ENSP00000296088	SNRK	569	WHRRDSSEGPP		psite	656
ENSP00000296088	SNRK	570	HRRDSSEGPPG		psite	656
ENSP00000359988	SRSF11	262	RRRTPSSSRHR		hprd;psite	736
ENSP00000359988	SRSF11	287	RSRRRSKSPRR		pelm;psite	736
ENSP00000359988	SRSF11	295	PRRRRSHSRER		hprd;pelm;psite	736
ENSP00000359988	SRSF11	297	RRRSHSRERGR		hprd;pelm;psite	736
ENSP00000359988	SRSF11	336	STARRSRSASR		hprd;psite	736
ENSP00000359988	SRSF11	338	ARRSRSASRER		hprd;psite	736
ENSP00000359988	SRSF11	340	RSRSASRERRR		hprd;psite	736
ENSP00000359988	SRSF11	366	PKRKLSRSPSP		hprd;pelm;psite	736
ENSP00000359988	SRSF11	412	DRERKSESDKD		hprd;psite	736
ENSP00000264657	STAT3	691	YCRPESQEHPE		hprd;pelm;psite	846
ENSP00000295641	STK11IP	398	RVRRASISEPS		hprd;psite	996
ENSP00000295641	STK11IP	784	TRDHGSWSLSP		psite	996
ENSP00000298552	TSC1	487	ISRELSEITTA		psite	542
ENSP00000298552	TSC1	511	PFYRDSLPGSQ	IKBKB	hprd;pelm;psite	542
ENSP00000298552	TSC1	1100	LFRNKSESQCD		psite	542
ENSP00000219476	TSC2	937	SFRARSTSLNE		psite	927
ENSP00000219476	TSC2	938	FRARSTSLNER		psite	927
ENSP00000219476	TSC2	939	RARSTSLNERP	AKT1	hprd;pelm;psite	927
ENSP00000219476	TSC2	946	NERPKSLRIAR		psite	927
ENSP00000219476	TSC2	981	RCRSISVSEHV	AKT1	hprd;pelm;psite	927
ENSP00000219476	TSC2	1130	RDRVRSMSGGH		hprd;psite	927
ENSP00000219476	TSC2	1132	RVRSMSGGHGL		hprd;pelm;psite	927
ENSP00000219476	TSC2	1337	AYSRSSSVSSQ		hprd;pelm;psite	927
ENSP00000219476	TSC2	1338	YSRSSSVSSQE		hprd;pelm;psite	927
ENSP00000219476	TSC2	1364	IERVVSSEGGR		hprd;psite	927
ENSP00000219476	TSC2	1371	EGGRPSVDLSF		psite	927
ENSP00000219476	TSC2	1420	KARSQSGTLDG		hprd;pelm;psite	927
ENSP00000219476	TSC2	1448	GPLPSSSPRSP		hprd;pelm;psite	927
ENSP00000219476	TSC2	1454	SPRSPSGLRPR		psite	927
ENSP00000219476	TSC2	1462	RPRGYTISDSA	AKT1	hprd;pelm;psite	927
ENSP00000219476	TSC2	1798	RKRLISSVEDF	RPS6KA1	hprd;pelm;psite	927
ENSP00000344818	UBC	57	DGRTLSDYNIQ		hprd;psite	640
ENSP00000307491	WDR48	335	HNFRASGDYDN		psite	641
ENSP00000378857	WDR6	544	GDRRGSVLLFP		psite	747
ENSP00000231790	MLH1	184	VVGRYSVHNAG		hprd	469
ENSP00000218348	USP11	644	LSRYVTKPNSD		hprd	547
ENSP00000359988	SRSF11	348	RRRRRSRSGTR		hprd	736
ENSP00000359988	SRSF11	350	RRRSRSGTRSP		hprd	736
ENSP00000359988	SRSF11	352	RSRSGTRSPKK		hprd	736
ENSP00000359988	SRSF11	277	RSRRRSHSKSR		hprd	736
ENSP00000359988	SRSF11	279	RRRSHSKSRSR		hprd	736
ENSP00000287878	PRKAG2	130	GIFRSSSKESS		hprd	929
ENSP00000260363	KIF23	934	VETRCSVAVEM		hprd	547
ENSP00000363921	PARD3	1176	EDRRRTYSFEQ		hprd	547
ENSP00000372191	SIRT3	103	GRRSISFSVGA		hprd	839
ENSP00000372191	SIRT3	101	KGGRRSISFSV		hprd	839
ENSP00000355884	MARK1	648	HARRGTSTGII		hprd	650
ENSP00000320886	MLXIPL	653	ENRRITHISAE		hprd	907
