name	STK26
id	ENSP00000377867
type	Serine/threonine kinase
proline+1_removed	Yes
npartners	41
npartners_with_sites	36
nsites	45
//
motif	score	fg_matches	fg_size	bg_matches	bg_size	fold_increase
..R..[ST].....	9.84	45	299	483	9383	2.92
//
prot_id	prot_name	position	flank	kinase	source	string_score
ENSP00000311032	CASP3	150	GDRCRSLTGKP	MAPK14	pelm;psite	919
ENSP00000160373	CTTNBP2	221	EKRRSTEMEAQ		hprd;psite	999
ENSP00000363763	EPHB2	576	FERADSEYTDK		psite	621
ENSP00000338934	EZR	332	KKRRETVEREK		psite	906
ENSP00000338934	EZR	366	AERELSEQIQR		psite	906
ENSP00000229395	FGFR1OP2	63	RHRPRSTLVMG		psite	999
ENSP00000229395	FGFR1OP2	141	VHRNKSEGFFL		psite	999
ENSP00000416097	GOLGA2	131	SLRQLSQQLNG		hprd;psite	718
ENSP00000416097	GOLGA2	273	LERALSAVSTQ		psite	718
ENSP00000324856	STK11	31	IHRIDSTEVIY		hprd;psite	904
ENSP00000324856	STK11	307	QIRQHSWFRKK	PRKCZ	psite	904
ENSP00000324856	STK11	334	KDRWRSMTVVP		psite	904
ENSP00000324856	STK11	336	RWRSMTVVPYL	STK11	hprd;psite	904
ENSP00000324856	STK11	428	KIRRLSACKQQ	PRKCZ;RPS6KA3;STK11	hprd;pelm;psite	904
ENSP00000348273	MBP	26	TNRGESEKKRN		psite	939
ENSP00000348273	MBP	40	LSRTTSEDNEV		psite	939
ENSP00000348273	MBP	96	LIRLFSRDAPG		hprd;pelm;psite	939
ENSP00000348273	MBP	146	SQRHGSKYLAT	PRKCA	hprd;psite	939
ENSP00000365730	STK24	18	NKRRATLPHPG	PRKACA	hprd;pelm;psite	999
ENSP00000251849	RAF1	43	YQRRASDDGKL	PRKACA;PRKCA	hprd;pelm;psite	663
ENSP00000251849	RAF1	257	SQRQRSTSTPN		hprd;pelm;psite	663
ENSP00000251849	RAF1	259	RQRSTSTPNVH	AKT1;PRKACA;RAF1	hprd;pelm;psite	663
ENSP00000251849	RAF1	285	AIRSHSESASP		psite	663
ENSP00000251849	RAF1	339	GQRDSSYYWEI	PAK1	hprd;pelm;psite	663
ENSP00000251849	RAF1	357	STRIGSGSFGT		psite	663
ENSP00000251849	RAF1	621	INRSASEPSLH	PRKACA;RAF1	hprd;pelm;psite	663
ENSP00000349547	RASSF1	206	SVRRRTSFYLP	AURKA	hprd;psite	430
ENSP00000349547	RASSF1	207	VRRRTSFYLPK	AURKA;AURKB;CDK4;PRKACA	psite	430
ENSP00000349547	RASSF1	179	LVRPVSVPSSK	GSK3B	psite	430
ENSP00000349547	RASSF1	201	PGRGTSVRRRT		psite	430
ENSP00000261313	PEBP1	52	KNRPTSISWDG		hprd;pelm;psite	408
ENSP00000350071	STRN3	202	SQRVRSLLGLS		psite	999
ENSP00000299084	SPRED1	238	SIRHVSFQDED		hprd;psite	409
ENSP00000218089	STAG2	1109	LSREQTLHTPV		psite	451
ENSP00000358810	STRIP1	59	NQRKDSEGYSE		hprd;psite	999
ENSP00000263918	STRN	259	DGREKSVIDTS		psite	999
ENSP00000282441	YAP1	61	HVRGDSETDLE	LATS1	hprd;pelm;psite	655
ENSP00000282441	YAP1	109	HSRQASTDAGT	LATS1	hprd;pelm;psite	655
ENSP00000282441	YAP1	127	HVRAHSSPASL	AKT1;LATS1;LATS2;STK3	hprd;pelm;psite	655
ENSP00000282441	YAP1	164	HLRQSSFEIPD	LATS1	hprd;pelm;psite	655
ENSP00000282441	YAP1	397	HSRDESTDSGL	LATS1	hprd;pelm;psite	655
ENSP00000218089	STAG2	1197	AIRRGTSLMED		hprd	451
ENSP00000218089	STAG2	1198	IRRGTSLMEDD		hprd	451
ENSP00000324729	SAV1	90	IMRRESNRLSA		hprd	609
ENSP00000263918	STRN	586	HQRLLSCSADG		hprd	999
