name	STK38
id	ENSP00000229812
type	Serine/threonine kinase
proline+1_removed	Yes
npartners	147
npartners_with_sites	111
nsites	50
//
motif	score	fg_matches	fg_size	bg_matches	bg_size	fold_increase
..R.R[ST].....	316.62	29	792	37	9383	9.29
R.R..[ST].....	15	19	763	31	9346	7.51
//
prot_id	prot_name	position	flank	kinase	source	string_score
ENSP00000225402	AATF	366	VYRNRTLQKWH		psite	657
ENSP00000299543	CTDP1	839	RKRQPSMSETM		psite	621
ENSP00000351113	FRYL	101	RPRSSTKSKGD		psite	443
ENSP00000351113	FRYL	1957	GDRRRSNTLDI		psite	443
ENSP00000351113	FRYL	1959	RRRSNTLDIMD		pelm;psite	443
ENSP00000351113	FRYL	1978	LARTRSLSSLR		hprd;psite	443
ENSP00000351113	FRYL	2454	GVRRRSLDSID		psite	443
ENSP00000222115	HAS1	571	LCRRRTGGYRV		psite	491
ENSP00000394624	OPRM1	465	RIRQNTRDHPS		hprd;psite	508
ENSP00000278823	MTA2	52	RRRDISSSLNS		psite	430
ENSP00000354558	MTOR	2444	NKRSRTRTDSY		hprd;psite	627
ENSP00000354558	MTOR	2446	RSRTRTDSYSA	AKT1;RPS6KB1	hprd;pelm;psite	627
ENSP00000354558	MTOR	2448	RTRTDSYSAGQ	AKT1;RPS6KB1	hprd;pelm;psite	627
ENSP00000319977	NDRG1	328	LMRSRTASGSS	SGK1	hprd;pelm;psite	792
ENSP00000319977	NDRG1	330	RSRTASGSSVT	PRKACA;SGK1	hprd;pelm;psite	792
ENSP00000319977	NDRG1	344	GTRSRSHTSEG		psite	792
ENSP00000319977	NDRG1	346	RSRSHTSEGTR	SGK1	pelm;psite	792
ENSP00000319977	NDRG1	354	GTRSRSHTSEG		psite	792
ENSP00000319977	NDRG1	364	GTRSRSHTSEG		hprd;pelm;psite	792
ENSP00000319977	NDRG1	366	RSRSHTSEGAH	PRKACA;SGK1	hprd;pelm;psite	792
ENSP00000298687	NDRG2	330	LSRSRTASLTS	SGK1	hprd;pelm;psite	861
ENSP00000298687	NDRG2	332	RSRTASLTSAA	AKT1;RPS6KA1;RPS6KB1;SGK1	hprd;pelm;psite	861
ENSP00000298687	NDRG2	346	GNRSRSRTLSQ	SGK1	hprd;pelm;psite	861
ENSP00000298687	NDRG2	348	RSRSRTLSQSS	AKT1;SGK1	hprd;pelm;psite	861
ENSP00000298687	NDRG2	350	RSRTLSQSSES	RPS6KA1;RPS6KB1	hprd;pelm;psite	861
ENSP00000345292	NDRG3	329	LARSRTHSTSS		hprd;pelm;psite	861
ENSP00000345292	NDRG3	331	RSRTHSTSSSL		hprd;pelm;psite	861
ENSP00000357206	NES	768	QQRRRSLGEQD		hprd;pelm;psite	565
ENSP00000337761	RAB27A	83	QERFRSLTTAF		psite	534
ENSP00000349959	RICTOR	21	RGRNDSGEENV		hprd;pelm;psite	635
ENSP00000349959	RICTOR	383	PHRARSRPDLM		psite	635
ENSP00000349959	RICTOR	1133	NRRIRTLTEPS		psite	635
ENSP00000349959	RICTOR	1135	RIRTLTEPSVD	AKT1;RPS6KB1;RPS6KB2;SGK1	psite	635
ENSP00000265960	MAPKAP1	84	GIRRRSNTAQR		psite	620
ENSP00000265960	MAPKAP1	86	RRRSNTAQRLE		psite	620
ENSP00000222248	SLC5A5	377	KPRLRSLAPRK		psite	508
ENSP00000348984	SON	1766	VGRDRSAASPV		hprd;pelm;psite	565
ENSP00000348984	SON	1922	TVRARSRTPSR		hprd;pelm;psite	565
ENSP00000348984	SON	1926	RSRTPSRRSRS		hprd;psite	565
ENSP00000348984	SON	1931	SRRSRSHTPSR		psite	565
ENSP00000348984	SON	1940	SRRRRSRSVGR		psite	565
ENSP00000348984	SON	1942	RRRSRSVGRRR		psite	565
ENSP00000348984	SON	1948	VGRRRSFSISP		hprd;pelm;psite	565
ENSP00000348984	SON	1950	RRRSFSISPSR		hprd;pelm;psite	565
ENSP00000348984	SON	1961	RSRTPSRRSRT		psite	565
ENSP00000348984	SON	2001	SRRRRSRSVVR		hprd;psite	565
ENSP00000348984	SON	2003	RRRSRSVVRRR		hprd;psite	565
ENSP00000348984	SON	2009	VVRRRSFSISP		hprd;pelm;psite	565
ENSP00000348984	SON	2011	RRRSFSISPVR		hprd;pelm;psite	565
ENSP00000262809	ELL	145	ETRSRSAIVIK		hprd	543
