name	STK38L
id	ENSP00000373684
type	Serine/threonine kinase
proline+1_removed	Yes
npartners	15
npartners_with_sites	13
nsites	16
//
motif	score	fg_matches	fg_size	bg_matches	bg_size	fold_increase
..RS.[ST].....	15.48	14	128	52	9383	19.74
//
prot_id	prot_name	position	flank	kinase	source	string_score
ENSP00000369600	FRY	1983	HQRSFSVPKKF		psite	443
ENSP00000351113	FRYL	101	RPRSSTKSKGD		psite	443
ENSP00000351113	FRYL	1941	NARSNSLRLSL		psite	443
ENSP00000351113	FRYL	1959	RRRSNTLDIMD		pelm;psite	443
ENSP00000351113	FRYL	2332	VTRSTSSTSSG		psite	443
ENSP00000319977	NDRG1	328	LMRSRTASGSS	SGK1	hprd;pelm;psite	891
ENSP00000319977	NDRG1	344	GTRSRSHTSEG		psite	891
ENSP00000319977	NDRG1	346	RSRSHTSEGTR	SGK1	pelm;psite	891
ENSP00000319977	NDRG1	354	GTRSRSHTSEG		psite	891
ENSP00000319977	NDRG1	364	GTRSRSHTSEG		hprd;pelm;psite	891
ENSP00000319977	NDRG1	366	RSRSHTSEGAH	PRKACA;SGK1	hprd;pelm;psite	891
ENSP00000298687	NDRG2	330	LSRSRTASLTS	SGK1	hprd;pelm;psite	893
ENSP00000298687	NDRG2	346	GNRSRSRTLSQ	SGK1	hprd;pelm;psite	893
ENSP00000298687	NDRG2	348	RSRSRTLSQSS	AKT1;SGK1	hprd;pelm;psite	893
ENSP00000345292	NDRG3	329	LARSRTHSTSS		hprd;pelm;psite	893
ENSP00000345292	NDRG3	348	FSRSVTSNQSD		hprd;psite	893
