name	STK3
id	ENSP00000390500
type	Serine/threonine kinase
proline+1_removed	Yes
npartners	59
npartners_with_sites	50
nsites	64
//
motif	score	fg_matches	fg_size	bg_matches	bg_size	fold_increase
..R..[ST].....	14.88	64	401	483	9383	3.1
//
prot_id	prot_name	position	flank	kinase	source	string_score
ENSP00000311032	CASP3	150	GDRCRSLTGKP	MAPK14	pelm;psite	930
ENSP00000377958	CCT4	444	YSRTLSGMESY		psite	998
ENSP00000286788	CCT8	317	LVRLNSKWDLR		psite	998
ENSP00000286788	CCT8	381	VLRGSTDNLMD		psite	998
ENSP00000299300	CCT2	28	TARLTSFIGAI		psite	998
ENSP00000299300	CCT2	60	SGRDASLMVTN		psite	998
ENSP00000299300	CCT2	260	RVRVDSTAKVA	AKT1;RPS6KA1;RPS6KB1	hprd;psite	998
ENSP00000299300	CCT2	379	VLRGATQQILD		psite	998
ENSP00000258091	CCT7	129	AFRTATQLAVN		psite	998
ENSP00000258091	CCT7	259	EIRVHTVEDYQ		psite	998
ENSP00000354609	CNKSR1	300	HQRSPSLSLAP		hprd;pelm;psite	619
ENSP00000160373	CTTNBP2	221	EKRRSTEMEAQ		hprd;psite	999
ENSP00000229395	FGFR1OP2	63	RHRPRSTLVMG		psite	998
ENSP00000229395	FGFR1OP2	141	VHRNKSEGFFL		psite	998
ENSP00000253339	LATS1	17	QMRPKTFPASN		psite	982
ENSP00000253339	LATS1	177	VNRKQSWKGSK		psite	982
ENSP00000253339	LATS1	464	PVRSNSFNNPL	NUAK1;NUAK2	hprd;pelm;psite	982
ENSP00000253339	LATS1	633	ESRIQSYSPQA		pelm;psite	982
ENSP00000253339	LATS1	872	HPRQDSMDFSN	STK3	psite	982
ENSP00000372035	LATS2	172	VTRRPSFEGTG	CHEK2	psite	708
ENSP00000372035	LATS2	380	LARRDSLQKPG	AURKA;CHEK2	hprd;pelm;psite	708
ENSP00000372035	LATS2	408	PSRTNSFNSHQ	CHEK1;CHEK2	psite	708
ENSP00000372035	LATS2	835	HVRQDSMEPSD		psite	708
ENSP00000348273	MBP	26	TNRGESEKKRN		psite	852
ENSP00000348273	MBP	40	LSRTTSEDNEV		psite	852
ENSP00000348273	MBP	96	LIRLFSRDAPG		hprd;pelm;psite	852
ENSP00000348273	MBP	146	SQRHGSKYLAT	PRKCA	hprd;psite	852
ENSP00000361892	STK4	120	RLRNKTLTEDE	AKT1	psite	900
ENSP00000361892	STK4	307	LKRQESQQREV		psite	900
ENSP00000361892	STK4	387	KRRDETMQPAK		psite	900
ENSP00000251849	RAF1	43	YQRRASDDGKL	PRKACA;PRKCA	hprd;pelm;psite	682
ENSP00000251849	RAF1	257	SQRQRSTSTPN		hprd;pelm;psite	682
ENSP00000251849	RAF1	259	RQRSTSTPNVH	AKT1;PRKACA;RAF1	hprd;pelm;psite	682
ENSP00000251849	RAF1	285	AIRSHSESASP		psite	682
ENSP00000251849	RAF1	339	GQRDSSYYWEI	PAK1	hprd;pelm;psite	682
ENSP00000251849	RAF1	357	STRIGSGSFGT		psite	682
ENSP00000251849	RAF1	621	INRSASEPSLH	PRKACA;RAF1	hprd;pelm;psite	682
ENSP00000349547	RASSF1	206	SVRRRTSFYLP	AURKA	hprd;psite	985
ENSP00000349547	RASSF1	207	VRRRTSFYLPK	AURKA;AURKB;CDK4;PRKACA	psite	985
ENSP00000349547	RASSF1	179	LVRPVSVPSSK	GSK3B	psite	985
ENSP00000349547	RASSF1	201	PGRGTSVRRRT		psite	985
ENSP00000368684	RASSF2	145	LMRTRSDVGVR		hprd;psite	927
ENSP00000347443	RASSF5	260	GIRPQSIYDAI		psite	943
ENSP00000340578	RASSF6	187	LYRTMSEAALV		psite	893
ENSP00000261313	PEBP1	52	KNRPTSISWDG		hprd;pelm;psite	424
ENSP00000350071	STRN3	202	SQRVRSLLGLS		psite	999
ENSP00000299084	SPRED1	238	SIRHVSFQDED		hprd;psite	425
ENSP00000374455	SQSTM1	24	EIRRFSFCCSP		hprd;psite	436
ENSP00000374455	SQSTM1	49	CERLLSRVAAL		psite	436
ENSP00000358810	STRIP1	59	NQRKDSEGYSE		hprd;psite	998
ENSP00000263918	STRN	259	DGREKSVIDTS		psite	999
ENSP00000353847	WWTR1	66	HSRQSSTDSSG		psite	645
ENSP00000353847	WWTR1	89	HVRSHSSPASL		hprd;psite	645
ENSP00000353847	WWTR1	117	HLRQQSYDVTD		hprd;psite	645
ENSP00000353847	WWTR1	311	HSREQSTDSGL		psite	645
ENSP00000360916	VAV2	779	ASRASSRSPAS		pelm;psite	424
ENSP00000282441	YAP1	61	HVRGDSETDLE	LATS1	hprd;pelm;psite	659
ENSP00000282441	YAP1	109	HSRQASTDAGT	LATS1	hprd;pelm;psite	659
ENSP00000282441	YAP1	127	HVRAHSSPASL	AKT1;LATS1;LATS2;STK3	hprd;pelm;psite	659
ENSP00000282441	YAP1	164	HLRQSSFEIPD	LATS1	hprd;pelm;psite	659
ENSP00000282441	YAP1	397	HSRDESTDSGL	LATS1	hprd;pelm;psite	659
ENSP00000346890	NRD1	94	EGRRGSLSNAG		hprd	621
ENSP00000324729	SAV1	90	IMRRESNRLSA		hprd	997
ENSP00000263918	STRN	586	HQRLLSCSADG		hprd	999
