name	STK36
id	ENSP00000295709
type	Serine/threonine kinase
proline+1_removed	Yes
npartners	27
npartners_with_sites	20
nsites	30
//
motif	score	fg_matches	fg_size	bg_matches	bg_size	fold_increase
..RR.[ST].....	22.49	11	93	18	9383	61.66
..R..[ST].....	6.31	17	82	465	9365	4.18
//
prot_id	prot_name	position	flank	kinase	source	string_score
ENSP00000362361	CDK9	175	LARAFSLAKNS		pelm;psite	621
ENSP00000362361	CDK9	347	PRRKGSQITQQ	CDK9	hprd;psite	621
ENSP00000267889	DISP2	1151	RPRPGSVGGMP		psite	412
ENSP00000267889	DISP2	1175	RRRSPSFDTST		psite	412
ENSP00000267889	DISP2	1393	WLRRPSTHTSG		psite	412
ENSP00000228682	GLI1	84	KKRALSISPLS		psite	981
ENSP00000228682	GLI1	544	LERRSSSSSSI	PRKACA	psite	981
ENSP00000228682	GLI1	560	VSRRSSLASPF	PRKACA	psite	981
ENSP00000228682	GLI1	640	VTRRASDPAQA	PRKACA	psite	981
ENSP00000354586	GLI2	234	RKRALSISPLS		hprd;psite	996
ENSP00000354586	GLI2	808	QERRDSSTSTV		psite	996
ENSP00000354586	GLI2	824	VSRRSSGISPY		psite	996
ENSP00000354586	GLI2	941	GPRRGSDGPTY		psite	996
ENSP00000354586	GLI2	970	GARRASDPVRR		psite	996
ENSP00000297814	KIF27	1339	HSRLSSQIQVV		psite	671
ENSP00000377934	KIF7	742	LNRQHSQRIRE		psite	543
ENSP00000377934	KIF7	895	KRRSGSNGSVV		psite	543
ENSP00000309591	PRKACA	49	FERIKTLGTGS		hprd;psite	410
ENSP00000309591	PRKACA	198	KGRTWTLCGTP	PRKACA	hprd;pelm;psite	410
ENSP00000309591	PRKACA	260	KVRFPSHFSSD		psite	410
ENSP00000359719	PRKACB	245	KGRTWTLCGTP		hprd;psite	415
ENSP00000359719	PRKACB	307	KVRFPSHFSSD		psite	415
ENSP00000265563	PRKAR2A	99	FNRRVSVCAET	PRKAR2A	hprd;pelm;psite	509
ENSP00000265563	PRKAR2A	290	GERIITQGEKA		psite	509
ENSP00000265563	PRKAR2A	350	KPRAASAYAVG		hprd;psite	509
ENSP00000265717	PRKAR2B	114	FTRRASVCAEA	PRKACA;PRKAR2B	hprd;pelm;psite	509
ENSP00000262435	SMURF2	203	PGRPLSCFVDE		psite	508
ENSP00000358918	SUFU	301	QPRRLSGKDTE		psite	985
ENSP00000358918	SUFU	342	HDRAPSRKDSL	GSK3B	psite	985
ENSP00000358918	SUFU	346	PSRKDSLESDS	PRKACA	psite	985
