name	STK39
id	ENSP00000348278
type	Serine/threonine kinase
proline+1_removed	Yes
npartners	28
npartners_with_sites	24
nsites	28
//
motif	score	fg_matches	fg_size	bg_matches	bg_size	fold_increase
...R.[ST].....	10	28	147	422	9383	4.24
//
prot_id	prot_name	position	flank	kinase	source	string_score
ENSP00000348273	MBP	39	ELSRTTSEDNE		psite	626
ENSP00000348273	MBP	141	SQKRPSQRHGS	PRKCA	hprd;psite	626
ENSP00000348273	MBP	169	PRHRDTGILDS	PRKACA	hprd;psite	626
ENSP00000348273	MBP	249	SLSRFSWGAEG	PRKCA	hprd;psite	626
ENSP00000348273	MBP	266	YGGRASDYKSA	PRKCA	hprd;psite	626
ENSP00000262461	SLC12A2	230	DHYRHTAAQLG	OXSR1	psite	744
ENSP00000262461	SLC12A2	242	KLLRPSLAELH		psite	744
ENSP00000370381	SLC12A1	118	EYYRNTGSISG	OXSR1	psite	801
ENSP00000370381	SLC12A1	130	KVNRPSLLEIH	PRKAA1	psite	801
ENSP00000229794	MAPK14	175	GLARHTDDEMT		hprd;psite	856
ENSP00000234040	PASK	104	SEPRGSVSCCS		psite	631
ENSP00000234040	PASK	939	HSQRDSAARTR		psite	631
ENSP00000329933	PHF12	130	SGKRTTSPSSD		hprd;psite	788
ENSP00000263125	PRKCQ	219	INSRETMFHKE	PRKCQ	hprd;pelm;psite	959
ENSP00000263125	PRKCQ	307	RCLRDTEQIFR		psite	959
ENSP00000263125	PRKCQ	370	NKERPSLQIKL		psite	959
ENSP00000263125	PRKCQ	676	EKPRLSFADRA		hprd;pelm;psite	959
ENSP00000329357	SP1	617	SEGRGSGDPGK		hprd;psite	800
ENSP00000329357	SP1	668	CGKRFTRSDEL	PRKCZ	psite	800
ENSP00000246914	WNK4	47	RARRFSGKAEP		psite	899
ENSP00000246914	WNK4	331	TLKRASFAKSV		psite	899
ENSP00000246914	WNK4	1190	RQRRLSKGSFP	SGK1	psite	899
ENSP00000246914	WNK4	1201	TSRRNSLQRSE		psite	899
ENSP00000246914	WNK4	1217	IMRRNSLSGSS		hprd;psite	899
ENSP00000329357	SP1	41	SQARSSSTGSS		hprd;pelm	800
ENSP00000348273	MBP	295	LGGRDSRSGSP	PRKCA	hprd	626
ENSP00000348273	MBP	190	APKRGSGKDSH	PRKCA	hprd	626
ENSP00000229794	MAPK14	298	SDKRITAAQAL		hprd	856
