name	STK4
id	ENSP00000361892
type	Serine/threonine kinase
proline+1_removed	Yes
npartners	37
npartners_with_sites	34
nsites	76
//
motif	score	fg_matches	fg_size	bg_matches	bg_size	fold_increase
..R..[ST].....	15.65	76	512	483	9383	2.88
//
prot_id	prot_name	position	flank	kinase	source	string_score
ENSP00000361423	ABL1	69	AARWNSKENLL		hprd;psite	631
ENSP00000361423	ABL1	197	HYRINTASDGK	LATS2	psite	631
ENSP00000361423	ABL1	408	LSRLMTGDTYT		psite	631
ENSP00000361423	ABL1	639	PKRSSSFREMD		hprd;psite	631
ENSP00000361423	ABL1	719	SSRLATGEEEG		psite	631
ENSP00000361423	ABL1	737	FLRSCSASCVP		hprd;psite	631
ENSP00000361423	ABL1	754	EWRSVTLPRDL	CLK1;CLK4;MAP3K8;STK3;STK4;TTK	hprd;pelm;psite	631
ENSP00000361423	ABL1	842	LRRQVTVAPAS		psite	631
ENSP00000361423	ABL1	16	DQRRPSLPALH		psite	631
ENSP00000270202	AKT1	72	RPRPNTFIIRC	AKT1	psite	707
ENSP00000270202	AKT1	246	RERVFSEDRAR	AKT1	psite	707
ENSP00000387739	AMOTL1	241	VNRANSGQAHK		hprd;psite	899
ENSP00000387739	AMOTL1	724	HSRNGSYGESS		psite	899
ENSP00000387739	AMOTL1	809	HSRQTSLTSSQ		hprd;psite	899
ENSP00000387739	AMOTL1	901	RGRLSTTPAHS		hprd;psite	899
ENSP00000249883	AMOTL2	159	HVRSLSERLLQ		psite	899
ENSP00000249883	AMOTL2	760	SQRAASLDSVA		hprd;psite	899
ENSP00000311032	CASP3	150	GDRCRSLTGKP	MAPK14	pelm;psite	967
ENSP00000354609	CNKSR1	300	HQRSPSLSLAP		hprd;pelm;psite	637
ENSP00000368880	FOXO1	24	RPRSCTWPLPR	AKT1	hprd;pelm;psite	644
ENSP00000368880	FOXO1	256	RRRAASMDNNS	AKT1	hprd;pelm;psite	644
ENSP00000368880	FOXO1	319	RPRTSSNASTI	AKT1	hprd;pelm;psite	644
ENSP00000339527	FOXO3	30	QSRPRSCTWPL		psite	937
ENSP00000339527	FOXO3	32	RPRSCTWPLQR	AKT1;PIM1;SGK1	hprd;pelm;psite	937
ENSP00000339527	FOXO3	253	RRRAVSMDNSN	AKT1;PIM1;SGK1	hprd;pelm;psite	937
ENSP00000339527	FOXO3	315	RSRTNSNASTV	SGK1	hprd;pelm;psite	937
ENSP00000339527	FOXO3	413	MQRSSSFPYTT	PRKAA2	psite	937
ENSP00000339527	FOXO3	551	GSRALSNSVSN		psite	937
ENSP00000358151	HIST2H2BE	37	RSRKESYSIYV		psite	621
ENSP00000253339	LATS1	17	QMRPKTFPASN		psite	964
ENSP00000253339	LATS1	177	VNRKQSWKGSK		psite	964
ENSP00000253339	LATS1	464	PVRSNSFNNPL	NUAK1;NUAK2	hprd;pelm;psite	964
ENSP00000253339	LATS1	633	ESRIQSYSPQA		pelm;psite	964
ENSP00000253339	LATS1	872	HPRQDSMDFSN	STK3	psite	964
ENSP00000372035	LATS2	172	VTRRPSFEGTG	CHEK2	psite	935
ENSP00000372035	LATS2	380	LARRDSLQKPG	AURKA;CHEK2	hprd;pelm;psite	935
ENSP00000372035	LATS2	408	PSRTNSFNSHQ	CHEK1;CHEK2	psite	935
ENSP00000372035	LATS2	835	HVRQDSMEPSD		psite	935
ENSP00000296755	MAP1B	541	KQRADSRESLK		hprd;pelm;psite	772
ENSP00000296755	MAP1B	561	SVRKESKEETP		hprd;psite	772
ENSP00000296755	MAP1B	1618	CPRPMSISPPD		hprd;pelm;psite	772
ENSP00000296755	MAP1B	1852	LNRDLSTPGLE		psite	772
ENSP00000348273	MBP	26	TNRGESEKKRN		psite	745
ENSP00000348273	MBP	40	LSRTTSEDNEV		psite	745
ENSP00000348273	MBP	96	LIRLFSRDAPG		hprd;pelm;psite	745
ENSP00000348273	MBP	146	SQRHGSKYLAT	PRKCA	hprd;psite	745
ENSP00000279488	DUSP6	174	GLRISSDSSSD	MAPK3	psite	803
ENSP00000390500	STK3	117	RLRNKTLIEDE	AKT1	psite	900
ENSP00000390500	STK3	384	MKRNATSPQVQ	AKT1	hprd;pelm;psite	900
ENSP00000269305	TP53	366	GSRAHSSHLKS	CHEK2	hprd;psite	671
ENSP00000349547	RASSF1	206	SVRRRTSFYLP	AURKA	hprd;psite	996
ENSP00000349547	RASSF1	207	VRRRTSFYLPK	AURKA;AURKB;CDK4;PRKACA	psite	996
ENSP00000349547	RASSF1	179	LVRPVSVPSSK	GSK3B	psite	996
ENSP00000349547	RASSF1	201	PGRGTSVRRRT		psite	996
ENSP00000368684	RASSF2	145	LMRTRSDVGVR		hprd;psite	905
ENSP00000347443	RASSF5	260	GIRPQSIYDAI		psite	997
ENSP00000340578	RASSF6	187	LYRTMSEAALV		psite	646
ENSP00000374455	SQSTM1	24	EIRRFSFCCSP		hprd;psite	440
ENSP00000374455	SQSTM1	49	CERLLSRVAAL		psite	440
ENSP00000261716	TAOK1	9	TNRAGSLKDPE		hprd;pelm;psite	769
ENSP00000261716	TAOK1	445	TIRTASLVTRQ		hprd;pelm;psite	769
ENSP00000261716	TAOK1	974	LRRTASGGRTE		psite	769
ENSP00000261716	TAOK1	987	MSRSTSVTSQI		psite	769
ENSP00000353847	WWTR1	66	HSRQSSTDSSG		psite	901
ENSP00000353847	WWTR1	89	HVRSHSSPASL		hprd;psite	901
ENSP00000353847	WWTR1	117	HLRQQSYDVTD		hprd;psite	901
ENSP00000353847	WWTR1	311	HSREQSTDSGL		psite	901
ENSP00000282441	YAP1	61	HVRGDSETDLE	LATS1	hprd;pelm;psite	901
ENSP00000282441	YAP1	109	HSRQASTDAGT	LATS1	hprd;pelm;psite	901
ENSP00000282441	YAP1	127	HVRAHSSPASL	AKT1;LATS1;LATS2;STK3	hprd;pelm;psite	901
ENSP00000282441	YAP1	164	HLRQSSFEIPD	LATS1	hprd;pelm;psite	901
ENSP00000282441	YAP1	397	HSRDESTDSGL	LATS1	hprd;pelm;psite	901
ENSP00000324729	SAV1	90	IMRRESNRLSA		hprd	996
ENSP00000387739	AMOTL1	51	SGRHETSALTV		hprd	899
ENSP00000261716	TAOK1	959	VPRGSSMGVRN		hprd	769
ENSP00000249883	AMOTL2	597	AQRDTTLIRHS		hprd	899
