name	STRADB
id	ENSP00000194530
type	Serine/threonine kinase
proline+1_removed	Yes
npartners	31
npartners_with_sites	24
nsites	17
//
motif	score	fg_matches	fg_size	bg_matches	bg_size	fold_increase
..RR.[ST].....	24.15	16	235	18	9383	35.49
//
prot_id	prot_name	position	flank	kinase	source	string_score
ENSP00000264276	ALS2	483	GSRRLSLPGLL		hprd;pelm;psite	585
ENSP00000229328	PRKAB1	24	TPRRDSSGGTK	PRKAA1	hprd;pelm;psite	908
ENSP00000287878	PRKAG2	122	SPRRMSFSGIF		psite	899
ENSP00000310697	BRSK2	260	AARRLTLEHIQ	PRKACA	psite	905
ENSP00000324856	STK11	428	KIRRLSACKQQ	PRKCZ;RPS6KA3;STK11	hprd;pelm;psite	991
ENSP00000300843	MARK4	423	RQRRHSDFCGP		psite	904
ENSP00000300843	MARK4	511	MTRRNTYVCTE		psite	904
ENSP00000305976	SIK2	358	RQRRPSTIAEQ		psite	905
ENSP00000305976	SIK2	484	GQRRHTLSEVT		psite	905
ENSP00000305976	SIK2	587	EGRRASDTSLT		hprd;pelm;psite	905
ENSP00000292055	SIK3	411	SMRRHTVGVAD		psite	904
ENSP00000292055	SIK3	493	LGRRASDGGAN		psite	904
ENSP00000292055	SIK3	568	PVRRFSDGAAS		hprd;psite	904
ENSP00000270162	SIK1	473	TGRRHTLAEVS		psite	899
ENSP00000270162	SIK1	575	EGRRASDTSLT		psite	899
ENSP00000358335	MAP3K7	439	QPRRRSIQDLT		hprd;pelm;psite	831
ENSP00000328875	TRAK2	731	TNRRDSTTTFS		psite	829
