name	STRADA
id	ENSP00000336655
type	Serine/threonine kinase
proline+1_removed	Yes
npartners	40
npartners_with_sites	34
nsites	15
//
motif	score	fg_matches	fg_size	bg_matches	bg_size	fold_increase
..RR.[ST].....	19.63	14	273	18	9383	26.73
//
prot_id	prot_name	position	flank	kinase	source	string_score
ENSP00000229328	PRKAB1	24	TPRRDSSGGTK	PRKAA1	hprd;pelm;psite	910
ENSP00000287878	PRKAG2	122	SPRRMSFSGIF		psite	910
ENSP00000310697	BRSK2	260	AARRLTLEHIQ	PRKACA	psite	913
ENSP00000324856	STK11	428	KIRRLSACKQQ	PRKCZ;RPS6KA3;STK11	hprd;pelm;psite	999
ENSP00000300843	MARK4	423	RQRRHSDFCGP		psite	909
ENSP00000300843	MARK4	511	MTRRNTYVCTE		psite	909
ENSP00000305976	SIK2	358	RQRRPSTIAEQ		psite	907
ENSP00000305976	SIK2	484	GQRRHTLSEVT		psite	907
ENSP00000305976	SIK2	587	EGRRASDTSLT		hprd;pelm;psite	907
ENSP00000292055	SIK3	411	SMRRHTVGVAD		psite	913
ENSP00000292055	SIK3	493	LGRRASDGGAN		psite	913
ENSP00000292055	SIK3	568	PVRRFSDGAAS		hprd;psite	913
ENSP00000270162	SIK1	473	TGRRHTLAEVS		psite	900
ENSP00000270162	SIK1	575	EGRRASDTSLT		psite	900
ENSP00000295641	STK11IP	398	RVRRASISEPS		hprd;psite	469
