name	SYK
id	ENSP00000364898
type	Tyrosine kinase
proline+1_removed	No
npartners	281
npartners_with_sites	218
nsites	288
//
motif	score	fg_matches	fg_size	bg_matches	bg_size	fold_increase
....DY.....	14.44	109	959	500	10000	2.27
.....Y..P..	11.25	98	850	519	9500	2.11
.....YD....	6.17	67	752	422	8981	1.9
//
prot_id	prot_name	position	flank	kinase	source	string_score
ENSP00000238081	YWHAQ	19	EQAERYDDMAT		psite	828
ENSP00000238081	YWHAQ	82	QLIKDYREKVE		psite	828
ENSP00000238081	YWHAQ	125	KMKGDYFRYLA		psite	828
ENSP00000270202	AKT1	315	CGTPEYLAPEV	PTK6;RET;SRC	hprd;psite	416
ENSP00000270202	AKT1	326	LEDNDYGRAVD	PTK6;SRC	hprd;psite	416
ENSP00000295897	ALB	365	RRHPDYSVVLL		psite	497
ENSP00000295897	ALB	476	PCAEDYLSVVL		psite	497
ENSP00000339826	PIK3AP1	594	PQSSIYDPFAG	ABL1	psite	961
ENSP00000303507	BCR	246	GVDGDYEDAEL	FES	hprd;pelm;psite	514
ENSP00000303507	BCR	561	IHKEFYDGLFP		psite	514
ENSP00000303507	BCR	751	GKTQQYDCKWY		psite	514
ENSP00000303507	BCR	852	LISSDYERAEW		psite	514
ENSP00000259089	BLK	188	DEGGYYISPRI		psite	906
ENSP00000224337	BLNK	72	DFDSDYENPDE	SYK	pelm;psite	999
ENSP00000224337	BLNK	84	SDSEMYVMPAE	SYK	pelm;psite	999
ENSP00000224337	BLNK	96	NADDSYEPPPV	SYK	pelm;psite	999
ENSP00000224337	BLNK	178	EDEADYVVPVE	SYK	pelm;psite	999
ENSP00000224337	BLNK	189	DNDENYIHPTE	SYK	pelm;psite	999
ENSP00000308176	BTK	223	KVVALYDYMPM	ABL1;BTK;ITK;LYN;TEC	hprd;pelm;psite	973
ENSP00000308176	BTK	225	VALYDYMPMNA		hprd;psite	973
ENSP00000264033	CBL	455	APSPNYDDDDD		hprd;psite	999
ENSP00000264033	CBL	700	EEDTEYMTPSS	EGFR;FYN;INSR;LCK;SYK;YES1	hprd;pelm;psite	999
ENSP00000264033	CBL	774	NEDDGYDVPKP	EGFR;FYN;LCK;SRC;SYK;YES1	hprd;pelm;psite	999
ENSP00000264122	CBLB	92	LILSKYDDNQK		psite	998
ENSP00000264122	CBLB	665	LGSEEYDVPPR		psite	998
ENSP00000264122	CBLB	709	EDDDEYKIPSS		psite	998
ENSP00000264122	CBLB	802	RTPSDYDLLIP		psite	998
ENSP00000264122	CBLB	889	RTSQDYDQLPS		pelm;psite	998
ENSP00000313419	CD19	378	GTAPSYGNPSS	MAPK1	hprd;pelm;psite	995
ENSP00000313419	CD19	409	EEGEGYEEPDS	LYN	hprd;pelm;psite	995
ENSP00000313419	CD19	439	QDGSGYENPED	MAPK1	hprd;pelm;psite	995
ENSP00000313419	CD19	508	MRGILYAAPQL	ABL1	hprd;psite	995
ENSP00000085219	CD22	807	RQVGDYENVIP		pelm;psite	933
ENSP00000085219	CD22	842	QENVDYVILKH		pelm;psite	933
ENSP00000354566	CD3E	188	VPNPDYEPIRK	FYN;LCK	hprd;pelm;psite	986
ENSP00000354782	CD247	83	GRREEYDVLDK		hprd;pelm;psite	933
ENSP00000354782	CD247	153	ATKDTYDALHM		hprd;pelm;psite	933
ENSP00000356346	PTPRC	687	VDILPYDYNRV		psite	589
ENSP00000356346	PTPRC	689	ILPYDYNRVEL		psite	589
ENSP00000356346	PTPRC	790	KRCPDYIIQKL		psite	589
ENSP00000356346	PTPRC	978	SNVIPYDYNRV		psite	589
ENSP00000356346	PTPRC	980	VIPYDYNRVPL		psite	589
ENSP00000342681	CD5	453	HVDNEYSQPPR	FYN;LCK	hprd;pelm;psite	497
ENSP00000342681	CD5	487	SSDSDYDLHGA	FYN;LCK	hprd;pelm;psite	497
ENSP00000314458	CDC42	64	AGQEDYDRLRP	SRC	pelm;psite	517
ENSP00000003084	CFTR	512	IFGVSYDEYRY		psite	400
ENSP00000301843	CTTN	154	ASQKDYSSGFG		psite	967
ENSP00000301843	CTTN	178	AVGFDYQGKTE		psite	967
ENSP00000301843	CTTN	228	ESQKDYVKGFG		psite	967
ENSP00000301843	CTTN	265	ESQKDYKTGFG		psite	967
ENSP00000301843	CTTN	289	AVGFDYKEKLA		hprd;psite	967
ENSP00000301843	CTTN	302	ESQQDYSKGFG		psite	967
ENSP00000301843	CTTN	433	KAELSYRGPVS		hprd;psite	967
ENSP00000301843	CTTN	453	MEAADYREASS		hprd;pelm;psite	967
ENSP00000301843	CTTN	486	AEDSTYDEYEN	ABL1;SRC	hprd;pelm;psite	967
ENSP00000356436	PLA2G4A	456	DAGSDYQSDNQ		psite	950
ENSP00000300574	CRK	221	PEPGPYAQPSV	ABL1;ABL2;EGFR	hprd;pelm;psite	465
ENSP00000300574	CRK	251	RVPNAYDKTAL	ABL1	psite	465
ENSP00000346300	CRKL	48	TCPGDYVLSVS		psite	752
ENSP00000346300	CRKL	132	YVRTLYDFPGN		hprd;psite	752
ENSP00000346300	CRKL	198	RNSNSYGIPEP		hprd;pelm;psite	752
ENSP00000346300	CRKL	207	EPAHAYAQPQT	ABL1	hprd;pelm;psite	752
ENSP00000346300	CRKL	251	RVPCAYDKTAL		hprd;psite	752
ENSP00000384053	CSF2RB	593	DFNGPYLGPPH		hprd;pelm;psite	960
ENSP00000384053	CSF2RB	822	QQVGDYCFLPG	LYN	pelm;psite	960
ENSP00000384053	CSF2RB	882	LKQQDYLSLPP	LYN	psite	960
ENSP00000286301	CSF1R	699	EGGVDYKNIHL	CSF1R	pelm;psite	566
ENSP00000286301	CSF1R	923	RRERDYTNLPS		psite	566
ENSP00000357981	CTSS	215	DQKCQYDSKYR		psite	412
ENSP00000222139	EPOR	468	GISTDYSSGDS	JAK2	hprd;psite	691
ENSP00000222139	EPOR	485	LSDGPYSNPYE	JAK2	hprd;psite	691
ENSP00000263025	MAPK3	210	VATRWYRAPEI		psite	649
ENSP00000338934	EZR	116	LSDEIYCPPET		psite	866
ENSP00000338934	EZR	354	LRLQDYEEKTK	EGFR	hprd;pelm;psite	866
ENSP00000341189	PTK2	155	QVKSDYMLEIA		psite	857
ENSP00000341189	PTK2	397	SETDDYAEIID	FGR;MET;PTK2;SRC	hprd;pelm;psite	857
ENSP00000341189	PTK2	407	DEEDTYTMPST	MET;PTK2;PTK2B;SRC	hprd;pelm;psite	857
ENSP00000341189	PTK2	441	VHQGIYMSPEN	BMX;SRC	psite	857
ENSP00000341189	PTK2	720	PSRPGYPSPRS		psite	857
ENSP00000271450	FCGR2A	281	ETNNDYETADG	BLK;FYN;LYN;SYK	hprd;pelm;psite	997
ENSP00000281092	FER	200	HQNQYYDITLP		psite	902
ENSP00000281092	FER	615	KILKQYDHPNI	FER	psite	902
ENSP00000363115	FGR	86	LFIALYDYEAR		psite	990
ENSP00000306245	FOS	10	GFNADYEASSS		psite	938
ENSP00000306245	FOS	30	DSLSYYHSPAD		psite	938
ENSP00000357656	FYN	91	LFVALYDYEAR		psite	966
ENSP00000339186	GRAP2	324	LFPANYVAPMT		psite	967
ENSP00000293662	GRASP	237	KDPSIYDTLES		psite	817
ENSP00000339007	GRB2	209	MFPRNYVTPVN	EGFR;JAK2	hprd;pelm;psite	995
ENSP00000335620	GSTA1	147	SHGQDYLVGNK		psite	427
ENSP00000420168	GSTA2	147	SHGQDYLVGNK		psite	427
ENSP00000211122	GSTA3	147	SHGQDYLVGNK		psite	428
ENSP00000365012	HCK	89	VALYDYEAIHH		psite	956
ENSP00000365012	HCK	209	DNGGFYISPRS	HCK	hprd;pelm;psite	956
ENSP00000362649	HDAC1	333	LPYNDYFEYFG		psite	626
ENSP00000362649	HDAC1	336	NDYFEYFGPDF		psite	626
ENSP00000381331	HDAC2	428	LPYNDYFEYFG		psite	620
ENSP00000381331	HDAC2	431	NDYFEYFGPDF		psite	620
ENSP00000302967	HDAC3	404	GPEENYSRPEA		hprd;psite	670
ENSP00000334061	HDAC6	570	NFDSIYICPST	EGFR	psite	619
ENSP00000283179	HNRNPU	613	PKDEDYKQRTQ		psite	923
ENSP00000380066	MAP4K1	381	SSDDDYDDVDI	LYN;SYK	hprd;pelm;psite	672
ENSP00000320176	HCLS1	140	AVGFDYKGEVE		psite	996
ENSP00000320176	HCLS1	153	TSQKDYSRGFG		psite	996
ENSP00000320176	HCLS1	175	KAALGYDYKGE		psite	996
ENSP00000320176	HCLS1	177	ALGYDYKGETE		psite	996
ENSP00000320176	HCLS1	190	ESQRDYAKGFG		psite	996
ENSP00000320176	HCLS1	378	EPENDYEDVEE	LYN;SYK	hprd;pelm;psite	996
ENSP00000320176	HCLS1	397	EPEGDYEEVLE	FGR;LYN;SYK	hprd;pelm;psite	996
ENSP00000216797	NFKBIA	305	EDELPYDDCVF	ABL1	pelm;psite	924
ENSP00000216223	IL2RB	384	QVYFTYDPYSE	LCK	hprd;pelm;psite	962
ENSP00000398655	ITK	146	TGCAQYDPTKN		psite	916
ENSP00000398655	ITK	180	VVIALYDYQTN	BTK;ITK;TEC	hprd;pelm;psite	916
ENSP00000398655	ITK	182	IALYDYQTNDP		psite	916
ENSP00000343204	JAK1	993	CKGMDYLGSRQ		psite	969
ENSP00000391676	JAK3	785	LISSDYELLSD	JAK3	hprd;pelm;psite	916
ENSP00000391676	JAK3	980	PLDKDYYVVRE	JAK3	hprd;pelm;psite	916
ENSP00000315757	LCP1	598	IGARVYALPED		psite	403
ENSP00000275635	LAT2	110	GSEEAYIDPIA	KIT;LYN	psite	546
ENSP00000275635	LAT2	193	EESEDYQNSAS	SYK	hprd;pelm;psite	546
ENSP00000275635	LAT2	233	DGEPDYVNGEV	SYK	pelm;psite	546
ENSP00000354119	LAT	36	RLPGSYDSTSS		psite	998
ENSP00000354119	LAT	156	EDEDDYHNPGY	ZAP70	hprd;psite	998
ENSP00000354119	LAT	200	ESIDDYVNVPE	ZAP70	hprd;psite	998
ENSP00000354119	LAT	255	EGAPDYENLQE	ZAP70	hprd;psite	998
ENSP00000337825	LCK	192	DNGGFYISPRI	SYK	hprd;pelm;psite	999
ENSP00000337825	LCK	489	RPTFDYLRSVL		psite	999
ENSP00000353408	MSN	116	LNDDIYCPPET		psite	943
ENSP00000379625	MYD88	289	ITVCDYTNPCT		psite	606
ENSP00000288986	NCK1	105	PGERLYDLNMP	ABL1	hprd;pelm;psite	965
ENSP00000288986	NCK1	268	PPQCDYIRPSL		hprd;pelm;psite	965
ENSP00000396538	NFAT5	161	RHTVLYISPPP	ABL1	psite	412
ENSP00000226574	NFKB1	241	VSDAIYDSKAP		psite	912
ENSP00000226574	NFKB1	410	YSFPHYGFPTY		psite	912
ENSP00000162330	BCAR1	12	LAKALYDNVAE		psite	940
ENSP00000162330	BCAR1	115	QPDSVYLVPTP	SRC	hprd;psite	940
ENSP00000162330	BCAR1	128	AQQGLYQVPGP	FGFR1;SRC	hprd;pelm;psite	940
ENSP00000162330	BCAR1	165	PATDLYQVPPG	PTK6;SRC	hprd;pelm;psite	940
ENSP00000162330	BCAR1	179	PAQDIYQVPPS	SRC	hprd;psite	940
ENSP00000162330	BCAR1	192	MGHDIYQVPPS	SRC	hprd;psite	940
ENSP00000162330	BCAR1	234	PEQDEYDIPRH	SRC	hprd;pelm;psite	940
ENSP00000162330	BCAR1	249	GPQDIYDVPPV	FGFR1	hprd;pelm;psite	940
ENSP00000162330	BCAR1	267	YGQEVYDTPPM	SRC	hprd;psite	940
ENSP00000162330	BCAR1	287	PLLEVYDVPPS	SRC	hprd;psite	940
ENSP00000162330	BCAR1	306	NHHAVYDVPPS	FGFR1	hprd;pelm;psite	940
ENSP00000162330	BCAR1	327	LREETYDVPPA	FGFR1	hprd;pelm;psite	940
ENSP00000162330	BCAR1	362	PAEDVYDVPPP	SRC	hprd;psite	940
ENSP00000162330	BCAR1	372	PAPDLYDVPPG		hprd;psite	940
ENSP00000162330	BCAR1	387	GPGTLYDVPRE	SRC	hprd;pelm;psite	940
ENSP00000162330	BCAR1	410	VDSGVYAVPPP	FGFR1;PTK2	hprd;pelm;psite	940
ENSP00000162330	BCAR1	664	GWMEDYDYVHL	PTK2;PTK6	hprd;pelm;psite	940
ENSP00000162330	BCAR1	666	MEDYDYVHLQG	PTK2	hprd;psite	940
ENSP00000229794	MAPK14	323	PVADPYDQSFE	FYN;LCK;ZAP70	pelm;psite	920
ENSP00000225577	RPS6KB1	413	FLGFTYVAPSV		psite	640
ENSP00000220597	PAG1	387	EPEPDYEAIQT		psite	754
ENSP00000220597	PAG1	417	PKENDYESISD		hprd;pelm;psite	754
ENSP00000289153	PIK3CB	246	VSPYDYVLQVS		psite	987
ENSP00000289153	PIK3CB	503	NKKQPYYYPPF		psite	987
ENSP00000289153	PIK3CB	504	KKQPYYYPPFD		psite	987
ENSP00000289153	PIK3CB	962	PFILTYDFIHV		psite	987
ENSP00000366563	PIK3CD	440	GERCLYMWPSV		pelm;psite	987
ENSP00000366563	PIK3CD	936	PFILTYDFVHV		psite	987
ENSP00000274335	PIK3R1	12	QYRALYDYKKE		psite	977
ENSP00000274335	PIK3R1	368	KMHGDYTLTLR	INSR	hprd;pelm;psite	977
ENSP00000274335	PIK3R1	463	EKSREYDRLYE		psite	977
ENSP00000274335	PIK3R1	528	RIMHNYDKLKS		psite	977
ENSP00000222254	PIK3R2	460	DKSREYDQLYE		hprd;psite	960
ENSP00000262741	PIK3R3	195	EKSKEYDRLYE		psite	904
ENSP00000262741	PIK3R3	260	RIMMNYDKLKS		psite	904
ENSP00000262741	PIK3R3	373	AEDLLYGKPDG		psite	904
ENSP00000333568	PRKD1	749	VGTPAYLAPEV		psite	641
ENSP00000244007	PLCG1	186	LSQVNYRVPNM		psite	994
ENSP00000244007	PLCG1	771	TAEPDYGALYE	EGFR;LYN;SYK	hprd;pelm;psite	994
ENSP00000244007	PLCG1	833	WWRGDYGGKKQ		psite	994
ENSP00000244007	PLCG1	959	SELVVYCRPVP		psite	994
ENSP00000244007	PLCG1	1254	SFESRYQQPFE	EGFR	hprd;pelm;psite	994
ENSP00000352336	PLCG2	753	DINSLYDVSRM	BTK;FYN;LCK;LYN;SRC	hprd;pelm;psite	994
ENSP00000352336	PLCG2	759	DVSRMYVDPSE	BTK;FYN;LCK;LYN;SRC;SYK	hprd;pelm;psite	994
ENSP00000352336	PLCG2	778	TVKALYDYKAK		psite	994
ENSP00000352336	PLCG2	780	KALYDYKAKRS		psite	994
ENSP00000352336	PLCG2	811	WWKGDYGTRIQ		psite	994
ENSP00000352336	PLCG2	936	SDLVVYCKPTS		psite	994
ENSP00000352336	PLCG2	1048	MRTEKYDPMPP		psite	994
ENSP00000352336	PLCG2	1217	NQLFLYDTHQN	BTK;LCK	hprd;pelm;psite	994
ENSP00000342793	PLD1	42	GEEVDYDVSPS		psite	810
ENSP00000263088	PLD2	511	WLGKDYSNLIT	SRC	psite	963
ENSP00000263088	PLD2	573	TTKAKYKTPTY		psite	963
ENSP00000263088	PLD2	580	TPTYPYLLPKS		psite	963
ENSP00000234313	PLEK	277	PAYLHYYDPAG		psite	732
ENSP00000234313	PLEK	278	AYLHYYDPAGA		psite	732
ENSP00000248594	PTPN12	88	SQDSDYINANF		psite	504
ENSP00000348812	PTPRD	1392	ANVIAYDHSRV		psite	486
ENSP00000228307	PXN	31	SEETPYSYPTG	PTK2;PTK6	hprd;pelm;psite	959
ENSP00000228307	PXN	118	EEEHVYSFPNK	FYN;PTK2;PTK6	hprd;pelm;psite	959
ENSP00000228307	PXN	181	ALSPLYGVPET		hprd;pelm;psite	959
ENSP00000332816	PTK2B	579	IEDEDYYKASV	PTK2B	hprd;pelm;psite	961
ENSP00000332816	PTK2B	699	ERNARYRTPKI		psite	961
ENSP00000332816	PTK2B	722	PSRPKYRPPPQ		psite	961
ENSP00000332816	PTK2B	756	TSPMEYPSPVN		hprd;psite	961
ENSP00000332816	PTK2B	819	QMVEDYQWLRQ		psite	961
ENSP00000348461	RAC1	64	AGQEDYDRLRP	PTK2;SRC	psite	951
ENSP00000249071	RAC2	64	AGQEDYDRLRP		psite	946
ENSP00000304283	RAC3	64	AGQEDYDRLRP		psite	540
ENSP00000274376	RASA1	239	AMCGDYYIGGR		psite	683
ENSP00000272233	RHOB	66	AGQEDYDRLRP		psite	904
ENSP00000339467	RHOG	64	AGQEEYDRLRT		psite	914
ENSP00000365411	APBB1IP	340	RASGIYYVPKG		psite	912
ENSP00000365411	APBB1IP	380	KAPTDYCFVLK		psite	912
ENSP00000347271	RPS10	82	QYLRDYLHLPP		psite	619
ENSP00000348685	SH3BP2	174	TDNEDYEHDDE	SYK	hprd;pelm;psite	973
ENSP00000348685	SH3BP2	183	DEDDSYLEPDS	SYK	hprd;pelm;psite	973
ENSP00000348685	SH3BP2	448	DSDEDYEKVPL	SYK	hprd;psite	973
ENSP00000364995	SHC3	406	GSSDIYSTPEG		psite	801
ENSP00000391592	PTPN6	61	NSGDFYDLYGG		hprd;psite	997
ENSP00000391592	PTPN6	301	IPGSDYINANY		psite	997
ENSP00000340944	PTPN11	62	QNTGDYYDLYG		hprd;pelm;psite	945
ENSP00000340944	PTPN11	63	NTGDYYDLYGG		hprd;pelm;psite	945
ENSP00000340944	PTPN11	179	CQELKYDVGGG		psite	945
ENSP00000340944	PTPN11	304	EPVSDYINANI		pelm;psite	945
ENSP00000338171	SKAP1	90	PFLSDYQDEGM		psite	415
ENSP00000338171	SKAP1	232	EKEETYDDIDG	FYN	pelm;psite	415
ENSP00000338171	SKAP1	295	RKGVDYASYYQ	FYN	psite	415
ENSP00000316460	FYB	571	AVEIDYDSLKL	FYN	hprd;pelm;psite	561
ENSP00000316460	FYB	595	DDQEVYDDVAE	FYN	hprd;pelm;psite	561
ENSP00000316460	FYB	625	PDDDIYDGIEE		psite	561
ENSP00000316460	FYB	651	MGDEVYDDVDT	FYN	hprd;pelm;psite	561
ENSP00000316460	FYB	701	RKKFKYDGEIR		psite	561
ENSP00000316460	FYB	771	NDGEIYDDIAD	FYN	psite	561
ENSP00000262418	SLC4A1	8	ELQDDYEDMME	LYN;SYK	hprd;pelm;psite	913
ENSP00000262418	SLC4A1	21	LEQEEYEDPDI	LYN;SYK	hprd;pelm;psite	913
ENSP00000262418	SLC4A1	46	ATATDYHTTSH		hprd;pelm;psite	913
ENSP00000262418	SLC4A1	904	EGRDEYDEVAM	LYN;SYK	hprd;pelm;psite	913
ENSP00000046794	LCP2	113	FEEDDYESPND	LCK;SYK;ZAP70	hprd;pelm;psite	999
ENSP00000046794	LCP2	128	EDDGDYESPNE	LCK;SYK;ZAP70	hprd;pelm;psite	999
ENSP00000046794	LCP2	145	EDDADYEPPPS	LCK;TXK;ZAP70	hprd;pelm;psite	999
ENSP00000338345	SNCA	125	PDNEAYEMPSE	FYN;PTK2B;SRC;SYK	hprd;pelm;psite	959
ENSP00000384675	SOS1	618	LTYHMYADPNF		psite	922
ENSP00000350941	SRC	522	AFLEDYFTSTE		psite	967
ENSP00000354394	STAT1	170	DLQDEYDFKCK		psite	735
ENSP00000264657	STAT3	686	EAFGKYCRPES		hprd;psite	983
ENSP00000341208	STAT5A	668	LSYLIYVFPDR		psite	711
ENSP00000341208	STAT5A	682	EVFSKYYTPVL		psite	711
ENSP00000341208	STAT5A	694	KAVDGYVKPQI	BTK;JAK2;JAK3;LCK;LYN;SRC;SYK	hprd;pelm;psite	711
ENSP00000293328	STAT5B	392	NTRNDYSGEIL		psite	678
ENSP00000293328	STAT5B	668	LNYLIYVFPDR		hprd;psite	678
ENSP00000293328	STAT5B	682	EVYSKYYTPVP		psite	678
ENSP00000293328	STAT5B	699	KAVDGYVKPQI	EGFR;HCK;PTK6;SRC	hprd;pelm;psite	678
ENSP00000303476	TLN2	28	PSTAVYDACRV		psite	434
ENSP00000303476	TLN2	49	GQASDYGLFLS		psite	434
ENSP00000303476	TLN2	72	GRTLDYYMLRN		psite	434
ENSP00000303476	TLN2	1665	QRECDYSIDGI		hprd;pelm;psite	434
ENSP00000303476	TLN2	1854	GTFVDYQTTVV		psite	434
ENSP00000316029	TLN1	26	PSTMVYDACRI		hprd;pelm;psite	942
ENSP00000316029	TLN1	70	GKALDYYMLRN		hprd;pelm;psite	942
ENSP00000316029	TLN1	570	PAETDYTAVGC		psite	942
ENSP00000316029	TLN1	1737	SQMAQYFEPLT		psite	942
ENSP00000316029	TLN1	1893	QLTSDYGRLAS		psite	942
ENSP00000340820	MAPT	532	GDRSGYSSPGS		psite	854
ENSP00000340820	MAPT	729	GAEIVYKSPVV	ABL1	hprd;psite	854
ENSP00000363089	TLR4	674	RGENIYDAFVI		psite	956
ENSP00000301071	TUBA1A	161	RLSVDYGKKSK		psite	666
ENSP00000301071	TUBA1A	172	LEFSIYPAPQV		psite	666
ENSP00000301071	TUBA1A	210	DNEAIYDICRR		psite	666
ENSP00000301071	TUBA1A	357	KVGINYQPPTV		psite	666
ENSP00000301071	TUBA1A	432	ALEKDYEEVGV		psite	666
ENSP00000248437	TUBA4A	161	RLSVDYGKKSK		hprd;psite	621
ENSP00000248437	TUBA4A	172	LEFSIYPAPQV		psite	621
ENSP00000248437	TUBA4A	210	DNEAIYDICRR		psite	621
ENSP00000248437	TUBA4A	357	KVGINYQPPTV		hprd;pelm;psite	621
ENSP00000248437	TUBA4A	432	ALEKDYEEVGI	SYK	hprd;psite	621
ENSP00000304697	UBB	59	RTLSDYNIQKE		psite	646
ENSP00000344818	UBC	59	RTLSDYNIQKE		psite	991
ENSP00000360916	VAV2	159	LGEDIYDCVPC	EGFR;LCK	hprd;pelm;psite	978
ENSP00000359073	VAV3	508	NIRPDYADSNF		psite	948
ENSP00000359073	VAV3	667	PKPVDYSCQPW		psite	948
ENSP00000359073	VAV3	797	IAIARYDFCAR		psite	948
ENSP00000365891	WAS	291	TSKLIYDFIED	ABL1;BTK;HCK;LCK;LYN;TNK2	hprd;pelm;psite	877
ENSP00000324740	YES1	100	IFVALYDYEAR		psite	903
ENSP00000324740	YES1	146	YIPSNYVAPAD		psite	903
ENSP00000264972	ZAP70	126	AMVRDYVRQTW	ZAP70	hprd;pelm;psite	902
ENSP00000264972	ZAP70	221	DKAGKYCIPEG		psite	902
ENSP00000264972	ZAP70	315	MDTSVYESPYS	ZAP70	hprd;pelm;psite	902
ENSP00000264972	ZAP70	319	VYESPYSDPEE	ABL1;ZAP70	hprd;pelm;psite	902
ENSP00000314709	ZHX2	705	ADDHGYDAVAR		psite	430
ENSP00000264033	CBL	337	FREGFYLFPDG		pelm	999
ENSP00000261023	ITGAV	225	EIVSKYDPNVY		hprd	914
ENSP00000380066	MAP4K1	232	MTKSGYQPPRL	ABL1	hprd	672
ENSP00000293328	STAT5B	98	QLQNTYDRCPM		hprd	678
