name	TAOK1
id	ENSP00000261716
type	Serine/threonine kinase
proline+1_removed	Yes
npartners	86
npartners_with_sites	76
nsites	133
//
motif	score	fg_matches	fg_size	bg_matches	bg_size	fold_increase
..RR.[ST].....	318.29	25	1116	18	9383	11.68
..R..[ST].....	10.4	107	1091	465	9365	1.98
//
prot_id	prot_name	position	flank	kinase	source	string_score
ENSP00000278616	ATM	1878	CLRHFSQTSRS		psite	900
ENSP00000278616	ATM	2996	CKRNLSDIDQS	ATM	hprd;psite	900
ENSP00000316121	CDCA8	154	KKRTQSIQGKG	AURKB	hprd;psite	899
ENSP00000316121	CDCA8	169	SSRANTVTPAV	TTK	hprd;pelm;psite	899
ENSP00000316121	CDCA8	194	TPRFDSRVFKT		hprd;psite	899
ENSP00000302530	BUB1	563	VSRLPSKPKEE		hprd;psite	899
ENSP00000287598	BUB1B	39	QGRIMSTLQGA		psite	985
ENSP00000287598	BUB1B	384	LQRVQSHQQAS		psite	985
ENSP00000287598	BUB1B	600	GFRNVTICPNP		psite	985
ENSP00000287598	BUB1B	680	DSREATHSSGF	PLK1	psite	985
ENSP00000335463	CASC5	24	VRRRHSSILKP	AURKB	psite	899
ENSP00000335463	CASC5	25	RRRHSSILKPP		psite	899
ENSP00000335463	CASC5	60	NSRRVSFADTI	AURKB	hprd;pelm;psite	899
ENSP00000335463	CASC5	1093	SQRRKSLKLKN		psite	899
ENSP00000335463	CASC5	1675	KVRRCSLGIFL		hprd;pelm;psite	899
ENSP00000335463	CASC5	1690	NKRNCSVTGID		hprd;pelm;psite	899
ENSP00000335463	CASC5	1845	LSRTPSSCSSS		hprd;pelm;psite	899
ENSP00000308450	CDC20	51	ANRSHSAGRTP		psite	899
ENSP00000308450	CDC20	448	TSRVLSLTMSP		psite	899
ENSP00000273853	CENPC	524	KSRRISRRPSD		hprd;psite	899
ENSP00000273853	CENPC	528	ISRRPSDWWVV		psite	899
ENSP00000265148	CENPE	422	RKRRVTWCLGK		hprd;pelm;psite	899
ENSP00000265148	CENPE	2083	EKRLLSDGQQH		psite	899
ENSP00000265148	CENPE	2651	DSRSKSLPSPH		hprd;pelm;psite	899
ENSP00000355922	CENPF	242	IRRDFSASYFS		psite	899
ENSP00000355922	CENPF	834	QNRVDSLEFSL		hprd;pelm;psite	899
ENSP00000355922	CENPF	1010	DEREKSISELS		hprd;psite	899
ENSP00000355922	CENPF	1862	LQRVETSEGLN		psite	899
ENSP00000355922	CENPF	3081	PERSPTDSPRE		hprd;pelm;psite	899
ENSP00000260662	CENPO	35	RSRKQSEELQS		psite	899
ENSP00000219172	CENPT	125	PSRQESSCGSL		psite	899
ENSP00000263710	CLASP1	280	TRRLGSSTLGS		psite	901
ENSP00000263710	CLASP1	568	LNRPLSAKRSP		hprd;pelm;psite	901
ENSP00000263710	CLASP1	574	AKRSPTGSTTS		psite	901
ENSP00000263710	CLASP1	600	LQRSRSDIDVN		hprd;pelm;psite	901
ENSP00000263710	CLASP1	642	LGRIRTRRQSS		psite	901
ENSP00000263710	CLASP1	646	RTRRQSSGSAT		hprd;pelm;psite	901
ENSP00000263710	CLASP1	647	TRRQSSGSATN		hprd;pelm;psite	901
ENSP00000263710	CLASP1	676	SQRSRSANPAG		psite	901
ENSP00000263710	CLASP1	795	AMRVLSTSTDL		psite	901
ENSP00000362850	DSN1	95	QDRRQSWRRAS		psite	899
ENSP00000362850	DSN1	100	SWRRASMKETN	AURKB	psite	899
ENSP00000362850	DSN1	109	TNRRKSLHPIH	AURKB	hprd;pelm;psite	899
ENSP00000362850	DSN1	125	LSRSISVDLAE		hprd;pelm;psite	899
ENSP00000362850	DSN1	245	LSRGSTEAKIT		psite	899
ENSP00000364721	MAPRE1	165	PQRPISTQRTA		hprd;psite	900
ENSP00000375705	AHCTF1	1278	KDRTTSFFLNS		psite	900
ENSP00000375705	AHCTF1	1541	EARNLSFNELY		hprd;pelm;psite	900
ENSP00000375705	AHCTF1	1846	SKRLKSSQLLE		psite	900
ENSP00000375705	AHCTF1	2009	SIRRRSTRNTP		psite	900
ENSP00000375705	AHCTF1	2010	IRRRSTRNTPA		psite	900
ENSP00000261597	NDC80	55	SERKVSLFGKR	AURKB	hprd;pelm;psite	899
ENSP00000378295	INCENP	72	KKRRISYVQDE	AURKB	hprd;pelm;psite	899
ENSP00000378295	INCENP	91	LSRRKSRSSQL		hprd;psite	899
ENSP00000378295	INCENP	103	SRRLRSKDSVE		hprd;psite	899
ENSP00000378295	INCENP	255	TGRSASKLRIA		hprd;pelm;psite	899
ENSP00000378295	INCENP	300	GSRTDSQSVRH		hprd;pelm;psite	899
ENSP00000378295	INCENP	336	VVRRASRRLAK		psite	899
ENSP00000378295	INCENP	452	ARRKRSYKQAV		psite	899
ENSP00000378295	INCENP	894	HKRTSSAVWNS	AURKB	hprd;pelm;psite	899
ENSP00000378295	INCENP	909	GARVPSSLAYS		psite	899
ENSP00000263181	KIF18A	834	RKRKLTSSTSN		psite	899
ENSP00000385000	KIF2A	157	PSRRKSNCVKE		psite	899
ENSP00000268919	KIF2B	113	DQRTATKWVAM		psite	899
ENSP00000268919	KIF2B	137	DVRVPSKPCLM		psite	899
ENSP00000268919	KIF2B	344	LLRNSTYEKLD		psite	899
ENSP00000268919	KIF2B	643	IARSLSILEQK		psite	899
ENSP00000361298	KIF2C	111	SLRSRSTRMST	AURKB;PAK1	hprd;psite	899
ENSP00000361298	KIF2C	116	STRMSTVSELR		hprd;psite	899
ENSP00000361298	KIF2C	166	PLRMVSEEMEE		hprd;pelm;psite	899
ENSP00000361298	KIF2C	192	SVRRKSCLVKE	AURKB;PAK1	psite	899
ENSP00000361298	KIF2C	719	ASRQISSKKRP		psite	899
ENSP00000298910	LRRK2	524	ESREDTEFHHK	LRRK2	psite	442
ENSP00000298910	LRRK2	833	NLRKQTNIAST	LRRK2	psite	442
ENSP00000298910	LRRK2	1444	KARASSSPVIL	LRRK2	psite	442
ENSP00000298910	LRRK2	2166	NSRNASIWLGC		psite	442
ENSP00000382562	MAD1L1	90	LERAASTSARN		pelm;psite	915
ENSP00000382562	MAD1L1	377	ELRQVSGQLLE		psite	915
ENSP00000382562	MAD1L1	583	MERGGTVPADL		psite	915
ENSP00000382562	MAD1L1	699	LRRQDSIPAFL		psite	915
ENSP00000296509	MAD2L1	185	EVRLRSFTTTI		psite	422
ENSP00000296509	MAD2L1	187	RLRSFTTTIHK		psite	422
ENSP00000355884	MARK1	423	KQRRFSDHAGP		hprd;psite	706
ENSP00000355884	MARK1	504	MARRNTYVCER		psite	706
ENSP00000355884	MARK1	649	ARRGTSTGIIS		pelm;psite	706
ENSP00000281453	MLF1IP	136	KLRPISDDSES		hprd;pelm;psite	899
ENSP00000361892	STK4	120	RLRNKTLTEDE	AKT1	psite	769
ENSP00000361892	STK4	307	LKRQESQQREV		psite	769
ENSP00000361892	STK4	387	KRRDETMQPAK		psite	769
ENSP00000319664	NUDC	259	WSRLVSSDPEI		psite	899
ENSP00000319664	NUDC	298	DQRQKSMGLPT		psite	899
ENSP00000345892	NDE1	223	AHRGPSSSLNT		psite	899
ENSP00000345892	NDE1	306	GERRPSSTSVP	PRKACA	hprd;pelm;psite	899
ENSP00000345892	NDE1	307	ERRPSSTSVPL		hprd;pelm;psite	899
ENSP00000271452	NUF2	171	LERLDSVPVEE		psite	899
ENSP00000229179	NUP107	57	IPRTPSSFRQP		hprd;pelm;psite	899
ENSP00000261396	NUP133	33	TPRTASRKGLP		hprd;pelm;psite	900
ENSP00000261396	NUP133	57	VGRRSSLSSRG		hprd;psite	900
ENSP00000261396	NUP133	260	IGRKVSSLFGI		psite	900
ENSP00000261396	NUP133	755	YRREESLEKEP		psite	900
ENSP00000342262	NUP43	251	DVRQGTMPVSL		hprd;psite	899
ENSP00000334675	ERCC6L	1028	ARRIVSDGEDE		hprd;psite	900
ENSP00000334675	ERCC6L	1076	PGRFFSSQIPS		hprd;psite	900
ENSP00000300093	PLK1	137	LCRRRSLLELH	MAP3K8	pelm;psite	899
ENSP00000300093	PLK1	210	GERKKTLCGTP	AURKA;MAP3K8;STK10	hprd;pelm;psite	899
ENSP00000300093	PLK1	597	SSRSASNRLKA		psite	899
ENSP00000351665	CLIP1	312	LKRSPSASSLS	PKN1;PKN3	hprd;psite	900
ENSP00000351665	CLIP1	348	YARKISGTTAL		hprd;psite	900
ENSP00000351665	CLIP1	772	ALRKASSEGKS		psite	900
ENSP00000351665	CLIP1	998	LERKLSDLEKK		hprd;psite	900
ENSP00000351665	CLIP1	1291	NKRQLSSSSGN		psite	900
ENSP00000312122	SEC13	184	IKRFASGGCDN		psite	899
ENSP00000350071	STRN3	202	SQRVRSLLGLS		psite	569
ENSP00000263753	SGOL1	459	KIRRLSLSPKK		hprd;psite	899
ENSP00000350447	SGOL2	1140	AFRSLSEIHSP		hprd;psite	899
ENSP00000299084	SPRED1	238	SIRHVSFQDED		hprd;psite	826
ENSP00000301633	BIRC5	21	DHRISTFKNWP	PLK1	psite	899
ENSP00000310094	TAOK2	9	GGRAGSLKDPD		hprd;psite	902
ENSP00000310094	TAOK2	344	MHRAGTLTSLE		psite	902
ENSP00000310094	TAOK2	473	TIRTASLVSRQ		hprd;psite	902
ENSP00000376317	TAOK3	437	RERFATIKSAS		psite	900
ENSP00000364582	RCC2	44	PERCSSSSGGG		hprd;pelm;psite	899
ENSP00000265148	CENPE	22	NSREESLGETA		hprd	899
ENSP00000355922	CENPF	2923	EKRLSSGQNKA		hprd	899
ENSP00000340305	UBE2V1	109	FVRFVTKINMN		hprd	427
ENSP00000344166	TMEM189-UBE2V1	309	FVRFVTKINMN		hprd	420
ENSP00000378295	INCENP	50	FTREFSKEPEL		hprd	899
ENSP00000229179	NUP107	908	KLRESSLMLLD		hprd	899
ENSP00000355884	MARK1	648	HARRGTSTGII		hprd	706
ENSP00000375705	AHCTF1	1952	DVREDSNLESS		hprd	900
ENSP00000375705	AHCTF1	1797	DVRGLSQNQQI		hprd	900
ENSP00000350447	SGOL2	1085	KKRKTSIDPSP		hprd	899
ENSP00000348527	CENPL	38	SVRKQSSFILT		hprd	899
