name	TBK1
id	ENSP00000329967
type	Serine/threonine kinase
proline+1_removed	Yes
npartners	110
npartners_with_sites	93
nsites	90
//
motif	score	fg_matches	fg_size	bg_matches	bg_size	fold_increase
..R..[ST].....	12.76	86	700	483	9383	2.39
//
prot_id	prot_name	position	flank	kinase	source	string_score
ENSP00000220592	AGO2	153	SGRLPSVPFET		psite	750
ENSP00000220592	AGO2	387	LMRSASFNTDP	AKT3;MAPKAPK2	hprd;psite	750
ENSP00000220592	AGO2	798	CTRSVSIPAPA		psite	750
ENSP00000355173	ATG9A	735	WHRRESDESGE		hprd;pelm;psite	696
ENSP00000355173	ATG9A	761	IPRSASYPCAA		psite	696
ENSP00000283558	ATP11A	708	LFRRNTQLLEL		psite	563
ENSP00000308928	CYLD	418	ENRFHSLPFSL	IKBKB	psite	721
ENSP00000308928	CYLD	547	DSRFASLQPVS		psite	721
ENSP00000382840	DDX3X	78	GSRSDSRGKSS		hprd;pelm;psite	987
ENSP00000382840	DDX3X	82	DSRGKSSFFSD		hprd;psite	987
ENSP00000382840	DDX3X	102	DDRGRSDYDGI		hprd;psite	987
ENSP00000382840	DDX3X	606	DYRQSSGASSS		psite	987
ENSP00000336725	DDX3Y	604	DYRQSSGSSSS		psite	800
ENSP00000369213	DDX58	770	ILRLQTWDEAV	CSNK2A1	psite	752
ENSP00000345133	CDC42BPG	1482	PQRPHSFSEAL		psite	569
ENSP00000345133	CDC42BPG	1492	LRRPASMGSEG		psite	569
ENSP00000345133	CDC42BPG	1540	SERPRSLPLSP		psite	569
ENSP00000250113	FXR2	500	APRPTSRYNSS		psite	750
ENSP00000250113	FXR2	504	TSRYNSSSISS		psite	750
ENSP00000250113	FXR2	548	ARRRRSRRRRT		psite	750
ENSP00000250113	FXR2	553	SRRRRTDEDRT		psite	750
ENSP00000250113	FXR2	620	ISRAESQSRQR		psite	750
ENSP00000229239	GAPDH	83	QERDPSKIKWG		hprd;pelm;psite	747
ENSP00000229239	GAPDH	237	AFRVPTANVSV	AKT2	psite	747
ENSP00000302961	HSPA4	76	HGRAFSDPFVE		hprd;pelm;psite	400
ENSP00000302961	HSPA4	113	EERNFTTEQVT		hprd;psite	400
ENSP00000302961	HSPA4	393	KVREFSITDVV		psite	400
ENSP00000335153	HSP90AA1	185	KIRYESLTDPS		psite	874
ENSP00000335153	HSP90AA1	212	QDRTLTIVDTG	PRKACA	hprd;psite	874
ENSP00000335153	HSP90AA1	745	ALRDNSTMGYM		psite	874
ENSP00000325875	HSP90AB1	58	KIRYESLTDPS		psite	444
ENSP00000325875	HSP90AB1	452	NRRRLSELLRY	AURKB	hprd;psite	444
ENSP00000325875	HSP90AB1	459	LLRYHTSQSGD		psite	444
ENSP00000325875	HSP90AB1	615	ALRDNSTMGYM		psite	444
ENSP00000357113	IFI16	132	QKRKKSTKEKA	CSNK2A1	hprd;pelm;psite	914
ENSP00000357113	IFI16	506	KPRLKTEPEEV		psite	914
ENSP00000357113	IFI16	614	LIRSASVTPKI		psite	914
ENSP00000369554	IFNA2	175	IMRSFSLSTNL		psite	857
ENSP00000216797	NFKBIA	32	DDRHDSGLDSM	CHUK;CSNK2A1;IKBKB;IKBKE;RPS6KA1;RPS6KA3;SGK1	hprd;pelm;psite	942
ENSP00000359424	CHUK	23	RERLGTGGFGN	AKT1;AKT2	hprd;pelm;psite	532
ENSP00000358997	IRAK1	556	TGRAHSGAAPW		psite	562
ENSP00000310127	IRF3	175	PLRSPSLDNPT	TBK1	hprd;psite	999
ENSP00000288986	NCK1	61	VERKNSARKAS		psite	651
ENSP00000288986	NCK1	66	SARKASIVKNL		psite	651
ENSP00000288986	NCK1	85	VKRKPSVPDSA		hprd;pelm;psite	651
ENSP00000288986	NCK1	347	GQRKFSTMEEL		psite	651
ENSP00000226574	NFKB1	338	QLRRKSDLETS	PRKACA	hprd;pelm;psite	449
ENSP00000226574	NFKB1	938	SFRKLSFTESL		psite	449
ENSP00000384273	RELA	276	QLRRPSDRELS	PIM1;PRKACA;RPS6KA4;RPS6KA5	hprd;pelm;psite	914
ENSP00000384273	RELA	281	SDRELSEPMEF		psite	914
ENSP00000384273	RELA	505	ITRLVTGAQRP		pelm;psite	914
ENSP00000263036	OPTN	206	PTRTVSTGTAL		psite	991
ENSP00000263036	OPTN	342	LERKNSAIPSE		hprd;psite	991
ENSP00000156084	OTUD5	431	QPRKASATCSS		psite	609
ENSP00000156084	OTUD5	457	SPRQRSSASSP		psite	609
ENSP00000351789	PELI1	86	LSRAQTVVVEY	IRAK1;IRAK4	psite	719
ENSP00000306682	PPM1D	46	PRRSLSQPLPP		psite	408
ENSP00000264515	RBBP5	193	SFRVTTGTSNT		hprd;pelm;psite	569
ENSP00000349959	RICTOR	21	RGRNDSGEENV		hprd;pelm;psite	438
ENSP00000349959	RICTOR	35	LTREPSDNLRE		psite	438
ENSP00000349959	RICTOR	383	PHRARSRPDLM		psite	438
ENSP00000349959	RICTOR	1035	SSRHNSESESV		psite	438
ENSP00000349959	RICTOR	1133	NRRIRTLTEPS		psite	438
ENSP00000349959	RICTOR	1135	RIRTLTEPSVD	AKT1;RPS6KB1;RPS6KB2;SGK1	psite	438
ENSP00000349959	RICTOR	1219	KIRSQSFNTDT		hprd;psite	438
ENSP00000349959	RICTOR	1302	PRRAQSLKAPS		psite	438
ENSP00000230449	EXOC2	432	LKRGSSFQSGR		hprd;pelm;psite	623
ENSP00000230449	EXOC2	440	SGRDDTWRYKT		psite	623
ENSP00000399968	NCOA2	771	LERLDSKTDPA		psite	407
ENSP00000379612	TAX1BP1	666	PVRVPSWGLED		psite	994
ENSP00000379612	TAX1BP1	683	PARNFSRPDGL		psite	994
ENSP00000363089	TLR4	790	LYRLLSRNTYL	PRKD1	psite	855
ENSP00000162749	TNFRSF1A	417	PRREATLELLG		psite	424
ENSP00000247668	TRAF2	55	GHRYCSFCLAS	PRKCZ	psite	981
ENSP00000247668	TRAF2	274	LQRCESLEKKT		psite	981
ENSP00000362711	TXLNA	72	ALRDVSEELSR		psite	750
ENSP00000388107	UBA52	57	DGRTLSDYNIQ		hprd;psite	942
ENSP00000304697	UBB	57	DGRTLSDYNIQ		hprd;psite	914
ENSP00000344818	UBC	57	DGRTLSDYNIQ		hprd;psite	998
ENSP00000347858	XIAP	32	FNRLKTFANFP		psite	858
ENSP00000318480	YME1L1	220	TRRLQSTSERL		psite	411
ENSP00000359958	ZRANB2	120	IEREESDGEYD		hprd;pelm;psite	548
ENSP00000359958	ZRANB2	275	RKRSYSSSSSS		hprd;psite	548
ENSP00000359958	ZRANB2	288	RNRKRSRSRSS		psite	548
ENSP00000359958	ZRANB2	290	RKRSRSRSSSS		psite	548
ENSP00000359958	ZRANB2	305	KRRTRSRSPER		hprd;pelm;psite	548
ENSP00000276927	IFNA1	151	YFRRITLYLTE		hprd	412
ENSP00000382840	DDX3X	590	RGRSKSSRFSG		hprd	987
ENSP00000359958	ZRANB2	245	RSRSSSRERSR		hprd	548
ENSP00000359958	ZRANB2	249	SSRERSRSRGS		hprd	548
