name	TEC
id	ENSP00000370912
type	Tyrosine kinase
proline+1_removed	No
npartners	97
npartners_with_sites	78
nsites	61
//
motif	score	fg_matches	fg_size	bg_matches	bg_size	fold_increase
.....Y..P..	11.28	60	411	544	10000	2.68
//
prot_id	prot_name	position	flank	kinase	source	string_score
ENSP00000224337	BLNK	72	DFDSDYENPDE	SYK	pelm;psite	829
ENSP00000224337	BLNK	84	SDSEMYVMPAE	SYK	pelm;psite	829
ENSP00000224337	BLNK	96	NADDSYEPPPV	SYK	pelm;psite	829
ENSP00000224337	BLNK	178	EDEADYVVPVE	SYK	pelm;psite	829
ENSP00000224337	BLNK	189	DNDENYIHPTE	SYK	pelm;psite	829
ENSP00000264033	CBL	700	EEDTEYMTPSS	EGFR;FYN;INSR;LCK;SYK;YES1	hprd;pelm;psite	429
ENSP00000264033	CBL	774	NEDDGYDVPKP	EGFR;FYN;LCK;SRC;SYK;YES1	hprd;pelm;psite	429
ENSP00000313419	CD19	378	GTAPSYGNPSS	MAPK1	hprd;pelm;psite	513
ENSP00000313419	CD19	409	EEGEGYEEPDS	LYN	hprd;pelm;psite	513
ENSP00000313419	CD19	439	QDGSGYENPED	MAPK1	hprd;pelm;psite	513
ENSP00000313419	CD19	508	MRGILYAAPQL	ABL1	hprd;psite	513
ENSP00000233668	DOK1	296	SPPALYAEPLD		hprd;pelm;psite	992
ENSP00000233668	DOK1	315	SQDSLYSDPLD		hprd;pelm;psite	992
ENSP00000233668	DOK1	362	KEDPIYDEPEG	INSR	hprd;pelm;psite	992
ENSP00000233668	DOK1	377	PPQGLYDLPRE		hprd;pelm;psite	992
ENSP00000233668	DOK1	398	VKEEGYELPYN	INSR;RET	hprd;pelm;psite	992
ENSP00000233668	DOK1	409	PATDDYAVPPP		hprd;pelm;psite	992
ENSP00000276420	DOK2	192	PGTQLYDWPYR		psite	401
ENSP00000276420	DOK2	271	RPDSPYSRPHD		hprd;pelm;psite	401
ENSP00000276420	DOK2	299	GQEGEYAVPFD		hprd;pelm;psite	401
ENSP00000276420	DOK2	345	RPDHIYDEPEG		hprd;pelm;psite	401
ENSP00000276420	DOK2	357	AALSLYDSPQE		psite	401
ENSP00000301607	EVPL	963	EVVEFYRDPQL		psite	429
ENSP00000222139	EPOR	485	LSDGPYSNPYE	JAK2	hprd;psite	926
ENSP00000281092	FER	615	KILKQYDHPNI	FER	psite	904
ENSP00000331504	FES	614	RILKQYSHPNI		psite	908
ENSP00000306245	FOS	30	DSLSYYHSPAD		psite	878
ENSP00000339007	GRB2	209	MFPRNYVTPVN	EGFR;JAK2	hprd;pelm;psite	961
ENSP00000288135	KIT	570	GNNYVYIDPTQ	KIT	hprd;pelm;psite	985
ENSP00000288135	KIT	730	KPGVSYVVPTK		hprd;psite	985
ENSP00000354119	LAT	156	EDEDDYHNPGY	ZAP70	hprd;psite	429
ENSP00000289153	PIK3CB	503	NKKQPYYYPPF		psite	514
ENSP00000289153	PIK3CB	504	KKQPYYYPPFD		psite	514
ENSP00000366563	PIK3CD	440	GERCLYMWPSV		pelm;psite	515
ENSP00000262741	PIK3R3	373	AEDLLYGKPDG		psite	619
ENSP00000244007	PLCG1	186	LSQVNYRVPNM		psite	939
ENSP00000244007	PLCG1	959	SELVVYCRPVP		psite	939
ENSP00000244007	PLCG1	1254	SFESRYQQPFE	EGFR	hprd;pelm;psite	939
ENSP00000352336	PLCG2	759	DVSRMYVDPSE	BTK;FYN;LCK;LYN;SRC;SYK	hprd;pelm;psite	931
ENSP00000352336	PLCG2	936	SDLVVYCKPTS		psite	931
ENSP00000234313	PLEK	277	PAYLHYYDPAG		psite	484
ENSP00000270861	PLK4	177	CGTPNYISPEI	PLK4	psite	670
ENSP00000371432	PRLR	611	LGGLDYLDPAC		hprd;pelm;psite	675
ENSP00000330276	PTPN21	569	RPPPPYPPPRP		psite	633
ENSP00000228307	PXN	31	SEETPYSYPTG	PTK2;PTK6	hprd;pelm;psite	884
ENSP00000228307	PXN	118	EEEHVYSFPNK	FYN;PTK2;PTK6	hprd;pelm;psite	884
ENSP00000228307	PXN	181	ALSPLYGVPET		hprd;pelm;psite	884
ENSP00000046794	LCP2	113	FEEDDYESPND	LCK;SYK;ZAP70	hprd;pelm;psite	977
ENSP00000046794	LCP2	128	EDDGDYESPNE	LCK;SYK;ZAP70	hprd;pelm;psite	977
ENSP00000046794	LCP2	145	EDDADYEPPPS	LCK;TXK;ZAP70	hprd;pelm;psite	977
ENSP00000264657	STAT3	686	EAFGKYCRPES		hprd;psite	504
ENSP00000341208	STAT5A	668	LSYLIYVFPDR		psite	468
ENSP00000341208	STAT5A	682	EVFSKYYTPVL		psite	468
ENSP00000341208	STAT5A	694	KAVDGYVKPQI	BTK;JAK2;JAK3;LCK;LYN;SRC;SYK	hprd;pelm;psite	468
ENSP00000293328	STAT5B	668	LNYLIYVFPDR		hprd;psite	447
ENSP00000293328	STAT5B	682	EVYSKYYTPVP		psite	447
ENSP00000293328	STAT5B	699	KAVDGYVKPQI	EGFR;HCK;PTK6;SRC	hprd;pelm;psite	447
ENSP00000357182	SH2D2A	260	LPPEVYTIPVP	LCK	psite	528
ENSP00000357182	SH2D2A	280	PSNPIYNEPDE	LCK	hprd;pelm;psite	528
ENSP00000307491	WDR48	568	NKIPFYLQPHA		psite	400
ENSP00000264033	CBL	337	FREGFYLFPDG		pelm	429
