name	TGFBR1
id	ENSP00000364133
type	Serine/threonine kinase
proline+1_removed	Yes
npartners	112
npartners_with_sites	87
nsites	85
//
motif	score	fg_matches	fg_size	bg_matches	bg_size	fold_increase
..R..[ST].....	12.4	83	674	483	9383	2.39
//
prot_id	prot_name	position	flank	kinase	source	string_score
ENSP00000309503	YWHAZ	58	GARRSSWRVVS	AKT1;MAPKAPK2;PRKACA	hprd;pelm;psite	621
ENSP00000309503	YWHAZ	63	SWRVVSSIEQK		psite	621
ENSP00000352995	ARHGEF18	724	PRRAETFAGYD		psite	899
ENSP00000352995	ARHGEF18	1014	VARRDSAPTEN		psite	899
ENSP00000245451	BMP4	116	ASRANTVRSFH		psite	430
ENSP00000363708	BMPR2	757	PKRPTSLPLNT		hprd;pelm;psite	861
ENSP00000271636	CGN	137	LLRSHSQASLA		hprd;pelm;psite	899
ENSP00000271636	CGN	155	SNRSNSMLELA		hprd;psite	899
ENSP00000271636	CGN	214	RKRSKSLDSRL		psite	899
ENSP00000271636	CGN	338	VRRKVSLVLEK		hprd;psite	899
ENSP00000271636	CGN	1161	SWRKASRSAAE		psite	899
ENSP00000344456	CTNNB1	332	IMRTYTYEKLL	CAMK2A	psite	965
ENSP00000344456	CTNNB1	472	ALRHLTSRHQE	CAMK2A	psite	965
ENSP00000344456	CTNNB1	552	TQRRTSMGGTQ	AKT1;AKT2;CAMK2A;PRKACA	hprd;pelm;psite	965
ENSP00000313391	DAB2	723	APRQVSLPVTK		hprd;psite	969
ENSP00000349679	DYNLRB1	73	FLRIRSKKNEI	PRKACA	psite	899
ENSP00000302961	HSPA4	76	HGRAFSDPFVE		hprd;pelm;psite	621
ENSP00000302961	HSPA4	113	EERNFTTEQVT		hprd;psite	621
ENSP00000302961	HSPA4	393	KVREFSITDVV		psite	621
ENSP00000246957	TRAP1	494	RMRAGTRNIYY		hprd;pelm;psite	767
ENSP00000335153	HSP90AA1	185	KIRYESLTDPS		psite	637
ENSP00000335153	HSP90AA1	212	QDRTLTIVDTG	PRKACA	hprd;psite	637
ENSP00000335153	HSP90AA1	745	ALRDNSTMGYM		psite	637
ENSP00000363998	ITCH	344	FTRTTTWQRPT	SGK3	psite	619
ENSP00000363998	ITCH	409	EKRTDSNGRVY	SGK3	psite	619
ENSP00000383199	NEDD4L	335	IQREPSSRLRS		psite	913
ENSP00000383199	NEDD4L	340	SSRLRSCSVTD		psite	913
ENSP00000383199	NEDD4L	342	RLRSCSVTDAV	PRKACA;SGK1	hprd;pelm;psite	913
ENSP00000383199	NEDD4L	365	AGRARSSTVTG		psite	913
ENSP00000383199	NEDD4L	367	RARSSTVTGGE	PRKACA;SGK1	pelm;psite	913
ENSP00000383199	NEDD4L	446	IRRPRSLSSPT		hprd;pelm;psite	913
ENSP00000383199	NEDD4L	448	RPRSLSSPTVT	PRKACA;SGK1	hprd;pelm;psite	913
ENSP00000347379	OCLN	370	QPRYSSGGNFE		psite	411
ENSP00000263253	EP300	89	LLRSGSSPNLN	PRKAA1;PRKCA;PRKCD	hprd;pelm;psite	653
ENSP00000263253	EP300	1295	AKRLPSTRLGT		psite	653
ENSP00000263253	EP300	1834	RRRMASMQRTG	AKT1	hprd;pelm;psite	653
ENSP00000263253	EP300	2320	SPRPQSQPPHS		psite	653
ENSP00000363921	PARD3	144	HVRRSSDPALI	MARK2	hprd;pelm;psite	924
ENSP00000363921	PARD3	175	PTRWSTTAGFL		hprd;psite	924
ENSP00000363921	PARD3	481	TSRDVTIGGSA		psite	924
ENSP00000363921	PARD3	667	LRRSMSTEGNK		psite	924
ENSP00000363921	PARD3	715	RERRISHSLYS		hprd;pelm;psite	924
ENSP00000363921	PARD3	1178	RRRTYSFEQPW		psite	924
ENSP00000363921	PARD3	1222	AQRQYSSLPRQ		psite	924
ENSP00000274335	PIK3R1	154	LYRTQSSSNLA		psite	642
ENSP00000274335	PIK3R1	265	NARVLSEIFSP		psite	642
ENSP00000268058	PML	480	QKRKCSQTQCP		psite	963
ENSP00000370113	PPP2R2A	378	TKRDITLEASR		hprd;psite	959
ENSP00000287727	ZFYVE9	121	IKRNYSWDDQC		psite	993
ENSP00000401303	SHC1	139	WTRHGSFVNKP	PRKCA	hprd;pelm;psite	924
ENSP00000367797	SKI	103	TERCETVLEGE		psite	675
ENSP00000367797	SKI	458	RKRKLTVDTPG	AKT1	psite	675
ENSP00000305769	SMAD1	322	VNRNSTIENTR		psite	898
ENSP00000332973	SMAD3	388	EYRRQTVTSTP		psite	875
ENSP00000262158	SMAD7	121	ESRGGTRTACL		psite	999
ENSP00000262435	SMURF2	203	PGRPLSCFVDE		psite	998
ENSP00000349259	SPTBN1	999	LQRKLTGMERD		psite	899
ENSP00000349259	SPTBN1	1057	KNREASLGEAS		hprd;psite	899
ENSP00000349259	SPTBN1	2161	EQRTSSKESSP		hprd;pelm;psite	899
ENSP00000349259	SPTBN1	2328	SSRAQTLPTSV		hprd;pelm;psite	899
ENSP00000286332	TAB2	423	ASRNMSGQVSM		psite	899
ENSP00000286332	TAB2	524	ETRKLSMGSDD		hprd;psite	899
ENSP00000286332	TAB2	582	LKRSNSISQIP		psite	899
ENSP00000358335	MAP3K7	439	QPRRRSIQDLT		hprd;pelm;psite	961
ENSP00000351905	TGFBR2	578	SGRSCSEEKIP		hprd;psite	999
ENSP00000397435	TSC22D1	263	VSRKLSTTGSS		psite	628
ENSP00000388107	UBA52	57	DGRTLSDYNIQ		hprd;psite	932
ENSP00000304697	UBB	57	DGRTLSDYNIQ		hprd;psite	916
ENSP00000344818	UBC	57	DGRTLSDYNIQ		hprd;psite	999
ENSP00000258123	USP15	573	VPRNNTEDKLY		hprd;psite	899
ENSP00000347858	XIAP	32	FNRLKTFANFP		psite	962
ENSP00000282441	YAP1	61	HVRGDSETDLE	LATS1	hprd;pelm;psite	899
ENSP00000282441	YAP1	109	HSRQASTDAGT	LATS1	hprd;pelm;psite	899
ENSP00000282441	YAP1	127	HVRAHSSPASL	AKT1;LATS1;LATS2;STK3	hprd;pelm;psite	899
ENSP00000282441	YAP1	164	HLRQSSFEIPD	LATS1	hprd;pelm;psite	899
ENSP00000282441	YAP1	397	HSRDESTDSGL	LATS1	hprd;pelm;psite	899
ENSP00000364361	MLTK	302	LERDLSFKEQE		hprd;psite	621
ENSP00000364361	MLTK	567	GSRSDSSADCQ		psite	621
ENSP00000364361	MLTK	593	LQRSQSNPILG		hprd;pelm;psite	621
ENSP00000268058	PML	513	QPRPSTSKAVS		hprd	963
ENSP00000268058	PML	117	LQRRLSVYRQI		hprd	963
ENSP00000218348	USP11	644	LSRYVTKPNSD		hprd	619
ENSP00000363708	BMPR2	513	WERNKSVSPTV		hprd	861
ENSP00000265428	WWP1	822	VYRHYTRNSKQ		hprd	926
ENSP00000363921	PARD3	1176	EDRRRTYSFEQ		hprd	924
