name	TGFBR2
id	ENSP00000351905
type	Serine/threonine kinase
proline+1_removed	Yes
npartners	114
npartners_with_sites	91
nsites	88
//
motif	score	fg_matches	fg_size	bg_matches	bg_size	fold_increase
..R..[ST].....	10.74	84	738	483	9383	2.21
//
prot_id	prot_name	position	flank	kinase	source	string_score
ENSP00000352995	ARHGEF18	724	PRRAETFAGYD		psite	899
ENSP00000352995	ARHGEF18	1014	VARRDSAPTEN		psite	899
ENSP00000288207	CCNB2	8	LLRRPTVSSDL		psite	920
ENSP00000227507	CCND1	90	LDRFLSLEPVK	PRKACA	hprd;pelm;psite	883
ENSP00000227507	CCND1	234	LTRFLSRVIKC	PRKACA	hprd;pelm;psite	883
ENSP00000271636	CGN	137	LLRSHSQASLA		hprd;pelm;psite	899
ENSP00000271636	CGN	155	SNRSNSMLELA		hprd;psite	899
ENSP00000271636	CGN	214	RKRSKSLDSRL		psite	899
ENSP00000271636	CGN	338	VRRKVSLVLEK		hprd;psite	899
ENSP00000271636	CGN	1161	SWRKASRSAAE		psite	899
ENSP00000344456	CTNNB1	332	IMRTYTYEKLL	CAMK2A	psite	970
ENSP00000344456	CTNNB1	472	ALRHLTSRHQE	CAMK2A	psite	970
ENSP00000344456	CTNNB1	552	TQRRTSMGGTQ	AKT1;AKT2;CAMK2A;PRKACA	hprd;pelm;psite	970
ENSP00000292535	CUX1	1215	MKRRHSSVSDS	PRKACA	pelm;psite	800
ENSP00000292535	CUX1	1216	KRRHSSVSDSQ		psite	800
ENSP00000292535	CUX1	1454	APRRPSSLQSL		hprd;pelm;psite	800
ENSP00000292535	CUX1	1455	PRRPSSLQSLF		psite	800
ENSP00000313391	DAB2	723	APRQVSLPVTK		hprd;psite	968
ENSP00000266000	DAXX	654	VERQRSVHEKN		psite	619
ENSP00000410772	DAXX	654	VERQRSVHEKN		psite	800
ENSP00000349679	DYNLRB1	73	FLRIRSKKNEI	PRKACA	psite	899
ENSP00000239938	EGR1	378	CMRNFSRSDHL	CSNK2A1	hprd;pelm;psite	814
ENSP00000256383	EIF2S1	58	RRRIRSINKLI		hprd;psite	800
ENSP00000295633	FSTL1	165	DSRLDSSEFLK		hprd;psite	616
ENSP00000378332	TGFB1I1	403	HARRGSLCATC		hprd;psite	633
ENSP00000246957	TRAP1	494	RMRAGTRNIYY		hprd;pelm;psite	678
ENSP00000335153	HSP90AA1	185	KIRYESLTDPS		psite	638
ENSP00000335153	HSP90AA1	212	QDRTLTIVDTG	PRKACA	hprd;psite	638
ENSP00000335153	HSP90AA1	745	ALRDNSTMGYM		psite	638
ENSP00000231790	MLH1	477	RHREDSDVEMV		hprd;pelm;psite	529
ENSP00000265081	MSH3	967	IIRKATSQSLV		psite	540
ENSP00000234420	MSH6	252	KRRVISDSESD		hprd;pelm;psite	517
ENSP00000234420	MSH6	305	RKRMVTGNGSL		hprd;psite	517
ENSP00000383199	NEDD4L	335	IQREPSSRLRS		psite	899
ENSP00000383199	NEDD4L	340	SSRLRSCSVTD		psite	899
ENSP00000383199	NEDD4L	342	RLRSCSVTDAV	PRKACA;SGK1	hprd;pelm;psite	899
ENSP00000383199	NEDD4L	365	AGRARSSTVTG		psite	899
ENSP00000383199	NEDD4L	367	RARSSTVTGGE	PRKACA;SGK1	pelm;psite	899
ENSP00000383199	NEDD4L	446	IRRPRSLSSPT		hprd;pelm;psite	899
ENSP00000383199	NEDD4L	448	RPRSLSSPTVT	PRKACA;SGK1	hprd;pelm;psite	899
ENSP00000347379	OCLN	370	QPRYSSGGNFE		psite	402
ENSP00000269305	TP53	366	GSRAHSSHLKS	CHEK2	hprd;psite	914
ENSP00000363921	PARD3	144	HVRRSSDPALI	MARK2	hprd;pelm;psite	900
ENSP00000363921	PARD3	175	PTRWSTTAGFL		hprd;psite	900
ENSP00000363921	PARD3	481	TSRDVTIGGSA		psite	900
ENSP00000363921	PARD3	667	LRRSMSTEGNK		psite	900
ENSP00000363921	PARD3	715	RERRISHSLYS		hprd;pelm;psite	900
ENSP00000363921	PARD3	1178	RRRTYSFEQPW		psite	900
ENSP00000363921	PARD3	1222	AQRQYSSLPRQ		psite	900
ENSP00000274335	PIK3R1	154	LYRTQSSSNLA		psite	630
ENSP00000274335	PIK3R1	265	NARVLSEIFSP		psite	630
ENSP00000268058	PML	480	QKRKCSQTQCP		psite	965
ENSP00000370113	PPP2R2A	378	TKRDITLEASR		hprd;psite	899
ENSP00000282091	PTH	34	KKRSVSEIQLM		psite	804
ENSP00000287727	ZFYVE9	121	IKRNYSWDDQC		psite	966
ENSP00000401303	SHC1	139	WTRHGSFVNKP	PRKCA	hprd;pelm;psite	960
ENSP00000332973	SMAD3	388	EYRRQTVTSTP		psite	868
ENSP00000262158	SMAD7	121	ESRGGTRTACL		psite	980
ENSP00000262435	SMURF2	203	PGRPLSCFVDE		psite	962
ENSP00000244050	SNAI1	11	LVRKPSDPNRK	PRKACA;PRKD1	psite	812
ENSP00000244050	SNAI1	203	HVRTHTGEKPF	LATS2	psite	812
ENSP00000244050	SNAI1	246	CARTFSRMSLL	PAK1	pelm;psite	812
ENSP00000349259	SPTBN1	999	LQRKLTGMERD		psite	899
ENSP00000349259	SPTBN1	1057	KNREASLGEAS		hprd;psite	899
ENSP00000349259	SPTBN1	2161	EQRTSSKESSP		hprd;pelm;psite	899
ENSP00000349259	SPTBN1	2328	SSRAQTLPTSV		hprd;pelm;psite	899
ENSP00000286332	TAB2	423	ASRNMSGQVSM		psite	899
ENSP00000286332	TAB2	524	ETRKLSMGSDD		hprd;psite	899
ENSP00000286332	TAB2	582	LKRSNSISQIP		psite	899
ENSP00000358335	MAP3K7	439	QPRRRSIQDLT		hprd;pelm;psite	913
ENSP00000397435	TSC22D1	263	VSRKLSTTGSS		psite	619
ENSP00000388107	UBA52	57	DGRTLSDYNIQ		hprd;psite	916
ENSP00000304697	UBB	57	DGRTLSDYNIQ		hprd;psite	908
ENSP00000344818	UBC	57	DGRTLSDYNIQ		hprd;psite	959
ENSP00000258123	USP15	573	VPRNNTEDKLY		hprd;psite	899
ENSP00000347858	XIAP	32	FNRLKTFANFP		psite	902
ENSP00000282441	YAP1	61	HVRGDSETDLE	LATS1	hprd;pelm;psite	899
ENSP00000282441	YAP1	109	HSRQASTDAGT	LATS1	hprd;pelm;psite	899
ENSP00000282441	YAP1	127	HVRAHSSPASL	AKT1;LATS1;LATS2;STK3	hprd;pelm;psite	899
ENSP00000282441	YAP1	164	HLRQSSFEIPD	LATS1	hprd;pelm;psite	899
ENSP00000282441	YAP1	397	HSRDESTDSGL	LATS1	hprd;pelm;psite	899
ENSP00000268058	PML	513	QPRPSTSKAVS		hprd	965
ENSP00000268058	PML	117	LQRRLSVYRQI		hprd	965
ENSP00000239938	EGR1	391	HIRTHTGEKPF	CSNK2A1	hprd	814
ENSP00000265428	WWP1	822	VYRHYTRNSKQ		hprd	899
ENSP00000266000	DAXX	97	QQRAHSLFLAS		hprd	619
ENSP00000410772	DAXX	97	QQRAHSLFLAS		hprd	800
ENSP00000363921	PARD3	1176	EDRRRTYSFEQ		hprd	900
