name	TIE1
id	ENSP00000361554
type	Tyrosine kinase
proline+1_removed	No
npartners	62
npartners_with_sites	37
nsites	17
//
motif	score	fg_matches	fg_size	bg_matches	bg_size	fold_increase
.....YD....	6.02	17	89	477	10000	4
//
prot_id	prot_name	position	flank	kinase	source	string_score
ENSP00000344115	CDH5	658	MDTTSYDVSVL	SRC	hprd;psite	632
ENSP00000344115	CDH5	725	GDGPPYDTLHI		psite	632
ENSP00000336775	SYNM	23	LNARLYDYVCR		psite	418
ENSP00000276420	DOK2	192	PGTQLYDWPYR		psite	736
ENSP00000276420	DOK2	330	LADPLYDSIEE		psite	736
ENSP00000276420	DOK2	345	RPDHIYDEPEG		hprd;pelm;psite	736
ENSP00000276420	DOK2	357	AALSLYDSPQE		psite	736
ENSP00000276420	DOK2	402	QPGTEYDNVVL		psite	736
ENSP00000297494	NOS3	81	VGSITYDTLSA		hprd;pelm;psite	413
ENSP00000299293	FRS2	290	EWDTGYDSDER		psite	428
ENSP00000274335	PIK3R1	12	QYRALYDYKKE		psite	621
ENSP00000274335	PIK3R1	463	EKSREYDRLYE		psite	621
ENSP00000274335	PIK3R1	528	RIMHNYDKLKS		psite	621
ENSP00000269886	SH3GL1	315	SCKALYDFEPE	PTK2;SRC	pelm;psite	419
ENSP00000340944	PTPN11	63	NTGDYYDLYGG		hprd;pelm;psite	637
ENSP00000340944	PTPN11	179	CQELKYDVGGG		psite	637
ENSP00000351665	CLIP1	1351	DDLNNYDSDDQ		hprd	424
