name	TLK1
id	ENSP00000411099
type	Serine/threonine kinase
proline+1_removed	Yes
npartners	33
npartners_with_sites	28
nsites	45
//
motif	score	fg_matches	fg_size	bg_matches	bg_size	fold_increase
...R.[ST].....	8.91	43	338	422	9383	2.83
//
prot_id	prot_name	position	flank	kinase	source	string_score
ENSP00000328103	EIF4ENIF1	120	SPQRRSFGGGC		hprd;pelm;psite	571
ENSP00000328103	EIF4ENIF1	136	VSSRRSGSPLE		hprd;pelm;psite	571
ENSP00000328103	EIF4ENIF1	257	RTRRRTASVKE		psite	571
ENSP00000328103	EIF4ENIF1	946	LEHRPSQRSSS		psite	571
ENSP00000301732	ABCA3	1214	AYTRLTIFNIL		psite	569
ENSP00000216911	AURKA	287	PSSRRTTLCGT	AURKA	hprd;pelm;psite	643
ENSP00000216911	AURKA	288	SSRRTTLCGTL	AURKA;PAK1;PRKACA	hprd;pelm;psite	643
ENSP00000216911	AURKA	342	TYKRISRVEFT	AURKA;PAK1	pelm;psite	643
ENSP00000381932	DYRK1A	538	HQHRHSGGHFT		psite	417
ENSP00000244573	HIST1H1A	165	AATRKSSKNPK		hprd;psite	619
ENSP00000254810	H3F3B	11	QTARKSTGGKA	AURKB;FYN;PRKACA	hprd;pelm;psite	880
ENSP00000355778	H3F3A	11	QTARKSTGGKA	AURKB;FYN;PRKACA	hprd;pelm;psite	879
ENSP00000254810	H3F3B	29	KAARKSAPSTG	AURKB;MAPK9;PRKACA	hprd;pelm;psite	880
ENSP00000355778	H3F3A	29	KAARKSAPSTG	AURKB;MAPK9;PRKACA	hprd;pelm;psite	879
ENSP00000385722	INTS1	13	TVRRPSAAAKP		psite	547
ENSP00000385722	INTS1	1318	PPRRDSTEAPK		hprd;psite	547
ENSP00000348273	MBP	39	ELSRTTSEDNE		psite	743
ENSP00000348273	MBP	141	SQKRPSQRHGS	PRKCA	hprd;psite	743
ENSP00000348273	MBP	169	PRHRDTGILDS	PRKACA	hprd;psite	743
ENSP00000348273	MBP	249	SLSRFSWGAEG	PRKCA	hprd;psite	743
ENSP00000348273	MBP	266	YGGRASDYKSA	PRKCA	hprd;psite	743
ENSP00000265056	MCM2	32	SPGRSSRRTDA		hprd;pelm;psite	524
ENSP00000265056	MCM2	35	RSSRRTDALTS		hprd;pelm;psite	524
ENSP00000265056	MCM2	158	QVERATEDGEE		psite	524
ENSP00000265056	MCM2	220	FKERISDMCKE	AURKA;CDC7	psite	524
ENSP00000307288	MCM7	500	YNPRRSLEQNI		hprd;pelm;psite	461
ENSP00000307288	MCM7	678	RSVRFSEAEQR		psite	461
ENSP00000337194	PRPF4B	165	SSTRSSSTKGK		psite	529
ENSP00000337194	PRPF4B	239	DQARKSKSPTL		hprd;pelm;psite	529
ENSP00000337194	PRPF4B	354	SPKRRSLSPKP		hprd;pelm;psite	529
ENSP00000337194	PRPF4B	366	DKSRRSRSPLL		hprd;pelm;psite	529
ENSP00000337194	PRPF4B	410	ERRRLSSPRTR		hprd;pelm;psite	529
ENSP00000337194	PRPF4B	443	PTRRRSRSPIR		pelm;psite	529
ENSP00000337194	PRPF4B	458	SPLRRSRSPRR		pelm;psite	529
ENSP00000356437	SASH1	90	RKRRVSQDLEV		hprd;pelm;psite	549
ENSP00000356437	SASH1	813	NKNRRSLPVSI		hprd;psite	549
ENSP00000324729	SAV1	94	ESNRLSAPSYL		psite	571
ENSP00000249647	SNAP23	144	YIKRITNDARE		psite	647
ENSP00000356448	TPR	135	TNERLSQELEY		hprd;psite	432
ENSP00000356448	TPR	646	TPKRPSTSQTV		hprd;pelm;psite	432
ENSP00000356448	TPR	804	SQQRESLLAEQ		psite	432
ENSP00000348273	MBP	295	LGGRDSRSGSP	PRKCA	hprd	743
ENSP00000348273	MBP	190	APKRGSGKDSH	PRKCA	hprd	743
ENSP00000324729	SAV1	90	IMRRESNRLSA		hprd	571
ENSP00000356448	TPR	62	IEKRLSHSQER		hprd	432
