name	TNIK
id	ENSP00000399511
type	Serine/threonine kinase
proline+1_removed	Yes
npartners	14
npartners_with_sites	14
nsites	22
//
motif	score	fg_matches	fg_size	bg_matches	bg_size	fold_increase
..R..[ST].....	6.95	22	116	483	9383	3.68
//
prot_id	prot_name	position	flank	kinase	source	string_score
ENSP00000344456	CTNNB1	332	IMRTYTYEKLL	CAMK2A	psite	962
ENSP00000344456	CTNNB1	472	ALRHLTSRHQE	CAMK2A	psite	962
ENSP00000344456	CTNNB1	552	TQRRTSMGGTQ	AKT1;AKT2;CAMK2A;PRKACA	hprd;pelm;psite	962
ENSP00000355596	DISC1	50	YMRSSTGPGIG		psite	436
ENSP00000362924	GSN	51	EARPNSMVVEH		psite	970
ENSP00000382423	MAP3K1	1016	PCRIPSASPQT		psite	899
ENSP00000382423	MAP3K1	1026	TQRKFSLQFHR		psite	899
ENSP00000367207	MYC	358	NNRKCTSPRSS		psite	899
ENSP00000288986	NCK1	61	VERKNSARKAS		psite	684
ENSP00000288986	NCK1	66	SARKASIVKNL		psite	684
ENSP00000288986	NCK1	85	VKRKPSVPDSA		hprd;pelm;psite	684
ENSP00000288986	NCK1	347	GQRKFSTMEEL		psite	684
ENSP00000345530	NEDD4	675	SSRRGSLQAYT		hprd;psite	621
ENSP00000345530	NEDD4	598	TRRQISEETES		psite	621
ENSP00000263980	SLC9A1	648	RQRLRSYNRHT	AKT1	psite	621
ENSP00000263980	SLC9A1	703	RARIGSDPLAY	AKT1;RPS6KA1	hprd;pelm;psite	621
ENSP00000263980	SLC9A1	796	IQRCLSDPGPH	AKT1	psite	621
ENSP00000358404	TCF7L2	79	SFRDKSRESLE		psite	959
ENSP00000162749	TNFRSF1A	417	PRREATLELLG		psite	899
ENSP00000341268	TRADD	215	VNRPLSLKDQQ		psite	900
ENSP00000247668	TRAF2	55	GHRYCSFCLAS	PRKCZ	psite	929
ENSP00000247668	TRAF2	274	LQRCESLEKKT		psite	929
