name	TRIO
id	ENSP00000339299
type	Serine/threonine kinase
proline+1_removed	Yes
npartners	21
npartners_with_sites	18
nsites	28
//
motif	score	fg_matches	fg_size	bg_matches	bg_size	fold_increase
..R..[ST].....	7.72	28	162	483	9383	3.36
//
prot_id	prot_name	position	flank	kinase	source	string_score
ENSP00000216190	EIF3D	161	KPRDSSVEVRS		hprd;psite	613
ENSP00000341189	PTK2	517	QVRKYSLDLAS		psite	621
ENSP00000341189	PTK2	695	RMRMESRRQAT		psite	621
ENSP00000341189	PTK2	700	SRRQATVSWDS		psite	621
ENSP00000358866	FLNA	1286	DARALTQTGGP		psite	632
ENSP00000358866	FLNA	2152	RRRAPSVANVG	PAK1;PRKACA;RPS6KA1	hprd;pelm;psite	632
ENSP00000358866	FLNA	2336	DARRLTVSSLQ		hprd;psite	632
ENSP00000358866	FLNA	2523	GPRLVSNHSLH	CAMK2A;CAMK2G	hprd;pelm;psite	632
ENSP00000305692	GAA	884	LARNNTIVNEL		psite	427
ENSP00000288986	NCK1	61	VERKNSARKAS		psite	926
ENSP00000288986	NCK1	66	SARKASIVKNL		psite	926
ENSP00000288986	NCK1	85	VKRKPSVPDSA		hprd;pelm;psite	926
ENSP00000288986	NCK1	347	GQRKFSTMEEL		psite	926
ENSP00000261908	NEO1	1214	HQRRNSYRGHE		psite	601
ENSP00000261908	NEO1	1299	SDRANSTESVR		psite	601
ENSP00000348461	RAC1	71	RLRPLSYPQTV	AKT1	hprd;psite	986
ENSP00000309714	SH3PXD2B	353	PRRDMTIPRGL		hprd;psite	665
ENSP00000309714	SH3PXD2B	499	VLRKASSDMSA		psite	665
ENSP00000348215	SH3PXD2A	487	LSRRTSTLTRP		psite	728
ENSP00000348215	SH3PXD2A	739	LNRAESQSQEK		hprd;psite	728
ENSP00000348215	SH3PXD2A	791	GSRRSSSDLIT		psite	728
ENSP00000348215	SH3PXD2A	953	AVRPQSVFVSP		psite	728
ENSP00000348215	SH3PXD2A	974	LRRNESLTATD		hprd;pelm;psite	728
ENSP00000348215	SH3PXD2A	988	GVRRNSSFSTA		hprd;pelm;psite	728
ENSP00000348215	SH3PXD2A	989	VRRNSSFSTAR		hprd;pelm;psite	728
ENSP00000348215	SH3PXD2A	1010	AERAASQGSDS		hprd;pelm;psite	728
ENSP00000348215	SH3PXD2A	696	KPRSASDAGIR		hprd;pelm	728
ENSP00000216190	EIF3D	521	VIRVYSLPDGT		hprd	613
