name	TRRAP
id	ENSP00000347733
type	Serine/threonine kinase
proline+1_removed	Yes
npartners	140
npartners_with_sites	127
nsites	289
//
motif	score	fg_matches	fg_size	bg_matches	bg_size	fold_increase
D....[ST]..E..	20.98	22	864	27	9383	8.85
R.R..[ST].....	19.26	24	842	34	9356	7.84
.....[ST].E...	7.69	98	818	621	9322	1.8
....P[ST].....	6.34	79	720	530	8701	1.8
.....[ST].D...	6.21	63	641	414	8171	1.94
//
prot_id	prot_name	position	flank	kinase	source	string_score
ENSP00000349960	ACTB	33	RAVFPSIVGRP		psite	922
ENSP00000349960	ACTB	155	GIVMDSGDGVT		psite	922
ENSP00000349960	ACTB	203	YSFTTTAEREI		psite	922
ENSP00000349960	ACTB	239	SSLEKSYELPD		psite	922
ENSP00000349960	ACTB	265	ALFQPSFLGME		psite	922
ENSP00000349960	ACTB	323	TALAPSTMKIK		psite	922
ENSP00000349960	ACTB	368	DESGPSIVHRK		psite	922
ENSP00000381590	ATXN7	854	SSSKPTKVAKV		hprd;pelm;psite	991
ENSP00000350283	BRCA1	395	DELLGSDDSHD		hprd;pelm;psite	717
ENSP00000350283	BRCA1	398	LGSDDSHDGES		hprd;pelm;psite	717
ENSP00000350283	BRCA1	451	RVHSKSVESNI		psite	717
ENSP00000350283	BRCA1	509	RKRRPTSGLHP	AKT1	hprd;pelm;psite	717
ENSP00000350283	BRCA1	615	RLRRKSSTRHI		psite	717
ENSP00000350283	BRCA1	753	KDLMLSGERVL		hprd;pelm;psite	717
ENSP00000350283	BRCA1	1211	AKKLESSEENL		hprd;pelm;psite	717
ENSP00000350283	BRCA1	1212	KKLESSEENLS		hprd;pelm;psite	717
ENSP00000350283	BRCA1	1217	SEENLSSEDEE		hprd;pelm;psite	717
ENSP00000350283	BRCA1	1218	EENLSSEDEEL		hprd;pelm;psite	717
ENSP00000350283	BRCA1	1239	VNNIPSQSTRH		hprd;pelm;psite	717
ENSP00000350283	BRCA1	1280	ILAKASQEHHL	ATR	hprd;psite	717
ENSP00000350283	BRCA1	1286	QEHHLSEETKC		hprd;psite	717
ENSP00000350283	BRCA1	1342	DKELVSDDEER		hprd;pelm;psite	717
ENSP00000350283	BRCA1	1460	LTSQKSSEYPI		hprd;psite	717
ENSP00000350283	BRCA1	1524	NRNYPSQEELI	ATM;ATR	hprd;pelm;psite	717
ENSP00000350283	BRCA1	1572	GISLFSDDPES	CSNK2A1;CSNK2B	hprd;psite	717
ENSP00000261254	CCND2	269	DQRDGSKSEDE		psite	939
ENSP00000261254	CCND2	271	RDGSKSEDELD		psite	939
ENSP00000261254	CCND2	282	QASTPTDVRDI		psite	939
ENSP00000354856	CLK2	9	PRRYHSSERGS		psite	621
ENSP00000354856	CLK2	34	RRRSRSWSSSS	AKT1	psite	621
ENSP00000354856	CLK2	50	RRREDSYHVRS		hprd;psite	621
ENSP00000354856	CLK2	58	VRSRSSYDDRS		psite	621
ENSP00000354856	CLK2	63	SYDDRSSDRRV		psite	621
ENSP00000354856	CLK2	83	RRNDYSRDRGD		psite	621
ENSP00000354856	CLK2	98	TDYRHSYEYQR		hprd;psite	621
ENSP00000354856	CLK2	141	SRRAKSVEDDA		hprd;pelm;psite	621
ENSP00000354856	CLK2	401	LGPIPSRMIRK		psite	621
ENSP00000344456	CTNNB1	45	TTTAPSLSGKG	CHUK;CSNK1A1;CSNK1D;CSNK1E;PRKACA	hprd;pelm;psite	993
ENSP00000344456	CTNNB1	102	AMFPETLDEGM	CSNK2A1;CSNK2A2	hprd;pelm;psite	993
ENSP00000344456	CTNNB1	120	DAAHPTNVQRL	PRKD1	psite	993
ENSP00000344456	CTNNB1	332	IMRTYTYEKLL	CAMK2A	psite	993
ENSP00000344456	CTNNB1	675	YKKRLSVELTS	PAK4;PRKACA	hprd;pelm;psite	993
ENSP00000326804	CUL1	70	AGVPPSKSKKG		hprd;psite	911
ENSP00000312697	DMAP1	357	LSPTPTEELVH		psite	983
ENSP00000312697	DMAP1	418	GPGPASAEPAV		psite	983
ENSP00000312697	DMAP1	454	RKRRESASSSS		psite	983
ENSP00000368686	E2F4	16	PPGTPSRHEKS		psite	993
ENSP00000263062	EPC1	119	DYDLDSEDEVF		hprd;pelm;psite	958
ENSP00000263062	EPC1	189	NCRGPSLIPSV		psite	958
ENSP00000263062	EPC1	193	PSLIPSVKQEK		psite	958
ENSP00000263062	EPC1	535	RPRTPSLHDSD		psite	958
ENSP00000206249	ESR1	167	RERLASTNDKG	AKT1;AKT2;CSNK2A1;IKBKE;RPS6KA1;RPS6KA3;RPS6KB1	hprd;pelm;psite	979
ENSP00000206249	ESR1	311	LALSLTADQMV	MAPK14	hprd;pelm;psite	979
ENSP00000206249	ESR1	559	SRGGASVEETD	CSNK2A1	pelm;psite	979
ENSP00000218894	SUPT20H	509	IPRKSSVDLNQ		psite	760
ENSP00000291688	MCM3AP	422	SNRSESTDSLG		psite	412
ENSP00000291688	MCM3AP	529	GEVSPSTEDAP		hprd;psite	412
ENSP00000291688	MCM3AP	1847	EGRIPSTEDLM		psite	412
ENSP00000265276	GPAM	688	PLSWRSDEEDE		hprd;psite	899
ENSP00000254810	H3F3B	32	RKSAPSTGGVK		pelm;psite	562
ENSP00000355778	H3F3A	32	RKSAPSTGGVK		pelm;psite	561
ENSP00000254810	H3F3B	46	RYRPGTVALRE	DYRK1B;DYRK2;DYRK3	psite	562
ENSP00000355778	H3F3A	46	RYRPGTVALRE	DYRK1B;DYRK2;DYRK3	psite	561
ENSP00000254810	H3F3B	58	RRYQKSTELLI		psite	562
ENSP00000355778	H3F3A	58	RRYQKSTELLI		psite	561
ENSP00000362649	HDAC1	393	AIPEESGDEDE		hprd;pelm;psite	423
ENSP00000362649	HDAC1	409	RISICSSDKRI		hprd;pelm;psite	423
ENSP00000362649	HDAC1	423	EEFSDSEEEGE	CSNK2A1	hprd;pelm;psite	423
ENSP00000362649	HDAC1	445	AKRVKTEDEKE		psite	423
ENSP00000340019	HSPD1	83	VTVAKSIDLKD		psite	899
ENSP00000340019	HSPD1	105	DVANNTNEEAG		psite	899
ENSP00000340019	HSPD1	409	LKVGGTSDVEV		psite	899
ENSP00000360266	JUN	95	TTPTPTQFLCP		psite	533
ENSP00000360266	JUN	249	PIDMESQERIK	CSNK2A1;PRKDC	hprd;pelm;psite	533
ENSP00000303315	JUNB	251	VPEARSRDATP	GSK3B	hprd;pelm;psite	489
ENSP00000252818	JUND	38	PGAPPTAAAGS		psite	489
ENSP00000252818	JUND	251	VPDVPSFGESP		hprd;pelm;psite	489
ENSP00000351490	MAX	11	DIEVESDEEQP	CSNK2A1	hprd;pelm;psite	992
ENSP00000351490	MAX	140	DGGSDSSSESE	CSNK2A1	hprd;psite	992
ENSP00000351490	MAX	144	DSSSESEPEEP	CSNK2A1	hprd;psite	992
ENSP00000417281	MDM2	163	LVSRPSTSSRR	MAPKAPK2	pelm;psite	970
ENSP00000417281	MDM2	172	RRRAISETEEN	AKT1;CSNK1D;DAPK3;MAPKAPK2;PIM1	hprd;pelm;psite	970
ENSP00000417281	MDM2	174	RAISETEENSD		psite	970
ENSP00000417281	MDM2	178	ETEENSDELSG	CSNK1D	psite	970
ENSP00000417281	MDM2	182	NSDELSGERQR	CSNK1D	psite	970
ENSP00000417281	MDM2	192	RKRHKSDSISL	AKT1;DAPK3;PIM1	hprd;pelm;psite	970
ENSP00000417281	MDM2	198	DSISLSFDESL		psite	970
ENSP00000417281	MDM2	226	STGTPSNPDLD	CSNK1D	psite	970
ENSP00000417281	MDM2	252	VSDQFSVEFEV		pelm;psite	970
ENSP00000417281	MDM2	259	EFEVESLDSED	CSNK1D	psite	970
ENSP00000417281	MDM2	262	VESLDSEDYSL		psite	970
ENSP00000417281	MDM2	266	DSEDYSLSEEG	CSNK1D;CSNK2A1;PLK1	pelm;psite	970
ENSP00000417281	MDM2	268	EDYSLSEEGQE	CSNK1D	pelm;psite	970
ENSP00000417281	MDM2	275	EGQELSDEDDE	CSNK1D;CSNK2A1	pelm;psite	970
ENSP00000417281	MDM2	296	ESDTDSFEEDP	CSNK1D	psite	970
ENSP00000417281	MDM2	394	TQASQSQESED		psite	970
ENSP00000417281	MDM2	413	SIIYSSQEDVK	ATR	pelm;psite	970
ENSP00000417281	MDM2	425	FEREETQDKEE	CSNK1D	psite	970
ENSP00000417281	MDM2	431	QDKEESVESSL		psite	970
ENSP00000362166	MEAF6	136	QENEPSQEDPE		hprd;psite	966
ENSP00000300651	MED1	704	KPKHQTEDDFQ	CHEK1	psite	633
ENSP00000300651	MED1	771	MVRLSSSDSIG		hprd;psite	633
ENSP00000300651	MED1	795	ASKLPSTSDDC		pelm;psite	633
ENSP00000300651	MED1	928	NNQADTVDFSI		psite	633
ENSP00000300651	MED1	1218	PGTPPSSKAKS		hprd;psite	633
ENSP00000300651	MED1	1302	RNKKPSLTAVI		psite	633
ENSP00000300651	MED1	1403	DGGSPSIKAKV		hprd;psite	633
ENSP00000300651	MED1	1481	YQNSPSSDDGI		hprd;pelm;psite	633
ENSP00000300651	MED1	1482	QNSPSSDDGIR		hprd;pelm;psite	633
ENSP00000363193	MED12	1269	GGRNISVETAS		hprd;psite	635
ENSP00000251871	MED17	53	DFSQGSGSEEE		psite	688
ENSP00000251871	MED17	55	SQGSGSEEEEA		psite	688
ENSP00000263390	MED26	322	PLAQPSTPPVR		hprd;psite	607
ENSP00000263390	MED26	426	KERKLTFDPMT		psite	607
ENSP00000359518	MRGBP	194	ANSNPSSPSAA		hprd;pelm;psite	888
ENSP00000359518	MRGBP	197	NPSSPSAAKRR		hprd;psite	888
ENSP00000367207	MYC	79	PPLSPSRRSGL		hprd;psite	999
ENSP00000367207	MYC	264	TPPTTSSDSEE	CSNK2A1	psite	999
ENSP00000367207	MYC	267	TTSSDSEEEQE	CSNK2A1	psite	999
ENSP00000367207	MYC	362	CTSPRSSDTEE	CSNK2A1	psite	999
ENSP00000281043	MYCN	64	PPLSPSRGFAE		psite	859
ENSP00000281043	MYCN	263	DTLSDSDDEDD	CSNK2A1	hprd;pelm;psite	859
ENSP00000318195	NCL	28	EVEEDSEDEEM		hprd;pelm;psite	925
ENSP00000318195	NCL	34	EDEEMSEDEED		hprd;pelm;psite	925
ENSP00000318195	NCL	41	DEEDDSSGEEV		hprd;pelm;psite	925
ENSP00000318195	NCL	42	EEDDSSGEEVV		hprd;pelm;psite	925
ENSP00000318195	NCL	69	VVVSPTKKVAV		hprd;pelm;psite	925
ENSP00000318195	NCL	145	AKKEDSDEEED		hprd;pelm;psite	925
ENSP00000318195	NCL	153	EEDDDSEEDEE		hprd;pelm;psite	925
ENSP00000318195	NCL	184	AAAPASEDEDD		hprd;pelm;psite	925
ENSP00000318195	NCL	206	DEEDDSEEEAM		hprd;pelm;psite	925
ENSP00000318195	NCL	304	EGTEPTTAFNL		hprd;psite	925
ENSP00000318195	NCL	356	YVDFESAEDLE		psite	925
ENSP00000318195	NCL	405	LPYKVTQDELK		hprd;psite	925
ENSP00000318195	NCL	423	EIRLVSKDGKS		psite	925
ENSP00000318195	NCL	464	ISLYYTGEKGQ		psite	925
ENSP00000318195	NCL	498	LSYSATEETLQ		hprd;psite	925
ENSP00000318195	NCL	532	FIEFASFEDAK		psite	925
ENSP00000318195	NCL	580	FVKGLSEDTTE		hprd;pelm;psite	925
ENSP00000318195	NCL	602	RARIVTDRETG		psite	925
ENSP00000318195	NCL	619	FVDFNSEEDAK		hprd;pelm;psite	925
ENSP00000318195	NCL	641	DGNKVTLDWAK		psite	925
ENSP00000278612	NPAT	115	RARTRTGIAEI		hprd;psite	971
ENSP00000278612	NPAT	535	SSQLLSQDTSL		hprd;psite	971
ENSP00000278612	NPAT	554	QFCENSNDTVK		hprd;psite	971
ENSP00000278612	NPAT	1296	SSRRFSEDSST		psite	971
ENSP00000344314	OFD1	745	PKAKRSLESEM		psite	919
ENSP00000362824	OGT	325	LRLCPTHADSL		hprd;psite	628
ENSP00000354681	OPA1	382	LFKDSSREFDL		psite	605
ENSP00000354681	OPA1	388	REFDLTKEEDL		psite	605
ENSP00000244741	CDKN1A	123	TLVPRSGEQAE		psite	718
ENSP00000244741	CDKN1A	145	RKRRQTSMTDF	AKT1;DAPK3;PIM1;PIM2;PRKCA	hprd;pelm;psite	718
ENSP00000374213	EP400	137	QTQSPTQPSPG		psite	981
ENSP00000374213	EP400	224	RERRPSQPHTQ		psite	981
ENSP00000374213	EP400	320	SPPPPTSPSRT		hprd;pelm;psite	981
ENSP00000374213	EP400	323	PPTSPSRTAVP		psite	981
ENSP00000374213	EP400	691	PVNRPSSATNK		psite	981
ENSP00000374213	EP400	904	RKRKASISLTD		hprd;pelm;psite	981
ENSP00000374213	EP400	908	ASISLTDDEVD		hprd;pelm;psite	981
ENSP00000374213	EP400	974	DGEDTSGEEDA		hprd;psite	981
ENSP00000374213	EP400	2049	EFVVLSQEPSV		hprd;psite	981
ENSP00000374213	EP400	2260	HKTDPSAAGRK		psite	981
ENSP00000269305	TP53	9	PQSDPSVEPPL	CSNK1A1;CSNK1D;PRKDC	hprd;pelm;psite	888
ENSP00000269305	TP53	15	VEPPLSQETFS	ATM;ATR;CDK5;CHEK1;CHEK2;DYRK1A;MAPK1;MAPK14;MAPK3;NUAK1;PRKDC;SMG1;STK11;TP53RK	hprd;pelm;psite	888
ENSP00000269305	TP53	37	LSPLPSQAMDD	ATR;CHEK1;CHEK2;MAPKAPK5;PRKDC	hprd;pelm;psite	888
ENSP00000269305	TP53	55	IEQWFTEDPGP	GRK5;MAPK1;TAF1	hprd;pelm;psite	888
ENSP00000269305	TP53	99	SSSVPSQKTYQ		hprd;pelm;psite	888
ENSP00000269305	TP53	269	LLGRNSFEVRV	AURKB;DAPK1	psite	888
ENSP00000269305	TP53	284	GRDRRTEEENL	AURKB	psite	888
ENSP00000322570	POLE	202	RGGVITDEEET		psite	586
ENSP00000322570	POLE	1297	RQRLESAEGVL		psite	586
ENSP00000369162	RIOK1	21	FDDADSSDSEN		hprd;pelm;psite	460
ENSP00000369162	RIOK1	22	DDADSSDSENR		hprd;pelm;psite	460
ENSP00000369162	RIOK1	225	RDKYVSGEFRF		psite	460
ENSP00000259235	SAP130	349	RITLPSHPALG		hprd;psite	907
ENSP00000259235	SAP130	855	MMETNSTDDEK		hprd;psite	907
ENSP00000259235	SAP130	856	METNSTDDEKS		hprd;psite	907
ENSP00000267176	SBNO1	147	MTSAPSKDQVQ		psite	427
ENSP00000267176	SBNO1	754	SKNMSSGDDDD		psite	427
ENSP00000267176	SBNO1	767	PFLDESNEDDE		psite	427
ENSP00000267176	SBNO1	793	KKKKKSIDPDS		hprd;psite	427
ENSP00000267176	SBNO1	814	GSKRPSFSSTP		psite	427
ENSP00000265773	SMARCA2	666	LLDPNSEEVSE		psite	491
ENSP00000265773	SMARCA2	1295	EVERLTCEEEE		psite	491
ENSP00000265773	SMARCA2	1408	VEKVPSNSQLE		psite	491
ENSP00000265773	SMARCA2	1512	AKEEESEDESN		hprd;pelm;psite	491
ENSP00000265773	SMARCA2	1516	ESEDESNEEEE		hprd;psite	491
ENSP00000265773	SMARCA2	1572	VSDFDSDEEQD		hprd;pelm;psite	491
ENSP00000262518	SRCAP	404	DDEEFTANEEE		psite	505
ENSP00000262518	SRCAP	3054	ESEGSSSDEDG		psite	505
ENSP00000262518	SRCAP	3055	SEGSSSDEDGS		psite	505
ENSP00000262518	SRCAP	3126	RLRPGSLVPPL		psite	505
ENSP00000262518	SRCAP	3168	LGPEGSVEESE		hprd;psite	505
ENSP00000262518	SRCAP	3177	SEAEASGEEEE		hprd;psite	505
ENSP00000348069	SREBF1	460	LTPPPSDAGSP	GSK3B	psite	619
ENSP00000336750	SUPT7L	104	SEPLPSCPGSP		psite	939
ENSP00000340271	TAF3	199	RPRLLSTKGDT		hprd;psite	426
ENSP00000340271	TAF3	204	STKGDTLDVVL		psite	426
ENSP00000340271	TAF3	236	VHVQDSTDLAP		hprd;pelm;psite	426
ENSP00000265990	BTAF1	91	PTSESSMEDSP		psite	680
ENSP00000265990	BTAF1	237	EKSNDSTDGEP		hprd;pelm;psite	680
ENSP00000265990	BTAF1	1472	KPILASRDARS		psite	680
ENSP00000294168	TAF6L	85	VCGYGSQEALP		hprd;pelm;psite	963
ENSP00000312709	TAF7	171	VKRLLSTDAEA		hprd;pelm;psite	948
ENSP00000312709	TAF7	213	RQGHDSLEHDE		hprd;pelm;psite	948
ENSP00000312709	TAF7	264	DKLNESDEQHQ		hprd;pelm;psite	948
ENSP00000339917	TAF9B	156	VSSKPTTPTIA		psite	972
ENSP00000339917	TAF9B	159	KPTTPTIATPQ		psite	972
ENSP00000217893	TAF9	158	VTSRPSTPTLG		hprd;pelm;psite	958
ENSP00000217893	TAF9	161	RPSTPTLGTPT		hprd;pelm;psite	958
ENSP00000294339	TAL1	90	RHRVPTTELCR	AKT1	pelm;psite	605
ENSP00000294339	TAL1	216	RKLIPTHPPDK		psite	605
ENSP00000358404	TCF7L2	79	SFRDKSRESLE		psite	899
ENSP00000358404	TCF7L2	82	DKSRESLEEAA		psite	899
ENSP00000262319	TELO2	491	DSDLDSDDEFV	CSNK2A1	psite	902
ENSP00000309572	TERT	227	RRRGGSASRSL	AKT1	hprd;pelm;psite	918
ENSP00000309572	TERT	824	RIRGKSYVQCQ	AKT1	hprd;pelm;psite	918
ENSP00000309572	TERT	1125	NPALPSDFKTI		hprd;pelm;psite	918
ENSP00000309622	TFDP2	138	AMNIISKEKKE		psite	899
ENSP00000387170	GIGYF2	85	ALVPFTEEEQR		hprd;psite	437
ENSP00000387170	GIGYF2	139	GFYQRSFDEVE		psite	437
ENSP00000387170	GIGYF2	160	MHRSQSWEERG		hprd;pelm;psite	437
ENSP00000387170	GIGYF2	297	RVRSGSGSIDD		psite	437
ENSP00000387170	GIGYF2	405	RPGTPSDHQSQ		hprd;pelm;psite	437
ENSP00000387170	GIGYF2	409	PSDHQSQEASQ		hprd;pelm;psite	437
ENSP00000387170	GIGYF2	1054	RARNNTHSNLH		psite	437
ENSP00000387170	GIGYF2	1305	FSVNASSERLN		hprd;psite	437
ENSP00000387170	GIGYF2	210	EEGGPTSVGRK		pelm;psite	437
ENSP00000323720	MED14	617	AKRKLSDDPCP		hprd;psite	609
ENSP00000323720	MED14	1133	SPANPSLHSPV		hprd;pelm;psite	609
ENSP00000380888	MED13	336	PEEVQTVDPQS		hprd;psite	614
ENSP00000380888	MED13	553	VTKTPSTPQSQ		psite	614
ENSP00000380888	MED13	2048	TDRLLSTEPHE		hprd;psite	614
ENSP00000362546	TTI1	283	DWVKKTGDKLT		psite	882
ENSP00000356999	USF1	262	SNHRLSEELQG		psite	829
ENSP00000261497	USP22	147	GEKFSTWEPTK		psite	990
ENSP00000229022	VDR	208	SNLDLSEEDSD	CSNK2A1	hprd;pelm;psite	605
ENSP00000357887	VPS72	168	CERPLTQEELL		hprd;pelm;psite	585
ENSP00000353863	ZNF148	194	HVFIHTGEKPF		hprd;pelm;psite	633
ENSP00000353863	ZNF148	222	HEKIHTGEKPF		psite	633
ENSP00000353863	ZNF148	250	HKRTHSGEKPY		hprd;pelm;psite	633
ENSP00000353863	ZNF148	627	YLNSPSLNFVT		psite	633
ENSP00000350283	BRCA1	1499	ERSSPSKCPSL		hprd;pelm	717
ENSP00000357887	VPS72	41	GFTEESGDDEY		pelm	585
ENSP00000357887	VPS72	137	SMRQSTAEHTR		pelm	585
ENSP00000358404	TCF7L2	59	TNQNSSSDSEA	CSNK2A1	hprd;pelm	899
ENSP00000252818	JUND	265	PIDMDTQERIK		hprd;pelm	489
ENSP00000374213	EP400	1701	PIGGPTQEEKT		hprd;pelm	981
ENSP00000336750	SUPT7L	316	SERFPSNLEVE		hprd;pelm	939
ENSP00000258484	EPC2	540	LQDSDSEECTS		hprd;pelm	787
ENSP00000340019	HSPD1	74	GSPKVTKDGVT		hprd	899
ENSP00000340019	HSPD1	522	GIIDPTKVVRT		hprd	899
ENSP00000351490	MAX	141	GGSDSSSESEP	CSNK2A1	hprd	992
ENSP00000367207	MYC	365	PRSSDTEENVK		hprd	999
ENSP00000367207	MYC	88	GLCSPSYVAVT		hprd	999
ENSP00000344314	OFD1	776	PLPSPTESRHS		hprd	919
ENSP00000323720	MED14	977	DARRRSVNEDD		hprd	609
ENSP00000363193	MED12	1778	GAAPPSTEERK		hprd	635
ENSP00000363193	MED12	665	PGLSESMDIDP		hprd	635
ENSP00000362824	OGT	11	GNVADSTEPTK		hprd	628
ENSP00000362824	OGT	15	DSTEPTKRMLS		hprd	628
ENSP00000278612	NPAT	161	QVTRPSGQISD		hprd	971
ENSP00000278612	NPAT	770	GENLPTIILSS		hprd	971
ENSP00000278612	NPAT	777	ILSSPTKSPTK		hprd	971
ENSP00000254900	BRD8	641	VSEAASLEEPK		hprd	967
ENSP00000307684	TADA3	33	AVLARSEDDGI		hprd	985
ENSP00000291688	MCM3AP	286	VEPLPSLMKGL		hprd	412
ENSP00000300651	MED1	179	YLALQSLEQDL		hprd	633
ENSP00000300651	MED1	1000	RSRTPSNDGKS		hprd	633
ENSP00000300651	MED1	1179	PQGKPSSLMNP		hprd	633
ENSP00000300651	MED1	1185	SLMNPSLSKPN		hprd	633
ENSP00000312697	DMAP1	41	KKSKKSSETLT		hprd	983
ENSP00000258449	TGFBRAP1	852	RHTNPSSSSPG		hprd	402
ENSP00000322570	POLE	1201	TMAEASEDSPR		hprd	586
ENSP00000312709	TAF7	229	NDLSSSSEDED		hprd	948
ENSP00000312709	TAF7	230	DLSSSSEDEDE		hprd	948
ENSP00000000442	ESRRA	26	DSPKGSSETET		hprd	651
ENSP00000380888	MED13	329	TLTPPTSPEEV		hprd	614
ENSP00000380888	MED13	1728	RRPLPTSTNVK		hprd	614
ENSP00000380888	MED13	572	DPLVPSKPMED		hprd	614
ENSP00000374213	EP400	918	DDEEETIEEEE		hprd	981
ENSP00000267176	SBNO1	688	DLTAPSNNSSP		hprd	427
ENSP00000387170	GIGYF2	1296	VRADPSLLGFS		hprd	437
ENSP00000344537	TAF6	614	VSLPPTGEGKG		hprd	978
ENSP00000344537	TAF6	622	GKGGPTSHPSP		hprd	978
ENSP00000258484	EPC2	119	DYDMDSEDETL		hprd	787
ENSP00000259235	SAP130	811	NTVSPSLALLA		hprd	907
ENSP00000262518	SRCAP	348	LLEGPSSPSQT		hprd	505
ENSP00000340271	TAF3	483	KLGTPSNMPPN		hprd	426
