name	TTK
id	ENSP00000230510
type	Serine/threonine kinase
proline+1_removed	Yes
npartners	286
npartners_with_sites	244
nsites	635
//
motif	score	fg_matches	fg_size	bg_matches	bg_size	fold_increase
..D..[ST]D.E..	627.06	10	3056	0	9383	Inf
..RR.[ST].....	615.31	52	2997	17	9345	9.54
.....[ST]D.E..	315.24	49	3046	38	9383	3.97
.....[ST]..K..	307.65	285	2945	518	9328	1.74
.....[ST]Q....	307.65	230	2660	425	8810	1.79
//
prot_id	prot_name	position	flank	kinase	source	string_score
ENSP00000265748	ANLN	339	VKSTLSQTVPS		psite	913
ENSP00000265748	ANLN	358	CLQSQSKDKST		psite	913
ENSP00000265748	ANLN	449	KGNIWSAEKGG		hprd;pelm;psite	913
ENSP00000265748	ANLN	483	QGVSKTQSLPV		hprd;psite	913
ENSP00000265748	ANLN	678	IDAYRSQRFKE		psite	913
ENSP00000355090	ARHGAP11A	285	RKRRQSVGDFV		hprd;pelm;psite	780
ENSP00000355090	ARHGAP11A	339	SSHGFSSKKRK		hprd;pelm;psite	780
ENSP00000356379	ASPM	153	RSLWDTIKKKK		psite	967
ENSP00000356379	ASPM	170	HNRRVSNIQNV		hprd;psite	967
ENSP00000356379	ASPM	348	FMKDNSQPVHL		hprd;pelm;psite	967
ENSP00000356379	ASPM	370	ILSPDSFIKDN		hprd;pelm;psite	967
ENSP00000356379	ASPM	463	KSNYYSFIKQN		hprd;pelm;psite	967
ENSP00000356379	ASPM	607	IHFSPSEPKTS		hprd;psite	967
ENSP00000356379	ASPM	1516	KESILTIQKYY		psite	967
ENSP00000356379	ASPM	2096	LNLKKTAIKIQ		psite	967
ENSP00000356379	ASPM	2429	RRRFISLKKAT		hprd;pelm;psite	967
ENSP00000287394	ATAD2	60	KAGDGSSVKEV		psite	791
ENSP00000287394	ATAD2	76	TRALRSLRKDA		psite	791
ENSP00000287394	ATAD2	1139	VGDKRSDPEQN		psite	791
ENSP00000287394	ATAD2	1176	NWYLGTIKKRR		psite	791
ENSP00000287394	ATAD2	1200	DHKIESDTEET		hprd;psite	791
ENSP00000287394	ATAD2	1233	KQQNASESKLE		hprd;psite	791
ENSP00000287394	ATAD2	1277	GDASSSQIIHI		psite	791
ENSP00000287394	ATAD2	1302	TRARRSQVEQQ		hprd;pelm;psite	791
ENSP00000313171	ATAD5	356	MENSLSDPENE		hprd;psite	462
ENSP00000313171	ATAD5	621	DVQDNSQLKAS		hprd;psite	462
ENSP00000313171	ATAD5	663	KFTRISTPKKS		hprd;pelm;psite	462
ENSP00000313171	ATAD5	817	SFDESSQDTSE		hprd;psite	462
ENSP00000313171	ATAD5	1116	DFKGSSDDEEE		hprd;psite	462
ENSP00000363416	AUNIP	292	LFTEDSQGQRV		hprd;pelm;psite	420
ENSP00000216911	AURKA	116	EEELASKQKNE		hprd;psite	960
ENSP00000216911	AURKA	288	SSRRTTLCGTL	AURKA;PAK1;PRKACA	hprd;pelm;psite	960
ENSP00000216911	AURKA	369	LKHNPSQRPML		hprd;pelm;psite	960
ENSP00000302898	AURKC	198	SLRRKTMCGTL		hprd;pelm;psite	730
ENSP00000217026	MYBL2	28	PEQRDSKCKVK		psite	571
ENSP00000217026	MYBL2	454	LPFSPSQFLNF		psite	571
ENSP00000260947	BARD1	244	LVSFCSQPSVI		psite	495
ENSP00000260947	BARD1	412	VMSSPSAMKLL		psite	495
ENSP00000260947	BARD1	714	PDSDVTQTINT		psite	495
ENSP00000260947	BARD1	734	DQRFCTQYIIY		psite	495
ENSP00000347232	BLM	28	NKLSLSKPKFS		hprd;psite	532
ENSP00000347232	BLM	36	KFSGFTFKKKT		psite	532
ENSP00000347232	BLM	53	SVTNVSVAKTP		hprd;pelm;psite	532
ENSP00000347232	BLM	99	PAGQETQRGGS	ATM;ATR	pelm;psite	532
ENSP00000347232	BLM	122	EVVCTTQNTPT	ATM;ATR	pelm;psite	532
ENSP00000347232	BLM	269	DERDNSEKKKN		psite	532
ENSP00000347232	BLM	328	KDLDTSDRKED		hprd;psite	532
ENSP00000347232	BLM	601	VSERLSSAKTD		hprd;psite	532
ENSP00000347232	BLM	1197	TENSSSVKKQK		psite	532
ENSP00000375082	BORA	501	DSGYNTQNCGS	PLK1	psite	844
ENSP00000316121	CDCA8	23	RRKLASFLKDF		hprd;psite	985
ENSP00000316121	CDCA8	152	PSKKRTQSIQG		psite	985
ENSP00000350283	BRCA1	509	RKRRPTSGLHP	AKT1	hprd;pelm;psite	814
ENSP00000350283	BRCA1	615	RLRRKSSTRHI		psite	814
ENSP00000350283	BRCA1	708	TNAPGSFTKCS		psite	814
ENSP00000350283	BRCA1	803	PNKCVSQCAAF		psite	814
ENSP00000350283	BRCA1	988	LFPIKSFVKTK	CHEK1;CHEK2	hprd;pelm;psite	814
ENSP00000350283	BRCA1	1143	GSSHASQVCSE	ATR	hprd;psite	814
ENSP00000350283	BRCA1	1239	VNNIPSQSTRH		hprd;pelm;psite	814
ENSP00000350283	BRCA1	1280	ILAKASQEHHL	ATR	hprd;psite	814
ENSP00000350283	BRCA1	1330	RHQSESQGVGL	ATM	hprd;pelm;psite	814
ENSP00000350283	BRCA1	1336	QGVGLSDKELV		hprd;pelm;psite	814
ENSP00000350283	BRCA1	1342	DKELVSDDEER		hprd;pelm;psite	814
ENSP00000350283	BRCA1	1387	CSGLSSQSDIL	ATM	hprd;pelm;psite	814
ENSP00000350283	BRCA1	1423	LEQHGSQPSNS	ATM;ATR	hprd;pelm;psite	814
ENSP00000350283	BRCA1	1457	KAVLTSQKSSE	ATM;ATR	hprd;pelm;psite	814
ENSP00000350283	BRCA1	1466	SEYPISQNPEG	ATM	hprd;pelm;psite	814
ENSP00000350283	BRCA1	1524	NRNYPSQEELI	ATM;ATR	hprd;pelm;psite	814
ENSP00000350283	BRCA1	1720	SYFWVTQSIKE		hprd;pelm;psite	814
ENSP00000259008	BRIP1	226	TKQGNSQESSN		psite	447
ENSP00000259008	BRIP1	1239	FKPSPSKNKGM		psite	447
ENSP00000302530	BUB1	314	EDLPASQERSE	ATM	hprd;pelm;psite	984
ENSP00000302530	BUB1	331	GPSVGSQQELR		psite	984
ENSP00000302530	BUB1	563	VSRLPSKPKEE		hprd;psite	984
ENSP00000302530	BUB1	679	SLLRLSQPAAG		psite	984
ENSP00000287598	BUB1B	367	INHILSTRKPG		pelm;psite	951
ENSP00000287598	BUB1B	435	AELLTSAEKRA	TTK	hprd;pelm;psite	951
ENSP00000287598	BUB1B	537	DEFLLSEKKNK		pelm;psite	951
ENSP00000287598	BUB1B	665	YSQTLSIKKLS		psite	951
ENSP00000287598	BUB1B	792	NSAELTVIKVS	PLK1	psite	951
ENSP00000286031	C1orf112	43	ARGLSSQNLEI		psite	697
ENSP00000315700	CHAF1B	424	TPASRTQDPSS		psite	745
ENSP00000315700	CHAF1B	464	PLPGPSEEKTL		psite	745
ENSP00000315700	CHAF1B	485	PSRRVTLNTLQ		hprd;psite	745
ENSP00000335463	CASC5	24	VRRRHSSILKP	AURKB	psite	928
ENSP00000335463	CASC5	25	RRRHSSILKPP		psite	928
ENSP00000335463	CASC5	60	NSRRVSFADTI	AURKB	hprd;pelm;psite	928
ENSP00000335463	CASC5	586	LSISLTDRKTE		psite	928
ENSP00000335463	CASC5	1004	PNFELSQRKSL		psite	928
ENSP00000335463	CASC5	1039	LVANDSQLTPL		hprd;pelm;psite	928
ENSP00000335463	CASC5	1088	PLSSKSQRRKS		psite	928
ENSP00000335463	CASC5	1093	SQRRKSLKLKN		psite	928
ENSP00000335463	CASC5	1675	KVRRCSLGIFL		hprd;pelm;psite	928
ENSP00000265295	SPDL1	487	PQKEETQSCPN		hprd;pelm;psite	788
ENSP00000256442	CCNB1	321	DVEQHTLAKYL		hprd;psite	910
ENSP00000288207	CCNB2	8	LLRRPTVSSDL		psite	910
ENSP00000288207	CCNB2	11	RPTVSSDLENI		psite	910
ENSP00000288207	CCNB2	22	DTGVNSKVKSH		psite	910
ENSP00000288207	CCNB2	204	QVQPVSRKKLQ		hprd;psite	910
ENSP00000309181	CCNE2	396	MTPPKSTEKPP		hprd;psite	640
ENSP00000348554	CDC16	112	YLKDESGFKDP	CDK1;PLK1	pelm;psite	622
ENSP00000308450	CDC20	153	LKVLYSQKATP	BUB1	hprd;psite	987
ENSP00000303706	CDC25A	279	KRPERSQEESP	CHEK1;CHEK2	hprd;pelm;psite	550
ENSP00000303706	CDC25A	293	TKRRKSMSGAS	CHEK1;CHEK2;RPS6KA1	hprd;pelm;psite	550
ENSP00000303706	CDC25A	519	KREMYSRLKKL		psite	550
ENSP00000321656	CDC25C	148	AMCSSSANKEN		hprd;pelm;psite	820
ENSP00000321656	CDC25C	449	LLRCRSQSKVQ		psite	820
ENSP00000222005	CDC37	13	DHIEVSDDEDE	CSNK2A1;CSNK2A2	hprd;pelm;psite	476
ENSP00000222005	CDC37	118	PWNVDTLSKDG		psite	476
ENSP00000209728	CDC6	127	SSVRKSQEITT		hprd;psite	868
ENSP00000234626	CDC7	27	FQAEGSLKKNE		hprd;psite	760
ENSP00000328228	CDCA2	128	AQDSPSQGSPA		hprd;pelm;psite	846
ENSP00000328228	CDCA2	556	ALPKKSQVLKS		hprd;psite	846
ENSP00000328228	CDCA2	977	GKRRKSFCIST		psite	846
ENSP00000328228	CDCA2	1000	YRRRSSLNGKG		psite	846
ENSP00000275517	CDCA5	29	KPLRRSQRKSG		hprd;pelm;psite	898
ENSP00000306968	CDCA7	242	RPRRRTFPGVA	AKT1	psite	819
ENSP00000261769	CDH1	770	QDFDLSQLHRG		psite	619
ENSP00000301019	CDT1	380	MEKALSQLALR		psite	707
ENSP00000265148	CENPE	422	RKRRVTWCLGK		hprd;pelm;psite	981
ENSP00000265148	CENPE	1268	AQIINTQDLEK		hprd;pelm;psite	981
ENSP00000265148	CENPE	1886	LEEMKSVMKER		psite	981
ENSP00000265148	CENPE	2363	QVNPTTQDNKN		hprd;psite	981
ENSP00000265148	CENPE	2647	SCFFDSRSKSL		hprd;pelm;psite	981
ENSP00000355922	CENPF	106	EGQLNSGKKQI		hprd;pelm;psite	938
ENSP00000355922	CENPF	156	TPLTPSQYYSG	CDK2	hprd;pelm;psite	938
ENSP00000355922	CENPF	422	MKARLTQELQQ		hprd;psite	938
ENSP00000355922	CENPF	963	MSSIISLNKRE		hprd;psite	938
ENSP00000355922	CENPF	1255	LQDMQSQEISG		hprd;pelm;psite	938
ENSP00000355922	CENPF	1259	QSQEISGLKDC		hprd;psite	938
ENSP00000355922	CENPF	1282	HELSTSQNDNA		hprd;pelm;psite	938
ENSP00000355922	CENPF	1868	SEGLNSDLEMH		hprd;psite	938
ENSP00000355922	CENPF	2082	ARLSESDYEKL		hprd;psite	938
ENSP00000355922	CENPF	2189	VETLKTQIEEM		psite	938
ENSP00000355922	CENPF	2377	KIEGMTQSLRG		hprd;psite	938
ENSP00000355922	CENPF	2542	LVSKLSQVEGE		hprd;pelm;psite	938
ENSP00000355922	CENPF	2952	PATPESFSKKS		hprd;psite	938
ENSP00000355922	CENPF	3026	ALSPLSLGKEN		hprd;pelm;psite	938
ENSP00000218507	CENPI	17	AQNRTSQGSSS		psite	567
ENSP00000242872	CENPK	194	PLPDRSVKKKK		hprd;psite	812
ENSP00000337289	CENPQ	31	EEVVLSENKVR		hprd;psite	461
ENSP00000337289	CENPQ	249	ILHNSSQMKSM		hprd;psite	461
ENSP00000360540	CEP55	52	GKGKLTDKERH		psite	923
ENSP00000360540	CEP55	285	NQLLYSQRRAD		psite	923
ENSP00000359300	CETN2	14	NMASSSQRKRM		psite	513
ENSP00000359300	CETN2	138	LGENLTDEELQ		psite	513
ENSP00000283122	CETN3	135	LGENMSDEELR		psite	693
ENSP00000372023	CHEK2	19	GSSACSQPHGS	ATM;CHEK2	hprd;pelm;psite	431
ENSP00000372023	CHEK2	26	PHGSVTQSQGS	ATM;PLK1	hprd;pelm;psite	431
ENSP00000372023	CHEK2	28	GSVTQSQGSSS	ATM	hprd;pelm;psite	431
ENSP00000372023	CHEK2	33	SQGSSSQSQGI	ATM;CHEK2	hprd;pelm;psite	431
ENSP00000372023	CHEK2	35	GSSSQSQGISS	ATM;CHEK2	hprd;pelm;psite	431
ENSP00000372023	CHEK2	50	TMPNSSQSSHS	ATM	hprd;pelm;psite	431
ENSP00000372023	CHEK2	68	LETVSTQELYS	ATM;ATR;CHEK1;CHEK2;MLTK;PLK1;PRKDC;TTK	hprd;pelm;psite	431
ENSP00000372023	CHEK2	475	FSEHRTQVSLK	CHEK2	psite	431
ENSP00000372023	CHEK2	560	LAQPSTSRKRP		psite	431
ENSP00000367276	CKAP2	15	LQLPPSQRAQS		hprd;psite	828
ENSP00000367276	CKAP2	39	LLRRKTLFAYK		psite	828
ENSP00000367276	CKAP2	190	QSKINSFRKPL		psite	828
ENSP00000367276	CKAP2	602	TPYLQSVKKKV		hprd;pelm;psite	828
ENSP00000367276	CKAP2	614	FDGTNSAFKEL		hprd;pelm;psite	828
ENSP00000305204	CKAP2L	499	KEMNISFWKSI		hprd;pelm;psite	839
ENSP00000311083	CKS1B	51	LGVQQSQGWVH		psite	816
ENSP00000325017	NCAPD2	577	GPAASTQEKNP		hprd;pelm;psite	851
ENSP00000325017	NCAPD2	1310	IGQAGSQRAPS		hprd;pelm;psite	851
ENSP00000325017	NCAPD2	1315	SQRAPSAKKPS		psite	851
ENSP00000325017	NCAPD2	1352	RRHPNTQQRAS		psite	851
ENSP00000361699	CTPS1	347	LEPITSQEEPV		psite	400
ENSP00000361699	CTPS1	581	PDSEITELKFP		hprd;pelm;psite	400
ENSP00000265728	DBF4	381	ELQHISQKDCQ		hprd;psite	810
ENSP00000265728	DBF4	449	IRQNFTQLPLH	ATM;ATR	psite	810
ENSP00000265728	DBF4	502	TDNSGSQPKQK	ATM;ATR	psite	810
ENSP00000265728	DBF4	539	ITINSSQEHLT	ATM;ATR	hprd;psite	810
ENSP00000380414	DEK	121	RPGTVSSLKKN		hprd;psite	564
ENSP00000380414	DEK	122	PGTVSSLKKNV		hprd;psite	564
ENSP00000380414	DEK	199	PKSKKTCSKGS		psite	564
ENSP00000380414	DEK	244	NKEESSDDEDK		hprd;pelm;psite	564
ENSP00000380414	DEK	288	KKADSSTTKKN		psite	564
ENSP00000380414	DEK	289	KADSSTTKKNQ		psite	564
ENSP00000380414	DEK	296	KKNQNSSKKES		hprd;pelm;psite	564
ENSP00000380414	DEK	307	ESEDSSDDEPL		hprd;pelm;psite	564
ENSP00000380414	DEK	321	LKKPPTDEELK		hprd;psite	564
ENSP00000380414	DEK	328	EELKETIKKLL		hprd;psite	564
ENSP00000383178	DIAPH3	149	REKDFSIKKEM		psite	655
ENSP00000383178	DIAPH3	1096	SLSPMSQRPVL		hprd;psite	655
ENSP00000247191	DLGAP5	67	ELDETSQGLVP		psite	979
ENSP00000247191	DLGAP5	634	SSEGPSQRLGT		hprd;psite	979
ENSP00000247191	DLGAP5	642	LGTPKSVNKAV		hprd;pelm;psite	979
ENSP00000247191	DLGAP5	774	EKNTASQNSIL		hprd;psite	979
ENSP00000247191	DLGAP5	787	GETKISQSELF		hprd;psite	979
ENSP00000362850	DSN1	57	RIHLGSSPKKG		hprd;pelm;psite	561
ENSP00000362850	DSN1	95	QDRRQSWRRAS		psite	561
ENSP00000362850	DSN1	100	SWRRASMKETN	AURKB	psite	561
ENSP00000362850	DSN1	109	TNRRKSLHPIH	AURKB	hprd;pelm;psite	561
ENSP00000362850	DSN1	245	LSRGSTEAKIT		psite	561
ENSP00000250024	E2F8	46	PLTTPTKPKEG		psite	625
ENSP00000250024	E2F8	396	FTRHPSLIKLV		psite	625
ENSP00000232458	ECT2	345	LNTPNSNRKRR		hprd;pelm;psite	948
ENSP00000232458	ECT2	811	VTRAFSFSKTP		hprd;pelm;psite	948
ENSP00000339897	EME1	15	LDSGDSDSEEL		hprd;pelm;psite	431
ENSP00000269214	ESCO1	31	TEIQDSQKNLA		hprd;pelm;psite	432
ENSP00000269214	ESCO1	288	SVPEQSDNELE		psite	432
ENSP00000306999	ESCO2	244	EVIEDSDVETV		hprd;pelm;psite	733
ENSP00000311873	EXO1	581	KATVFTDEESY		psite	895
ENSP00000311873	EXO1	660	KSEESSDDESH		hprd;psite	895
ENSP00000311873	EXO1	674	EEACSSQSQES		psite	895
ENSP00000311873	EXO1	714	IKLLDSQSDQT		hprd;pelm;psite	895
ENSP00000262982	CSE1L	931	IHLAQSLHKLS		psite	400
ENSP00000320147	EZH2	385	SKDTDSDREAG		hprd;pelm;psite	572
ENSP00000320147	EZH2	652	CGEIISQDEAD		psite	572
ENSP00000320147	EZH2	734	FDYRYSQADAL		hprd;psite	572
ENSP00000217429	FAM83D	461	TRIASSQTTIW		psite	784
ENSP00000373952	FANCA	1449	PDADLSQEPHL	ATR	hprd;pelm;psite	407
ENSP00000287647	FANCD2	8	SKRRLSKSEDK		hprd;pelm;psite	451
ENSP00000287647	FANCD2	178	PRLIVSQLKWL		hprd;pelm;psite	451
ENSP00000287647	FANCD2	222	EILGDSQHADV	ATM	hprd;pelm;psite	451
ENSP00000287647	FANCD2	596	ESPSLTQERAN	ATR	hprd;pelm;psite	451
ENSP00000287647	FANCD2	608	SDEQCTQVTSL	ATR	psite	451
ENSP00000287647	FANCD2	691	LEEYDTQDGIA	ATM;ATR	hprd;psite	451
ENSP00000287647	FANCD2	717	GGPVTSQESGQ	ATM;ATR	hprd;pelm;psite	451
ENSP00000287647	FANCD2	1257	GTAADSQQIHE	ATM	hprd;pelm;psite	451
ENSP00000287647	FANCD2	1404	IKSQNSQESTA		psite	451
ENSP00000287647	FANCD2	1418	EDDMSSQASKS		hprd;pelm;psite	451
ENSP00000310842	FANCI	556	GSLSSSQCSQS	ATM	psite	768
ENSP00000310842	FANCI	559	SSSQCSQSLSV	ATM	psite	768
ENSP00000310842	FANCI	730	KSADFSQSTSI	ATM	hprd;pelm;psite	768
ENSP00000310842	FANCI	952	ADVSVTQRTAF		hprd;pelm;psite	768
ENSP00000310842	FANCI	972	LNLLSSQEEDF	ATM	psite	768
ENSP00000310842	FANCI	1121	SEEASSQATLP	ATM	hprd;pelm;psite	768
ENSP00000305480	FEN1	197	RHLTASEAKKL		hprd;psite	678
ENSP00000305480	FEN1	336	SRQGSTQGRLD		psite	678
ENSP00000305480	FEN1	364	EPKGSTKKKAK		hprd;psite	678
ENSP00000349356	FIGNL1	157	SVCGSSQESDS		hprd;pelm;psite	677
ENSP00000349356	FIGNL1	571	PLPEASARKQI		psite	677
ENSP00000414109	HJURP	123	EVDATSDQEES		hprd;pelm;psite	821
ENSP00000414109	HJURP	347	NVLDVSCRKTG		psite	821
ENSP00000414109	HJURP	486	ETRRLSLPSSK	AKT1	hprd;psite	821
ENSP00000414109	HJURP	490	LSLPSSKAKAK		hprd;psite	821
ENSP00000342307	FOXM1	768	DTMNDSLSKIL		hprd;pelm;psite	767
ENSP00000378529	FZR1	72	NEKSPSQNRKA		pelm;psite	430
ENSP00000230056	GMNN	49	LSAGLSKRKHR		hprd;psite	760
ENSP00000230056	GMNN	203	TVSSSTDAKPC		psite	760
ENSP00000264126	GPSM2	408	LGRRHSMENME	PRKCA	hprd;psite	453
ENSP00000264126	GPSM2	459	KYKTNSSTKVL		psite	453
ENSP00000264126	GPSM2	478	HRIPNSQRKIS		psite	453
ENSP00000264126	GPSM2	554	DLLASSQSRRL		psite	453
ENSP00000264126	GPSM2	638	SLILRSQGKRM		psite	453
ENSP00000264126	GPSM2	677	LEFKNSGKKSA		psite	453
ENSP00000364310	H2AFX	137	GGKKATQASQE	PRKDC	hprd;psite	430
ENSP00000325290	GSG2	58	SIGDPSQSDDP		psite	404
ENSP00000325290	GSG2	220	ASLPCSQEEAT		hprd;pelm;psite	404
ENSP00000325290	GSG2	288	GPGLSSTGKRR		hprd;psite	404
ENSP00000369871	HAUS6	660	EEKVISDCECV		psite	452
ENSP00000369871	HAUS6	742	DHLEVSCNKPS		psite	452
ENSP00000369871	HAUS6	843	EALKKSLSKKR		psite	452
ENSP00000369871	HAUS6	856	SYLSNSQTPER		psite	452
ENSP00000261597	NDC80	44	TFGKLSINKPT		hprd;psite	991
ENSP00000261597	NDC80	50	INKPTSERKVS		hprd;psite	991
ENSP00000261597	NDC80	69	HGSRNSQLGIF	AURKB	hprd;psite	991
ENSP00000261597	NDC80	76	LGIFSSSEKIK		hprd;pelm;psite	991
ENSP00000377492	HMMR	206	RSLEESQGKIA		psite	943
ENSP00000378295	INCENP	72	KKRRISYVQDE	AURKB	hprd;pelm;psite	500
ENSP00000378295	INCENP	91	LSRRKSRSSQL		hprd;psite	500
ENSP00000378295	INCENP	94	RKSRSSQLSSR		hprd;psite	500
ENSP00000378295	INCENP	208	ATAPTSQGIPT		pelm;psite	500
ENSP00000378295	INCENP	214	QGIPTSDEEST		hprd;pelm;psite	500
ENSP00000378295	INCENP	218	TSDEESTPKKS		hprd;pelm;psite	500
ENSP00000378295	INCENP	300	GSRTDSQSVRH		hprd;pelm;psite	500
ENSP00000378295	INCENP	336	VVRRASRRLAK		psite	500
ENSP00000378295	INCENP	514	TSAPRSVMKSF		hprd;pelm;psite	500
ENSP00000378295	INCENP	518	RSVMKSFIKRN	AURKB	psite	500
ENSP00000378295	INCENP	832	NSDDSTDDEAH		hprd;pelm;psite	500
ENSP00000357643	MKI67	125	PARRVSRSSFS		hprd;pelm;psite	846
ENSP00000357643	MKI67	352	TPVQYSQQQNS		hprd;psite	846
ENSP00000357643	MKI67	374	TGRRESVNLGK	AURKB	hprd;pelm;psite	846
ENSP00000357643	MKI67	411	EDAADSATKPE		hprd;pelm;psite	846
ENSP00000357643	MKI67	507	KRRRVSFGGHL		psite	846
ENSP00000357643	MKI67	598	DQRRRSCKTAP		hprd;psite	846
ENSP00000357643	MKI67	704	VGEVHSQFSTG		hprd;psite	846
ENSP00000357643	MKI67	859	LETKTSDTETE		hprd;pelm;psite	846
ENSP00000357643	MKI67	1272	QRPKRSIRKAD		psite	846
ENSP00000357643	MKI67	1291	RNLMPSAGKAM		hprd;psite	846
ENSP00000357643	MKI67	1327	LTENLTGSKRR		hprd;pelm;psite	846
ENSP00000357643	MKI67	1347	ALEDLTGFKEL		psite	846
ENSP00000357643	MKI67	1411	ALKKLTQTSGE		psite	846
ENSP00000357643	MKI67	1449	PAASVTGSKRH		psite	846
ENSP00000357643	MKI67	1496	KIACRSQPDPV		psite	846
ENSP00000357643	MKI67	1505	PVDTPTSSKPQ		hprd;psite	846
ENSP00000357643	MKI67	1514	PQSKRSLRKVD		psite	846
ENSP00000357643	MKI67	1533	RKRTPSAGKAM		psite	846
ENSP00000357643	MKI67	1546	PKPAVSGEKNI		hprd;pelm;psite	846
ENSP00000357643	MKI67	1569	LTENLTGSKRR		hprd;pelm;psite	846
ENSP00000357643	MKI67	1618	VACKSSQPDPD		pelm;psite	846
ENSP00000357643	MKI67	1691	SAASLTGSKRQ		hprd;pelm;psite	846
ENSP00000357643	MKI67	1721	LFQTPSHTKES		hprd;pelm;psite	846
ENSP00000357643	MKI67	1740	VSYRASQPDLV		hprd;pelm;psite	846
ENSP00000357643	MKI67	1749	LVDTPTSSKPQ		hprd;pelm;psite	846
ENSP00000357643	MKI67	1758	PQPKRSLRKAD		psite	846
ENSP00000357643	MKI67	1849	TDNPTTDEKTT		hprd;pelm;psite	846
ENSP00000357643	MKI67	1871	PADTPTNTKQR		hprd;pelm;psite	846
ENSP00000357643	MKI67	1880	QRPKRSLKKAD		psite	846
ENSP00000357643	MKI67	2002	QRLKISLGKVG		hprd;pelm;psite	846
ENSP00000357643	MKI67	2019	PVGKLTQTSGK		psite	846
ENSP00000357643	MKI67	2021	GKLTQTSGKTT		psite	846
ENSP00000357643	MKI67	2135	IVEELSALKQL		hprd;pelm;psite	846
ENSP00000357643	MKI67	2175	PAASVTGSKRQ		psite	846
ENSP00000357643	MKI67	2233	PVGTPTIFKPQ		hprd;pelm;psite	846
ENSP00000357643	MKI67	2242	PQSKRSLRKAD		psite	846
ENSP00000357643	MKI67	2261	RKRTPSVGKAM		hprd;psite	846
ENSP00000357643	MKI67	2333	TDKPTTDEKTT		hprd;pelm;psite	846
ENSP00000357643	MKI67	2382	RKRTPSAGKAM		psite	846
ENSP00000357643	MKI67	2395	PKPAVSDEKNI		hprd;pelm;psite	846
ENSP00000357643	MKI67	2692	ETSGHTQESLT		psite	846
ENSP00000357643	MKI67	1653	AVGKLTQTSGE		psite	846
ENSP00000357643	MKI67	2925	SFQELSQTPGH		psite	846
ENSP00000295746	KIAA1524	409	LDEALTRKKCE		psite	685
ENSP00000295746	KIAA1524	761	NKQIETVKKLN		hprd;psite	685
ENSP00000260731	KIF11	458	DLQNKTQELET		hprd;pelm;psite	985
ENSP00000356319	KIF14	225	PIASLSQTEVV		psite	827
ENSP00000356319	KIF14	272	SNKFGSLEKRT		hprd;psite	827
ENSP00000356319	KIF14	346	VVQNTSAGKDP		psite	827
ENSP00000356319	KIF14	632	NKSLLTLGKVI		psite	827
ENSP00000356319	KIF14	937	LMAQRSQLEAE		psite	827
ENSP00000356319	KIF14	1192	RRRSRSLMKNR		psite	827
ENSP00000356319	KIF14	1200	KNRRISGCLHD		hprd;pelm;psite	827
ENSP00000356319	KIF14	1292	EQDEESQDNLF		hprd;pelm;psite	827
ENSP00000263181	KIF18A	357	AKDIKSSLKSN		psite	939
ENSP00000263181	KIF18A	695	VQLNDSLSKEL		hprd;psite	939
ENSP00000341466	KIF18B	425	PPHPPSQPCTP		psite	704
ENSP00000341466	KIF18B	636	KRRRPSALEAD		psite	704
ENSP00000341466	KIF18B	665	CLRRGSLPDTQ		psite	704
ENSP00000341466	KIF18B	669	GSLPDTQPSQG		psite	704
ENSP00000341466	KIF18B	672	PDTQPSQGPST		psite	704
ENSP00000341466	KIF18B	676	PSQGPSTPKGE		psite	704
ENSP00000378356	KIF20A	61	VPSEDSMEKVK		psite	894
ENSP00000378356	KIF20A	686	AASASTQQLQE		psite	894
ENSP00000378356	KIF20A	825	LQGQVSAKKRL		hprd;psite	894
ENSP00000260753	KIF20B	303	KMLRLSQDVKG		hprd;psite	787
ENSP00000260753	KIF20B	310	DVKGYSFIKDL		hprd;psite	787
ENSP00000260753	KIF20B	488	DTLNSSQEKLF		hprd;pelm;psite	787
ENSP00000260753	KIF20B	959	TLDSVSQISNI		hprd;pelm;psite	787
ENSP00000260753	KIF20B	1431	KMMLITQAKEA		psite	787
ENSP00000160827	KIF22	452	DRLLASQGSQG		hprd;pelm;psite	671
ENSP00000160827	KIF22	455	LASQGSQGAPL		hprd;psite	671
ENSP00000160827	KIF22	462	GAPLLSTPKRE	CDK2	hprd;psite	671
ENSP00000260363	KIF23	18	TVKKGSQTNLK		pelm;psite	948
ENSP00000260363	KIF23	20	KKGSQTNLKDP		psite	948
ENSP00000260363	KIF23	867	HQELASDGEIE		hprd;pelm;psite	948
ENSP00000260363	KIF23	912	RKRRSSTVAPA		hprd;pelm;psite	948
ENSP00000260363	KIF23	927	AESEWTDVETR		psite	948
ENSP00000260363	KIF23	943	EMRAGSQLGPG		pelm;psite	948
ENSP00000385000	KIF2A	157	PSRRKSNCVKE		psite	492
ENSP00000385000	KIF2A	653	FHEAVSQMVEM		psite	492
ENSP00000361298	KIF2C	192	SVRRKSCLVKE	AURKB;PAK1	psite	914
ENSP00000361298	KIF2C	629	EEELSSQMSSF		hprd;pelm;psite	914
ENSP00000361298	KIF2C	719	ASRQISSKKRP		psite	914
ENSP00000363524	KIF4A	799	KLRRRTFSLTE		hprd;pelm;psite	832
ENSP00000363524	KIF4A	815	SESEDSITKQI		hprd;pelm;psite	832
ENSP00000363524	KIF4A	941	SQLQQSQMAEK		psite	832
ENSP00000363524	KIF4A	1001	LLQVASRQKHL		hprd;pelm;psite	832
ENSP00000363524	KIF4A	1028	PKPKPSRVKEK		hprd;pelm;psite	832
ENSP00000363524	KIF4A	1133	GTVERTQDSEG		hprd;pelm;psite	832
ENSP00000363647	KIFC1	26	LIKAPSQLPLS	CHEK1	psite	402
ENSP00000393963	KIFC1	26	LIKAPSQLPLS	CHEK1	psite	796
ENSP00000407885	KIFC1	26	LIKAPSQLPLS	CHEK1	psite	423
ENSP00000363647	KIFC1	33	LPLSGSRLKRR		hprd;psite	402
ENSP00000393963	KIFC1	33	LPLSGSRLKRR		hprd;psite	796
ENSP00000407885	KIFC1	33	LPLSGSRLKRR		hprd;psite	423
ENSP00000363647	KIFC1	359	DERRGTLSGAP		hprd;psite	402
ENSP00000393963	KIFC1	359	DERRGTLSGAP		hprd;psite	796
ENSP00000407885	KIFC1	359	DERRGTLSGAP		hprd;psite	423
ENSP00000309790	MIS18BP1	304	SLLMVSDSERT		psite	583
ENSP00000309790	MIS18BP1	761	NQVAMSFYKHQ		psite	583
ENSP00000332455	KPNA2	105	ARKLLSREKQP	PRKAA1	pelm;psite	820
ENSP00000261366	LMNB1	340	SRRMLTDKERE		psite	685
ENSP00000261366	LMNB1	412	RSVRTTRGKRK		psite	685
ENSP00000261366	LMNB1	534	VILKNSQGEEV		psite	685
ENSP00000263274	LIG1	639	PFQVLTTRKRK		psite	619
ENSP00000263274	LIG1	801	LGTGFSDEELE		psite	619
ENSP00000263274	LIG1	913	GEDSGSDPEDT		hprd;pelm;psite	619
ENSP00000382562	MAD1L1	22	LNNFISQRVEG	PLK1	psite	955
ENSP00000382562	MAD1L1	214	QELQASQEARA		hprd;pelm;psite	955
ENSP00000365113	MASTL	319	ESECHSSPKWE		psite	673
ENSP00000365113	MASTL	631	PAVQESNQKML		hprd;pelm;psite	673
ENSP00000265056	MCM2	108	EELTASQREAA	ATR;CDC7;CDK2;CDK7;CSNK2A1	hprd;pelm;psite	836
ENSP00000265056	MCM2	139	GLLYDSDEEDE	CDC7;CDK2;CDK7;CSNK2A1	hprd;pelm;psite	836
ENSP00000229854	MCM3	160	IERRYSDLTTL	DAPK1	hprd;pelm;psite	713
ENSP00000229854	MCM3	535	DDPNFSQEDQQ	ATM;ATR	psite	713
ENSP00000229854	MCM3	681	DEEEKSQEDQE		hprd;pelm;psite	713
ENSP00000229854	MCM3	711	DPYDFSDTEEE		hprd;pelm;psite	713
ENSP00000229854	MCM3	728	PKTADSQETKE		hprd;pelm;psite	713
ENSP00000229854	MCM3	734	QETKESQKVEL		hprd;pelm;psite	713
ENSP00000262105	MCM4	13	PSRRGSRRGRA		psite	849
ENSP00000262105	MCM4	34	ARSSPSQRRRG		hprd;pelm;psite	849
ENSP00000262105	MCM4	120	RPDLGSAQKGL		hprd;pelm;psite	849
ENSP00000262105	MCM4	406	VNPRVSNVKSV		hprd;psite	849
ENSP00000216122	MCM5	605	SDRRSSIPITV		psite	750
ENSP00000216122	MCM5	693	QVSEHSIIKDF		psite	750
ENSP00000264156	MCM6	13	EPGAGSQHLEV		hprd;psite	783
ENSP00000264156	MCM6	119	FQDLPTRHKIR		psite	783
ENSP00000264156	MCM6	791	VLIELTQAGLK		hprd;pelm;psite	783
ENSP00000307288	MCM7	549	SRQPPSQFEPL		hprd;pelm;psite	699
ENSP00000368174	MCM8	630	VARMNSQDSNT		psite	562
ENSP00000298048	MELK	391	ATPRTSQFTKY	MELK	psite	923
ENSP00000298048	MELK	431	VYTPKSAVKNE	MELK	hprd;pelm;psite	923
ENSP00000309871	RACGAP1	157	ILSDISFDKTD	PLK1	hprd;pelm;psite	909
ENSP00000309871	RACGAP1	170	LDWDSSLVKTF	PLK1	hprd;pelm;psite	909
ENSP00000309871	RACGAP1	249	RSRRKTGTLQP	AKT2;AURKB	psite	909
ENSP00000309871	RACGAP1	595	SSSSLSQRVRS		hprd;pelm;psite	909
ENSP00000309871	RACGAP1	601	QRVRSTLTKNT		hprd;pelm;psite	909
ENSP00000281453	MLF1IP	194	LSAQPSVEKEN		hprd;psite	812
ENSP00000281453	MLF1IP	300	ESQMLTNLKRK		psite	812
ENSP00000233146	MSH2	860	QYIGESQGYDI		hprd;pelm;psite	605
ENSP00000251496	NCAPG	674	GTEINSDDEQE		hprd;pelm;psite	979
ENSP00000251496	NCAPG	975	EADSESDHEVP		hprd;pelm;psite	979
ENSP00000251496	NCAPG	984	VPEPESEMKMR		pelm;psite	979
ENSP00000240423	NCAPH	70	LQRRRSRVFDL		hprd;pelm;psite	904
ENSP00000240423	NCAPH	570	LQAADSDDEDL	CSNK2A1	psite	904
ENSP00000355966	NEK2	171	LNHDTSFAKTF	NEK2	psite	948
ENSP00000355966	NEK2	296	GEPEKSQDSSP		hprd;psite	948
ENSP00000355966	NEK2	304	SSPVLSELKLK		psite	948
ENSP00000355966	NEK2	356	LLKNYSLLKER	NEK2;STK3	psite	948
ENSP00000355966	NEK2	378	LNLPSSVIKKK		psite	948
ENSP00000355966	NEK2	402	SENSESQLTSK	NEK2	psite	948
ENSP00000355966	NEK2	406	ESQLTSKSKCK	STK3	psite	948
ENSP00000355966	NEK2	428	RAQALSDIEKN	NEK2	psite	948
ENSP00000271002	ITGB3BP	73	NHPSLTESKES		psite	459
ENSP00000231498	NUP155	994	APQSPSVPKKP		hprd;pelm;psite	533
ENSP00000360621	ORC1	383	RIRRKSSVLTM		psite	595
ENSP00000360621	ORC1	421	ISDSSSDEEEA		hprd;pelm;psite	595
ENSP00000360621	ORC1	850	VRLNVSQDDVL		hprd;psite	595
ENSP00000269305	TP53	15	VEPPLSQETFS	ATM;ATR;CDK5;CHEK1;CHEK2;DYRK1A;MAPK1;MAPK14;MAPK3;NUAK1;PRKDC;SMG1;STK11;TP53RK	hprd;pelm;psite	676
ENSP00000269305	TP53	37	LSPLPSQAMDD	ATR;CHEK1;CHEK2;MAPKAPK5;PRKDC	hprd;pelm;psite	676
ENSP00000269305	TP53	99	SSSVPSQKTYQ		hprd;pelm;psite	676
ENSP00000269305	TP53	378	KGQSTSRHKKL	CDK7;CHEK1;CHEK2;PRKACA;PRKCA	hprd;pelm;psite	676
ENSP00000300035	KIAA0101	12	DSVPGTYRKVV		psite	874
ENSP00000382595	PAICS	114	RIATGSFLKRN		hprd;psite	502
ENSP00000301905	PBK	14	TPSKLSEKKKS		psite	957
ENSP00000334675	ERCC6L	763	LSTHHTQEEDI		psite	681
ENSP00000334675	ERCC6L	813	ADSIATLPKGF		hprd;psite	681
ENSP00000334675	ERCC6L	969	RQNFSSQSLEH		hprd;psite	681
ENSP00000334675	ERCC6L	1028	ARRIVSDGEDE		hprd;psite	681
ENSP00000334675	ERCC6L	1082	SQIPSSVNKSM		hprd;psite	681
ENSP00000300093	PLK1	137	LCRRRSLLELH	MAP3K8	pelm;psite	899
ENSP00000300093	PLK1	335	SSLDPSNRKPL		psite	899
ENSP00000265465	POLA2	120	TPSKGSQKRAI		psite	401
ENSP00000265465	POLA2	229	IEELGSELKEH		hprd;psite	401
ENSP00000322570	POLE	202	RGGVITDEEET		psite	844
ENSP00000322570	POLE	1940	CGLQDSQKAGG		hprd;pelm;psite	844
ENSP00000216367	POLE2	188	VLGMITQLKEG		psite	810
ENSP00000377793	PRC1	265	VATIMSGSKAK		hprd;psite	901
ENSP00000262293	PRR11	209	LLRKPSLAKAL		psite	531
ENSP00000262293	PRR11	291	ITPGKSQMDLR		psite	531
ENSP00000253462	GINS2	180	QPLESTQSQDF		hprd;pelm;psite	752
ENSP00000377384	PSMC3IP	29	NRPYSSQDVFG		hprd;psite	484
ENSP00000358925	PSRC1	116	SPRRETFVLKD		psite	431
ENSP00000264926	RAD18	107	KSPASSSSKNL		pelm;psite	525
ENSP00000264926	RAD18	368	KIAGMSQKTVT		psite	525
ENSP00000264926	RAD18	403	VTNHFSQSKLD	ATM	hprd;pelm;psite	525
ENSP00000228843	RAD51AP1	120	TNVQNSQDKSI		hprd;pelm;psite	890
ENSP00000228843	RAD51AP1	124	NSQDKSIEKHG		psite	890
ENSP00000336606	RAD54B	14	QLQGNSFKKPK		psite	437
ENSP00000319417	SKA3	34	LDGEESDFEDY		hprd;pelm;psite	896
ENSP00000319417	SKA3	119	QEAINSDPELS		hprd;pelm;psite	896
ENSP00000319417	SKA3	196	PPTKQSLVKVL		hprd;psite	896
ENSP00000319417	SKA3	276	QQLEKSDAEYT		hprd;psite	896
ENSP00000355958	DTL	410	TVGWASQKKKE		hprd;psite	911
ENSP00000355958	DTL	426	VTVTSSQSTPA		hprd;pelm;psite	911
ENSP00000355958	DTL	485	INRRGSVSSVS		hprd;pelm;psite	911
ENSP00000355958	DTL	495	SPKPPSSFKMS		hprd;pelm;psite	911
ENSP00000355958	DTL	520	ITPPASETKIM		psite	911
ENSP00000355958	DTL	682	PRSPSSQTPNS		hprd;pelm;psite	911
ENSP00000355958	DTL	717	YFHRKSQEDFC		hprd;pelm;psite	911
ENSP00000351697	REV3L	470	LSLVMSQRWDS		hprd;psite	845
ENSP00000351697	REV3L	1075	IKRTLSFRKKR	CHEK2	psite	845
ENSP00000369411	RFC3	125	QLETNSQRDFK		hprd;pelm;psite	576
ENSP00000334958	RLTPR	1093	TPVPRTLRKKL		psite	893
ENSP00000334958	RLTPR	1281	RPGPGSQGPES		psite	893
ENSP00000221486	RNASEH2A	277	FLNEGSQARPR		psite	523
ENSP00000300738	RRM1	751	NPIQFTLNKEK		psite	728
ENSP00000302955	RRM2	56	IFQEPTEPKTK		psite	873
ENSP00000302955	RRM2	318	IGMNCTLMKQY		psite	873
ENSP00000344936	PTTG1	39	ALDGRSQVSTP		psite	697
ENSP00000257934	ESPL1	1073	TQHLDSVKKVH		pelm;psite	696
ENSP00000257934	ESPL1	1399	NFSDDSDLEDP	PLK1	hprd;pelm;psite	696
ENSP00000257934	ESPL1	1508	EILRGSDGEDS		hprd;pelm;psite	696
ENSP00000257934	ESPL1	1538	LLRLDSSKKKL		psite	696
ENSP00000263753	SGOL1	433	TTPPETQQSPH		hprd;pelm;psite	841
ENSP00000263753	SGOL1	459	KIRRLSLSPKK		hprd;psite	841
ENSP00000350447	SGOL2	507	ETYSLSQSSGK		hprd;pelm;psite	825
ENSP00000350447	SGOL2	1187	PAFQVSDDEHE		psite	825
ENSP00000306473	SHCBP1	31	EQELASLEKGL		hprd;pelm;psite	916
ENSP00000306473	SHCBP1	273	LSNCNSDSEQE		hprd;pelm;psite	916
ENSP00000341382	SMC4	28	PDGASSDAEPE		hprd;pelm;psite	911
ENSP00000341382	SMC4	595	LAMNRSRGKVL		psite	911
ENSP00000323300	SPAG5	334	GRILGSDTESW		hprd;pelm;psite	866
ENSP00000323300	SPAG5	401	KSTNTSQTGLV		hprd;pelm;psite	866
ENSP00000397131	SPC24	11	DIEEVSQGLLS		pelm;psite	577
ENSP00000301633	BIRC5	20	KDHRISTFKNW	PLK1;PRKACA	psite	919
ENSP00000301633	BIRC5	140	KIAKETNNKKK	AURKB	pelm;psite	919
ENSP00000334280	TACC2	2072	NTRRKSTDSVP		hprd;pelm;psite	803
ENSP00000334280	TACC2	2134	KPRPPSLKKKQ		psite	803
ENSP00000334280	TACC2	2447	LSDPPSQDPTP		hprd;psite	803
ENSP00000326550	TACC3	39	SVLRVSQKENV		psite	900
ENSP00000268138	TICRR	557	AHQEDSKKKRG		psite	591
ENSP00000268138	TICRR	851	ELRTRSAKKRR		psite	591
ENSP00000268138	TICRR	1115	HQKSLSFSKTT		hprd;psite	591
ENSP00000268138	TICRR	1125	TPRRISHTPQT		psite	591
ENSP00000268138	TICRR	1613	PRASRSLSKPE		psite	591
ENSP00000261881	TIPIN	222	KLLSNSQTLGN		hprd;pelm;psite	614
ENSP00000266732	TMPO	184	DSDRYSDNEEG		hprd;pelm;psite	605
ENSP00000266732	TMPO	366	EESESSQLISP		psite	605
ENSP00000411532	TOP2A	230	KFKMQSLDKDI		hprd;psite	927
ENSP00000411532	TOP2A	1106	EENEESDNEKE		hprd;pelm;psite	927
ENSP00000411532	TOP2A	1205	AKGKKTQMAEV		hprd;psite	927
ENSP00000411532	TOP2A	1295	KRNPWSDSESD		hprd;pelm;psite	927
ENSP00000411532	TOP2A	1343	DFDEKTDDEDF	CSNK2A1;PLK1;PLK3;PRKCB	hprd;pelm;psite	927
ENSP00000411532	TOP2A	1377	QKSVVSDLEAD	CSNK2A1	hprd;pelm;psite	927
ENSP00000411532	TOP2A	1430	SSTSTTGAKKR		psite	927
ENSP00000411532	TOP2A	1452	LNSGVSQKPDP		hprd;pelm;psite	927
ENSP00000260810	TOPBP1	301	SSTPTSQINTI		hprd;pelm;psite	457
ENSP00000260810	TOPBP1	492	DEDLLSQYENG	ATM	hprd;pelm;psite	457
ENSP00000260810	TOPBP1	554	EEGLFSQKSFL	ATM	hprd;psite	457
ENSP00000260810	TOPBP1	853	TPGRPSQQKRK	ATM	hprd;psite	457
ENSP00000260810	TOPBP1	1062	SKGVLTQTLEM	ATM	hprd;pelm;psite	457
ENSP00000260810	TOPBP1	1138	VNTEPSQNEQI	ATM	hprd;pelm;psite	457
ENSP00000260810	TOPBP1	1504	LGTGLSQKRKA		psite	457
ENSP00000300403	TPX2	125	RSLRLSAQKDL		hprd;pelm;psite	966
ENSP00000300403	TPX2	310	KPFNLSQGKKR		hprd;pelm;psite	966
ENSP00000300403	TPX2	359	LPSKSSVTKIC		hprd;pelm;psite	966
ENSP00000300403	TPX2	542	PFSFDSRDKER		hprd;pelm;psite	966
ENSP00000300403	TPX2	634	PNTVISQEPFV		hprd;pelm;psite	966
ENSP00000410071	TUBB	55	YYNEATGGKYV		hprd;psite	671
ENSP00000410071	TUBB	278	LTSRGSQQYRA		psite	671
ENSP00000410071	TUBB	290	TVPELTQQVFD		psite	671
ENSP00000217133	TUBB1	278	LTAQGSQQYRA		psite	619
ENSP00000369703	TUBB2A	278	LTSRGSQQYRA		psite	619
ENSP00000251413	TUBG1	284	DQSVASVRKTT		hprd;psite	422
ENSP00000356243	UBE2T	184	QKRKASQLVGI		hprd;pelm;psite	893
ENSP00000343526	USP1	42	LDFTDSQENEE		hprd;pelm;psite	470
ENSP00000216639	VRK1	378	TEWSNTQTEEA		hprd;psite	597
ENSP00000353793	WDHD1	387	NSVDISMLKTG		hprd;pelm;psite	834
ENSP00000353793	WDHD1	394	LKTGSSLLKEE		psite	834
ENSP00000353793	WDHD1	826	AELTATQVEEE		hprd;pelm;psite	834
ENSP00000353793	WDHD1	853	TATEWSQPRFR		psite	834
ENSP00000353793	WDHD1	886	KPGQNSFSKST		psite	834
ENSP00000353793	WDHD1	907	AVTFSSQGRVN		psite	834
ENSP00000353793	WDHD1	984	FQKRNSQTNKT		psite	834
ENSP00000329167	WHSC1	102	KLRFESQEMKG	ATM	hprd;pelm;psite	427
ENSP00000363055	ZWINT	46	EFVVDSQKKDK		psite	798
ENSP00000263274	LIG1	88	PALDCSQVSPP		hprd;pelm	619
ENSP00000350283	BRCA1	405	DGESESNAKVA		hprd;pelm	814
ENSP00000247191	DLGAP5	224	TVSSTTARKPV		hprd;pelm	979
ENSP00000266732	TMPO	67	PPDFSSDEERE		hprd;pelm	605
ENSP00000357643	MKI67	2697	TQESLTAGKAT		hprd;pelm	846
ENSP00000357643	MKI67	2212	TDKPTTHEKTT		hprd;pelm	846
ENSP00000357643	MKI67	1853	TTDEKTTKKIL		hprd;pelm	846
ENSP00000357643	MKI67	1141	SVDTPTSTKQW		hprd;pelm	846
ENSP00000357643	MKI67	1263	PVDTPTSTKQR		hprd;pelm	846
ENSP00000357643	MKI67	2836	LEDTATSSKRR		hprd;pelm	846
ENSP00000309790	MIS18BP1	261	SIVATTKSKKD		hprd;pelm	583
ENSP00000363524	KIF4A	544	LARKMTQNDSQ		hprd;pelm	832
ENSP00000380414	DEK	15	GEGTPTQPASE		hprd;pelm	564
ENSP00000275517	CDCA5	124	NPEAESSSKEG		hprd;pelm	898
ENSP00000334280	TACC2	2122	SSSASSTLKRT		hprd;pelm	803
ENSP00000365113	MASTL	618	DCQEKTSPKGV		hprd;pelm	673
ENSP00000228843	RAD51AP1	14	KPVNYSQFDHS		hprd;pelm	890
ENSP00000350283	BRCA1	1394	SDILTTQQRDT	ATR	hprd	814
ENSP00000265148	CENPE	1026	LEAKNTQTLTA		hprd	981
ENSP00000380414	DEK	368	KDFIKTTVKEL		hprd	564
ENSP00000411532	TOP2A	1360	PPKTKTSPKLS		hprd	927
ENSP00000266732	TMPO	57	PLPAGTNSKGP		hprd	605
ENSP00000266732	TMPO	137	GPIVGTTRKLY		hprd	605
ENSP00000266732	TMPO	459	SELMSSFAKTV		hprd	605
ENSP00000266732	TMPO	12	DPSVLTKDKLK		hprd	605
ENSP00000266732	TMPO	355	QSPLSSKRKAL		hprd	605
ENSP00000287647	FANCD2	1401	GEEIKSQNSQE		hprd	451
ENSP00000287647	FANCD2	720	VTSQESGQKLV		hprd	451
ENSP00000355922	CENPF	2764	SLKATTQILEE		hprd	938
ENSP00000355922	CENPF	160	PSQYYSGSKYE		hprd	938
ENSP00000355922	CENPF	2048	DSQALSLTKCE		hprd	938
ENSP00000377492	HMMR	65	TTLPASARKVK		hprd	943
ENSP00000315700	CHAF1B	473	TLQPSSQNTKA		hprd	745
ENSP00000240423	NCAPH	459	DAPSQSENKKK		hprd	904
ENSP00000216911	AURKA	66	AQKLVSSHKPV		hprd	960
ENSP00000351697	REV3L	1589	RTPRSTKQKEK		hprd	845
ENSP00000329167	WHSC1	583	ASSLKSQAATK		hprd	427
ENSP00000308450	CDC20	63	RTPGKSSSKVQ		hprd	987
ENSP00000378295	INCENP	373	PQKVGSEQKEP		hprd	500
ENSP00000378295	INCENP	106	LRSKDSVEKLA		hprd	500
ENSP00000347232	BLM	282	EAELHSTEKVP		hprd	532
ENSP00000347232	BLM	336	KEDVLSTSKDL		hprd	532
ENSP00000309871	RACGAP1	186	EKRRSTSRQFV	AURKB	hprd	909
ENSP00000309871	RACGAP1	540	PLEYWSQFMMV		hprd	909
ENSP00000260363	KIF23	679	DREKVTQRSVS		hprd	948
ENSP00000334280	TACC2	2554	LMFDTSQESPV		hprd	803
ENSP00000334280	TACC2	2719	HPTDVSISKTA		hprd	803
ENSP00000300403	TPX2	179	SAHQDTAEKNA		hprd	966
ENSP00000300403	TPX2	28	DDEGDTQNIDS		hprd	966
ENSP00000373952	FANCA	850	LCKFSSQSRDT		hprd	407
ENSP00000261597	NDC80	34	LYTPQTKEKPT		hprd	991
ENSP00000363524	KIF4A	474	LQQLITQLSDE		hprd	832
ENSP00000311873	EXO1	700	CSSKDSDSEES		hprd	895
ENSP00000313171	ATAD5	627	QLKASTQKAAN		hprd	462
ENSP00000313171	ATAD5	1206	SPKKISSPKKV		hprd	462
ENSP00000313171	ATAD5	177	IQDTKSQPNTM		hprd	462
ENSP00000356379	ASPM	2138	RISYHTMRKAA		hprd	967
ENSP00000356379	ASPM	482	DISSHSHNKQP		hprd	967
ENSP00000357643	MKI67	1636	RRLKTSLGKVG		hprd	846
ENSP00000357643	MKI67	3207	SRKTKSQPAAS		hprd	846
ENSP00000357643	MKI67	2509	TSGETTQTHTE		hprd	846
ENSP00000357643	MKI67	1120	SEESMTDEKTT		hprd	846
ENSP00000260753	KIF20B	1031	EIVKASSKKSH		hprd	787
ENSP00000260753	KIF20B	321	QWIQVSDSKEA		hprd	787
ENSP00000378356	KIF20A	534	LQVSPSLEKGA		hprd	894
ENSP00000265748	ANLN	261	EATFCSQRDGD		hprd	913
ENSP00000265748	ANLN	368	TTPGGTGIKPF		hprd	913
ENSP00000265748	ANLN	536	SLKVTSDPKVE		hprd	913
ENSP00000265465	POLA2	158	PSATPSQKYNS		hprd	401
ENSP00000234626	CDC7	512	QYSGNSFKKGD		hprd	760
ENSP00000335463	CASC5	1869	STYRSSQMESQ		hprd	928
ENSP00000271452	NUF2	261	EKMKDTVQKLK		hprd	991
ENSP00000367276	CKAP2	211	KKLSATIPKAT		hprd	828
ENSP00000367276	CKAP2	280	TSANVTIRKGP		hprd	828
ENSP00000367276	CKAP2	305	VKTSSSQGIIR		hprd	828
ENSP00000334675	ERCC6L	1153	GETLSSENKSS		hprd	681
ENSP00000334675	ERCC6L	1062	KQFDASTPKND		hprd	681
ENSP00000334675	ERCC6L	1077	GRFFSSQIPSS		hprd	681
ENSP00000328228	CDCA2	561	SQVLKSCRKKK		hprd	846
ENSP00000316121	CDCA8	180	GRLEVSMVKPT		hprd	985
ENSP00000310842	FANCI	937	RALDVTDKEGE		hprd	768
ENSP00000281453	MLF1IP	204	NLAIESQSKTQ		hprd	812
ENSP00000269214	ESCO1	184	VLEVKSDSKED		hprd	432
ENSP00000377793	PRC1	267	TIMSGSKAKVR		hprd	901
ENSP00000355958	DTL	539	VSQKSSQAEAC		hprd	911
