name	TYK2
id	ENSP00000264818
type	Tyrosine kinase
proline+1_removed	No
npartners	196
npartners_with_sites	130
nsites	85
//
motif	score	fg_matches	fg_size	bg_matches	bg_size	fold_increase
....DY.....	8.49	57	485	500	10000	2.35
.....Y..M..	6.25	27	428	198	9500	3.03
//
prot_id	prot_name	position	flank	kinase	source	string_score
ENSP00000295897	ALB	108	TLRETYGEMAD		pelm;psite	430
ENSP00000295897	ALB	365	RRHPDYSVVLL		psite	430
ENSP00000295897	ALB	476	PCAEDYLSVVL		psite	430
ENSP00000264033	CBL	371	EQYELYCEMGS	INSR	hprd;pelm;psite	945
ENSP00000264033	CBL	731	IDSCTYEAMYN	EGFR;FYN;LCK;SRC;SYK;YES1	hprd;pelm;psite	945
ENSP00000264122	CBLB	363	EQYELYCEMGS		psite	800
ENSP00000264122	CBLB	802	RTPSDYDLLIP		psite	800
ENSP00000264122	CBLB	889	RTSQDYDQLPS		pelm;psite	800
ENSP00000270279	CBLC	341	EQLQLYWAMDS	SRC	psite	800
ENSP00000354566	CD3E	188	VPNPDYEPIRK	FYN;LCK	hprd;pelm;psite	904
ENSP00000356346	PTPRC	689	ILPYDYNRVEL		psite	729
ENSP00000356346	PTPRC	790	KRCPDYIIQKL		psite	729
ENSP00000356346	PTPRC	980	VIPYDYNRVPL		psite	729
ENSP00000301843	CTTN	154	ASQKDYSSGFG		psite	826
ENSP00000301843	CTTN	178	AVGFDYQGKTE		psite	826
ENSP00000301843	CTTN	228	ESQKDYVKGFG		psite	826
ENSP00000301843	CTTN	265	ESQKDYKTGFG		psite	826
ENSP00000301843	CTTN	289	AVGFDYKEKLA		hprd;psite	826
ENSP00000301843	CTTN	302	ESQQDYSKGFG		psite	826
ENSP00000301843	CTTN	453	MEAADYREASS		hprd;pelm;psite	826
ENSP00000346300	CRKL	48	TCPGDYVLSVS		psite	733
ENSP00000384053	CSF2RB	822	QQVGDYCFLPG	LYN	pelm;psite	843
ENSP00000384053	CSF2RB	882	LKQQDYLSLPP	LYN	psite	843
ENSP00000286301	CSF1R	699	EGGVDYKNIHL	CSF1R	pelm;psite	454
ENSP00000286301	CSF1R	723	QGVDTYVEMRP		hprd;pelm;psite	454
ENSP00000286301	CSF1R	923	RRERDYTNLPS		psite	454
ENSP00000303939	CTLA4	201	LTTGVYVKMPP	FYN;JAK2;TXK	hprd;pelm;psite	668
ENSP00000226004	DUSP3	138	TLVIAYLMMRQ	SYK;ZAP70	hprd;pelm;psite	809
ENSP00000222139	EPOR	468	GISTDYSSGDS	JAK2	hprd;psite	899
ENSP00000306245	FOS	10	GFNADYEASSS		psite	947
ENSP00000339007	GRB2	52	FIPKNYIEMKP	JAK2	psite	515
ENSP00000343957	IFNAR2	316	KKVWDYNYDDE		psite	976
ENSP00000343957	IFNAR2	411	FPEEDYSSTEG		pelm;psite	976
ENSP00000216797	NFKBIA	42	MKDEEYEQMVK	INSR;LCK;SRC	hprd;pelm;psite	912
ENSP00000233946	IL1R1	496	EKIQDYEKMPE		pelm;psite	922
ENSP00000306157	IL7R	449	NQEEAYVTMSS		hprd;pelm;psite	832
ENSP00000304895	IRS1	465	EELSNYICMGG		psite	769
ENSP00000304895	IRS1	612	HTDDGYMPMSP	JAK1	hprd;pelm;psite	769
ENSP00000304895	IRS1	632	KGSGDYMPMSP	JAK1	hprd;pelm;psite	769
ENSP00000304895	IRS1	662	VDPNGYMMMSP	JAK1	hprd;pelm;psite	769
ENSP00000304895	IRS1	941	TGTEEYMKMDL		hprd;psite	769
ENSP00000304895	IRS1	989	SSRGDYMTMQM		psite	769
ENSP00000365016	IRS2	540	GGGEFYGYMTM		psite	748
ENSP00000365016	IRS2	542	GEFYGYMTMDR		psite	748
ENSP00000365016	IRS2	598	ASLDEYTLMRA		psite	748
ENSP00000365016	IRS2	632	PYPEDYGDIEI	INSR	hprd;psite	748
ENSP00000365016	IRS2	653	GADDGYMPMTP		hprd;pelm;psite	748
ENSP00000365016	IRS2	675	CRSDDYMPMSP		hprd;pelm;psite	748
ENSP00000365016	IRS2	742	PEDSGYMRMWC		hprd;pelm;psite	748
ENSP00000365016	IRS2	766	LPNGDYLNVSP		psite	748
ENSP00000365016	IRS2	823	GDSDQYVLMSS		hprd;pelm;psite	748
ENSP00000365016	IRS2	978	SPLSDYMNLDF		hprd;psite	748
ENSP00000343204	JAK1	993	CKGMDYLGSRQ		psite	984
ENSP00000343204	JAK1	1125	CPDEVYQLMRK		psite	984
ENSP00000371067	JAK2	221	AKIQDYHILTR	JAK2	hprd;psite	909
ENSP00000371067	JAK2	570	REVGDYGQLHE	JAK2	hprd;pelm;psite	909
ENSP00000371067	JAK2	790	NNCMDYEPDFR		psite	909
ENSP00000371067	JAK2	813	LFTPDYELLTE	JAK2	hprd;pelm;psite	909
ENSP00000371067	JAK2	940	GSLRDYLQKHK		psite	909
ENSP00000298622	JAKMIP3	728	DEELDYRKQAL		psite	462
ENSP00000337825	LCK	470	CPEELYQLMRL		psite	915
ENSP00000337825	LCK	489	RPTFDYLRSVL		psite	915
ENSP00000361548	MPL	591	QAQMDYRRLQP		psite	877
ENSP00000381599	MX1	129	VSYQDYEIEIS		hprd;pelm;psite	412
ENSP00000261799	PDGFRB	692	GDLVDYLHRNK		psite	656
ENSP00000261799	PDGFRB	740	ESDGGYMDMSK	PDGFRB	hprd;pelm;psite	656
ENSP00000261799	PDGFRB	751	DESVDYVPMLD	PDGFRB	hprd;pelm;psite	656
ENSP00000261799	PDGFRB	934	ASDEIYEIMQK	ABL1	hprd;psite	656
ENSP00000261799	PDGFRB	1021	EGDNDYIIPLP	PDGFRB	hprd;pelm;psite	656
ENSP00000289153	PIK3CB	246	VSPYDYVLQVS		psite	899
ENSP00000274335	PIK3R1	203	IPAAVYSEMIS	RET	psite	960
ENSP00000274335	PIK3R1	368	KMHGDYTLTLR	INSR	hprd;pelm;psite	960
ENSP00000222254	PIK3R2	605	ETEDQYALMED		hprd;psite	804
ENSP00000371432	PRLR	509	AKPLDYVEIHK		psite	864
ENSP00000371432	PRLR	611	LGGLDYLDPAC		hprd;pelm;psite	864
ENSP00000319169	PRMT5	307	KGYEDYLQSPL	JAK2	psite	629
ENSP00000248594	PTPN12	88	SQDSDYINANF		psite	411
ENSP00000360683	PTPN1	66	QEDNDYINASL	EGFR	hprd;pelm;psite	973
ENSP00000391592	PTPN6	301	IPGSDYINANY		psite	990
ENSP00000340944	PTPN11	62	QNTGDYYDLYG		hprd;pelm;psite	965
ENSP00000340944	PTPN11	304	EPVSDYINANI		pelm;psite	965
ENSP00000293328	STAT5B	392	NTRNDYSGEIL		psite	926
ENSP00000344818	UBC	59	RTLSDYNIQKE		psite	693
ENSP00000264657	STAT3	657	EIIMGYKIMDA		hprd	996
ENSP00000304895	IRS1	732	PCTGDYMNMSP	JAK1	hprd	769
