name	UHMK1
id	ENSP00000420270
type	Serine/threonine kinase
proline+1_removed	No
npartners	5
npartners_with_sites	5
nsites	14
//
motif	score	fg_matches	fg_size	bg_matches	bg_size	fold_increase
.....[ST]P....	6.22	14	50	578	10000	4.84
//
prot_id	prot_name	position	flank	kinase	source	string_score
ENSP00000228872	CDKN1B	10	RVSNGSPSLER	AKT1;CAMK2A;CDK6;HIPK2;MAPK1;UHMK1	hprd;pelm;psite	851
ENSP00000228872	CDKN1B	178	NVSDGSPNAGS	MAPK1	pelm;psite	851
ENSP00000228872	CDKN1B	187	GSVEQTPKKPG	CDK2;CDK6;MAPK1;MAPK3	hprd;pelm;psite	851
ENSP00000410452	STMN1	25	FELILSPRSKE	CDK1;CDK2;MAPK13;MAPK3;PRKCB	hprd;pelm;psite	662
ENSP00000410452	STMN1	38	PEFPLSPPKKK	CDK1;CDK2;MAPK13;MAPK3;PAK1;PRKCB;UHMK1	hprd;pelm;psite	662
ENSP00000295987	SYN1	39	PPGAHSPGATP		pelm;psite	808
ENSP00000295987	SYN1	67	SPAAPSPGSSG	CDK5	hprd;psite	808
ENSP00000295987	SYN1	427	RQRDASPGRGS		pelm;psite	808
ENSP00000295987	SYN1	436	GSHGQTPSPGA		psite	808
ENSP00000295987	SYN1	438	HGQTPSPGALP	UHMK1	pelm;psite	808
ENSP00000295987	SYN1	551	ARPPASPSPQR	CDK5	hprd;pelm;psite	808
ENSP00000295987	SYN1	553	PPASPSPQRQA	CDK5	hprd;pelm;psite	808
ENSP00000295987	SYN1	510	PQRLPSPTSAP		hprd	808
ENSP00000295987	SYN1	62	VAPAASPAAPS	CDK5	hprd	808
