name	ULK1
id	ENSP00000324560
type	Serine/threonine kinase
proline+1_removed	Yes
npartners	50
npartners_with_sites	40
nsites	48
//
motif	score	fg_matches	fg_size	bg_matches	bg_size	fold_increase
..R..[ST].....	8.18	47	360	483	9383	2.54
//
prot_id	prot_name	position	flank	kinase	source	string_score
ENSP00000318313	AMBRA1	297	TLRNLSLGPTR		psite	916
ENSP00000346148	PRKAA1	511	PQRSGSVSNYR	PRKAA1	hprd;pelm;psite	763
ENSP00000346148	PRKAA1	523	CQRSDSDAEAQ		hprd;psite	763
ENSP00000360290	PRKAA2	491	PQRSCSAAGLH		psite	482
ENSP00000360290	PRKAA2	500	LHRPRSSFDST		hprd;psite	482
ENSP00000375872	ATG16L1	265	ISRAATKRLSQ		psite	641
ENSP00000375872	ATG16L1	289	GRRSVSSFPVP		hprd;pelm;psite	641
ENSP00000353010	ATG2B	497	PSRSVSVDESR		hprd;psite	562
ENSP00000353010	ATG2B	1396	SGRSSSRGPVL		psite	562
ENSP00000355173	ATG9A	735	WHRRESDESGE		hprd;pelm;psite	612
ENSP00000355173	ATG9A	761	IPRSASYPCAA		psite	612
ENSP00000355231	BECN1	90	PARMMSTESAN		psite	755
ENSP00000355231	BECN1	234	YQREYSEFKRQ		psite	755
ENSP00000355231	BECN1	295	LGRLPSVPVEW		psite	755
ENSP00000348578	G3BP1	250	DLRTFSWASVT		psite	791
ENSP00000348578	G3BP1	373	ELRINSGGKLP		hprd;pelm;psite	791
ENSP00000388241	KIF26A	806	SDRELTDNEGP		psite	485
ENSP00000388241	KIF26A	1726	LGRKPSLPGQW		psite	485
ENSP00000354558	MTOR	1821	KLRHASGANIT		psite	989
ENSP00000354558	MTOR	2444	NKRSRTRTDSY		hprd;psite	989
ENSP00000354558	MTOR	2446	RSRTRTDSYSA	AKT1;RPS6KB1	hprd;pelm;psite	989
ENSP00000354558	MTOR	2448	RTRTDSYSAGQ	AKT1;RPS6KB1	hprd;pelm;psite	989
ENSP00000347379	OCLN	370	QPRYSSGGNFE		psite	619
ENSP00000262039	PIK3C3	165	PGRTSSTLSED		psite	534
ENSP00000349205	PIK3R4	894	PPRSESSAGIC		hprd;psite	609
ENSP00000307272	RPTOR	719	TPRLRSVSSYG	RPS6KA1	hprd;pelm;psite	932
ENSP00000307272	RPTOR	721	RLRSVSSYGNI	RPS6KA1	psite	932
ENSP00000307272	RPTOR	792	MRRASSYSSLN	PRKAA1	pelm;psite	932
ENSP00000307272	RPTOR	908	SGRPGTTGPAG	ICK	psite	932
ENSP00000025008	RB1CC1	222	LGRLDSLPEHE		hprd;psite	996
ENSP00000025008	RB1CC1	1482	NQRLMSQSMSS		psite	996
ENSP00000296343	KIAA0226	248	ERRSTSFPLSG		psite	433
ENSP00000296343	KIAA0226	388	VLRRSSFSEGQ		psite	433
ENSP00000296343	KIAA0226	410	HIRSHSDTSIA		hprd;psite	433
ENSP00000296343	KIAA0226	469	MFRRPSEGQSL		psite	433
ENSP00000355177	RUSC2	513	PVRLGSLERML		psite	516
ENSP00000355177	RUSC2	519	LERMLSCPVRL		psite	516
ENSP00000355177	RUSC2	543	PRRVTSFAELA		psite	516
ENSP00000374455	SQSTM1	24	EIRRFSFCCSP		hprd;psite	462
ENSP00000374455	SQSTM1	49	CERLLSRVAAL		psite	462
ENSP00000388107	UBA52	57	DGRTLSDYNIQ		hprd;psite	461
ENSP00000354877	ULK2	148	NRRKSSVSGIR		psite	904
ENSP00000219473	USP10	76	LPRTPSYSISS		psite	599
ENSP00000348455	UVRAG	108	PDRLDTSVSCF		psite	567
ENSP00000348455	UVRAG	483	PKRQSSIFGGA		psite	567
ENSP00000348455	UVRAG	545	TERKITSLSSS		psite	567
ENSP00000403636	SYNGAP1	1073	LQRGKSQQLTV	CAMK2A	hprd	619
ENSP00000414259	SYNGAP1	1073	LQRGKSQQLTV	CAMK2A	hprd	569
