name	ULK2
id	ENSP00000354877
type	Serine/threonine kinase
proline+1_removed	Yes
npartners	59
npartners_with_sites	52
nsites	79
//
motif	score	fg_matches	fg_size	bg_matches	bg_size	fold_increase
..R..[ST].....	15.65	79	542	483	9383	2.83
//
prot_id	prot_name	position	flank	kinase	source	string_score
ENSP00000264335	YWHAE	64	SWRIISSIEQK		hprd;psite	462
ENSP00000248975	YWHAH	59	GARRSSWRVIS		pelm;psite	617
ENSP00000318313	AMBRA1	297	TLRNLSLGPTR		psite	540
ENSP00000346148	PRKAA1	511	PQRSGSVSNYR	PRKAA1	hprd;pelm;psite	471
ENSP00000346148	PRKAA1	523	CQRSDSDAEAQ		hprd;psite	471
ENSP00000229328	PRKAB1	24	TPRRDSSGGTK	PRKAA1	hprd;pelm;psite	579
ENSP00000229328	PRKAB1	25	PRRDSSGGTKD		psite	579
ENSP00000254101	PRKAB2	182	SCRDLSSSPPG		hprd;pelm;psite	451
ENSP00000287878	PRKAG2	97	PVRPKTSPGSP		psite	448
ENSP00000287878	PRKAG2	122	SPRRMSFSGIF		psite	448
ENSP00000287878	PRKAG2	131	IFRSSSKESSP		psite	448
ENSP00000287878	PRKAG2	151	GIRFFSRSRKT		psite	448
ENSP00000287878	PRKAG2	157	RSRKTSGLSSS		hprd;pelm;psite	448
ENSP00000375872	ATG16L1	265	ISRAATKRLSQ		psite	508
ENSP00000375872	ATG16L1	289	GRRSVSSFPVP		hprd;pelm;psite	508
ENSP00000353010	ATG2B	497	PSRSVSVDESR		hprd;psite	499
ENSP00000353010	ATG2B	1396	SGRSSSRGPVL		psite	499
ENSP00000355173	ATG9A	735	WHRRESDESGE		hprd;pelm;psite	474
ENSP00000355173	ATG9A	761	IPRSASYPCAA		psite	474
ENSP00000355231	BECN1	90	PARMMSTESAN		psite	538
ENSP00000355231	BECN1	234	YQREYSEFKRQ		psite	538
ENSP00000355231	BECN1	295	LGRLPSVPVEW		psite	538
ENSP00000324464	CSNK1D	361	SPRPVSGMERE		hprd;pelm;psite	521
ENSP00000324464	CSNK1D	406	PGRVASSGLQS		hprd;psite	521
ENSP00000387699	CREB1	98	LKRLFSGTQIS	PRKD1	psite	521
ENSP00000387699	CREB1	133	LSRRPSYRKIL	ATM;CAMK4;CAMKK1;DYRK3;MAP3K8;MAPKAPK2;PRKACA;PRKCE;PRKD1;RPS6KA1;RPS6KA2;RPS6KA3;RPS6KA4;RPS6KA5;SGK1;TSSK4	hprd;pelm;psite	521
ENSP00000292385	DBN1	322	NHRPGSHLDSH		psite	521
ENSP00000292385	DBN1	341	PTRSPSDSSTA		hprd;pelm;psite	521
ENSP00000358866	FLNA	1286	DARALTQTGGP		psite	451
ENSP00000358866	FLNA	2152	RRRAPSVANVG	PAK1;PRKACA;RPS6KA1	hprd;pelm;psite	451
ENSP00000358866	FLNA	2336	DARRLTVSSLQ		hprd;psite	451
ENSP00000358866	FLNA	2523	GPRLVSNHSLH	CAMK2A;CAMK2G	hprd;pelm;psite	451
ENSP00000370737	GLDC	38	RSRDSSSGGGD		hprd;pelm;psite	521
ENSP00000330836	GLRX3	117	VQRHASSGSFL		psite	521
ENSP00000356811	HBS1L	127	QDRVQSLKDKN		hprd;psite	521
ENSP00000346694	HNRNPA2B1	85	AARPHSIDGRV		hprd;psite	462
ENSP00000346694	HNRNPA2B1	102	VAREESGKPGA		psite	462
ENSP00000346694	HNRNPA2B1	231	NFRGGSDGYGS		hprd;psite	462
ENSP00000388241	KIF26A	806	SDRELTDNEGP		psite	485
ENSP00000388241	KIF26A	1726	LGRKPSLPGQW		psite	485
ENSP00000385545	KIF26B	828	RMRRPTQLRPF		psite	485
ENSP00000385545	KIF26B	2086	TERLESRVNFC		hprd;psite	485
ENSP00000278823	MTA2	52	RRRDISSSLNS		psite	617
ENSP00000278823	MTA2	587	GIRSSSQPAAK		psite	617
ENSP00000354558	MTOR	1821	KLRHASGANIT		psite	929
ENSP00000354558	MTOR	2444	NKRSRTRTDSY		hprd;psite	929
ENSP00000354558	MTOR	2446	RSRTRTDSYSA	AKT1;RPS6KB1	hprd;pelm;psite	929
ENSP00000354558	MTOR	2448	RTRTDSYSAGQ	AKT1;RPS6KB1	hprd;pelm;psite	929
ENSP00000349205	PIK3R4	894	PPRSESSAGIC		hprd;psite	486
ENSP00000300093	PLK1	137	LCRRRSLLELH	MAP3K8	pelm;psite	417
ENSP00000300093	PLK1	210	GERKKTLCGTP	AURKA;MAP3K8;STK10	hprd;pelm;psite	417
ENSP00000300093	PLK1	597	SSRSASNRLKA		psite	417
ENSP00000012443	PPP5C	105	YRRAASNMALG		psite	587
ENSP00000307272	RPTOR	719	TPRLRSVSSYG	RPS6KA1	hprd;pelm;psite	916
ENSP00000307272	RPTOR	721	RLRSVSSYGNI	RPS6KA1	psite	916
ENSP00000307272	RPTOR	792	MRRASSYSSLN	PRKAA1	pelm;psite	916
ENSP00000307272	RPTOR	908	SGRPGTTGPAG	ICK	psite	916
ENSP00000025008	RB1CC1	222	LGRLDSLPEHE		hprd;psite	995
ENSP00000025008	RB1CC1	1482	NQRLMSQSMSS		psite	995
ENSP00000296343	KIAA0226	248	ERRSTSFPLSG		psite	428
ENSP00000296343	KIAA0226	388	VLRRSSFSEGQ		psite	428
ENSP00000296343	KIAA0226	410	HIRSHSDTSIA		hprd;psite	428
ENSP00000296343	KIAA0226	469	MFRRPSEGQSL		psite	428
ENSP00000355177	RUSC2	513	PVRLGSLERML		psite	631
ENSP00000355177	RUSC2	519	LERMLSCPVRL		psite	631
ENSP00000355177	RUSC2	543	PRRVTSFAELA		psite	631
ENSP00000261531	SNW1	33	RSRQTSLVSSR		hprd;psite	521
ENSP00000324560	ULK1	467	IRRSGSTSPLG		hprd;pelm;psite	904
ENSP00000324560	ULK1	495	LARKMSLGGGR		psite	904
ENSP00000324560	ULK1	556	GCRLHSAPNLS		hprd;pelm;psite	904
ENSP00000324560	ULK1	660	PPRNRTLPDLS		psite	904
ENSP00000324560	ULK1	694	FGRSFSTSRLT		psite	904
ENSP00000324560	ULK1	775	RTRMFSAGPTG		psite	904
ENSP00000348455	UVRAG	108	PDRLDTSVSCF		psite	412
ENSP00000348455	UVRAG	483	PKRQSSIFGGA		psite	412
ENSP00000348455	UVRAG	545	TERKITSLSSS		psite	412
ENSP00000378857	WDR6	544	GDRRGSVLLFP		psite	587
ENSP00000403636	SYNGAP1	1073	LQRGKSQQLTV	CAMK2A	hprd	619
ENSP00000354742	IPO9	178	FTREVTDTQMP		hprd	521
