name	ULK3
id	ENSP00000400312
type	Serine/threonine kinase
proline+1_removed	Yes
npartners	9
npartners_with_sites	6
nsites	21
//
motif	score	fg_matches	fg_size	bg_matches	bg_size	fold_increase
..R..[ST].....	8.91	21	84	483	9383	4.86
//
prot_id	prot_name	position	flank	kinase	source	string_score
ENSP00000318313	AMBRA1	297	TLRNLSLGPTR		psite	412
ENSP00000228682	GLI1	84	KKRALSISPLS		psite	906
ENSP00000228682	GLI1	544	LERRSSSSSSI	PRKACA	psite	906
ENSP00000228682	GLI1	560	VSRRSSLASPF	PRKACA	psite	906
ENSP00000228682	GLI1	640	VTRRASDPAQA	PRKACA	psite	906
ENSP00000354586	GLI2	234	RKRALSISPLS		hprd;psite	621
ENSP00000354586	GLI2	808	QERRDSSTSTV		psite	621
ENSP00000354586	GLI2	824	VSRRSSGISPY		psite	621
ENSP00000354586	GLI2	941	GPRRGSDGPTY		psite	621
ENSP00000354586	GLI2	970	GARRASDPVRR		psite	621
ENSP00000345492	SH2B3	150	IFRRRSAGELP		hprd;psite	424
ENSP00000354558	MTOR	1821	KLRHASGANIT		psite	817
ENSP00000354558	MTOR	2444	NKRSRTRTDSY		hprd;psite	817
ENSP00000354558	MTOR	2446	RSRTRTDSYSA	AKT1;RPS6KB1	hprd;pelm;psite	817
ENSP00000354558	MTOR	2448	RTRTDSYSAGQ	AKT1;RPS6KB1	hprd;pelm;psite	817
ENSP00000347883	PLEKHA7	118	NQRPSSMVSET		psite	611
ENSP00000347883	PLEKHA7	481	STRHPSGGSSP		psite	611
ENSP00000347883	PLEKHA7	556	QGRSRSMLEVP		psite	611
ENSP00000347883	PLEKHA7	1013	ESRYQTLPGRG		psite	611
ENSP00000347883	PLEKHA7	1063	LERLYSGDHQR		psite	611
ENSP00000347883	PLEKHA7	1094	RERKRTLGQGE		psite	611
