name	VRK1
id	ENSP00000216639
type	Serine/threonine kinase
proline+1_removed	Yes
npartners	159
npartners_with_sites	139
nsites	616
//
motif	score	fg_matches	fg_size	bg_matches	bg_size	fold_increase
.....[ST]..EE.	314.85	46	1768	58	9383	4.21
.....[ST]Q....	14.03	161	1722	455	9325	1.92
K....[ST].....	10.8	154	1561	496	8870	1.76
.....[ST]..E..	9.29	134	1291	475	7996	1.75
...R.[ST].....	9.1	116	1407	378	8374	1.83
//
prot_id	prot_name	position	flank	kinase	source	string_score
ENSP00000371475	TP53BP1	30	LIIEDSQPESQ	ATM	hprd;pelm;psite	622
ENSP00000371475	TP53BP1	34	DSQPESQVLED	ATM	hprd;pelm;psite	622
ENSP00000371475	TP53BP1	68	VLDVVSNPEQT		psite	622
ENSP00000371475	TP53BP1	110	TCGSISQVIEQ		hprd;pelm;psite	622
ENSP00000371475	TP53BP1	171	EDTASSQLGFG		psite	622
ENSP00000371475	TP53BP1	181	GVLELSQSQDV		psite	622
ENSP00000371475	TP53BP1	183	LELSQSQDVEE		psite	622
ENSP00000371475	TP53BP1	227	KHEEQSNEDIP		hprd;pelm;psite	622
ENSP00000371475	TP53BP1	306	EPEVLSTQEDL		hprd;psite	622
ENSP00000371475	TP53BP1	307	PEVLSTQEDLF		hprd;pelm;psite	622
ENSP00000371475	TP53BP1	328	GCSTPSREEGG		hprd;pelm;psite	622
ENSP00000371475	TP53BP1	387	VPSSPTEQEGR		hprd;pelm;psite	622
ENSP00000371475	TP53BP1	400	KPMDTSVLSEE		hprd;pelm;psite	622
ENSP00000371475	TP53BP1	457	SLPIPSQPQFS		psite	622
ENSP00000371475	TP53BP1	523	CKLMLSTSEYS		hprd;psite	622
ENSP00000371475	TP53BP1	524	KLMLSTSEYSQ		hprd;psite	622
ENSP00000371475	TP53BP1	528	STSEYSQSPKM		hprd;pelm;psite	622
ENSP00000371475	TP53BP1	548	EDGENTQIEDT		hprd;pelm;psite	622
ENSP00000371475	TP53BP1	585	GEVQLSQNDDK		hprd;pelm;psite	622
ENSP00000371475	TP53BP1	630	TCDSGSQAVPS		hprd;pelm;psite	622
ENSP00000371475	TP53BP1	665	PEEGSSGSEVE		hprd;pelm;psite	622
ENSP00000371475	TP53BP1	701	LSLTETQSQGL		psite	622
ENSP00000371475	TP53BP1	703	LTETQSQGLCL		psite	622
ENSP00000371475	TP53BP1	789	EKCSDSQSWED	ATM	hprd;pelm;psite	622
ENSP00000371475	TP53BP1	809	ENRLDTKEEKS		psite	622
ENSP00000371475	TP53BP1	836	VEQDSSQPSLP		hprd;pelm;psite	622
ENSP00000371475	TP53BP1	860	LQQPQTQEKTS		hprd;pelm;psite	622
ENSP00000371475	TP53BP1	867	EKTSNSLTEDS		hprd;pelm;psite	622
ENSP00000371475	TP53BP1	882	AKQLSSDAEAQ		hprd;pelm;psite	622
ENSP00000371475	TP53BP1	897	PSAHASQSFCE		hprd;pelm;psite	622
ENSP00000371475	TP53BP1	899	AHASQSFCESS		psite	622
ENSP00000371475	TP53BP1	1073	LHFPSSQGEEE		hprd;pelm;psite	622
ENSP00000371475	TP53BP1	1091	HTIRQSQQPMK		hprd;psite	622
ENSP00000371475	TP53BP1	1109	PVSPASQKMVI		hprd;pelm;psite	622
ENSP00000371475	TP53BP1	1153	LIERPSQNNIG		psite	622
ENSP00000371475	TP53BP1	1176	TVSAATQTIKN		hprd;pelm;psite	622
ENSP00000371475	TP53BP1	1224	TESLHSQGEEE	ATM	hprd;pelm;psite	622
ENSP00000371475	TP53BP1	1295	TEVSPSQTGGS		hprd;pelm;psite	622
ENSP00000371475	TP53BP1	1321	SLHRTSSGTSL		hprd;pelm;psite	622
ENSP00000371475	TP53BP1	1347	LRGKTSGTEPA		hprd;pelm;psite	622
ENSP00000371475	TP53BP1	1373	PRKGVSQTGTP		hprd;pelm;psite	622
ENSP00000371475	TP53BP1	1455	DSTRRTDVGAG		hprd;psite	622
ENSP00000371475	TP53BP1	1465	GALRRSDSPEI		hprd;pelm;psite	622
ENSP00000371475	TP53BP1	1623	KAADISLDNLV		hprd;pelm;psite	622
ENSP00000371475	TP53BP1	1636	KRKRRSNVSSP		hprd;pelm;psite	622
ENSP00000371475	TP53BP1	1677	KRKLITSEEER		hprd;pelm;psite	622
ENSP00000371475	TP53BP1	1678	RKLITSEEERS		hprd;pelm;psite	622
ENSP00000371475	TP53BP1	1754	KLASRSKLPDG		hprd;pelm;psite	622
ENSP00000371475	TP53BP1	1763	DGPTGSSEEEE		hprd;pelm;psite	622
ENSP00000371475	TP53BP1	1764	GPTGSSEEEEE		hprd;pelm;psite	622
ENSP00000371475	TP53BP1	1783	KQYTESQLRAG	ATM	psite	622
ENSP00000296577	ABCE1	183	KAAKGTVGSIL		hprd;psite	419
ENSP00000265748	ANLN	54	NQQPLSGGEEK		hprd;pelm;psite	404
ENSP00000265748	ANLN	72	SKKRCSDNTEV		hprd;pelm;psite	404
ENSP00000265748	ANLN	225	FAKQNSVQEQP		psite	404
ENSP00000265748	ANLN	339	VKSTLSQTVPS		psite	404
ENSP00000265748	ANLN	418	KQDTSSSTTHL		hprd;pelm;psite	404
ENSP00000265748	ANLN	449	KGNIWSAEKGG		hprd;pelm;psite	404
ENSP00000265748	ANLN	483	QGVSKTQSLPV		hprd;psite	404
ENSP00000265748	ANLN	678	IDAYRSQRFKE		psite	404
ENSP00000265748	ANLN	688	ETERPSIKQVI		psite	404
ENSP00000265748	ANLN	795	KASPQSEFMPS		psite	404
ENSP00000356379	ASPM	170	HNRRVSNIQNV		hprd;psite	552
ENSP00000356379	ASPM	270	NVSKVSFNEKA		hprd;pelm;psite	552
ENSP00000356379	ASPM	348	FMKDNSQPVHL		hprd;pelm;psite	552
ENSP00000356379	ASPM	463	KSNYYSFIKQN		hprd;pelm;psite	552
ENSP00000356379	ASPM	577	ARKRKSDGSME		hprd;psite	552
ENSP00000356379	ASPM	1103	KGKRDSGSFEQ		hprd;pelm;psite	552
ENSP00000356379	ASPM	1105	KRDSGSFEQYS		hprd;psite	552
ENSP00000356379	ASPM	1516	KESILTIQKYY		psite	552
ENSP00000356379	ASPM	2069	ATYRASAIIIQ		psite	552
ENSP00000356379	ASPM	3003	LNVRASAIIIQ		psite	552
ENSP00000356379	ASPM	3235	KAIRLSLQVVN		hprd;psite	552
ENSP00000287394	ATAD2	60	KAGDGSSVKEV		psite	602
ENSP00000287394	ATAD2	61	AGDGSSVKEVE		psite	602
ENSP00000287394	ATAD2	165	IRSRYSGVNQS		psite	602
ENSP00000287394	ATAD2	336	PRYRLSSAGPR		hprd;pelm;psite	602
ENSP00000287394	ATAD2	971	EPRSLTAEEVK		hprd;psite	602
ENSP00000287394	ATAD2	1084	CALRDTAYAII		hprd;psite	602
ENSP00000287394	ATAD2	1139	VGDKRSDPEQN		psite	602
ENSP00000287394	ATAD2	1151	KLKTPSTPVAC		psite	602
ENSP00000287394	ATAD2	1200	DHKIESDTEET		hprd;psite	602
ENSP00000287394	ATAD2	1233	KQQNASESKLE		hprd;psite	602
ENSP00000287394	ATAD2	1235	QNASESKLELR		psite	602
ENSP00000287394	ATAD2	1277	GDASSSQIIHI		psite	602
ENSP00000287394	ATAD2	1302	TRARRSQVEQQ		hprd;pelm;psite	602
ENSP00000264110	ATF2	121	TPIIRSKIEEP	PRKCA;PRKCB	psite	675
ENSP00000264110	ATF2	283	LKAALTQQHPP		psite	675
ENSP00000264110	ATF2	305	SGLVRTQSEES		psite	675
ENSP00000264110	ATF2	336	HTTPQTQSTSG		psite	675
ENSP00000264110	ATF2	490	TEPALSQIVMA	ATM	pelm;psite	675
ENSP00000264110	ATF2	498	VMAPSSQSQPS	ATM	pelm;psite	675
ENSP00000216911	AURKA	10	KENCISGPVKA	AURKA	pelm;psite	429
ENSP00000216911	AURKA	104	KQPLPSAPENN	AURKA	pelm;psite	429
ENSP00000216911	AURKA	266	NLLLGSAGELK	AURKA	pelm;psite	429
ENSP00000216911	AURKA	287	PSSRRTTLCGT	AURKA	hprd;pelm;psite	429
ENSP00000216911	AURKA	288	SSRRTTLCGTL	AURKA;PAK1;PRKACA	hprd;pelm;psite	429
ENSP00000216911	AURKA	342	TYKRISRVEFT	AURKA;PAK1	pelm;psite	429
ENSP00000216911	AURKA	369	LKHNPSQRPML		hprd;pelm;psite	429
ENSP00000316121	CDCA8	152	PSKKRTQSIQG		psite	402
ENSP00000316121	CDCA8	154	KKRTQSIQGKG	AURKB	hprd;psite	402
ENSP00000316121	CDCA8	165	KGKRSSRANTV	AURKB	hprd;psite	402
ENSP00000316121	CDCA8	230	KEIFLTVPVGG	TTK	pelm;psite	402
ENSP00000350283	BRCA1	454	SKSVESNIEDK		psite	408
ENSP00000350283	BRCA1	509	RKRRPTSGLHP	AKT1	hprd;pelm;psite	408
ENSP00000350283	BRCA1	510	KRRPTSGLHPE		psite	408
ENSP00000350283	BRCA1	551	MNITNSGHENK		psite	408
ENSP00000350283	BRCA1	615	RLRRKSSTRHI		psite	408
ENSP00000350283	BRCA1	753	KDLMLSGERVL		hprd;pelm;psite	408
ENSP00000350283	BRCA1	803	PNKCVSQCAAF		psite	408
ENSP00000350283	BRCA1	1143	GSSHASQVCSE	ATR	hprd;psite	408
ENSP00000350283	BRCA1	1211	AKKLESSEENL		hprd;pelm;psite	408
ENSP00000350283	BRCA1	1212	KKLESSEENLS		hprd;pelm;psite	408
ENSP00000350283	BRCA1	1218	EENLSSEDEEL		hprd;pelm;psite	408
ENSP00000350283	BRCA1	1239	VNNIPSQSTRH		hprd;pelm;psite	408
ENSP00000350283	BRCA1	1245	QSTRHSTVATE		hprd;pelm;psite	408
ENSP00000350283	BRCA1	1280	ILAKASQEHHL	ATR	hprd;psite	408
ENSP00000350283	BRCA1	1330	RHQSESQGVGL	ATM	hprd;pelm;psite	408
ENSP00000350283	BRCA1	1336	QGVGLSDKELV		hprd;pelm;psite	408
ENSP00000350283	BRCA1	1342	DKELVSDDEER		hprd;pelm;psite	408
ENSP00000350283	BRCA1	1387	CSGLSSQSDIL	ATM	hprd;pelm;psite	408
ENSP00000350283	BRCA1	1423	LEQHGSQPSNS	ATM;ATR	hprd;pelm;psite	408
ENSP00000350283	BRCA1	1457	KAVLTSQKSSE	ATM;ATR	hprd;pelm;psite	408
ENSP00000350283	BRCA1	1466	SEYPISQNPEG	ATM	hprd;pelm;psite	408
ENSP00000350283	BRCA1	1524	NRNYPSQEELI	ATM;ATR	hprd;pelm;psite	408
ENSP00000350283	BRCA1	1720	SYFWVTQSIKE		hprd;pelm;psite	408
ENSP00000302530	BUB1	314	EDLPASQERSE	ATM	hprd;pelm;psite	520
ENSP00000302530	BUB1	331	GPSVGSQQELR		psite	520
ENSP00000302530	BUB1	411	GCVNKSTHEFK		psite	520
ENSP00000302530	BUB1	511	KNVRSSGAWGV		hprd;psite	520
ENSP00000302530	BUB1	640	QATLDSCEENM		psite	520
ENSP00000302530	BUB1	668	KQALSSHMYSA		psite	520
ENSP00000302530	BUB1	679	SLLRLSQPAAG		psite	520
ENSP00000287598	BUB1B	434	EAELLTSAEKR		hprd;psite	527
ENSP00000287598	BUB1B	733	RQLLKSLPELS		pelm;psite	527
ENSP00000287598	BUB1B	1042	KVGKLTSPGAL		hprd;psite	527
ENSP00000230340	BYSL	55	VGPRLSRRILQ		psite	411
ENSP00000230340	BYSL	87	PRERTTRLGPR		psite	411
ENSP00000230340	BYSL	98	MPQDGSDDEDE		hprd;pelm;psite	411
ENSP00000265295	SPDL1	487	PQKEETQSCPN		hprd;pelm;psite	450
ENSP00000256442	CCNB1	9	RVTRNSKINAE		hprd;psite	690
ENSP00000256442	CCNB1	69	KEAKPSATGKV		hprd;psite	690
ENSP00000288207	CCNB2	8	LLRRPTVSSDL		psite	453
ENSP00000288207	CCNB2	11	RPTVSSDLENI		psite	453
ENSP00000288207	CCNB2	99	TPEDVSMKEEN		hprd;pelm;psite	453
ENSP00000288207	CCNB2	220	ALLLASKYEEM		psite	453
ENSP00000209728	CDC6	127	SSVRKSQEITT		hprd;psite	454
ENSP00000209728	CDC6	166	KLVLNTAVPDR		hprd;psite	454
ENSP00000265148	CENPE	422	RKRRVTWCLGK		hprd;pelm;psite	486
ENSP00000265148	CENPE	454	KTHKLSINLLR		hprd;pelm;psite	486
ENSP00000265148	CENPE	1211	KELQKSFETER		hprd;pelm;psite	486
ENSP00000265148	CENPE	1268	AQIINTQDLEK		hprd;pelm;psite	486
ENSP00000265148	CENPE	2363	QVNPTTQDNKN		hprd;psite	486
ENSP00000265148	CENPE	2389	RELENSLHEAK		hprd;psite	486
ENSP00000355922	CENPF	156	TPLTPSQYYSG	CDK2	hprd;pelm;psite	452
ENSP00000355922	CENPF	268	KRDANSSFFDN		hprd;pelm;psite	452
ENSP00000355922	CENPF	422	MKARLTQELQQ		hprd;psite	452
ENSP00000355922	CENPF	480	NELRRSMEEMK		psite	452
ENSP00000355922	CENPF	743	KLQLLSNEIMD		hprd;psite	452
ENSP00000355922	CENPF	773	KSKDASLVTNE		hprd;psite	452
ENSP00000355922	CENPF	940	HLLEDSLKELQ		psite	452
ENSP00000355922	CENPF	1010	DEREKSISELS		hprd;psite	452
ENSP00000355922	CENPF	1255	LQDMQSQEISG		hprd;pelm;psite	452
ENSP00000355922	CENPF	1282	HELSTSQNDNA		hprd;pelm;psite	452
ENSP00000355922	CENPF	1324	TELNDSRSECI		hprd;pelm;psite	452
ENSP00000355922	CENPF	1850	KLEYFSCDHQE		psite	452
ENSP00000355922	CENPF	1868	SEGLNSDLEMH		hprd;psite	452
ENSP00000355922	CENPF	1892	AKVNDSWKERF		hprd;pelm;psite	452
ENSP00000355922	CENPF	2080	LQARLSESDYE		hprd;psite	452
ENSP00000355922	CENPF	2082	ARLSESDYEKL		hprd;psite	452
ENSP00000355922	CENPF	2189	VETLKTQIEEM		psite	452
ENSP00000355922	CENPF	2377	KIEGMTQSLRG		hprd;psite	452
ENSP00000355922	CENPF	2416	LEIINSSFENI		hprd;pelm;psite	452
ENSP00000355922	CENPF	2542	LVSKLSQVEGE		hprd;pelm;psite	452
ENSP00000355922	CENPF	2606	KMDKMSFVEKV		hprd;psite	452
ENSP00000355922	CENPF	2615	KVNKMTAKETE		hprd;psite	452
ENSP00000355922	CENPF	2922	TEKRLSSGQNK		hprd;psite	452
ENSP00000355922	CENPF	2936	KRQRSSGIWEN		hprd;psite	452
ENSP00000355922	CENPF	3005	YILRRTTMATR		psite	452
ENSP00000360540	CEP55	52	GKGKLTDKERH		psite	491
ENSP00000360540	CEP55	285	NQLLYSQRRAD		psite	491
ENSP00000360540	CEP55	436	AALNESLVECP	PLK1	hprd;pelm;psite	491
ENSP00000367276	CKAP2	15	LQLPPSQRAQS		hprd;psite	431
ENSP00000367276	CKAP2	39	LLRRKTLFAYK		psite	431
ENSP00000367276	CKAP2	178	KPVLGSYRGQI		psite	431
ENSP00000367276	CKAP2	596	KYNVSTTPYLQ		hprd;pelm;psite	431
ENSP00000367276	CKAP2	628	TPVRRSRRLQE	AURKB	psite	431
ENSP00000311083	CKS1B	51	LGVQQSQGWVH		psite	448
ENSP00000240316	COIL	226	GSARNSLVKAK		psite	715
ENSP00000240316	COIL	271	LEARNSSEKLP		hprd;pelm;psite	715
ENSP00000240316	COIL	571	SPSNTSSTEPA		hprd;psite	715
ENSP00000387699	CREB1	100	RLFSGTQISTI	ATM	hprd;psite	817
ENSP00000387699	CREB1	111	AESEDSQESVD	ATM;CSNK1A1;CSNK2A1	hprd;pelm;psite	817
ENSP00000387699	CREB1	121	DSVTDSQKRRE	ATM;ATR	hprd;pelm;psite	817
ENSP00000387699	CREB1	133	LSRRPSYRKIL	ATM;CAMK4;CAMKK1;DYRK3;MAP3K8;MAPKAPK2;PRKACA;PRKCE;PRKD1;RPS6KA1;RPS6KA2;RPS6KA3;RPS6KA4;RPS6KA5;SGK1;TSSK4	hprd;pelm;psite	817
ENSP00000387699	CREB1	156	IEEEKSEEETS	CSNK1A1	psite	817
ENSP00000265728	DBF4	273	KLRIQTDGDKY		psite	523
ENSP00000265728	DBF4	282	KYGGTSIQLQL		psite	523
ENSP00000265728	DBF4	354	KRIKYSVGSLS		hprd;pelm;psite	523
ENSP00000265728	DBF4	381	ELQHISQKDCQ		hprd;psite	523
ENSP00000265728	DBF4	413	KLLFISEPIPH		psite	523
ENSP00000265728	DBF4	449	IRQNFTQLPLH	ATM;ATR	psite	523
ENSP00000265728	DBF4	502	TDNSGSQPKQK	ATM;ATR	psite	523
ENSP00000265728	DBF4	510	KQKSDTVLFPA		psite	523
ENSP00000265728	DBF4	539	ITINSSQEHLT	ATM;ATR	hprd;psite	523
ENSP00000265036	DEPDC1B	160	WYKRHSIAIGE		psite	406
ENSP00000247191	DLGAP5	67	ELDETSQGLVP		psite	637
ENSP00000247191	DLGAP5	219	KQVPRTVSSTT		hprd;pelm;psite	637
ENSP00000247191	DLGAP5	402	KNEATTKNLNG		psite	637
ENSP00000247191	DLGAP5	634	SSEGPSQRLGT		hprd;psite	637
ENSP00000247191	DLGAP5	689	IPESRSSIEDA		hprd;pelm;psite	637
ENSP00000247191	DLGAP5	690	PESRSSIEDAQ		hprd;pelm;psite	637
ENSP00000247191	DLGAP5	720	KVDCLSSERMS		hprd;pelm;psite	637
ENSP00000247191	DLGAP5	725	SSERMSLPLLA	AURKA	hprd;pelm;psite	637
ENSP00000247191	DLGAP5	774	EKNTASQNSIL		hprd;psite	637
ENSP00000247191	DLGAP5	777	TASQNSILEEG		hprd;pelm;psite	637
ENSP00000247191	DLGAP5	787	GETKISQSELF		hprd;psite	637
ENSP00000345571	E2F1	31	RLLDSSQIVII	ATM;ATR	hprd;pelm;psite	803
ENSP00000232458	ECT2	15	TTGRTSLADSS		psite	405
ENSP00000232458	ECT2	40	LIGSTSYVEEE		hprd;pelm;psite	405
ENSP00000232458	ECT2	375	PRKRPSAEHSL		psite	405
ENSP00000232458	ECT2	848	VMSRLSSTSSL		psite	405
ENSP00000363559	EIF6	239	TSMRDSLIDSL		hprd;pelm;psite	438
ENSP00000368984	EXOSC9	306	APIDTSDVEEK		hprd;pelm;psite	426
ENSP00000368984	EXOSC9	353	GDLEDSEKEDD		psite	426
ENSP00000368984	EXOSC9	411	IILSDSEEEEM	CSNK2A1	hprd;pelm;psite	426
ENSP00000310842	FANCI	556	GSLSSSQCSQS	ATM	psite	534
ENSP00000310842	FANCI	559	SSSQCSQSLSV	ATM	psite	534
ENSP00000310842	FANCI	730	KSADFSQSTSI	ATM	hprd;pelm;psite	534
ENSP00000310842	FANCI	800	KMANKTSDSLL		psite	534
ENSP00000310842	FANCI	952	ADVSVTQRTAF		hprd;pelm;psite	534
ENSP00000310842	FANCI	972	LNLLSSQEEDF	ATM	psite	534
ENSP00000310842	FANCI	1121	SEEASSQATLP	ATM	hprd;pelm;psite	534
ENSP00000305480	FEN1	195	LMRHLTASEAK	CHEK1	hprd;psite	567
ENSP00000305480	FEN1	255	IQKHKSIEEIV		psite	567
ENSP00000305480	FEN1	331	KRLSKSRQGST		psite	567
ENSP00000305480	FEN1	335	KSRQGSTQGRL		hprd;psite	567
ENSP00000305480	FEN1	336	SRQGSTQGRLD		psite	567
ENSP00000230056	GMNN	184	ETVEDSLVEDS	CSNK2A1	psite	695
ENSP00000341848	GOLGB1	38	ELHQESDMEFN		hprd;pelm;psite	621
ENSP00000341848	GOLGB1	45	MEFNNTTQEDV		hprd;pelm;psite	621
ENSP00000341848	GOLGB1	46	EFNNTTQEDVQ		hprd;pelm;psite	621
ENSP00000341848	GOLGB1	138	SKHDKSSTEEE		hprd;psite	621
ENSP00000341848	GOLGB1	538	ANKRSSSAEES		hprd;pelm;psite	621
ENSP00000341848	GOLGB1	553	LENTFSQKHKE		psite	621
ENSP00000341848	GOLGB1	560	KHKELSVLLLE		psite	621
ENSP00000341848	GOLGB1	642	KEQASTEHQSR		psite	621
ENSP00000341848	GOLGB1	2438	KAVDKTNQLME		hprd;psite	621
ENSP00000341848	GOLGB1	3037	TQLNDSLKEIH		psite	621
ENSP00000341848	GOLGB1	3056	LNSNFSQLLEE		psite	621
ENSP00000358151	HIST2H2BE	89	YNKRSTITSRE		psite	621
ENSP00000358151	HIST2H2BE	91	KRSTITSREIQ		psite	621
ENSP00000254810	H3F3B	11	QTARKSTGGKA	AURKB;FYN;PRKACA	hprd;pelm;psite	874
ENSP00000355778	H3F3A	11	QTARKSTGGKA	AURKB;FYN;PRKACA	hprd;pelm;psite	873
ENSP00000254810	H3F3B	29	KAARKSAPSTG	AURKB;MAPK9;PRKACA	hprd;pelm;psite	874
ENSP00000355778	H3F3A	29	KAARKSAPSTG	AURKB;MAPK9;PRKACA	hprd;pelm;psite	873
ENSP00000264108	HAT1	343	LVTDMSDAEQY		psite	572
ENSP00000261597	NDC80	15	GAGRLSMQELR	AURKB	psite	668
ENSP00000261597	NDC80	62	FGKRTSGHGSR		hprd;pelm;psite	668
ENSP00000261597	NDC80	69	HGSRNSQLGIF	AURKB	hprd;psite	668
ENSP00000261597	NDC80	502	KRSVRTLKEEV		psite	668
ENSP00000239027	HELLS	115	KKGKNSIDASE		hprd;psite	512
ENSP00000239027	HELLS	188	IKDRLSETVRQ		hprd;psite	512
ENSP00000239027	HELLS	515	RRTRKSINYSK		psite	512
ENSP00000239027	HELLS	519	KSINYSKIDDF		psite	512
ENSP00000239027	HELLS	832	ENSEDSSPECL		hprd;psite	512
ENSP00000358154	HIST2H3C	11	QTARKSTGGKA		psite	731
ENSP00000358154	HIST2H3C	29	KAARKSAPATG		psite	731
ENSP00000296503	HMGB2	35	KHPDSSVNFAE		hprd;pelm;psite	493
ENSP00000377492	HMMR	206	RSLEESQGKIA		psite	563
ENSP00000360266	JUN	95	TTPTPTQFLCP		psite	929
ENSP00000360266	JUN	231	KEEPQTVPEMP	CSNK2A1	hprd;pelm;psite	929
ENSP00000360266	JUN	249	PIDMESQERIK	CSNK2A1;PRKDC	hprd;pelm;psite	929
ENSP00000260731	KIF11	458	DLQNKTQELET		hprd;pelm;psite	623
ENSP00000260731	KIF11	923	KLDIPTGTTPQ		hprd;pelm;psite	623
ENSP00000260731	KIF11	931	TPQRKSYLYPS		hprd;pelm;psite	623
ENSP00000260731	KIF11	1033	NTLERSKVEET		hprd;psite	623
ENSP00000324020	KIF15	1169	EDGRASKTSLE		hprd;psite	584
ENSP00000260753	KIF20B	26	PIARPSEINFD		psite	425
ENSP00000260753	KIF20B	303	KMLRLSQDVKG		hprd;psite	425
ENSP00000260753	KIF20B	488	DTLNSSQEKLF		hprd;pelm;psite	425
ENSP00000260753	KIF20B	560	EDLDKTLEENK		psite	425
ENSP00000260753	KIF20B	959	TLDSVSQISNI		hprd;pelm;psite	425
ENSP00000260753	KIF20B	1431	KMMLITQAKEA		psite	425
ENSP00000260753	KIF20B	1618	ARKRKSNEMEE		psite	425
ENSP00000260363	KIF23	18	TVKKGSQTNLK		pelm;psite	575
ENSP00000260363	KIF23	20	KKGSQTNLKDP		psite	575
ENSP00000260363	KIF23	160	SNDRNSMDIQC		hprd;pelm;psite	575
ENSP00000260363	KIF23	298	HLNRESSRSHS		psite	575
ENSP00000260363	KIF23	670	KPERPSRERDR		psite	575
ENSP00000260363	KIF23	682	KVTQRSVSPSP		hprd;pelm;psite	575
ENSP00000260363	KIF23	714	QLHRRSNSCSS	AURKB	pelm;psite	575
ENSP00000260363	KIF23	812	LRHRRSRSAGD		hprd;psite	575
ENSP00000260363	KIF23	861	EKYMLTHQELA		hprd;pelm;psite	575
ENSP00000260363	KIF23	867	HQELASDGEIE		hprd;pelm;psite	575
ENSP00000260363	KIF23	911	SRKRRSSTVAP	AURKB	hprd;pelm;psite	575
ENSP00000260363	KIF23	912	RKRRSSTVAPA		hprd;pelm;psite	575
ENSP00000260363	KIF23	913	KRRSSTVAPAQ		hprd;pelm;psite	575
ENSP00000260363	KIF23	927	AESEWTDVETR		psite	575
ENSP00000260363	KIF23	943	EMRAGSQLGPG		pelm;psite	575
ENSP00000328236	KNTC1	442	KLALSSVDASE		psite	455
ENSP00000328236	KNTC1	735	PELIPSILEKF		psite	455
ENSP00000328236	KNTC1	1034	KHKPGSTPEPI		hprd;psite	455
ENSP00000356548	LTV1	17	KKKAVSFHLVH		psite	431
ENSP00000356548	LTV1	24	HLVHRSQRDPL		psite	431
ENSP00000356548	LTV1	182	MDIQKSENEDD		hprd;pelm;psite	431
ENSP00000356548	LTV1	188	ENEDDSEWEDV		hprd;pelm;psite	431
ENSP00000356548	LTV1	241	TKSRFTEYSMT		hprd;psite	431
ENSP00000356548	LTV1	331	NELDESEEEEM		hprd;psite	431
ENSP00000356548	LTV1	352	KWDCESICSTY		psite	431
ENSP00000348657	NCAPG2	814	KPRGFSEAAAP		hprd;psite	485
ENSP00000348657	NCAPG2	935	KEITGSSLIQK		pelm;psite	485
ENSP00000348657	NCAPG2	1119	TFMEITLEEDS		hprd;pelm;psite	485
ENSP00000265056	MCM2	32	SPGRSSRRTDA		hprd;pelm;psite	495
ENSP00000265056	MCM2	35	RSSRRTDALTS		hprd;pelm;psite	495
ENSP00000265056	MCM2	108	EELTASQREAA	ATR;CDC7;CDK2;CDK7;CSNK2A1	hprd;pelm;psite	495
ENSP00000265056	MCM2	139	GLLYDSDEEDE	CDC7;CDK2;CDK7;CSNK2A1	hprd;pelm;psite	495
ENSP00000265056	MCM2	158	QVERATEDGEE		psite	495
ENSP00000265056	MCM2	220	FKERISDMCKE	AURKA;CDC7	psite	495
ENSP00000229854	MCM3	160	IERRYSDLTTL	DAPK1	hprd;pelm;psite	562
ENSP00000229854	MCM3	275	KDAQPSFSAED		psite	562
ENSP00000229854	MCM3	535	DDPNFSQEDQQ	ATM;ATR	psite	562
ENSP00000229854	MCM3	668	KRKKRSEDESE		hprd;pelm;psite	562
ENSP00000229854	MCM3	672	RSEDESETEDE		hprd;pelm;psite	562
ENSP00000229854	MCM3	674	EDESETEDEEE		hprd;pelm;psite	562
ENSP00000229854	MCM3	681	DEEEKSQEDQE		hprd;pelm;psite	562
ENSP00000229854	MCM3	711	DPYDFSDTEEE		hprd;pelm;psite	562
ENSP00000229854	MCM3	713	YDFSDTEEEMP		hprd;pelm;psite	562
ENSP00000229854	MCM3	728	PKTADSQETKE		hprd;pelm;psite	562
ENSP00000229854	MCM3	734	QETKESQKVEL		hprd;pelm;psite	562
ENSP00000262105	MCM4	13	PSRRGSRRGRA		psite	526
ENSP00000262105	MCM4	34	ARSSPSQRRRG		hprd;pelm;psite	526
ENSP00000262105	MCM4	406	VNPRVSNVKSV		hprd;psite	526
ENSP00000264156	MCM6	13	EPGAGSQHLEV		hprd;psite	603
ENSP00000264156	MCM6	219	ELPRGSIPRSL		psite	603
ENSP00000264156	MCM6	271	TNSRVSGVDGY		hprd;pelm;psite	603
ENSP00000264156	MCM6	557	IVDLHSRIEES		psite	603
ENSP00000264156	MCM6	762	ESEIDSEEELI		hprd;pelm;psite	603
ENSP00000264156	MCM6	791	VLIELTQAGLK		hprd;pelm;psite	603
ENSP00000307288	MCM7	500	YNPRRSLEQNI		hprd;pelm;psite	454
ENSP00000307288	MCM7	549	SRQPPSQFEPL		hprd;pelm;psite	454
ENSP00000307288	MCM7	678	RSVRFSEAEQR		psite	454
ENSP00000417281	MDM2	23	GAVTTSQIPAS		psite	413
ENSP00000417281	MDM2	127	SDSGTSVSENR	CSNK1D	psite	413
ENSP00000417281	MDM2	163	LVSRPSTSSRR	MAPKAPK2	pelm;psite	413
ENSP00000417281	MDM2	172	RRRAISETEEN	AKT1;CSNK1D;DAPK3;MAPKAPK2;PIM1	hprd;pelm;psite	413
ENSP00000417281	MDM2	196	KSDSISLSFDE		psite	413
ENSP00000417281	MDM2	198	DSISLSFDESL		psite	413
ENSP00000417281	MDM2	266	DSEDYSLSEEG	CSNK1D;CSNK2A1;PLK1	pelm;psite	413
ENSP00000417281	MDM2	296	ESDTDSFEEDP	CSNK1D	psite	413
ENSP00000417281	MDM2	357	KLENSTQAEEG	CSNK1D	psite	413
ENSP00000417281	MDM2	379	NDSRESCVEEN	CSNK1D	psite	413
ENSP00000417281	MDM2	392	KITQASQSQES	ATM;CSNK1D	psite	413
ENSP00000417281	MDM2	394	TQASQSQESED		psite	413
ENSP00000417281	MDM2	401	ESEDYSQPSTS	ATM	hprd;pelm;psite	413
ENSP00000417281	MDM2	412	SSIIYSSQEDV		psite	413
ENSP00000417281	MDM2	413	SIIYSSQEDVK	ATR	pelm;psite	413
ENSP00000417281	MDM2	425	FEREETQDKEE	CSNK1D	psite	413
ENSP00000298048	MELK	56	LPRIKTEIEAL	MELK	psite	618
ENSP00000298048	MELK	253	PKKRISMKNLL	MELK	psite	618
ENSP00000298048	MELK	335	VRLRLSSFSCG		hprd;psite	618
ENSP00000298048	MELK	356	KSNNWSLEDVT	MELK	hprd;psite	618
ENSP00000298048	MELK	391	ATPRTSQFTKY	MELK	psite	618
ENSP00000298048	MELK	459	KREILTTPNRY		psite	618
ENSP00000309871	RACGAP1	144	GNKRLSTIDES	AURKB	hprd;pelm;psite	537
ENSP00000309871	RACGAP1	185	REKRRSTSRQF	AURKB	hprd;pelm;psite	537
ENSP00000309871	RACGAP1	187	KRRSTSRQFVD	AURKB	hprd;pelm;psite	537
ENSP00000309871	RACGAP1	249	RSRRKTGTLQP	AKT2;AURKB	psite	537
ENSP00000309871	RACGAP1	313	KFGKLSLKCRD		psite	537
ENSP00000309871	RACGAP1	387	GLYRISGCDRT	AURKB	hprd;pelm;psite	537
ENSP00000309871	RACGAP1	579	LLGPVTTPEHQ		hprd;pelm;psite	537
ENSP00000309871	RACGAP1	592	KTPSSSSLSQR		hprd;pelm;psite	537
ENSP00000309871	RACGAP1	595	SSSSLSQRVRS		hprd;pelm;psite	537
ENSP00000309871	RACGAP1	601	QRVRSTLTKNT		hprd;pelm;psite	537
ENSP00000290130	MIS18A	29	KCSDSSLLGKR		psite	401
ENSP00000290130	MIS18A	36	LGKRLSEDSSR		hprd;psite	401
ENSP00000290130	MIS18A	54	ASMWSSMSEDA		psite	401
ENSP00000281453	MLF1IP	94	KHCGLSLSSTP		hprd;pelm;psite	585
ENSP00000281453	MLF1IP	108	EAKRSSDTSGN		hprd;pelm;psite	585
ENSP00000281453	MLF1IP	110	KRSSDTSGNEA		hprd;pelm;psite	585
ENSP00000281453	MLF1IP	111	RSSDTSGNEAS		hprd;pelm;psite	585
ENSP00000281453	MLF1IP	116	SGNEASEIESV		psite	585
ENSP00000281453	MLF1IP	136	KLRPISDDSES		hprd;pelm;psite	585
ENSP00000281453	MLF1IP	141	SDDSESIEESD		hprd;pelm;psite	585
ENSP00000281453	MLF1IP	190	KTGPLSAQPSV		hprd;psite	585
ENSP00000233146	MSH2	860	QYIGESQGYDI		hprd;pelm;psite	641
ENSP00000233146	MSH2	897	KQMPFTEMSEE		hprd;psite	641
ENSP00000251496	NCAPG	674	GTEINSDDEQE		hprd;pelm;psite	602
ENSP00000251496	NCAPG	686	KEVEETATAKN		hprd;pelm;psite	602
ENSP00000251496	NCAPG	975	EADSESDHEVP		hprd;pelm;psite	602
ENSP00000271002	ITGB3BP	71	KLNHPSLTESK		hprd;psite	529
ENSP00000229179	NUP107	37	VLLQASQDENF		hprd;pelm;psite	585
ENSP00000231498	NUP155	1030	KLSQRSKDELF		hprd;psite	486
ENSP00000295119	NUP35	275	TLGTPTQPGST		hprd;pelm;psite	458
ENSP00000295119	NUP35	284	STPRISTMRPL		psite	458
ENSP00000269305	TP53	15	VEPPLSQETFS	ATM;ATR;CDK5;CHEK1;CHEK2;DYRK1A;MAPK1;MAPK14;MAPK3;NUAK1;PRKDC;SMG1;STK11;TP53RK	hprd;pelm;psite	978
ENSP00000269305	TP53	37	LSPLPSQAMDD	ATR;CHEK1;CHEK2;MAPKAPK5;PRKDC	hprd;pelm;psite	978
ENSP00000269305	TP53	99	SSSVPSQKTYQ		hprd;pelm;psite	978
ENSP00000269305	TP53	106	KTYQGSYGFRL	AURKA	psite	978
ENSP00000269305	TP53	183	HHERCSDSDGL	AURKB	psite	978
ENSP00000269305	TP53	211	LDDRNTFRHSV	AURKB	psite	978
ENSP00000269305	TP53	215	NTFRHSVVVPY	AURKA;AURKB	pelm;psite	978
ENSP00000269305	TP53	269	LLGRNSFEVRV	AURKB;DAPK1	psite	978
ENSP00000269305	TP53	284	GRDRRTEEENL	AURKB	psite	978
ENSP00000269305	TP53	377	KKGQSTSRHKK	PRKCA	psite	978
ENSP00000269305	TP53	378	KGQSTSRHKKL	CDK7;CHEK1;CHEK2;PRKACA;PRKCA	hprd;pelm;psite	978
ENSP00000269305	TP53	387	KLMFKTEGPDS	CHEK1	psite	978
ENSP00000301905	PBK	23	KSVLCSTPTIN		hprd;pelm;psite	542
ENSP00000216367	POLE2	188	VLGMITQLKEG		psite	615
ENSP00000377793	PRC1	578	NSVASTYSEFA		psite	517
ENSP00000377793	PRC1	589	KDPSLSDSSTV		hprd;psite	517
ENSP00000350491	PRIM1	215	PFIRKSINIIK		psite	709
ENSP00000350491	PRIM1	331	KTGRISVPIDL		psite	709
ENSP00000350491	PRIM1	361	ELDAISTNEEE		psite	709
ENSP00000350491	PRIM1	362	LDAISTNEEEK		psite	709
ENSP00000386541	PSMD14	224	NLHKKSWMEGL		psite	486
ENSP00000267868	RAD51	13	EANADTSVEEE	CSNK2A1	psite	458
ENSP00000267868	RAD51	14	ANADTSVEEES	PLK1	psite	458
ENSP00000267868	RAD51	309	KGRGETRICKI	CHEK1	hprd;pelm;psite	458
ENSP00000228843	RAD51AP1	120	TNVQNSQDKSI		hprd;pelm;psite	638
ENSP00000228843	RAD51AP1	331	KSPNQSLRLGL		psite	638
ENSP00000355958	DTL	410	TVGWASQKKKE		hprd;psite	549
ENSP00000355958	DTL	426	VTVTSSQSTPA		hprd;pelm;psite	549
ENSP00000355958	DTL	485	INRRGSVSSVS		hprd;pelm;psite	549
ENSP00000355958	DTL	557	KRRLDSSCLES		hprd;pelm;psite	549
ENSP00000355958	DTL	558	RRLDSSCLESV		hprd;psite	549
ENSP00000355958	DTL	682	PRSPSSQTPNS		hprd;pelm;psite	549
ENSP00000355958	DTL	717	YFHRKSQEDFC		hprd;pelm;psite	549
ENSP00000369411	RFC3	125	QLETNSQRDFK		hprd;pelm;psite	625
ENSP00000296273	RFC4	11	KGTSISTKPPL		hprd;psite	627
ENSP00000296273	RFC4	28	AASAGSSGENK		psite	627
ENSP00000408295	RFC5	313	IEYRLSVGTNE		psite	457
ENSP00000283109	RIOK2	131	RLGRTSFRNLK		psite	466
ENSP00000283109	RIOK2	337	SEFSFSDGEVA		hprd;pelm;psite	466
ENSP00000283109	RIOK2	350	AEVYGSENESE		hprd;pelm;psite	466
ENSP00000283109	RIOK2	380	QIKEDSLSEES		hprd;pelm;psite	466
ENSP00000283109	RIOK2	382	KEDSLSEESAD		hprd;pelm;psite	466
ENSP00000283109	RIOK2	412	VVENNSVTEFS		hprd;psite	466
ENSP00000284995	TSEN2	240	HHEDGSQHIGL		hprd;pelm;psite	675
ENSP00000306473	SHCBP1	273	LSNCNSDSEQE		hprd;pelm;psite	416
ENSP00000306473	SHCBP1	275	NCNSDSEQENI		pelm;psite	416
ENSP00000306473	SHCBP1	474	VTVRTSAEFLM		psite	416
ENSP00000306473	SHCBP1	634	KKKRLSELGIT		hprd;pelm;psite	416
ENSP00000286398	SMC2	60	SQVRASNLQDL		hprd;psite	637
ENSP00000286398	SMC2	1017	KSKILTTIEDL		hprd;psite	637
ENSP00000354720	SMC3	177	KEESISLMKET		hprd;psite	467
ENSP00000354720	SMC3	243	KLDELSAKRET		hprd;psite	467
ENSP00000354720	SMC3	674	YDTRKSRLELQ		psite	467
ENSP00000354720	SMC3	783	KAELGTDLLSQ		hprd;psite	467
ENSP00000354720	SMC3	787	GTDLLSQLSLE		hprd;pelm;psite	467
ENSP00000354720	SMC3	1013	DRGYKSIMELM		hprd;psite	467
ENSP00000354720	SMC3	1065	GDVEGSQSQDE		hprd;pelm;psite	467
ENSP00000354720	SMC3	1067	VEGSQSQDEGE	CSNK2A1;CSNK2A2	hprd;pelm;psite	467
ENSP00000354720	SMC3	1081	ESERGSGSQSS		hprd;psite	467
ENSP00000354720	SMC3	1083	ERGSGSQSSVP	ATM	hprd;pelm;psite	467
ENSP00000341382	SMC4	28	PDGASSDAEPE		hprd;pelm;psite	554
ENSP00000341382	SMC4	44	TESPATAAETA		hprd;pelm;psite	554
ENSP00000341382	SMC4	48	ATAAETASEEL		hprd;psite	554
ENSP00000341382	SMC4	982	NAAEESLPEIQ		hprd;psite	554
ENSP00000370083	SMN1	25	LFRRGTGQSDD		hprd;pelm;psite	423
ENSP00000370119	SMN2	25	LFRRGTGQSDD		hprd;pelm;psite	428
ENSP00000370083	SMN1	88	KNTAASLQQWK		psite	423
ENSP00000370119	SMN2	88	KNTAASLQQWK		psite	428
ENSP00000282074	SPC25	12	ALFDKSINEFW		hprd;psite	464
ENSP00000360944	STIL	395	IHDHDSGVEDE		psite	434
ENSP00000360944	STIL	1136	QSSDNSEDEEE		psite	434
ENSP00000301633	BIRC5	20	KDHRISTFKNW	PLK1;PRKACA	psite	403
ENSP00000301633	BIRC5	48	FIHCPTENEPD	CSNK2A1	psite	403
ENSP00000301633	BIRC5	140	KIAKETNNKKK	AURKB	pelm;psite	403
ENSP00000348234	TAT	448	HCAEGSQEECD		hprd;psite	554
ENSP00000261881	TIPIN	194	SELSRSLTEEQ		hprd;pelm;psite	551
ENSP00000261881	TIPIN	222	KLLSNSQTLGN		hprd;pelm;psite	551
ENSP00000266732	TMPO	184	DSDRYSDNEEG		hprd;pelm;psite	521
ENSP00000266732	TMPO	366	EESESSQLISP		psite	521
ENSP00000266732	TMPO	442	VEERDSGSFVA		hprd;psite	521
ENSP00000266732	TMPO	642	KMAAHTMGNAT		psite	521
ENSP00000411532	TOP2A	29	AKKRLSVERIY	PRKCA	hprd;pelm;psite	518
ENSP00000411532	TOP2A	230	KFKMQSLDKDI		hprd;psite	518
ENSP00000411532	TOP2A	1106	EENEESDNEKE		hprd;pelm;psite	518
ENSP00000411532	TOP2A	1119	KSDSVTDSGPT		psite	518
ENSP00000411532	TOP2A	1205	AKGKKTQMAEV		hprd;psite	518
ENSP00000411532	TOP2A	1295	KRNPWSDSESD		hprd;pelm;psite	518
ENSP00000411532	TOP2A	1302	SESDRSSDESN		hprd;psite	518
ENSP00000411532	TOP2A	1303	ESDRSSDESNF		hprd;psite	518
ENSP00000411532	TOP2A	1343	DFDEKTDDEDF	CSNK2A1;PLK1;PLK3;PRKCB	hprd;pelm;psite	518
ENSP00000411532	TOP2A	1365	TSPKLSNKELK	CSNK2A1	hprd;psite	518
ENSP00000411532	TOP2A	1377	QKSVVSDLEAD	CSNK2A1	hprd;pelm;psite	518
ENSP00000411532	TOP2A	1452	LNSGVSQKPDP		hprd;pelm;psite	518
ENSP00000411532	TOP2A	1470	KRKPSTSDDSD		hprd;pelm;psite	518
ENSP00000411532	TOP2A	1476	SDDSDSNFEKI		hprd;psite	518
ENSP00000411532	TOP2A	1491	VTSKKSKGESD		hprd;pelm;psite	518
ENSP00000411532	TOP2A	1495	KSKGESDDFHM		hprd;pelm;psite	518
ENSP00000411532	TOP2A	1525	KYLEESDEDDL	CSNK2A1;PLK1	hprd;pelm;psite	518
ENSP00000300403	TPX2	121	QPQRRSLRLSA		hprd;pelm;psite	410
ENSP00000300403	TPX2	125	RSLRLSAQKDL		hprd;pelm;psite	410
ENSP00000300403	TPX2	185	AEKNASSPEKA		hprd;psite	410
ENSP00000300403	TPX2	310	KPFNLSQGKKR		hprd;pelm;psite	410
ENSP00000300403	TPX2	634	PNTVISQEPFV		hprd;pelm;psite	410
ENSP00000300403	TPX2	646	KKEKKSVAEGL		hprd;psite	410
ENSP00000166345	TRIP13	384	KSEGLSGRVLR		hprd;psite	521
ENSP00000327487	TSEN54	204	KRKRSSSSPRS		psite	804
ENSP00000327487	TSEN54	229	KSLAASSPPPC		psite	804
ENSP00000327487	TSEN54	235	SPPPCSQPSQC		hprd;pelm;psite	804
ENSP00000301364	TSR1	630	ASPLFSQHTAA		psite	438
ENSP00000230510	TTK	33	KNEDLTDELSL	TTK	hprd;pelm;psite	597
ENSP00000230510	TTK	258	IGYRNSLRQTN		psite	597
ENSP00000230510	TTK	362	KNKTESSLLAK	TTK	psite	597
ENSP00000230510	TTK	393	QSKRKSECINQ		hprd;psite	597
ENSP00000356243	UBE2T	184	QKRKASQLVGI		hprd;pelm;psite	457
ENSP00000343526	USP1	42	LDFTDSQENEE		hprd;pelm;psite	584
ENSP00000343526	USP1	308	KRKATSDTLES		psite	584
ENSP00000343526	USP1	323	IPKYISENESP		psite	584
ENSP00000324636	VRK3	54	KRGLNSSFETS		psite	652
ENSP00000324636	VRK3	83	SDGDSSESEDT		hprd;pelm;psite	652
ENSP00000324636	VRK3	90	SEDTLSSSERS		psite	652
ENSP00000324636	VRK3	119	KSPQVTRGSPQ		psite	652
ENSP00000353793	WDHD1	803	KYASRSRKLIL		hprd;psite	636
ENSP00000353793	WDHD1	826	AELTATQVEEE		hprd;pelm;psite	636
ENSP00000353793	WDHD1	853	TATEWSQPRFR		psite	636
ENSP00000353793	WDHD1	886	KPGQNSFSKST		psite	636
ENSP00000353793	WDHD1	907	AVTFSSQGRVN		psite	636
ENSP00000353793	WDHD1	919	FKVSASSKEPA		hprd;psite	636
ENSP00000353793	WDHD1	926	KEPAMSMNSAR		psite	636
ENSP00000353793	WDHD1	984	FQKRNSQTNKT		psite	636
ENSP00000353793	WDHD1	986	KRNSQTNKTEE		psite	636
ENSP00000353793	WDHD1	1058	RFRVLSTEERK		psite	636
ENSP00000311429	ZWILCH	75	EKEETSHIEEL		psite	525
ENSP00000311429	ZWILCH	91	AISDFSTGENV		hprd;psite	525
ENSP00000311429	ZWILCH	320	STKKDTEVETL		psite	525
ENSP00000311429	ZWILCH	572	LTLNGSLEERI		psite	525
ENSP00000363055	ZWINT	46	EFVVDSQKKDK		psite	518
ENSP00000371475	TP53BP1	498	ECSKTSEIEPK		hprd;pelm	622
ENSP00000371475	TP53BP1	667	EGSSGSEVEEI		hprd;pelm	622
ENSP00000371475	TP53BP1	1375	KGVSQTGTPVC		hprd;pelm	622
ENSP00000266732	TMPO	66	GPPDFSSDEER		hprd;pelm	521
ENSP00000266732	TMPO	67	PPDFSSDEERE		hprd;pelm	521
ENSP00000265748	ANLN	75	RCSDNTEVEVS		hprd;pelm	404
ENSP00000306473	SHCBP1	573	ALKIQTSGEPD		hprd;pelm	416
ENSP00000283109	RIOK2	370	CYCRSSGDPEQ		hprd;pelm	466
ENSP00000368984	EXOSC9	409	APIILSDSEEE		pelm	426
ENSP00000265148	CENPE	544	ALERKTKKDQE		pelm	486
ENSP00000302530	BUB1	436	KVANTSSFHTT		hprd;pelm	520
ENSP00000228843	RAD51AP1	14	KPVNYSQFDHS		hprd;pelm	638
ENSP00000341848	GOLGB1	450	QHETASQTSFP		hprd;pelm	621
ENSP00000350283	BRCA1	1394	SDILTTQQRDT	ATR	hprd	408
ENSP00000350283	BRCA1	1164	IKEDTSFAEND		hprd	408
ENSP00000265148	CENPE	22	NSREESLGETA		hprd	486
ENSP00000265148	CENPE	1026	LEAKNTQTLTA		hprd	486
ENSP00000411532	TOP2A	1115	KETEKSDSVTD		hprd	518
ENSP00000411532	TOP2A	1164	KRKSPSDLWKE		hprd	518
ENSP00000307288	MCM7	320	GAGELTREELR		hprd	454
ENSP00000266732	TMPO	159	TESRSSTPLPT		hprd	521
ENSP00000266732	TMPO	167	LPTISSSAENT		hprd	521
ENSP00000266732	TMPO	436	RLSEKSVEERD		hprd	521
ENSP00000266732	TMPO	670	KNKLASTPFKG		hprd	521
ENSP00000266732	TMPO	99	KATKKTDKPRQ		hprd	521
ENSP00000266732	TMPO	295	KSSSSSSQPEH		hprd	521
ENSP00000355922	CENPF	2915	PSPIPSVTEKR		hprd	452
ENSP00000355922	CENPF	2764	SLKATTQILEE		hprd	452
ENSP00000355922	CENPF	1319	KYELVTELNDS		hprd	452
ENSP00000355922	CENPF	162	QYYSGSKYEDL		hprd	452
ENSP00000355922	CENPF	2108	FALRLSSTQEE		hprd	452
ENSP00000377492	HMMR	111	IQDLETELEKM		hprd	563
ENSP00000302530	BUB1	306	HQVVETSHEDL		hprd	520
ENSP00000302530	BUB1	159	AQARTSEPLHN		hprd	520
ENSP00000230340	BYSL	160	LTEKQTEVETV		hprd	411
ENSP00000309871	RACGAP1	145	NKRLSTIDESG	AURKB	hprd	537
ENSP00000309871	RACGAP1	186	EKRRSTSRQFV	AURKB	hprd	537
ENSP00000309871	RACGAP1	234	PIEAVSTIETV		hprd	537
ENSP00000309871	RACGAP1	540	PLEYWSQFMMV		hprd	537
ENSP00000260363	KIF23	934	VETRCSVAVEM		hprd	575
ENSP00000260363	KIF23	679	DREKVTQRSVS		hprd	575
ENSP00000371475	TP53BP1	1207	QTERGSGEKPV		hprd	622
ENSP00000371475	TP53BP1	893	KLGKPSAHASQ		hprd	622
ENSP00000371475	TP53BP1	679	ETPCESQGEEL		hprd	622
ENSP00000371475	TP53BP1	285	AKEQLSAQELM		hprd	622
ENSP00000300403	TPX2	33	TQNIDSWFEEK		hprd	410
ENSP00000300403	TPX2	28	DDEGDTQNIDS		hprd	410
ENSP00000300403	TPX2	209	QKFLKSTEEQE		hprd	410
ENSP00000300403	TPX2	210	KFLKSTEEQEL		hprd	410
ENSP00000300403	TPX2	316	QGKKRTFDETV		hprd	410
ENSP00000231498	NUP155	504	KFVLLSAQGSL		hprd	486
ENSP00000298048	MELK	486	KIPVNSTGTDK		hprd	618
ENSP00000386541	PSMD14	177	HEPRQTTSNLG		hprd	486
ENSP00000229179	NUP107	907	QKLRESSLMLL		hprd	585
ENSP00000229179	NUP107	908	KLRESSLMLLD		hprd	585
ENSP00000247191	DLGAP5	661	IPQQTTSPENA		hprd	637
ENSP00000239027	HELLS	829	KILENSEDSSP		hprd	512
ENSP00000368984	EXOSC9	305	KAPIDTSDVEE		hprd	426
ENSP00000356379	ASPM	244	LSVRRSTTYSS		hprd	552
ENSP00000360483	NDC1	394	TNGRVSSSYPV		hprd	547
ENSP00000229758	FBXO5	16	RPPRCSCSASP		hprd	538
ENSP00000328236	KNTC1	2098	KNFLGSCDPQV		hprd	455
ENSP00000265748	ANLN	639	KDTSRSDESPK		hprd	404
ENSP00000265748	ANLN	242	KFSSASGASAR		hprd	404
ENSP00000265748	ANLN	261	EATFCSQRDGD		hprd	404
ENSP00000265748	ANLN	336	KPIVKSTLSQT		hprd	404
ENSP00000324020	KIF15	721	SEELRTVQEQM		hprd	584
ENSP00000305524	TSEN34	135	ASGASSSQEAG		hprd	758
ENSP00000305524	TSEN34	136	SGASSSQEAGS		hprd	758
ENSP00000348657	NCAPG2	1114	HRKLKTFMEIT		hprd	485
ENSP00000348657	NCAPG2	383	FEELYSLLEDP		hprd	485
ENSP00000284995	TSEN2	411	ALSRVSVNVSK		hprd	675
ENSP00000367276	CKAP2	211	KKLSATIPKAT		hprd	431
ENSP00000367276	CKAP2	276	GISRTSANVTI		hprd	431
ENSP00000367276	CKAP2	305	VKTSSSQGIIR		hprd	431
ENSP00000367276	CKAP2	574	KTKDPTHDVKT		hprd	431
ENSP00000316121	CDCA8	250	DLQRHSIAQLD		hprd	402
ENSP00000242872	CENPK	205	KNIQESSVNLI		hprd	505
ENSP00000310842	FANCI	937	RALDVTDKEGE		hprd	534
ENSP00000310842	FANCI	1310	ENEEGTASEHG		hprd	534
ENSP00000281453	MLF1IP	204	NLAIESQSKTQ		hprd	585
ENSP00000260359	NUSAP1	63	QTSASSCDETE		hprd	581
ENSP00000301905	PBK	264	KTFDESDFDDE		hprd	542
ENSP00000301905	PBK	310	PKDRPSAAHIV		hprd	542
ENSP00000355958	DTL	539	VSQKSSQAEAC		hprd	549
