name	WEE1
id	ENSP00000402084
type	Serine/threonine kinase
proline+1_removed	No
npartners	54
npartners_with_sites	47
nsites	205
//
motif	score	fg_matches	fg_size	bg_matches	bg_size	fold_increase
.....[ST]P....	307.65	131	538	617	10000	3.95
..R..[ST].....	307.65	72	407	483	9383	3.44
//
prot_id	prot_name	position	flank	kinase	source	string_score
ENSP00000300161	YWHAB	60	GARRSSWRVIS	PRKCD	hprd;pelm;psite	764
ENSP00000300161	YWHAB	186	YEILNSPEKAC	MAPK8	hprd;pelm;psite	764
ENSP00000270202	AKT1	72	RPRPNTFIIRC	AKT1	psite	430
ENSP00000270202	AKT1	124	DFRSGSPSDNS		hprd;pelm;psite	430
ENSP00000270202	AKT1	246	RERVFSEDRAR	AKT1	psite	430
ENSP00000270202	AKT1	312	KTFCGTPEYLA		psite	430
ENSP00000270202	AKT1	450	QMITITPPDQD	MTOR	hprd;pelm;psite	430
ENSP00000278616	ATM	794	NCTKKSPNKIA	CDK5	psite	430
ENSP00000278616	ATM	1878	CLRHFSQTSRS		psite	430
ENSP00000278616	ATM	1885	TSRSTTPANLD	ATM	psite	430
ENSP00000278616	ATM	2996	CKRNLSDIDQS	ATM	hprd;psite	430
ENSP00000309103	BAD	25	RGLGPSPAGDG		hprd;psite	505
ENSP00000309103	BAD	75	RSRHSSYPAGT	ARAF;BRAF;PAK1;PIM3;PRKACA;PRKCE;PRKCI;PRKCQ;PRKD1;RAF1;RPS6KA1;RPS6KA3	hprd;pelm;psite	505
ENSP00000309103	BAD	91	MGEEPSPFRGR	CDK1	psite	505
ENSP00000309103	BAD	97	PFRGRSRSAPP		psite	505
ENSP00000309103	BAD	99	RGRSRSAPPNL	AKT1;ARAF;BRAF;PAK1;PRKACA;PRKCE;PRKCI;PRKCQ;PRKD1;RAF1;RPS6KA3	hprd;pelm;psite	505
ENSP00000309103	BAD	118	ELRRMSDEFVD	ARAF;BRAF;PAK1;PRKACA;PRKCE;PRKCI;PRKD1;RAF1;RPS6KA1	hprd;pelm;psite	505
ENSP00000309103	BAD	134	LPRPKSAGTAT		hprd;psite	505
ENSP00000316121	CDCA8	106	AEAIQTPLKSA		hprd;pelm;psite	644
ENSP00000316121	CDCA8	154	KKRTQSIQGKG	AURKB	hprd;psite	644
ENSP00000316121	CDCA8	169	SSRANTVTPAV	TTK	hprd;pelm;psite	644
ENSP00000316121	CDCA8	171	RANTVTPAVGR		hprd;psite	644
ENSP00000316121	CDCA8	185	SMVKPTPGLTP		pelm;psite	644
ENSP00000316121	CDCA8	189	PTPGLTPRFDS		hprd;pelm;psite	644
ENSP00000316121	CDCA8	194	TPRFDSRVFKT		hprd;psite	644
ENSP00000316121	CDCA8	199	SRVFKTPGLRT		hprd;psite	644
ENSP00000316121	CDCA8	204	TPGLRTPAAGE		hprd;pelm;psite	644
ENSP00000316121	CDCA8	219	ISGNGSPLADS	AURKB	hprd;pelm;psite	644
ENSP00000254900	BRD8	175	RQAVKTPPRRL		hprd;psite	621
ENSP00000310649	BRSK1	413	AGGGGSPVPTR		psite	711
ENSP00000310649	BRSK1	443	TGLSSSPLSSP		psite	711
ENSP00000310649	BRSK1	447	SSPLSSPRSPV		psite	711
ENSP00000310649	BRSK1	508	PGPPGSPRSSG		psite	711
ENSP00000310649	BRSK1	563	NSFLGSPRFHR		psite	711
ENSP00000310649	BRSK1	583	EMSSLTPESSP		psite	711
ENSP00000310649	BRSK1	587	LTPESSPELAK		psite	711
ENSP00000310649	BRSK1	193	ETSCGSPHYAC	BRSK1	psite	711
ENSP00000310697	BRSK2	260	AARRLTLEHIQ	PRKACA	psite	723
ENSP00000310697	BRSK2	367	RKRVDSPMLNR		psite	723
ENSP00000310697	BRSK2	393	VTDGGSPVPAR		hprd;psite	723
ENSP00000310697	BRSK2	412	GQRSRSISGAS		psite	723
ENSP00000310697	BRSK2	423	SGLSTSPLSSP		hprd;psite	723
ENSP00000310697	BRSK2	427	TSPLSSPRVTP		psite	723
ENSP00000310697	BRSK2	431	SSPRVTPHPSP		psite	723
ENSP00000310697	BRSK2	435	VTPHPSPRGSP		psite	723
ENSP00000310697	BRSK2	439	PSPRGSPLPTP		psite	723
ENSP00000310697	BRSK2	443	GSPLPTPKGTP		psite	723
ENSP00000310697	BRSK2	463	GTPNPTPPSSP		psite	723
ENSP00000310697	BRSK2	481	RARLNSIKNSF		psite	723
ENSP00000310697	BRSK2	489	NSFLGSPRFHR		hprd;pelm;psite	723
ENSP00000310697	BRSK2	509	EMSNLTPESSP		psite	723
ENSP00000310697	BRSK2	513	LTPESSPELAK		psite	723
ENSP00000256925	CABLES1	168	ARGFASPLGAG		pelm;psite	963
ENSP00000256925	CABLES1	242	RGRLNSFTQGI		psite	963
ENSP00000256925	CABLES1	287	RRRLISQRSSL		psite	963
ENSP00000256925	CABLES1	309	LRRCRTLSGSP		hprd;psite	963
ENSP00000256925	CABLES1	311	RCRTLSGSPRP		hprd;psite	963
ENSP00000256925	CABLES1	313	RTLSGSPRPKN	CDK3	hprd;psite	963
ENSP00000256925	CABLES1	415	GARRNTIDSTS		hprd;pelm;psite	963
ENSP00000256925	CABLES1	429	QFRNLSHRSLS		psite	963
ENSP00000256925	CABLES1	434	SHRSLSIGRAS		hprd;psite	963
ENSP00000311032	CASP3	150	GDRCRSLTGKP	MAPK14	pelm;psite	746
ENSP00000274026	CCNA2	154	DGSFESPHTMD	CDK2	psite	425
ENSP00000256442	CCNB1	116	KEEKLSPEPIL		pelm;psite	968
ENSP00000256442	CCNB1	126	LVDTASPSPME	CDK1;MAPK1;PLK1	hprd;pelm;psite	968
ENSP00000256442	CCNB1	128	DTASPSPMETS	CDK1;MAPK1;PLK1	hprd;pelm;psite	968
ENSP00000288207	CCNB2	8	LLRRPTVSSDL		psite	466
ENSP00000288207	CCNB2	92	APKGPSPTPED		hprd;pelm;psite	466
ENSP00000288207	CCNB2	94	KGPSPTPEDVS		hprd;pelm;psite	466
ENSP00000288207	CCNB2	392	VKDLASPLIGR		hprd;psite	466
ENSP00000227507	CCND1	90	LDRFLSLEPVK	PRKACA	hprd;pelm;psite	427
ENSP00000227507	CCND1	234	LTRFLSRVIKC	PRKACA	hprd;pelm;psite	427
ENSP00000227507	CCND1	286	VDLACTPTDVR	CHUK;GSK3B	hprd;pelm;psite	427
ENSP00000262643	CCNE1	77	CSLIPTPDKED	GSK3B	hprd;pelm;psite	922
ENSP00000262643	CCNE1	103	APSRGSPLPVL		hprd;pelm;psite	922
ENSP00000262643	CCNE1	387	EQNRASPLPSG	CDK2	hprd;pelm;psite	922
ENSP00000262643	CCNE1	395	PSGLLTPPQSG	CDK2;GSK3A;GSK3B	hprd;pelm;psite	922
ENSP00000309181	CCNE2	21	PSQTESPQEAQ		hprd;pelm;psite	934
ENSP00000309181	CCNE2	67	LSGGISPCIII		psite	934
ENSP00000309181	CCNE2	74	CIIIETPHKEI		psite	934
ENSP00000309181	CCNE2	383	KGGQLSPVCNG		hprd;psite	934
ENSP00000309181	CCNE2	392	NGGIMTPPKST		hprd;pelm;psite	934
ENSP00000256897	CCNH	132	GNLRESPLGQE		hprd;psite	929
ENSP00000308450	CDC20	41	AGPAPSPMRAA	BUB1	hprd;pelm;psite	453
ENSP00000308450	CDC20	51	ANRSHSAGRTP		psite	453
ENSP00000308450	CDC20	59	RTPGRTPGKSS		psite	453
ENSP00000308450	CDC20	70	SKVQTTPSKPG		hprd;pelm;psite	453
ENSP00000308450	CDC20	106	PENSQTPTKKE		pelm;psite	453
ENSP00000308450	CDC20	157	YSQKATPGSSR	BUB1	hprd;psite	453
ENSP00000308450	CDC20	448	TSRVLSLTMSP		psite	453
ENSP00000303706	CDC25A	18	LLFACSPPPAS	CDK1	hprd;pelm;psite	968
ENSP00000303706	CDC25A	76	LQRMGSSESTD	CHEK1;GSK3B	hprd;pelm;psite	968
ENSP00000303706	CDC25A	88	GFCLDSPGPLD	NEK11	pelm;psite	968
ENSP00000303706	CDC25A	107	MRRIHSLPQKL		psite	968
ENSP00000303706	CDC25A	116	KLLGCSPALKR	CDK1;PIM1	hprd;pelm;psite	968
ENSP00000303706	CDC25A	124	LKRSHSDSLDH	CHEK1;CHEK2	hprd;pelm;psite	968
ENSP00000303706	CDC25A	178	TQRQNSAPARM	CHEK1;CHEK2	hprd;pelm;psite	968
ENSP00000303706	CDC25A	293	TKRRKSMSGAS	CHEK1;CHEK2;RPS6KA1	hprd;pelm;psite	968
ENSP00000303706	CDC25A	321	LSLASSPKGTI		psite	968
ENSP00000245960	CDC25B	42	HGLLGSPVRAA		psite	962
ENSP00000245960	CDC25B	50	RAAASSPVTTL		psite	962
ENSP00000245960	CDC25B	151	IRRFQSMPVRL		psite	962
ENSP00000245960	CDC25B	160	RLLGHSPVLRN	CDK1	hprd;pelm;psite	962
ENSP00000245960	CDC25B	167	VLRNITNSQAP		psite	962
ENSP00000245960	CDC25B	178	DGRRKSEAGSG		psite	962
ENSP00000245960	CDC25B	230	AQRPSSAPDLM	CHEK1	pelm;psite	962
ENSP00000245960	CDC25B	238	DLMCLSPDRKM		psite	962
ENSP00000245960	CDC25B	249	EVEELSPLALG	MAPK11	pelm;psite	962
ENSP00000245960	CDC25B	321	QRLFRSPSMPC	CDK1;MELK	hprd;psite	962
ENSP00000245960	CDC25B	323	LFRSPSMPCSV	MAPKAPK2;MELK	pelm;psite	962
ENSP00000245960	CDC25B	353	NKRRRSVTPPE	AURKA;MAPKAPK2;RPS6KA1	hprd;pelm;psite	962
ENSP00000245960	CDC25B	355	RRRSVTPPEEQ	RPS6KA1	hprd;pelm;psite	962
ENSP00000245960	CDC25B	375	VLRSKSLCHDE	BRSK1;MAPKAPK2	hprd;pelm;psite	962
ENSP00000245960	CDC25B	470	SFLLKSPIAPC		psite	962
ENSP00000245960	CDC25B	115	GLCMDSPSPMD	MAPK8	psite	962
ENSP00000245960	CDC25B	117	CMDSPSPMDPH	MAPK8	psite	962
ENSP00000321656	CDC25C	38	LERDTSFTVCP		hprd;pelm;psite	980
ENSP00000321656	CDC25C	48	PDVPRTPVGKF	CDK1	hprd;pelm;psite	980
ENSP00000321656	CDC25C	67	ILSGGTPKRCL	CDK1	hprd;pelm;psite	980
ENSP00000321656	CDC25C	122	HLMKCSPAQLL	CDK1	hprd;pelm;psite	980
ENSP00000321656	CDC25C	130	QLLCSTPNGLD	CDK1	hprd;pelm;psite	980
ENSP00000321656	CDC25C	168	MKYLGSPITTV	CDK1;MAPK8;MAPK9	hprd;pelm;psite	980
ENSP00000321656	CDC25C	214	SGLYRSPSMPE	CDK1;CDK2	hprd;pelm;psite	980
ENSP00000321656	CDC25C	216	LYRSPSMPENL	BRSK1;CHEK1;CHEK2;MAPK14;MAPKAPK2;MARK3	hprd;pelm;psite	980
ENSP00000321656	CDC25C	449	LLRCRSQSKVQ		psite	980
ENSP00000215574	CDC34	71	IDYPYSPPAFR		hprd;psite	460
ENSP00000209728	CDC6	20	PKRKLSRALNK		psite	404
ENSP00000209728	CDC6	45	QTVTCSPRVKA		hprd;pelm;psite	404
ENSP00000209728	CDC6	54	KALPLSPRKRL	CDK2	hprd;pelm;psite	404
ENSP00000209728	CDC6	67	DNLCNTPHLPP		psite	404
ENSP00000209728	CDC6	74	HLPPCSPPKQG	CDK2	hprd;pelm;psite	404
ENSP00000209728	CDC6	106	QLTIKSPSKRE	CDK2	hprd;pelm;psite	404
ENSP00000209728	CDC6	381	CARKVSAVSGD		hprd;psite	404
ENSP00000209728	CDC6	419	LSECKSPSEPL		hprd;psite	404
ENSP00000266970	CDK2	39	KIRLDTETEGV	AKT1	hprd;psite	971
ENSP00000266970	CDK2	160	PVRTYTHEVVT	CDK2;CDK20;CDK7;MAPK1;MAPK3	hprd;pelm;psite	971
ENSP00000256443	CDK7	164	AKSFGSPNRAY	CDK1;CDK2;CDK7	hprd;pelm;psite	918
ENSP00000256443	CDK7	170	PNRAYTHQVVT	CDK1;CDK2;CDK7	hprd;pelm;psite	918
ENSP00000256443	CDK7	332	IKRKRTEALEQ		psite	918
ENSP00000217244	CSNK2A1	13	RARVYTDVNTH		psite	720
ENSP00000217244	CSNK2A1	194	NVRVASRYFKG		hprd;psite	720
ENSP00000217244	CSNK2A1	344	MPGGSTPVSSA	CDK1	hprd;pelm;psite	720
ENSP00000217244	CSNK2A1	360	ISSVPTPSPLG	CDK1;MAPK1	hprd;pelm;psite	720
ENSP00000217244	CSNK2A1	362	SVPTPSPLGPL	CDK1;MAPK1	hprd;pelm;psite	720
ENSP00000217244	CSNK2A1	370	GPLAGSPVIAA	CDK1	hprd;pelm;psite	720
ENSP00000300574	CRK	41	LVRDSSTSPGD		hprd;psite	760
ENSP00000300574	CRK	43	RDSSTSPGDYV		psite	760
ENSP00000300574	CRK	74	PPVPPSPAQPP		hprd;pelm;psite	760
ENSP00000300574	CRK	83	PPPGVSPSRLR		hprd;pelm;psite	760
ENSP00000300574	CRK	125	RSRQGSGVILR		hprd;psite	760
ENSP00000300574	CRK	194	KYRPASASVSA		hprd;psite	760
ENSP00000300574	CRK	228	QPSVNTPLPNL		psite	760
ENSP00000335153	HSP90AA1	185	KIRYESLTDPS		psite	478
ENSP00000335153	HSP90AA1	212	QDRTLTIVDTG	PRKACA	hprd;psite	478
ENSP00000335153	HSP90AA1	745	ALRDNSTMGYM		psite	478
ENSP00000248071	KLF2	173	PPPPDTPPLSP		psite	820
ENSP00000248071	KLF2	177	DTPPLSPDGPA		psite	820
ENSP00000261438	KLF3	40	GVIYSTPLPEK		psite	800
ENSP00000261438	KLF3	49	EKFFQTPEGLS		psite	800
ENSP00000261438	KLF3	71	VNKRSSPPSAG		psite	800
ENSP00000261438	KLF3	78	PSAGNSPSSLK		psite	800
ENSP00000261438	KLF3	92	SHRRASPGLSM		hprd;pelm;psite	800
ENSP00000261438	KLF3	101	SMPSSSPPIKK		hprd;pelm;psite	800
ENSP00000261438	KLF3	111	KYSPPSPGVQP		hprd;psite	800
ENSP00000261438	KLF3	216	YPEEMSPPLMN		hprd;psite	800
ENSP00000261438	KLF3	224	LMNSVSPPQAL		hprd;psite	800
ENSP00000261438	KLF3	250	PLPVESPDTQR		hprd;pelm;psite	800
ENSP00000296509	MAD2L1	185	EVRLRSFTTTI		psite	479
ENSP00000296509	MAD2L1	187	RLRSFTTTIHK		psite	479
ENSP00000261245	MNAT1	51	CPECGTPLRKS		hprd;psite	899
ENSP00000261245	MNAT1	279	HVRAASPQDLA		hprd;psite	899
ENSP00000307853	MUS81	95	DHAPDSPSGEN		hprd;pelm;psite	637
ENSP00000307853	MUS81	101	PSGENSPAPQG		psite	637
ENSP00000244741	CDKN1A	57	DFVTETPLEGD	GSK3B;MAPK1;MAPK14;MAPK8	hprd;pelm;psite	467
ENSP00000244741	CDKN1A	98	RRPGTSPALLQ	MAP3K5	pelm;psite	467
ENSP00000244741	CDKN1A	130	EQAEGSPGGPG	CDK2;CDK6;MAPK1;MAPK14;MAPK8	hprd;pelm;psite	467
ENSP00000244741	CDKN1A	145	RKRRQTSMTDF	AKT1;DAPK3;PIM1;PIM2;PRKCA	hprd;pelm;psite	467
ENSP00000244741	CDKN1A	146	KRRQTSMTDFY	AKT1;PIM1;PIM2;PRKCA	hprd;pelm;psite	467
ENSP00000269305	TP53	33	ENNVLSPLPSQ	CDK5;CDK7;CDK9;MAPK14;PRKDC	hprd;pelm;psite	455
ENSP00000269305	TP53	46	DDLMLSPDDIE	ATM;CDK5;DYRK2;HIPK2;MAPK14;PRKCD;PRKDC	hprd;pelm;psite	455
ENSP00000269305	TP53	81	APAAPTPAAPA	MAPK8	hprd;psite	455
ENSP00000269305	TP53	150	LWVDSTPPPGT	CSNK2A1	psite	455
ENSP00000269305	TP53	315	NNTSSSPQPKK	AURKA;CDK1;CDK2;CDK9	hprd;pelm;psite	455
ENSP00000269305	TP53	366	GSRAHSSHLKS	CHEK2	hprd;psite	455
ENSP00000254657	PER2	977	AMGRASPPLFQ	CSNK1D	hprd;psite	418
ENSP00000247970	PIN1	71	QSRRPSSWRQE		psite	653
ENSP00000247970	PIN1	72	SRRPSSWRQEK		psite	653
ENSP00000300093	PLK1	137	LCRRRSLLELH	MAP3K8	pelm;psite	977
ENSP00000300093	PLK1	210	GERKKTLCGTP	AURKA;MAP3K8;STK10	hprd;pelm;psite	977
ENSP00000300093	PLK1	214	KTLCGTPNYIA		hprd;pelm;psite	977
ENSP00000300093	PLK1	498	AGANITPREGD		hprd;psite	977
ENSP00000300093	PLK1	597	SSRSASNRLKA		psite	977
ENSP00000319169	PRMT5	310	EDYLQSPLQPL		psite	698
ENSP00000339467	RHOG	138	GQAPITPQQGQ		psite	679
ENSP00000339467	RHOG	180	AVLNPTPIKRG		hprd;psite	679
ENSP00000274255	SKP2	64	LGHPESPPRKR	CDK2;PIM1	hprd;pelm;psite	735
ENSP00000274255	SKP2	72	RKRLKSKGSDK	PIM1	psite	735
ENSP00000274255	SKP2	179	LAEHFSPFRVQ		pelm;psite	735
ENSP00000344818	UBC	57	DGRTLSDYNIQ		hprd;psite	731
ENSP00000300161	YWHAB	132	YFRYLSEVASG	PRKCZ	hprd;pelm	764
ENSP00000254900	BRD8	569	GKGDETPLTNV		hprd	621
ENSP00000254900	BRD8	579	VKTEASPESML		hprd	621
ENSP00000254900	BRD8	851	SVPMGSPAFLL		hprd	621
ENSP00000261438	KLF3	108	PIKKYSPPSPG		hprd	800
ENSP00000258499	USP44	351	CSRQSSLSSGL		hprd	655
