name	WEE2
id	ENSP00000380675
type	Serine/threonine kinase
proline+1_removed	No
npartners	22
npartners_with_sites	12
nsites	54
//
motif	score	fg_matches	fg_size	bg_matches	bg_size	fold_increase
.....[ST]P....	13.55	35	126	617	10000	4.5
..R..[ST].....	6.78	19	91	483	9383	4.06
//
prot_id	prot_name	position	flank	kinase	source	string_score
ENSP00000251071	CAPRIN2	566	SQSQISPKSWG		psite	439
ENSP00000256442	CCNB1	116	KEEKLSPEPIL		pelm;psite	411
ENSP00000256442	CCNB1	126	LVDTASPSPME	CDK1;MAPK1;PLK1	hprd;pelm;psite	411
ENSP00000256442	CCNB1	128	DTASPSPMETS	CDK1;MAPK1;PLK1	hprd;pelm;psite	411
ENSP00000303706	CDC25A	18	LLFACSPPPAS	CDK1	hprd;pelm;psite	547
ENSP00000303706	CDC25A	76	LQRMGSSESTD	CHEK1;GSK3B	hprd;pelm;psite	547
ENSP00000303706	CDC25A	88	GFCLDSPGPLD	NEK11	pelm;psite	547
ENSP00000303706	CDC25A	107	MRRIHSLPQKL		psite	547
ENSP00000303706	CDC25A	116	KLLGCSPALKR	CDK1;PIM1	hprd;pelm;psite	547
ENSP00000303706	CDC25A	124	LKRSHSDSLDH	CHEK1;CHEK2	hprd;pelm;psite	547
ENSP00000303706	CDC25A	178	TQRQNSAPARM	CHEK1;CHEK2	hprd;pelm;psite	547
ENSP00000303706	CDC25A	293	TKRRKSMSGAS	CHEK1;CHEK2;RPS6KA1	hprd;pelm;psite	547
ENSP00000303706	CDC25A	321	LSLASSPKGTI		psite	547
ENSP00000245960	CDC25B	42	HGLLGSPVRAA		psite	595
ENSP00000245960	CDC25B	50	RAAASSPVTTL		psite	595
ENSP00000245960	CDC25B	151	IRRFQSMPVRL		psite	595
ENSP00000245960	CDC25B	160	RLLGHSPVLRN	CDK1	hprd;pelm;psite	595
ENSP00000245960	CDC25B	167	VLRNITNSQAP		psite	595
ENSP00000245960	CDC25B	178	DGRRKSEAGSG		psite	595
ENSP00000245960	CDC25B	230	AQRPSSAPDLM	CHEK1	pelm;psite	595
ENSP00000245960	CDC25B	238	DLMCLSPDRKM		psite	595
ENSP00000245960	CDC25B	249	EVEELSPLALG	MAPK11	pelm;psite	595
ENSP00000245960	CDC25B	321	QRLFRSPSMPC	CDK1;MELK	hprd;psite	595
ENSP00000245960	CDC25B	323	LFRSPSMPCSV	MAPKAPK2;MELK	pelm;psite	595
ENSP00000245960	CDC25B	353	NKRRRSVTPPE	AURKA;MAPKAPK2;RPS6KA1	hprd;pelm;psite	595
ENSP00000245960	CDC25B	355	RRRSVTPPEEQ	RPS6KA1	hprd;pelm;psite	595
ENSP00000245960	CDC25B	375	VLRSKSLCHDE	BRSK1;MAPKAPK2	hprd;pelm;psite	595
ENSP00000245960	CDC25B	470	SFLLKSPIAPC		psite	595
ENSP00000245960	CDC25B	115	GLCMDSPSPMD	MAPK8	psite	595
ENSP00000245960	CDC25B	117	CMDSPSPMDPH	MAPK8	psite	595
ENSP00000321656	CDC25C	38	LERDTSFTVCP		hprd;pelm;psite	569
ENSP00000321656	CDC25C	48	PDVPRTPVGKF	CDK1	hprd;pelm;psite	569
ENSP00000321656	CDC25C	67	ILSGGTPKRCL	CDK1	hprd;pelm;psite	569
ENSP00000321656	CDC25C	122	HLMKCSPAQLL	CDK1	hprd;pelm;psite	569
ENSP00000321656	CDC25C	130	QLLCSTPNGLD	CDK1	hprd;pelm;psite	569
ENSP00000321656	CDC25C	168	MKYLGSPITTV	CDK1;MAPK8;MAPK9	hprd;pelm;psite	569
ENSP00000321656	CDC25C	214	SGLYRSPSMPE	CDK1;CDK2	hprd;pelm;psite	569
ENSP00000321656	CDC25C	216	LYRSPSMPENL	BRSK1;CHEK1;CHEK2;MAPK14;MAPKAPK2;MARK3	hprd;pelm;psite	569
ENSP00000321656	CDC25C	449	LLRCRSQSKVQ		psite	569
ENSP00000364398	HABP4	74	PRGGRSPAGAS		hprd;psite	670
ENSP00000364398	HABP4	108	AQRPDSPGGGL		hprd;pelm;psite	670
ENSP00000364398	HABP4	375	GARGGTRGGRG	PRKCA;PRKCQ;PRKCZ	hprd;psite	670
ENSP00000279068	LSM14B	106	GSASASPFQPH		hprd;pelm;psite	718
ENSP00000279068	LSM14B	115	PHVPYSPFRGM		hprd;pelm;psite	718
ENSP00000279068	LSM14B	154	IPVGKSPMVEQ		hprd;pelm;psite	718
ENSP00000279068	LSM14B	334	SSRRTTWAEER		psite	718
ENSP00000217073	PABPC1L	32	LYEKFSPAGPI		psite	716
ENSP00000217073	PABPC1L	342	FVCFSSPEEAT		psite	716
ENSP00000319169	PRMT5	310	EDYLQSPLQPL		psite	698
ENSP00000287652	TATDN2	70	CSRRLSWGSSR		psite	568
ENSP00000287652	TATDN2	80	RRRNNSSSSFS		psite	568
ENSP00000287652	TATDN2	115	LSSGGSPLRPA		psite	568
ENSP00000287652	TATDN2	420	RMSDYSPNSTG		hprd;pelm;psite	568
ENSP00000287652	TATDN2	299	VIDKCSPPLEF		hprd;pelm	568
