name	WNK1
id	ENSP00000313059
type	Serine/threonine kinase
proline+1_removed	Yes
npartners	43
npartners_with_sites	40
nsites	66
//
motif	score	fg_matches	fg_size	bg_matches	bg_size	fold_increase
..R..[ST].....	15.26	66	414	483	9383	3.1
//
prot_id	prot_name	position	flank	kinase	source	string_score
ENSP00000264335	YWHAE	64	SWRIISSIEQK		hprd;psite	460
ENSP00000306330	YWHAG	59	GARRSSWRVIS	LATS2	psite	497
ENSP00000270202	AKT1	72	RPRPNTFIIRC	AKT1	psite	728
ENSP00000270202	AKT1	246	RERVFSEDRAR	AKT1	psite	728
ENSP00000244769	ATXN1	775	RKRRWSAPESR	AKT1;PRKACA	hprd;pelm;psite	538
ENSP00000283558	ATP11A	708	LFRRNTQLLEL		psite	430
ENSP00000255174	OSER1	47	PVRTATDDTKP		psite	403
ENSP00000255174	OSER1	82	QRRRRSKSPVL		hprd;psite	403
ENSP00000255174	OSER1	233	PERRSTLEDYS		psite	403
ENSP00000281282	CGNL1	283	FRRQDSAGPVL		hprd;psite	438
ENSP00000281282	CGNL1	297	RSRRSSSSSTT		psite	438
ENSP00000281282	CGNL1	298	SRRSSSSSTTP		psite	438
ENSP00000356520	DHX9	449	QPRRISAVSVA		hprd;psite	419
ENSP00000356520	DHX9	506	GIRGISHVIVD		psite	419
ENSP00000262904	E2F3	124	LGRGGSGGGGG	CHEK1;CHEK2	psite	587
ENSP00000358140	EIF3A	492	TSRTLSFGSDL		psite	440
ENSP00000358140	EIF3A	574	LARRQTIEERK		psite	440
ENSP00000358140	EIF3A	584	KERLESLNIQR		hprd;pelm;psite	440
ENSP00000358140	EIF3A	888	LSRKDSRWGDR		psite	440
ENSP00000358140	EIF3A	949	EDREPSLRPDD		psite	440
ENSP00000358140	EIF3A	1188	KAREESWGPPR		pelm;psite	440
ENSP00000304642	FAM134B	348	FSRDLSDFPSL		psite	792
ENSP00000229264	GNB3	140	VSRELSAHTGY		psite	402
ENSP00000408617	HDAC9	454	LNRTQSAPLPQ	CAMK1	psite	474
ENSP00000370719	ITSN1	313	FRRVRSGSGIS		hprd;pelm;psite	720
ENSP00000370719	ITSN1	315	RVRSGSGISVI		hprd;pelm;psite	720
ENSP00000370719	ITSN1	687	LKREESVKKKD		hprd;psite	720
ENSP00000318557	SLC12A4	964	ALRLESLYSDE		hprd;psite	466
ENSP00000286627	KCNMA1	934	MLRQPSITTGV		psite	460
ENSP00000310933	MADD	813	LLRPNSLRLAS		psite	440
ENSP00000310933	MADD	818	SLRLASDSDAE		hprd;pelm;psite	440
ENSP00000310933	MADD	858	LYRNHSTSFSL		hprd;psite	440
ENSP00000310933	MADD	1061	RKRSPTESVNT		psite	440
ENSP00000310933	MADD	1354	IDRYLSLGEHD		psite	440
ENSP00000343463	MAP3K2	163	TSRDRSSPPPG		hprd;pelm;psite	621
ENSP00000343463	MAP3K2	239	MPRAQSYPDNH		hprd;pelm;psite	621
ENSP00000343463	MAP3K2	331	IRRRGSDIDNP		hprd;pelm;psite	621
ENSP00000354927	MAP3K3	197	RSRHLSVSSQN	PRKACA	hprd;pelm;psite	734
ENSP00000354927	MAP3K3	281	MSRAQSFPDNR		hprd;psite	734
ENSP00000354927	MAP3K3	347	SSRSLSTNGEN		psite	734
ENSP00000354927	MAP3K3	368	RGRLRSADSEN	PRKACA	hprd;pelm;psite	734
ENSP00000354927	MAP3K3	547	SKRLQTICMSG		psite	734
ENSP00000354927	MAP3K3	559	GMRSVTGTPYW		psite	734
ENSP00000383199	NEDD4L	335	IQREPSSRLRS		psite	846
ENSP00000383199	NEDD4L	340	SSRLRSCSVTD		psite	846
ENSP00000383199	NEDD4L	342	RLRSCSVTDAV	PRKACA;SGK1	hprd;pelm;psite	846
ENSP00000383199	NEDD4L	365	AGRARSSTVTG		psite	846
ENSP00000383199	NEDD4L	367	RARSSTVTGGE	PRKACA;SGK1	pelm;psite	846
ENSP00000383199	NEDD4L	446	IRRPRSLSSPT		hprd;pelm;psite	846
ENSP00000383199	NEDD4L	448	RPRSLSSPTVT	PRKACA;SGK1	hprd;pelm;psite	846
ENSP00000311713	OXSR1	310	LQRAPTISERA		psite	720
ENSP00000171887	TNS1	338	LIRWDSYDNFS		pelm;psite	457
ENSP00000171887	TNS1	445	LDRLLSGFGLE		pelm;psite	457
ENSP00000171887	TNS1	621	MFRSQSFSEAE		pelm;psite	457
ENSP00000171887	TNS1	701	FPRAASQQEIE		psite	457
ENSP00000171887	TNS1	899	RRRAASDGQYE		psite	457
ENSP00000171887	TNS1	1107	GPRTPTQPLLE		psite	457
ENSP00000171887	TNS1	1119	GFRSGSLGQPS		psite	457
ENSP00000171887	TNS1	1184	QARHRTVGTNT		psite	457
ENSP00000171887	TNS1	1335	EDRRPTLSRQS		psite	457
ENSP00000171887	TNS1	1393	EKRRMSVGDRA		psite	457
ENSP00000171887	TNS1	1400	GDRAGSLPNYA		psite	457
ENSP00000344818	UBC	57	DGRTLSDYNIQ		hprd;psite	407
ENSP00000297954	WNK2	1889	PSRAGSLGPET		hprd;psite	462
ENSP00000370719	ITSN1	891	QLRQRSAFTPA		hprd	720
ENSP00000356520	DHX9	1139	MIRQISRPSAA		hprd	419
