name	WNK2
id	ENSP00000297954
type	Serine/threonine kinase
proline+1_removed	Yes
npartners	13
npartners_with_sites	12
nsites	28
//
motif	score	fg_matches	fg_size	bg_matches	bg_size	fold_increase
..R..[ST].....	9.74	28	133	483	9383	4.09
//
prot_id	prot_name	position	flank	kinase	source	string_score
ENSP00000244769	ATXN1	775	RKRRWSAPESR	AKT1;PRKACA	hprd;pelm;psite	538
ENSP00000364277	FGD1	48	LARRGSGSALG		hprd;pelm;psite	569
ENSP00000364277	FGD1	135	PQRLRSDPGPP		psite	569
ENSP00000364277	FGD1	365	MERQESVELTV		psite	569
ENSP00000336914	FGD3	526	EPRKLSSKTRR		psite	726
ENSP00000370719	ITSN1	313	FRRVRSGSGIS		hprd;pelm;psite	452
ENSP00000370719	ITSN1	315	RVRSGSGISVI		hprd;pelm;psite	452
ENSP00000370719	ITSN1	687	LKREESVKKKD		hprd;psite	452
ENSP00000348273	MBP	26	TNRGESEKKRN		psite	529
ENSP00000348273	MBP	40	LSRTTSEDNEV		psite	529
ENSP00000348273	MBP	96	LIRLFSRDAPG		hprd;pelm;psite	529
ENSP00000348273	MBP	146	SQRHGSKYLAT	PRKCA	hprd;psite	529
ENSP00000383199	NEDD4L	335	IQREPSSRLRS		psite	463
ENSP00000383199	NEDD4L	340	SSRLRSCSVTD		psite	463
ENSP00000383199	NEDD4L	342	RLRSCSVTDAV	PRKACA;SGK1	hprd;pelm;psite	463
ENSP00000383199	NEDD4L	365	AGRARSSTVTG		psite	463
ENSP00000383199	NEDD4L	367	RARSSTVTGGE	PRKACA;SGK1	pelm;psite	463
ENSP00000383199	NEDD4L	446	IRRPRSLSSPT		hprd;pelm;psite	463
ENSP00000383199	NEDD4L	448	RPRSLSSPTVT	PRKACA;SGK1	hprd;pelm;psite	463
ENSP00000313059	WNK1	60	RRRRHTMDKDS	AKT1;RPS6KA5;SGK1	hprd;pelm;psite	462
ENSP00000313059	WNK1	167	KDRPVSQPSLV		hprd;pelm;psite	462
ENSP00000313059	WNK1	185	PARSGSGGGSA		psite	462
ENSP00000313059	WNK1	1110	SVRSRSRHEKT		psite	462
ENSP00000313059	WNK1	2128	RRRRPTKSKGS		psite	462
ENSP00000313059	WNK1	2245	SSRKGTFTDDL		hprd;psite	462
ENSP00000313059	WNK1	2270	SGRRGSKGHMN		psite	462
ENSP00000313059	WNK1	2286	MARKFSAPGQL		psite	462
ENSP00000370719	ITSN1	891	QLRQRSAFTPA		hprd	452
