name	WNK3
id	ENSP00000346667
type	Serine/threonine kinase
proline+1_removed	Yes
npartners	116
npartners_with_sites	98
nsites	383
//
motif	score	fg_matches	fg_size	bg_matches	bg_size	fold_increase
..R..[ST].....	307.65	107	792	483	9383	2.62
.....[ST].DE..	15.74	17	685	27	8900	8.18
.....[ST]..D..	9.62	72	668	425	8873	2.25
.....[ST]..S..	7.91	84	431	735	7096	1.88
.....[ST]...S.	6.77	100	596	839	8448	1.69
//
prot_id	prot_name	position	flank	kinase	source	string_score
ENSP00000359489	AFF2	430	DDLKLSSDEDD		psite	561
ENSP00000359489	AFF2	431	DLKLSSDEDDL		psite	561
ENSP00000359489	AFF2	931	RRRNVSGNNGP		psite	561
ENSP00000262844	AMMECR1	15	KQKLSSSPPSG		psite	460
ENSP00000345728	ATP7A	272	QQRSPSYTNDS		psite	429
ENSP00000345728	ATP7A	346	GLYRVSITSEV		psite	429
ENSP00000345728	ATP7A	349	RVSITSEVEST		psite	429
ENSP00000345728	ATP7A	354	SEVESTSNSPS		psite	429
ENSP00000345728	ATP7A	355	EVESTSNSPSS		psite	429
ENSP00000345728	ATP7A	1432	GQKSPSEISVH		psite	429
ENSP00000345728	ATP7A	1460	RIVNYSRASIN		psite	429
ENSP00000345728	ATP7A	1463	NYSRASINSLL		psite	429
ENSP00000345728	ATP7A	1466	RASINSLLSDK		psite	429
ENSP00000345728	ATP7A	1469	INSLLSDKRSL		psite	429
ENSP00000345728	ATP7A	1473	LSDKRSLNSVV		psite	429
ENSP00000345728	ATP7A	1476	KRSLNSVVTSE		psite	429
ENSP00000345728	ATP7A	1480	NSVVTSEPDKH		psite	429
ENSP00000362441	ATRX	25	DFLAHSSEESE		psite	573
ENSP00000362441	ATRX	26	FLAHSSEESEE		psite	573
ENSP00000362441	ATRX	29	HSSEESEETSS		hprd;psite	573
ENSP00000362441	ATRX	52	ISGSGSNSDMM		psite	573
ENSP00000362441	ATRX	71	SSSEKSKSSGS		hprd;pelm;psite	573
ENSP00000362441	ATRX	74	EKSKSSGSSRS		hprd;pelm;psite	573
ENSP00000362441	ATRX	84	SKRKPSIVTKY		hprd;pelm;psite	573
ENSP00000362441	ATRX	92	TKYVESDDEKP		hprd;pelm;psite	573
ENSP00000362441	ATRX	108	VNEDASNENSE		hprd;psite	573
ENSP00000362441	ATRX	112	ASNENSENDIT		hprd;psite	573
ENSP00000362441	ATRX	191	IYRHPSLQVLI		psite	573
ENSP00000362441	ATRX	334	KKLDDSCSGSV		psite	573
ENSP00000362441	ATRX	566	VKLNISSKDNR		hprd;psite	573
ENSP00000362441	ATRX	594	KLTPVSLSNSP		hprd;psite	573
ENSP00000362441	ATRX	661	SPRVKTTPLRR		psite	573
ENSP00000362441	ATRX	668	PLRRPTETNPV		psite	573
ENSP00000362441	ATRX	674	ETNPVTSNSDE		hprd;pelm;psite	573
ENSP00000362441	ATRX	675	TNPVTSNSDEE		hprd;pelm;psite	573
ENSP00000362441	ATRX	703	KDKRNSSDSAI		hprd;psite	573
ENSP00000362441	ATRX	704	DKRNSSDSAID		psite	573
ENSP00000362441	ATRX	706	RNSSDSAIDNP		hprd;psite	573
ENSP00000362441	ATRX	729	TVDQNSDSDEM		hprd;pelm;psite	573
ENSP00000362441	ATRX	750	SHSSSSDTDIN		psite	573
ENSP00000362441	ATRX	784	RKRKSSTSGSD		psite	573
ENSP00000362441	ATRX	785	KRKSSTSGSDF		psite	573
ENSP00000362441	ATRX	786	RKSSTSGSDFD		psite	573
ENSP00000362441	ATRX	788	SSTSGSDFDTK		psite	573
ENSP00000362441	ATRX	812	KRQTQSESSNY		psite	573
ENSP00000362441	ATRX	815	TQSESSNYDSE		psite	573
ENSP00000362441	ATRX	849	TKDFDSSEDEK		hprd;pelm;psite	573
ENSP00000362441	ATRX	850	KDFDSSEDEKH		hprd;pelm;psite	573
ENSP00000362441	ATRX	871	KNLKTSQEGSS		hprd;pelm;psite	573
ENSP00000362441	ATRX	875	TSQEGSSDDAE		hprd;pelm;psite	573
ENSP00000362441	ATRX	1011	EQQYESSSDGT		hprd;psite	573
ENSP00000362441	ATRX	1073	TGKGDSCDSSE		psite	573
ENSP00000362441	ATRX	1076	GDSCDSSEDKK		psite	573
ENSP00000362441	ATRX	1141	ERRNLSSKRNT		hprd;psite	573
ENSP00000362441	ATRX	1285	IKANLSSDEDG		psite	573
ENSP00000362441	ATRX	1286	KANLSSDEDGS		psite	573
ENSP00000362441	ATRX	1291	SDEDGSSDDEP		psite	573
ENSP00000362441	ATRX	1292	DEDGSSDDEPE		psite	573
ENSP00000362441	ATRX	1322	KNQVNSESDSD		hprd;psite	573
ENSP00000362441	ATRX	1324	QVNSESDSDSE		hprd;psite	573
ENSP00000362441	ATRX	1346	LRHKLTVSDGE		hprd;psite	573
ENSP00000362441	ATRX	1348	HKLTVSDGESG		hprd;pelm;psite	573
ENSP00000362441	ATRX	1436	QEDSSSENKSN		psite	573
ENSP00000362441	ATRX	1493	KLRTETQNALK		psite	573
ENSP00000362441	ATRX	1906	YFDEDSMDEFI		psite	573
ENSP00000362441	ATRX	1913	DEFIASDSDET		hprd;pelm;psite	573
ENSP00000362441	ATRX	1921	DETSMSLSSDD		psite	573
ENSP00000362441	ATRX	1989	EESKATSSSNP		hprd;pelm;psite	573
ENSP00000362441	ATRX	1991	SKATSSSNPSS		hprd;pelm;psite	573
ENSP00000362441	ATRX	1992	KATSSSNPSSP		hprd;pelm;psite	573
ENSP00000362441	ATRX	2379	LSRQASQELDV		psite	573
ENSP00000362441	ATRX	2487	KNPGPSQGKSM		psite	573
ENSP00000218147	BCORL1	1029	DVVPSSRRGSS		psite	561
ENSP00000218147	BCORL1	1033	SSRRGSSTERP		hprd;psite	561
ENSP00000218147	BCORL1	1034	SRRGSSTERPQ		hprd;psite	561
ENSP00000218147	BCORL1	1042	RPQLGSQVDLG		psite	561
ENSP00000362372	BRWD3	678	VNRAYSVNGAL		psite	575
ENSP00000362372	BRWD3	702	RLRRHSSQIEG		psite	575
ENSP00000362372	BRWD3	703	LRRHSSQIEGV		hprd;pelm;psite	575
ENSP00000362372	BRWD3	1265	EERNSTDAEED		psite	575
ENSP00000362372	BRWD3	1455	KRLRSSSSSLS		hprd;pelm;psite	575
ENSP00000362372	BRWD3	1579	KLLSASEEDEN		psite	575
ENSP00000367408	CASK	151	CVLLASKENSA	CASK	psite	530
ENSP00000311032	CASP3	26	IHGSESMDSGI		hprd;psite	631
ENSP00000311032	CASP3	150	GDRCRSLTGKP	MAPK14	pelm;psite	631
ENSP00000369325	CDKL5	343	HHRSNSKDIQN		psite	488
ENSP00000369325	CDKL5	446	QQNRHSFMESS		psite	488
ENSP00000369325	CDKL5	520	RYFPSSCLDLN		psite	488
ENSP00000218507	CENPI	16	QAQNRTSQGSS		psite	435
ENSP00000218507	CENPI	17	AQNRTSQGSSS		psite	435
ENSP00000218507	CENPI	492	IYFKCSVLQSL		hprd;psite	435
ENSP00000003084	CFTR	422	NNRKTSNGDDS		psite	422
ENSP00000003084	CFTR	511	IIFGVSYDEYR	CSNK2A1	psite	422
ENSP00000003084	CFTR	660	AERRNSILTET	PRKACA;PRKCA;PRKG1	hprd;pelm;psite	422
ENSP00000003084	CFTR	682	VSWTETKKQSF		psite	422
ENSP00000003084	CFTR	700	EKRKNSILNPI	PRKACA	hprd;pelm;psite	422
ENSP00000003084	CFTR	712	SIRKFSIVQKT	PRKACA	pelm;psite	422
ENSP00000003084	CFTR	737	LERRLSLVPDS	LMTK2;PRKAA1;PRKACA;PRKCA	hprd;pelm;psite	422
ENSP00000003084	CFTR	753	ILPRISVISTG	PRKACA	pelm;psite	422
ENSP00000003084	CFTR	768	ARRRQSVLNLM	PRKAA1;PRKACA	hprd;pelm;psite	422
ENSP00000003084	CFTR	795	STRKVSLAPQA	PRKACA;PRKCA	hprd;pelm;psite	422
ENSP00000003084	CFTR	809	ELDIYSRRLSQ		psite	422
ENSP00000003084	CFTR	813	YSRRLSQETGL	PRKACA;PRKCA	hprd;pelm;psite	422
ENSP00000368824	CNKSR2	908	EKLGDSLQDLY		hprd;psite	615
ENSP00000362456	PBDC1	181	EKRADSGEEEN		hprd;psite	413
ENSP00000358857	EMD	53	LSPPSSSAASS		psite	475
ENSP00000358857	EMD	54	SPPSSSAASSY		hprd;pelm;psite	475
ENSP00000358857	EMD	57	SSSAASSYSFS		hprd;pelm;psite	475
ENSP00000358857	EMD	60	AASSYSFSDLN		hprd;pelm;psite	475
ENSP00000358857	EMD	62	SSYSFSDLNST		hprd;pelm;psite	475
ENSP00000358857	EMD	67	SDLNSTRGDAD		hprd;pelm;psite	475
ENSP00000358857	EMD	110	YGEPESAGPSR		hprd;psite	475
ENSP00000358857	EMD	120	RAVRQSVTSFP		hprd;pelm;psite	475
ENSP00000358857	EMD	159	MYGRDSAYQSI		hprd;psite	475
ENSP00000358857	EMD	171	HYRPVSASRSS		hprd;pelm;psite	475
ENSP00000358857	EMD	173	RPVSASRSSLD		hprd;pelm;psite	475
ENSP00000358857	EMD	175	VSASRSSLDLS		hprd;pelm;psite	475
ENSP00000364324	FAM120C	31	LARTVSRQQQQ		psite	866
ENSP00000364324	FAM120C	1031	QGRSRSQVNGN		psite	866
ENSP00000364277	FGD1	48	LARRGSGSALG		hprd;pelm;psite	641
ENSP00000364277	FGD1	135	PQRLRSDPGPP		psite	641
ENSP00000364277	FGD1	208	EASPSSAAVSS		psite	641
ENSP00000364277	FGD1	365	MERQESVELTV		psite	641
ENSP00000336914	FGD3	526	EPRKLSSKTRR		psite	677
ENSP00000326948	FTSJ1	302	ISRVDTFPQPL		hprd;psite	494
ENSP00000358510	FUNDC2	10	APRAGSQVVAT		psite	452
ENSP00000358510	FUNDC2	31	DPLRVSSRDKL		psite	452
ENSP00000362674	HDAC8	39	IPKRASMVHSL	PRKACA	hprd;pelm;psite	461
ENSP00000359393	HMGB3	98	PKRPPSGFFLF		psite	486
ENSP00000370719	ITSN1	313	FRRVRSGSGIS		hprd;pelm;psite	621
ENSP00000370719	ITSN1	315	RVRSGSGISVI		hprd;pelm;psite	621
ENSP00000370719	ITSN1	687	LKREESVKKKD		hprd;psite	621
ENSP00000370719	ITSN1	897	AFTPATATGSS		hprd;psite	621
ENSP00000370719	ITSN1	901	ATATGSSPSPV		hprd;pelm;psite	621
ENSP00000370719	ITSN1	978	IRKSTSMDSGS		hprd;psite	621
ENSP00000318557	SLC12A4	24	NLEGLSWVDYG		psite	609
ENSP00000318557	SLC12A4	725	AGKGLTIVGSV		psite	609
ENSP00000318557	SLC12A4	964	ALRLESLYSDE		hprd;psite	609
ENSP00000318557	SLC12A4	993	KYMTETWDPSH		psite	609
ENSP00000387694	SLC12A5	82	TSPMVSSLLSG		psite	567
ENSP00000387694	SLC12A5	1032	VHLTWTKDKSV		psite	567
ENSP00000264930	SLC12A7	996	YRSRDTSLSGF		psite	563
ENSP00000264930	SLC12A7	997	RSRDTSLSGFK		psite	563
ENSP00000363944	LAS1L	235	QDDGKSTESDV		psite	446
ENSP00000363944	LAS1L	441	NARRFSAGQWE		psite	446
ENSP00000363944	LAS1L	560	QEEQGSVNDVK		hprd;psite	446
ENSP00000218439	MAGED2	190	GEEDGSSDQSQ		hprd;pelm;psite	417
ENSP00000218439	MAGED2	191	EEDGSSDQSQA		hprd;pelm;psite	417
ENSP00000218439	MAGED2	194	GSSDQSQASGT		hprd;pelm;psite	417
ENSP00000218439	MAGED2	244	RRALLSLRSPK		hprd;psite	417
ENSP00000363193	MED12	1269	GGRNISVETAS		hprd;psite	534
ENSP00000262843	MID2	112	QKASVSGPNSP		psite	522
ENSP00000369860	MOSPD2	454	KPNTLTLKDNA		psite	429
ENSP00000312244	MSL3	144	KDEEISEESDI		psite	446
ENSP00000312244	MSL3	318	PLLNPSTPQST		psite	446
ENSP00000312244	MSL3	347	PEALQSLRRST		psite	446
ENSP00000312244	MSL3	396	KTPVHSRSSSP		psite	446
ENSP00000312244	MSL3	407	IPLTPSKEGSA		hprd;pelm;psite	446
ENSP00000359417	MTMR1	36	AAGGATAGSRQ		psite	581
ENSP00000359417	MTMR1	39	GATAGSRQPSV		psite	581
ENSP00000359417	MTMR1	43	GSRQPSVETLD		psite	581
ENSP00000359417	MTMR1	46	QPSVETLDSPT		psite	581
ENSP00000359417	MTMR1	648	AVSSSSERGSS		psite	581
ENSP00000359417	MTMR1	652	SSERGSSPSHS		psite	581
ENSP00000359417	MTMR1	657	SSPSHSATSVH		psite	581
ENSP00000359417	MTMR1	660	SHSATSVHTSV		psite	581
ENSP00000383199	NEDD4L	335	IQREPSSRLRS		psite	422
ENSP00000383199	NEDD4L	336	QREPSSRLRSC		psite	422
ENSP00000383199	NEDD4L	340	SSRLRSCSVTD		psite	422
ENSP00000383199	NEDD4L	342	RLRSCSVTDAV	PRKACA;SGK1	hprd;pelm;psite	422
ENSP00000383199	NEDD4L	365	AGRARSSTVTG		psite	422
ENSP00000383199	NEDD4L	367	RARSSTVTGGE	PRKACA;SGK1	pelm;psite	422
ENSP00000383199	NEDD4L	428	DGASGSATNSN		psite	422
ENSP00000383199	NEDD4L	446	IRRPRSLSSPT		hprd;pelm;psite	422
ENSP00000383199	NEDD4L	448	RPRSLSSPTVT	PRKACA;SGK1	hprd;pelm;psite	422
ENSP00000383199	NEDD4L	475	VKDTLSNPQSP		hprd;psite	422
ENSP00000360464	NKAP	15	PDREASGSGGR		psite	447
ENSP00000360464	NKAP	64	QLGGLSQGSRN		hprd;pelm;psite	447
ENSP00000360464	NKAP	80	RSRSRSRERPS		psite	447
ENSP00000360464	NKAP	210	KHKKYSEDSDS		psite	447
ENSP00000360464	NKAP	213	KYSEDSDSDSD		psite	447
ENSP00000360464	NKAP	261	KSRKESSDSSS		hprd;pelm;psite	447
ENSP00000360464	NKAP	262	SRKESSDSSSK		hprd;pelm;psite	447
ENSP00000360464	NKAP	265	ESSDSSSKESQ		hprd;pelm;psite	447
ENSP00000360464	NKAP	266	SSDSSSKESQE		hprd;pelm;psite	447
ENSP00000360464	NKAP	375	ENQIYSADEKR		psite	447
ENSP00000262461	SLC12A2	276	AVVTYTAESKG		psite	908
ENSP00000262461	SLC12A2	940	EELLSSQEKSP		hprd;pelm;psite	908
ENSP00000370381	SLC12A1	118	EYYRNTGSISG	OXSR1	psite	906
ENSP00000304803	NKRF	35	QKRHLSTCDGQ		psite	402
ENSP00000304803	NKRF	67	FVASSSKDERQ		psite	402
ENSP00000304803	NKRF	618	YARSESHTDLT		psite	402
ENSP00000348831	NUDT10	150	LGGSPTNGNSM		hprd;psite	425
ENSP00000156084	OTUD5	177	GAGYNSEDEYE		hprd;pelm;psite	559
ENSP00000156084	OTUD5	431	QPRKASATCSS		psite	559
ENSP00000156084	OTUD5	449	GLEEWTSRSPR		hprd;pelm;psite	559
ENSP00000156084	OTUD5	457	SPRQRSSASSP		psite	559
ENSP00000156084	OTUD5	458	PRQRSSASSPE		psite	559
ENSP00000368439	PCYT1B	325	PVSSPTRSRSP		hprd;psite	627
ENSP00000368439	PCYT1B	362	SISSMSEGDED		psite	627
ENSP00000287295	AIFM1	268	TPRSLSAIDRA		hprd;pelm;psite	474
ENSP00000287295	AIFM1	371	NAIVQSVGVSS		psite	474
ENSP00000218343	PHF16	608	NRLLASLSHSR		hprd;psite	553
ENSP00000218343	PHF16	610	LLASLSHSRSE		hprd;psite	553
ENSP00000218343	PHF16	776	LELSDSEAESD		hprd;pelm;psite	553
ENSP00000218343	PHF16	793	RVRKDSSDREN		psite	553
ENSP00000329097	PHF6	138	KTAHNSEADLE		hprd;pelm;psite	593
ENSP00000329097	PHF6	154	HELEPSSPKSK	CDK2	hprd;pelm;psite	593
ENSP00000329097	PHF6	181	SEDTRSTSSHG		psite	593
ENSP00000329097	PHF6	183	DTRSTSSHGTD		hprd;pelm;psite	593
ENSP00000329097	PHF6	194	EMESSSYRDRS		psite	593
ENSP00000329097	PHF6	203	RSPHRSSPSDT		hprd;psite	593
ENSP00000338868	PHF8	486	RLSLPSKNGSK		hprd;psite	855
ENSP00000338868	PHF8	615	EFDLDSDDELQ		psite	855
ENSP00000338868	PHF8	669	IEEDYTTDEDM		hprd;pelm;psite	855
ENSP00000338868	PHF8	670	EEDYTTDEDMV		hprd;pelm;psite	855
ENSP00000338868	PHF8	790	YWRTESEEEEE		hprd;psite	855
ENSP00000338868	PHF8	798	EEENASLDEQD		psite	855
ENSP00000338868	PHF8	818	EYIYPSLESDD		hprd;pelm;psite	855
ENSP00000338868	PHF8	821	YPSLESDDDDP		hprd;pelm;psite	855
ENSP00000338868	PHF8	868	GTRVASIETGL	CHEK1	psite	855
ENSP00000338868	PHF8	985	TQRRPSVGSQS		psite	855
ENSP00000362643	PHKA1	431	LNRRFSTVPKP		psite	401
ENSP00000362643	PHKA1	432	NRRFSTVPKPD		psite	401
ENSP00000362643	PHKA1	726	KLFQASRPSFN		psite	401
ENSP00000362643	PHKA1	758	LPRDQSGEVDF		psite	401
ENSP00000362643	PHKA1	1018	EFRRLSISAES	PHKA1	hprd;pelm;psite	401
ENSP00000362643	PHKA1	1020	RRLSISAESQS		hprd;pelm;psite	401
ENSP00000362643	PHKA1	1033	TSMTPSSGSFP		psite	401
ENSP00000362643	PHKA1	1036	TPSSGSFPSAY		psite	401
ENSP00000362643	PHKA1	1144	DIEIHSIGSII		psite	401
ENSP00000369274	PHKA2	691	DRHVFSAIHST		psite	475
ENSP00000369274	PHKA2	695	FSAIHSTRDIL		psite	475
ENSP00000369274	PHKA2	1015	MTRRFSADEQF		hprd;pelm;psite	475
ENSP00000368349	POLA1	186	LKKKRSIGASP		hprd;pelm;psite	579
ENSP00000322304	PORCN	93	LCRHSSHRGVF		psite	414
ENSP00000359645	RBMX	88	QATKPSFESGR		hprd;pelm;psite	532
ENSP00000359645	RBMX	116	GGRGGSGGTRG		psite	532
ENSP00000359645	RBMX	165	PPPKRSAPSGP		psite	532
ENSP00000359645	RBMX	175	PVRSSSGMGGR		hprd;psite	532
ENSP00000359645	RBMX	215	RDDGYSTKDSY		hprd;pelm;psite	532
ENSP00000359645	RBMX	216	DDGYSTKDSYS		hprd;psite	532
ENSP00000359645	RBMX	219	YSTKDSYSSRD		psite	532
ENSP00000359645	RBMX	221	TKDSYSSRDYP		psite	532
ENSP00000359645	RBMX	242	PPRDYTYRDYG		psite	532
ENSP00000359645	RBMX	250	DYGHSSSRDDY		psite	532
ENSP00000359645	RBMX	251	YGHSSSRDDYP		hprd;pelm;psite	532
ENSP00000359645	RBMX	257	RDDYPSRGYSD		psite	532
ENSP00000359645	RBMX	261	PSRGYSDRDGY		hprd;psite	532
ENSP00000359645	RBMX	273	RDRDYSDHPSG		psite	532
ENSP00000359645	RBMX	277	YSDHPSGGSYR		hprd;pelm;psite	532
ENSP00000359645	RBMX	280	HPSGGSYRDSY		hprd;pelm;psite	532
ENSP00000359645	RBMX	284	GSYRDSYESYG		psite	532
ENSP00000359645	RBMX	287	RDSYESYGNSR		psite	532
ENSP00000359645	RBMX	303	RGPPPSYGGSS		hprd;psite	532
ENSP00000359645	RBMX	308	SYGGSSRYDDY		psite	532
ENSP00000359645	RBMX	315	YDDYSSSRDGY		hprd;psite	532
ENSP00000359645	RBMX	323	DGYGGSRDSYS		psite	532
ENSP00000359645	RBMX	326	GGSRDSYSSSR	AURKB	hprd;pelm;psite	532
ENSP00000359645	RBMX	328	SRDSYSSSRSD		hprd;pelm;psite	532
ENSP00000359645	RBMX	329	RDSYSSSRSDL		hprd;pelm;psite	532
ENSP00000359645	RBMX	330	DSYSSSRSDLY		hprd;pelm;psite	532
ENSP00000359645	RBMX	332	YSSSRSDLYSS		hprd;pelm;psite	532
ENSP00000359645	RBMX	337	SDLYSSGRDRV		hprd;pelm;psite	532
ENSP00000339090	RBMX2	144	RTPSPSLSESS		psite	508
ENSP00000339090	RBMX2	148	PSLSESSEDEK		psite	508
ENSP00000339090	RBMX2	149	SLSESSEDEKP		psite	508
ENSP00000339090	RBMX2	185	QAEQPSSSSPR		hprd;psite	508
ENSP00000339090	RBMX2	272	RDRGRSSDAHS		psite	508
ENSP00000339090	RBMX2	313	SRERESSNPSD		psite	508
ENSP00000339090	RBMX2	314	RERESSNPSDR		hprd;psite	508
ENSP00000253571	RLIM	347	RTRSRSQTPNN		psite	475
ENSP00000251900	SCML2	258	TESSPSEASQH		hprd;pelm;psite	595
ENSP00000251900	SCML2	261	SPSEASQHSMQ		psite	595
ENSP00000251900	SCML2	264	EASQHSMQSPQ		psite	595
ENSP00000251900	SCML2	300	PKRSSSVKNIT		hprd;pelm;psite	595
ENSP00000251900	SCML2	495	VTERQSTKRSP		hprd;pelm;psite	595
ENSP00000251900	SCML2	496	TERQSTKRSPQ		psite	595
ENSP00000251900	SCML2	570	IHTSVSQDFSR		hprd;pelm;psite	595
ENSP00000251900	SCML2	606	QMQRKSEAPSY		hprd;pelm;psite	595
ENSP00000262502	SLC12A3	46	HPSHLTHSSTF	OXSR1;STK39	psite	726
ENSP00000247138	SLC35A2	227	KILKGSSGSVW		psite	425
ENSP00000298085	SLC7A3	606	KSRAKTVDLDP		psite	483
ENSP00000330320	SLC9A7	693	SRRTKSSSEEV		psite	698
ENSP00000363392	SNX12	14	TRRLNSKPQDL		psite	679
ENSP00000363392	SNX12	73	VRRRYSDFEWL		hprd;pelm;psite	679
ENSP00000295987	SYN1	9	LRRRLSDSNFM	PRKACA	hprd;psite	420
ENSP00000295987	SYN1	449	LGRQTSQQPAG		psite	420
ENSP00000295987	SYN1	567	QATRQTSVSGP		psite	420
ENSP00000295987	SYN1	605	PTRQASQAGPV	CAMK2G	hprd;pelm;psite	420
ENSP00000276072	TAF1	1159	LLAAGSAASGN		psite	512
ENSP00000276072	TAF1	1173	DDDTASVTSLN		psite	512
ENSP00000276072	TAF1	1176	TASVTSLNSSA		hprd;psite	512
ENSP00000276072	TAF1	1381	KRRVGTTVHCD		psite	512
ENSP00000276072	TAF1	1690	VFQDESNMSVL		psite	512
ENSP00000276072	TAF1	1693	DESNMSVLDIP		psite	512
ENSP00000276072	TAF1	1820	EDSNISYGSYE		psite	512
ENSP00000218364	HTATSF1	30	GKDGDTQTDAG		psite	477
ENSP00000218364	HTATSF1	385	RGLRRSDSVSA		psite	477
ENSP00000218364	HTATSF1	387	LRRSDSVSASE		hprd;pelm;psite	477
ENSP00000218364	HTATSF1	403	RARHFSEHPST		hprd;psite	477
ENSP00000218364	HTATSF1	481	FEGSCSQKESE		hprd;pelm;psite	477
ENSP00000218364	HTATSF1	494	NPVRGSEEDSP		hprd;pelm;psite	477
ENSP00000218364	HTATSF1	521	GLAKESEDDLN		hprd;psite	477
ENSP00000218364	HTATSF1	557	CSEKQSEDGSE		hprd;psite	477
ENSP00000218364	HTATSF1	597	LEENDSENSEF		hprd;pelm;psite	477
ENSP00000218364	HTATSF1	747	SSFILSSDDDD		hprd;psite	477
ENSP00000218364	HTATSF1	748	SFILSSDDDDD		hprd;psite	477
ENSP00000361138	TMEM164	64	HILRQTKEDGR		hprd;psite	462
ENSP00000306220	MMGT1	110	DTANSSNQDAL		hprd;pelm;psite	413
ENSP00000362026	TRMT2B	235	TVRTNSQGHTM		psite	538
ENSP00000265310	TRPV5	708	ILRQNTLGHLN		psite	877
ENSP00000352358	TRPV6	688	SVSRSTSRSSA	PRKCB	psite	422
ENSP00000352358	TRPV6	702	RLRQGTLRRDL	PRKCA	hprd;pelm;psite	422
ENSP00000364591	TSPYL2	16	KTRRLSSSESP		hprd;pelm;psite	408
ENSP00000364591	TSPYL2	17	TRRLSSSESPQ		hprd;pelm;psite	408
ENSP00000218348	USP11	584	EAIEGSREDIV		psite	400
ENSP00000218348	USP11	648	VTKPNSDDEDD		hprd;psite	400
ENSP00000218348	USP11	671	DVPGPSTGGSL		psite	400
ENSP00000218348	USP11	672	VPGPSTGGSLR		psite	400
ENSP00000218348	USP11	675	PSTGGSLRDPE		psite	400
ENSP00000218348	USP11	952	ASPACSSPPSS		psite	400
ENSP00000287538	ZIC3	353	HKRTHTGEKPF		psite	467
ENSP00000322845	ZMYM3	227	PGDGLTAKASE		hprd;psite	556
ENSP00000322845	ZMYM3	263	ESIPVSDEDSD		hprd;pelm;psite	556
ENSP00000322845	ZMYM3	1049	LSESCSRDSMS		psite	556
ENSP00000315173	ZNF41	434	HQRIHTGEKPY		psite	633
ENSP00000315173	ZNF41	462	HQRIHTGEKPY		psite	633
ENSP00000315173	ZNF41	490	HQRIHTGEKPY		psite	633
ENSP00000315173	ZNF41	602	HQRIHTGEKPY		psite	633
ENSP00000315173	ZNF41	630	HHRIHTGEKPY		psite	633
ENSP00000345797	KRBOX4	9	SQESLTFKDVF		psite	504
ENSP00000276123	ZNF711	230	IGSDGSQEDAK		hprd;pelm;psite	406
ENSP00000276072	TAF1	542	EKEEATSNSPS		hprd;pelm	512
ENSP00000362643	PHKA1	563	GQPTITFPISH		hprd;pelm	401
ENSP00000362643	PHKA1	978	VRPTDSNVSPA		hprd;pelm	401
ENSP00000362441	ATRX	1918	SDSDETSMSLS		hprd;pelm	573
ENSP00000362441	ATRX	1919	DSDETSMSLSS		hprd;pelm	573
ENSP00000251900	SCML2	255	IAKTESSPSEA		hprd;pelm	595
ENSP00000358857	EMD	58	SSAASSYSFSD		hprd;pelm	475
ENSP00000383199	NEDD4L	451	SLSSPTVTLSA		hprd;pelm	422
ENSP00000369860	MOSPD2	444	RLRCHTVESSK		hprd;pelm	429
ENSP00000329097	PHF6	158	PSSPKSKKKSR		hprd;pelm	593
ENSP00000265310	TRPV5	689	PTSSLSRTASQ		hprd;pelm	877
ENSP00000265310	TRPV5	685	SLALPTSSLSR		hprd;pelm	877
ENSP00000362441	ATRX	887	KQERETFSSAE		hprd	573
ENSP00000362441	ATRX	745	EVSRMSHSSSS		hprd	573
ENSP00000362441	ATRX	1328	ESDSDSEESKK		hprd	573
ENSP00000362441	ATRX	974	LKKDQSDETSE		hprd	573
ENSP00000362441	ATRX	977	DQSDETSEDDK		hprd	573
ENSP00000362441	ATRX	978	QSDETSEDDKK		hprd	573
ENSP00000362441	ATRX	65	SKEEGTSSSEK		hprd	573
ENSP00000362441	ATRX	1244	TGFCQSSGDEA		hprd	573
ENSP00000362441	ATRX	1245	GFCQSSGDEAL		hprd	573
ENSP00000218348	USP11	644	LSRYVTKPNSD		hprd	400
ENSP00000218507	CENPI	529	TTLGGSMNSVS		hprd	435
ENSP00000218507	CENPI	525	SPLETTLGGSM		hprd	435
ENSP00000369325	CDKL5	476	DTIPQSSRSPS		hprd	488
ENSP00000369325	CDKL5	681	HTRQKSEGGVY		hprd	488
ENSP00000251900	SCML2	253	KNIAKTESSPS		hprd	595
ENSP00000359729	SLC9A6	656	RFMGNSSEDAL		hprd	486
ENSP00000218364	HTATSF1	539	GPTKESEEDDS		hprd	477
ENSP00000218364	HTATSF1	544	SEEDDSEKESD		hprd	477
ENSP00000218364	HTATSF1	739	EEGPLSTGSSF		hprd	477
ENSP00000218364	HTATSF1	740	EGPLSTGSSFI		hprd	477
ENSP00000218364	HTATSF1	743	LSTGSSFILSS		hprd	477
ENSP00000358857	EMD	123	RQSVTSFPDAD		hprd	475
ENSP00000329097	PHF6	134	RKHKKTAHNSE		hprd	593
ENSP00000247161	ELK1	198	PSGSRSTSPSP		hprd	501
ENSP00000295987	SYN1	568	ATRQTSVSGPA	CAMK2G	hprd	420
ENSP00000276072	TAF1	543	KEEATSNSPSK		hprd	512
ENSP00000276072	TAF1	547	TSNSPSKESKK		hprd	512
ENSP00000276072	TAF1	1175	DTASVTSLNSS		hprd	512
ENSP00000370719	ITSN1	891	QLRQRSAFTPA		hprd	621
ENSP00000370719	ITSN1	983	SMDSGSSESPA		hprd	621
ENSP00000363944	LAS1L	404	LERMLSELPAL		hprd	446
ENSP00000363944	LAS1L	90	PLAVASTADLI		hprd	446
ENSP00000362372	BRWD3	1454	RKRLRSSSSSL		hprd	575
ENSP00000218439	MAGED2	67	GVSKATEVSKT		hprd	417
ENSP00000369860	MOSPD2	267	EDETSSKEDIE		hprd	429
ENSP00000369860	MOSPD2	261	NGPITSEDETS		hprd	429
ENSP00000348831	NUDT10	158	NSMAPSSPDSD		hprd	425
ENSP00000348831	NUDT10	154	PTNGNSMAPSS		hprd	425
