name	YES1
id	ENSP00000324740
type	Tyrosine kinase
proline+1_removed	No
npartners	207
npartners_with_sites	179
nsites	298
//
motif	score	fg_matches	fg_size	bg_matches	bg_size	fold_increase
.D...YE.P..	621.89	10	1012	0	10000	Inf
.....Y..P..	12.67	114	1002	544	10000	2.09
....DY.....	11.09	95	888	475	9456	2.13
..D..Y.....	6.55	72	793	431	8981	1.89
//
prot_id	prot_name	position	flank	kinase	source	string_score
ENSP00000341957	TP53BP2	651	HFSSVYGKPVI		psite	626
ENSP00000365312	ABI1	143	RKPIDYTVLDD		psite	583
ENSP00000365312	ABI1	213	TVPNDYMTSPA	ABL1	hprd;pelm;psite	583
ENSP00000365312	ABI1	421	PPPVDYEDEEA		psite	583
ENSP00000365312	ABI1	431	AAVVQYNDPYA		psite	583
ENSP00000365312	ABI1	484	NDDGWYEGVCN		psite	583
ENSP00000361423	ABL1	134	WVPSNYITPVN	FYN;HCK;LYN	hprd;pelm;psite	903
ENSP00000361423	ABL1	147	EKHSWYHGPVS	FYN;HCK;LYN	psite	903
ENSP00000361423	ABL1	234	ITTLHYPAPKR	FYN;HCK;LYN	psite	903
ENSP00000377941	ACTN1	12	QQTNDYMQPEE	PTK2	hprd;pelm;psite	899
ENSP00000377941	ACTN1	193	PELIDYGKLRK		hprd;pelm;psite	899
ENSP00000377941	ACTN1	864	AGDKNYITMDE		psite	899
ENSP00000383623	MLLT4	294	ENPKDYCIARV		psite	900
ENSP00000383623	MLLT4	583	EQQPDYRRQES		psite	900
ENSP00000383623	MLLT4	985	FEGADYESHLL		psite	900
ENSP00000383623	MLLT4	1150	LPWAEYSEPKK		psite	900
ENSP00000383623	MLLT4	1218	PRPEAYPIPTQ		psite	900
ENSP00000383623	MLLT4	1284	REDKAYQLERH		psite	900
ENSP00000383623	MLLT4	1496	RRDLQYITVSK		psite	900
ENSP00000383623	MLLT4	1702	PLPRDYEPPSP		hprd;psite	900
ENSP00000264167	AGPS	645	KSVKEYVDPNN		psite	424
ENSP00000270202	AKT1	315	CGTPEYLAPEV	PTK6;RET;SRC	hprd;psite	910
ENSP00000270202	AKT1	326	LEDNDYGRAVD	PTK6;SRC	hprd;psite	910
ENSP00000270202	AKT1	437	ETDTRYFDEEF		psite	910
ENSP00000307387	PDCD6IP	223	NQAADYFGDAF		psite	619
ENSP00000307387	PDCD6IP	319	DNDFIYHDRVP	SRC	hprd;psite	619
ENSP00000259089	BLK	188	DEGGYYISPRI		psite	900
ENSP00000259089	BLK	389	IIDSEYTAQEG		psite	900
ENSP00000224337	BLNK	72	DFDSDYENPDE	SYK	pelm;psite	899
ENSP00000224337	BLNK	84	SDSEMYVMPAE	SYK	pelm;psite	899
ENSP00000224337	BLNK	96	NADDSYEPPPV	SYK	pelm;psite	899
ENSP00000224337	BLNK	178	EDEADYVVPVE	SYK	pelm;psite	899
ENSP00000224337	BLNK	189	DNDENYIHPTE	SYK	pelm;psite	899
ENSP00000308176	BTK	225	VALYDYMPMNA		hprd;psite	901
ENSP00000308176	BTK	551	VLDDEYTSSVG	BTK;LYN;SYK	hprd;pelm;psite	901
ENSP00000264033	CBL	552	PPDRPYSVGAE		hprd;pelm;psite	962
ENSP00000264033	CBL	700	EEDTEYMTPSS	EGFR;FYN;INSR;LCK;SYK;YES1	hprd;pelm;psite	962
ENSP00000264033	CBL	774	NEDDGYDVPKP	EGFR;FYN;LCK;SRC;SYK;YES1	hprd;pelm;psite	962
ENSP00000264122	CBLB	665	LGSEEYDVPPR		psite	975
ENSP00000264122	CBLB	709	EDDDEYKIPSS		psite	975
ENSP00000264122	CBLB	802	RTPSDYDLLIP		psite	975
ENSP00000264122	CBLB	889	RTSQDYDQLPS		pelm;psite	975
ENSP00000352264	CD2AP	88	QRISTYGLPAG		hprd;pelm;psite	619
ENSP00000352264	CD2AP	541	KKDTCYSPKPS		hprd;psite	619
ENSP00000354782	CD247	142	GHDGLYQGLST	LCK	hprd;pelm;psite	989
ENSP00000314458	CDC42	64	AGQEDYDRLRP	SRC	pelm;psite	928
ENSP00000261769	CDH1	753	TRDNVYYYDEE		psite	704
ENSP00000353656	CDH4	795	EEDQDYDLSQL		psite	621
ENSP00000360305	PDLIM1	144	VITNQYNNPAG		hprd;pelm;psite	542
ENSP00000360305	PDLIM1	306	VEDQIYCEKHA		psite	542
ENSP00000301843	CTTN	154	ASQKDYSSGFG		psite	416
ENSP00000301843	CTTN	178	AVGFDYQGKTE		psite	416
ENSP00000301843	CTTN	228	ESQKDYVKGFG		psite	416
ENSP00000301843	CTTN	265	ESQKDYKTGFG		psite	416
ENSP00000301843	CTTN	289	AVGFDYKEKLA		hprd;psite	416
ENSP00000301843	CTTN	302	ESQQDYSKGFG		psite	416
ENSP00000301843	CTTN	433	KAELSYRGPVS		hprd;psite	416
ENSP00000301843	CTTN	453	MEAADYREASS		hprd;pelm;psite	416
ENSP00000301843	CTTN	486	AEDSTYDEYEN	ABL1;SRC	hprd;pelm;psite	416
ENSP00000300574	CRK	221	PEPGPYAQPSV	ABL1;ABL2;EGFR	hprd;pelm;psite	907
ENSP00000286301	CSF1R	699	EGGVDYKNIHL	CSF1R	pelm;psite	633
ENSP00000286301	CSF1R	809	MNDSNYIVKGN	CSF1R	hprd;pelm;psite	633
ENSP00000286301	CSF1R	923	RRERDYTNLPS		psite	633
ENSP00000220003	CSK	184	AQDEFYRSGWA		hprd;pelm;psite	905
ENSP00000220003	CSK	277	GSLVDYLRSRG		psite	905
ENSP00000303939	CTLA4	60	SFVCEYASPGK		psite	899
ENSP00000303939	CTLA4	218	KQFQPYFIPIN		psite	899
ENSP00000382004	CTNND1	248	PSMEGYRAPSR		psite	940
ENSP00000382004	CTNND1	296	YDDLDYGMMSD	SRC	hprd;psite	940
ENSP00000382004	CTNND1	302	GMMSDYGTARR	SRC	hprd;pelm;psite	940
ENSP00000382004	CTNND1	335	PSDQYYWAPLA		psite	940
ENSP00000382004	CTNND1	904	SLDNNYSTPNE		hprd;pelm;psite	940
ENSP00000233668	DOK1	296	SPPALYAEPLD		hprd;pelm;psite	680
ENSP00000233668	DOK1	315	SQDSLYSDPLD		hprd;pelm;psite	680
ENSP00000233668	DOK1	362	KEDPIYDEPEG	INSR	hprd;pelm;psite	680
ENSP00000233668	DOK1	377	PPQGLYDLPRE		hprd;pelm;psite	680
ENSP00000233668	DOK1	398	VKEEGYELPYN	INSR;RET	hprd;pelm;psite	680
ENSP00000233668	DOK1	409	PATDDYAVPPP		hprd;pelm;psite	680
ENSP00000356705	DNM3	559	EKEKKYMLPLD		psite	417
ENSP00000204961	EFNB1	324	KVSGDYGHPVY		hprd;pelm;psite	899
ENSP00000275493	EGFR	764	ILDEAYVMASV	SRC	psite	949
ENSP00000275493	EGFR	1016	VDADEYLIPQQ	ABL1;EGFR;SRC	hprd;pelm;psite	949
ENSP00000275493	EGFR	1125	SRDPHYQDPHS	SRC	hprd;pelm;psite	949
ENSP00000275493	EGFR	1172	LDNPDYQQDFF	EGFR	hprd;pelm;psite	949
ENSP00000275815	EPHA1	605	VDLQAYEDPAQ		psite	899
ENSP00000275815	EPHA1	781	DFDGTYETQGG		hprd;pelm;psite	899
ENSP00000351209	EPHA2	588	KPLKTYVDPHT	EPHA2	hprd;pelm;psite	905
ENSP00000351209	EPHA2	594	VDPHTYEDPNQ	EPHA2	hprd;pelm;psite	905
ENSP00000337451	EPHA3	596	PGLRTYVDPHT	EPHA3	hprd;pelm;psite	899
ENSP00000337451	EPHA3	602	VDPHTYEDPTQ	EPHA3	hprd;pelm;psite	899
ENSP00000337451	EPHA3	742	LSDMGYVHRDL		psite	899
ENSP00000281821	EPHA4	596	QGVRTYVDPFT	EPHA4	hprd;pelm;psite	901
ENSP00000281821	EPHA4	602	VDPFTYEDPNQ	EPHA4	hprd;pelm;psite	901
ENSP00000273854	EPHA5	650	PGVRTYIDPHT		psite	899
ENSP00000273854	EPHA5	656	IDPHTYEDPNQ		psite	899
ENSP00000358309	EPHA7	608	PGTKTYIDPET		psite	900
ENSP00000358309	EPHA7	614	IDPETYEDPNR		psite	900
ENSP00000381097	EPHB1	594	PGMKIYIDPFT	EPHB1	hprd;pelm;psite	899
ENSP00000381097	EPHB1	600	IDPFTYEDPNE		hprd;pelm;psite	899
ENSP00000381097	EPHB1	778	TSDPTYTSSLG		pelm;psite	899
ENSP00000363763	EPHB2	181	LAFQDYGGCMS		psite	959
ENSP00000363763	EPHB2	578	RADSEYTDKLQ		hprd;psite	959
ENSP00000363763	EPHB2	597	PGMKIYIDPFT		hprd;psite	959
ENSP00000363763	EPHB2	603	IDPFTYEDPNE	EPHB2	hprd;psite	959
ENSP00000363763	EPHB2	743	LADMNYVHRDL		hprd;psite	959
ENSP00000363763	EPHB2	781	TSDPTYTSALG		hprd;psite	959
ENSP00000363763	EPHB2	913	RTIPDYTSFNT		psite	959
ENSP00000215832	MAPK1	193	VATRWYRAPEI		psite	913
ENSP00000308774	BMX	566	VLDDQYVSSVG	SRC	hprd;pelm;psite	904
ENSP00000341189	PTK2	155	QVKSDYMLEIA		psite	643
ENSP00000341189	PTK2	397	SETDDYAEIID	FGR;MET;PTK2;SRC	hprd;pelm;psite	643
ENSP00000341189	PTK2	407	DEEDTYTMPST	MET;PTK2;PTK2B;SRC	hprd;pelm;psite	643
ENSP00000341189	PTK2	441	VHQGIYMSPEN	BMX;SRC	psite	643
ENSP00000341189	PTK2	576	MEDSTYYKASK	BMX;FGR;MET;PTK2;RET;SRC	hprd;pelm;psite	643
ENSP00000341189	PTK2	720	PSRPGYPSPRS		psite	643
ENSP00000281092	FER	615	KILKQYDHPNI	FER	psite	800
ENSP00000363115	FGR	412	IKDDEYNPCQG	FGR	hprd;pelm;psite	902
ENSP00000357656	FYN	420	IEDNEYTARQG	FYN	hprd;pelm;psite	960
ENSP00000312999	GNAI2	168	IAQSDYIPTQQ		psite	899
ENSP00000339186	GRAP2	324	LFPANYVAPMT		psite	901
ENSP00000347464	GIT2	392	NDQPDYDSVAS		hprd;pelm;psite	901
ENSP00000347464	GIT2	592	TPESDYDNTPN		psite	901
ENSP00000339007	GRB2	209	MFPRNYVTPVN	EGFR;JAK2	hprd;pelm;psite	903
ENSP00000385720	ARHGAP35	1087	FDPSDYAEPMD		hprd;pelm;psite	919
ENSP00000385720	ARHGAP35	1105	EEENIYSVPHD	SRC	hprd;pelm;psite	919
ENSP00000365012	HCK	89	VALYDYEAIHH		psite	902
ENSP00000365012	HCK	209	DNGGFYISPRS	HCK	hprd;pelm;psite	902
ENSP00000365012	HCK	411	IEDNEYTAREG	HCK	hprd;pelm;psite	902
ENSP00000365439	HNRNPK	72	ALRTDYNASVS	SRC	hprd;psite	619
ENSP00000365439	HNRNPK	234	FYDETYDYGGF	SRC	hprd;pelm;psite	619
ENSP00000365439	HNRNPK	236	DETYDYGGFTM	SRC	hprd;pelm;psite	619
ENSP00000365439	HNRNPK	280	PSRRDYDDMSP		hprd;psite	619
ENSP00000365439	HNRNPK	371	GSGYDYSYAGG		psite	619
ENSP00000365439	HNRNPK	373	GYDYSYAGGRG		psite	619
ENSP00000309845	HRAS	157	VEDAFYTLVRE		psite	922
ENSP00000396301	IK	114	GVNKDYEETEL		psite	412
ENSP00000396301	IK	325	EDIGDYVPSTT		hprd;pelm;psite	412
ENSP00000303830	INSR	1189	IYETDYYRKGG	INSR	hprd;pelm;psite	630
ENSP00000200181	ITGB4	1343	QSGEDYDSFLM		psite	621
ENSP00000200181	ITGB4	1492	TLTRDYNSLTR		psite	621
ENSP00000200181	ITGB4	1510	TLPRDYSTLTS		hprd;psite	621
ENSP00000296181	ITGB5	774	ASNPLYRKPIS		psite	900
ENSP00000398655	ITK	182	IALYDYQTNDP		psite	901
ENSP00000398655	ITK	512	VLDDQYTSSTG	LCK	hprd;pelm;psite	901
ENSP00000371067	JAK2	221	AKIQDYHILTR	JAK2	hprd;psite	961
ENSP00000371067	JAK2	570	REVGDYGQLHE	JAK2	hprd;pelm;psite	961
ENSP00000371067	JAK2	790	NNCMDYEPDFR		psite	961
ENSP00000371067	JAK2	813	LFTPDYELLTE	JAK2	hprd;pelm;psite	961
ENSP00000371067	JAK2	940	GSLRDYLQKHK		psite	961
ENSP00000371067	JAK2	1007	PQDKEYYKVKE	JAK2	hprd;pelm;psite	961
ENSP00000286627	KCNMA1	1028	ALRGGYSTPQT		hprd;pelm;psite	460
ENSP00000288135	KIT	362	DKWEDYPKSEN		hprd;psite	958
ENSP00000288135	KIT	570	GNNYVYIDPTQ	KIT	hprd;pelm;psite	958
ENSP00000288135	KIT	730	KPGVSYVVPTK		hprd;psite	958
ENSP00000288135	KIT	823	KNDSNYVVKGN	KIT	pelm;psite	958
ENSP00000337825	LCK	192	DNGGFYISPRI	SYK	hprd;pelm;psite	902
ENSP00000337825	LCK	394	IEDNEYTAREG	FCGR3A;LCK	hprd;pelm;psite	902
ENSP00000337825	LCK	489	RPTFDYLRSVL		psite	902
ENSP00000237380	MED28	64	LVSQDYVNGTD	LCK	hprd;psite	621
ENSP00000295408	MERTK	753	IYSGDYYRQGR	MERTK	hprd;pelm;psite	625
ENSP00000252674	MLLT1	158	RPSPDYPMLPT		hprd;psite	429
ENSP00000288986	NCK1	268	PPQCDYIRPSL		hprd;pelm;psite	900
ENSP00000233154	NCK2	99	STDAEYPANGS		psite	900
ENSP00000233154	NCK2	110	GADRIYDLNIP		hprd;pelm;psite	900
ENSP00000233154	NCK2	271	APQISYTGPSS		psite	900
ENSP00000233154	NCK2	342	LVDNVYCIGQR		psite	900
ENSP00000358548	NRAS	157	VEDAFYTLVRE		psite	912
ENSP00000347379	OCLN	315	SPPSDYVERVD		psite	960
ENSP00000347379	OCLN	402	HYETDYTTGGE	SRC	psite	960
ENSP00000347379	OCLN	467	KELDDYREESE		psite	960
ENSP00000162330	BCAR1	115	QPDSVYLVPTP	SRC	hprd;psite	919
ENSP00000162330	BCAR1	128	AQQGLYQVPGP	FGFR1;SRC	hprd;pelm;psite	919
ENSP00000162330	BCAR1	165	PATDLYQVPPG	PTK6;SRC	hprd;pelm;psite	919
ENSP00000162330	BCAR1	179	PAQDIYQVPPS	SRC	hprd;psite	919
ENSP00000162330	BCAR1	192	MGHDIYQVPPS	SRC	hprd;psite	919
ENSP00000162330	BCAR1	234	PEQDEYDIPRH	SRC	hprd;pelm;psite	919
ENSP00000162330	BCAR1	249	GPQDIYDVPPV	FGFR1	hprd;pelm;psite	919
ENSP00000162330	BCAR1	267	YGQEVYDTPPM	SRC	hprd;psite	919
ENSP00000162330	BCAR1	287	PLLEVYDVPPS	SRC	hprd;psite	919
ENSP00000162330	BCAR1	306	NHHAVYDVPPS	FGFR1	hprd;pelm;psite	919
ENSP00000162330	BCAR1	327	LREETYDVPPA	FGFR1	hprd;pelm;psite	919
ENSP00000162330	BCAR1	362	PAEDVYDVPPP	SRC	hprd;psite	919
ENSP00000162330	BCAR1	372	PAPDLYDVPPG		hprd;psite	919
ENSP00000162330	BCAR1	387	GPGTLYDVPRE	SRC	hprd;pelm;psite	919
ENSP00000162330	BCAR1	410	VDSGVYAVPPP	FGFR1;PTK2	hprd;pelm;psite	919
ENSP00000162330	BCAR1	653	SPDGQYENSEG	SRC	hprd;pelm;psite	919
ENSP00000162330	BCAR1	664	GWMEDYDYVHL	PTK2;PTK6	hprd;pelm;psite	919
ENSP00000162330	BCAR1	666	MEDYDYVHLQG	PTK2	hprd;psite	919
ENSP00000228872	CDKN1B	88	SLPEFYYRPPR	ABL1;LYN;SRC;YES1	hprd;pelm;psite	620
ENSP00000228872	CDKN1B	89	LPEFYYRPPRP	ABL1;SRC;YES1	pelm;psite	620
ENSP00000261799	PDGFRB	581	GHEYIYVDPMQ	PDGFRB	hprd;pelm;psite	959
ENSP00000261799	PDGFRB	692	GDLVDYLHRNK		psite	959
ENSP00000261799	PDGFRB	740	ESDGGYMDMSK	PDGFRB	hprd;pelm;psite	959
ENSP00000261799	PDGFRB	751	DESVDYVPMLD	PDGFRB	hprd;pelm;psite	959
ENSP00000261799	PDGFRB	763	KGDVKYADIES	PDGFRB	hprd;pelm;psite	959
ENSP00000261799	PDGFRB	771	IESSNYMAPYD	PDGFRB	hprd;pelm;psite	959
ENSP00000261799	PDGFRB	857	MRDSNYISKGS	PDGFRB	hprd;pelm;psite	959
ENSP00000261799	PDGFRB	934	ASDEIYEIMQK	ABL1	hprd;psite	959
ENSP00000261799	PDGFRB	1021	EGDNDYIIPLP	PDGFRB	hprd;pelm;psite	959
ENSP00000263967	PIK3CA	355	DIDKIYVRTGI		psite	930
ENSP00000274335	PIK3R1	368	KMHGDYTLTLR	INSR	hprd;pelm;psite	900
ENSP00000274335	PIK3R1	467	EYDRLYEEYTR		hprd;pelm;psite	900
ENSP00000222254	PIK3R2	464	EYDQLYEEYTR		hprd;pelm;psite	899
ENSP00000262741	PIK3R3	199	EYDRLYEEYTR		psite	899
ENSP00000262741	PIK3R3	341	DADENYFINEE	INSR	hprd;pelm;psite	899
ENSP00000262741	PIK3R3	373	AEDLLYGKPDG		psite	899
ENSP00000331602	PRKCD	514	CGTPDYIAPEI	LCK	hprd;psite	906
ENSP00000331602	PRKCD	630	KSPRDYSNFDQ		psite	906
ENSP00000244007	PLCG1	186	LSQVNYRVPNM		psite	902
ENSP00000244007	PLCG1	210	SGDITYGQFAQ		psite	902
ENSP00000244007	PLCG1	771	TAEPDYGALYE	EGFR;LYN;SYK	hprd;pelm;psite	902
ENSP00000244007	PLCG1	833	WWRGDYGGKKQ		psite	902
ENSP00000244007	PLCG1	959	SELVVYCRPVP		psite	902
ENSP00000244007	PLCG1	1254	SFESRYQQPFE	EGFR	hprd;pelm;psite	902
ENSP00000352336	PLCG2	759	DVSRMYVDPSE	BTK;FYN;LCK;LYN;SRC;SYK	hprd;pelm;psite	899
ENSP00000352336	PLCG2	780	KALYDYKAKRS		psite	899
ENSP00000352336	PLCG2	811	WWKGDYGTRIQ		psite	899
ENSP00000352336	PLCG2	936	SDLVVYCKPTS		psite	899
ENSP00000361021	PTEN	315	DNDKEYLVLTL	LCK	hprd;pelm;psite	633
ENSP00000361021	PTEN	336	DKANRYFSPNF	FRK	psite	633
ENSP00000394794	PTPN13	363	KMDPIYHTREL		psite	922
ENSP00000330276	PTPN21	569	RPPPPYPPPRP		psite	899
ENSP00000332816	PTK2B	579	IEDEDYYKASV	PTK2B	hprd;pelm;psite	904
ENSP00000332816	PTK2B	699	ERNARYRTPKI		psite	904
ENSP00000332816	PTK2B	722	PSRPKYRPPPQ		psite	904
ENSP00000332816	PTK2B	756	TSPMEYPSPVN		hprd;psite	904
ENSP00000332816	PTK2B	819	QMVEDYQWLRQ		psite	904
ENSP00000332816	PTK2B	881	TDDLVYLNVME	PTK2B	hprd;pelm;psite	904
ENSP00000348461	RAC1	64	AGQEDYDRLRP	PTK2;SRC	psite	910
ENSP00000361264	RAPGEF1	79	FLPEGYPLPLD		psite	899
ENSP00000361264	RAPGEF1	408	HYDPDYEFLQQ		psite	899
ENSP00000361264	RAPGEF1	579	QLLEDYSEPQP		psite	899
ENSP00000361264	RAPGEF1	588	QPSMFYQTPQN		psite	899
ENSP00000274376	RASA1	239	AMCGDYYIGGR		psite	961
ENSP00000274376	RASA1	472	TKDAFYKNIVK		psite	961
ENSP00000333001	RBM8A	54	RMREDYDSVEQ		hprd;pelm;psite	424
ENSP00000296474	MST1R	1017	YSGSDYRSGLA		psite	619
ENSP00000296474	MST1R	1238	ILDREYYSVQQ	MST1R	hprd;pelm;psite	619
ENSP00000296474	MST1R	1317	CPDSLYQVMQQ		psite	619
ENSP00000246792	RRAS	58	YFVSDYDPTIE		psite	899
ENSP00000313829	KHDRBS1	375	GYDDTYAEQSY		psite	820
ENSP00000313829	KHDRBS1	396	QGDSEYYDYGH		psite	820
ENSP00000391592	PTPN6	301	IPGSDYINANY		psite	902
ENSP00000340944	PTPN11	62	QNTGDYYDLYG		hprd;pelm;psite	903
ENSP00000340944	PTPN11	304	EPVSDYINANI		pelm;psite	903
ENSP00000348307	SIRPA	429	TNDITYADLNL		psite	596
ENSP00000338345	SNCA	125	PDNEAYEMPSE	FYN;PTK2B;SRC;SYK	hprd;pelm;psite	899
ENSP00000384675	SOS1	618	LTYHMYADPNF		psite	900
ENSP00000374372	SPTB	1672	QVDKHYAGLKD		psite	462
ENSP00000350941	SRC	419	IEDNEYTARQG	PDGFRA;PDGFRB;PRKACA;SRC	hprd;pelm;psite	902
ENSP00000350941	SRC	522	AFLEDYFTSTE		psite	902
ENSP00000354394	STAT1	68	QLDDQYSRFSL		psite	928
ENSP00000264657	STAT3	45	SQDWAYAASKE		psite	948
ENSP00000264657	STAT3	686	EAFGKYCRPES		hprd;psite	948
ENSP00000364898	SYK	28	EEAEDYLVQGG		psite	903
ENSP00000364898	SYK	296	SRIKSYSFPKP		hprd;pelm;psite	903
ENSP00000364898	SYK	348	MDTEVYESPYA	SYK	hprd;pelm;psite	903
ENSP00000364898	SYK	352	VYESPYADPEE	SYK	hprd;pelm;psite	903
ENSP00000364898	SYK	431	QLDNPYIVRMI		psite	903
ENSP00000364898	SYK	525	RADENYYKAQT	SYK	hprd;pelm;psite	903
ENSP00000261740	TRPV4	110	DSLFDYGTYRH		psite	619
ENSP00000261740	TRPV4	508	RTTVDYLRLAG		hprd;psite	619
ENSP00000315644	TYMS	153	DMESDYSGQGV		hprd;psite	625
ENSP00000263798	TYRO3	685	IYSGDYYRQGC		psite	623
ENSP00000263798	TYRO3	828	GRDQPYSGAGD		psite	623
ENSP00000250066	USP6	744	NMDEKYTGLKK		psite	419
ENSP00000360916	VAV2	142	NDDDVYRSLEE	EGFR;LCK	hprd;pelm;psite	900
ENSP00000360916	VAV2	172	GGDDIYEDIIK	EGFR;LCK	hprd;pelm;psite	900
ENSP00000282397	FLT1	794	EIKTDYLSIIM		hprd;pelm;psite	629
ENSP00000282397	FLT1	1048	LARDIYKNPDY		hprd;pelm;psite	629
ENSP00000282397	FLT1	1053	YKNPDYVRKGD		hprd;pelm;psite	629
ENSP00000282397	FLT1	1169	QDGKDYIPINA	FLT1	hprd;pelm;psite	629
ENSP00000282397	FLT1	1213	SDDVRYVNAFK	FLT1	hprd;pelm;psite	629
ENSP00000282397	FLT1	1242	SMFDDYQGDSS	FLT1	hprd;pelm;psite	629
ENSP00000282397	FLT1	1327	SPPPDYNSVVL	FLT1	hprd;pelm;psite	629
ENSP00000282397	FLT1	1333	NSVVLYSTPPI	FLT1	hprd;pelm;psite	629
ENSP00000263923	KDR	951	RQGKDYVGAIP	KDR	hprd;pelm;psite	629
ENSP00000263923	KDR	1054	LARDIYKDPDY	KDR	hprd;pelm;psite	629
ENSP00000263923	KDR	1059	YKDPDYVRKGD	KDR	hprd;pelm;psite	629
ENSP00000263923	KDR	1175	QDGKDYIVLPI	KDR;SRC	hprd;pelm;psite	629
ENSP00000211998	VCL	100	LQSDPYSVPAR	SRC	hprd;psite	919
ENSP00000211998	VCL	107	VPARDYLIDGS		psite	919
ENSP00000211998	VCL	822	FLDSGYRILGA		hprd;pelm;psite	919
ENSP00000254806	WBP2	192	DGAMGYVQPPP		psite	817
ENSP00000254806	WBP2	231	AAASAYYNPGN		psite	817
ENSP00000254806	WBP2	252	PPPPPYYPPED		psite	817
ENSP00000264972	ZAP70	126	AMVRDYVRQTW	ZAP70	hprd;pelm;psite	899
ENSP00000264972	ZAP70	221	DKAGKYCIPEG		psite	899
ENSP00000264972	ZAP70	315	MDTSVYESPYS	ZAP70	hprd;pelm;psite	899
ENSP00000264972	ZAP70	319	VYESPYSDPEE	ABL1;ZAP70	hprd;pelm;psite	899
ENSP00000264972	ZAP70	397	QLDNPYIVRLI		psite	899
ENSP00000264972	ZAP70	492	GADDSYYTARS	LCK;ZAP70	hprd;pelm;psite	899
ENSP00000264972	ZAP70	493	ADDSYYTARSA	LCK;ZAP70	hprd;pelm;psite	899
ENSP00000264033	CBL	337	FREGFYLFPDG		pelm	962
ENSP00000261740	TRPV4	411	FKDWAYGPVYS		hprd;pelm	619
ENSP00000331736	SELE	603	ESDGSYQKPSY		hprd	497
ENSP00000306157	IL7R	169	MHDVAYRQEKD		hprd	846
ENSP00000254806	WBP2	51	KKGTVYLTPYR		hprd	817
