name	YWHAG
id	ENSP00000306330
type	14-3-3 protein
proline+1_removed	
npartners	186
npartners_with_sites	158
nsites	212
//
motif	score	fg_matches	fg_size	bg_matches	bg_size	fold_increase
..RS.[ST].P...	626.31	23	1933	0	9365	Inf
.....[ST]PP...	320.11	74	2491	35	10000	8.49
..RR.[ST].....	319.56	43	1976	18	9383	11.34
H....[ST]P....	316.15	20	2417	5	9965	16.49
R.R..[ST].....	315.95	45	1910	31	9365	7.12
//
prot_id	prot_name	position	flank	kinase	source	string_score
ENSP00000300161	YWHAB	60	GARRSSWRVIS	PRKCD	hprd;pelm;psite	NA
ENSP00000248975	YWHAH	59	GARRSSWRVIS		pelm;psite	NA
ENSP00000309503	YWHAZ	58	GARRSSWRVVS	AKT1;MAPKAPK2;PRKACA	hprd;pelm;psite	NA
ENSP00000361423	ABL1	588	HEPAVSPLLPR	CDK1	hprd;pelm;psite	NA
ENSP00000361423	ABL1	632	KKTAPTPPKRS		hprd;psite	NA
ENSP00000361423	ABL1	754	EWRSVTLPRDL	CLK1;CLK4;MAP3K8;STK3;STK4;TTK	hprd;pelm;psite	NA
ENSP00000361423	ABL1	800	TRGTVTPPPRL		hprd;psite	NA
ENSP00000361423	ABL1	828	SSPGSSPPNLT		hprd;psite	NA
ENSP00000361423	ABL1	16	DQRRPSLPALH		psite	NA
ENSP00000270202	AKT1	72	RPRPNTFIIRC	AKT1	psite	NA
ENSP00000270202	AKT1	246	RERVFSEDRAR	AKT1	psite	NA
ENSP00000270202	AKT1	450	QMITITPPDQD	MTOR	hprd;pelm;psite	NA
ENSP00000264448	ALMS1	92	ILPPLSPPQHR		psite	NA
ENSP00000264448	ALMS1	3035	AASASTPPSNR		psite	NA
ENSP00000371734	KANK1	186	RPRLASFGGMG		psite	NA
ENSP00000371734	KANK1	325	RKRSYSAGNAS		hprd;pelm;psite	NA
ENSP00000366863	TBC1D4	66	EIRRRSQKPEA		psite	NA
ENSP00000366863	TBC1D4	318	RSRCSSVTGVQ		pelm;psite	NA
ENSP00000366863	TBC1D4	341	RRRHASAPSHV		hprd;pelm;psite	NA
ENSP00000366863	TBC1D4	588	RGRLGSVDSFE	CHEK1	hprd;pelm;psite	NA
ENSP00000366863	TBC1D4	609	YSPGDSPPGTP		psite	NA
ENSP00000366863	TBC1D4	613	DSPPGTPPASP		psite	NA
ENSP00000366863	TBC1D4	617	GTPPASPPSSA		psite	NA
ENSP00000366863	TBC1D4	642	RRRAHTFSHPP	AKT1	pelm;psite	NA
ENSP00000366863	TBC1D4	751	RKRTSSTCSNE		hprd;pelm;psite	NA
ENSP00000351908	MAP3K5	83	RGRGSSVGGGS	AKT1;AKT2;PIM1	hprd;pelm;psite	NA
ENSP00000351908	MAP3K5	966	YLRSISLPVPV	MAP3K5;PDPK1	hprd;pelm;psite	NA
ENSP00000351908	MAP3K5	1033	HSAPPSPEEKD		hprd;pelm;psite	NA
ENSP00000393583	AZI1	795	RQRLYSEVAEE		psite	NA
ENSP00000309103	BAD	75	RSRHSSYPAGT	ARAF;BRAF;PAK1;PIM3;PRKACA;PRKCE;PRKCI;PRKCQ;PRKD1;RAF1;RPS6KA1;RPS6KA3	hprd;pelm;psite	NA
ENSP00000309103	BAD	99	RGRSRSAPPNL	AKT1;ARAF;BRAF;PAK1;PRKACA;PRKCE;PRKCI;PRKCQ;PRKD1;RAF1;RPS6KA3	hprd;pelm;psite	NA
ENSP00000309103	BAD	118	ELRRMSDEFVD	ARAF;BRAF;PAK1;PRKACA;PRKCE;PRKCI;PRKD1;RAF1;RPS6KA1	hprd;pelm;psite	NA
ENSP00000303507	BCR	432	DGSFGTPPGYG		psite	NA
ENSP00000303507	BCR	698	TPRRQSMTVKK		psite	NA
ENSP00000288602	BRAF	365	RDRSSSAPNVH	AKT1;AKT3	hprd;pelm;psite	NA
ENSP00000288602	BRAF	401	TGLSATPPASL	MAPK1;MAPK3	hprd;pelm;psite	NA
ENSP00000288602	BRAF	429	RERKSSSSSED	AKT1;AKT3	hprd;pelm;psite	NA
ENSP00000288602	BRAF	440	RNRMKTLGRRD		hprd;pelm;psite	NA
ENSP00000288602	BRAF	446	LGRRDSSDDWE	PAK1	hprd;pelm;psite	NA
ENSP00000288602	BRAF	729	IHRSASEPSLN		hprd;pelm;psite	NA
ENSP00000263119	CABIN1	2094	TQPLSSPPTAA		psite	NA
ENSP00000263119	CABIN1	2151	PEITVTPPTPT		hprd;psite	NA
ENSP00000264122	CBLB	672	VPPRLSPPPPV		psite	NA
ENSP00000245960	CDC25B	42	HGLLGSPVRAA		psite	NA
ENSP00000245960	CDC25B	178	DGRRKSEAGSG		psite	NA
ENSP00000245960	CDC25B	323	LFRSPSMPCSV	MAPKAPK2;MELK	pelm;psite	NA
ENSP00000245960	CDC25B	353	NKRRRSVTPPE	AURKA;MAPKAPK2;RPS6KA1	hprd;pelm;psite	NA
ENSP00000245960	CDC25B	355	RRRSVTPPEEQ	RPS6KA1	hprd;pelm;psite	NA
ENSP00000321656	CDC25C	122	HLMKCSPAQLL	CDK1	hprd;pelm;psite	NA
ENSP00000321656	CDC25C	216	LYRSPSMPENL	BRSK1;CHEK1;CHEK2;MAPK14;MAPKAPK2;MARK3	hprd;pelm;psite	NA
ENSP00000384442	CDK11A	232	SHWSRSPPRPP		hprd;psite	NA
ENSP00000405798	CDK16	159	RLRRVSLSEIG	PRKACA	hprd;pelm;psite	NA
ENSP00000405798	CDK16	486	SLRSSSMPDSG		hprd;pelm;psite	NA
ENSP00000343818	CDK5RAP2	1238	KFRDLSPPRYD		hprd;pelm;psite	NA
ENSP00000343818	CDK5RAP2	1350	HLLPESPEPSA		psite	NA
ENSP00000371308	CENPJ	616	HRMSSTPVKAV		psite	NA
ENSP00000371308	CENPJ	859	SRRSRSPPTSE		hprd;psite	NA
ENSP00000371308	CENPJ	1109	PRRSKSAPPRD		hprd;psite	NA
ENSP00000257287	CEP135	156	HAVVQTPGGKK		psite	NA
ENSP00000257287	CEP135	441	RDRSPSRLDTF		psite	NA
ENSP00000257287	CEP135	1121	RHGLATPPLSS		hprd;psite	NA
ENSP00000382271	CEP152	1185	QTLCKTPPRSL		psite	NA
ENSP00000278935	CEP164	472	LEERLSPPLPH		psite	NA
ENSP00000278935	CEP164	568	VAVSPTPPVSP		psite	NA
ENSP00000317902	CEP57	55	LRRSPSKPTLA		psite	NA
ENSP00000281282	CGNL1	297	RSRRSSSSSTT		psite	NA
ENSP00000324464	CSNK1D	356	HTANTSPRPVS		hprd;pelm;psite	NA
ENSP00000352929	CSNK1E	377	RERKVSMRLHR		psite	NA
ENSP00000346566	CKAP5	816	KMQGQSPPAPT		hprd;pelm;psite	NA
ENSP00000263710	CLASP1	646	RTRRQSSGSAT		hprd;pelm;psite	NA
ENSP00000269122	CLTC	235	IIEVGTPPTGN		psite	NA
ENSP00000344456	CTNNB1	191	HAIMRSPQMVS	CDK5	hprd;psite	NA
ENSP00000344456	CTNNB1	552	TQRRTSMGGTQ	AKT1;AKT2;CAMK2A;PRKACA	hprd;pelm;psite	NA
ENSP00000337439	DACT1	237	VCRSLSTPQFN	PRKACA	psite	NA
ENSP00000286234	DEPTOR	280	AVRRSSMSSCG		psite	NA
ENSP00000286234	DEPTOR	299	PTLSSSPPVLC	MTOR	psite	NA
ENSP00000355596	DISC1	50	YMRSSTGPGIG		psite	NA
ENSP00000408910	DCTN2	203	GKTTGTPPDSS		hprd;psite	NA
ENSP00000338481	EPB41L2	673	EKRRITPLSLQ		psite	NA
ENSP00000341138	EPB41L3	420	QTRRASALIDR		hprd;psite	NA
ENSP00000311873	EXO1	475	KKSVSTPPRTR		psite	NA
ENSP00000311873	EXO1	598	FTRTISPPTLG		hprd;pelm;psite	NA
ENSP00000239906	FAM53C	122	HCRSLSVPVDL		hprd;pelm;psite	NA
ENSP00000239906	FAM53C	162	QVPHQSPPKRV		psite	NA
ENSP00000239906	FAM53C	190	AHRPYSPPFFS		psite	NA
ENSP00000239906	FAM53C	232	PQRRFSLSPSL		hprd;pelm;psite	NA
ENSP00000239906	FAM53C	273	LPRSRSQPCDL		hprd;pelm;psite	NA
ENSP00000259698	FAM65B	37	RSRCNSFIENS		psite	NA
ENSP00000259698	FAM65B	341	LQRRMSMYSQG		psite	NA
ENSP00000259698	FAM65B	523	ACRRQSSGAGA		psite	NA
ENSP00000260385	RMDN3	46	HGRSQSLPNSL		hprd;pelm;psite	NA
ENSP00000260385	RMDN3	151	RERSDSTGSSS		psite	NA
ENSP00000299402	APBB1	175	EEDLSSPPGLP	MAPK1	pelm;psite	NA
ENSP00000355812	FGFR1OP	156	LSDVHSPPKSP		hprd;pelm;psite	NA
ENSP00000355812	FGFR1OP	160	HSPPKSPEGKT		hprd;pelm;psite	NA
ENSP00000368880	FOXO1	24	RPRSCTWPLPR	AKT1	hprd;pelm;psite	NA
ENSP00000368880	FOXO1	256	RRRAASMDNNS	AKT1	hprd;pelm;psite	NA
ENSP00000368880	FOXO1	319	RPRTSSNASTI	AKT1	hprd;pelm;psite	NA
ENSP00000368880	FOXO1	470	LLTSDSPPHND		hprd;pelm;psite	NA
ENSP00000339527	FOXO3	32	RPRSCTWPLQR	AKT1;PIM1;SGK1	hprd;pelm;psite	NA
ENSP00000339527	FOXO3	253	RRRAVSMDNSN	AKT1;PIM1;SGK1	hprd;pelm;psite	NA
ENSP00000339527	FOXO3	315	RSRTNSNASTV	SGK1	hprd;pelm;psite	NA
ENSP00000339527	FOXO3	413	MQRSSSFPYTT	PRKAA2	psite	NA
ENSP00000363377	FOXO4	32	RPRSCTWPLPR	AKT1;AKT2	hprd;pelm;psite	NA
ENSP00000363377	FOXO4	197	RRRAASMDSSS	AKT1	hprd;pelm;psite	NA
ENSP00000363377	FOXO4	262	RPRSSSNASSV	AKT1	hprd;pelm;psite	NA
ENSP00000363377	FOXO4	455	GTPVLTPPTEA	AKT1;MAPK8;MAPK9	hprd;pelm;psite	NA
ENSP00000283645	TUBGCP5	611	HGEDSTPQVLT		psite	NA
ENSP00000248846	TUBGCP6	831	HPQVTSPGPEH		pelm;psite	NA
ENSP00000248846	TUBGCP6	1296	PRPQQSPPGHT		pelm;psite	NA
ENSP00000320935	SLC2A4	274	RERPLSLLQLL	SGK1	pelm;psite	NA
ENSP00000350275	HIST1H3A	46	RYRPGTVALRE	AKT2;PRKCD	psite	NA
ENSP00000264606	HDAC4	266	AERRSSPLLRR		hprd;psite	NA
ENSP00000225983	HDAC5	235	SGPPGTPPSYK		psite	NA
ENSP00000225983	HDAC5	280	AERRSSPLLRR	PRKACA	psite	NA
ENSP00000225983	HDAC5	672	PGGMKSPPDQP		psite	NA
ENSP00000004982	HSPB6	16	WLRRASAPLPG	PRKACA	hprd;psite	NA
ENSP00000200181	ITGB4	1604	RVRAQSQEGWG		psite	NA
ENSP00000303315	JUNB	104	ITTTPTPPGQY	MAPK14;MAPK8	hprd;pelm;psite	NA
ENSP00000303315	JUNB	255	RSRDATPPVSP	GSK3B	hprd;pelm;psite	NA
ENSP00000320821	KIF1C	915	SARPPSPPLSS		hprd;psite	NA
ENSP00000320821	KIF1C	1033	HPRRNSLDGGG		hprd;pelm;psite	NA
ENSP00000320821	KIF1C	1083	YPPYTTPPRMR		hprd;pelm;psite	NA
ENSP00000260363	KIF23	125	HTMTGSPGEGG		pelm;psite	NA
ENSP00000260363	KIF23	912	RKRRSSTVAPA		hprd;pelm;psite	NA
ENSP00000343701	KPNA1	244	LCRGKSPPPEF		psite	NA
ENSP00000372035	LATS2	172	VTRRPSFEGTG	CHEK2	psite	NA
ENSP00000372035	LATS2	279	SFQSKTPPETG		hprd;pelm;psite	NA
ENSP00000372035	LATS2	380	LARRDSLQKPG	AURKA;CHEK2	hprd;pelm;psite	NA
ENSP00000356070	MAPKAPK2	9	NSQGQSPPVPF	MAPK1	pelm;psite	NA
ENSP00000356070	MAPKAPK2	222	HNSLTTPCYTP	MAPK1;MAPK14	hprd;pelm;psite	NA
ENSP00000356070	MAPKAPK2	272	HGLAISPGMKT	MAPK1;MAPK14	hprd;pelm;psite	NA
ENSP00000302486	MAP2K1	286	GDAAETPPRPR	CDK1;CDK5	hprd;pelm;psite	NA
ENSP00000354558	MTOR	2446	RSRTRTDSYSA	AKT1;RPS6KB1	hprd;pelm;psite	NA
ENSP00000354558	MTOR	2448	RTRTDSYSAGQ	AKT1;RPS6KB1	hprd;pelm;psite	NA
ENSP00000269243	MYH10	1203	RQRHATALEEL		psite	NA
ENSP00000383199	NEDD4L	342	RLRSCSVTDAV	PRKACA;SGK1	hprd;pelm;psite	NA
ENSP00000383199	NEDD4L	367	RARSSTVTGGE	PRKACA;SGK1	pelm;psite	NA
ENSP00000383199	NEDD4L	448	RPRSLSSPTVT	PRKACA;SGK1	hprd;pelm;psite	NA
ENSP00000278886	NINL	589	HSPSWSPDGRR	CDK1	psite	NA
ENSP00000345892	NDE1	306	GERRPSSTSVP	PRKACA	hprd;pelm;psite	NA
ENSP00000307781	ODF2	68	HCLEITPPSSE		psite	NA
ENSP00000307781	ODF2	18	HVDENTPVHVH		psite	NA
ENSP00000344314	OFD1	669	PLAAKSPPSLH		hprd;pelm;psite	NA
ENSP00000344314	OFD1	735	SSRRLSSTPLP		hprd;psite	NA
ENSP00000344314	OFD1	789	IPPVSSPPEQK		psite	NA
ENSP00000344314	OFD1	899	EERRQSNLQEV		psite	NA
ENSP00000228872	CDKN1B	157	RKRPATDDSST	AKT1;PIM1;SGK1	hprd;pelm;psite	NA
ENSP00000269305	TP53	150	LWVDSTPPPGT	CSNK2A1	psite	NA
ENSP00000352572	PCNT	1653	LLRRESEVLDL		psite	NA
ENSP00000352572	PCNT	1814	QERRHSQALEA		hprd;psite	NA
ENSP00000352572	PCNT	2327	QETLSSPPPGL		psite	NA
ENSP00000352572	PCNT	3242	ARQPQSPPRTR		psite	NA
ENSP00000247970	PIN1	71	QSRRPSSWRQE		psite	NA
ENSP00000265717	PRKAR2B	114	FTRRASVCAEA	PRKACA;PRKAR2B	hprd;pelm;psite	NA
ENSP00000305355	PRKCB	641	HPPVLTPPDQE		hprd;psite	NA
ENSP00000263431	PRKCG	655	AAPALTPPDRL		hprd;pelm;psite	NA
ENSP00000300093	PLK1	137	LCRRRSLLELH	MAP3K8	pelm;psite	NA
ENSP00000270861	PLK4	591	TLRSITSPLVA		psite	NA
ENSP00000270861	PLK4	817	SPKALSPPPSV		hprd;psite	NA
ENSP00000341698	AKT1S1	92	PSPTPSPPRPT		hprd;pelm;psite	NA
ENSP00000341698	AKT1S1	246	RPRLNTSDFQK	AKT1;DYRK3	hprd;pelm;psite	NA
ENSP00000292055	SIK3	411	SMRRHTVGVAD		psite	NA
ENSP00000292055	SIK3	493	LGRRASDGGAN		psite	NA
ENSP00000292055	SIK3	568	PVRRFSDGAAS		hprd;psite	NA
ENSP00000292055	SIK3	673	RIQPSSPPPNH		psite	NA
ENSP00000251849	RAF1	43	YQRRASDDGKL	PRKACA;PRKCA	hprd;pelm;psite	NA
ENSP00000251849	RAF1	259	RQRSTSTPNVH	AKT1;PRKACA;RAF1	hprd;pelm;psite	NA
ENSP00000251849	RAF1	289	HSESASPSALS	MAPK1;MAPK3	hprd;pelm;psite	NA
ENSP00000251849	RAF1	621	INRSASEPSLH	PRKACA;RAF1	hprd;pelm;psite	NA
ENSP00000307272	RPTOR	721	RLRSVSSYGNI	RPS6KA1	psite	NA
ENSP00000307272	RPTOR	877	HQAGGSPPASS		hprd;pelm;psite	NA
ENSP00000296474	MST1R	1394	RPRPLSEPPRP	AKT1	pelm;psite	NA
ENSP00000383411	SAMSN1	34	RFRNNSLSKPD		hprd;psite	NA
ENSP00000383411	SAMSN1	297	RRRLLSAAENF		psite	NA
ENSP00000270162	SIK1	435	RPRPVSPSSLL		psite	NA
ENSP00000270162	SIK1	473	TGRRHTLAEVS		psite	NA
ENSP00000270162	SIK1	575	EGRRASDTSLT		psite	NA
ENSP00000302139	SYNPO	336	ASWVRSPPSYS		hprd;pelm;psite	NA
ENSP00000302139	SYNPO	784	NPRPFSPPRAP		hprd;psite	NA
ENSP00000306015	SYNPO2	626	PYSAVTPPPDA		psite	NA
ENSP00000306015	SYNPO2	755	SAKQKTPPPVA		psite	NA
ENSP00000306015	SYNPO2	1091	SGRSLSLPGRS		psite	NA
ENSP00000370571	TH	71	IGRRQSLIEDA	CAMK2A;MAPKAPK2;PRKACA;RPS6KA3	hprd;pelm;psite	NA
ENSP00000268184	CRTC3	443	AQAQVSPPPPY		hprd;psite	NA
ENSP00000276603	TERF1	273	RTRTITSQDKP	AKT1	psite	NA
ENSP00000298552	TSC1	357	VCGMTTPPTSP		psite	NA
ENSP00000298552	TSC1	417	PQATVTPPRKE	CDK1	hprd;pelm;psite	NA
ENSP00000219476	TSC2	540	MARSLSPPPEL	MAPK1	hprd;pelm;psite	NA
ENSP00000219476	TSC2	664	TSGPLSPPTGP	MAPK1;MAPK3	hprd;pelm;psite	NA
ENSP00000219476	TSC2	939	RARSTSLNERP	AKT1	hprd;pelm;psite	NA
ENSP00000219476	TSC2	960	QGLNNSPPVKE		psite	NA
ENSP00000219476	TSC2	981	RCRSISVSEHV	AKT1	hprd;pelm;psite	NA
ENSP00000219476	TSC2	1130	RDRVRSMSGGH		hprd;psite	NA
ENSP00000219476	TSC2	1132	RVRSMSGGHGL		hprd;pelm;psite	NA
ENSP00000219476	TSC2	1462	RPRGYTISDSA	AKT1	hprd;pelm;psite	NA
ENSP00000219476	TSC2	1798	RKRLISSVEDF	RPS6KA1	hprd;pelm;psite	NA
ENSP00000248673	ZFP36	197	SGRRTSPPPPG		pelm;psite	NA
ENSP00000248673	ZFP36	218	FSPSSSPPPPG		pelm;psite	NA
ENSP00000248673	ZFP36	257	SCRRATPISVW		psite	NA
ENSP00000313059	WNK1	19	GSLFLSPPAPA		hprd;pelm;psite	NA
ENSP00000313059	WNK1	60	RRRRHTMDKDS	AKT1;RPS6KA5;SGK1	hprd;pelm;psite	NA
ENSP00000313059	WNK1	1978	EGPVASPPFMD		hprd;pelm;psite	NA
ENSP00000313059	WNK1	2128	RRRRPTKSKGS		psite	NA
ENSP00000313059	WNK1	2270	SGRRGSKGHMN		psite	NA
ENSP00000368880	FOXO1	478	HNDIMTPVDPG		hprd;pelm	NA
ENSP00000343818	CDK5RAP2	1887	HPGTCSPSRPG		hprd;pelm	NA
ENSP00000302139	SYNPO	539	RSPARTPPASL		hprd;pelm	NA
ENSP00000302139	SYNPO	376	MARRGSRKSMF		pelm	NA
ENSP00000302139	SYNPO	681	QDRRESLPTSP		hprd	NA
ENSP00000302139	SYNPO	685	ESLPTSPPWTP		hprd	NA
ENSP00000302139	SYNPO	718	GSSMSSPPPLP		hprd	NA
