name	YWHAH
id	ENSP00000248975
type	14-3-3 protein
proline+1_removed	
npartners	170
npartners_with_sites	144
nsites	162
//
motif	score	fg_matches	fg_size	bg_matches	bg_size	fold_increase
..RS.[ST].P...	922.96	18	1829	0	9365	Inf
..R..[ST].S..N	922.96	10	1811	0	9365	Inf
RPR..[ST].....	624.5	16	1892	1	9383	79.35
..RR.[ST].....	322.4	47	1876	17	9382	13.83
..R..[ST].S...	321.73	53	1746	50	9309	5.65
//
prot_id	prot_name	position	flank	kinase	source	string_score
ENSP00000300161	YWHAB	60	GARRSSWRVIS	PRKCD	hprd;pelm;psite	NA
ENSP00000306330	YWHAG	59	GARRSSWRVIS	LATS2	psite	NA
ENSP00000309503	YWHAZ	58	GARRSSWRVVS	AKT1;MAPKAPK2;PRKACA	hprd;pelm;psite	NA
ENSP00000361423	ABL1	197	HYRINTASDGK	LATS2	psite	NA
ENSP00000361423	ABL1	737	FLRSCSASCVP		hprd;psite	NA
ENSP00000361423	ABL1	754	EWRSVTLPRDL	CLK1;CLK4;MAP3K8;STK3;STK4;TTK	hprd;pelm;psite	NA
ENSP00000361423	ABL1	16	DQRRPSLPALH		psite	NA
ENSP00000265727	ADAM22	832	NGRPRSNSWQG		psite	NA
ENSP00000265727	ADAM22	834	RPRSNSWQGNL		hprd;psite	NA
ENSP00000265727	ADAM22	855	RFRPRSNSTET		psite	NA
ENSP00000265727	ADAM22	857	RPRSNSTETLS		psite	NA
ENSP00000270202	AKT1	72	RPRPNTFIIRC	AKT1	psite	NA
ENSP00000270202	AKT1	124	DFRSGSPSDNS		hprd;pelm;psite	NA
ENSP00000371734	KANK1	186	RPRLASFGGMG		psite	NA
ENSP00000371734	KANK1	323	GVRKRSYSAGN		hprd;pelm;psite	NA
ENSP00000366244	ARAF	212	LQRIRSTSTPN		hprd;pelm;psite	NA
ENSP00000366244	ARAF	214	RIRSTSTPNVH		hprd;pelm;psite	NA
ENSP00000366244	ARAF	318	LKRIGTGSFGT		psite	NA
ENSP00000366244	ARAF	582	IERSASEPSLH		hprd;pelm;psite	NA
ENSP00000315325	ARHGEF2	145	LRRILSQSTDS	CHEK1	hprd;psite	NA
ENSP00000315325	ARHGEF2	157	NMRNRTLSVES		psite	NA
ENSP00000315325	ARHGEF2	691	LCRADSDSSQR		psite	NA
ENSP00000315325	ARHGEF2	858	DPRRRSLPAGD	MARK2;PAK1;PAK4	hprd;psite	NA
ENSP00000366863	TBC1D4	66	EIRRRSQKPEA		psite	NA
ENSP00000366863	TBC1D4	568	AKRSLTSSLEN		hprd;pelm;psite	NA
ENSP00000366863	TBC1D4	642	RRRAHTFSHPP	AKT1	pelm;psite	NA
ENSP00000366863	TBC1D4	749	EGRKRTSSTCS		hprd;psite	NA
ENSP00000351908	MAP3K5	966	YLRSISLPVPV	MAP3K5;PDPK1	hprd;pelm;psite	NA
ENSP00000309103	BAD	97	PFRGRSRSAPP		psite	NA
ENSP00000309103	BAD	99	RGRSRSAPPNL	AKT1;ARAF;BRAF;PAK1;PRKACA;PRKCE;PRKCI;PRKCQ;PRKD1;RAF1;RPS6KA3	hprd;pelm;psite	NA
ENSP00000309103	BAD	118	ELRRMSDEFVD	ARAF;BRAF;PAK1;PRKACA;PRKCE;PRKCI;PRKD1;RAF1;RPS6KA1	hprd;pelm;psite	NA
ENSP00000303507	BCR	301	LLRSQSTSEQE		psite	NA
ENSP00000303507	BCR	698	TPRRQSMTVKK		psite	NA
ENSP00000288602	BRAF	363	GQRDRSSSAPN		hprd;psite	NA
ENSP00000288602	BRAF	365	RDRSSSAPNVH	AKT1;AKT3	hprd;pelm;psite	NA
ENSP00000288602	BRAF	429	RERKSSSSSED	AKT1;AKT3	hprd;pelm;psite	NA
ENSP00000288602	BRAF	446	LGRRDSSDDWE	PAK1	hprd;pelm;psite	NA
ENSP00000288602	BRAF	465	GQRIGSGSFGT		psite	NA
ENSP00000288602	BRAF	729	IHRSASEPSLN		hprd;pelm;psite	NA
ENSP00000158166	CAMKK1	108	AWRRPTIESHH		hprd;pelm;psite	NA
ENSP00000158166	CAMKK1	513	EERSMSAPGNL	PRKACA	hprd;psite	NA
ENSP00000262367	CREBBP	78	LLRGGSGSSIN		psite	NA
ENSP00000262367	CREBBP	2063	PPRSISPSALQ		hprd;pelm;psite	NA
ENSP00000245960	CDC25B	167	VLRNITNSQAP		psite	NA
ENSP00000245960	CDC25B	178	DGRRKSEAGSG		psite	NA
ENSP00000245960	CDC25B	323	LFRSPSMPCSV	MAPKAPK2;MELK	pelm;psite	NA
ENSP00000245960	CDC25B	353	NKRRRSVTPPE	AURKA;MAPKAPK2;RPS6KA1	hprd;pelm;psite	NA
ENSP00000245960	CDC25B	355	RRRSVTPPEEQ	RPS6KA1	hprd;pelm;psite	NA
ENSP00000321656	CDC25C	216	LYRSPSMPENL	BRSK1;CHEK1;CHEK2;MAPK14;MAPKAPK2;MARK3	hprd;pelm;psite	NA
ENSP00000321656	CDC25C	449	LLRCRSQSKVQ		psite	NA
ENSP00000265741	CDK14	101	KVRRHSSPSSP		hprd;psite	NA
ENSP00000265741	CDK14	102	VRRHSSPSSPT		psite	NA
ENSP00000405798	CDK16	159	RLRRVSLSEIG	PRKACA	hprd;pelm;psite	NA
ENSP00000405798	CDK16	486	SLRSSSMPDSG		hprd;pelm;psite	NA
ENSP00000271636	CGN	1161	SWRKASRSAAE		psite	NA
ENSP00000344456	CTNNB1	552	TQRRTSMGGTQ	AKT1;AKT2;CAMK2A;PRKACA	hprd;pelm;psite	NA
ENSP00000337439	DACT1	237	VCRSLSTPQFN	PRKACA	psite	NA
ENSP00000337439	DACT1	827	ILRFRSGSLKL	PRKACA	psite	NA
ENSP00000286234	DEPTOR	280	AVRRSSMSSCG		psite	NA
ENSP00000270223	DMWD	495	LSRSNSLPHPA		psite	NA
ENSP00000340742	DOCK7	432	GERKGSWSERR		psite	NA
ENSP00000340742	DOCK7	439	SERRNSSIVGR		psite	NA
ENSP00000340742	DOCK7	896	LNRSRSLSNSN		hprd;pelm;psite	NA
ENSP00000340742	DOCK7	898	RSRSLSNSNPD		hprd;pelm;psite	NA
ENSP00000340742	DOCK7	1401	PERSPSGSAFG		hprd;pelm;psite	NA
ENSP00000338481	EPB41L2	673	EKRRITPLSLQ		psite	NA
ENSP00000341138	EPB41L3	420	QTRRASALIDR		hprd;psite	NA
ENSP00000206249	ESR1	236	KNRRKSCQACR	PRKACA	pelm;psite	NA
ENSP00000343925	ESR2	200	KNRRKSCQACR		psite	NA
ENSP00000311873	EXO1	623	FSRTPSPSPST		hprd;psite	NA
ENSP00000368880	FOXO1	24	RPRSCTWPLPR	AKT1	hprd;pelm;psite	NA
ENSP00000368880	FOXO1	319	RPRTSSNASTI	AKT1	hprd;pelm;psite	NA
ENSP00000339527	FOXO3	32	RPRSCTWPLQR	AKT1;PIM1;SGK1	hprd;pelm;psite	NA
ENSP00000339527	FOXO3	413	MQRSSSFPYTT	PRKAA2	psite	NA
ENSP00000339527	FOXO3	551	GSRALSNSVSN		psite	NA
ENSP00000363377	FOXO4	32	RPRSCTWPLPR	AKT1;AKT2	hprd;pelm;psite	NA
ENSP00000363377	FOXO4	262	RPRSSSNASSV	AKT1	hprd;pelm;psite	NA
ENSP00000338728	CCDC88A	1819	TTRRTSIHDFL		hprd;psite	NA
ENSP00000231509	NR3C1	134	LNRSTSVPENP		hprd;pelm;psite	NA
ENSP00000264606	HDAC4	266	AERRSSPLLRR		hprd;psite	NA
ENSP00000080059	HDAC7	546	QARVLSSSETP		psite	NA
ENSP00000304895	IRS1	268	EFRPRSKSQSS	IKBKB	hprd;pelm;psite	NA
ENSP00000304895	IRS1	270	RPRSKSQSSSN	ATR;IKBKB;RPS6KB1	hprd;pelm;psite	NA
ENSP00000304895	IRS1	305	TRRSRTESITA		psite	NA
ENSP00000304895	IRS1	1100	CRRRHSSETFS		hprd;psite	NA
ENSP00000304895	IRS1	1143	VKRHSSASFEN		hprd;psite	NA
ENSP00000304895	IRS1	1223	STRRSSEDLSA		hprd;pelm;psite	NA
ENSP00000200181	ITGB4	1483	PHRVLSTSSTL		psite	NA
ENSP00000200181	ITGB4	1806	VSRTLTTSGTL		psite	NA
ENSP00000200181	ITGB4	1358	VLRSPSGSQRP		psite	NA
ENSP00000260363	KIF23	684	TQRSVSPSPVP		hprd;pelm;psite	NA
ENSP00000260363	KIF23	716	HRRSNSCSSIS		pelm;psite	NA
ENSP00000260363	KIF23	912	RKRRSSTVAPA		hprd;pelm;psite	NA
ENSP00000375810	KLC3	431	LRRSSSLSKIR		psite	NA
ENSP00000375810	KLC3	495	APRTLSASTQD		hprd;pelm;psite	NA
ENSP00000262186	KCNH2	283	SVRRASSADDI	PRKACA	hprd;pelm;psite	NA
ENSP00000262186	KCNH2	895	SFRRRTDKDTE	PRKACA	psite	NA
ENSP00000262186	KCNH2	1137	PTRRLSLPGQL	PRKACA	hprd;pelm;psite	NA
ENSP00000355884	MARK1	423	KQRRFSDHAGP		hprd;psite	NA
ENSP00000355884	MARK1	504	MARRNTYVCER		psite	NA
ENSP00000411397	MARK3	419	KQRRYSDHAGP		hprd;pelm;psite	NA
ENSP00000411397	MARK3	507	MTRRNTYVCSE	PRKACA	pelm;psite	NA
ENSP00000300843	MARK4	423	RQRRHSDFCGP		psite	NA
ENSP00000300843	MARK4	511	MTRRNTYVCTE		psite	NA
ENSP00000300651	MED1	671	LERQNSSSGSP		psite	NA
ENSP00000300651	MED1	1051	AGRSQTPPGVA		hprd;pelm;psite	NA
ENSP00000354558	MTOR	2446	RSRTRTDSYSA	AKT1;RPS6KB1	hprd;pelm;psite	NA
ENSP00000354558	MTOR	2448	RTRTDSYSAGQ	AKT1;RPS6KB1	hprd;pelm;psite	NA
ENSP00000383199	NEDD4L	340	SSRLRSCSVTD		psite	NA
ENSP00000383199	NEDD4L	446	IRRPRSLSSPT		hprd;pelm;psite	NA
ENSP00000383199	NEDD4L	448	RPRSLSSPTVT	PRKACA;SGK1	hprd;pelm;psite	NA
ENSP00000363921	PARD3	144	HVRRSSDPALI	MARK2	hprd;pelm;psite	NA
ENSP00000363921	PARD3	715	RERRISHSLYS		hprd;pelm;psite	NA
ENSP00000282077	PDK1	346	RPRVETSRAVP		psite	NA
ENSP00000384534	INPP5J	518	SKRHRSRSPGL		psite	NA
ENSP00000384534	INPP5J	542	ERRGASRSPSP		psite	NA
ENSP00000263967	PIK3CA	312	YSRRISTATPY		psite	NA
ENSP00000247970	PIN1	71	QSRRPSSWRQE		psite	NA
ENSP00000291281	PRKD2	197	RKRRLSSTSLA		hprd;pelm;psite	NA
ENSP00000291281	PRKD2	198	KRRLSSTSLAS		hprd;pelm;psite	NA
ENSP00000291281	PRKD2	236	PRRPPSSSSSS		hprd;psite	NA
ENSP00000291281	PRKD2	529	PHRQASLSISV		psite	NA
ENSP00000341698	AKT1S1	246	RPRLNTSDFQK	AKT1;DYRK3	hprd;pelm;psite	NA
ENSP00000292055	SIK3	411	SMRRHTVGVAD		psite	NA
ENSP00000292055	SIK3	493	LGRRASDGGAN		psite	NA
ENSP00000292055	SIK3	568	PVRRFSDGAAS		hprd;psite	NA
ENSP00000251849	RAF1	43	YQRRASDDGKL	PRKACA;PRKCA	hprd;pelm;psite	NA
ENSP00000251849	RAF1	257	SQRQRSTSTPN		hprd;pelm;psite	NA
ENSP00000251849	RAF1	259	RQRSTSTPNVH	AKT1;PRKACA;RAF1	hprd;pelm;psite	NA
ENSP00000251849	RAF1	285	AIRSHSESASP		psite	NA
ENSP00000251849	RAF1	357	STRIGSGSFGT		psite	NA
ENSP00000251849	RAF1	621	INRSASEPSLH	PRKACA;RAF1	hprd;pelm;psite	NA
ENSP00000307272	RPTOR	719	TPRLRSVSSYG	RPS6KA1	hprd;pelm;psite	NA
ENSP00000307272	RPTOR	792	MRRASSYSSLN	PRKAA1	pelm;psite	NA
ENSP00000282884	RASSF8	90	SERPTSDSVAR		psite	NA
ENSP00000201979	REM1	18	LHRRASTPLPL		psite	NA
ENSP00000349824	REPS2	461	RPRSRSYSSTS		psite	NA
ENSP00000264839	RIMS1	500	MLRNDSLSSDQ		psite	NA
ENSP00000296474	MST1R	1394	RPRPLSEPPRP	AKT1	pelm;psite	NA
ENSP00000383411	SAMSN1	34	RFRNNSLSKPD		hprd;psite	NA
ENSP00000270162	SIK1	435	RPRPVSPSSLL		psite	NA
ENSP00000270162	SIK1	473	TGRRHTLAEVS		psite	NA
ENSP00000270162	SIK1	575	EGRRASDTSLT		psite	NA
ENSP00000298552	TSC1	1100	LFRNKSESQCD		psite	NA
ENSP00000219476	TSC2	540	MARSLSPPPEL	MAPK1	hprd;pelm;psite	NA
ENSP00000219476	TSC2	937	SFRARSTSLNE		psite	NA
ENSP00000219476	TSC2	981	RCRSISVSEHV	AKT1	hprd;pelm;psite	NA
ENSP00000219476	TSC2	1130	RDRVRSMSGGH		hprd;psite	NA
ENSP00000219476	TSC2	1338	YSRSSSVSSQE		hprd;pelm;psite	NA
ENSP00000219476	TSC2	1462	RPRGYTISDSA	AKT1	hprd;pelm;psite	NA
ENSP00000248673	ZFP36	197	SGRRTSPPPPG		pelm;psite	NA
ENSP00000248673	ZFP36	257	SCRRATPISVW		psite	NA
ENSP00000354877	ULK2	148	NRRKSSVSGIR		psite	NA
ENSP00000285199	USP43	844	RRRPRSTSQSI		psite	NA
ENSP00000285199	USP43	846	RPRSTSQSIVS		hprd;pelm;psite	NA
ENSP00000335434	WDR20	358	SKRNSTDSRPV		psite	NA
ENSP00000335434	WDR20	434	LPRSNSLPHSA		hprd;pelm;psite	NA
ENSP00000250018	TPH1	58	SKRRNSEFEIF	PRKACA	hprd;pelm	NA
ENSP00000262367	CREBBP	1771	ESRRLSIQRCI		hprd	NA
ENSP00000344220	PDPK1	33	MVRTQTESSTP	PDPK1	hprd	NA
ENSP00000363921	PARD3	1176	EDRRRTYSFEQ		hprd	NA
ENSP00000355884	MARK1	648	HARRGTSTGII		hprd	NA
