name	YWHAZ
id	ENSP00000309503
type	14-3-3 protein
proline+1_removed	
npartners	296
npartners_with_sites	256
nsites	73
//
motif	score	fg_matches	fg_size	bg_matches	bg_size	fold_increase
R.R..[ST]...G.	922.96	11	3579	0	9383	Inf
..RS.[ST].P...	922.96	24	3568	0	9383	Inf
..R..[ST].S..N	922.96	12	3544	0	9383	Inf
..RRN[ST].....	922.96	10	3343	0	9275	Inf
.KRS.[ST].....	630.48	10	3510	0	9380	Inf
//
prot_id	prot_name	position	flank	kinase	source	string_score
ENSP00000361423	ABL1	639	PKRSSSFREMD		hprd;psite	NA
ENSP00000361423	ABL1	754	EWRSVTLPRDL	CLK1;CLK4;MAP3K8;STK3;STK4;TTK	hprd;pelm;psite	NA
ENSP00000354718	AKAP13	2567	LTRSLSRPSSL		hprd;pelm;psite	NA
ENSP00000371734	KANK1	323	GVRKRSYSAGN		hprd;pelm;psite	NA
ENSP00000371734	KANK1	325	RKRSYSAGNAS		hprd;pelm;psite	NA
ENSP00000366244	ARAF	212	LQRIRSTSTPN		hprd;pelm;psite	NA
ENSP00000366244	ARAF	214	RIRSTSTPNVH		hprd;pelm;psite	NA
ENSP00000366244	ARAF	582	IERSASEPSLH		hprd;pelm;psite	NA
ENSP00000366863	TBC1D4	568	AKRSLTSSLEN		hprd;pelm;psite	NA
ENSP00000351908	MAP3K5	83	RGRGSSVGGGS	AKT1;AKT2;PIM1	hprd;pelm;psite	NA
ENSP00000351908	MAP3K5	966	YLRSISLPVPV	MAP3K5;PDPK1	hprd;pelm;psite	NA
ENSP00000309103	BAD	75	RSRHSSYPAGT	ARAF;BRAF;PAK1;PIM3;PRKACA;PRKCE;PRKCI;PRKCQ;PRKD1;RAF1;RPS6KA1;RPS6KA3	hprd;pelm;psite	NA
ENSP00000309103	BAD	99	RGRSRSAPPNL	AKT1;ARAF;BRAF;PAK1;PRKACA;PRKCE;PRKCI;PRKCQ;PRKD1;RAF1;RPS6KA3	hprd;pelm;psite	NA
ENSP00000288602	BRAF	363	GQRDRSSSAPN		hprd;psite	NA
ENSP00000288602	BRAF	365	RDRSSSAPNVH	AKT1;AKT3	hprd;pelm;psite	NA
ENSP00000288602	BRAF	729	IHRSASEPSLN		hprd;pelm;psite	NA
ENSP00000337386	ZFP36L1	90	RFRDRSFSEGG		psite	NA
ENSP00000303706	CDC25A	124	LKRSHSDSLDH	CHEK1;CHEK2	hprd;pelm;psite	NA
ENSP00000245960	CDC25B	323	LFRSPSMPCSV	MAPKAPK2;MELK	pelm;psite	NA
ENSP00000245960	CDC25B	355	RRRSVTPPEEQ	RPS6KA1	hprd;pelm;psite	NA
ENSP00000321656	CDC25C	216	LYRSPSMPENL	BRSK1;CHEK1;CHEK2;MAPK14;MAPKAPK2;MARK3	hprd;pelm;psite	NA
ENSP00000405798	CDK16	486	SLRSSSMPDSG		hprd;pelm;psite	NA
ENSP00000371308	CENPJ	859	SRRSRSPPTSE		hprd;psite	NA
ENSP00000371308	CENPJ	1109	PRRSKSAPPRD		hprd;psite	NA
ENSP00000337439	DACT1	237	VCRSLSTPQFN	PRKACA	psite	NA
ENSP00000340742	DOCK7	439	SERRNSSIVGR		psite	NA
ENSP00000340742	DOCK7	896	LNRSRSLSNSN		hprd;pelm;psite	NA
ENSP00000368880	FOXO1	24	RPRSCTWPLPR	AKT1	hprd;pelm;psite	NA
ENSP00000339527	FOXO3	32	RPRSCTWPLQR	AKT1;PIM1;SGK1	hprd;pelm;psite	NA
ENSP00000339527	FOXO3	413	MQRSSSFPYTT	PRKAA2	psite	NA
ENSP00000339527	FOXO3	551	GSRALSNSVSN		psite	NA
ENSP00000363377	FOXO4	32	RPRSCTWPLPR	AKT1;AKT2	hprd;pelm;psite	NA
ENSP00000304895	IRS1	270	RPRSKSQSSSN	ATR;IKBKB;RPS6KB1	hprd;pelm;psite	NA
ENSP00000304895	IRS1	330	RVRASSDGEGT	CSNK2B	hprd;psite	NA
ENSP00000304895	IRS1	1143	VKRHSSASFEN		hprd;psite	NA
ENSP00000365016	IRS2	306	RPRSKSQSSGS		hprd;pelm;psite	NA
ENSP00000365016	IRS2	365	RVRTASEGDGG		hprd;pelm;psite	NA
ENSP00000365016	IRS2	1174	PKRHNSASVEN		hprd;pelm;psite	NA
ENSP00000380227	ITGA4	1021	ENRRDSWSYIN	PRKACA	hprd;pelm;psite	NA
ENSP00000320821	KIF1C	1033	HPRRNSLDGGG		hprd;pelm;psite	NA
ENSP00000374443	LYST	2105	MLRSRSLPAFP		hprd;pelm;psite	NA
ENSP00000355884	MARK1	504	MARRNTYVCER		psite	NA
ENSP00000411397	MARK3	438	PKRSQTSTADS		psite	NA
ENSP00000411397	MARK3	507	MTRRNTYVCSE	PRKACA	pelm;psite	NA
ENSP00000300843	MARK4	423	RQRRHSDFCGP		psite	NA
ENSP00000300843	MARK4	440	PKRSPTSTGEA		psite	NA
ENSP00000300843	MARK4	511	MTRRNTYVCTE		psite	NA
ENSP00000347427	MINK1	187	VGRRNTFIGTP		hprd;pelm;psite	NA
ENSP00000348157	MLF1	34	MIRSFSEPFGR		psite	NA
ENSP00000354558	MTOR	2444	NKRSRTRTDSY		hprd;psite	NA
ENSP00000354558	MTOR	2448	RTRTDSYSAGQ	AKT1;RPS6KB1	hprd;pelm;psite	NA
ENSP00000261207	PPP1R12A	472	VTRSASSPRLS	NUAK1	psite	NA
ENSP00000379330	NFATC2	363	GERRNSAPESI		hprd;psite	NA
ENSP00000356047	PFKFB2	466	RMRRNSFTPLS	AKT1;PRKAA1;PRKAA2;PRKACA	hprd;pelm;psite	NA
ENSP00000306124	PRKCE	346	EDRSKSAPTSP	GSK3B	hprd;psite	NA
ENSP00000333568	PRKD1	249	EKRSNSQSYIG		hprd;pelm;psite	NA
ENSP00000333568	PRKD1	397	ANRTISPSTSN		hprd;pelm;psite	NA
ENSP00000216832	PNN	692	RKRSISESSRS		hprd;pelm;psite	NA
ENSP00000251849	RAF1	257	SQRQRSTSTPN		hprd;pelm;psite	NA
ENSP00000251849	RAF1	259	RQRSTSTPNVH	AKT1;PRKACA;RAF1	hprd;pelm;psite	NA
ENSP00000251849	RAF1	621	INRSASEPSLH	PRKACA;RAF1	hprd;pelm;psite	NA
ENSP00000254695	RAP1GAP2	9	RKRSVSFGGFG		hprd;psite	NA
ENSP00000307272	RPTOR	792	MRRASSYSSLN	PRKAA1	pelm;psite	NA
ENSP00000311430	RPL4	339	TMRRNTILRQA		psite	NA
ENSP00000299759	RRAD	214	RSREVSVDEGR	CSNK2A1;PRKCA	hprd;pelm;psite	NA
ENSP00000383411	SAMSN1	23	PKRSSSFGNFD		hprd;psite	NA
ENSP00000388731	SSFA2	739	LRRSQSLPTTL		hprd;pelm;psite	NA
ENSP00000315713	SSH1	978	LKRSHSLAKLG	PRKD1;PRKD2	pelm;psite	NA
ENSP00000353847	WWTR1	89	HVRSHSSPASL		hprd;psite	NA
ENSP00000219476	TSC2	540	MARSLSPPPEL	MAPK1	hprd;pelm;psite	NA
ENSP00000219476	TSC2	1130	RDRVRSMSGGH		hprd;psite	NA
ENSP00000219476	TSC2	1132	RVRSMSGGHGL		hprd;pelm;psite	NA
ENSP00000250018	TPH1	58	SKRRNSEFEIF	PRKACA	hprd;pelm	NA
