name	YWHAQ
id	ENSP00000238081
type	14-3-3 protein
proline+1_removed	
npartners	277
npartners_with_sites	246
nsites	144
//
motif	score	fg_matches	fg_size	bg_matches	bg_size	fold_increase
RPR..[ST].....	624.26	17	3186	1	9383	50.07
..RS.[ST].P...	623.12	15	3085	0	9362	Inf
.....[ST]PK..K	622.98	12	3841	0	10000	Inf
..RR.[ST].....	615.31	62	3169	17	9382	10.8
R.R..[ST].S...	325.01	22	3107	3	9365	22.1
//
prot_id	prot_name	position	flank	kinase	source	string_score
ENSP00000300161	YWHAB	60	GARRSSWRVIS	PRKCD	hprd;pelm;psite	NA
ENSP00000248975	YWHAH	59	GARRSSWRVIS		pelm;psite	NA
ENSP00000306330	YWHAG	59	GARRSSWRVIS	LATS2	psite	NA
ENSP00000309503	YWHAZ	58	GARRSSWRVVS	AKT1;MAPKAPK2;PRKACA	hprd;pelm;psite	NA
ENSP00000361423	ABL1	754	EWRSVTLPRDL	CLK1;CLK4;MAP3K8;STK3;STK4;TTK	hprd;pelm;psite	NA
ENSP00000361423	ABL1	16	DQRRPSLPALH		psite	NA
ENSP00000265727	ADAM22	834	RPRSNSWQGNL		hprd;psite	NA
ENSP00000265727	ADAM22	855	RFRPRSNSTET		psite	NA
ENSP00000265727	ADAM22	857	RPRSNSTETLS		psite	NA
ENSP00000270202	AKT1	72	RPRPNTFIIRC	AKT1	psite	NA
ENSP00000371734	KANK1	186	RPRLASFGGMG		psite	NA
ENSP00000315325	ARHGEF2	858	DPRRRSLPAGD	MARK2;PAK1;PAK4	hprd;psite	NA
ENSP00000366863	TBC1D4	66	EIRRRSQKPEA		psite	NA
ENSP00000366863	TBC1D4	642	RRRAHTFSHPP	AKT1	pelm;psite	NA
ENSP00000351908	MAP3K5	966	YLRSISLPVPV	MAP3K5;PDPK1	hprd;pelm;psite	NA
ENSP00000262030	ATP5B	21	ALRRLTPSASL		hprd;psite	NA
ENSP00000309103	BAD	99	RGRSRSAPPNL	AKT1;ARAF;BRAF;PAK1;PRKACA;PRKCE;PRKCI;PRKCQ;PRKD1;RAF1;RPS6KA3	hprd;pelm;psite	NA
ENSP00000309103	BAD	118	ELRRMSDEFVD	ARAF;BRAF;PAK1;PRKACA;PRKCE;PRKCI;PRKD1;RAF1;RPS6KA1	hprd;pelm;psite	NA
ENSP00000303507	BCR	698	TPRRQSMTVKK		psite	NA
ENSP00000288602	BRAF	365	RDRSSSAPNVH	AKT1;AKT3	hprd;pelm;psite	NA
ENSP00000288602	BRAF	429	RERKSSSSSED	AKT1;AKT3	hprd;pelm;psite	NA
ENSP00000288602	BRAF	446	LGRRDSSDDWE	PAK1	hprd;pelm;psite	NA
ENSP00000288602	BRAF	729	IHRSASEPSLN		hprd;pelm;psite	NA
ENSP00000263119	CABIN1	1927	GDTPTTPKHPK		psite	NA
ENSP00000301280	CHAF1A	722	AQEEQTPKASK		hprd;psite	NA
ENSP00000265872	CCAR1	329	RERRRSRERSP		pelm;psite	NA
ENSP00000265872	CCAR1	832	PKRRKSGDDKD		psite	NA
ENSP00000303706	CDC25A	293	TKRRKSMSGAS	CHEK1;CHEK2;RPS6KA1	hprd;pelm;psite	NA
ENSP00000245960	CDC25B	178	DGRRKSEAGSG		psite	NA
ENSP00000245960	CDC25B	323	LFRSPSMPCSV	MAPKAPK2;MELK	pelm;psite	NA
ENSP00000245960	CDC25B	353	NKRRRSVTPPE	AURKA;MAPKAPK2;RPS6KA1	hprd;pelm;psite	NA
ENSP00000245960	CDC25B	355	RRRSVTPPEEQ	RPS6KA1	hprd;pelm;psite	NA
ENSP00000321656	CDC25C	216	LYRSPSMPENL	BRSK1;CHEK1;CHEK2;MAPK14;MAPKAPK2;MARK3	hprd;pelm;psite	NA
ENSP00000265741	CDK14	101	KVRRHSSPSSP		hprd;psite	NA
ENSP00000265741	CDK14	108	PSSPTSPKFGK		hprd;psite	NA
ENSP00000405798	CDK16	159	RLRRVSLSEIG	PRKACA	hprd;pelm;psite	NA
ENSP00000405798	CDK16	486	SLRSSSMPDSG		hprd;pelm;psite	NA
ENSP00000344456	CTNNB1	552	TQRRTSMGGTQ	AKT1;AKT2;CAMK2A;PRKACA	hprd;pelm;psite	NA
ENSP00000337439	DACT1	237	VCRSLSTPQFN	PRKACA	psite	NA
ENSP00000286234	DEPTOR	280	AVRRSSMSSCG		psite	NA
ENSP00000313420	PRKDC	687	YFEGVSPKSLK		psite	NA
ENSP00000275493	EGFR	752	LREATSPKANK		psite	NA
ENSP00000341138	EPB41L3	420	QTRRASALIDR		hprd;psite	NA
ENSP00000206249	ESR1	236	KNRRKSCQACR	PRKACA	pelm;psite	NA
ENSP00000343925	ESR2	200	KNRRKSCQACR		psite	NA
ENSP00000368880	FOXO1	24	RPRSCTWPLPR	AKT1	hprd;pelm;psite	NA
ENSP00000368880	FOXO1	319	RPRTSSNASTI	AKT1	hprd;pelm;psite	NA
ENSP00000339527	FOXO3	32	RPRSCTWPLQR	AKT1;PIM1;SGK1	hprd;pelm;psite	NA
ENSP00000339527	FOXO3	413	MQRSSSFPYTT	PRKAA2	psite	NA
ENSP00000363377	FOXO4	32	RPRSCTWPLPR	AKT1;AKT2	hprd;pelm;psite	NA
ENSP00000363377	FOXO4	262	RPRSSSNASSV	AKT1	hprd;pelm;psite	NA
ENSP00000329380	GP1BA	163	GLLTPTPKLEK		psite	NA
ENSP00000324806	GSK3B	9	RPRTTSFAESC	AKT1;AURKA;MAP4K5;PRKACA;PRKCA;PRKCB;PRKCD;PRKCG;PRKCH;RPS6KA1;RPS6KA3;RPS6KB1	hprd;pelm;psite	NA
ENSP00000339566	HIST1H1C	173	KKVAKSPKKAK		hprd;pelm;psite	NA
ENSP00000341214	HIST1H1T	143	SRDSKSPKTAK		psite	NA
ENSP00000289316	HIST1H2BD	37	RSRKESYSVYV		psite	NA
ENSP00000264606	HDAC4	266	AERRSSPLLRR		hprd;psite	NA
ENSP00000225983	HDAC5	280	AERRSSPLLRR	PRKACA	psite	NA
ENSP00000320821	KIF1C	1033	HPRRNSLDGGG		hprd;pelm;psite	NA
ENSP00000357283	LMNA	10	SQRRATRSGAQ		hprd;pelm;psite	NA
ENSP00000357283	LMNA	301	RIRIDSLSAQL		hprd;pelm;psite	NA
ENSP00000357283	LMNA	404	RGRASSHSSQT	PRKCA	hprd;pelm;psite	NA
ENSP00000374443	LYST	2105	MLRSRSLPAFP		hprd;pelm;psite	NA
ENSP00000355884	MARK1	423	KQRRFSDHAGP		hprd;psite	NA
ENSP00000355884	MARK1	504	MARRNTYVCER		psite	NA
ENSP00000417281	MDM2	192	RKRHKSDSISL	AKT1;DAPK3;PIM1	hprd;pelm;psite	NA
ENSP00000300651	MED1	1051	AGRSQTPPGVA		hprd;pelm;psite	NA
ENSP00000271555	MEF2D	121	KYRRASEELDG		hprd;pelm;psite	NA
ENSP00000354558	MTOR	2446	RSRTRTDSYSA	AKT1;RPS6KB1	hprd;pelm;psite	NA
ENSP00000354558	MTOR	2448	RTRTDSYSAGQ	AKT1;RPS6KB1	hprd;pelm;psite	NA
ENSP00000245503	MYH2	1288	RGRLQTESGEF		psite	NA
ENSP00000383199	NEDD4L	448	RPRSLSSPTVT	PRKACA;SGK1	hprd;pelm;psite	NA
ENSP00000379330	NFATC2	255	AKRRHSCAEAL		psite	NA
ENSP00000379330	NFATC2	363	GERRNSAPESI		hprd;psite	NA
ENSP00000388910	NFATC4	335	GKRRYSSSGTP		pelm;psite	NA
ENSP00000388910	NFATC4	352	LSRRGSLGEEG	RPS6KA3	hprd;psite	NA
ENSP00000388910	NFATC4	397	KTRRTSSEQAV		pelm;psite	NA
ENSP00000300659	NFATC3	277	GKRRHSSAEVC		psite	NA
ENSP00000296930	NPM1	234	KKQEKTPKTPK	CDK1;CDK2	hprd;pelm;psite	NA
ENSP00000244741	CDKN1A	145	RKRRQTSMTDF	AKT1;DAPK3;PIM1;PIM2;PRKCA	hprd;pelm;psite	NA
ENSP00000282096	PDE3B	73	QPRRCSPFCRA	PRKACA	psite	NA
ENSP00000282096	PDE3B	295	RPRRRSSCVSL	AKT1	hprd;psite	NA
ENSP00000282096	PDE3B	296	PRRRSSCVSLG	PRKACA	psite	NA
ENSP00000282096	PDE3B	318	IFRRPSLPCIS	PRKACA	hprd;pelm;psite	NA
ENSP00000282096	PDE3B	442	QLRRSSGTSGL	AKT1	hprd;pelm;psite	NA
ENSP00000282077	PDK1	346	RPRVETSRAVP		psite	NA
ENSP00000356047	PFKFB2	466	RMRRNSFTPLS	AKT1;PRKAA1;PRKAA2;PRKACA	hprd;pelm;psite	NA
ENSP00000356047	PFKFB2	483	RPRNYSVGSRP	AKT1	hprd;pelm;psite	NA
ENSP00000271657	PI4KB	523	IRRRLSEQLAH		hprd;pelm;psite	NA
ENSP00000247970	PIN1	71	QSRRPSSWRQE		psite	NA
ENSP00000306124	PRKCE	346	EDRSKSAPTSP	GSK3B	hprd;psite	NA
ENSP00000333568	PRKD1	205	RRRRLSNVSLT	PKD1;PRKD1	hprd;pelm;psite	NA
ENSP00000341698	AKT1S1	246	RPRLNTSDFQK	AKT1;DYRK3	hprd;pelm;psite	NA
ENSP00000326366	PSEN1	310	AQRRVSKNSKY	PRKACA	hprd;pelm;psite	NA
ENSP00000262193	PSMB1	68	IHTRDSPKCYK		psite	NA
ENSP00000292055	SIK3	411	SMRRHTVGVAD		psite	NA
ENSP00000292055	SIK3	493	LGRRASDGGAN		psite	NA
ENSP00000292055	SIK3	568	PVRRFSDGAAS		hprd;psite	NA
ENSP00000251849	RAF1	43	YQRRASDDGKL	PRKACA;PRKCA	hprd;pelm;psite	NA
ENSP00000251849	RAF1	259	RQRSTSTPNVH	AKT1;PRKACA;RAF1	hprd;pelm;psite	NA
ENSP00000251849	RAF1	621	INRSASEPSLH	PRKACA;RAF1	hprd;pelm;psite	NA
ENSP00000201979	REM1	18	LHRRASTPLPL		psite	NA
ENSP00000259406	RGS3	941	SLRRRTHSEGS		psite	NA
ENSP00000379156	MPRIP	378	LDRRSTEPSVT		psite	NA
ENSP00000296474	MST1R	1394	RPRPLSEPPRP	AKT1	pelm;psite	NA
ENSP00000311430	RPL4	339	TMRRNTILRQA		psite	NA
ENSP00000339095	RPS7	121	RPRSRTLTAVH		hprd;pelm;psite	NA
ENSP00000383411	SAMSN1	34	RFRNNSLSKPD		hprd;psite	NA
ENSP00000258962	SRSF1	209	RSRSRSRSRSR	SRPK1	psite	NA
ENSP00000258962	SRSF1	211	RSRSRSRSRSR	SRPK1	psite	NA
ENSP00000258962	SRSF1	213	RSRSRSRSRSR	SRPK1	psite	NA
ENSP00000258962	SRSF1	215	RSRSRSRSRSN	SRPK1	psite	NA
ENSP00000258962	SRSF1	217	RSRSRSRSNSR	SRPK1	psite	NA
ENSP00000258962	SRSF1	219	RSRSRSNSRSR	SRPK1	psite	NA
ENSP00000258962	SRSF1	221	RSRSNSRSRSY	SRPK1	psite	NA
ENSP00000362820	SRSF3	108	DYRRRSPPPRR		hprd;pelm;psite	NA
ENSP00000362820	SRSF3	120	SPRRRSFSRSR		psite	NA
ENSP00000362820	SRSF3	122	RRRSFSRSRSR		psite	NA
ENSP00000362820	SRSF3	128	RSRSRSLSRDR		hprd;psite	NA
ENSP00000362820	SRSF3	138	RRRERSLSRER		hprd;pelm;psite	NA
ENSP00000348685	SH3BP2	278	TPRRMSDPPLS		hprd;pelm;psite	NA
ENSP00000270162	SIK1	435	RPRPVSPSSLL		psite	NA
ENSP00000270162	SIK1	473	TGRRHTLAEVS		psite	NA
ENSP00000270162	SIK1	575	EGRRASDTSLT		psite	NA
ENSP00000365152	MYLK2	143	AARRGSPAFLH		psite	NA
ENSP00000350941	SRC	17	SQRRRSLEPAE	PRKACA	hprd;pelm;psite	NA
ENSP00000315713	SSH1	515	CFRRLSDPLLP		hprd;psite	NA
ENSP00000309572	TERT	227	RRRGGSASRSL	AKT1	hprd;pelm;psite	NA
ENSP00000219476	TSC2	540	MARSLSPPPEL	MAPK1	hprd;pelm;psite	NA
ENSP00000219476	TSC2	981	RCRSISVSEHV	AKT1	hprd;pelm;psite	NA
ENSP00000219476	TSC2	1130	RDRVRSMSGGH		hprd;psite	NA
ENSP00000219476	TSC2	1462	RPRGYTISDSA	AKT1	hprd;pelm;psite	NA
ENSP00000357292	UBQLN4	139	GSRRSSGGGPS		psite	NA
ENSP00000302239	USP8	718	LKRSYSSPDIT		hprd;pelm;psite	NA
ENSP00000245932	VASP	157	IERRVSNAGGP	PRKACA;PRKCA;PRKG1	hprd;pelm;psite	NA
ENSP00000246914	WNK4	47	RARRFSGKAEP		psite	NA
ENSP00000246914	WNK4	1190	RQRRLSKGSFP	SGK1	psite	NA
ENSP00000246914	WNK4	1201	TSRRNSLQRSE		psite	NA
ENSP00000246914	WNK4	1217	IMRRNSLSGSS		hprd;psite	NA
ENSP00000251038	ZC3H14	343	PERRPSLPPSK		psite	NA
ENSP00000364929	ING1	318	DGASGTPKEKK		hprd	NA
ENSP00000252172	MYH13	1706	RTRRLSEQELL		hprd	NA
ENSP00000244534	HIST1H1D	155	KSIKKTPKKVK		hprd	NA
ENSP00000355884	MARK1	648	HARRGTSTGII		hprd	NA
