name	YWHAB
id	ENSP00000300161
type	14-3-3 protein
proline+1_removed	
npartners	198
npartners_with_sites	176
nsites	79
//
motif	score	fg_matches	fg_size	bg_matches	bg_size	fold_increase
R.R..[ST]...G.	922.96	12	2378	0	9383	Inf
R.R.N[ST].....	922.96	10	2366	0	9383	Inf
..RS.[ST].P...	922.96	21	2298	0	9365	Inf
..R..[ST].S..N	922.96	10	2256	0	9361	Inf
R.RS.[ST].....	623.16	21	2277	4	9365	21.59
//
prot_id	prot_name	position	flank	kinase	source	string_score
ENSP00000361423	ABL1	754	EWRSVTLPRDL	CLK1;CLK4;MAP3K8;STK3;STK4;TTK	hprd;pelm;psite	NA
ENSP00000265727	ADAM22	834	RPRSNSWQGNL		hprd;psite	NA
ENSP00000265727	ADAM22	857	RPRSNSTETLS		psite	NA
ENSP00000354718	AKAP13	2567	LTRSLSRPSSL		hprd;pelm;psite	NA
ENSP00000270202	AKT1	72	RPRPNTFIIRC	AKT1	psite	NA
ENSP00000371734	KANK1	323	GVRKRSYSAGN		hprd;pelm;psite	NA
ENSP00000371734	KANK1	325	RKRSYSAGNAS		hprd;pelm;psite	NA
ENSP00000366863	TBC1D4	568	AKRSLTSSLEN		hprd;pelm;psite	NA
ENSP00000351908	MAP3K5	83	RGRGSSVGGGS	AKT1;AKT2;PIM1	hprd;pelm;psite	NA
ENSP00000351908	MAP3K5	966	YLRSISLPVPV	MAP3K5;PDPK1	hprd;pelm;psite	NA
ENSP00000309103	BAD	75	RSRHSSYPAGT	ARAF;BRAF;PAK1;PIM3;PRKACA;PRKCE;PRKCI;PRKCQ;PRKD1;RAF1;RPS6KA1;RPS6KA3	hprd;pelm;psite	NA
ENSP00000309103	BAD	99	RGRSRSAPPNL	AKT1;ARAF;BRAF;PAK1;PRKACA;PRKCE;PRKCI;PRKCQ;PRKD1;RAF1;RPS6KA3	hprd;pelm;psite	NA
ENSP00000288602	BRAF	363	GQRDRSSSAPN		hprd;psite	NA
ENSP00000288602	BRAF	365	RDRSSSAPNVH	AKT1;AKT3	hprd;pelm;psite	NA
ENSP00000288602	BRAF	729	IHRSASEPSLN		hprd;pelm;psite	NA
ENSP00000337386	ZFP36L1	90	RFRDRSFSEGG		psite	NA
ENSP00000337386	ZFP36L1	92	RDRSFSEGGER	AKT1;MAPKAPK2	pelm;psite	NA
ENSP00000310697	BRSK2	481	RARLNSIKNSF		psite	NA
ENSP00000269397	CBX4	415	RKRCLSETHGE		hprd;psite	NA
ENSP00000245960	CDC25B	323	LFRSPSMPCSV	MAPKAPK2;MELK	pelm;psite	NA
ENSP00000245960	CDC25B	355	RRRSVTPPEEQ	RPS6KA1	hprd;pelm;psite	NA
ENSP00000321656	CDC25C	216	LYRSPSMPENL	BRSK1;CHEK1;CHEK2;MAPK14;MAPKAPK2;MARK3	hprd;pelm;psite	NA
ENSP00000337439	DACT1	237	VCRSLSTPQFN	PRKACA	psite	NA
ENSP00000260385	RMDN3	46	HGRSQSLPNSL		hprd;pelm;psite	NA
ENSP00000260385	RMDN3	151	RERSDSTGSSS		psite	NA
ENSP00000368880	FOXO1	24	RPRSCTWPLPR	AKT1	hprd;pelm;psite	NA
ENSP00000339527	FOXO3	32	RPRSCTWPLQR	AKT1;PIM1;SGK1	hprd;pelm;psite	NA
ENSP00000339527	FOXO3	315	RSRTNSNASTV	SGK1	hprd;pelm;psite	NA
ENSP00000339527	FOXO3	413	MQRSSSFPYTT	PRKAA2	psite	NA
ENSP00000339527	FOXO3	551	GSRALSNSVSN		psite	NA
ENSP00000363377	FOXO4	32	RPRSCTWPLPR	AKT1;AKT2	hprd;pelm;psite	NA
ENSP00000363377	FOXO4	262	RPRSSSNASSV	AKT1	hprd;pelm;psite	NA
ENSP00000304895	IRS1	270	RPRSKSQSSSN	ATR;IKBKB;RPS6KB1	hprd;pelm;psite	NA
ENSP00000304895	IRS1	330	RVRASSDGEGT	CSNK2B	hprd;psite	NA
ENSP00000304895	IRS1	1143	VKRHSSASFEN		hprd;psite	NA
ENSP00000365016	IRS2	306	RPRSKSQSSGS		hprd;pelm;psite	NA
ENSP00000365016	IRS2	365	RVRTASEGDGG		hprd;pelm;psite	NA
ENSP00000365016	IRS2	1174	PKRHNSASVEN		hprd;pelm;psite	NA
ENSP00000256707	KIDINS220	1359	TRRTPSLSSLN		hprd;psite	NA
ENSP00000253339	LATS1	246	QVRSVTPPPPP		hprd;pelm;psite	NA
ENSP00000374443	LYST	2105	MLRSRSLPAFP		hprd;pelm;psite	NA
ENSP00000300843	MARK4	423	RQRRHSDFCGP		psite	NA
ENSP00000354927	MAP3K3	197	RSRHLSVSSQN	PRKACA	hprd;pelm;psite	NA
ENSP00000347427	MINK1	701	RPRSNSAWQIY		hprd;pelm;psite	NA
ENSP00000354558	MTOR	2448	RTRTDSYSAGQ	AKT1;RPS6KB1	hprd;pelm;psite	NA
ENSP00000383199	NEDD4L	342	RLRSCSVTDAV	PRKACA;SGK1	hprd;pelm;psite	NA
ENSP00000383199	NEDD4L	367	RARSSTVTGGE	PRKACA;SGK1	pelm;psite	NA
ENSP00000383199	NEDD4L	448	RPRSLSSPTVT	PRKACA;SGK1	hprd;pelm;psite	NA
ENSP00000275732	GIGYF1	638	MSRSLSVPDSG		hprd;pelm;psite	NA
ENSP00000306124	PRKCE	346	EDRSKSAPTSP	GSK3B	hprd;psite	NA
ENSP00000333568	PRKD1	397	ANRTISPSTSN		hprd;pelm;psite	NA
ENSP00000341698	AKT1S1	246	RPRLNTSDFQK	AKT1;DYRK3	hprd;pelm;psite	NA
ENSP00000251849	RAF1	257	SQRQRSTSTPN		hprd;pelm;psite	NA
ENSP00000251849	RAF1	259	RQRSTSTPNVH	AKT1;PRKACA;RAF1	hprd;pelm;psite	NA
ENSP00000251849	RAF1	621	INRSASEPSLH	PRKACA;RAF1	hprd;pelm;psite	NA
ENSP00000363897	RAP1GAP	441	RSRSQSMDAMG		psite	NA
ENSP00000254695	RAP1GAP2	9	RKRSVSFGGFG		hprd;psite	NA
ENSP00000254695	RAP1GAP2	507	RVRSHSMETMV		psite	NA
ENSP00000307272	RPTOR	721	RLRSVSSYGNI	RPS6KA1	psite	NA
ENSP00000307272	RPTOR	792	MRRASSYSSLN	PRKAA1	pelm;psite	NA
ENSP00000349824	REPS2	461	RPRSRSYSSTS		psite	NA
ENSP00000349824	REPS2	463	RSRSYSSTSIE	CDK1	psite	NA
ENSP00000383411	SAMSN1	34	RFRNNSLSKPD		hprd;psite	NA
ENSP00000362820	SRSF3	122	RRRSFSRSRSR		psite	NA
ENSP00000362820	SRSF3	128	RSRSRSLSRDR		hprd;psite	NA
ENSP00000362820	SRSF3	130	RSRSLSRDRRR		hprd;psite	NA
ENSP00000362820	SRSF3	140	RERSLSRERNH		hprd;pelm;psite	NA
ENSP00000387170	GIGYF2	297	RVRSGSGSIDD		psite	NA
ENSP00000387170	GIGYF2	1054	RARNNTHSNLH		psite	NA
ENSP00000219476	TSC2	540	MARSLSPPPEL	MAPK1	hprd;pelm;psite	NA
ENSP00000219476	TSC2	939	RARSTSLNERP	AKT1	hprd;pelm;psite	NA
ENSP00000219476	TSC2	981	RCRSISVSEHV	AKT1	hprd;pelm;psite	NA
ENSP00000219476	TSC2	1130	RDRVRSMSGGH		hprd;psite	NA
ENSP00000219476	TSC2	1132	RVRSMSGGHGL		hprd;pelm;psite	NA
ENSP00000285199	USP43	846	RPRSTSQSIVS		hprd;pelm;psite	NA
ENSP00000335434	WDR20	347	RDRANSTQSRL		psite	NA
ENSP00000335434	WDR20	434	LPRSNSLPHSA		hprd;pelm;psite	NA
ENSP00000402084	WEE1	69	PARSPTEPGPE		psite	NA
ENSP00000340494	ZNF395	449	RSRSLSFSEPQ		psite	NA
