name	YWHAE
id	ENSP00000264335
type	14-3-3 protein
proline+1_removed	
npartners	254
npartners_with_sites	220
nsites	156
//
motif	score	fg_matches	fg_size	bg_matches	bg_size	fold_increase
..RS.[ST].P...	922.96	22	3364	0	9943	Inf
..G..[ST]PP...	630.26	12	3549	0	10000	Inf
R.R..[ST]..S..	627.62	14	2663	0	9313	Inf
..RR.[ST].....	615.31	76	2739	18	9331	14.38
...P.[ST]PP...	329.53	19	3537	1	10000	53.72
//
prot_id	prot_name	position	flank	kinase	source	string_score
ENSP00000300161	YWHAB	60	GARRSSWRVIS	PRKCD	hprd;pelm;psite	NA
ENSP00000248975	YWHAH	59	GARRSSWRVIS		pelm;psite	NA
ENSP00000306330	YWHAG	59	GARRSSWRVIS	LATS2	psite	NA
ENSP00000309503	YWHAZ	58	GARRSSWRVVS	AKT1;MAPKAPK2;PRKACA	hprd;pelm;psite	NA
ENSP00000361423	ABL1	754	EWRSVTLPRDL	CLK1;CLK4;MAP3K8;STK3;STK4;TTK	hprd;pelm;psite	NA
ENSP00000361423	ABL1	800	TRGTVTPPPRL		hprd;psite	NA
ENSP00000361423	ABL1	16	DQRRPSLPALH		psite	NA
ENSP00000354718	AKAP13	1565	PFRRHSWGPGK	PRKACA	hprd;pelm;psite	NA
ENSP00000354718	AKAP13	2567	LTRSLSRPSSL		hprd;pelm;psite	NA
ENSP00000264448	ALMS1	92	ILPPLSPPQHR		psite	NA
ENSP00000284776	SORBS2	259	RKRRKSEPAVG		hprd;psite	NA
ENSP00000284776	SORBS2	550	PKRRFSIEYLL		psite	NA
ENSP00000315325	ARHGEF2	159	RNRTLSVESLI		psite	NA
ENSP00000315325	ARHGEF2	858	DPRRRSLPAGD	MARK2;PAK1;PAK4	hprd;psite	NA
ENSP00000366863	TBC1D4	66	EIRRRSQKPEA		psite	NA
ENSP00000366863	TBC1D4	341	RRRHASAPSHV		hprd;pelm;psite	NA
ENSP00000366863	TBC1D4	588	RGRLGSVDSFE	CHEK1	hprd;pelm;psite	NA
ENSP00000366863	TBC1D4	613	DSPPGTPPASP		psite	NA
ENSP00000366863	TBC1D4	617	GTPPASPPSSA		psite	NA
ENSP00000366863	TBC1D4	751	RKRTSSTCSNE		hprd;pelm;psite	NA
ENSP00000351908	MAP3K5	966	YLRSISLPVPV	MAP3K5;PDPK1	hprd;pelm;psite	NA
ENSP00000244769	ATXN1	238	LITPGSPPPAQ		hprd;pelm;psite	NA
ENSP00000244769	ATXN1	775	RKRRWSAPESR	AKT1;PRKACA	hprd;pelm;psite	NA
ENSP00000309103	BAD	99	RGRSRSAPPNL	AKT1;ARAF;BRAF;PAK1;PRKACA;PRKCE;PRKCI;PRKCQ;PRKD1;RAF1;RPS6KA3	hprd;pelm;psite	NA
ENSP00000309103	BAD	118	ELRRMSDEFVD	ARAF;BRAF;PAK1;PRKACA;PRKCE;PRKCI;PRKD1;RAF1;RPS6KA1	hprd;pelm;psite	NA
ENSP00000303507	BCR	698	TPRRQSMTVKK		psite	NA
ENSP00000288602	BRAF	365	RDRSSSAPNVH	AKT1;AKT3	hprd;pelm;psite	NA
ENSP00000288602	BRAF	429	RERKSSSSSED	AKT1;AKT3	hprd;pelm;psite	NA
ENSP00000288602	BRAF	446	LGRRDSSDDWE	PAK1	hprd;pelm;psite	NA
ENSP00000288602	BRAF	729	IHRSASEPSLN		hprd;pelm;psite	NA
ENSP00000263377	BRD4	324	GQRRESSRPVK		psite	NA
ENSP00000303706	CDC25A	293	TKRRKSMSGAS	CHEK1;CHEK2;RPS6KA1	hprd;pelm;psite	NA
ENSP00000245960	CDC25B	178	DGRRKSEAGSG		psite	NA
ENSP00000245960	CDC25B	323	LFRSPSMPCSV	MAPKAPK2;MELK	pelm;psite	NA
ENSP00000245960	CDC25B	353	NKRRRSVTPPE	AURKA;MAPKAPK2;RPS6KA1	hprd;pelm;psite	NA
ENSP00000245960	CDC25B	355	RRRSVTPPEEQ	RPS6KA1	hprd;pelm;psite	NA
ENSP00000321656	CDC25C	216	LYRSPSMPENL	BRSK1;CHEK1;CHEK2;MAPK14;MAPKAPK2;MARK3	hprd;pelm;psite	NA
ENSP00000265741	CDK14	101	KVRRHSSPSSP		hprd;psite	NA
ENSP00000405798	CDK16	159	RLRRVSLSEIG	PRKACA	hprd;pelm;psite	NA
ENSP00000405798	CDK16	486	SLRSSSMPDSG		hprd;pelm;psite	NA
ENSP00000371308	CENPJ	859	SRRSRSPPTSE		hprd;psite	NA
ENSP00000371308	CENPJ	1109	PRRSKSAPPRD		hprd;psite	NA
ENSP00000257287	CEP135	1121	RHGLATPPLSS		hprd;psite	NA
ENSP00000317902	CEP57	55	LRRSPSKPTLA		psite	NA
ENSP00000263710	CLASP1	646	RTRRQSSGSAT		hprd;pelm;psite	NA
ENSP00000344456	CTNNB1	552	TQRRTSMGGTQ	AKT1;AKT2;CAMK2A;PRKACA	hprd;pelm;psite	NA
ENSP00000337439	DACT1	237	VCRSLSTPQFN	PRKACA	psite	NA
ENSP00000286234	DEPTOR	280	AVRRSSMSSCG		psite	NA
ENSP00000355596	DISC1	50	YMRSSTGPGIG		psite	NA
ENSP00000281623	FBXO4	12	RSGTNSPPPPF	GSK3B	hprd;pelm;psite	NA
ENSP00000368880	FOXO1	24	RPRSCTWPLPR	AKT1	hprd;pelm;psite	NA
ENSP00000368880	FOXO1	319	RPRTSSNASTI	AKT1	hprd;pelm;psite	NA
ENSP00000339527	FOXO3	32	RPRSCTWPLQR	AKT1;PIM1;SGK1	hprd;pelm;psite	NA
ENSP00000339527	FOXO3	315	RSRTNSNASTV	SGK1	hprd;pelm;psite	NA
ENSP00000339527	FOXO3	413	MQRSSSFPYTT	PRKAA2	psite	NA
ENSP00000363377	FOXO4	32	RPRSCTWPLPR	AKT1;AKT2	hprd;pelm;psite	NA
ENSP00000363377	FOXO4	197	RRRAASMDSSS	AKT1	hprd;pelm;psite	NA
ENSP00000363377	FOXO4	262	RPRSSSNASSV	AKT1	hprd;pelm;psite	NA
ENSP00000228682	GLI1	544	LERRSSSSSSI	PRKACA	psite	NA
ENSP00000228682	GLI1	560	VSRRSSLASPF	PRKACA	psite	NA
ENSP00000228682	GLI1	640	VTRRASDPAQA	PRKACA	psite	NA
ENSP00000264606	HDAC4	266	AERRSSPLLRR		hprd;psite	NA
ENSP00000225983	HDAC5	235	SGPPGTPPSYK		psite	NA
ENSP00000225983	HDAC5	280	AERRSSPLLRR	PRKACA	psite	NA
ENSP00000225983	HDAC5	672	PGGMKSPPDQP		psite	NA
ENSP00000408617	HDAC9	243	AERRSSPLLRR		psite	NA
ENSP00000325875	HSP90AB1	452	NRRRLSELLRY	AURKB	hprd;psite	NA
ENSP00000304895	IRS1	270	RPRSKSQSSSN	ATR;IKBKB;RPS6KB1	hprd;pelm;psite	NA
ENSP00000304895	IRS1	1100	CRRRHSSETFS		hprd;psite	NA
ENSP00000304895	IRS1	1223	STRRSSEDLSA		hprd;pelm;psite	NA
ENSP00000365016	IRS2	306	RPRSKSQSSGS		hprd;pelm;psite	NA
ENSP00000365016	IRS2	560	SYRRVSGDAAQ		hprd;pelm;psite	NA
ENSP00000365016	IRS2	1148	GRRRHSSETFS		hprd;pelm;psite	NA
ENSP00000320821	KIF1C	915	SARPPSPPLSS		hprd;psite	NA
ENSP00000320821	KIF1C	1033	HPRRNSLDGGG		hprd;pelm;psite	NA
ENSP00000262186	KCNH2	239	LVGPGSPPRSA		psite	NA
ENSP00000262186	KCNH2	283	SVRRASSADDI	PRKACA	hprd;pelm;psite	NA
ENSP00000262186	KCNH2	895	SFRRRTDKDTE	PRKACA	psite	NA
ENSP00000262186	KCNH2	1137	PTRRLSLPGQL	PRKACA	hprd;pelm;psite	NA
ENSP00000372035	LATS2	172	VTRRPSFEGTG	CHEK2	psite	NA
ENSP00000372035	LATS2	380	LARRDSLQKPG	AURKA;CHEK2	hprd;pelm;psite	NA
ENSP00000355884	MARK1	423	KQRRFSDHAGP		hprd;psite	NA
ENSP00000355884	MARK1	504	MARRNTYVCER		psite	NA
ENSP00000411397	MARK3	419	KQRRYSDHAGP		hprd;pelm;psite	NA
ENSP00000411397	MARK3	507	MTRRNTYVCSE	PRKACA	pelm;psite	NA
ENSP00000300843	MARK4	423	RQRRHSDFCGP		psite	NA
ENSP00000300843	MARK4	511	MTRRNTYVCTE		psite	NA
ENSP00000382423	MAP3K1	285	QSGRITPPRRA		psite	NA
ENSP00000343463	MAP3K2	331	IRRRGSDIDNP		hprd;pelm;psite	NA
ENSP00000354927	MAP3K3	197	RSRHLSVSSQN	PRKACA	hprd;pelm;psite	NA
ENSP00000354927	MAP3K3	207	NPGRSSPPPGY		hprd;psite	NA
ENSP00000354927	MAP3K3	368	RGRLRSADSEN	PRKACA	hprd;pelm;psite	NA
ENSP00000348157	MLF1	34	MIRSFSEPFGR		psite	NA
ENSP00000352834	MYO1C	736	EVRRQSLATKI		psite	NA
ENSP00000288235	MYO1E	736	ERRRNSINRNF		hprd;pelm;psite	NA
ENSP00000288235	MYO1E	935	PTRRNTTQNTG		psite	NA
ENSP00000406037	KAT8	42	SPGRVSPPTPA		hprd;psite	NA
ENSP00000268712	NCOR1	70	LRRRPSLLSEF	PRKACA;PRKCA	psite	NA
ENSP00000268712	NCOR1	88	QERRTSYEPFH		hprd;pelm;psite	NA
ENSP00000268712	NCOR1	224	PEKPVSPPPVE		hprd;pelm;psite	NA
ENSP00000268712	NCOR1	1450	RSRHTSVVSSG	AKT1	pelm;psite	NA
ENSP00000268712	NCOR1	1672	PGGTSTPPMDR		hprd;pelm;psite	NA
ENSP00000268712	NCOR1	2151	PYEPISPPQVP		hprd;pelm;psite	NA
ENSP00000226574	NFKB1	338	QLRRKSDLETS	PRKACA	hprd;pelm;psite	NA
ENSP00000345892	NDE1	306	GERRPSSTSVP	PRKACA	hprd;pelm;psite	NA
ENSP00000344314	OFD1	735	SSRRLSSTPLP		hprd;psite	NA
ENSP00000344314	OFD1	899	EERRQSNLQEV		psite	NA
ENSP00000228872	CDKN1B	157	RKRPATDDSST	AKT1;PIM1;SGK1	hprd;pelm;psite	NA
ENSP00000352572	PCNT	1653	LLRRESEVLDL		psite	NA
ENSP00000352572	PCNT	1814	QERRHSQALEA		hprd;psite	NA
ENSP00000352572	PCNT	3242	ARQPQSPPRTR		psite	NA
ENSP00000254722	SERPINF1	24	CQNPASPPEEG	CSNK2A1	psite	NA
ENSP00000247970	PIN1	71	QSRRPSSWRQE		psite	NA
ENSP00000265717	PRKAR2B	114	FTRRASVCAEA	PRKACA;PRKAR2B	hprd;pelm;psite	NA
ENSP00000300093	PLK1	137	LCRRRSLLELH	MAP3K8	pelm;psite	NA
ENSP00000270861	PLK4	591	TLRSITSPLVA		psite	NA
ENSP00000287820	PPARG	112	KVEPASPPYYS	CDK9;MAPK1;MAPK8	hprd;pelm;psite	NA
ENSP00000292055	SIK3	411	SMRRHTVGVAD		psite	NA
ENSP00000292055	SIK3	493	LGRRASDGGAN		psite	NA
ENSP00000292055	SIK3	568	PVRRFSDGAAS		hprd;psite	NA
ENSP00000292055	SIK3	673	RIQPSSPPPNH		psite	NA
ENSP00000251849	RAF1	43	YQRRASDDGKL	PRKACA;PRKCA	hprd;pelm;psite	NA
ENSP00000251849	RAF1	259	RQRSTSTPNVH	AKT1;PRKACA;RAF1	hprd;pelm;psite	NA
ENSP00000251849	RAF1	621	INRSASEPSLH	PRKACA;RAF1	hprd;pelm;psite	NA
ENSP00000405963	RASGRF1	927	KYRRMSLASAG	PRKACA	hprd;pelm;psite	NA
ENSP00000201979	REM1	18	LHRRASTPLPL		psite	NA
ENSP00000259406	RGS3	941	SLRRRTHSEGS		psite	NA
ENSP00000259406	RGS3	943	RRRTHSEGSLL		hprd;psite	NA
ENSP00000349959	RICTOR	1135	RIRTLTEPSVD	AKT1;RPS6KB1;RPS6KB2;SGK1	psite	NA
ENSP00000310406	RIN1	258	TSSPLSPPAVP		hprd;pelm;psite	NA
ENSP00000310406	RIN1	291	LLRRESSVGYR		psite	NA
ENSP00000270162	SIK1	435	RPRPVSPSSLL		psite	NA
ENSP00000270162	SIK1	473	TGRRHTLAEVS		psite	NA
ENSP00000270162	SIK1	575	EGRRASDTSLT		psite	NA
ENSP00000348551	NCOR2	67	QRRRPSLLSEF		hprd;psite	NA
ENSP00000348551	NCOR2	149	KLEPVSPPSPP		hprd;pelm;psite	NA
ENSP00000348551	NCOR2	152	PVSPPSPPHTD		hprd;pelm;psite	NA
ENSP00000348551	NCOR2	215	PEKPVSPPPIE		hprd;pelm;psite	NA
ENSP00000348551	NCOR2	2230	GIEPVSPPEGM		hprd;psite	NA
ENSP00000350941	SRC	17	SQRRRSLEPAE	PRKACA	hprd;pelm;psite	NA
ENSP00000263071	SCARF1	606	QSRRSSGELSS		hprd;pelm;psite	NA
ENSP00000353847	WWTR1	89	HVRSHSSPASL		hprd;psite	NA
ENSP00000329093	TPH2	104	SRRRSSEVEIF		psite	NA
ENSP00000298552	TSC1	357	VCGMTTPPTSP		psite	NA
ENSP00000219476	TSC2	540	MARSLSPPPEL	MAPK1	hprd;pelm;psite	NA
ENSP00000219476	TSC2	664	TSGPLSPPTGP	MAPK1;MAPK3	hprd;pelm;psite	NA
ENSP00000285199	USP43	1041	GQAPGSPPALR		hprd;pelm;psite	NA
ENSP00000302239	USP8	692	SAPPSTPPTHK		hprd;psite	NA
ENSP00000302239	USP8	718	LKRSYSSPDIT		hprd;pelm;psite	NA
ENSP00000384792	WDR62	33	RRGQSSPPPAP		hprd;pelm;psite	NA
ENSP00000384792	WDR62	46	CLRRRTRLSTA		hprd;pelm;psite	NA
ENSP00000384792	WDR62	1253	PLRRPSSVGEL		pelm;psite	NA
ENSP00000313059	WNK1	60	RRRRHTMDKDS	AKT1;RPS6KA5;SGK1	hprd;pelm;psite	NA
ENSP00000313059	WNK1	2128	RRRRPTKSKGS		psite	NA
ENSP00000313059	WNK1	2270	SGRRGSKGHMN		psite	NA
ENSP00000355884	MARK1	648	HARRGTSTGII		hprd	NA
