name	ZAP70
id	ENSP00000264972
type	Tyrosine kinase
proline+1_removed	No
npartners	119
npartners_with_sites	94
nsites	67
//
motif	score	fg_matches	fg_size	bg_matches	bg_size	fold_increase
.....Y..P..	7.24	63	559	544	10000	2.07
//
prot_id	prot_name	position	flank	kinase	source	string_score
ENSP00000361423	ABL1	134	WVPSNYITPVN	FYN;HCK;LYN	hprd;pelm;psite	626
ENSP00000361423	ABL1	147	EKHSWYHGPVS	FYN;HCK;LYN	psite	626
ENSP00000361423	ABL1	234	ITTLHYPAPKR	FYN;HCK;LYN	psite	626
ENSP00000259089	BLK	188	DEGGYYISPRI		psite	899
ENSP00000224337	BLNK	72	DFDSDYENPDE	SYK	pelm;psite	932
ENSP00000224337	BLNK	84	SDSEMYVMPAE	SYK	pelm;psite	932
ENSP00000224337	BLNK	96	NADDSYEPPPV	SYK	pelm;psite	932
ENSP00000224337	BLNK	178	EDEADYVVPVE	SYK	pelm;psite	932
ENSP00000224337	BLNK	189	DNDENYIHPTE	SYK	pelm;psite	932
ENSP00000380150	CARD11	489	PEDSKYFLPYH		psite	621
ENSP00000380150	CARD11	493	KYFLPYHPPQR		psite	621
ENSP00000264033	CBL	700	EEDTEYMTPSS	EGFR;FYN;INSR;LCK;SYK;YES1	hprd;pelm;psite	999
ENSP00000264033	CBL	774	NEDDGYDVPKP	EGFR;FYN;LCK;SRC;SYK;YES1	hprd;pelm;psite	999
ENSP00000264122	CBLB	665	LGSEEYDVPPR		psite	919
ENSP00000264122	CBLB	709	EDDDEYKIPSS		psite	919
ENSP00000324890	CD28	209	KHYQPYAPPRD	ITK	hprd;pelm;psite	583
ENSP00000342681	CD5	453	HVDNEYSQPPR	FYN;LCK	hprd;pelm;psite	756
ENSP00000300574	CRK	221	PEPGPYAQPSV	ABL1;ABL2;EGFR	hprd;pelm;psite	898
ENSP00000346300	CRKL	132	YVRTLYDFPGN		hprd;psite	466
ENSP00000346300	CRKL	198	RNSNSYGIPEP		hprd;pelm;psite	466
ENSP00000346300	CRKL	207	EPAHAYAQPQT	ABL1	hprd;pelm;psite	466
ENSP00000339186	GRAP2	324	LFPANYVAPMT		psite	903
ENSP00000339007	GRB2	209	MFPRNYVTPVN	EGFR;JAK2	hprd;pelm;psite	647
ENSP00000365012	HCK	209	DNGGFYISPRS	HCK	hprd;pelm;psite	902
ENSP00000354119	LAT	156	EDEDDYHNPGY	ZAP70	hprd;psite	992
ENSP00000337825	LCK	192	DNGGFYISPRI	SYK	hprd;pelm;psite	999
ENSP00000338983	MUC1	236	HTHGRYVPPSS	PDGFRB	pelm;psite	621
ENSP00000338983	MUC1	261	GSSLSYTNPAV	ABL1	hprd;pelm;psite	621
ENSP00000289153	PIK3CB	503	NKKQPYYYPPF		psite	842
ENSP00000289153	PIK3CB	504	KKQPYYYPPFD		psite	842
ENSP00000366563	PIK3CD	440	GERCLYMWPSV		pelm;psite	842
ENSP00000262741	PIK3R3	373	AEDLLYGKPDG		psite	800
ENSP00000263125	PRKCQ	545	CGTPDYIAPEI		psite	909
ENSP00000244007	PLCG1	186	LSQVNYRVPNM		psite	965
ENSP00000244007	PLCG1	959	SELVVYCRPVP		psite	965
ENSP00000244007	PLCG1	1254	SFESRYQQPFE	EGFR	hprd;pelm;psite	965
ENSP00000352336	PLCG2	759	DVSRMYVDPSE	BTK;FYN;LCK;LYN;SRC;SYK	hprd;pelm;psite	910
ENSP00000352336	PLCG2	936	SDLVVYCKPTS		psite	910
ENSP00000371432	PRLR	611	LGGLDYLDPAC		hprd;pelm;psite	621
ENSP00000352833	PTPN22	499	SAELNYSLPYD		psite	626
ENSP00000332816	PTK2B	699	ERNARYRTPKI		psite	619
ENSP00000332816	PTK2B	722	PSRPKYRPPPQ		psite	619
ENSP00000332816	PTK2B	756	TSPMEYPSPVN		hprd;psite	619
ENSP00000348685	SH3BP2	183	DEDDSYLEPDS	SYK	hprd;pelm;psite	983
ENSP00000366936	SHB	96	DFEDPYNGPGS		psite	619
ENSP00000366936	SHB	246	TIADDYSDPFD		hprd;pelm;psite	619
ENSP00000366936	SHB	268	GESAGYMEPYE		hprd;psite	619
ENSP00000366936	SHB	297	KGIQLYDTPYE		psite	619
ENSP00000366936	SHB	336	RPADEYDQPWE		hprd;psite	619
ENSP00000364995	SHC3	406	GSSDIYSTPEG		psite	800
ENSP00000262418	SLC4A1	21	LEQEEYEDPDI	LYN;SYK	hprd;pelm;psite	795
ENSP00000046794	LCP2	113	FEEDDYESPND	LCK;SYK;ZAP70	hprd;pelm;psite	992
ENSP00000046794	LCP2	128	EDDGDYESPNE	LCK;SYK;ZAP70	hprd;pelm;psite	992
ENSP00000046794	LCP2	145	EDDADYEPPPS	LCK;TXK;ZAP70	hprd;pelm;psite	992
ENSP00000384675	SOS1	618	LTYHMYADPNF		psite	623
ENSP00000364898	SYK	296	SRIKSYSFPKP		hprd;pelm;psite	902
ENSP00000364898	SYK	348	MDTEVYESPYA	SYK	hprd;pelm;psite	902
ENSP00000364898	SYK	352	VYESPYADPEE	SYK	hprd;pelm;psite	902
ENSP00000301071	TUBA1A	172	LEFSIYPAPQV		psite	619
ENSP00000301071	TUBA1A	357	KVGINYQPPTV		psite	619
ENSP00000336799	TUBA1B	172	LEFSIYPAPQV		psite	621
ENSP00000336799	TUBA1B	357	KVGINYQPPTV		psite	621
ENSP00000248437	TUBA4A	172	LEFSIYPAPQV		psite	619
ENSP00000248437	TUBA4A	357	KVGINYQPPTV		hprd;pelm;psite	619
ENSP00000324740	YES1	146	YIPSNYVAPAD		psite	899
ENSP00000264033	CBL	337	FREGFYLFPDG		pelm	999
ENSP00000380066	MAP4K1	232	MTKSGYQPPRL	ABL1	hprd	914
